{
  "combo": {
    "tap_num": 80,
    "regularization": 0.001,
    "coeff_total_bits": 16,
    "coeff_frac_bits": 12,
    "format": "Q4.12"
  },
  "source_run_dir": "D:\\桌面\\Rigol\\L1-08_sim\\data\\h1_full_combined_random_20260528_024408",
  "source_graph_dir": "D:\\桌面\\Rigol\\L1-08_sim\\results\\h1_full_combined_random_20260528_024408",
  "copied_data_dir": "D:\\桌面\\Rigol\\sweep_result\\h1_286476255_behavior_1813889189_qam_417471910\\tap080_reg1em03_q4_12\\data",
  "copied_graph_dir": "D:\\桌面\\Rigol\\sweep_result\\h1_286476255_behavior_1813889189_qam_417471910\\tap080_reg1em03_q4_12\\graph",
  "metrics": {
    "run_name": "h1_full_combined_random_20260528_024408",
    "h1_ripple_db": 0.7584381726751868,
    "float_dense_ripple_db": 0.15896871040331628,
    "float_dense_pass_0p1db": false,
    "max_abs_coeff": 0.33152313730063226,
    "fixed_saturation_count": 0,
    "fixed_dense_ripple_db": 0.1597687304381907,
    "fixed_dense_pass_0p1db": false,
    "behavior_float_ripple_db": 0.15140273162663437,
    "behavior_fixed_ripple_db": 0.1521797752057259,
    "behavior_fixed_pass_0p1db": false,
    "qam_float_magnitude_only_evm_percent": 0.3049368913709768,
    "qam_fixed_magnitude_only_evm_percent": 0.315150520094344
  }
}
