{
  "combo": {
    "tap_num": 80,
    "regularization": 0.0003,
    "coeff_total_bits": 16,
    "coeff_frac_bits": 13,
    "format": "Q3.13"
  },
  "source_run_dir": "D:\\桌面\\Rigol\\L1-08_sim\\data\\h1_full_combined_random_20260528_023709",
  "source_graph_dir": "D:\\桌面\\Rigol\\L1-08_sim\\results\\h1_full_combined_random_20260528_023709",
  "copied_data_dir": "D:\\桌面\\Rigol\\sweep_result\\h1_533121161_behavior_1688039438_qam_254967343\\tap080_reg3em04_q3_13\\data",
  "copied_graph_dir": "D:\\桌面\\Rigol\\sweep_result\\h1_533121161_behavior_1688039438_qam_254967343\\tap080_reg3em04_q3_13\\graph",
  "metrics": {
    "run_name": "h1_full_combined_random_20260528_023709",
    "h1_ripple_db": 0.44592536838376234,
    "float_dense_ripple_db": 0.07454714786408534,
    "float_dense_pass_0p1db": true,
    "max_abs_coeff": 0.8246428777375542,
    "fixed_saturation_count": 0,
    "fixed_dense_ripple_db": 0.07630268266615287,
    "fixed_dense_pass_0p1db": true,
    "behavior_float_ripple_db": 0.052296281585769905,
    "behavior_fixed_ripple_db": 0.05694954360846467,
    "behavior_fixed_pass_0p1db": true,
    "qam_float_magnitude_only_evm_percent": 0.18084340273235194,
    "qam_fixed_magnitude_only_evm_percent": 0.18546183901171925
  }
}
