{
  "combo": {
    "tap_num": 80,
    "regularization": 0.0001,
    "coeff_total_bits": 16,
    "coeff_frac_bits": 14,
    "format": "Q2.14"
  },
  "source_run_dir": "D:\\桌面\\Rigol\\L1-08_sim\\data\\h1_full_combined_random_20260528_024223",
  "source_graph_dir": "D:\\桌面\\Rigol\\L1-08_sim\\results\\h1_full_combined_random_20260528_024223",
  "copied_data_dir": "D:\\桌面\\Rigol\\sweep_result\\h1_286476255_behavior_1813889189_qam_417471910\\tap080_reg1em04_q2_14\\data",
  "copied_graph_dir": "D:\\桌面\\Rigol\\sweep_result\\h1_286476255_behavior_1813889189_qam_417471910\\tap080_reg1em04_q2_14\\graph",
  "metrics": {
    "run_name": "h1_full_combined_random_20260528_024223",
    "h1_ripple_db": 0.7584381726751868,
    "float_dense_ripple_db": 0.15683342003488338,
    "float_dense_pass_0p1db": false,
    "max_abs_coeff": 0.6144289742149629,
    "fixed_saturation_count": 0,
    "fixed_dense_ripple_db": 0.15663344251854613,
    "fixed_dense_pass_0p1db": false,
    "behavior_float_ripple_db": 0.150093939387591,
    "behavior_fixed_ripple_db": 0.14992305877640583,
    "behavior_fixed_pass_0p1db": false,
    "qam_float_magnitude_only_evm_percent": 0.2983175876359554,
    "qam_fixed_magnitude_only_evm_percent": 0.2984555558448765
  }
}
