freq_hz,stage,equalized_real,equalized_imag,residual_real,residual_imag,residual_abs_percent
5550000000.000000,after_h1,9.229403128847e-01,3.751864267659e-01,-7.705968711529e-02,3.751864267659e-01,38.301834187
5551000000.000000,after_h1,9.229707994598e-01,3.780216856633e-01,-7.702920054016e-02,3.780216856633e-01,38.578995913
5552000000.000000,after_h1,9.206439355775e-01,3.820308197043e-01,-7.935606442248e-02,3.820308197043e-01,39.018576622
5553000000.000000,after_h1,9.201812583837e-01,3.793861898711e-01,-7.981874161625e-02,3.793861898711e-01,38.769177523
5554000000.000000,after_h1,9.180958562609e-01,3.859046212047e-01,-8.190414373908e-02,3.859046212047e-01,39.450052653
5555000000.000000,after_h1,9.193348854899e-01,3.862540269561e-01,-8.066511451012e-02,3.862540269561e-01,39.458716913
5556000000.000000,after_h1,9.192806971383e-01,3.870164146521e-01,-8.071930286170e-02,3.870164146521e-01,39.534454728
5557000000.000000,after_h1,9.178770721829e-01,3.876528669163e-01,-8.212292781711e-02,3.876528669163e-01,39.625612992
5558000000.000000,after_h1,9.147072667376e-01,3.938173118330e-01,-8.529273326244e-02,3.938173118330e-01,40.294779494
5559000000.000000,after_h1,9.174355320661e-01,3.936941277626e-01,-8.256446793387e-02,3.936941277626e-01,40.225857057
5560000000.000000,after_h1,9.137593792500e-01,3.974015739759e-01,-8.624062074997e-02,3.974015739759e-01,40.665151625
5561000000.000000,after_h1,9.168264428810e-01,3.962132368876e-01,-8.317355711897e-02,3.962132368876e-01,40.484907026
5562000000.000000,after_h1,9.119344690693e-01,4.011960605999e-01,-8.806553093066e-02,4.011960605999e-01,41.074787495
5563000000.000000,after_h1,9.122768636189e-01,4.025940086391e-01,-8.772313638115e-02,4.025940086391e-01,41.204039177
5564000000.000000,after_h1,9.143943238227e-01,4.038352408205e-01,-8.560567617726e-02,4.038352408205e-01,41.280895524
5565000000.000000,after_h1,9.142035606942e-01,4.035790636790e-01,-8.579643930584e-02,4.035790636790e-01,41.259797580
5566000000.000000,after_h1,9.114529214580e-01,4.094251461504e-01,-8.854707854197e-02,4.094251461504e-01,41.889083950
5567000000.000000,after_h1,9.127052612608e-01,4.098995995201e-01,-8.729473873923e-02,4.098995995201e-01,41.909193872
5568000000.000000,after_h1,9.119131688280e-01,4.132412400046e-01,-8.808683117203e-02,4.132412400046e-01,42.252528003
5569000000.000000,after_h1,9.114262254740e-01,4.117208963789e-01,-8.857377452596e-02,4.117208963789e-01,42.114060603
5570000000.000000,after_h1,9.131469905232e-01,4.121727880044e-01,-8.685300947676e-02,4.121727880044e-01,42.122423058
5571000000.000000,after_h1,9.087067947963e-01,4.172410460707e-01,-9.129320520369e-02,4.172410460707e-01,42.711185870
5572000000.000000,after_h1,9.093611894957e-01,4.177339675495e-01,-9.063881050432e-02,4.177339675495e-01,42.745416317
5573000000.000000,after_h1,9.097748959953e-01,4.175963197177e-01,-9.022510400473e-02,4.175963197177e-01,42.723208638
5574000000.000000,after_h1,9.100889542927e-01,4.180049654019e-01,-8.991104570732e-02,4.180049654019e-01,42.756537189
5575000000.000000,after_h1,9.085786515126e-01,4.203697557185e-01,-9.142134848737e-02,4.203697557185e-01,43.019599543
5576000000.000000,after_h1,9.083891566373e-01,4.246059133572e-01,-9.161084336271e-02,4.246059133572e-01,43.437625197
5577000000.000000,after_h1,9.081176840798e-01,4.210706989168e-01,-9.188231592025e-02,4.210706989168e-01,43.097899423
5578000000.000000,after_h1,9.069305954372e-01,4.271555003848e-01,-9.306940456283e-02,4.271555003848e-01,43.717700714
5579000000.000000,after_h1,9.088436640494e-01,4.262356706296e-01,-9.115633595059e-02,4.262356706296e-01,43.587420720
5580000000.000000,after_h1,9.093099936250e-01,4.246456849379e-01,-9.069000637496e-02,4.246456849379e-01,43.422187300
5581000000.000000,after_h1,9.068207538648e-01,4.274098714982e-01,-9.317924613517e-02,4.274098714982e-01,43.744893435
5582000000.000000,after_h1,9.090831710820e-01,4.268446330965e-01,-9.091682891802e-02,4.268446330965e-01,43.641976420
5583000000.000000,after_h1,9.083455349146e-01,4.270065205310e-01,-9.165446508537e-02,4.270065205310e-01,43.673230880
5584000000.000000,after_h1,9.077274699236e-01,4.310192826060e-01,-9.227253007636e-02,4.310192826060e-01,44.078548273
5585000000.000000,after_h1,9.097196561132e-01,4.261721892805e-01,-9.028034388681e-02,4.261721892805e-01,43.562974578
5586000000.000000,after_h1,9.099136921024e-01,4.299889958062e-01,-9.008630789760e-02,4.299889958062e-01,43.932457180
5587000000.000000,after_h1,9.080183990019e-01,4.306834553364e-01,-9.198160099808e-02,4.306834553364e-01,44.039624615
5588000000.000000,after_h1,9.103683347325e-01,4.290268225466e-01,-8.963166526751e-02,4.290268225466e-01,43.828968717
5589000000.000000,after_h1,9.078602285283e-01,4.299181269380e-01,-9.213977147172e-02,4.299181269380e-01,43.968094496
5590000000.000000,after_h1,9.111040224615e-01,4.294733043506e-01,-8.889597753849e-02,4.294733043506e-01,43.857703311
5591000000.000000,after_h1,9.094057736187e-01,4.301618287002e-01,-9.059422638125e-02,4.301618287002e-01,43.959812639
5592000000.000000,after_h1,9.112429207077e-01,4.287869035860e-01,-8.875707929229e-02,4.287869035860e-01,43.787672673
5593000000.000000,after_h1,9.109752041977e-01,4.282832012057e-01,-8.902479580231e-02,4.282832012057e-01,43.743789811
5594000000.000000,after_h1,9.105633770288e-01,4.276582410078e-01,-8.943662297116e-02,4.276582410078e-01,43.691015167
5595000000.000000,after_h1,9.125485288760e-01,4.261592504633e-01,-8.745147112397e-02,4.261592504633e-01,43.503961493
5596000000.000000,after_h1,9.137239428768e-01,4.273458673169e-01,-8.627605712318e-02,4.273458673169e-01,43.596794417
5597000000.000000,after_h1,9.137826321195e-01,4.296510522599e-01,-8.621736788046e-02,4.296510522599e-01,43.821622657
5598000000.000000,after_h1,9.164097961699e-01,4.217435993558e-01,-8.359020383012e-02,4.217435993558e-01,42.994765469
5599000000.000000,after_h1,9.184344421786e-01,4.250498269250e-01,-8.156555782144e-02,4.250498269250e-01,43.280514737
5600000000.000000,after_h1,9.180380406432e-01,4.199242807316e-01,-8.196195935678e-02,4.199242807316e-01,42.784829593
5601000000.000000,after_h1,9.191257020659e-01,4.219117847617e-01,-8.087429793409e-02,4.219117847617e-01,42.959307046
5602000000.000000,after_h1,9.174753693756e-01,4.250895316551e-01,-8.252463062441e-02,4.250895316551e-01,43.302589366
5603000000.000000,after_h1,9.188802627030e-01,4.198322418219e-01,-8.111973729702e-02,4.198322418219e-01,42.759738429
5604000000.000000,after_h1,9.222406809967e-01,4.166809347610e-01,-7.775931900327e-02,4.166809347610e-01,42.387440721
5605000000.000000,after_h1,9.204432688133e-01,4.157876968462e-01,-7.955673118669e-02,4.157876968462e-01,42.333046468
5606000000.000000,after_h1,9.233107139118e-01,4.137537741747e-01,-7.668928608824e-02,4.137537741747e-01,42.080094135
5607000000.000000,after_h1,9.237253091577e-01,4.097566771374e-01,-7.627469084228e-02,4.097566771374e-01,41.679534897
5608000000.000000,after_h1,9.251699411224e-01,4.093096263140e-01,-7.483005887763e-02,4.093096263140e-01,41.609362877
5609000000.000000,after_h1,9.250986425906e-01,4.107878310135e-01,-7.490135740945e-02,4.107878310135e-01,41.756060093
5610000000.000000,after_h1,9.282987313325e-01,4.066910540138e-01,-7.170126866748e-02,4.066910540138e-01,41.296329782
5611000000.000000,after_h1,9.318706815546e-01,4.052897415667e-01,-6.812931844545e-02,4.052897415667e-01,41.097612905
5612000000.000000,after_h1,9.306912651368e-01,4.017479832271e-01,-6.930873486318e-02,4.017479832271e-01,40.768264956
5613000000.000000,after_h1,9.320159043637e-01,4.022473334290e-01,-6.798409563628e-02,4.022473334290e-01,40.795190220
5614000000.000000,after_h1,9.331183118547e-01,3.943427306970e-01,-6.688168814528e-02,3.943427306970e-01,39.997418600
5615000000.000000,after_h1,9.336401243899e-01,3.935699255881e-01,-6.635987561009e-02,3.935699255881e-01,39.912519266
5616000000.000000,after_h1,9.369063488189e-01,3.891844739777e-01,-6.309365118111e-02,3.891844739777e-01,39.426560033
5617000000.000000,after_h1,9.357401157623e-01,3.904916757362e-01,-6.425988423771e-02,3.904916757362e-01,39.574370689
5618000000.000000,after_h1,9.426432429077e-01,3.864344027350e-01,-5.735675709228e-02,3.864344027350e-01,39.066781951
5619000000.000000,after_h1,9.433429833770e-01,3.807762327929e-01,-5.665701662301e-02,3.807762327929e-01,38.496825453
5620000000.000000,after_h1,9.440924971975e-01,3.762430420002e-01,-5.590750280248e-02,3.762430420002e-01,38.037412573
5621000000.000000,after_h1,9.430931215810e-01,3.750903186864e-01,-5.690687841900e-02,3.750903186864e-01,37.938257733
5622000000.000000,after_h1,9.494648576935e-01,3.690827425607e-01,-5.053514230650e-02,3.690827425607e-01,37.252633660
5623000000.000000,after_h1,9.484536881168e-01,3.670283634319e-01,-5.154631188319e-02,3.670283634319e-01,37.063033043
5624000000.000000,after_h1,9.502720002653e-01,3.651458810912e-01,-4.972799973474e-02,3.651458810912e-01,36.851646969
5625000000.000000,after_h1,9.503692569031e-01,3.597135345993e-01,-4.963074309693e-02,3.597135345993e-01,36.312124371
5626000000.000000,after_h1,9.542411764423e-01,3.560341151568e-01,-4.575882355769e-02,3.560341151568e-01,35.896261795
5627000000.000000,after_h1,9.554953608444e-01,3.551300567909e-01,-4.450463915561e-02,3.551300567909e-01,35.790783750
5628000000.000000,after_h1,9.562382835811e-01,3.493620544738e-01,-4.376171641886e-02,3.493620544738e-01,35.209222219
5629000000.000000,after_h1,9.609396233453e-01,3.466695960900e-01,-3.906037665471e-02,3.466695960900e-01,34.886318504
5630000000.000000,after_h1,9.627885121262e-01,3.412009862437e-01,-3.721148787375e-02,3.412009862437e-01,34.322413645
5631000000.000000,after_h1,9.615167939129e-01,3.382327840416e-01,-3.848320608708e-02,3.382327840416e-01,34.041500165
5632000000.000000,after_h1,9.645325976645e-01,3.299842592425e-01,-3.546740233546e-02,3.299842592425e-01,33.188484144
5633000000.000000,after_h1,9.661015561541e-01,3.254566046925e-01,-3.389844384589e-02,3.254566046925e-01,32.721721537
5634000000.000000,after_h1,9.688423179056e-01,3.210936714224e-01,-3.115768209443e-02,3.210936714224e-01,32.260183970
5635000000.000000,after_h1,9.702203232127e-01,3.184849886443e-01,-2.977967678731e-02,3.184849886443e-01,31.987422081
5636000000.000000,after_h1,9.743726255689e-01,3.127162911177e-01,-2.562737443109e-02,3.127162911177e-01,31.376462683
5637000000.000000,after_h1,9.765911123085e-01,3.074062400436e-01,-2.340888769152e-02,3.074062400436e-01,30.829624137
5638000000.000000,after_h1,9.772340066929e-01,3.002488818937e-01,-2.276599330714e-02,3.002488818937e-01,30.111074629
5639000000.000000,after_h1,9.769195824488e-01,3.007482412583e-01,-2.308041755118e-02,3.007482412583e-01,30.163257499
5640000000.000000,after_h1,9.805192241613e-01,2.931340576646e-01,-1.948077583867e-02,2.931340576646e-01,29.378066034
5641000000.000000,after_h1,9.834782608471e-01,2.887267731260e-01,-1.652173915290e-02,2.887267731260e-01,28.919909644
5642000000.000000,after_h1,9.853255873065e-01,2.829615066308e-01,-1.467441269351e-02,2.829615066308e-01,28.334175940
5643000000.000000,after_h1,9.861555341860e-01,2.776163759844e-01,-1.384446581401e-02,2.776163759844e-01,27.796136683
5644000000.000000,after_h1,9.883349918363e-01,2.731893242168e-01,-1.166500816371e-02,2.731893242168e-01,27.343825497
5645000000.000000,after_h1,9.912886115299e-01,2.678190305158e-01,-8.711388470074e-03,2.678190305158e-01,26.796067136
5646000000.000000,after_h1,9.921476453746e-01,2.601119670557e-01,-7.852354625411e-03,2.601119670557e-01,26.023046493
5647000000.000000,after_h1,9.926767365448e-01,2.560147141560e-01,-7.323263455183e-03,2.560147141560e-01,25.611943318
5648000000.000000,after_h1,9.938172481163e-01,2.476109121808e-01,-6.182751883713e-03,2.476109121808e-01,24.768809065
5649000000.000000,after_h1,9.959507173398e-01,2.452334049807e-01,-4.049282660151e-03,2.452334049807e-01,24.526683349
5650000000.000000,after_h1,9.968183791416e-01,2.404453292464e-01,-3.181620858409e-03,2.404453292464e-01,24.046637825
5651000000.000000,after_h1,1.000806299687e+00,2.324611097931e-01,8.062996870810e-04,2.324611097931e-01,23.246250813
5652000000.000000,after_h1,1.000272238523e+00,2.295540345543e-01,2.722385226177e-04,2.295540345543e-01,22.955419598
5653000000.000000,after_h1,1.001366129584e+00,2.231369123652e-01,1.366129584101e-03,2.231369123652e-01,22.314109431
5654000000.000000,after_h1,1.005284909811e+00,2.184563916471e-01,5.284909810632e-03,2.184563916471e-01,21.852030872
5655000000.000000,after_h1,1.005594718922e+00,2.129984316382e-01,5.594718922468e-03,2.129984316382e-01,21.307189575
5656000000.000000,after_h1,1.009878792373e+00,2.040853112411e-01,9.878792373484e-03,2.040853112411e-01,20.432426386
5657000000.000000,after_h1,1.008607428700e+00,1.987994112161e-01,8.607428699517e-03,1.987994112161e-01,19.898566212
5658000000.000000,after_h1,1.009683828168e+00,1.949825248161e-01,9.683828167840e-03,1.949825248161e-01,19.522285090
5659000000.000000,after_h1,1.013576454007e+00,1.895419494594e-01,1.357645400667e-02,1.895419494594e-01,19.002755250
5660000000.000000,after_h1,1.015239421396e+00,1.816416441280e-01,1.523942139640e-02,1.816416441280e-01,18.227980373
5661000000.000000,after_h1,1.013924155723e+00,1.742313348057e-01,1.392415572333e-02,1.742313348057e-01,17.478684201
5662000000.000000,after_h1,1.013990353312e+00,1.687107534010e-01,1.399035331222e-02,1.687107534010e-01,16.928983519
5663000000.000000,after_h1,1.017825265098e+00,1.636436118650e-01,1.782526509812e-02,1.636436118650e-01,16.461157851
5664000000.000000,after_h1,1.018980186597e+00,1.554352989510e-01,1.898018659691e-02,1.554352989510e-01,15.658984528
5665000000.000000,after_h1,1.019383655698e+00,1.525122649519e-01,1.938365569758e-02,1.525122649519e-01,15.373912016
5666000000.000000,after_h1,1.021988657836e+00,1.437898063827e-01,2.198865783556e-02,1.437898063827e-01,14.546136770
5667000000.000000,after_h1,1.021714959876e+00,1.429991296974e-01,2.171495987632e-02,1.429991296974e-01,14.463848235
5668000000.000000,after_h1,1.023914282307e+00,1.337334093767e-01,2.391428230675e-02,1.337334093767e-01,13.585476687
5669000000.000000,after_h1,1.024703167302e+00,1.278374342305e-01,2.470316730241e-02,1.278374342305e-01,13.020236582
5670000000.000000,after_h1,1.022973768868e+00,1.209116959198e-01,2.297376886798e-02,1.209116959198e-01,12.307490510
5671000000.000000,after_h1,1.027236858031e+00,1.134567121701e-01,2.723685803068e-02,1.134567121701e-01,11.668021243
5672000000.000000,after_h1,1.027043934936e+00,1.101335820136e-01,2.704393493572e-02,1.101335820136e-01,11.340538040
5673000000.000000,after_h1,1.028361234496e+00,1.037291736896e-01,2.836123449583e-02,1.037291736896e-01,10.753651053
5674000000.000000,after_h1,1.029293413860e+00,9.942918792251e-02,2.929341386030e-02,9.942918792251e-02,10.365455854
5675000000.000000,after_h1,1.029726809556e+00,9.539950034537e-02,2.972680955554e-02,9.539950034537e-02,9.992371026
5676000000.000000,after_h1,1.030934214531e+00,8.166832124998e-02,3.093421453097e-02,8.166832124998e-02,8.733063795
5677000000.000000,after_h1,1.030995997335e+00,8.108831678365e-02,3.099599733486e-02,8.108831678365e-02,8.681052338
5678000000.000000,after_h1,1.030387984527e+00,7.598906422195e-02,3.038798452686e-02,7.598906422195e-02,8.183988933
5679000000.000000,after_h1,1.032692057968e+00,7.193783203294e-02,3.269205796779e-02,7.193783203294e-02,7.901786084
5680000000.000000,after_h1,1.032472965279e+00,6.436895387948e-02,3.247296527850e-02,6.436895387948e-02,7.209615591
5681000000.000000,after_h1,1.034578120839e+00,5.841360897240e-02,3.457812083930e-02,5.841360897240e-02,6.788074951
5682000000.000000,after_h1,1.033843241257e+00,4.933277094951e-02,3.384324125700e-02,4.933277094951e-02,5.982547341
5683000000.000000,after_h1,1.034254139299e+00,4.782164416480e-02,3.425413929858e-02,4.782164416480e-02,5.882393824
5684000000.000000,after_h1,1.033570744976e+00,4.508443050901e-02,3.357074497599e-02,4.508443050901e-02,5.621032639
5685000000.000000,after_h1,1.034996647139e+00,3.621001977825e-02,3.499664713947e-02,3.621001977825e-02,5.035802660
5686000000.000000,after_h1,1.036505272674e+00,2.900860181736e-02,3.650527267372e-02,2.900860181736e-02,4.662760891
5687000000.000000,after_h1,1.035987096401e+00,3.004133966646e-02,3.598709640076e-02,3.004133966646e-02,4.687806733
5688000000.000000,after_h1,1.038961276046e+00,2.771088956272e-02,3.896127604636e-02,2.771088956272e-02,4.781081919
5689000000.000000,after_h1,1.036396252160e+00,1.785847662027e-02,3.639625216030e-02,1.785847662027e-02,4.054148935
5690000000.000000,after_h1,1.036709709274e+00,1.008888952818e-02,3.670970927400e-02,1.008888952818e-02,3.807083460
5691000000.000000,after_h1,1.037082618464e+00,7.014737365026e-03,3.708261846393e-02,7.014737365026e-03,3.774025878
5692000000.000000,after_h1,1.038842263258e+00,1.305006858496e-03,3.884226325771e-02,1.305006858496e-03,3.886417962
5693000000.000000,after_h1,1.038207075154e+00,-5.543438462307e-03,3.820707515350e-02,-5.543438462307e-03,3.860712760
5694000000.000000,after_h1,1.037321797519e+00,-6.850753487723e-03,3.732179751922e-02,-6.850753487723e-03,3.794534745
5695000000.000000,after_h1,1.037946482917e+00,-1.172839675381e-02,3.794648291744e-02,-1.172839675381e-02,3.971763911
5696000000.000000,after_h1,1.036855024250e+00,-1.448291341120e-02,3.685502425037e-02,-1.448291341120e-02,3.959858070
5697000000.000000,after_h1,1.040811507822e+00,-2.031817867404e-02,4.081150782181e-02,-2.031817867404e-02,4.558955533
5698000000.000000,after_h1,1.038824052323e+00,-2.710812782409e-02,3.882405232319e-02,-2.710812782409e-02,4.735142694
5699000000.000000,after_h1,1.037528456847e+00,-2.445298780605e-02,3.752845684726e-02,-2.445298780605e-02,4.479211634
5700000000.000000,after_h1,1.038589280696e+00,-3.484216694138e-02,3.858928069634e-02,-3.484216694138e-02,5.199143374
5701000000.000000,after_h1,1.037237352787e+00,-3.864950542157e-02,3.723735278695e-02,-3.864950542157e-02,5.366940201
5702000000.000000,after_h1,1.038508809901e+00,-3.912836033986e-02,3.850880990065e-02,-3.912836033986e-02,5.489951751
5703000000.000000,after_h1,1.038084894426e+00,-4.330768500854e-02,3.808489442603e-02,-4.330768500854e-02,5.767161142
5704000000.000000,after_h1,1.039141831106e+00,-4.757833085442e-02,3.914183110610e-02,-4.757833085442e-02,6.160990593
5705000000.000000,after_h1,1.037264213588e+00,-5.032378373195e-02,3.726421358794e-02,-5.032378373195e-02,6.261872582
5706000000.000000,after_h1,1.037187844096e+00,-5.502098632061e-02,3.718784409639e-02,-5.502098632061e-02,6.640967312
5707000000.000000,after_h1,1.040394221702e+00,-5.604976663738e-02,4.039422170210e-02,-5.604976663738e-02,6.908885212
5708000000.000000,after_h1,1.039051503847e+00,-6.206136250474e-02,3.905150384728e-02,-6.206136250474e-02,7.332552536
5709000000.000000,after_h1,1.038628306024e+00,-6.071363501609e-02,3.862830602407e-02,-6.071363501609e-02,7.196034674
5710000000.000000,after_h1,1.038527495405e+00,-6.962123024714e-02,3.852749540544e-02,-6.962123024714e-02,7.957062023
5711000000.000000,after_h1,1.040471075040e+00,-7.041329365189e-02,4.047107504012e-02,-7.041329365189e-02,8.121539163
5712000000.000000,after_h1,1.039063133714e+00,-7.322233111486e-02,3.906313371381e-02,-7.322233111486e-02,8.299059097
5713000000.000000,after_h1,1.037627589436e+00,-7.591273731977e-02,3.762758943572e-02,-7.591273731977e-02,8.472649629
5714000000.000000,after_h1,1.038716566757e+00,-7.573625321775e-02,3.871656675680e-02,-7.573625321775e-02,8.505852452
5715000000.000000,after_h1,1.037666006741e+00,-8.049723785024e-02,3.766600674138e-02,-8.049723785024e-02,8.887369333
5716000000.000000,after_h1,1.037233853049e+00,-8.284389024946e-02,3.723385304947e-02,-8.284389024946e-02,9.082659283
5717000000.000000,after_h1,1.037789236030e+00,-8.628061280283e-02,3.778923602989e-02,-8.628061280283e-02,9.419326146
5718000000.000000,after_h1,1.038760062047e+00,-8.783790451462e-02,3.876006204673e-02,-8.783790451462e-02,9.600958223
5719000000.000000,after_h1,1.040569547651e+00,-9.077718078796e-02,4.056954765149e-02,-9.077718078796e-02,9.943030096
5720000000.000000,after_h1,1.036466799983e+00,-9.062183537367e-02,3.646679998320e-02,-9.062183537367e-02,9.768390117
5721000000.000000,after_h1,1.038080898729e+00,-9.259899796259e-02,3.808089872942e-02,-9.259899796259e-02,10.012357001
5722000000.000000,after_h1,1.035103131498e+00,-9.564400947077e-02,3.510313149782e-02,-9.564400947077e-02,10.188231637
5723000000.000000,after_h1,1.035307447870e+00,-1.018201357496e-01,3.530744787041e-02,-1.018201357496e-01,10.776806540
5724000000.000000,after_h1,1.038711284606e+00,-9.960266952879e-02,3.871128460605e-02,-9.960266952879e-02,10.686091584
5725000000.000000,after_h1,1.037130131640e+00,-1.034855971436e-01,3.713013164042e-02,-1.034855971436e-01,10.994505670
5726000000.000000,after_h1,1.036747494313e+00,-1.009697927191e-01,3.674749431302e-02,-1.009697927191e-01,10.744895244
5727000000.000000,after_h1,1.037461804640e+00,-1.004815978505e-01,3.746180463983e-02,-1.004815978505e-01,10.723776533
5728000000.000000,after_h1,1.035715286726e+00,-1.029778180547e-01,3.571528672644e-02,-1.029778180547e-01,10.899547109
5729000000.000000,after_h1,1.037633897213e+00,-1.047547096019e-01,3.763389721257e-02,-1.047547096019e-01,11.130974532
5730000000.000000,after_h1,1.035418111793e+00,-1.081702138266e-01,3.541811179308e-02,-1.081702138266e-01,11.382107802
5731000000.000000,after_h1,1.034920589566e+00,-1.082631599672e-01,3.492058956648e-02,-1.082631599672e-01,11.375570044
5732000000.000000,after_h1,1.037353079246e+00,-1.056164932858e-01,3.735307924568e-02,-1.056164932858e-01,11.202721180
5733000000.000000,after_h1,1.035581370286e+00,-1.094266929222e-01,3.558137028628e-02,-1.094266929222e-01,11.506622022
5734000000.000000,after_h1,1.036390489088e+00,-1.086685686809e-01,3.639048908791e-02,-1.086685686809e-01,11.459984954
5735000000.000000,after_h1,1.036129086159e+00,-1.058506036246e-01,3.612908615868e-02,-1.058506036246e-01,11.184659653
5736000000.000000,after_h1,1.036982025267e+00,-1.088902221694e-01,3.698202526656e-02,-1.088902221694e-01,11.499891598
5737000000.000000,after_h1,1.035155975863e+00,-1.102814341685e-01,3.515597586261e-02,-1.102814341685e-01,11.574945944
5738000000.000000,after_h1,1.035621086224e+00,-1.091267872934e-01,3.562108622425e-02,-1.091267872934e-01,11.479336866
5739000000.000000,after_h1,1.036592754858e+00,-1.106442809813e-01,3.659275485798e-02,-1.106442809813e-01,11.653834829
5740000000.000000,after_h1,1.038118067304e+00,-1.112961320565e-01,3.811806730448e-02,-1.112961320565e-01,11.764274761
5741000000.000000,after_h1,1.036431618372e+00,-1.063808414276e-01,3.643161837196e-02,-1.063808414276e-01,11.244619264
5742000000.000000,after_h1,1.035815557097e+00,-1.090037162088e-01,3.581555709733e-02,-1.090037162088e-01,11.473693511
5743000000.000000,after_h1,1.036226920120e+00,-1.106922804959e-01,3.622692012041e-02,-1.106922804959e-01,11.646961279
5744000000.000000,after_h1,1.034511676745e+00,-1.089668328409e-01,3.451167674459e-02,-1.089668328409e-01,11.430147196
5745000000.000000,after_h1,1.035374440532e+00,-1.098767855531e-01,3.537444053224e-02,-1.098767855531e-01,11.543075434
5746000000.000000,after_h1,1.034557943471e+00,-1.076964864652e-01,3.455794347054e-02,-1.076964864652e-01,11.310519287
5747000000.000000,after_h1,1.035697085493e+00,-1.048022890013e-01,3.569708549305e-02,-1.048022890013e-01,11.071495695
5748000000.000000,after_h1,1.036281981224e+00,-1.078272655295e-01,3.628198122408e-02,-1.078272655295e-01,11.376775182
5749000000.000000,after_h1,1.036271230804e+00,-1.071150313883e-01,3.627123080379e-02,-1.071150313883e-01,11.308948728
5750000000.000000,after_h1,1.036347103174e+00,-1.052098976583e-01,3.634710317399e-02,-1.052098976583e-01,11.131143012
5751000000.000000,after_h1,1.035450118075e+00,-1.015957173584e-01,3.545011807451e-02,-1.015957173584e-01,10.760297699
5752000000.000000,after_h1,1.035049077069e+00,-1.015387320739e-01,3.504907706931e-02,-1.015387320739e-01,10.741765178
5753000000.000000,after_h1,1.037546497944e+00,-1.044117975420e-01,3.754649794417e-02,-1.044117975420e-01,11.095748273
5754000000.000000,after_h1,1.035252906761e+00,-9.941898324515e-02,3.525290676087e-02,-9.941898324515e-02,10.548412992
5755000000.000000,after_h1,1.037201745014e+00,-9.912149641780e-02,3.720174501411e-02,-9.912149641780e-02,10.587275799
5756000000.000000,after_h1,1.038755739756e+00,-1.036568075459e-01,3.875573975593e-02,-1.036568075459e-01,11.066499498
5757000000.000000,after_h1,1.036829518924e+00,-9.580891529185e-02,3.682951892374e-02,-9.580891529185e-02,10.264385863
5758000000.000000,after_h1,1.036973080095e+00,-9.750446437362e-02,3.697308009463e-02,-9.750446437362e-02,10.427909294
5759000000.000000,after_h1,1.038085796045e+00,-9.606442798577e-02,3.808579604476e-02,-9.606442798577e-02,10.333877387
5760000000.000000,after_h1,1.038475006422e+00,-9.151239659414e-02,3.847500642151e-02,-9.151239659414e-02,9.927157121
5761000000.000000,after_h1,1.036659843706e+00,-9.409793298846e-02,3.665984370562e-02,-9.409793298846e-02,10.098695526
5762000000.000000,after_h1,1.039614071108e+00,-9.310260141314e-02,3.961407110752e-02,-9.310260141314e-02,10.117988446
5763000000.000000,after_h1,1.039766486063e+00,-8.840917860839e-02,3.976648606255e-02,-8.840917860839e-02,9.694099378
5764000000.000000,after_h1,1.035450746233e+00,-9.293593596562e-02,3.545074623270e-02,-9.293593596562e-02,9.946780184
5765000000.000000,after_h1,1.036536245334e+00,-8.908883533112e-02,3.653624533420e-02,-8.908883533112e-02,9.628975960
5766000000.000000,after_h1,1.036775318111e+00,-8.903902045951e-02,3.677531811091e-02,-8.903902045951e-02,9.633468320
5767000000.000000,after_h1,1.036206381799e+00,-8.325507338866e-02,3.620638179912e-02,-8.325507338866e-02,9.078716500
5768000000.000000,after_h1,1.037212774547e+00,-8.764682610659e-02,3.721277454654e-02,-8.764682610659e-02,9.521951857
5769000000.000000,after_h1,1.036114963983e+00,-7.986421585875e-02,3.611496398295e-02,-7.986421585875e-02,8.765034853
5770000000.000000,after_h1,1.037531494454e+00,-8.155424861241e-02,3.753149445365e-02,-8.155424861241e-02,8.977587951
5771000000.000000,after_h1,1.036434229828e+00,-7.683270548302e-02,3.643422982792e-02,-7.683270548302e-02,8.503362708
5772000000.000000,after_h1,1.037617837888e+00,-7.771605430744e-02,3.761783788777e-02,-7.771605430744e-02,8.634168648
5773000000.000000,after_h1,1.038177772777e+00,-7.614123687251e-02,3.817777277724e-02,-7.614123687251e-02,8.517646557
5774000000.000000,after_h1,1.037959665050e+00,-7.495133816557e-02,3.795966504991e-02,-7.495133816557e-02,8.401570843
5775000000.000000,after_h1,1.039130113065e+00,-6.999260694461e-02,3.913011306450e-02,-6.999260694461e-02,8.018809622
5776000000.000000,after_h1,1.036119392190e+00,-7.094281325559e-02,3.611939219013e-02,-7.094281325559e-02,7.960837421
5777000000.000000,after_h1,1.036989426821e+00,-7.079973759567e-02,3.698942682118e-02,-7.079973759567e-02,7.988003843
5778000000.000000,after_h1,1.038316353913e+00,-6.807403077503e-02,3.831635391344e-02,-6.807403077503e-02,7.811668607
5779000000.000000,after_h1,1.036203279206e+00,-7.091449360000e-02,3.620327920588e-02,-7.091449360000e-02,7.962124608
5780000000.000000,after_h1,1.038875695588e+00,-6.456578171080e-02,3.887569558786e-02,-6.456578171080e-02,7.536617196
5781000000.000000,after_h1,1.038037133630e+00,-6.450373213097e-02,3.803713362984e-02,-6.450373213097e-02,7.488360965
5782000000.000000,after_h1,1.038639571698e+00,-6.559105542521e-02,3.863957169845e-02,-6.559105542521e-02,7.612623104
5783000000.000000,after_h1,1.040874499647e+00,-6.117799099791e-02,4.087449964706e-02,-6.117799099791e-02,7.357629580
5784000000.000000,after_h1,1.037568762004e+00,-6.118738856086e-02,3.756876200440e-02,-6.118738856086e-02,7.180047630
5785000000.000000,after_h1,1.037012143086e+00,-5.835522927067e-02,3.701214308573e-02,-5.835522927067e-02,6.910305000
5786000000.000000,after_h1,1.038785129679e+00,-5.715235416511e-02,3.878512967908e-02,-5.715235416511e-02,6.907009390
5787000000.000000,after_h1,1.037188358552e+00,-5.696530003328e-02,3.718835855240e-02,-5.696530003328e-02,6.802954814
5788000000.000000,after_h1,1.038722517659e+00,-5.470895872575e-02,3.872251765865e-02,-5.470895872575e-02,6.702614071
5789000000.000000,after_h1,1.039825125578e+00,-5.875330340368e-02,3.982512557848e-02,-5.875330340368e-02,7.097880873
5790000000.000000,after_h1,1.039416639553e+00,-5.444427032459e-02,3.941663955333e-02,-5.444427032459e-02,6.721495403
5791000000.000000,after_h1,1.038245831436e+00,-4.993034115033e-02,3.824583143614e-02,-4.993034115033e-02,6.289501244
5792000000.000000,after_h1,1.038365402096e+00,-5.193577061466e-02,3.836540209647e-02,-5.193577061466e-02,6.456956208
5793000000.000000,after_h1,1.037318182567e+00,-5.310896686764e-02,3.731818256674e-02,-5.310896686764e-02,6.490923749
5794000000.000000,after_h1,1.038959385490e+00,-4.970279579181e-02,3.895938548982e-02,-4.970279579181e-02,6.315221000
5795000000.000000,after_h1,1.039367672408e+00,-5.133484449887e-02,3.936767240800e-02,-5.133484449887e-02,6.469219343
5796000000.000000,after_h1,1.041192284621e+00,-4.909085969470e-02,4.119228462071e-02,-4.909085969470e-02,6.408367045
5797000000.000000,after_h1,1.038775799525e+00,-4.347031872531e-02,3.877579952471e-02,-4.347031872531e-02,5.825144838
5798000000.000000,after_h1,1.039582982866e+00,-4.706659361416e-02,3.958298286580e-02,-4.706659361416e-02,6.149859159
5799000000.000000,after_h1,1.036777481360e+00,-4.684837396160e-02,3.677748136005e-02,-4.684837396160e-02,5.955966150
5800000000.000000,after_h1,1.039124023711e+00,-4.603668479861e-02,3.912402371092e-02,-4.603668479861e-02,6.041577260
5801000000.000000,after_h1,1.038855641555e+00,-4.490182599895e-02,3.885564155514e-02,-4.490182599895e-02,5.937958284
5802000000.000000,after_h1,1.039927342613e+00,-4.373729796090e-02,3.992734261329e-02,-4.373729796090e-02,5.922114421
5803000000.000000,after_h1,1.038332598315e+00,-4.421763767321e-02,3.833259831494e-02,-4.421763767321e-02,5.851997586
5804000000.000000,after_h1,1.039923176348e+00,-4.428587335064e-02,3.992317634841e-02,-4.428587335064e-02,5.962464749
5805000000.000000,after_h1,1.040146027082e+00,-4.521112960824e-02,4.014602708201e-02,-4.521112960824e-02,6.046279625
5806000000.000000,after_h1,1.039809291937e+00,-4.470935840850e-02,3.980929193740e-02,-4.470935840850e-02,5.986406647
5807000000.000000,after_h1,1.040298172289e+00,-4.321498490073e-02,4.029817228856e-02,-4.321498490073e-02,5.908872659
5808000000.000000,after_h1,1.039764612464e+00,-4.489818137428e-02,3.976461246385e-02,-4.489818137428e-02,5.997558749
5809000000.000000,after_h1,1.039981217773e+00,-4.630703675951e-02,3.998121777279e-02,-4.630703675951e-02,6.117874981
5810000000.000000,after_h1,1.039219973171e+00,-4.203220117958e-02,3.921997317064e-02,-4.203220117958e-02,5.748836605
5811000000.000000,after_h1,1.040563521530e+00,-4.467833035894e-02,4.056352152957e-02,-4.467833035894e-02,6.034527722
5812000000.000000,after_h1,1.040017645031e+00,-4.709881119528e-02,4.001764503072e-02,-4.709881119528e-02,6.180380190
5813000000.000000,after_h1,1.039476722133e+00,-4.687877938232e-02,3.947672213274e-02,-4.687877938232e-02,6.128647116
5814000000.000000,after_h1,1.038834410033e+00,-4.715536531304e-02,3.883441003344e-02,-4.715536531304e-02,6.108796838
5815000000.000000,after_h1,1.039668866851e+00,-4.459046917749e-02,3.966886685116e-02,-4.459046917749e-02,5.968189791
5816000000.000000,after_h1,1.040219670934e+00,-4.892168144950e-02,4.021967093435e-02,-4.892168144950e-02,6.333208386
5817000000.000000,after_h1,1.039302139269e+00,-4.957969060690e-02,3.930213926907e-02,-4.957969060690e-02,6.326771587
5818000000.000000,after_h1,1.037881032334e+00,-5.331754545580e-02,3.788103233417e-02,-5.331754545580e-02,6.540438261
5819000000.000000,after_h1,1.040193063903e+00,-4.965025555832e-02,4.019306390254e-02,-4.965025555832e-02,6.387981107
5820000000.000000,after_h1,1.038003305801e+00,-5.174108122380e-02,3.800330580115e-02,-5.174108122380e-02,6.419805868
5821000000.000000,after_h1,1.040461075070e+00,-5.485287731839e-02,4.046107506974e-02,-5.485287731839e-02,6.816110875
5822000000.000000,after_h1,1.038549072761e+00,-5.990128132526e-02,3.854907276075e-02,-5.990128132526e-02,7.123338062
5823000000.000000,after_h1,1.040368333421e+00,-6.165176565203e-02,4.036833342113e-02,-6.165176565203e-02,7.369221500
5824000000.000000,after_h1,1.039314131703e+00,-6.018602204828e-02,3.931413170284e-02,-6.018602204828e-02,7.188851231
5825000000.000000,after_h1,1.038233480988e+00,-6.308968136274e-02,3.823348098819e-02,-6.308968136274e-02,7.377063754
5826000000.000000,after_h1,1.040344002799e+00,-6.425654186286e-02,4.034400279888e-02,-6.425654186286e-02,7.587187710
5827000000.000000,after_h1,1.040200370243e+00,-6.600991737074e-02,4.020037024319e-02,-6.600991737074e-02,7.728763781
5828000000.000000,after_h1,1.037970385835e+00,-6.587016971757e-02,3.797038583529e-02,-6.587016971757e-02,7.603045087
5829000000.000000,after_h1,1.036400457091e+00,-6.980555564533e-02,3.640045709078e-02,-6.980555564533e-02,7.872616386
5830000000.000000,after_h1,1.039859936933e+00,-6.963368193971e-02,3.985993693302e-02,-6.963368193971e-02,8.023505613
5831000000.000000,after_h1,1.039326992252e+00,-7.149431042890e-02,3.932699225169e-02,-7.149431042890e-02,8.159686724
5832000000.000000,after_h1,1.038674762678e+00,-7.709873048753e-02,3.867476267790e-02,-7.709873048753e-02,8.625515353
5833000000.000000,after_h1,1.037538362752e+00,-7.984634865426e-02,3.753836275239e-02,-7.984634865426e-02,8.823019932
5834000000.000000,after_h1,1.038387621933e+00,-8.367973389623e-02,3.838762193341e-02,-8.367973389623e-02,9.206469129
5835000000.000000,after_h1,1.039243356142e+00,-8.131393314140e-02,3.924335614188e-02,-8.131393314140e-02,9.028840858
5836000000.000000,after_h1,1.039154435625e+00,-8.689189867052e-02,3.915443562518e-02,-8.689189867052e-02,9.530620066
5837000000.000000,after_h1,1.037766470524e+00,-8.699465947596e-02,3.776647052386e-02,-8.699465947596e-02,9.483868975
5838000000.000000,after_h1,1.040068751646e+00,-9.161338778186e-02,4.006875164610e-02,-9.161338778186e-02,9.999258812
5839000000.000000,after_h1,1.037905081357e+00,-9.660647491449e-02,3.790508135727e-02,-9.660647491449e-02,10.377671313
5840000000.000000,after_h1,1.038435474663e+00,-9.848623659072e-02,3.843547466257e-02,-9.848623659072e-02,10.572050184
5841000000.000000,after_h1,1.037661953868e+00,-1.045884395852e-01,3.766195386833e-02,-1.045884395852e-01,11.116278363
5842000000.000000,after_h1,1.035159891357e+00,-1.020716421202e-01,3.515989135709e-02,-1.020716421202e-01,10.795757540
5843000000.000000,after_h1,1.037224843713e+00,-1.113039967961e-01,3.722484371333e-02,-1.113039967961e-01,11.736383043
5844000000.000000,after_h1,1.037190522991e+00,-1.120898264298e-01,3.719052299073e-02,-1.120898264298e-01,11.809853593
5845000000.000000,after_h1,1.034747682754e+00,-1.174792428060e-01,3.474768275415e-02,-1.174792428060e-01,12.251030139
5846000000.000000,after_h1,1.036674819851e+00,-1.178864312719e-01,3.667481985104e-02,-1.178864312719e-01,12.345952004
5847000000.000000,after_h1,1.033710349478e+00,-1.226475427588e-01,3.371034947762e-02,-1.226475427588e-01,12.719594100
5848000000.000000,after_h1,1.035407247111e+00,-1.288169963385e-01,3.540724711122e-02,-1.288169963385e-01,13.359450473
5849000000.000000,after_h1,1.033514571946e+00,-1.333525588122e-01,3.351457194568e-02,-1.333525588122e-01,13.749956900
5850000000.000000,after_h1,1.035271627355e+00,-1.323758413822e-01,3.527162735504e-02,-1.323758413822e-01,13.699434688
5851000000.000000,after_h1,1.033193165784e+00,-1.375430694090e-01,3.319316578380e-02,-1.375430694090e-01,14.149163296
5852000000.000000,after_h1,1.033215260310e+00,-1.445292431484e-01,3.321526031025e-02,-1.445292431484e-01,14.829684974
5853000000.000000,after_h1,1.033094964222e+00,-1.467932735086e-01,3.309496422230e-02,-1.467932735086e-01,15.047771199
5854000000.000000,after_h1,1.031036644106e+00,-1.503577003153e-01,3.103664410608e-02,-1.503577003153e-01,15.352755883
5855000000.000000,after_h1,1.030163070001e+00,-1.539398786689e-01,3.016307000090e-02,-1.539398786689e-01,15.686713179
5856000000.000000,after_h1,1.030297116080e+00,-1.606992805786e-01,3.029711607999e-02,-1.606992805786e-01,16.353034587
5857000000.000000,after_h1,1.028956678638e+00,-1.615028252745e-01,2.895667863821e-02,-1.615028252745e-01,16.407818810
5858000000.000000,after_h1,1.030307417540e+00,-1.711818345365e-01,3.030741753996e-02,-1.711818345365e-01,17.384406816
5859000000.000000,after_h1,1.026512859967e+00,-1.712797930263e-01,2.651285996715e-02,-1.712797930263e-01,17.331964471
5860000000.000000,after_h1,1.026059413683e+00,-1.782058919534e-01,2.605941368328e-02,-1.782058919534e-01,18.010117426
5861000000.000000,after_h1,1.028117644702e+00,-1.816624841025e-01,2.811764470223e-02,-1.816624841025e-01,18.382562409
5862000000.000000,after_h1,1.025319942978e+00,-1.848661865693e-01,2.531994297784e-02,-1.848661865693e-01,18.659208571
5863000000.000000,after_h1,1.024637621992e+00,-1.930995888527e-01,2.463762199198e-02,-1.930995888527e-01,19.466500362
5864000000.000000,after_h1,1.023180451678e+00,-1.974015181861e-01,2.318045167771e-02,-1.974015181861e-01,19.875787462
5865000000.000000,after_h1,1.021173207915e+00,-2.016122370899e-01,2.117320791482e-02,-2.016122370899e-01,20.272098776
5866000000.000000,after_h1,1.023156039532e+00,-2.053336058732e-01,2.315603953227e-02,-2.053336058732e-01,20.663516610
5867000000.000000,after_h1,1.020412409180e+00,-2.111919425839e-01,2.041240918032e-02,-2.111919425839e-01,21.217611331
5868000000.000000,after_h1,1.019702520268e+00,-2.162734086575e-01,1.970252026813e-02,-2.162734086575e-01,21.716900469
5869000000.000000,after_h1,1.020709186455e+00,-2.215350714121e-01,2.070918645479e-02,-2.215350714121e-01,22.250091746
5870000000.000000,after_h1,1.017795468247e+00,-2.277039478690e-01,1.779546824729e-02,-2.277039478690e-01,22.839826305
5871000000.000000,after_h1,1.016996518397e+00,-2.296092727087e-01,1.699651839670e-02,-2.296092727087e-01,23.023748555
5872000000.000000,after_h1,1.014433803796e+00,-2.328182144028e-01,1.443380379561e-02,-2.328182144028e-01,23.326520454
5873000000.000000,after_h1,1.013171253796e+00,-2.446310746413e-01,1.317125379589e-02,-2.446310746413e-01,24.498539672
5874000000.000000,after_h1,1.013999868101e+00,-2.479303348681e-01,1.399986810136e-02,-2.479303348681e-01,24.832528517
5875000000.000000,after_h1,1.013893779447e+00,-2.524512784293e-01,1.389377944709e-02,-2.524512784293e-01,25.283331483
5876000000.000000,after_h1,1.011094444711e+00,-2.575980107374e-01,1.109444471096e-02,-2.575980107374e-01,25.783681242
5877000000.000000,after_h1,1.007891181643e+00,-2.602138567063e-01,7.891181643181e-03,-2.602138567063e-01,26.033348223
5878000000.000000,after_h1,1.006781369173e+00,-2.648835119849e-01,6.781369172526e-03,-2.648835119849e-01,26.497030379
5879000000.000000,after_h1,1.004939640601e+00,-2.707317075724e-01,4.939640601484e-03,-2.707317075724e-01,27.077676698
5880000000.000000,after_h1,1.006581945527e+00,-2.772379548762e-01,6.581945527117e-03,-2.772379548762e-01,27.731607532
5881000000.000000,after_h1,1.005050143385e+00,-2.826611440912e-01,5.050143384624e-03,-2.826611440912e-01,28.270625449
5882000000.000000,after_h1,1.000651961589e+00,-2.874191030776e-01,6.519615891476e-04,-2.874191030776e-01,28.741984251
5883000000.000000,after_h1,9.999730146171e-01,-2.923209814925e-01,-2.698538285895e-05,-2.923209814925e-01,29.232098274
5884000000.000000,after_h1,9.969407195256e-01,-2.995174730380e-01,-3.059280474435e-03,-2.995174730380e-01,29.953309642
5885000000.000000,after_h1,9.959711901411e-01,-3.037545363542e-01,-4.028809858851e-03,-3.037545363542e-01,30.378125298
5886000000.000000,after_h1,9.953752462685e-01,-3.034347817589e-01,-4.624753731473e-03,-3.034347817589e-01,30.347002344
5887000000.000000,after_h1,9.951819093028e-01,-3.096284483667e-01,-4.818090697213e-03,-3.096284483667e-01,30.966593296
5888000000.000000,after_h1,9.930439557040e-01,-3.140128419070e-01,-6.956044295956e-03,-3.140128419070e-01,31.408987796
5889000000.000000,after_h1,9.927424380707e-01,-3.198100498753e-01,-7.257561929282e-03,-3.198100498753e-01,31.989238848
5890000000.000000,after_h1,9.893093731230e-01,-3.252578234120e-01,-1.069062687698e-02,-3.252578234120e-01,32.543346662
5891000000.000000,after_h1,9.892584093456e-01,-3.305888826531e-01,-1.074159065440e-02,-3.305888826531e-01,33.076334607
5892000000.000000,after_h1,9.859398096152e-01,-3.360269308570e-01,-1.406019038485e-02,-3.360269308570e-01,33.632095863
5893000000.000000,after_h1,9.843345338207e-01,-3.386753464457e-01,-1.566546617934e-02,-3.386753464457e-01,33.903745681
5894000000.000000,after_h1,9.810610893119e-01,-3.466285808238e-01,-1.893891068809e-02,-3.466285808238e-01,34.714558240
5895000000.000000,after_h1,9.803389552031e-01,-3.498687349749e-01,-1.966104479689e-02,-3.498687349749e-01,35.042073054
5896000000.000000,after_h1,9.783207681657e-01,-3.543216575636e-01,-2.167923183428e-02,-3.543216575636e-01,35.498426178
5897000000.000000,after_h1,9.776792211405e-01,-3.582139918990e-01,-2.232077885954e-02,-3.582139918990e-01,35.890873653
5898000000.000000,after_h1,9.768181903565e-01,-3.652365792673e-01,-2.318180964348e-02,-3.652365792673e-01,36.597152230
5899000000.000000,after_h1,9.738450839329e-01,-3.651603418224e-01,-2.615491606712e-02,-3.651603418224e-01,36.609582745
5900000000.000000,after_h1,9.719697993213e-01,-3.700221021046e-01,-2.803020067874e-02,-3.700221021046e-01,37.108226608
5901000000.000000,after_h1,9.703910920909e-01,-3.756471033430e-01,-2.960890790915e-02,-3.756471033430e-01,37.681219948
5902000000.000000,after_h1,9.695650580386e-01,-3.782233458396e-01,-3.043494196138e-02,-3.782233458396e-01,37.944589210
5903000000.000000,after_h1,9.648752193267e-01,-3.823549528628e-01,-3.512478067328e-02,-3.823549528628e-01,38.396492053
5904000000.000000,after_h1,9.643342340711e-01,-3.872430844107e-01,-3.566576592889e-02,-3.872430844107e-01,38.888205575
5905000000.000000,after_h1,9.634865859721e-01,-3.923170517016e-01,-3.651341402788e-02,-3.923170517016e-01,39.401256130
5906000000.000000,after_h1,9.599187050369e-01,-3.925651790523e-01,-4.008129496306e-02,-3.925651790523e-01,39.460604406
5907000000.000000,after_h1,9.615419542389e-01,-3.951366519426e-01,-3.845804576108e-02,-3.951366519426e-01,39.700377201
5908000000.000000,after_h1,9.592858389883e-01,-4.001845359277e-01,-4.071416101165e-02,-4.001845359277e-01,40.225030230
5909000000.000000,after_h1,9.586202884907e-01,-4.033753582883e-01,-4.137971150933e-02,-4.033753582883e-01,40.549224431
5910000000.000000,after_h1,9.557097766424e-01,-4.066161685465e-01,-4.429022335762e-02,-4.066161685465e-01,40.902118821
5911000000.000000,after_h1,9.526779128656e-01,-4.115875008801e-01,-4.732208713439e-02,-4.115875008801e-01,41.429898722
5912000000.000000,after_h1,9.527217642522e-01,-4.151466429276e-01,-4.727823574782e-02,-4.151466429276e-01,41.783006918
5913000000.000000,after_h1,9.506964321052e-01,-4.173557452465e-01,-4.930356789481e-02,-4.173557452465e-01,42.025784930
5914000000.000000,after_h1,9.484240685847e-01,-4.234922825117e-01,-5.157593141528e-02,-4.234922825117e-01,42.662136614
5915000000.000000,after_h1,9.460832223352e-01,-4.226358404810e-01,-5.391677766477e-02,-4.226358404810e-01,42.606111366
5916000000.000000,after_h1,9.440364657046e-01,-4.267939945572e-01,-5.596353429539e-02,-4.267939945572e-01,43.044747759
5917000000.000000,after_h1,9.458447151490e-01,-4.286477885414e-01,-5.415528485096e-02,-4.286477885414e-01,43.205522969
5918000000.000000,after_h1,9.430026040939e-01,-4.304340563262e-01,-5.699739590608e-02,-4.304340563262e-01,43.419140939
5919000000.000000,after_h1,9.428099575960e-01,-4.318495896883e-01,-5.719004240404e-02,-4.318495896883e-01,43.561998240
5920000000.000000,after_h1,9.407083632684e-01,-4.348692511053e-01,-5.929163673165e-02,-4.348692511053e-01,43.889265629
5921000000.000000,after_h1,9.406761326841e-01,-4.359541424678e-01,-5.932386731587e-02,-4.359541424678e-01,43.997197134
5922000000.000000,after_h1,9.372678065372e-01,-4.429289068849e-01,-6.273219346280e-02,-4.429289068849e-01,44.734924237
5923000000.000000,after_h1,9.369475562194e-01,-4.397824389097e-01,-6.305244378056e-02,-4.397824389097e-01,44.427942136
5924000000.000000,after_h1,9.383488496848e-01,-4.464740777372e-01,-6.165115031517e-02,-4.464740777372e-01,45.071051289
5925000000.000000,after_h1,9.359464760708e-01,-4.458311347936e-01,-6.405352392923e-02,-4.458311347936e-01,45.040898601
5926000000.000000,after_h1,9.347693276254e-01,-4.479731516241e-01,-6.523067237458e-02,-4.479731516241e-01,45.269745437
5927000000.000000,after_h1,9.340494616186e-01,-4.508277055240e-01,-6.595053838140e-02,-4.508277055240e-01,45.562604577
5928000000.000000,after_h1,9.323081524256e-01,-4.498066324209e-01,-6.769184757443e-02,-4.498066324209e-01,45.487162233
5929000000.000000,after_h1,9.292805976805e-01,-4.549252085920e-01,-7.071940231947e-02,-4.549252085920e-01,46.038916069
5930000000.000000,after_h1,9.313612764905e-01,-4.519960932301e-01,-6.863872350948e-02,-4.519960932301e-01,45.717802075
5931000000.000000,after_h1,9.296899123437e-01,-4.570083993975e-01,-7.031008765633e-02,-4.570083993975e-01,46.238532151
5932000000.000000,after_h1,9.263122387400e-01,-4.575489513395e-01,-7.368776126002e-02,-4.575489513395e-01,46.344463427
5933000000.000000,after_h1,9.287386600915e-01,-4.593148544104e-01,-7.126133990850e-02,-4.593148544104e-01,46.480997628
5934000000.000000,after_h1,9.258452331749e-01,-4.595085725393e-01,-7.415476682507e-02,-4.595085725393e-01,46.545360422
5935000000.000000,after_h1,9.260057288040e-01,-4.571363948357e-01,-7.399427119595e-02,-4.571363948357e-01,46.308620758
5936000000.000000,after_h1,9.253674289661e-01,-4.611137480169e-01,-7.463257103390e-02,-4.611137480169e-01,46.711444986
5937000000.000000,after_h1,9.272169379195e-01,-4.610057546207e-01,-7.278306208046e-02,-4.610057546207e-01,46.671584494
5938000000.000000,after_h1,9.259633419610e-01,-4.614952145605e-01,-7.403665803902e-02,-4.614952145605e-01,46.739625565
5939000000.000000,after_h1,9.265970911075e-01,-4.594188640987e-01,-7.340290889251e-02,-4.594188640987e-01,46.524582720
5940000000.000000,after_h1,9.269913690527e-01,-4.570484008887e-01,-7.300863094726e-02,-4.570484008887e-01,46.284284692
5941000000.000000,after_h1,9.246565555989e-01,-4.580784028271e-01,-7.534344440105e-02,-4.580784028271e-01,46.423319329
5942000000.000000,after_h1,9.235249317200e-01,-4.599661719920e-01,-7.647506828004e-02,-4.599661719920e-01,46.628029708
5943000000.000000,after_h1,9.246941184104e-01,-4.596163179936e-01,-7.530588158958e-02,-4.596163179936e-01,46.574471072
5944000000.000000,after_h1,9.214922875612e-01,-4.625930814946e-01,-7.850771243876e-02,-4.625930814946e-01,46.920765122
5945000000.000000,after_h1,9.239700697503e-01,-4.586958200750e-01,-7.602993024972e-02,-4.586958200750e-01,46.495419737
5946000000.000000,after_h1,9.239772377473e-01,-4.584627122192e-01,-7.602276225272e-02,-4.584627122192e-01,46.472305611
5947000000.000000,after_h1,9.260478946221e-01,-4.545316729998e-01,-7.395210537788e-02,-4.545316729998e-01,46.050836654
5948000000.000000,after_h1,9.253135706162e-01,-4.546186588785e-01,-7.468642938382e-02,-4.546186588785e-01,46.071269543
5949000000.000000,after_h1,9.251052506223e-01,-4.583612274648e-01,-7.489474937768e-02,-4.583612274648e-01,46.443970365
5950000000.000000,after_h1,9.248520379373e-01,-4.535959191402e-01,-7.514796206272e-02,-4.535959191402e-01,45.977872293
5951000000.000000,after_h1,9.275601873255e-01,-4.518151701946e-01,-7.243981267447e-02,-4.518151701946e-01,45.758548325
5952000000.000000,after_h1,9.281359042729e-01,-4.505263278127e-01,-7.186409572709e-02,-4.505263278127e-01,45.622189810
5953000000.000000,after_h1,9.277367755700e-01,-4.496345757897e-01,-7.226322443001e-02,-4.496345757897e-01,45.540446347
5954000000.000000,after_h1,9.272296836782e-01,-4.467941821321e-01,-7.277031632176e-02,-4.467941821321e-01,45.268152174
5955000000.000000,after_h1,9.285692058055e-01,-4.453658963440e-01,-7.143079419447e-02,-4.453658963440e-01,45.105780116
5956000000.000000,after_h1,9.295245165281e-01,-4.450302724149e-01,-7.047548347193e-02,-4.450302724149e-01,45.057600595
5957000000.000000,after_h1,9.305323882447e-01,-4.389819624431e-01,-6.946761175531e-02,-4.389819624431e-01,44.444449871
5958000000.000000,after_h1,9.311354575292e-01,-4.383057443946e-01,-6.886454247082e-02,-4.383057443946e-01,44.368260139
5959000000.000000,after_h1,9.321015659819e-01,-4.360746569625e-01,-6.789843401811e-02,-4.360746569625e-01,44.132901988
5960000000.000000,after_h1,9.315622229706e-01,-4.377349235789e-01,-6.843777702942e-02,-4.377349235789e-01,44.305258451
5961000000.000000,after_h1,9.322233332566e-01,-4.370313075075e-01,-6.777666674336e-02,-4.370313075075e-01,44.225562777
5962000000.000000,after_h1,9.343927474059e-01,-4.310008813705e-01,-6.560725259414e-02,-4.310008813705e-01,43.596567679
5963000000.000000,after_h1,9.348840356402e-01,-4.264953826320e-01,-6.511596435976e-02,-4.264953826320e-01,43.143759713
5964000000.000000,after_h1,9.364890494205e-01,-4.250839026079e-01,-6.351095057952e-02,-4.250839026079e-01,42.980223952
5965000000.000000,after_h1,9.361598363098e-01,-4.217614676504e-01,-6.384016369016e-02,-4.217614676504e-01,42.656570666
5966000000.000000,after_h1,9.418968835117e-01,-4.138047757949e-01,-5.810311648831e-02,-4.138047757949e-01,41.786405040
5967000000.000000,after_h1,9.385588103867e-01,-4.210985023710e-01,-6.144118961334e-02,-4.210985023710e-01,42.555724466
5968000000.000000,after_h1,9.414676826463e-01,-4.110343357435e-01,-5.853231735375e-02,-4.110343357435e-01,41.518099347
5969000000.000000,after_h1,9.434079161143e-01,-4.093149926412e-01,-5.659208388574e-02,-4.093149926412e-01,41.320869686
5970000000.000000,after_h1,9.413595330503e-01,-4.070380953509e-01,-5.864046694968e-02,-4.070380953509e-01,41.124045938
5971000000.000000,after_h1,9.451999023987e-01,-4.049105557580e-01,-5.480009760130e-02,-4.049105557580e-01,40.860201769
5972000000.000000,after_h1,9.476577766001e-01,-3.964574530555e-01,-5.234222339987e-02,-3.964574530555e-01,39.989776248
5973000000.000000,after_h1,9.452243611513e-01,-3.944062357389e-01,-5.477563884871e-02,-3.944062357389e-01,39.819172443
5974000000.000000,after_h1,9.482535112228e-01,-3.928025981324e-01,-5.174648877717e-02,-3.928025981324e-01,39.619639095
5975000000.000000,after_h1,9.514917599442e-01,-3.864525189045e-01,-4.850824005584e-02,-3.864525189045e-01,38.948504300
5976000000.000000,after_h1,9.500189789233e-01,-3.813559944122e-01,-4.998102107665e-02,-3.813559944122e-01,38.461733833
5977000000.000000,after_h1,9.524156672251e-01,-3.789325794108e-01,-4.758433277490e-02,-3.789325794108e-01,38.190858653
5978000000.000000,after_h1,9.533276723209e-01,-3.742898004252e-01,-4.667232767915e-02,-3.742898004252e-01,37.718849515
5979000000.000000,after_h1,9.571739845921e-01,-3.697980670819e-01,-4.282601540794e-02,-3.697980670819e-01,37.226963080
5980000000.000000,after_h1,9.568136733094e-01,-3.659857484332e-01,-4.318632669057e-02,-3.659857484332e-01,36.852493385
5981000000.000000,after_h1,9.592760536321e-01,-3.626184081598e-01,-4.072394636791e-02,-3.626184081598e-01,36.489799910
5982000000.000000,after_h1,9.591542093549e-01,-3.575561583193e-01,-4.084579064505e-02,-3.575561583193e-01,35.988162632
5983000000.000000,after_h1,9.599502289505e-01,-3.522834952659e-01,-4.004977104952e-02,-3.522834952659e-01,35.455273966
5984000000.000000,after_h1,9.644321226534e-01,-3.457025619351e-01,-3.556787734665e-02,-3.457025619351e-01,34.752745967
5985000000.000000,after_h1,9.625931622652e-01,-3.456683135871e-01,-3.740683773478e-02,-3.456683135871e-01,34.768643132
5986000000.000000,after_h1,9.668167813435e-01,-3.370955785496e-01,-3.318321865654e-02,-3.370955785496e-01,33.872489586
5987000000.000000,after_h1,9.665968358289e-01,-3.360903780951e-01,-3.340316417115e-02,-3.360903780951e-01,33.774622666
5988000000.000000,after_h1,9.659902278440e-01,-3.310513307831e-01,-3.400977215601e-02,-3.310513307831e-01,33.279370219
5989000000.000000,after_h1,9.698072111710e-01,-3.221316090041e-01,-3.019278882905e-02,-3.221316090041e-01,32.354347160
5990000000.000000,after_h1,9.716745690174e-01,-3.178655337458e-01,-2.832543098257e-02,-3.178655337458e-01,31.912509708
5991000000.000000,after_h1,9.760408205995e-01,-3.116588165809e-01,-2.395917940052e-02,-3.116588165809e-01,31.257840653
5992000000.000000,after_h1,9.747364434091e-01,-3.093861316488e-01,-2.526355659090e-02,-3.093861316488e-01,31.041589158
5993000000.000000,after_h1,9.761944756327e-01,-3.023745336526e-01,-2.380552436735e-02,-3.023745336526e-01,30.331017390
5994000000.000000,after_h1,9.757076924741e-01,-2.982135306492e-01,-2.429230752595e-02,-2.982135306492e-01,29.920131361
5995000000.000000,after_h1,9.796370838422e-01,-2.922662583711e-01,-2.036291615776e-02,-2.922662583711e-01,29.297476706
5996000000.000000,after_h1,9.824527511071e-01,-2.878691695728e-01,-1.754724889293e-02,-2.878691695728e-01,28.840347559
5997000000.000000,after_h1,9.817381547576e-01,-2.811991404863e-01,-1.826184524241e-02,-2.811991404863e-01,28.179150378
5998000000.000000,after_h1,9.825312672770e-01,-2.761342131696e-01,-1.746873272301e-02,-2.761342131696e-01,27.668621271
5999000000.000000,after_h1,9.820068784268e-01,-2.720130895430e-01,-1.799312157315e-02,-2.720130895430e-01,27.260754448
6000000000.000000,after_h1,9.862837942739e-01,-2.632523764198e-01,-1.371620572608e-02,-2.632523764198e-01,26.360946112
6001000000.000000,after_h1,9.849235525280e-01,-2.616519113386e-01,-1.507644747202e-02,-2.616519113386e-01,26.208590572
6002000000.000000,after_h1,9.889209202026e-01,-2.548684899863e-01,-1.107907979744e-02,-2.548684899863e-01,25.510917897
6003000000.000000,after_h1,9.910533736605e-01,-2.467236870666e-01,-8.946626339450e-03,-2.467236870666e-01,24.688584383
6004000000.000000,after_h1,9.898265277302e-01,-2.431452765287e-01,-1.017347226978e-02,-2.431452765287e-01,24.335801823
6005000000.000000,after_h1,9.910113139109e-01,-2.388679296320e-01,-8.988686089050e-03,-2.388679296320e-01,23.903699355
6006000000.000000,after_h1,9.942740154198e-01,-2.310219169781e-01,-5.725984580190e-03,-2.310219169781e-01,23.109286667
6007000000.000000,after_h1,9.930702972272e-01,-2.285732248186e-01,-6.929702772789e-03,-2.285732248186e-01,22.867824532
6008000000.000000,after_h1,9.938919474759e-01,-2.222546341549e-01,-6.108052524115e-03,-2.222546341549e-01,22.233854976
6009000000.000000,after_h1,9.953617408610e-01,-2.131704051389e-01,-4.638259139032e-03,-2.131704051389e-01,21.322085985
6010000000.000000,after_h1,9.970383990308e-01,-2.080774562947e-01,-2.961600969207e-03,-2.080774562947e-01,20.809853171
6011000000.000000,after_h1,9.988039032019e-01,-2.014083940599e-01,-1.196096798141e-03,-2.014083940599e-01,20.141194564
6012000000.000000,after_h1,9.972180760825e-01,-2.007226027235e-01,-2.781923917533e-03,-2.007226027235e-01,20.074187990
6013000000.000000,after_h1,1.000424454583e+00,-1.937449255190e-01,4.244545825052e-04,-1.937449255190e-01,19.374539046
6014000000.000000,after_h1,1.001586405693e+00,-1.849730853538e-01,1.586405692516e-03,-1.849730853538e-01,18.497988806
6015000000.000000,after_h1,1.000732893123e+00,-1.822440349970e-01,7.328931227779e-04,-1.822440349970e-01,18.224550865
6016000000.000000,after_h1,1.000933099031e+00,-1.755636870679e-01,9.330990309138e-04,-1.755636870679e-01,17.556616670
6017000000.000000,after_h1,1.001307197769e+00,-1.739321974547e-01,1.307197769464e-03,-1.739321974547e-01,17.393710955
6018000000.000000,after_h1,1.002557132105e+00,-1.637101452177e-01,2.557132104714e-03,-1.637101452177e-01,16.373011504
6019000000.000000,after_h1,1.002805270087e+00,-1.659570553649e-01,2.805270087251e-03,-1.659570553649e-01,16.598076324
6020000000.000000,after_h1,1.004021194038e+00,-1.560130951054e-01,4.021194037598e-03,-1.560130951054e-01,15.606490908
6021000000.000000,after_h1,1.005691454147e+00,-1.523387710692e-01,5.691454146898e-03,-1.523387710692e-01,15.244505181
6022000000.000000,after_h1,1.004047966228e+00,-1.437636201074e-01,4.047966228036e-03,-1.437636201074e-01,14.382059831
6023000000.000000,after_h1,1.007804674890e+00,-1.390892530421e-01,7.804674889869e-03,-1.390892530421e-01,13.930805168
6024000000.000000,after_h1,1.004541044391e+00,-1.366024733809e-01,4.541044390545e-03,-1.366024733809e-01,13.667793098
6025000000.000000,after_h1,1.006318424412e+00,-1.284650562458e-01,6.318424411909e-03,-1.284650562458e-01,12.862034506
6026000000.000000,after_h1,1.008386834406e+00,-1.272478116248e-01,8.386834405527e-03,-1.272478116248e-01,12.752389797
6027000000.000000,after_h1,1.006246844834e+00,-1.215141784351e-01,6.246844833746e-03,-1.215141784351e-01,12.167464251
6028000000.000000,after_h1,1.008616352458e+00,-1.124939910881e-01,8.616352457946e-03,-1.124939910881e-01,11.282348851
6029000000.000000,after_h1,1.008909613023e+00,-1.114779509697e-01,8.909613023314e-03,-1.114779509697e-01,11.183342415
6030000000.000000,after_h1,1.009154982332e+00,-1.096421489494e-01,9.154982332348e-03,-1.096421489494e-01,11.002369985
6031000000.000000,after_h1,1.008935091571e+00,-1.004954440879e-01,8.935091570710e-03,-1.004954440879e-01,10.089187353
6032000000.000000,after_h1,1.009591213420e+00,-9.507555176105e-02,9.591213420383e-03,-9.507555176105e-02,9.555810754
6033000000.000000,after_h1,1.010153784326e+00,-9.125501220348e-02,1.015378432629e-02,-9.125501220348e-02,9.181817134
6034000000.000000,after_h1,1.010405164877e+00,-9.187769215589e-02,1.040516487689e-02,-9.187769215589e-02,9.246500837
6035000000.000000,after_h1,1.010843402351e+00,-8.248828814260e-02,1.084340235061e-02,-8.248828814260e-02,8.319793901
6036000000.000000,after_h1,1.009643866579e+00,-8.147804275380e-02,9.643866578521e-03,-8.147804275380e-02,8.204678917
6037000000.000000,after_h1,1.009358432532e+00,-7.521933998642e-02,9.358432532378e-03,-7.521933998642e-02,7.579927023
6038000000.000000,after_h1,1.009090542044e+00,-7.212033813124e-02,9.090542044237e-03,-7.212033813124e-02,7.269099756
6039000000.000000,after_h1,1.009915970682e+00,-6.513511718174e-02,9.915970682202e-03,-6.513511718174e-02,6.588558237
6040000000.000000,after_h1,1.010825192086e+00,-6.540957018096e-02,1.082519208610e-02,-6.540957018096e-02,6.629929604
6041000000.000000,after_h1,1.011464502288e+00,-5.955391791149e-02,1.146450228760e-02,-5.955391791149e-02,6.064737382
6042000000.000000,after_h1,1.010521292338e+00,-5.465744985199e-02,1.052129233787e-02,-5.465744985199e-02,5.566088768
6043000000.000000,after_h1,1.010945981494e+00,-5.259760786199e-02,1.094598149356e-02,-5.259760786199e-02,5.372450897
6044000000.000000,after_h1,1.012787422844e+00,-5.011185924494e-02,1.278742284425e-02,-5.011185924494e-02,5.171766255
6045000000.000000,after_h1,1.012142742769e+00,-4.669913088273e-02,1.214274276948e-02,-4.669913088273e-02,4.825199506
6046000000.000000,after_h1,1.009747092120e+00,-4.199812490098e-02,9.747092119532e-03,-4.199812490098e-02,4.311436304
6047000000.000000,after_h1,1.011714866472e+00,-4.136929854443e-02,1.171486647215e-02,-4.136929854443e-02,4.299601096
6048000000.000000,after_h1,1.012816663496e+00,-3.684857313607e-02,1.281666349633e-02,-3.684857313607e-02,3.901389759
6049000000.000000,after_h1,1.011538474956e+00,-3.655602979406e-02,1.153847495617e-02,-3.655602979406e-02,3.833379343
6050000000.000000,after_h1,1.009558728260e+00,-3.113817268673e-02,9.558728260203e-03,-3.113817268673e-02,3.257230548
6051000000.000000,after_h1,1.010256799570e+00,-3.132784052621e-02,1.025679957050e-02,-3.132784052621e-02,3.296415522
6052000000.000000,after_h1,1.010122784487e+00,-2.612340426384e-02,1.012278448703e-02,-2.612340426384e-02,2.801612065
6053000000.000000,after_h1,1.009184257495e+00,-2.817026070789e-02,9.184257495485e-03,-2.817026070789e-02,2.962961650
6054000000.000000,after_h1,1.010428628815e+00,-2.501418810765e-02,1.042862881536e-02,-2.501418810765e-02,2.710103145
6055000000.000000,after_h1,1.008923859852e+00,-1.962161462441e-02,8.923859851840e-03,-1.962161462441e-02,2.155558014
6056000000.000000,after_h1,1.008117715312e+00,-1.967226450932e-02,8.117715312003e-03,-1.967226450932e-02,2.128133673
6057000000.000000,after_h1,1.008877282707e+00,-1.248718014751e-02,8.877282706769e-03,-1.248718014751e-02,1.532109057
6058000000.000000,after_h1,1.010816282291e+00,-1.177817644576e-02,1.081628229144e-02,-1.177817644576e-02,1.599116641
6059000000.000000,after_h1,1.008774332106e+00,-1.082262531866e-02,8.774332105589e-03,-1.082262531866e-02,1.393262799
6060000000.000000,after_h1,1.008393509878e+00,-9.533417074612e-03,8.393509877714e-03,-9.533417074612e-03,1.270185220
6061000000.000000,after_h1,1.008437741520e+00,-1.035460211047e-02,8.437741520341e-03,-1.035460211047e-02,1.335714291
6062000000.000000,after_h1,1.008741075707e+00,-8.033046917124e-03,8.741075707451e-03,-8.033046917124e-03,1.187165731
6063000000.000000,after_h1,1.008639898185e+00,-6.760552133091e-03,8.639898185408e-03,-6.760552133091e-03,1.097054720
6064000000.000000,after_h1,1.008150564157e+00,-7.205385067220e-03,8.150564157029e-03,-7.205385067220e-03,1.087884507
6065000000.000000,after_h1,1.009697513089e+00,-3.763022073568e-03,9.697513088825e-03,-3.763022073568e-03,1.040202361
6066000000.000000,after_h1,1.008109427530e+00,-1.970696524918e-03,8.109427530035e-03,-1.970696524918e-03,0.834544544
6067000000.000000,after_h1,1.008948170765e+00,-8.662559656725e-04,8.948170765285e-03,-8.662559656725e-04,0.899000331
6068000000.000000,after_h1,1.009499719455e+00,-1.770152647216e-03,9.499719454914e-03,-1.770152647216e-03,0.966323497
6069000000.000000,after_h1,1.007272374619e+00,1.287586742923e-03,7.272374618512e-03,1.287586742923e-03,0.738547982
6070000000.000000,after_h1,1.007413250970e+00,9.845124044949e-05,7.413250970058e-03,9.845124044949e-05,0.741390468
6071000000.000000,after_h1,1.007715082438e+00,-4.918580325276e-03,7.715082438138e-03,-4.918580325276e-03,0.914958630
6072000000.000000,after_h1,1.008255672822e+00,-1.319537435906e-04,8.255672821936e-03,-1.319537435906e-04,0.825672729
6073000000.000000,after_h1,1.007874952305e+00,-1.720808638741e-03,7.874952305136e-03,-1.720808638741e-03,0.806077268
6074000000.000000,after_h1,1.006139528997e+00,1.814519627656e-03,6.139528996930e-03,1.814519627656e-03,0.640205418
6075000000.000000,after_h1,1.008089834373e+00,-2.747975036000e-03,8.089834373376e-03,-2.747975036000e-03,0.854381572
6076000000.000000,after_h1,1.007560522113e+00,4.369183920963e-03,7.560522112853e-03,4.369183920963e-03,0.873219690
6077000000.000000,after_h1,1.008277885374e+00,2.391658903540e-03,8.277885373738e-03,2.391658903540e-03,0.861646207
6078000000.000000,after_h1,1.008880216882e+00,1.406206986423e-03,8.880216882464e-03,1.406206986423e-03,0.899086592
6079000000.000000,after_h1,1.005589470676e+00,-3.685400021312e-04,5.589470675844e-03,-3.685400021312e-04,0.560160728
6080000000.000000,after_h1,1.004550936423e+00,-1.215220217705e-03,4.550936423179e-03,-1.215220217705e-03,0.471039091
6081000000.000000,after_h1,1.004998997405e+00,2.635151548840e-03,4.998997405433e-03,2.635151548840e-03,0.565101750
6082000000.000000,after_h1,1.008305405546e+00,-1.448287706843e-03,8.305405545717e-03,-1.448287706843e-03,0.843073535
6083000000.000000,after_h1,1.006099792117e+00,-3.256816530071e-03,6.099792116635e-03,-3.256816530071e-03,0.691478979
6084000000.000000,after_h1,1.004070796912e+00,-6.610115102858e-03,4.070796912083e-03,-6.610115102858e-03,0.776305411
6085000000.000000,after_h1,1.006904834163e+00,-4.060158720027e-03,6.904834163331e-03,-4.060158720027e-03,0.801009511
6086000000.000000,after_h1,1.007942179325e+00,-7.109456726938e-03,7.942179325143e-03,-7.109456726938e-03,1.065938963
6087000000.000000,after_h1,1.006083953183e+00,-4.568130487331e-03,6.083953182944e-03,-4.568130487331e-03,0.760804196
6088000000.000000,after_h1,1.005690598228e+00,-5.933880923549e-03,5.690598228304e-03,-5.933880923549e-03,0.822154797
6089000000.000000,after_h1,1.005944547945e+00,-1.033863669769e-02,5.944547945139e-03,-1.033863669769e-02,1.192581482
6090000000.000000,after_h1,1.004681051748e+00,-7.955675715706e-03,4.681051748038e-03,-7.955675715706e-03,0.923065662
6091000000.000000,after_h1,1.006767371149e+00,-8.418108009498e-03,6.767371148770e-03,-8.418108009498e-03,1.080101175
6092000000.000000,after_h1,1.006187657239e+00,-1.329593715203e-02,6.187657238792e-03,-1.329593715203e-02,1.466523259
6093000000.000000,after_h1,1.006019903672e+00,-1.232616636871e-02,6.019903671735e-03,-1.232616636871e-02,1.371763892
6094000000.000000,after_h1,1.004314767718e+00,-1.694171988921e-02,4.314767718287e-03,-1.694171988921e-02,1.748253681
6095000000.000000,after_h1,1.005200071680e+00,-1.599922986408e-02,5.200071680317e-03,-1.599922986408e-02,1.682308241
6096000000.000000,after_h1,1.005236953660e+00,-2.153973823431e-02,5.236953660041e-03,-2.153973823431e-02,2.216722822
6097000000.000000,after_h1,1.003819302319e+00,-2.053740299574e-02,3.819302318769e-03,-2.053740299574e-02,2.088951871
6098000000.000000,after_h1,1.004619836676e+00,-2.301866875607e-02,4.619836675749e-03,-2.301866875607e-02,2.347769159
6099000000.000000,after_h1,1.006483774856e+00,-2.778475086565e-02,6.483774855844e-03,-2.778475086565e-02,2.853124107
6100000000.000000,after_h1,1.004600034031e+00,-2.654174429390e-02,4.600034031402e-03,-2.654174429390e-02,2.693741827
6101000000.000000,after_h1,1.005934248493e+00,-2.869377047051e-02,5.934248492961e-03,-2.869377047051e-02,2.930098580
6102000000.000000,after_h1,1.003894008001e+00,-3.054001496517e-02,3.894008000560e-03,-3.054001496517e-02,3.078726705
6103000000.000000,after_h1,1.005285088726e+00,-3.260592758196e-02,5.285088726380e-03,-3.260592758196e-02,3.303148008
6104000000.000000,after_h1,1.004585094345e+00,-3.495840646635e-02,4.585094344969e-03,-3.495840646635e-02,3.525781151
6105000000.000000,after_h1,1.004823254581e+00,-3.352474703481e-02,4.823254580870e-03,-3.352474703481e-02,3.386993429
6106000000.000000,after_h1,1.003618434845e+00,-3.863260755426e-02,3.618434845321e-03,-3.863260755426e-02,3.880169374
6107000000.000000,after_h1,1.003578652026e+00,-4.018590623150e-02,3.578652026241e-03,-4.018590623150e-02,4.034493537
6108000000.000000,after_h1,1.003679604872e+00,-4.375046518971e-02,3.679604871913e-03,-4.375046518971e-02,4.390492793
6109000000.000000,after_h1,1.002732861951e+00,-4.514415174425e-02,2.732861950613e-03,-4.514415174425e-02,4.522679484
6110000000.000000,after_h1,1.004012399839e+00,-4.510844769226e-02,4.012399839282e-03,-4.510844769226e-02,4.528654773
6111000000.000000,after_h1,1.001731428807e+00,-4.651808849329e-02,1.731428807453e-03,-4.651808849329e-02,4.655029971
6112000000.000000,after_h1,1.002755661558e+00,-5.331289358585e-02,2.755661558411e-03,-5.331289358585e-02,5.338406404
6113000000.000000,after_h1,1.001815137742e+00,-5.273720751141e-02,1.815137742393e-03,-5.273720751141e-02,5.276843546
6114000000.000000,after_h1,1.000726287070e+00,-5.497838429646e-02,7.262870701954e-04,-5.497838429646e-02,5.498318136
6115000000.000000,after_h1,1.002288065485e+00,-6.293602233299e-02,2.288065485197e-03,-6.293602233299e-02,6.297760039
6116000000.000000,after_h1,1.003127084724e+00,-6.237130836551e-02,3.127084724286e-03,-6.237130836551e-02,6.244964985
6117000000.000000,after_h1,1.003152148642e+00,-6.577236503525e-02,3.152148641854e-03,-6.577236503525e-02,6.584785527
6118000000.000000,after_h1,1.001812864655e+00,-6.404633978892e-02,1.812864655194e-03,-6.404633978892e-02,6.407199169
6119000000.000000,after_h1,1.000047193729e+00,-6.637942586531e-02,4.719372878292e-05,-6.637942586531e-02,6.637944264
6120000000.000000,after_h1,1.003129989798e+00,-7.093393571948e-02,3.129989798119e-03,-7.093393571948e-02,7.100295820
6121000000.000000,after_h1,1.001087602147e+00,-7.213494080327e-02,1.087602146638e-03,-7.213494080327e-02,7.214313940
6122000000.000000,after_h1,1.002727360473e+00,-7.638487822757e-02,2.727360472789e-03,-7.638487822757e-02,7.643355361
6123000000.000000,after_h1,1.001552820508e+00,-7.976940330159e-02,1.552820508485e-03,-7.976940330159e-02,7.978451576
6124000000.000000,after_h1,1.002829320935e+00,-7.991513850309e-02,2.829320934558e-03,-7.991513850309e-02,7.996520755
6125000000.000000,after_h1,9.996127317971e-01,-8.174770949242e-02,-3.872682028894e-04,-8.174770949242e-02,8.174862680
6126000000.000000,after_h1,9.999042261096e-01,-8.672739742947e-02,-9.577389035698e-05,-8.672739742947e-02,8.672745031
6127000000.000000,after_h1,1.001106766244e+00,-8.618109361306e-02,1.106766243784e-03,-8.618109361306e-02,8.618820005
6128000000.000000,after_h1,1.001158746383e+00,-8.657244665206e-02,1.158746383059e-03,-8.657244665206e-02,8.658020104
6129000000.000000,after_h1,1.001090438533e+00,-9.006637353065e-02,1.090438533357e-03,-9.006637353065e-02,9.007297429
6130000000.000000,after_h1,9.974768061715e-01,-9.125322784764e-02,-2.523193828480e-03,-9.125322784764e-02,9.128810492
6131000000.000000,after_h1,9.993448601965e-01,-9.728518572251e-02,-6.551398035065e-04,-9.728518572251e-02,9.728739163
6132000000.000000,after_h1,9.990274462004e-01,-9.253842198871e-02,-9.725537995834e-04,-9.253842198871e-02,9.254353249
6133000000.000000,after_h1,9.989817877721e-01,-9.286413728386e-02,-1.018212227865e-03,-9.286413728386e-02,9.286971923
6134000000.000000,after_h1,9.993355887224e-01,-1.028536503537e-01,-6.644112775546e-04,-1.028536503537e-01,10.285579630
6135000000.000000,after_h1,9.987189824304e-01,-9.978617618903e-02,-1.281017569567e-03,-9.978617618903e-02,9.979439846
6136000000.000000,after_h1,9.992517979196e-01,-1.017593074080e-01,-7.482020803679e-04,-1.017593074080e-01,10.176205801
6137000000.000000,after_h1,9.980074510668e-01,-1.060877664788e-01,-1.992548933237e-03,-1.060877664788e-01,10.610647694
6138000000.000000,after_h1,9.984507055738e-01,-1.052528035030e-01,-1.549294426166e-03,-1.052528035030e-01,10.526420549
6139000000.000000,after_h1,9.992591435254e-01,-1.090419443428e-01,-7.408564745672e-04,-1.090419443428e-01,10.904446109
6140000000.000000,after_h1,9.971432567466e-01,-1.101625616767e-01,-2.856743253362e-03,-1.101625616767e-01,11.019959608
6141000000.000000,after_h1,9.970647990725e-01,-1.087503673334e-01,-2.935200927520e-03,-1.087503673334e-01,10.878997104
6142000000.000000,after_h1,9.992178234957e-01,-1.118755103079e-01,-7.821765043337e-04,-1.118755103079e-01,11.187824456
6143000000.000000,after_h1,9.971433898042e-01,-1.128483264900e-01,-2.856610195823e-03,-1.128483264900e-01,11.288447641
6144000000.000000,after_h1,9.961593864032e-01,-1.142124371210e-01,-3.840613596771e-03,-1.142124371210e-01,11.427699290
6145000000.000000,after_h1,9.970759467451e-01,-1.150900492615e-01,-2.924053254920e-03,-1.150900492615e-01,11.512718848
6146000000.000000,after_h1,9.966811885880e-01,-1.188061352177e-01,-3.318811411960e-03,-1.188061352177e-01,11.885248115
6147000000.000000,after_h1,9.980532212185e-01,-1.154394319079e-01,-1.946778781452e-03,-1.154394319079e-01,11.545584605
6148000000.000000,after_h1,9.971379421729e-01,-1.168647649516e-01,-2.862057827068e-03,-1.168647649516e-01,11.689980608
6149000000.000000,after_h1,9.968898711291e-01,-1.217902095399e-01,-3.110128870934e-03,-1.217902095399e-01,12.182991439
6150000000.000000,after_h1,9.962310122034e-01,-1.211696354196e-01,-3.768987796622e-03,-1.211696354196e-01,12.122823853
6151000000.000000,after_h1,9.971508065439e-01,-1.218230048775e-01,-2.849193456097e-03,-1.218230048775e-01,12.185631876
6152000000.000000,after_h1,9.974019612047e-01,-1.220826819984e-01,-2.598038795267e-03,-1.220826819984e-01,12.211032327
6153000000.000000,after_h1,9.953733645675e-01,-1.224859566915e-01,-4.626635432456e-03,-1.224859566915e-01,12.257330599
6154000000.000000,after_h1,9.993689057607e-01,-1.253811275728e-01,-6.310942393029e-04,-1.253811275728e-01,12.538271584
6155000000.000000,after_h1,9.969632692373e-01,-1.263532947739e-01,-3.036730762750e-03,-1.263532947739e-01,12.638978137
6156000000.000000,after_h1,9.987384944871e-01,-1.232042785607e-01,-1.261505512914e-03,-1.232042785607e-01,12.321073676
6157000000.000000,after_h1,9.975658054627e-01,-1.284486245295e-01,-2.434194537347e-03,-1.284486245295e-01,12.847168733
6158000000.000000,after_h1,9.965846717478e-01,-1.279474181796e-01,-3.415328252224e-03,-1.279474181796e-01,12.799299311
6159000000.000000,after_h1,9.948379824049e-01,-1.280920724271e-01,-5.162017595094e-03,-1.280920724271e-01,12.819604301
6160000000.000000,after_h1,9.965414109854e-01,-1.221542409363e-01,-3.458589014571e-03,-1.221542409363e-01,12.220319315
6161000000.000000,after_h1,9.962897925252e-01,-1.294000254108e-01,-3.710207474759e-03,-1.294000254108e-01,12.945320473
6162000000.000000,after_h1,9.975789904750e-01,-1.256061728870e-01,-2.421009524984e-03,-1.256061728870e-01,12.562950272
6163000000.000000,after_h1,9.973318879948e-01,-1.252253485125e-01,-2.668112005242e-03,-1.252253485125e-01,12.525376933
6164000000.000000,after_h1,9.968513358081e-01,-1.289058955607e-01,-3.148664191892e-03,-1.289058955607e-01,12.894434457
6165000000.000000,after_h1,9.970089628232e-01,-1.281049430451e-01,-2.991037176773e-03,-1.281049430451e-01,12.813985616
6166000000.000000,after_h1,9.981922608366e-01,-1.241598630772e-01,-1.807739163392e-03,-1.241598630772e-01,12.417302251
6167000000.000000,after_h1,9.992317132147e-01,-1.276553916917e-01,-7.682867853487e-04,-1.276553916917e-01,12.765770362
6168000000.000000,after_h1,9.979324940065e-01,-1.252931740327e-01,-2.067505993469e-03,-1.252931740327e-01,12.531023119
6169000000.000000,after_h1,9.996777556520e-01,-1.239911848583e-01,-3.222443479866e-04,-1.239911848583e-01,12.399160360
6170000000.000000,after_h1,9.991240246691e-01,-1.224799046959e-01,-8.759753308984e-04,-1.224799046959e-01,12.248303714
6171000000.000000,after_h1,9.986808864417e-01,-1.228298601474e-01,-1.319113558318e-03,-1.228298601474e-01,12.283694316
6172000000.000000,after_h1,9.995257655254e-01,-1.183597484101e-01,-4.742344746127e-04,-1.183597484101e-01,11.836069847
6173000000.000000,after_h1,9.981842226866e-01,-1.210262540099e-01,-1.815777313370e-03,-1.210262540099e-01,12.103987445
6174000000.000000,after_h1,9.991585543402e-01,-1.224281219807e-01,-8.414456597713e-04,-1.224281219807e-01,12.243101356
6175000000.000000,after_h1,9.998193504642e-01,-1.150749939293e-01,-1.806495357618e-04,-1.150749939293e-01,11.507513572
6176000000.000000,after_h1,1.000451714227e+00,-1.168697796544e-01,4.517142273635e-04,-1.168697796544e-01,11.687065261
6177000000.000000,after_h1,9.986279306257e-01,-1.158762248857e-01,-1.372069374293e-03,-1.158762248857e-01,11.588434781
6178000000.000000,after_h1,1.000110421249e+00,-1.096597489098e-01,1.104212487018e-04,-1.096597489098e-01,10.965980450
6179000000.000000,after_h1,1.000990049486e+00,-1.089701121527e-01,9.900494860542e-04,-1.089701121527e-01,10.897460961
6180000000.000000,after_h1,9.994950826684e-01,-1.104120038279e-01,-5.049173315975e-04,-1.104120038279e-01,11.041315832
6181000000.000000,after_h1,1.001448185220e+00,-1.090412109505e-01,1.448185220196e-03,-1.090412109505e-01,10.905082726
6182000000.000000,after_h1,1.001131257391e+00,-1.043202752785e-01,1.131257390911e-03,-1.043202752785e-01,10.432640882
6183000000.000000,after_h1,1.001170571567e+00,-1.071876409786e-01,1.170571567281e-03,-1.071876409786e-01,10.719403256
6184000000.000000,after_h1,1.001202720110e+00,-1.009019033895e-01,1.202720109897e-03,-1.009019033895e-01,10.090907116
6185000000.000000,after_h1,1.003381368301e+00,-9.929486359631e-02,3.381368301483e-03,-9.929486359631e-02,9.935242115
6186000000.000000,after_h1,1.002795145101e+00,-9.576421647378e-02,2.795145100700e-03,-9.576421647378e-02,9.580499983
6187000000.000000,after_h1,1.003848273961e+00,-9.411087580155e-02,3.848273961494e-03,-9.411087580155e-02,9.418952254
6188000000.000000,after_h1,1.003427364822e+00,-9.056358272122e-02,3.427364822228e-03,-9.056358272122e-02,9.062841356
6189000000.000000,after_h1,1.004436691828e+00,-8.962391064322e-02,4.436691828035e-03,-8.962391064322e-02,8.973365920
6190000000.000000,after_h1,1.006017687651e+00,-9.072587813666e-02,6.017687651335e-03,-9.072587813666e-02,9.092523043
6191000000.000000,after_h1,1.005535363702e+00,-8.476786791682e-02,5.535363702206e-03,-8.476786791682e-02,8.494840600
6192000000.000000,after_h1,1.003415931191e+00,-8.473999008032e-02,3.415931190689e-03,-8.473999008032e-02,8.480881148
6193000000.000000,after_h1,1.003343744004e+00,-7.907400343211e-02,3.343744004210e-03,-7.907400343211e-02,7.914466907
6194000000.000000,after_h1,1.005513590224e+00,-7.622470577304e-02,5.513590223603e-03,-7.622470577304e-02,7.642385392
6195000000.000000,after_h1,1.006000151892e+00,-7.536097657744e-02,6.000151891635e-03,-7.536097657744e-02,7.559946173
6196000000.000000,after_h1,1.006790613096e+00,-6.860473835620e-02,6.790613096459e-03,-6.860473835620e-02,6.893999239
6197000000.000000,after_h1,1.006810283071e+00,-6.899330926802e-02,6.810283071092e-03,-6.899330926802e-02,6.932861371
6198000000.000000,after_h1,1.006994263462e+00,-6.606925588511e-02,6.994263461918e-03,-6.606925588511e-02,6.643843989
6199000000.000000,after_h1,1.005083151569e+00,-6.089558495588e-02,5.083151568568e-03,-6.089558495588e-02,6.110737023
6200000000.000000,after_h1,1.007289812681e+00,-6.027226294486e-02,7.289812681098e-03,-6.027226294486e-02,6.071150673
6201000000.000000,after_h1,1.008254797409e+00,-5.453587038766e-02,8.254797409438e-03,-5.453587038766e-02,5.515707424
6202000000.000000,after_h1,1.007775206634e+00,-5.328113327791e-02,7.775206633784e-03,-5.328113327791e-02,5.384545479
6203000000.000000,after_h1,1.007607104459e+00,-4.353839688901e-02,7.607104458766e-03,-4.353839688901e-02,4.419796423
6204000000.000000,after_h1,1.009391861650e+00,-4.445270996318e-02,9.391861650118e-03,-4.445270996318e-02,4.543402347
6205000000.000000,after_h1,1.008771931656e+00,-4.252981754798e-02,8.771931656121e-03,-4.252981754798e-02,4.342501774
6206000000.000000,after_h1,1.007561283007e+00,-3.733565940918e-02,7.561283006653e-03,-3.733565940918e-02,3.809362761
6207000000.000000,after_h1,1.011342582217e+00,-3.808810756069e-02,1.134258221688e-02,-3.808810756069e-02,3.974113875
6208000000.000000,after_h1,1.010530845722e+00,-3.326389497847e-02,1.053084572166e-02,-3.326389497847e-02,3.489105073
6209000000.000000,after_h1,1.010862464136e+00,-2.515932054702e-02,1.086246413593e-02,-2.515932054702e-02,2.740409709
6210000000.000000,after_h1,1.011954457206e+00,-2.127312481253e-02,1.195445720559e-02,-2.127312481253e-02,2.440194432
6211000000.000000,after_h1,1.008902738170e+00,-1.781258675740e-02,8.902738170307e-03,-1.781258675740e-02,1.991348774
6212000000.000000,after_h1,1.010679604311e+00,-1.404607526661e-02,1.067960431120e-02,-1.404607526661e-02,1.764500435
6213000000.000000,after_h1,1.011655242605e+00,-1.350784159616e-02,1.165524260502e-02,-1.350784159616e-02,1.784114528
6214000000.000000,after_h1,1.011419894992e+00,-3.981220753303e-03,1.141989499184e-02,-3.981220753303e-03,1.209397041
6215000000.000000,after_h1,1.010974650636e+00,-2.483518744119e-03,1.097465063569e-02,-2.483518744119e-03,1.125214744
6216000000.000000,after_h1,1.011846648959e+00,-1.363374617098e-03,1.184664895850e-02,-1.363374617098e-03,1.192484306
6217000000.000000,after_h1,1.012269188964e+00,7.690032136421e-03,1.226918896420e-02,7.690032136421e-03,1.447997210
6218000000.000000,after_h1,1.010784270346e+00,7.084618196205e-03,1.078427034634e-02,7.084618196205e-03,1.290318960
6219000000.000000,after_h1,1.010432905025e+00,1.664163827433e-02,1.043290502453e-02,1.664163827433e-02,1.964152824
6220000000.000000,after_h1,1.012659328082e+00,1.916817307307e-02,1.265932808180e-02,1.916817307307e-02,2.297123084
6221000000.000000,after_h1,1.011757616594e+00,2.196777655325e-02,1.175761659368e-02,2.196777655325e-02,2.491635516
6222000000.000000,after_h1,1.011161837387e+00,2.308671041942e-02,1.116183738671e-02,2.308671041942e-02,2.564337754
6223000000.000000,after_h1,1.010273763553e+00,2.716124603612e-02,1.027376355323e-02,2.716124603612e-02,2.903934407
6224000000.000000,after_h1,1.012780594444e+00,3.300690839549e-02,1.278059444371e-02,3.300690839549e-02,3.539490918
6225000000.000000,after_h1,1.010801537197e+00,3.639989932485e-02,1.080153719740e-02,3.639989932485e-02,3.796874868
6226000000.000000,after_h1,1.012724174707e+00,3.898899724822e-02,1.272417470665e-02,3.898899724822e-02,4.101276056
6227000000.000000,after_h1,1.012071403425e+00,4.517345938247e-02,1.207140342505e-02,4.517345938247e-02,4.675853091
6228000000.000000,after_h1,1.011322543024e+00,4.912727093137e-02,1.132254302356e-02,4.912727093137e-02,5.041516369
6229000000.000000,after_h1,1.012335076869e+00,5.291389613516e-02,1.233507686898e-02,5.291389613516e-02,5.433262855
6230000000.000000,after_h1,1.009980299493e+00,5.905821997252e-02,9.980299492684e-03,5.905821997252e-02,5.989557349
6231000000.000000,after_h1,1.011471862458e+00,6.073270769278e-02,1.147186245833e-02,6.073270769278e-02,6.180667773
6232000000.000000,after_h1,1.010978003274e+00,6.652324436669e-02,1.097800327396e-02,6.652324436669e-02,6.742298271
6233000000.000000,after_h1,1.010026287048e+00,6.900184728008e-02,1.002628704777e-02,6.900184728008e-02,6.972647532
6234000000.000000,after_h1,1.009912750912e+00,7.459117603524e-02,9.912750911512e-03,7.459117603524e-02,7.524696787
6235000000.000000,after_h1,1.011923699393e+00,7.441312843627e-02,1.192369939264e-02,7.441312843627e-02,7.536237981
6236000000.000000,after_h1,1.008981652678e+00,7.862755245356e-02,8.981652678288e-03,7.862755245356e-02,7.913887850
6237000000.000000,after_h1,1.011748388273e+00,8.652670463757e-02,1.174838827303e-02,8.652670463757e-02,8.732064614
6238000000.000000,after_h1,1.008300193105e+00,8.811325974613e-02,8.300193105175e-03,8.811325974613e-02,8.850333185
6239000000.000000,after_h1,1.011892161471e+00,9.220750277548e-02,1.189216147066e-02,9.220750277548e-02,9.297121637
6240000000.000000,after_h1,1.009616051133e+00,9.727953916413e-02,9.616051133469e-03,9.727953916413e-02,9.775365558
6241000000.000000,after_h1,1.009908054741e+00,9.798094816737e-02,9.908054741018e-03,9.798094816737e-02,9.848063643
6242000000.000000,after_h1,1.010418906551e+00,1.042878463600e-01,1.041890655122e-02,1.042878463600e-01,10.480700603
6243000000.000000,after_h1,1.009514714451e+00,1.081616827780e-01,9.514714450562e-03,1.081616827780e-01,10.857936918
6244000000.000000,after_h1,1.009961538035e+00,1.117416780736e-01,9.961538035421e-03,1.117416780736e-01,11.218482455
6245000000.000000,after_h1,1.007915934155e+00,1.144194189223e-01,7.915934155090e-03,1.144194189223e-01,11.469291800
6246000000.000000,after_h1,1.007633061598e+00,1.170136598318e-01,7.633061598205e-03,1.170136598318e-01,11.726235635
6247000000.000000,after_h1,1.009349643142e+00,1.213871814128e-01,9.349643141525e-03,1.213871814128e-01,12.174671921
6248000000.000000,after_h1,1.010737330258e+00,1.264847649617e-01,1.073733025848e-02,1.264847649617e-01,12.693969446
6249000000.000000,after_h1,1.007366762394e+00,1.306143960957e-01,7.366762394328e-03,1.306143960957e-01,13.082197696
6250000000.000000,after_h1,1.009573031949e+00,1.323737538771e-01,9.573031949440e-03,1.323737538771e-01,13.271945470
6251000000.000000,after_h1,1.005809542485e+00,1.394392601684e-01,5.809542485387e-03,1.394392601684e-01,13.956023094
6252000000.000000,after_h1,1.007479176348e+00,1.396798626473e-01,7.479176348111e-03,1.396798626473e-01,13.987995606
6253000000.000000,after_h1,1.007524395578e+00,1.437409028309e-01,7.524395577511e-03,1.437409028309e-01,14.393770762
6254000000.000000,after_h1,1.006312553589e+00,1.488116534256e-01,6.312553588963e-03,1.488116534256e-01,14.894548173
6255000000.000000,after_h1,1.007599978453e+00,1.530871645905e-01,7.599978452876e-03,1.530871645905e-01,15.327569812
6256000000.000000,after_h1,1.007256072486e+00,1.560013469440e-01,7.256072485747e-03,1.560013469440e-01,15.617000620
6257000000.000000,after_h1,1.004335596556e+00,1.524016114487e-01,4.335596556361e-03,1.524016114487e-01,15.246326958
6258000000.000000,after_h1,1.004701564768e+00,1.593601085568e-01,4.701564767995e-03,1.593601085568e-01,15.942944807
6259000000.000000,after_h1,1.006318351226e+00,1.653642055196e-01,6.318351225893e-03,1.653642055196e-01,16.548486949
6260000000.000000,after_h1,1.003451218956e+00,1.680774225959e-01,3.451218955628e-03,1.680774225959e-01,16.811285168
6261000000.000000,after_h1,1.002986193843e+00,1.717730815701e-01,2.986193843175e-03,1.717730815701e-01,17.179903639
6262000000.000000,after_h1,1.003746725691e+00,1.715996399179e-01,3.746725691244e-03,1.715996399179e-01,17.164053826
6263000000.000000,after_h1,1.005568705225e+00,1.761748348704e-01,5.568705224918e-03,1.761748348704e-01,17.626282342
6264000000.000000,after_h1,1.003267976437e+00,1.794719426973e-01,3.267976437473e-03,1.794719426973e-01,17.950169327
6265000000.000000,after_h1,1.002112326683e+00,1.764319502739e-01,2.112326682711e-03,1.764319502739e-01,17.644459471
6266000000.000000,after_h1,1.003489990505e+00,1.806421784130e-01,3.489990505115e-03,1.806421784130e-01,18.067588842
6267000000.000000,after_h1,1.003354165336e+00,1.830377647248e-01,3.354165335684e-03,1.830377647248e-01,18.306849467
6268000000.000000,after_h1,1.001349444728e+00,1.870420600514e-01,1.349444728498e-03,1.870420600514e-01,18.704692788
6269000000.000000,after_h1,1.001931448818e+00,1.909119704230e-01,1.931448817725e-03,1.909119704230e-01,19.092174037
6270000000.000000,after_h1,1.001985449474e+00,1.903446185910e-01,1.985449473950e-03,1.903446185910e-01,19.035497324
6271000000.000000,after_h1,1.001582978160e+00,1.953203038484e-01,1.582978160026e-03,1.953203038484e-01,19.532671839
6272000000.000000,after_h1,1.002242210072e+00,1.941889705382e-01,2.242210072278e-03,1.941889705382e-01,19.420191499
6273000000.000000,after_h1,1.000564388566e+00,1.991984815887e-01,5.643885656490e-04,1.991984815887e-01,19.919928113
6274000000.000000,after_h1,1.001951604285e+00,1.995537282692e-01,1.951604284762e-03,1.995537282692e-01,19.956327123
6275000000.000000,after_h1,1.000168163486e+00,2.057826096596e-01,1.681634864810e-04,2.057826096596e-01,20.578267837
6276000000.000000,after_h1,1.000485215054e+00,2.018809296874e-01,4.852150535151e-04,2.018809296874e-01,20.188151279
6277000000.000000,after_h1,9.990974046312e-01,2.016612219229e-01,-9.025953687659e-04,2.016612219229e-01,20.166324183
6278000000.000000,after_h1,1.001150162839e+00,2.064754372221e-01,1.150162839460e-03,2.064754372221e-01,20.647864066
6279000000.000000,after_h1,9.997344557920e-01,2.104671151368e-01,-2.655442079904e-04,2.104671151368e-01,21.046728265
6280000000.000000,after_h1,9.999967757464e-01,2.128068661475e-01,-3.224253633194e-06,2.128068661475e-01,21.280686617
6281000000.000000,after_h1,1.002260489266e+00,2.096888330191e-01,2.260489265889e-03,2.096888330191e-01,20.970101694
6282000000.000000,after_h1,1.000230115267e+00,2.135026118377e-01,2.301152669093e-04,2.135026118377e-01,21.350273585
6283000000.000000,after_h1,1.001497288172e+00,2.161941457338e-01,1.497288172359e-03,2.161941457338e-01,21.619933053
6284000000.000000,after_h1,1.000734294947e+00,2.183817593446e-01,7.342949466447e-04,2.183817593446e-01,21.838299385
6285000000.000000,after_h1,1.000423478400e+00,2.187162884121e-01,4.234784000583e-04,2.187162884121e-01,21.871669838
6286000000.000000,after_h1,9.993075741788e-01,2.178072884297e-01,-6.924258212085e-04,2.178072884297e-01,21.780838906
6287000000.000000,after_h1,1.000142449941e+00,2.202438940413e-01,1.424499409621e-04,2.202438940413e-01,22.024394011
6288000000.000000,after_h1,1.000804198874e+00,2.200831186878e-01,8.041988741476e-04,2.200831186878e-01,22.008458798
6289000000.000000,after_h1,1.000695684105e+00,2.210279464159e-01,6.956841050134e-04,2.210279464159e-01,22.102904124
6290000000.000000,after_h1,9.999756137884e-01,2.235340120492e-01,-2.438621155421e-05,2.235340120492e-01,22.353401338
6291000000.000000,after_h1,9.998798720889e-01,2.197133795703e-01,-1.201279111227e-04,2.197133795703e-01,21.971341241
6292000000.000000,after_h1,1.000923718798e+00,2.237004834308e-01,9.237187980311e-04,2.237004834308e-01,22.370239056
6293000000.000000,after_h1,1.000018815103e+00,2.275068428172e-01,1.881510254376e-05,2.275068428172e-01,22.750684360
6294000000.000000,after_h1,1.001371123998e+00,2.238040875722e-01,1.371123998464e-03,2.238040875722e-01,22.380828759
6295000000.000000,after_h1,1.001833808936e+00,2.228004646816e-01,1.833808935946e-03,2.228004646816e-01,22.280801134
6296000000.000000,after_h1,1.000628157816e+00,2.259665645649e-01,6.281578157616e-04,2.259665645649e-01,22.596743766
6297000000.000000,after_h1,1.003229571841e+00,2.233448138529e-01,3.229571840740e-03,2.233448138529e-01,22.336816248
6298000000.000000,after_h1,1.002818823067e+00,2.245753823492e-01,2.818823067353e-03,2.245753823492e-01,22.459307229
6299000000.000000,after_h1,1.003266370903e+00,2.244165489823e-01,3.266370902548e-03,2.244165489823e-01,22.444031865
6300000000.000000,after_h1,1.001621388315e+00,2.255417134406e-01,1.621388314841e-03,2.255417134406e-01,22.554754133
6301000000.000000,after_h1,1.003460368389e+00,2.248829535972e-01,3.460368389306e-03,2.248829535972e-01,22.490957509
6302000000.000000,after_h1,1.004145140571e+00,2.232947708568e-01,4.145140570782e-03,2.232947708568e-01,22.333324178
6303000000.000000,after_h1,1.002029027291e+00,2.265817912482e-01,2.029027290881e-03,2.265817912482e-01,22.659087598
6304000000.000000,after_h1,1.002662144233e+00,2.226797936340e-01,2.662144232830e-03,2.226797936340e-01,22.269570608
6305000000.000000,after_h1,1.005266623027e+00,2.238862620786e-01,5.266623027283e-03,2.238862620786e-01,22.394819862
6306000000.000000,after_h1,1.002184450993e+00,2.266565824187e-01,2.184450992930e-03,2.266565824187e-01,22.666710873
6307000000.000000,after_h1,1.004666911239e+00,2.240819123533e-01,4.666911238879e-03,2.240819123533e-01,22.413050552
6308000000.000000,after_h1,1.004232555450e+00,2.213340984136e-01,4.232555450324e-03,2.213340984136e-01,22.137456414
6309000000.000000,after_h1,1.003736123596e+00,2.219297281489e-01,3.736123595755e-03,2.219297281489e-01,22.196117421
6310000000.000000,after_h1,1.005227875958e+00,2.250077195419e-01,5.227875958041e-03,2.250077195419e-01,22.506844412
6311000000.000000,after_h1,1.006888331698e+00,2.174803416719e-01,6.888331698047e-03,2.174803416719e-01,21.758940261
6312000000.000000,after_h1,1.006197267273e+00,2.258937395487e-01,6.197267273321e-03,2.258937395487e-01,22.597873282
6313000000.000000,after_h1,1.008120420980e+00,2.185115692042e-01,8.120420980440e-03,2.185115692042e-01,21.866240443
6314000000.000000,after_h1,1.007391754223e+00,2.204434220611e-01,7.391754223292e-03,2.204434220611e-01,22.056731481
6315000000.000000,after_h1,1.006736302978e+00,2.209707642798e-01,6.736302977995e-03,2.209707642798e-01,22.107341867
6316000000.000000,after_h1,1.008023118359e+00,2.181809579889e-01,8.023118358604e-03,2.181809579889e-01,21.832842430
6317000000.000000,after_h1,1.007648503036e+00,2.191219184780e-01,7.648503036376e-03,2.191219184780e-01,21.925536426
6318000000.000000,after_h1,1.009303204691e+00,2.172937502707e-01,9.303204691275e-03,2.172937502707e-01,21.749281258
6319000000.000000,after_h1,1.009959292610e+00,2.120658136606e-01,9.959292609761e-03,2.120658136606e-01,21.229954506
6320000000.000000,after_h1,1.011735069776e+00,2.098132718197e-01,1.173506977641e-02,2.098132718197e-01,21.014119276
6321000000.000000,after_h1,1.009850816607e+00,2.099042194134e-01,9.850816607241e-03,2.099042194134e-01,21.013524196
6322000000.000000,after_h1,1.011393251398e+00,2.111486019918e-01,1.139325139813e-02,2.111486019918e-01,21.145575968
6323000000.000000,after_h1,1.013248639994e+00,2.131991776474e-01,1.324863999414e-02,2.131991776474e-01,21.361043002
6324000000.000000,after_h1,1.012677634259e+00,2.092124601577e-01,1.267763425879e-02,2.092124601577e-01,20.959622109
6325000000.000000,after_h1,1.015250669770e+00,2.117077532328e-01,1.525066977027e-02,2.117077532328e-01,21.225634433
6326000000.000000,after_h1,1.017616894677e+00,2.097954645115e-01,1.761689467664e-02,2.097954645115e-01,21.053382604
6327000000.000000,after_h1,1.015149977868e+00,2.033082768382e-01,1.514997786795e-02,2.033082768382e-01,20.387196291
6328000000.000000,after_h1,1.016421203601e+00,2.032468517566e-01,1.642120360143e-02,2.032468517566e-01,20.390914319
6329000000.000000,after_h1,1.016419173816e+00,2.014872644024e-01,1.641917381590e-02,2.014872644024e-01,20.215515572
6330000000.000000,after_h1,1.014897717852e+00,1.997821376692e-01,1.489771785226e-02,1.997821376692e-01,20.033682769
6331000000.000000,after_h1,1.018139126842e+00,1.996428406420e-01,1.813912684209e-02,1.996428406420e-01,20.046518835
6332000000.000000,after_h1,1.018193771481e+00,2.014065248973e-01,1.819377148054e-02,2.014065248973e-01,20.222660951
6333000000.000000,after_h1,1.018870894488e+00,2.008078078520e-01,1.887089448768e-02,2.008078078520e-01,20.169255403
6334000000.000000,after_h1,1.018968449260e+00,1.929900189749e-01,1.896844925988e-02,1.929900189749e-01,19.391995640
6335000000.000000,after_h1,1.017767922024e+00,1.949784295066e-01,1.776792202387e-02,1.949784295066e-01,19.578633003
6336000000.000000,after_h1,1.018450254118e+00,1.963768364841e-01,1.845025411794e-02,1.963768364841e-01,19.724166341
6337000000.000000,after_h1,1.019471646860e+00,1.927237460293e-01,1.947164686039e-02,1.927237460293e-01,19.370489750
6338000000.000000,after_h1,1.022221659199e+00,1.859016796258e-01,2.222165919878e-02,1.859016796258e-01,18.722509614
6339000000.000000,after_h1,1.021100264368e+00,1.914211898898e-01,2.110026436802e-02,1.914211898898e-01,19.258061454
6340000000.000000,after_h1,1.022205361930e+00,1.888425455912e-01,2.220536192964e-02,1.888425455912e-01,19.014359080
6341000000.000000,after_h1,1.021187555755e+00,1.847802968211e-01,2.118755575454e-02,1.847802968211e-01,18.599104982
6342000000.000000,after_h1,1.025096032300e+00,1.847547955780e-01,2.509603230049e-02,1.847547955780e-01,18.645145568
6343000000.000000,after_h1,1.025136127479e+00,1.846797322950e-01,2.513612747928e-02,1.846797322950e-01,18.638247886
6344000000.000000,after_h1,1.025117811151e+00,1.815775186531e-01,2.511781115114e-02,1.815775186531e-01,18.330657303
6345000000.000000,after_h1,1.024525830850e+00,1.798057427888e-01,2.452583084996e-02,1.798057427888e-01,18.147071808
6346000000.000000,after_h1,1.026771909922e+00,1.760476874816e-01,2.677190992173e-02,1.760476874816e-01,17.807168059
6347000000.000000,after_h1,1.026077884021e+00,1.753588034334e-01,2.607788402132e-02,1.753588034334e-01,17.728724144
6348000000.000000,after_h1,1.026819916016e+00,1.731840357645e-01,2.681991601622e-02,1.731840357645e-01,17.524844689
6349000000.000000,after_h1,1.028650747694e+00,1.732099674639e-01,2.865074769417e-02,1.732099674639e-01,17.556354454
6350000000.000000,after_h1,1.027717196256e+00,1.727769401198e-01,2.771719625568e-02,1.727769401198e-01,17.498603946
6351000000.000000,after_h1,1.030249419172e+00,1.688447088029e-01,3.024941917248e-02,1.688447088029e-01,17.153297948
6352000000.000000,after_h1,1.028826620260e+00,1.682318033440e-01,2.882662026012e-02,1.682318033440e-01,17.068366557
6353000000.000000,after_h1,1.029944617005e+00,1.656625912032e-01,2.994461700475e-02,1.656625912032e-01,16.834718356
6354000000.000000,after_h1,1.028939706423e+00,1.693554276951e-01,2.893970642345e-02,1.693554276951e-01,17.181026598
6355000000.000000,after_h1,1.030463666396e+00,1.671290655176e-01,3.046366639564e-02,1.671290655176e-01,16.988278168
6356000000.000000,after_h1,1.030917053088e+00,1.640398334214e-01,3.091705308838e-02,1.640398334214e-01,16.692792193
6357000000.000000,after_h1,1.030637725723e+00,1.607272613852e-01,3.063772572335e-02,1.607272613852e-01,16.362127854
6358000000.000000,after_h1,1.032971443268e+00,1.587778038088e-01,3.297144326833e-02,1.587778038088e-01,16.216506114
6359000000.000000,after_h1,1.034262969038e+00,1.575715286474e-01,3.426296903849e-02,1.575715286474e-01,16.125364395
6360000000.000000,after_h1,1.033890429772e+00,1.570843666613e-01,3.389042977247e-02,1.570843666613e-01,16.069866048
6361000000.000000,after_h1,1.031430674524e+00,1.571318926578e-01,3.143067452447e-02,1.571318926578e-01,16.024455994
6362000000.000000,after_h1,1.034218114636e+00,1.552329961758e-01,3.421811463575e-02,1.552329961758e-01,15.895962529
6363000000.000000,after_h1,1.034167323212e+00,1.566419976322e-01,3.416732321207e-02,1.566419976322e-01,16.032504919
6364000000.000000,after_h1,1.033973798429e+00,1.554929577179e-01,3.397379842898e-02,1.554929577179e-01,15.916117265
6365000000.000000,after_h1,1.034756471350e+00,1.533835252719e-01,3.475647134999e-02,1.533835252719e-01,15.727211490
6366000000.000000,after_h1,1.033388473222e+00,1.486549406838e-01,3.338847322181e-02,1.486549406838e-01,15.235839830
6367000000.000000,after_h1,1.033490102786e+00,1.508017259598e-01,3.349010278618e-02,1.508017259598e-01,15.447571828
6368000000.000000,after_h1,1.034991224763e+00,1.495983828292e-01,3.499122476332e-02,1.495983828292e-01,15.363613493
6369000000.000000,after_h1,1.033935381203e+00,1.501407273527e-01,3.393538120338e-02,1.501407273527e-01,15.392806147
6370000000.000000,after_h1,1.036275063532e+00,1.493868726512e-01,3.627506353207e-02,1.493868726512e-01,15.372806495
6371000000.000000,after_h1,1.035973293210e+00,1.487999129787e-01,3.597329321015e-02,1.487999129787e-01,15.308655044
6372000000.000000,after_h1,1.036852271341e+00,1.425146965508e-01,3.685227134125e-02,1.425146965508e-01,14.720233910
6373000000.000000,after_h1,1.035109346298e+00,1.460466204257e-01,3.510934629753e-02,1.460466204257e-01,15.020746165
6374000000.000000,after_h1,1.037766083406e+00,1.428440928003e-01,3.776608340624e-02,1.428440928003e-01,14.775219763
6375000000.000000,after_h1,1.036481885369e+00,1.401217815530e-01,3.648188536894e-02,1.401217815530e-01,14.479309937
6376000000.000000,after_h1,1.037608726227e+00,1.432945996235e-01,3.760872622661e-02,1.432945996235e-01,14.814775925
6377000000.000000,after_h1,1.038523736709e+00,1.459065398069e-01,3.852373670908e-02,1.459065398069e-01,15.090658252
6378000000.000000,after_h1,1.037252291940e+00,1.436870123099e-01,3.725229194042e-02,1.436870123099e-01,14.843749783
6379000000.000000,after_h1,1.039118318866e+00,1.443913991921e-01,3.911831886560e-02,1.443913991921e-01,14.959652079
6380000000.000000,after_h1,1.037396788338e+00,1.410250825135e-01,3.739678833832e-02,1.410250825135e-01,14.589925865
6381000000.000000,after_h1,1.036855029655e+00,1.404074887142e-01,3.685502965455e-02,1.404074887142e-01,14.516389392
6382000000.000000,after_h1,1.034809710891e+00,1.443524588052e-01,3.480971089068e-02,1.443524588052e-01,14.849022976
6383000000.000000,after_h1,1.038032099489e+00,1.377617725525e-01,3.803209948918e-02,1.377617725525e-01,14.291517263
6384000000.000000,after_h1,1.037542287495e+00,1.432434230520e-01,3.754228749503e-02,1.432434230520e-01,14.808140193
6385000000.000000,after_h1,1.035380795746e+00,1.352295674731e-01,3.538079574621e-02,1.352295674731e-01,13.978138870
6386000000.000000,after_h1,1.038085905004e+00,1.382509845493e-01,3.808590500365e-02,1.382509845493e-01,14.340108399
6387000000.000000,after_h1,1.038607160898e+00,1.414433941108e-01,3.860716089770e-02,1.414433941108e-01,14.661768860
6388000000.000000,after_h1,1.036799797439e+00,1.380532413721e-01,3.679979743877e-02,1.380532413721e-01,14.287379936
6389000000.000000,after_h1,1.036221678274e+00,1.380198947052e-01,3.622167827403e-02,1.380198947052e-01,14.269373256
6390000000.000000,after_h1,1.036371939027e+00,1.408308869280e-01,3.637193902682e-02,1.408308869280e-01,14.545190498
6391000000.000000,after_h1,1.037085583114e+00,1.392687923950e-01,3.708558311434e-02,1.392687923950e-01,14.412195187
6392000000.000000,after_h1,1.035213762817e+00,1.418692316152e-01,3.521376281676e-02,1.418692316152e-01,14.617416998
6393000000.000000,after_h1,1.037466355633e+00,1.431344083089e-01,3.746635563279e-02,1.431344083089e-01,14.795670531
6394000000.000000,after_h1,1.037364028378e+00,1.436686088401e-01,3.736402837756e-02,1.436686088401e-01,14.844776786
6395000000.000000,after_h1,1.036892120438e+00,1.424488546469e-01,3.689212043831e-02,1.424488546469e-01,14.714858049
6396000000.000000,after_h1,1.035231117009e+00,1.423442271672e-01,3.523111700856e-02,1.423442271672e-01,14.663938971
6397000000.000000,after_h1,1.036059973955e+00,1.437429702499e-01,3.605997395507e-02,1.437429702499e-01,14.819704187
6398000000.000000,after_h1,1.036716987489e+00,1.400838472853e-01,3.671698748948e-02,1.400838472853e-01,14.481581903
6399000000.000000,after_h1,1.036105497091e+00,1.449927613712e-01,3.610549709071e-02,1.449927613712e-01,14.942057345
6400000000.000000,after_h1,1.033631934558e+00,1.469322320071e-01,3.363193455814e-02,1.469322320071e-01,15.073217249
6401000000.000000,after_h1,1.035876264516e+00,1.439538768635e-01,3.587626451602e-02,1.439538768635e-01,14.835708618
6402000000.000000,after_h1,1.034650204926e+00,1.439131642225e-01,3.465020492584e-02,1.439131642225e-01,14.802579349
6403000000.000000,after_h1,1.034935875087e+00,1.446202731693e-01,3.493587508709e-02,1.446202731693e-01,14.878016931
6404000000.000000,after_h1,1.035752728816e+00,1.473364798109e-01,3.575272881556e-02,1.473364798109e-01,15.161232107
6405000000.000000,after_h1,1.033567061853e+00,1.491499603774e-01,3.356706185285e-02,1.491499603774e-01,15.288053611
6406000000.000000,after_h1,1.031816508239e+00,1.508329628152e-01,3.181650823866e-02,1.508329628152e-01,15.415210952
6407000000.000000,after_h1,1.034376831652e+00,1.502656414230e-01,3.437683165216e-02,1.502656414230e-01,15.414775232
6408000000.000000,after_h1,1.031467267417e+00,1.480588706660e-01,3.146726741662e-02,1.480588706660e-01,15.136584192
6409000000.000000,after_h1,1.030423608561e+00,1.538429185110e-01,3.042360856083e-02,1.538429185110e-01,15.682231835
6410000000.000000,after_h1,1.030988684752e+00,1.536516889046e-01,3.098868475228e-02,1.536516889046e-01,15.674546273
6411000000.000000,after_h1,1.029339578854e+00,1.524763884528e-01,2.933957885441e-02,1.524763884528e-01,15.527350039
6412000000.000000,after_h1,1.032277241304e+00,1.574386984937e-01,3.227724130364e-02,1.574386984937e-01,16.071329780
6413000000.000000,after_h1,1.029181199628e+00,1.592848511304e-01,2.918119962827e-02,1.592848511304e-01,16.193580892
6414000000.000000,after_h1,1.028885509410e+00,1.590066669081e-01,2.888550941017e-02,1.590066669081e-01,16.160907393
6415000000.000000,after_h1,1.028775705211e+00,1.637364441361e-01,2.877570521105e-02,1.637364441361e-01,16.624579498
6416000000.000000,after_h1,1.027584281447e+00,1.621361541926e-01,2.758428144678e-02,1.621361541926e-01,16.446587816
6417000000.000000,after_h1,1.027744934209e+00,1.648008521840e-01,2.774493420873e-02,1.648008521840e-01,16.712002350
6418000000.000000,after_h1,1.024675641111e+00,1.653026285365e-01,2.467564111113e-02,1.653026285365e-01,16.713421632
6419000000.000000,after_h1,1.026033651018e+00,1.661498315188e-01,2.603365101804e-02,1.661498315188e-01,16.817704213
6420000000.000000,after_h1,1.025248221349e+00,1.681889043549e-01,2.524822134892e-02,1.681889043549e-01,17.007345539
6421000000.000000,after_h1,1.024596822390e+00,1.700962098360e-01,2.459682239038e-02,1.700962098360e-01,17.186542489
6422000000.000000,after_h1,1.025374175015e+00,1.727366697862e-01,2.537417501536e-02,1.727366697862e-01,17.459039449
6423000000.000000,after_h1,1.023107467219e+00,1.727217003624e-01,2.310746721949e-02,1.727217003624e-01,17.426055439
6424000000.000000,after_h1,1.024532351497e+00,1.703290878207e-01,2.453235149710e-02,1.703290878207e-01,17.208670613
6425000000.000000,after_h1,1.020765933317e+00,1.774480286280e-01,2.076593331654e-02,1.774480286280e-01,17.865896801
6426000000.000000,after_h1,1.021009072052e+00,1.779684598839e-01,2.100907205165e-02,1.779684598839e-01,17.920422378
6427000000.000000,after_h1,1.018975007313e+00,1.828691324155e-01,1.897500731343e-02,1.828691324155e-01,18.385094640
6428000000.000000,after_h1,1.018321065383e+00,1.829826535520e-01,1.832106538273e-02,1.829826535520e-01,18.389756099
6429000000.000000,after_h1,1.018279226864e+00,1.844129644646e-01,1.827922686432e-02,1.844129644646e-01,18.531667922
6430000000.000000,after_h1,1.018850212369e+00,1.848885208149e-01,1.885021236870e-02,1.848885208149e-01,18.584696832
6431000000.000000,after_h1,1.017029124316e+00,1.884830489029e-01,1.702912431619e-02,1.884830489029e-01,18.925076169
6432000000.000000,after_h1,1.016352928587e+00,1.895042613619e-01,1.635292858656e-02,1.895042613619e-01,19.020852596
6433000000.000000,after_h1,1.014219670494e+00,1.895006737700e-01,1.421967049382e-02,1.895006737700e-01,19.003342966
6434000000.000000,after_h1,1.015679859362e+00,1.916425720635e-01,1.567985936244e-02,1.916425720635e-01,19.228295145
6435000000.000000,after_h1,1.011815224767e+00,1.937174697190e-01,1.181522476735e-02,1.937174697190e-01,19.407745261
6436000000.000000,after_h1,1.013120488212e+00,1.993849727513e-01,1.312048821158e-02,1.993849727513e-01,19.981620197
6437000000.000000,after_h1,1.008917357963e+00,2.012714804575e-01,8.917357963256e-03,2.012714804575e-01,20.146892594
6438000000.000000,after_h1,1.010855634829e+00,2.013217634484e-01,1.085563482891e-02,2.013217634484e-01,20.161422878
6439000000.000000,after_h1,1.010760057294e+00,2.041232342463e-01,1.076005729364e-02,2.041232342463e-01,20.440663784
6440000000.000000,after_h1,1.010757870053e+00,2.049042052423e-01,1.075787005346e-02,2.049042052423e-01,20.518641547
6441000000.000000,after_h1,1.009972886908e+00,2.047321806092e-01,9.972886907826e-03,2.047321806092e-01,20.497493566
6442000000.000000,after_h1,1.008099970805e+00,2.092041189093e-01,8.099970804863e-03,2.092041189093e-01,20.936086763
6443000000.000000,after_h1,1.007472925438e+00,2.121191584007e-01,7.472925437733e-03,2.121191584007e-01,21.225075259
6444000000.000000,after_h1,1.005423703216e+00,2.179824164248e-01,5.423703216128e-03,2.179824164248e-01,21.804988059
6445000000.000000,after_h1,1.003116128302e+00,2.188794941523e-01,3.116128301604e-03,2.188794941523e-01,21.890167477
6446000000.000000,after_h1,1.004666489204e+00,2.196046403623e-01,4.666489203633e-03,2.196046403623e-01,21.965421505
6447000000.000000,after_h1,1.004366004801e+00,2.233354609037e-01,4.366004800819e-03,2.233354609037e-01,22.337813254
6448000000.000000,after_h1,1.001818551572e+00,2.221044503052e-01,1.818551572117e-03,2.221044503052e-01,22.211189517
6449000000.000000,after_h1,9.984040562460e-01,2.251545309409e-01,-1.595943753957e-03,2.251545309409e-01,22.516018707
6450000000.000000,after_h1,9.994857922149e-01,2.265341336197e-01,-5.142077850805e-04,2.265341336197e-01,22.653471722
5550000000.000000,after_l1_08_fixed_fir,9.507076936925e-01,3.858003983649e-01,-4.929230630753e-02,3.858003983649e-01,38.893660003
5551000000.000000,after_l1_08_fixed_fir,9.505241778906e-01,3.886316218202e-01,-4.947582210942e-02,3.886316218202e-01,39.176829179
5552000000.000000,after_l1_08_fixed_fir,9.479105162466e-01,3.926695515508e-01,-5.208948375345e-02,3.926695515508e-01,39.610944325
5553000000.000000,after_l1_08_fixed_fir,9.472080950545e-01,3.898551705385e-01,-5.279190494545e-02,3.898551705385e-01,39.341331856
5554000000.000000,after_l1_08_fixed_fir,9.448380215194e-01,3.964689898778e-01,-5.516197848058e-02,3.964689898778e-01,40.028802606
5555000000.000000,after_l1_08_fixed_fir,9.458807582654e-01,3.967302824022e-01,-5.411924173456e-02,3.967302824022e-01,40.040455704
5556000000.000000,after_l1_08_fixed_fir,9.455894261004e-01,3.974153011338e-01,-5.441057389963e-02,3.974153011338e-01,40.112271455
5557000000.000000,after_l1_08_fixed_fir,9.439070036179e-01,3.979697446541e-01,-5.609299638213e-02,3.979697446541e-01,40.190339872
5558000000.000000,after_l1_08_fixed_fir,9.404098727363e-01,4.042052899652e-01,-5.959012726367e-02,4.042052899652e-01,40.857422790
5559000000.000000,after_l1_08_fixed_fir,9.429676874926e-01,4.039714551139e-01,-5.703231250735e-02,4.039714551139e-01,40.797747636
5560000000.000000,after_l1_08_fixed_fir,9.389438903394e-01,4.076754265093e-01,-6.105610966065e-02,4.076754265093e-01,41.222215116
5561000000.000000,after_l1_08_fixed_fir,9.418412093489e-01,4.063437191545e-01,-5.815879065105e-02,4.063437191545e-01,41.048466844
5562000000.000000,after_l1_08_fixed_fir,9.365657444655e-01,4.113524468215e-01,-6.343425553445e-02,4.113524468215e-01,41.621477663
5563000000.000000,after_l1_08_fixed_fir,9.366606269420e-01,4.126740885988e-01,-6.333937305797e-02,4.126740885988e-01,41.750662220
5564000000.000000,after_l1_08_fixed_fir,9.385738473298e-01,4.138317414278e-01,-6.142615267022e-02,4.138317414278e-01,41.836572810
5565000000.000000,after_l1_08_fixed_fir,9.381141749399e-01,4.134527346603e-01,-6.188582506007e-02,4.134527346603e-01,41.805863122
5566000000.000000,after_l1_08_fixed_fir,9.350303635488e-01,4.193326949412e-01,-6.496963645116e-02,4.193326949412e-01,42.433590787
5567000000.000000,after_l1_08_fixed_fir,9.360464699757e-01,4.196980857654e-01,-6.395353002428e-02,4.196980857654e-01,42.454273895
5568000000.000000,after_l1_08_fixed_fir,9.349656172256e-01,4.230022208784e-01,-6.503438277441e-02,4.230022208784e-01,42.797237038
5569000000.000000,after_l1_08_fixed_fir,9.341925220454e-01,4.213210400247e-01,-6.580747795457e-02,4.213210400247e-01,42.642941142
5570000000.000000,after_l1_08_fixed_fir,9.356802474274e-01,4.216587229979e-01,-6.431975257258e-02,4.216587229979e-01,42.653617578
5571000000.000000,after_l1_08_fixed_fir,9.308582477309e-01,4.267265697843e-01,-6.914175226910e-02,4.267265697843e-01,43.229173861
5572000000.000000,after_l1_08_fixed_fir,9.312498024990e-01,4.271030398691e-01,-6.875019750095e-02,4.271030398691e-01,43.260096662
5573000000.000000,after_l1_08_fixed_fir,9.313922486729e-01,4.268330789149e-01,-6.860775132715e-02,4.268330789149e-01,43.231180969
5574000000.000000,after_l1_08_fixed_fir,9.314309398701e-01,4.271213510210e-01,-6.856906012993e-02,4.271213510210e-01,43.259029636
5575000000.000000,after_l1_08_fixed_fir,9.296028109588e-01,4.294105284479e-01,-7.039718904116e-02,4.294105284479e-01,43.514269633
5576000000.000000,after_l1_08_fixed_fir,9.291256709771e-01,4.336101580741e-01,-7.087432902290e-02,4.336101580741e-01,43.936424490
5577000000.000000,after_l1_08_fixed_fir,9.285584094097e-01,4.298623586486e-01,-7.144159059026e-02,4.298623586486e-01,43.575858942
5578000000.000000,after_l1_08_fixed_fir,9.270601134427e-01,4.359473861416e-01,-7.293988655725e-02,4.359473861416e-01,44.200718380
5579000000.000000,after_l1_08_fixed_fir,9.287238558225e-01,4.348701227786e-01,-7.127614417749e-02,4.348701227786e-01,44.067256826
5580000000.000000,after_l1_08_fixed_fir,9.289071097372e-01,4.331093131803e-01,-7.109289026284e-02,4.331093131803e-01,43.890531577
5581000000.000000,after_l1_08_fixed_fir,9.260740489520e-01,4.357961176435e-01,-7.392595104796e-02,4.357961176435e-01,44.202183475
5582000000.000000,after_l1_08_fixed_fir,9.280889639966e-01,4.350795685891e-01,-7.191103600335e-02,4.350795685891e-01,44.098234443
5583000000.000000,after_l1_08_fixed_fir,9.270408396123e-01,4.351066136386e-01,-7.295916038767e-02,4.351066136386e-01,44.118114683
5584000000.000000,after_l1_08_fixed_fir,9.261165260590e-01,4.390607536030e-01,-7.388347394100e-02,4.390607536030e-01,44.523377351
5585000000.000000,after_l1_08_fixed_fir,9.278476887503e-01,4.339763760465e-01,-7.215231124968e-02,4.339763760465e-01,43.993346200
5586000000.000000,after_l1_08_fixed_fir,9.277491897041e-01,4.377270731783e-01,-7.225081029594e-02,4.377270731783e-01,44.364982833
5587000000.000000,after_l1_08_fixed_fir,9.255188584282e-01,4.382945801606e-01,-7.448114157180e-02,4.382945801606e-01,44.457797904
5588000000.000000,after_l1_08_fixed_fir,9.276120109921e-01,4.364637242588e-01,-7.238798900790e-02,4.364637242588e-01,44.242581700
5589000000.000000,after_l1_08_fixed_fir,9.247575205580e-01,4.372312867412e-01,-7.524247944203e-02,4.372312867412e-01,44.365823425
5590000000.000000,after_l1_08_fixed_fir,9.277586654558e-01,4.366342706124e-01,-7.224133454420e-02,4.366342706124e-01,44.257010370
5591000000.000000,after_l1_08_fixed_fir,9.257285727125e-01,4.371937371255e-01,-7.427142728745e-02,4.371937371255e-01,44.345756132
5592000000.000000,after_l1_08_fixed_fir,9.272945546865e-01,4.356511640215e-01,-7.270544531350e-02,4.356511640215e-01,44.167637303
5593000000.000000,after_l1_08_fixed_fir,9.267188777892e-01,4.349966697084e-01,-7.328112221076e-02,4.349966697084e-01,44.112608802
5594000000.000000,after_l1_08_fixed_fir,9.259965125605e-01,4.342191901859e-01,-7.400348743949e-02,4.342191901859e-01,44.048021667
5595000000.000000,after_l1_08_fixed_fir,9.277097789822e-01,4.325522453549e-01,-7.229022101779e-02,4.325522453549e-01,43.855138925
5596000000.000000,after_l1_08_fixed_fir,9.286005489276e-01,4.336152882318e-01,-7.139945107242e-02,4.336152882318e-01,43.945432050
5597000000.000000,after_l1_08_fixed_fir,9.283569324160e-01,4.358142758862e-01,-7.164306758402e-02,4.358142758862e-01,44.166368676
5598000000.000000,after_l1_08_fixed_fir,9.307147876434e-01,4.276409797521e-01,-6.928521235663e-02,4.276409797521e-01,43.321732215
5599000000.000000,after_l1_08_fixed_fir,9.324663129509e-01,4.308551475330e-01,-6.753368704913e-02,4.308551475330e-01,43.611576106
5600000000.000000,after_l1_08_fixed_fir,9.317548519343e-01,4.255132808715e-01,-6.824514806570e-02,4.255132808715e-01,43.095121816
5601000000.000000,after_l1_08_fixed_fir,9.325535384756e-01,4.273889419265e-01,-6.744646152435e-02,4.273889419265e-01,43.267809380
5602000000.000000,after_l1_08_fixed_fir,9.305761547521e-01,4.304719722487e-01,-6.942384524788e-02,4.304719722487e-01,43.603416057
5603000000.000000,after_l1_08_fixed_fir,9.316919153144e-01,4.250008694639e-01,-6.830808468563e-02,4.250008694639e-01,43.045526304
5604000000.000000,after_l1_08_fixed_fir,9.347899771112e-01,4.216662653266e-01,-6.521002288876e-02,4.216662653266e-01,42.667878597
5605000000.000000,after_l1_08_fixed_fir,9.326627360876e-01,4.206245320946e-01,-6.733726391240e-02,4.206245320946e-01,42.598040344
5606000000.000000,after_l1_08_fixed_fir,9.352603839502e-01,4.184255895399e-01,-6.473961604976e-02,4.184255895399e-01,42.340428891
5607000000.000000,after_l1_08_fixed_fir,9.353723321640e-01,4.142423429865e-01,-6.462766783603e-02,4.142423429865e-01,41.925344861
5608000000.000000,after_l1_08_fixed_fir,9.365291637944e-01,4.136540203424e-01,-6.347083620560e-02,4.136540203424e-01,41.849515600
5609000000.000000,after_l1_08_fixed_fir,9.361532176922e-01,4.150149354789e-01,-6.384678230781e-02,4.150149354789e-01,41.989737827
5610000000.000000,after_l1_08_fixed_fir,9.390830694694e-01,4.107349178260e-01,-6.091693053056e-02,4.107349178260e-01,41.522770277
5611000000.000000,after_l1_08_fixed_fir,9.423891646384e-01,4.091828470909e-01,-5.761083536163e-02,4.091828470909e-01,41.321859918
5612000000.000000,after_l1_08_fixed_fir,9.408902094471e-01,4.054716204114e-01,-5.910979055288e-02,4.054716204114e-01,40.975749206
5613000000.000000,after_l1_08_fixed_fir,9.419253495868e-01,4.058445248127e-01,-5.807465041316e-02,4.058445248127e-01,40.997858888
5614000000.000000,after_l1_08_fixed_fir,9.427308729657e-01,3.977292732602e-01,-5.726912703433e-02,3.977292732602e-01,40.183121795
5615000000.000000,after_l1_08_fixed_fir,9.429547488833e-01,3.968210019936e-01,-5.704525111667e-02,3.968210019936e-01,40.090032215
5616000000.000000,after_l1_08_fixed_fir,9.459472305719e-01,3.922653667983e-01,-5.405276942805e-02,3.922653667983e-01,39.597199380
5617000000.000000,after_l1_08_fixed_fir,9.444694454925e-01,3.934600047193e-01,-5.553055450750e-02,3.934600047193e-01,39.735930566
5618000000.000000,after_l1_08_fixed_fir,9.511301562384e-01,3.892378670436e-01,-4.886984376159e-02,3.892378670436e-01,39.229374042
5619000000.000000,after_l1_08_fixed_fir,9.515308791273e-01,3.834081948946e-01,-4.846912087269e-02,3.834081948946e-01,38.645969983
5620000000.000000,after_l1_08_fixed_fir,9.519831761254e-01,3.787166741353e-01,-4.801682387458e-02,3.787166741353e-01,38.174852278
5621000000.000000,after_l1_08_fixed_fir,9.506757399026e-01,3.774364050627e-01,-4.932426009742e-02,3.774364050627e-01,38.064566529
5622000000.000000,after_l1_08_fixed_fir,9.567934437673e-01,3.712616676409e-01,-4.320655623271e-02,3.712616676409e-01,37.376735058
5623000000.000000,after_l1_08_fixed_fir,9.554750243915e-01,3.690772656196e-01,-4.452497560845e-02,3.690772656196e-01,37.175328035
5624000000.000000,after_l1_08_fixed_fir,9.570075335652e-01,3.670660029608e-01,-4.299246643481e-02,3.670660029608e-01,36.957516516
5625000000.000000,after_l1_08_fixed_fir,9.568057769797e-01,3.614844082141e-01,-4.319422302025e-02,3.614844082141e-01,36.405592741
5626000000.000000,after_l1_08_fixed_fir,9.604046094828e-01,3.576682571031e-01,-3.959539051725e-02,3.576682571031e-01,35.985327161
5627000000.000000,after_l1_08_fixed_fir,9.613709424202e-01,3.566483177098e-01,-3.862905757978e-02,3.566483177098e-01,35.873420051
5628000000.000000,after_l1_08_fixed_fir,9.618208661721e-01,3.507385414298e-01,-3.817913382794e-02,3.507385414298e-01,35.281038917
5629000000.000000,after_l1_08_fixed_fir,9.662531554545e-01,3.479223005241e-01,-3.374684454548e-02,3.479223005241e-01,34.955511256
5630000000.000000,after_l1_08_fixed_fir,9.678157013894e-01,3.423199584491e-01,-3.218429861061e-02,3.423199584491e-01,34.382958429
5631000000.000000,after_l1_08_fixed_fir,9.662449567174e-01,3.392355660989e-01,-3.375504328263e-02,3.392355660989e-01,34.091079809
5632000000.000000,after_l1_08_fixed_fir,9.689797586735e-01,3.308473446287e-01,-3.102024132646e-02,3.308473446287e-01,33.229839124
5633000000.000000,after_l1_08_fixed_fir,9.702638930013e-01,3.262016530601e-01,-2.973610699874e-02,3.262016530601e-01,32.755420089
5634000000.000000,after_l1_08_fixed_fir,9.727251350588e-01,3.217238590011e-01,-2.727486494118e-02,3.217238590011e-01,32.287793314
5635000000.000000,after_l1_08_fixed_fir,9.738199978273e-01,3.190104582733e-01,-2.618000217268e-02,3.190104582733e-01,32.008290333
5636000000.000000,after_l1_08_fixed_fir,9.776970826358e-01,3.131272954739e-01,-2.230291736418e-02,3.131272954739e-01,31.392056845
5637000000.000000,after_l1_08_fixed_fir,9.796343248147e-01,3.077092494583e-01,-2.036567518532e-02,3.077092494583e-01,30.838246210
5638000000.000000,after_l1_08_fixed_fir,9.799912162620e-01,3.004436505939e-01,-2.000878373799e-02,3.004436505939e-01,30.110918055
5639000000.000000,after_l1_08_fixed_fir,9.793946780503e-01,3.008580159773e-01,-2.060532194969e-02,3.008580159773e-01,30.156280452
5640000000.000000,after_l1_08_fixed_fir,9.827173599124e-01,2.931400259806e-01,-1.728264008763e-02,2.931400259806e-01,29.364904985
5641000000.000000,after_l1_08_fixed_fir,9.854000924534e-01,2.886399283371e-01,-1.459990754662e-02,2.886399283371e-01,28.900893677
5642000000.000000,after_l1_08_fixed_fir,9.869688708987e-01,2.827835598509e-01,-1.303112910129e-02,2.827835598509e-01,28.308364850
5643000000.000000,after_l1_08_fixed_fir,9.875201992186e-01,2.773522590561e-01,-1.247980078145e-02,2.773522590561e-01,27.763288896
5644000000.000000,after_l1_08_fixed_fir,9.894243637561e-01,2.728426130587e-01,-1.057563624387e-02,2.728426130587e-01,27.304749694
5645000000.000000,after_l1_08_fixed_fir,9.921034107891e-01,2.673916405395e-01,-7.896589210934e-03,2.673916405395e-01,26.750821586
5646000000.000000,after_l1_08_fixed_fir,9.926860416749e-01,2.596077811202e-01,-7.313958325081e-03,2.596077811202e-01,25.971078916
5647000000.000000,after_l1_08_fixed_fir,9.929424634110e-01,2.554390804370e-01,-7.057536588952e-03,2.554390804370e-01,25.553655832
5648000000.000000,after_l1_08_fixed_fir,9.938093632844e-01,2.469668989831e-01,-6.190636715627e-03,2.469668989831e-01,24.704447611
5649000000.000000,after_l1_08_fixed_fir,9.956739301937e-01,2.445228734899e-01,-4.326069806298e-03,2.445228734899e-01,24.456113865
5650000000.000000,after_l1_08_fixed_fir,9.962730657735e-01,2.396725083600e-01,-3.726934226451e-03,2.396725083600e-01,23.970148373
5651000000.000000,after_l1_08_fixed_fir,9.999891919360e-01,2.316302117655e-01,-1.080806402920e-05,2.316302117655e-01,23.163021202
5652000000.000000,after_l1_08_fixed_fir,9.991919866529e-01,2.286663114799e-01,-8.080133471436e-04,2.286663114799e-01,22.866773907
5653000000.000000,after_l1_08_fixed_fir,1.000020631999e+00,2.221985764540e-01,2.063199865354e-05,2.221985764540e-01,22.219857741
5654000000.000000,after_l1_08_fixed_fir,1.003671927789e+00,2.174665135672e-01,3.671927788509e-03,2.174665135672e-01,21.749751166
5655000000.000000,after_l1_08_fixed_fir,1.003721158824e+00,2.119636283393e-01,3.721158823899e-03,2.119636283393e-01,21.199628950
5656000000.000000,after_l1_08_fixed_fir,1.007735691077e+00,2.030141680099e-01,7.735691077414e-03,2.030141680099e-01,20.316149569
5657000000.000000,after_l1_08_fixed_fir,1.006210929313e+00,1.976911898733e-01,6.210929313051e-03,1.976911898733e-01,19.778873122
5658000000.000000,after_l1_08_fixed_fir,1.007031257746e+00,1.938348498958e-01,7.031257745980e-03,1.938348498958e-01,19.396233557
5659000000.000000,after_l1_08_fixed_fir,1.010660129236e+00,1.883602926757e-01,1.066012923589e-02,1.883602926757e-01,18.866170309
5660000000.000000,after_l1_08_fixed_fir,1.012065430092e+00,1.804384084042e-01,1.206543009194e-02,1.804384084042e-01,18.084134989
5661000000.000000,after_l1_08_fixed_fir,1.010504631662e+00,1.730108705519e-01,1.050463166230e-02,1.730108705519e-01,17.332947994
5662000000.000000,after_l1_08_fixed_fir,1.010324237807e+00,1.674691611261e-01,1.032423780721e-02,1.674691611261e-01,16.778709669
5663000000.000000,after_l1_08_fixed_fir,1.013900205241e+00,1.623798301059e-01,1.390020524090e-02,1.623798301059e-01,16.297369398
5664000000.000000,after_l1_08_fixed_fir,1.014806014523e+00,1.541668757459e-01,1.480601452299e-02,1.541668757459e-01,15.487622039
5665000000.000000,after_l1_08_fixed_fir,1.014968686621e+00,1.512204806488e-01,1.496868662098e-02,1.512204806488e-01,15.195951878
5666000000.000000,after_l1_08_fixed_fir,1.017321288805e+00,1.425020101736e-01,1.732128880523e-02,1.425020101736e-01,14.355086189
5667000000.000000,after_l1_08_fixed_fir,1.016815198485e+00,1.416826853932e-01,1.681519848490e-02,1.416826853932e-01,14.267702772
5668000000.000000,after_l1_08_fixed_fir,1.018766849185e+00,1.324307829036e-01,1.876684918456e-02,1.324307829036e-01,13.375390420
5669000000.000000,after_l1_08_fixed_fir,1.019318996748e+00,1.265359916906e-01,1.931899674847e-02,1.265359916906e-01,12.800226884
5670000000.000000,after_l1_08_fixed_fir,1.017368237763e+00,1.196215946985e-01,1.736823776276e-02,1.196215946985e-01,12.087589338
5671000000.000000,after_l1_08_fixed_fir,1.021378201684e+00,1.121807086660e-01,2.137820168428e-02,1.121807086660e-01,11.419955737
5672000000.000000,after_l1_08_fixed_fir,1.020961856895e+00,1.088531448696e-01,2.096185689541e-02,1.088531448696e-01,11.085308562
5673000000.000000,after_l1_08_fixed_fir,1.022046975734e+00,1.024641835720e-01,2.204697573386e-02,1.024641835720e-01,10.480924603
5674000000.000000,after_l1_08_fixed_fir,1.022752546579e+00,9.816935213090e-02,2.275254657890e-02,9.816935213090e-02,10.077152412
5675000000.000000,after_l1_08_fixed_fir,1.022964802432e+00,9.414537345306e-02,2.296480243156e-02,9.414537345306e-02,9.690579701
5676000000.000000,after_l1_08_fixed_fir,1.023942135554e+00,8.048759927004e-02,2.394213555402e-02,8.048759927004e-02,8.397308790
5677000000.000000,after_l1_08_fixed_fir,1.023791755916e+00,7.989502245704e-02,2.379175591621e-02,7.989502245704e-02,8.336223523
5678000000.000000,after_l1_08_fixed_fir,1.022976073803e+00,7.481673555868e-02,2.297607380317e-02,7.481673555868e-02,7.826521505
5679000000.000000,after_l1_08_fixed_fir,1.025054094456e+00,7.077914572027e-02,2.505409445645e-02,7.077914572027e-02,7.508258865
5680000000.000000,after_l1_08_fixed_fir,1.024627578484e+00,6.325407547913e-02,2.462757848389e-02,6.325407547913e-02,6.787927288
5681000000.000000,after_l1_08_fixed_fir,1.026510570102e+00,5.733162684438e-02,2.651057010231e-02,5.733162684438e-02,6.316427601
5682000000.000000,after_l1_08_fixed_fir,1.025576018932e+00,4.831293441133e-02,2.557601893190e-02,4.831293441133e-02,5.466509285
5683000000.000000,after_l1_08_fixed_fir,1.025785083222e+00,4.680466980727e-02,2.578508322242e-02,4.680466980727e-02,5.343732434
5684000000.000000,after_l1_08_fixed_fir,1.024910555808e+00,4.408196750144e-02,2.491055580829e-02,4.408196750144e-02,5.063354273
5685000000.000000,after_l1_08_fixed_fir,1.026126151687e+00,3.527465436851e-02,2.612615168687e-02,3.527465436851e-02,4.389620761
5686000000.000000,after_l1_08_fixed_fir,1.027426620972e+00,2.812897344717e-02,2.742662097219e-02,2.812897344717e-02,3.928687675
5687000000.000000,after_l1_08_fixed_fir,1.026725250943e+00,2.914761324745e-02,2.672525094320e-02,2.914761324745e-02,3.954519435
5688000000.000000,after_l1_08_fixed_fir,1.029484873992e+00,2.683138416573e-02,2.948487399219e-02,2.683138416573e-02,3.986578697
5689000000.000000,after_l1_08_fixed_fir,1.026753683259e+00,1.706748707372e-02,2.675368325865e-02,1.706748707372e-02,3.173418792
5690000000.000000,after_l1_08_fixed_fir,1.026878198027e+00,9.368425120438e-03,2.687819802725e-02,9.368425120438e-03,2.846409876
5691000000.000000,after_l1_08_fixed_fir,1.027066686256e+00,6.322117598560e-03,2.706668625628e-02,6.322117598560e-03,2.779522757
5692000000.000000,after_l1_08_fixed_fir,1.028628929702e+00,6.663789427473e-04,2.862892970240e-02,6.663789427473e-04,2.863668411
5693000000.000000,after_l1_08_fixed_fir,1.027821375908e+00,-6.113310549441e-03,2.782137590846e-02,-6.113310549441e-03,2.848511055
5694000000.000000,after_l1_08_fixed_fir,1.026772184258e+00,-7.405778426462e-03,2.677218425757e-02,-7.405778426462e-03,2.777760616
5695000000.000000,after_l1_08_fixed_fir,1.027217850656e+00,-1.223219023257e-02,2.721785065617e-02,-1.223219023257e-02,2.984020563
5696000000.000000,after_l1_08_fixed_fir,1.025968797326e+00,-1.495515931121e-02,2.596879732579e-02,-1.495515931121e-02,2.996723585
5697000000.000000,after_l1_08_fixed_fir,1.029714756491e+00,-2.072825775071e-02,2.971475649148e-02,-2.072825775071e-02,3.623020042
5698000000.000000,after_l1_08_fixed_fir,1.027581523337e+00,-2.744034957657e-02,2.758152333694e-02,-2.744034957657e-02,3.890646751
5699000000.000000,after_l1_08_fixed_fir,1.026141192616e+00,-2.480924661384e-02,2.614119261590e-02,-2.480924661384e-02,3.603970961
5700000000.000000,after_l1_08_fixed_fir,1.027025954236e+00,-3.507978324645e-02,2.702595423611e-02,-3.507978324645e-02,4.428310507
5701000000.000000,after_l1_08_fixed_fir,1.025531085975e+00,-3.883809993602e-02,2.553108597467e-02,-3.883809993602e-02,4.647832137
5702000000.000000,after_l1_08_fixed_fir,1.026634364726e+00,-3.930644638789e-02,2.663436472554e-02,-3.930644638789e-02,4.748037607
5703000000.000000,after_l1_08_fixed_fir,1.026061553151e+00,-4.343142297798e-02,2.606155315124e-02,-4.343142297798e-02,5.065069649
5704000000.000000,after_l1_08_fixed_fir,1.026954611814e+00,-4.764643056070e-02,2.695461181422e-02,-4.764643056070e-02,5.474242818
5705000000.000000,after_l1_08_fixed_fir,1.024950752746e+00,-5.035143110682e-02,2.495075274615e-02,-5.035143110682e-02,5.619436517
5706000000.000000,after_l1_08_fixed_fir,1.024728169678e+00,-5.498522126953e-02,2.472816967759e-02,-5.498522126953e-02,6.028977470
5707000000.000000,after_l1_08_fixed_fir,1.027753024758e+00,-5.599583973995e-02,2.775302475766e-02,-5.599583973995e-02,6.249611549
5708000000.000000,after_l1_08_fixed_fir,1.026282899327e+00,-6.192532854629e-02,2.628289932692e-02,-6.192532854629e-02,6.727211244
5709000000.000000,after_l1_08_fixed_fir,1.025727914880e+00,-6.058572197396e-02,2.572791488021e-02,-6.058572197396e-02,6.582214909
5710000000.000000,after_l1_08_fixed_fir,1.025487448531e+00,-6.937376173018e-02,2.548744853144e-02,-6.937376173018e-02,7.390756963
5711000000.000000,after_l1_08_fixed_fir,1.027272629358e+00,-7.014795653484e-02,2.727262935802e-02,-7.014795653484e-02,7.526308603
5712000000.000000,after_l1_08_fixed_fir,1.025749581822e+00,-7.291130227478e-02,2.574958182213e-02,-7.291130227478e-02,7.732463361
5713000000.000000,after_l1_08_fixed_fir,1.024201894553e+00,-7.555698167324e-02,2.420189455254e-02,-7.555698167324e-02,7.933844704
5714000000.000000,after_l1_08_fixed_fir,1.025150111207e+00,-7.537410252914e-02,2.515011120660e-02,-7.537410252914e-02,7.945931931
5715000000.000000,after_l1_08_fixed_fir,1.023985828470e+00,-8.006274519835e-02,2.398582846954e-02,-8.006274519835e-02,8.357848489
5716000000.000000,after_l1_08_fixed_fir,1.023435600091e+00,-8.236846364885e-02,2.343560009117e-02,-8.236846364885e-02,8.563755692
5717000000.000000,after_l1_08_fixed_fir,1.023861283078e+00,-8.574989266514e-02,2.386128307838e-02,-8.574989266514e-02,8.900789247
5718000000.000000,after_l1_08_fixed_fir,1.024699928628e+00,-8.727687174930e-02,2.469992862845e-02,-8.727687174930e-02,9.070467913
5719000000.000000,after_l1_08_fixed_fir,1.026366893022e+00,-9.016737658748e-02,2.636689302198e-02,-9.016737658748e-02,9.394343430
5720000000.000000,after_l1_08_fixed_fir,1.022206217223e+00,-9.000166114721e-02,2.220621722251e-02,-9.000166114721e-02,9.270067471
5721000000.000000,after_l1_08_fixed_fir,1.023685108385e+00,-9.194264238703e-02,2.368510838456e-02,-9.194264238703e-02,9.494437239
5722000000.000000,after_l1_08_fixed_fir,1.020637138192e+00,-9.493361687504e-02,2.063713819161e-02,-9.493361687504e-02,9.715082648
5723000000.000000,after_l1_08_fixed_fir,1.020727425464e+00,-1.010132577401e-01,2.072742546430e-02,-1.010132577401e-01,10.311791506
5724000000.000000,after_l1_08_fixed_fir,1.023979070797e+00,-9.881872169232e-02,2.397907079672e-02,-9.881872169232e-02,10.168645728
5725000000.000000,after_l1_08_fixed_fir,1.022314328561e+00,-1.026354516146e-01,2.231432856083e-02,-1.026354516146e-01,10.503316232
5726000000.000000,after_l1_08_fixed_fir,1.021837102705e+00,-1.001452549069e-01,2.183710270509e-02,-1.001452549069e-01,10.249844455
5727000000.000000,after_l1_08_fixed_fir,1.022441868453e+00,-9.965477270882e-02,2.244186845259e-02,-9.965477270882e-02,10.215043408
5728000000.000000,after_l1_08_fixed_fir,1.020621587724e+00,-1.021042024123e-01,2.062158772351e-02,-1.021042024123e-01,10.416581988
5729000000.000000,after_l1_08_fixed_fir,1.022415634761e+00,-1.038467397786e-01,2.241563476060e-02,-1.038467397786e-01,10.623843958
5730000000.000000,after_l1_08_fixed_fir,1.020136678029e+00,-1.072012054180e-01,2.013667802910e-02,-1.072012054180e-01,10.907604799
5731000000.000000,after_l1_08_fixed_fir,1.019554915891e+00,-1.072828597143e-01,1.955491589067e-02,-1.072828597143e-01,10.905047787
5732000000.000000,after_l1_08_fixed_fir,1.021863255043e+00,-1.046675853103e-01,2.186325504330e-02,-1.046675853103e-01,10.692663530
5733000000.000000,after_l1_08_fixed_fir,1.020027909983e+00,-1.084107405417e-01,2.002790998332e-02,-1.084107405417e-01,11.024520780
5734000000.000000,after_l1_08_fixed_fir,1.020739522040e+00,-1.076553840010e-01,2.073952203982e-02,-1.076553840010e-01,10.963489170
5735000000.000000,after_l1_08_fixed_fir,1.020399794527e+00,-1.048710131895e-01,2.039979452681e-02,-1.048710131895e-01,10.683670261
5736000000.000000,after_l1_08_fixed_fir,1.021155884913e+00,-1.078565100779e-01,2.115588491309e-02,-1.078565100779e-01,10.991177477
5737000000.000000,after_l1_08_fixed_fir,1.019276634193e+00,-1.092168981139e-01,1.927663419252e-02,-1.092168981139e-01,11.090500196
5738000000.000000,after_l1_08_fixed_fir,1.019657025690e+00,-1.080718690479e-01,1.965702569043e-02,-1.080718690479e-01,10.984501599
5739000000.000000,after_l1_08_fixed_fir,1.020536329603e+00,-1.095584317568e-01,2.053632960295e-02,-1.095584317568e-01,11.146654567
5740000000.000000,after_l1_08_fixed_fir,1.021962900435e+00,-1.101930735445e-01,2.196290043478e-02,-1.101930735445e-01,11.236050219
5741000000.000000,after_l1_08_fixed_fir,1.020232643090e+00,-1.053454226076e-01,2.023264308963e-02,-1.053454226076e-01,10.727076913
5742000000.000000,after_l1_08_fixed_fir,1.019553554394e+00,-1.079195749067e-01,1.955355439446e-02,-1.079195749067e-01,10.967668913
5743000000.000000,after_l1_08_fixed_fir,1.019888182669e+00,-1.095745375034e-01,1.988818266890e-02,-1.095745375034e-01,11.136480180
5744000000.000000,after_l1_08_fixed_fir,1.018133499422e+00,-1.078680166655e-01,1.813349942208e-02,-1.078680166655e-01,10.938159270
5745000000.000000,after_l1_08_fixed_fir,1.018916404673e+00,-1.087571235484e-01,1.891640467294e-02,-1.087571235484e-01,11.038995556
5746000000.000000,after_l1_08_fixed_fir,1.018050223529e+00,-1.066041615466e-01,1.805022352870e-02,-1.066041615466e-01,10.812149568
5747000000.000000,after_l1_08_fixed_fir,1.019110734753e+00,-1.037503082404e-01,1.911073475348e-02,-1.037503082404e-01,10.549571860
5748000000.000000,after_l1_08_fixed_fir,1.019623911277e+00,-1.067210337811e-01,1.962391127716e-02,-1.067210337811e-01,10.851026193
5749000000.000000,after_l1_08_fixed_fir,1.019554886019e+00,-1.060140761965e-01,1.955488601938e-02,-1.060140761965e-01,10.780249496
5750000000.000000,after_l1_08_fixed_fir,1.019573491346e+00,-1.041337612829e-01,1.957349134594e-02,-1.041337612829e-01,10.595735842
5751000000.000000,after_l1_08_fixed_fir,1.018637668699e+00,-1.005718450322e-01,1.863766869932e-02,-1.005718450322e-01,10.228420556
5752000000.000000,after_l1_08_fixed_fir,1.018189367440e+00,-1.005102325071e-01,1.818936743963e-02,-1.005102325071e-01,10.214284080
5753000000.000000,after_l1_08_fixed_fir,1.020592274403e+00,-1.033328712705e-01,2.059227440306e-02,-1.033328712705e-01,10.536471919
5754000000.000000,after_l1_08_fixed_fir,1.018288500623e+00,-9.841508783349e-02,1.828850062276e-02,-9.841508783349e-02,10.009994390
5755000000.000000,after_l1_08_fixed_fir,1.020156711353e+00,-9.811891387223e-02,2.015671135321e-02,-9.811891387223e-02,10.016793036
5756000000.000000,after_l1_08_fixed_fir,1.021635100660e+00,-1.025761190808e-01,2.163510066020e-02,-1.025761190808e-01,10.483290412
5757000000.000000,after_l1_08_fixed_fir,1.019699451087e+00,-9.485169719926e-02,1.969945108692e-02,-9.485169719926e-02,9.687575979
5758000000.000000,after_l1_08_fixed_fir,1.019795454319e+00,-9.651523155113e-02,1.979545431892e-02,-9.651523155113e-02,9.852436213
5759000000.000000,after_l1_08_fixed_fir,1.020848008550e+00,-9.509566102012e-02,2.084800854967e-02,-9.509566102012e-02,9.735411756
5760000000.000000,after_l1_08_fixed_fir,1.021192392160e+00,-9.061555078073e-02,2.119239216013e-02,-9.061555078073e-02,9.306070883
5761000000.000000,after_l1_08_fixed_fir,1.019366303895e+00,-9.315349934954e-02,1.936630389455e-02,-9.315349934954e-02,9.514530029
5762000000.000000,after_l1_08_fixed_fir,1.022233937957e+00,-9.217305281001e-02,2.223393795749e-02,-9.217305281001e-02,9.481676888
5763000000.000000,after_l1_08_fixed_fir,1.022350072989e+00,-8.755480378368e-02,2.235007298892e-02,-8.755480378368e-02,9.036243372
5764000000.000000,after_l1_08_fixed_fir,1.018068805628e+00,-9.200023211599e-02,1.806880562831e-02,-9.200023211599e-02,9.375779672
5765000000.000000,after_l1_08_fixed_fir,1.019105010857e+00,-8.821526104456e-02,1.910501085691e-02,-8.821526104456e-02,9.026036628
5766000000.000000,after_l1_08_fixed_fir,1.019308149545e+00,-8.816366038012e-02,1.930814954524e-02,-8.816366038012e-02,9.025317529
5767000000.000000,after_l1_08_fixed_fir,1.018721760984e+00,-8.247405481801e-02,1.872176098364e-02,-8.247405481801e-02,8.457230074
5768000000.000000,after_l1_08_fixed_fir,1.019679555941e+00,-8.679004396467e-02,1.967955594140e-02,-8.679004396467e-02,8.899323937
5769000000.000000,after_l1_08_fixed_fir,1.018577341741e+00,-7.913580101843e-02,1.857734174119e-02,-7.913580101843e-02,8.128710002
5770000000.000000,after_l1_08_fixed_fir,1.019942788171e+00,-8.079608043366e-02,1.994278817146e-02,-8.079608043366e-02,8.322091933
5771000000.000000,after_l1_08_fixed_fir,1.018842186342e+00,-7.615185383360e-02,1.884218634197e-02,-7.615185383360e-02,7.844828123
5772000000.000000,after_l1_08_fixed_fir,1.019981902640e+00,-7.701919474611e-02,1.998190263997e-02,-7.701919474611e-02,7.956904418
5773000000.000000,after_l1_08_fixed_fir,1.020511351856e+00,-7.546978592391e-02,2.051135185577e-02,-7.546978592391e-02,7.820744301
5774000000.000000,after_l1_08_fixed_fir,1.020277117755e+00,-7.429845705027e-02,2.027711775512e-02,-7.429845705027e-02,7.701572712
5775000000.000000,after_l1_08_fixed_fir,1.021411460662e+00,-6.942338423626e-02,2.141146066214e-02,-6.942338423626e-02,7.265023693
5776000000.000000,after_l1_08_fixed_fir,1.018433627695e+00,-7.035439909021e-02,1.843362769530e-02,-7.035439909021e-02,7.272922453
5777000000.000000,after_l1_08_fixed_fir,1.019272514855e+00,-7.021314911066e-02,1.927251485499e-02,-7.021314911066e-02,7.281013760
5778000000.000000,after_l1_08_fixed_fir,1.020563364491e+00,-6.753369445644e-02,2.056336449094e-02,-6.753369445644e-02,7.059498457
5779000000.000000,after_l1_08_fixed_fir,1.018470911339e+00,-7.032349142359e-02,1.847091133879e-02,-7.032349142359e-02,7.270878910
5780000000.000000,after_l1_08_fixed_fir,1.021089066641e+00,-6.408398183035e-02,2.108906664069e-02,-6.408398183035e-02,6.746484610
5781000000.000000,after_l1_08_fixed_fir,1.020253759203e+00,-6.402179378283e-02,2.025375920280e-02,-6.402179378283e-02,6.714912390
5782000000.000000,after_l1_08_fixed_fir,1.020835440186e+00,-6.509026458947e-02,2.083544018589e-02,-6.509026458947e-02,6.834367646
5783000000.000000,after_l1_08_fixed_fir,1.023026250280e+00,-6.075351113095e-02,2.302625028033e-02,-6.075351113095e-02,6.497074201
5784000000.000000,after_l1_08_fixed_fir,1.019769857284e+00,-6.076034107199e-02,1.976985728351e-02,-6.076034107199e-02,6.389574559
5785000000.000000,after_l1_08_fixed_fir,1.019218520889e+00,-5.797599528559e-02,1.921852088875e-02,-5.797599528559e-02,6.107837240
5786000000.000000,after_l1_08_fixed_fir,1.020957181771e+00,-5.679451897596e-02,2.095718177115e-02,-5.679451897596e-02,6.053776386
5787000000.000000,after_l1_08_fixed_fir,1.019384454568e+00,-5.660952426234e-02,1.938445456772e-02,-5.660952426234e-02,5.983640461
5788000000.000000,after_l1_08_fixed_fir,1.020891502186e+00,-5.439264158655e-02,2.089150218647e-02,-5.439264158655e-02,5.826675143
5789000000.000000,after_l1_08_fixed_fir,1.021971860590e+00,-5.836829295576e-02,2.197186059031e-02,-5.836829295576e-02,6.236682035
5790000000.000000,after_l1_08_fixed_fir,1.021573244077e+00,-5.413286946282e-02,2.157324407678e-02,-5.413286946282e-02,5.827325644
5791000000.000000,after_l1_08_fixed_fir,1.020426710999e+00,-4.969566198286e-02,2.042671099888e-02,-4.969566198286e-02,5.372996689
5792000000.000000,after_l1_08_fixed_fir,1.020545760007e+00,-5.166694001354e-02,2.054576000666e-02,-5.166694001354e-02,5.560216673
5793000000.000000,after_l1_08_fixed_fir,1.019519705111e+00,-5.281961504778e-02,1.951970511068e-02,-5.281961504778e-02,5.631101687
5794000000.000000,after_l1_08_fixed_fir,1.021139963324e+00,-4.947301317664e-02,2.113996332428e-02,-4.947301317664e-02,5.380034463
5795000000.000000,after_l1_08_fixed_fir,1.021546601970e+00,-5.107767701391e-02,2.154660197024e-02,-5.107767701391e-02,5.543631613
5796000000.000000,after_l1_08_fixed_fir,1.023348837098e+00,-4.887355128057e-02,2.334883709786e-02,-4.887355128057e-02,5.416449214
5797000000.000000,after_l1_08_fixed_fir,1.020985723803e+00,-4.334809691329e-02,2.098572380341e-02,-4.334809691329e-02,4.816075279
5798000000.000000,after_l1_08_fixed_fir,1.021786791133e+00,-4.688380607540e-02,2.178679113259e-02,-4.688380607540e-02,5.169869960
5799000000.000000,after_l1_08_fixed_fir,1.019040336236e+00,-4.666814068178e-02,1.904033623626e-02,-4.666814068178e-02,5.040287451
5800000000.000000,after_l1_08_fixed_fir,1.021359422929e+00,-4.587226438250e-02,2.135942292861e-02,-4.587226438250e-02,5.060128049
5801000000.000000,after_l1_08_fixed_fir,1.021109579353e+00,-4.475719832151e-02,2.110957935272e-02,-4.475719832151e-02,4.948556499
5802000000.000000,after_l1_08_fixed_fir,1.022178126092e+00,-4.361378954013e-02,2.217812609181e-02,-4.361378954013e-02,4.892884543
5803000000.000000,after_l1_08_fixed_fir,1.020625807140e+00,-4.408566032885e-02,2.062580714015e-02,-4.408566032885e-02,4.867205941
5804000000.000000,after_l1_08_fixed_fir,1.022205940648e+00,-4.415440581154e-02,2.220594064758e-02,-4.415440581154e-02,4.942383385
5805000000.000000,after_l1_08_fixed_fir,1.022442246822e+00,-4.506483979550e-02,2.244224682184e-02,-4.506483979550e-02,5.034376057
5806000000.000000,after_l1_08_fixed_fir,1.022130437638e+00,-4.457221887246e-02,2.213043763772e-02,-4.457221887246e-02,4.976383190
5807000000.000000,after_l1_08_fixed_fir,1.022631927993e+00,-4.310435034398e-02,2.263192799257e-02,-4.310435034398e-02,4.868458877
5808000000.000000,after_l1_08_fixed_fir,1.022127511404e+00,-4.475960973288e-02,2.212751140353e-02,-4.475960973288e-02,4.993044587
5809000000.000000,after_l1_08_fixed_fir,1.022361803262e+00,-4.614573513881e-02,2.236180326179e-02,-4.614573513881e-02,5.127844690
5810000000.000000,after_l1_08_fixed_fir,1.021639258423e+00,-4.194371010913e-02,2.163925842304e-02,-4.194371010913e-02,4.719674060
5811000000.000000,after_l1_08_fixed_fir,1.022982904118e+00,-4.454700323391e-02,2.298290411829e-02,-4.454700323391e-02,5.012633419
5812000000.000000,after_l1_08_fixed_fir,1.022470226654e+00,-4.692749252845e-02,2.247022665360e-02,-4.692749252845e-02,5.202980531
5813000000.000000,after_l1_08_fixed_fir,1.021965040719e+00,-4.671205460358e-02,2.196504071872e-02,-4.671205460358e-02,5.161859218
5814000000.000000,after_l1_08_fixed_fir,1.021360906450e+00,-4.698487114877e-02,2.136090644969e-02,-4.698487114877e-02,5.161265776
5815000000.000000,after_l1_08_fixed_fir,1.022211504813e+00,-4.446479177877e-02,2.221150481290e-02,-4.446479177877e-02,4.970380925
5816000000.000000,after_l1_08_fixed_fir,1.022780173490e+00,-4.872513251807e-02,2.278017349011e-02,-4.872513251807e-02,5.378731117
5817000000.000000,after_l1_08_fixed_fir,1.021908317591e+00,-4.937306352861e-02,2.190831759129e-02,-4.937306352861e-02,5.401549576
5818000000.000000,after_l1_08_fixed_fir,1.020540431056e+00,-5.304926646545e-02,2.054043105639e-02,-5.304926646545e-02,5.688702823
5819000000.000000,after_l1_08_fixed_fir,1.022848923646e+00,-4.944610576803e-02,2.284892364626e-02,-4.944610576803e-02,5.447008984
5820000000.000000,after_l1_08_fixed_fir,1.020728154248e+00,-5.150252369633e-02,2.072815424815e-02,-5.150252369633e-02,5.551726151
5821000000.000000,after_l1_08_fixed_fir,1.023178134245e+00,-5.456595576917e-02,2.317813424514e-02,-5.456595576917e-02,5.928464756
5822000000.000000,after_l1_08_fixed_fir,1.021330676927e+00,-5.953160735448e-02,2.133067692743e-02,-5.953160735448e-02,6.323772650
5823000000.000000,after_l1_08_fixed_fir,1.023155744556e+00,-6.125643122287e-02,2.315574455613e-02,-6.125643122287e-02,6.548693665
5824000000.000000,after_l1_08_fixed_fir,1.022157760630e+00,-5.981647522765e-02,2.215776062990e-02,-5.981647522765e-02,6.378853396
5825000000.000000,after_l1_08_fixed_fir,1.021132086934e+00,-6.267404505670e-02,2.113208693352e-02,-6.267404505670e-02,6.614076672
5826000000.000000,after_l1_08_fixed_fir,1.023247230505e+00,-6.382548624383e-02,2.324723050466e-02,-6.382548624383e-02,6.792736135
5827000000.000000,after_l1_08_fixed_fir,1.023145916774e+00,-6.555265372638e-02,2.314591677439e-02,-6.555265372638e-02,6.951894615
5828000000.000000,after_l1_08_fixed_fir,1.020994423900e+00,-6.541654408323e-02,2.099442389975e-02,-6.541654408323e-02,6.870291169
5829000000.000000,after_l1_08_fixed_fir,1.019490626048e+00,-6.928969049867e-02,1.949062604790e-02,-6.928969049867e-02,7.197878655
5830000000.000000,after_l1_08_fixed_fir,1.022937918861e+00,-6.912565892529e-02,2.293791886095e-02,-6.912565892529e-02,7.283203171
5831000000.000000,after_l1_08_fixed_fir,1.022457503978e+00,-7.095888678966e-02,2.245750397815e-02,-7.095888678966e-02,7.442783820
5832000000.000000,after_l1_08_fixed_fir,1.021858439468e+00,-7.647562057332e-02,2.185843946769e-02,-7.647562057332e-02,7.953811613
5833000000.000000,after_l1_08_fixed_fir,1.020785645495e+00,-7.918183441088e-02,2.078564549454e-02,-7.918183441088e-02,8.186455863
5834000000.000000,after_l1_08_fixed_fir,1.021666868741e+00,-8.295790048064e-02,2.166686874103e-02,-8.295790048064e-02,8.574069310
5835000000.000000,after_l1_08_fixed_fir,1.022559242969e+00,-8.063445435748e-02,2.255924296904e-02,-8.063445435748e-02,8.373072717
5836000000.000000,after_l1_08_fixed_fir,1.022518352635e+00,-8.612728570845e-02,2.251835263473e-02,-8.612728570845e-02,8.902238791
5837000000.000000,after_l1_08_fixed_fir,1.021203341195e+00,-8.623187066163e-02,2.120334119488e-02,-8.623187066163e-02,8.880043466
5838000000.000000,after_l1_08_fixed_fir,1.023518190132e+00,-9.078310151653e-02,2.351819013208e-02,-9.078310151653e-02,9.377993809
5839000000.000000,after_l1_08_fixed_fir,1.021438683067e+00,-9.570065213348e-02,2.143868306653e-02,-9.570065213348e-02,9.807258511
5840000000.000000,after_l1_08_fixed_fir,1.022013410218e+00,-9.755615339333e-02,2.201341021792e-02,-9.755615339333e-02,10.000896607
5841000000.000000,after_l1_08_fixed_fir,1.021303207396e+00,-1.035672934727e-01,2.130320739624e-02,-1.035672934727e-01,10.573557075
5842000000.000000,after_l1_08_fixed_fir,1.018897572605e+00,-1.010940423445e-01,1.889757260519e-02,-1.010940423445e-01,10.284514402
5843000000.000000,after_l1_08_fixed_fir,1.020981391278e+00,-1.101892597031e-01,2.098139127805e-02,-1.101892597031e-01,11.216903197
5844000000.000000,after_l1_08_fixed_fir,1.021004822136e+00,-1.109690825762e-01,2.100482213608e-02,-1.109690825762e-01,11.293954064
5845000000.000000,after_l1_08_fixed_fir,1.018655240206e+00,-1.162799615082e-01,1.865524020639e-02,-1.162799615082e-01,11.776691995
5846000000.000000,after_l1_08_fixed_fir,1.020611898478e+00,-1.166888140923e-01,2.061189847801e-02,-1.166888140923e-01,11.849527287
5847000000.000000,after_l1_08_fixed_fir,1.017750711860e+00,-1.213819064769e-01,1.775071185961e-02,-1.213819064769e-01,12.267295950
5848000000.000000,after_l1_08_fixed_fir,1.019479309375e+00,-1.274652497845e-01,1.947930937488e-02,-1.274652497845e-01,12.894507899
5849000000.000000,after_l1_08_fixed_fir,1.017675221112e+00,-1.319383255551e-01,1.767522111217e-02,-1.319383255551e-01,13.311699813
5850000000.000000,after_l1_08_fixed_fir,1.019469474601e+00,-1.309857007447e-01,1.946947460063e-02,-1.309857007447e-01,13.242474935
5851000000.000000,after_l1_08_fixed_fir,1.017483728239e+00,-1.360818003075e-01,1.748372823876e-02,-1.360818003075e-01,13.720035396
5852000000.000000,after_l1_08_fixed_fir,1.017566516175e+00,-1.429714842771e-01,1.756651617534e-02,-1.429714842771e-01,14.404661678
5853000000.000000,after_l1_08_fixed_fir,1.017512848195e+00,-1.452107856834e-01,1.751284819519e-02,-1.452107856834e-01,14.626302380
5854000000.000000,after_l1_08_fixed_fir,1.015550268363e+00,-1.487303337067e-01,1.555026836260e-02,-1.487303337067e-01,14.954104123
5855000000.000000,after_l1_08_fixed_fir,1.014755505760e+00,-1.522686872802e-01,1.475550575975e-02,-1.522686872802e-01,15.298195343
5856000000.000000,after_l1_08_fixed_fir,1.014952394260e+00,-1.589384657681e-01,1.495239426027e-02,-1.589384657681e-01,15.964025180
5857000000.000000,after_l1_08_fixed_fir,1.013701073957e+00,-1.597403074868e-01,1.370107395681e-02,-1.597403074868e-01,16.032680769
5858000000.000000,after_l1_08_fixed_fir,1.015096928193e+00,-1.692893434645e-01,1.509692819340e-02,-1.692893434645e-01,16.996116925
5859000000.000000,after_l1_08_fixed_fir,1.011429470729e+00,-1.693955687060e-01,1.142947072880e-02,-1.693955687060e-01,16.978071592
5860000000.000000,after_l1_08_fixed_fir,1.011050937088e+00,-1.762329458596e-01,1.105093708848e-02,-1.762329458596e-01,17.657908828
5861000000.000000,after_l1_08_fixed_fir,1.013150760362e+00,-1.796536145317e-01,1.315076036213e-02,-1.796536145317e-01,18.013429355
5862000000.000000,after_l1_08_fixed_fir,1.010465887572e+00,-1.828227872427e-01,1.046588757214e-02,-1.828227872427e-01,18.312210773
5863000000.000000,after_l1_08_fixed_fir,1.009863671425e+00,-1.909516163698e-01,9.863671425075e-03,-1.909516163698e-01,19.120620233
5864000000.000000,after_l1_08_fixed_fir,1.008500851938e+00,-1.952058567821e-01,8.500851938237e-03,-1.952058567821e-01,19.539086725
5865000000.000000,after_l1_08_fixed_fir,1.006596544017e+00,-1.993706780018e-01,6.596544017287e-03,-1.993706780018e-01,19.947977752
5866000000.000000,after_l1_08_fixed_fir,1.008627081822e+00,-2.030562606260e-01,8.627081822477e-03,-2.030562606260e-01,20.323944381
5867000000.000000,after_l1_08_fixed_fir,1.005997325839e+00,-2.088468180961e-01,5.997325838739e-03,-2.088468180961e-01,20.893291111
5868000000.000000,after_l1_08_fixed_fir,1.005373993681e+00,-2.138736518419e-01,5.373993681380e-03,-2.138736518419e-01,21.394115724
5869000000.000000,after_l1_08_fixed_fir,1.006444191877e+00,-2.190802206494e-01,6.444191876594e-03,-2.190802206494e-01,21.917497733
5870000000.000000,after_l1_08_fixed_fir,1.003648550159e+00,-2.251802098358e-01,3.648550158906e-03,-2.251802098358e-01,22.520976626
5871000000.000000,after_l1_08_fixed_fir,1.002941788144e+00,-2.270774690514e-01,2.941788143744e-03,-2.270774690514e-01,22.709652368
5872000000.000000,after_l1_08_fixed_fir,1.000495302261e+00,-2.302600823643e-01,4.953022606713e-04,-2.302600823643e-01,23.026061508
5873000000.000000,after_l1_08_fixed_fir,9.993267777296e-01,-2.419318226806e-01,-6.732222704454e-04,-2.419318226806e-01,24.193275936
5874000000.000000,after_l1_08_fixed_fir,1.000227179701e+00,-2.452078061986e-01,2.271797006721e-04,-2.452078061986e-01,24.520791144
5875000000.000000,after_l1_08_fixed_fir,1.000205726251e+00,-2.496893934099e-01,2.057262506137e-04,-2.496893934099e-01,24.968947816
5876000000.000000,after_l1_08_fixed_fir,9.975273222529e-01,-2.547878623679e-01,-2.472677747085e-03,-2.547878623679e-01,25.479986057
5877000000.000000,after_l1_08_fixed_fir,9.944523111708e-01,-2.573896886142e-01,-5.547688829209e-03,-2.573896886142e-01,25.744946816
5878000000.000000,after_l1_08_fixed_fir,9.934425130971e-01,-2.620203984851e-01,-6.557486902872e-03,-2.620203984851e-01,26.210244153
5879000000.000000,after_l1_08_fixed_fir,9.917103714513e-01,-2.678149608687e-01,-8.289628548679e-03,-2.678149608687e-01,26.794322385
5880000000.000000,after_l1_08_fixed_fir,9.934175090293e-01,-2.742624699938e-01,-6.582490970719e-03,-2.742624699938e-01,27.434145081
5881000000.000000,after_l1_08_fixed_fir,9.919931463665e-01,-2.796403389492e-01,-8.006853633514e-03,-2.796403389492e-01,27.975494432
5882000000.000000,after_l1_08_fixed_fir,9.877399773015e-01,-2.843609823268e-01,-1.226002269849e-02,-2.843609823268e-01,28.462515073
5883000000.000000,after_l1_08_fixed_fir,9.871590993308e-01,-2.892271101718e-01,-1.284090066922e-02,-2.892271101718e-01,28.951202046
5884000000.000000,after_l1_08_fixed_fir,9.842538497648e-01,-2.963588418440e-01,-1.574615023521e-02,-2.963588418440e-01,29.677685959
5885000000.000000,after_l1_08_fixed_fir,9.833878469157e-01,-3.005708705208e-01,-1.661215308432e-02,-3.005708705208e-01,30.102958631
5886000000.000000,after_l1_08_fixed_fir,9.828943237339e-01,-3.002837040530e-01,-1.710567626607e-02,-3.002837040530e-01,30.077052229
5887000000.000000,after_l1_08_fixed_fir,9.827954002818e-01,-3.064305803318e-01,-1.720459971822e-02,-3.064305803318e-01,30.691317797
5888000000.000000,after_l1_08_fixed_fir,9.807775179610e-01,-3.107905163181e-01,-1.922248203898e-02,-3.107905163181e-01,31.138440688
5889000000.000000,after_l1_08_fixed_fir,9.805736057174e-01,-3.165484853805e-01,-1.942639428256e-02,-3.165484853805e-01,31.714401838
5890000000.000000,after_l1_08_fixed_fir,9.772767219873e-01,-3.219607711086e-01,-2.272327801269e-02,-3.219607711086e-01,32.276165432
5891000000.000000,after_l1_08_fixed_fir,9.773221512398e-01,-3.272611598503e-01,-2.267784876018e-02,-3.272611598503e-01,32.804595954
5892000000.000000,after_l1_08_fixed_fir,9.741392646876e-01,-3.326667064467e-01,-2.586073531236e-02,-3.326667064467e-01,33.367036909
5893000000.000000,after_l1_08_fixed_fir,9.726516771742e-01,-3.353176123382e-01,-2.734832282578e-02,-3.353176123382e-01,33.643102102
5894000000.000000,after_l1_08_fixed_fir,9.695126358364e-01,-3.432118868351e-01,-3.048736416362e-02,-3.432118868351e-01,34.456331586
5895000000.000000,after_l1_08_fixed_fir,9.688987853860e-01,-3.464505852222e-01,-3.110121461400e-02,-3.464505852222e-01,34.784377751
5896000000.000000,after_l1_08_fixed_fir,9.670036610765e-01,-3.508885237127e-01,-3.299633892352e-02,-3.508885237127e-01,35.243653961
5897000000.000000,after_l1_08_fixed_fir,9.664705569791e-01,-3.547742879098e-01,-3.352944302094e-02,-3.547742879098e-01,35.635518645
5898000000.000000,after_l1_08_fixed_fir,9.657193414866e-01,-3.617564865426e-01,-3.428065851344e-02,-3.617564865426e-01,36.337710316
5899000000.000000,after_l1_08_fixed_fir,9.628843785765e-01,-3.617187484807e-01,-3.711562142346e-02,-3.617187484807e-01,36.361796209
5900000000.000000,after_l1_08_fixed_fir,9.611325783911e-01,-3.665660806847e-01,-3.886742160891e-02,-3.665660806847e-01,36.862090007
5901000000.000000,after_l1_08_fixed_fir,9.596742232426e-01,-3.721700033455e-01,-4.032577675742e-02,-3.721700033455e-01,37.434834000
5902000000.000000,after_l1_08_fixed_fir,9.589629162860e-01,-3.747598482359e-01,-4.103708371396e-02,-3.747598482359e-01,37.699998155
5903000000.000000,after_l1_08_fixed_fir,9.544285378501e-01,-3.788872040535e-01,-4.557146214986e-02,-3.788872040535e-01,38.161796545
5904000000.000000,after_l1_08_fixed_fir,9.539989797892e-01,-3.837669556149e-01,-4.600102021079e-02,-3.837669556149e-01,38.651412663
5905000000.000000,after_l1_08_fixed_fir,9.532666386003e-01,-3.888319159218e-01,-4.673336139966e-02,-3.888319159218e-01,39.163026684
5906000000.000000,after_l1_08_fixed_fir,9.498455880452e-01,-3.891203910899e-01,-5.015441195480e-02,-3.891203910899e-01,39.233932227
5907000000.000000,after_l1_08_fixed_fir,9.515617839066e-01,-3.917122368991e-01,-4.843821609336e-02,-3.917122368991e-01,39.469575285
5908000000.000000,after_l1_08_fixed_fir,9.494372874895e-01,-3.967543371736e-01,-5.056271251052e-02,-3.967543371736e-01,39.996323826
5909000000.000000,after_l1_08_fixed_fir,9.488891343074e-01,-3.999602855074e-01,-5.111086569258e-02,-3.999602855074e-01,40.321278573
5910000000.000000,after_l1_08_fixed_fir,9.461187167797e-01,-4.032155259003e-01,-5.388128322028e-02,-4.032155259003e-01,40.679964726
5911000000.000000,after_l1_08_fixed_fir,9.432273112721e-01,-4.081856650775e-01,-5.677268872787e-02,-4.081856650775e-01,41.211488127
5912000000.000000,after_l1_08_fixed_fir,9.433833276330e-01,-4.117605309070e-01,-5.661667236695e-02,-4.117605309070e-01,41.563467421
5913000000.000000,after_l1_08_fixed_fir,9.414913948750e-01,-4.139980884692e-01,-5.850860512502e-02,-4.139980884692e-01,41.811203538
5914000000.000000,after_l1_08_fixed_fir,9.393527864488e-01,-4.201273680049e-01,-6.064721355118e-02,-4.201273680049e-01,42.448214316
5915000000.000000,after_l1_08_fixed_fir,9.371508973249e-01,-4.193296855199e-01,-6.284910267515e-02,-4.193296855199e-01,42.401343713
5916000000.000000,after_l1_08_fixed_fir,9.352377487888e-01,-4.235016023799e-01,-6.476225121123e-02,-4.235016023799e-01,42.842473831
5917000000.000000,after_l1_08_fixed_fir,9.371469996938e-01,-4.253934945979e-01,-6.285300030623e-02,-4.253934945979e-01,43.001177297
5918000000.000000,after_l1_08_fixed_fir,9.344482031334e-01,-4.272165309890e-01,-6.555179686658e-02,-4.272165309890e-01,43.221638380
5919000000.000000,after_l1_08_fixed_fir,9.343763142993e-01,-4.286745124322e-01,-6.562368570065e-02,-4.286745124322e-01,43.366842833
5920000000.000000,after_l1_08_fixed_fir,9.324116711859e-01,-4.317225474458e-01,-6.758832881415e-02,-4.317225474458e-01,43.698116683
5921000000.000000,after_l1_08_fixed_fir,9.325005144395e-01,-4.328545304161e-01,-6.749948556047e-02,-4.328545304161e-01,43.808586493
5922000000.000000,after_l1_08_fixed_fir,9.292385608629e-01,-4.398262721517e-01,-7.076143913707e-02,-4.398262721517e-01,44.548213314
5923000000.000000,after_l1_08_fixed_fir,9.290456267638e-01,-4.367633831667e-01,-7.095437323624e-02,-4.367633831667e-01,44.248929474
5924000000.000000,after_l1_08_fixed_fir,9.305553058769e-01,-4.434603463777e-01,-6.944469412306e-02,-4.434603463777e-01,44.886483974
5925000000.000000,after_l1_08_fixed_fir,9.282970029206e-01,-4.428804681239e-01,-7.170299707937e-02,-4.428804681239e-01,44.864733236
5926000000.000000,after_l1_08_fixed_fir,9.272529952268e-01,-4.450649540237e-01,-7.274700477321e-02,-4.450649540237e-01,45.097110773
5927000000.000000,after_l1_08_fixed_fir,9.266629264618e-01,-4.479578269502e-01,-7.333707353819e-02,-4.479578269502e-01,45.392129393
5928000000.000000,after_l1_08_fixed_fir,9.250620840837e-01,-4.470046487368e-01,-7.493791591634e-02,-4.470046487368e-01,45.324259203
5929000000.000000,after_l1_08_fixed_fir,9.221811394312e-01,-4.521453991181e-01,-7.781886056884e-02,-4.521453991181e-01,45.879323993
5930000000.000000,after_l1_08_fixed_fir,9.243765192542e-01,-4.493013709559e-01,-7.562348074584e-02,-4.493013709559e-01,45.562115050
5931000000.000000,after_l1_08_fixed_fir,9.228430258542e-01,-4.543399850458e-01,-7.715697414584e-02,-4.543399850458e-01,46.084489871
5932000000.000000,after_l1_08_fixed_fir,9.196181492680e-01,-4.549386170791e-01,-8.038185073200e-02,-4.549386170791e-01,46.198526734
5933000000.000000,after_l1_08_fixed_fir,9.221571472510e-01,-4.567583675590e-01,-7.784285274899e-02,-4.567583675590e-01,46.334405797
5934000000.000000,after_l1_08_fixed_fir,9.194141496216e-01,-4.570140923671e-01,-8.058585037840e-02,-4.570140923671e-01,46.406460747
5935000000.000000,after_l1_08_fixed_fir,9.197067975428e-01,-4.547229352566e-01,-8.029320245724e-02,-4.547229352566e-01,46.175745388
5936000000.000000,after_l1_08_fixed_fir,9.192027912461e-01,-4.587401832953e-01,-8.079720875391e-02,-4.587401832953e-01,46.580118582
5937000000.000000,after_l1_08_fixed_fir,9.211742625044e-01,-4.587005516108e-01,-7.882573749557e-02,-4.587005516108e-01,46.542420751
5938000000.000000,after_l1_08_fixed_fir,9.200624887352e-01,-4.592532599976e-01,-7.993751126483e-02,-4.592532599976e-01,46.615830200
5939000000.000000,after_l1_08_fixed_fir,9.208289050279e-01,-4.572570647404e-01,-7.917109497212e-02,-4.572570647404e-01,46.406043306
5940000000.000000,after_l1_08_fixed_fir,9.213584354675e-01,-4.549681192068e-01,-7.864156453253e-02,-4.549681192068e-01,46.171472271
5941000000.000000,after_l1_08_fixed_fir,9.191731340858e-01,-4.560585545711e-01,-8.082686591416e-02,-4.560585545711e-01,46.316561557
5942000000.000000,after_l1_08_fixed_fir,9.181840425310e-01,-4.580034985917e-01,-8.181595746901e-02,-4.580034985917e-01,46.525375401
5943000000.000000,after_l1_08_fixed_fir,9.194853313298e-01,-4.577251162234e-01,-8.051466867021e-02,-4.577251162234e-01,46.475250822
5944000000.000000,after_l1_08_fixed_fir,9.164374076656e-01,-4.607537708309e-01,-8.356259233443e-02,-4.607537708309e-01,46.826994797
5945000000.000000,after_l1_08_fixed_fir,9.190445313069e-01,-4.569477227607e-01,-8.095546869313e-02,-4.569477227607e-01,46.406358319
5946000000.000000,after_l1_08_fixed_fir,9.191924351019e-01,-4.567856772361e-01,-8.080756489805e-02,-4.567856772361e-01,46.387823561
5947000000.000000,after_l1_08_fixed_fir,9.213971218298e-01,-4.529447501084e-01,-7.860287817022e-02,-4.529447501084e-01,45.971443213
5948000000.000000,after_l1_08_fixed_fir,9.208086516098e-01,-4.531009690098e-01,-7.919134839025e-02,-4.531009690098e-01,45.996930091
5949000000.000000,after_l1_08_fixed_fir,9.207422145054e-01,-4.568973625098e-01,-7.925778549459e-02,-4.568973625098e-01,46.372081734
5950000000.000000,after_l1_08_fixed_fir,9.206369515511e-01,-4.522236521011e-01,-7.936304844894e-02,-4.522236521011e-01,45.913475688
5951000000.000000,after_l1_08_fixed_fir,9.234797919840e-01,-4.505229426298e-01,-7.652020801604e-02,-4.505229426298e-01,45.697512413
5952000000.000000,after_l1_08_fixed_fir,9.241999453866e-01,-4.493107269017e-01,-7.580005461338e-02,-4.493107269017e-01,45.565971688
5953000000.000000,after_l1_08_fixed_fir,9.239496587781e-01,-4.484934747473e-01,-7.605034122189e-02,-4.484934747473e-01,45.489564879
5954000000.000000,after_l1_08_fixed_fir,9.235936203250e-01,-4.457346760374e-01,-7.640637967500e-02,-4.457346760374e-01,45.223592988
5955000000.000000,after_l1_08_fixed_fir,9.250775294758e-01,-4.443836652826e-01,-7.492247052417e-02,-4.443836652826e-01,45.065532124
5956000000.000000,after_l1_08_fixed_fir,9.261790175335e-01,-4.441213717014e-01,-7.382098246649e-02,-4.441213717014e-01,45.021476015
5957000000.000000,after_l1_08_fixed_fir,9.273374193403e-01,-4.381646536965e-01,-7.266258065971e-02,-4.381646536965e-01,44.414875253
5958000000.000000,after_l1_08_fixed_fir,9.280900353699e-01,-4.375621373231e-01,-7.190996463007e-02,-4.375621373231e-01,44.343169376
5959000000.000000,after_l1_08_fixed_fir,9.292065381003e-01,-4.354094852839e-01,-7.079346189974e-02,-4.354094852839e-01,44.112711787
5960000000.000000,after_l1_08_fixed_fir,9.288202721418e-01,-4.371365405833e-01,-7.117972785817e-02,-4.371365405833e-01,44.289378949
5961000000.000000,after_l1_08_fixed_fir,9.296334405992e-01,-4.365072193428e-01,-7.036655940081e-02,-4.365072193428e-01,44.214251687
5962000000.000000,after_l1_08_fixed_fir,9.319555626075e-01,-4.305645075426e-01,-6.804443739246e-02,-4.305645075426e-01,43.590806441
5963000000.000000,after_l1_08_fixed_fir,9.326036854650e-01,-4.261407339124e-01,-6.739631453504e-02,-4.261407339124e-01,43.143735155
5964000000.000000,after_l1_08_fixed_fir,9.343622930814e-01,-4.248042992925e-01,-6.563770691856e-02,-4.248042992925e-01,42.984532249
5965000000.000000,after_l1_08_fixed_fir,9.341925950510e-01,-4.215590692373e-01,-6.580740494898e-02,-4.215590692373e-01,42.666457950
5966000000.000000,after_l1_08_fixed_fir,9.400824745950e-01,-4.136901478321e-01,-5.991752540501e-02,-4.136901478321e-01,41.800675624
5967000000.000000,after_l1_08_fixed_fir,9.369041071249e-01,-4.210410155083e-01,-6.309589287514e-02,-4.210410155083e-01,42.574244378
5968000000.000000,after_l1_08_fixed_fir,9.399745114262e-01,-4.110634788561e-01,-6.002548857383e-02,-4.110634788561e-01,41.542296871
5969000000.000000,after_l1_08_fixed_fir,9.420739674409e-01,-4.094174418602e-01,-5.792603255911e-02,-4.094174418602e-01,41.349494186
5970000000.000000,after_l1_08_fixed_fir,9.401903617595e-01,-4.072116668927e-01,-5.980963824052e-02,-4.072116668927e-01,41.158053219
5971000000.000000,after_l1_08_fixed_fir,9.441905974774e-01,-4.051582031624e-01,-5.580940252264e-02,-4.051582031624e-01,40.898393489
5972000000.000000,after_l1_08_fixed_fir,9.468150129658e-01,-3.967818904157e-01,-5.318498703416e-02,-3.967818904157e-01,40.033050272
5973000000.000000,after_l1_08_fixed_fir,9.445479761798e-01,-3.947988713127e-01,-5.545202382023e-02,-3.947988713127e-01,39.867414731
5974000000.000000,after_l1_08_fixed_fir,9.477414235040e-01,-3.932661675230e-01,-5.225857649604e-02,-3.932661675230e-01,39.672312428
5975000000.000000,after_l1_08_fixed_fir,9.511484875338e-01,-3.869873801625e-01,-4.885151246623e-02,-3.869873801625e-01,39.005858877
5976000000.000000,after_l1_08_fixed_fir,9.498451936884e-01,-3.819573804091e-01,-5.015480631164e-02,-3.819573804091e-01,38.523621980
5977000000.000000,after_l1_08_fixed_fir,9.524107226573e-01,-3.796019235552e-01,-4.758927734272e-02,-3.796019235552e-01,38.257333896
5978000000.000000,after_l1_08_fixed_fir,9.534937183993e-01,-3.750246568017e-01,-4.650628160066e-02,-3.750246568017e-01,37.789724455
5979000000.000000,after_l1_08_fixed_fir,9.575135411650e-01,-3.705988916550e-01,-4.248645883502e-02,-3.705988916550e-01,37.302632304
5980000000.000000,after_l1_08_fixed_fir,9.573250105105e-01,-3.668491235447e-01,-4.267498948951e-02,-3.668491235447e-01,36.932294022
5981000000.000000,after_l1_08_fixed_fir,9.599619776830e-01,-3.635453242029e-01,-4.003802231705e-02,-3.635453242029e-01,36.574341550
5982000000.000000,after_l1_08_fixed_fir,9.600142523180e-01,-3.585421360578e-01,-3.998574768203e-02,-3.585421360578e-01,36.076491424
5983000000.000000,after_l1_08_fixed_fir,9.609861851044e-01,-3.533272014957e-01,-3.901381489561e-02,-3.533272014957e-01,35.547459694
5984000000.000000,after_l1_08_fixed_fir,9.656510398071e-01,-3.468025969208e-01,-3.434896019287e-02,-3.468025969208e-01,34.849948680
5985000000.000000,after_l1_08_fixed_fir,9.639826470046e-01,-3.468295187707e-01,-3.601735299537e-02,-3.468295187707e-01,34.869465842
5986000000.000000,after_l1_08_fixed_fir,9.683930232889e-01,-3.383060724207e-01,-3.160697671107e-02,-3.383060724207e-01,33.977933959
5987000000.000000,after_l1_08_fixed_fir,9.683482223839e-01,-3.373598313226e-01,-3.165177761613e-02,-3.373598313226e-01,33.884139478
5988000000.000000,after_l1_08_fixed_fir,9.679187377178e-01,-3.323704043425e-01,-3.208126228224e-02,-3.323704043425e-01,33.391509860
5989000000.000000,after_l1_08_fixed_fir,9.719259892595e-01,-3.234920548635e-01,-2.807401074046e-02,-3.234920548635e-01,32.470796054
5990000000.000000,after_l1_08_fixed_fir,9.739775844889e-01,-3.192750137985e-01,-2.602241551113e-02,-3.192750137985e-01,32.033373307
5991000000.000000,after_l1_08_fixed_fir,9.785372301584e-01,-3.131120911998e-01,-2.146276984160e-02,-3.131120911998e-01,31.384682911
5992000000.000000,after_l1_08_fixed_fir,9.774091978444e-01,-3.108891468175e-01,-2.259080215560e-02,-3.108891468175e-01,31.170884805
5993000000.000000,after_l1_08_fixed_fir,9.790549897166e-01,-3.039134812550e-01,-2.094501028339e-02,-3.039134812550e-01,30.463436698
5994000000.000000,after_l1_08_fixed_fir,9.787487090307e-01,-2.997941775734e-01,-2.125129096931e-02,-2.997941775734e-01,30.054644612
5995000000.000000,after_l1_08_fixed_fir,9.828752711545e-01,-2.938836465761e-01,-1.712472884550e-02,-2.938836465761e-01,29.438215650
5996000000.000000,after_l1_08_fixed_fir,9.858848645514e-01,-2.895262196728e-01,-1.411513544864e-02,-2.895262196728e-01,28.987008974
5997000000.000000,after_l1_08_fixed_fir,9.853533327149e-01,-2.828833995042e-01,-1.464666728512e-02,-2.828833995042e-01,28.326232114
5998000000.000000,after_l1_08_fixed_fir,9.863346709906e-01,-2.778507093833e-01,-1.366532900938e-02,-2.778507093833e-01,27.818655237
5999000000.000000,after_l1_08_fixed_fir,9.859929498572e-01,-2.737632127534e-01,-1.400705014278e-02,-2.737632127534e-01,27.412131276
6000000000.000000,after_l1_08_fixed_fir,9.904766465191e-01,-2.650171258840e-01,-9.523353480866e-03,-2.650171258840e-01,26.518818087
6001000000.000000,after_l1_08_fixed_fir,9.892947316783e-01,-2.634575932946e-01,-1.070526832174e-02,-2.634575932946e-01,26.367500116
6002000000.000000,after_l1_08_fixed_fir,9.934989798938e-01,-2.566930379399e-01,-6.501020106238e-03,-2.566930379399e-01,25.677534732
6003000000.000000,after_l1_08_fixed_fir,9.958315934753e-01,-2.485567191131e-01,-4.168406524679e-03,-2.485567191131e-01,24.859166967
6004000000.000000,after_l1_08_fixed_fir,9.947857910830e-01,-2.450053141054e-01,-5.214208917002e-03,-2.450053141054e-01,24.506079228
6005000000.000000,after_l1_08_fixed_fir,9.961646820446e-01,-2.407514198263e-01,-3.835317955414e-03,-2.407514198263e-01,24.078196737
6006000000.000000,after_l1_08_fixed_fir,9.996357947979e-01,-2.329088211796e-01,-3.642052020958e-04,-2.329088211796e-01,23.290910594
6007000000.000000,after_l1_08_fixed_fir,9.986130127070e-01,-2.304887932770e-01,-1.386987292995e-03,-2.304887932770e-01,23.049296640
6008000000.000000,after_l1_08_fixed_fir,9.996296290291e-01,-2.241763505328e-01,-3.703709709181e-04,-2.241763505328e-01,22.417665649
6009000000.000000,after_l1_08_fixed_fir,1.001300467793e+00,-2.150794597150e-01,1.300467792630e-03,-2.150794597150e-01,21.508339129
6010000000.000000,after_l1_08_fixed_fir,1.003177688734e+00,-2.099956742192e-01,3.177688734481e-03,-2.099956742192e-01,21.001971549
6011000000.000000,after_l1_08_fixed_fir,1.005146015265e+00,-2.033237327558e-01,5.146015265037e-03,-2.033237327558e-01,20.338884378
6012000000.000000,after_l1_08_fixed_fir,1.003737757200e+00,-2.026703730554e-01,3.737757199982e-03,-2.026703730554e-01,20.270483700
6013000000.000000,after_l1_08_fixed_fir,1.007157835909e+00,-1.956847208718e-01,7.157835909021e-03,-1.956847208718e-01,19.581558824
6014000000.000000,after_l1_08_fixed_fir,1.008521438538e+00,-1.868884102336e-01,8.521438537610e-03,-1.868884102336e-01,18.708258282
6015000000.000000,after_l1_08_fixed_fir,1.007851763575e+00,-1.841740184952e-01,7.851763574527e-03,-1.841740184952e-01,18.434131192
6016000000.000000,after_l1_08_fixed_fir,1.008245712725e+00,-1.774786549352e-01,8.245712724599e-03,-1.774786549352e-01,17.767010085
6017000000.000000,after_l1_08_fixed_fir,1.008811831506e+00,-1.758681173165e-01,8.811831506332e-03,-1.758681173165e-01,17.608873633
6018000000.000000,after_l1_08_fixed_fir,1.010265969214e+00,-1.656000181401e-01,1.026596921412e-02,-1.656000181401e-01,16.591791986
6019000000.000000,after_l1_08_fixed_fir,1.010703077952e+00,-1.678958814646e-01,1.070307795250e-02,-1.678958814646e-01,16.823668711
6020000000.000000,after_l1_08_fixed_fir,1.012123357305e+00,-1.579027590468e-01,1.212335730476e-02,-1.579027590468e-01,15.836747490
6021000000.000000,after_l1_08_fixed_fir,1.013998272723e+00,-1.542281693496e-01,1.399827272350e-02,-1.542281693496e-01,15.486213178
6022000000.000000,after_l1_08_fixed_fir,1.012534645692e+00,-1.456074667116e-01,1.253464569246e-02,-1.456074667116e-01,14.614599449
6023000000.000000,after_l1_08_fixed_fir,1.016515189509e+00,-1.409216694233e-01,1.651518950928e-02,-1.409216694233e-01,14.188611066
6024000000.000000,after_l1_08_fixed_fir,1.013412702981e+00,-1.384368785115e-01,1.341270298054e-02,-1.384368785115e-01,13.908511758
6025000000.000000,after_l1_08_fixed_fir,1.015399167386e+00,-1.302521544511e-01,1.539916738611e-02,-1.302521544511e-01,13.115928520
6026000000.000000,after_l1_08_fixed_fir,1.017675569444e+00,-1.290489930036e-01,1.767556944354e-02,-1.290489930036e-01,13.025386117
6027000000.000000,after_l1_08_fixed_fir,1.015707006625e+00,-1.232835790088e-01,1.570700662476e-02,-1.232835790088e-01,12.428013079
6028000000.000000,after_l1_08_fixed_fir,1.018292477702e+00,-1.142004560099e-01,1.829247770226e-02,-1.142004560099e-01,11.565620992
6029000000.000000,after_l1_08_fixed_fir,1.018776943547e+00,-1.131956395984e-01,1.877694354660e-02,-1.131956395984e-01,11.474243519
6030000000.000000,after_l1_08_fixed_fir,1.019213350304e+00,-1.113623952886e-01,1.921335030416e-02,-1.113623952886e-01,11.300768078
6031000000.000000,after_l1_08_fixed_fir,1.019184004704e+00,-1.021425326099e-01,1.918400470357e-02,-1.021425326099e-01,10.392845137
6032000000.000000,after_l1_08_fixed_fir,1.020037071381e+00,-9.668537201478e-02,2.003707138122e-02,-9.668537201478e-02,9.873978626
6033000000.000000,after_l1_08_fixed_fir,1.020794489996e+00,-9.284240308793e-02,2.079448999615e-02,-9.284240308793e-02,9.514264357
6034000000.000000,after_l1_08_fixed_fir,1.021234451877e+00,-9.348888636655e-02,2.123445187654e-02,-9.348888636655e-02,9.587008825
6035000000.000000,after_l1_08_fixed_fir,1.021869156158e+00,-8.401388318371e-02,2.186915615795e-02,-8.401388318371e-02,8.681355055
6036000000.000000,after_l1_08_fixed_fir,1.020842413528e+00,-8.300689852703e-02,2.084241352850e-02,-8.300689852703e-02,8.558359308
6037000000.000000,after_l1_08_fixed_fir,1.020742455887e+00,-7.669217575259e-02,2.074245588698e-02,-7.669217575259e-02,7.944771424
6038000000.000000,after_l1_08_fixed_fir,1.020657715611e+00,-7.357119806031e-02,2.065771561120e-02,-7.357119806031e-02,7.641637520
6039000000.000000,after_l1_08_fixed_fir,1.021680865667e+00,-6.651808116620e-02,2.168086566682e-02,-6.651808116620e-02,6.996224023
6040000000.000000,after_l1_08_fixed_fir,1.022784108641e+00,-6.680829219642e-02,2.278410864123e-02,-6.680829219642e-02,7.058656751
6041000000.000000,after_l1_08_fixed_fir,1.023617740368e+00,-6.089441707145e-02,2.361774036755e-02,-6.089441707145e-02,6.531406962
6042000000.000000,after_l1_08_fixed_fir,1.022848560970e+00,-5.594833340015e-02,2.284856097005e-02,-5.594833340015e-02,6.043403634
6043000000.000000,after_l1_08_fixed_fir,1.023461575364e+00,-5.387312935615e-02,2.346157536449e-02,-5.387312935615e-02,5.876018708
6044000000.000000,after_l1_08_fixed_fir,1.025508974476e+00,-5.136675620339e-02,2.550897447607e-02,-5.136675620339e-02,5.735199580
6045000000.000000,after_l1_08_fixed_fir,1.025039088092e+00,-4.791911217750e-02,2.503908809153e-02,-4.791911217750e-02,5.406660008
6046000000.000000,after_l1_08_fixed_fir,1.022795454197e+00,-4.316418228101e-02,2.279545419682e-02,-4.316418228101e-02,4.881372106
6047000000.000000,after_l1_08_fixed_fir,1.024968464048e+00,-4.253587027628e-02,2.496846404750e-02,-4.253587027628e-02,4.932265663
6048000000.000000,after_l1_08_fixed_fir,1.026266355213e+00,-3.796310373028e-02,2.626635521263e-02,-3.796310373028e-02,4.616404078
6049000000.000000,after_l1_08_fixed_fir,1.025149223432e+00,-3.767241776131e-02,2.514922343173e-02,-3.767241776131e-02,4.529563444
6050000000.000000,after_l1_08_fixed_fir,1.023322901234e+00,-3.218587903991e-02,2.332290123374e-02,-3.218587903991e-02,3.974781166
6051000000.000000,after_l1_08_fixed_fir,1.024206485694e+00,-3.238413492701e-02,2.420648569375e-02,-3.238413492701e-02,4.043125208
6052000000.000000,after_l1_08_fixed_fir,1.024249090797e+00,-2.711229258392e-02,2.424909079709e-02,-2.711229258392e-02,3.637437029
6053000000.000000,after_l1_08_fixed_fir,1.023470424042e+00,-2.919219792732e-02,2.347042404230e-02,-2.919219792732e-02,3.745724529
6054000000.000000,after_l1_08_fixed_fir,1.024907995209e+00,-2.599656462603e-02,2.490799520851e-02,-2.599656462603e-02,3.600318872
6055000000.000000,after_l1_08_fixed_fir,1.023557439762e+00,-2.052916419702e-02,2.355743976232e-02,-2.052916419702e-02,3.124739270
6056000000.000000,after_l1_08_fixed_fir,1.022910986407e+00,-2.058350124820e-02,2.291098640665e-02,-2.058350124820e-02,3.079925034
6057000000.000000,after_l1_08_fixed_fir,1.023856764238e+00,-1.329557984782e-02,2.385676423762e-02,-1.329557984782e-02,2.731149288
6058000000.000000,after_l1_08_fixed_fir,1.025994992709e+00,-1.257932498478e-02,2.599499270873e-02,-1.257932498478e-02,2.887869566
6059000000.000000,after_l1_08_fixed_fir,1.024091614924e+00,-1.161006928784e-02,2.409161492368e-02,-1.161006928784e-02,2.674321631
6060000000.000000,after_l1_08_fixed_fir,1.023873391849e+00,-1.030272824419e-02,2.387339184888e-02,-1.030272824419e-02,2.600163548
6061000000.000000,after_l1_08_fixed_fir,1.024084357755e+00,-1.113836303690e-02,2.408435775541e-02,-1.113836303690e-02,2.653524863
6062000000.000000,after_l1_08_fixed_fir,1.024559389478e+00,-8.782379084870e-03,2.455938947769e-02,-8.782379084870e-03,2.608244225
6063000000.000000,after_l1_08_fixed_fir,1.024621866972e+00,-7.491063564292e-03,2.462186697172e-02,-7.491063564292e-03,2.573620731
6064000000.000000,after_l1_08_fixed_fir,1.024287771679e+00,-7.943910572024e-03,2.428777167906e-02,-7.943910572024e-03,2.555389536
6065000000.000000,after_l1_08_fixed_fir,1.026024003720e+00,-4.448091541475e-03,2.602400372032e-02,-4.448091541475e-03,2.640140693
6066000000.000000,after_l1_08_fixed_fir,1.024572319180e+00,-2.626211357295e-03,2.457231918011e-02,-2.626211357295e-03,2.471226125
6067000000.000000,after_l1_08_fixed_fir,1.025585370896e+00,-1.504486654149e-03,2.558537089614e-02,-1.504486654149e-03,2.562956660
6068000000.000000,after_l1_08_fixed_fir,1.026304263279e+00,-2.424004922076e-03,2.630426327949e-02,-2.424004922076e-03,2.641571628
6069000000.000000,after_l1_08_fixed_fir,1.024198957789e+00,6.861211198498e-04,2.419895778900e-02,6.861211198498e-04,2.420868275
6070000000.000000,after_l1_08_fixed_fir,1.024497461026e+00,-5.231629277278e-04,2.449746102640e-02,-5.231629277278e-04,2.450304667
6071000000.000000,after_l1_08_fixed_fir,1.024956069011e+00,-5.626311762360e-03,2.495606901133e-02,-5.626311762360e-03,2.558243078
6072000000.000000,after_l1_08_fixed_fir,1.025662412501e+00,-7.582243983263e-04,2.566241250146e-02,-7.582243983263e-04,2.567361135
6073000000.000000,after_l1_08_fixed_fir,1.025426288913e+00,-2.374626476212e-03,2.542628891342e-02,-2.374626476212e-03,2.553693441
6074000000.000000,after_l1_08_fixed_fir,1.023813371014e+00,1.223524531152e-03,2.381337101368e-02,1.223524531152e-03,2.384478248
6075000000.000000,after_l1_08_fixed_fir,1.025944561349e+00,-3.420815486419e-03,2.594456134872e-02,-3.420815486419e-03,2.616910855
6076000000.000000,after_l1_08_fixed_fir,1.025558252026e+00,3.823290015614e-03,2.555825202552e-02,3.823290015614e-03,2.584263518
6077000000.000000,after_l1_08_fixed_fir,1.026433851700e+00,1.810260826301e-03,2.643385169950e-02,1.810260826301e-03,2.649576494
6078000000.000000,after_l1_08_fixed_fir,1.027191700796e+00,8.068064833456e-04,2.719170079602e-02,8.068064833456e-04,2.720366756
6079000000.000000,after_l1_08_fixed_fir,1.023983465392e+00,-9.982525462002e-04,2.398346539233e-02,-9.982525462002e-04,2.400423130
6080000000.000000,after_l1_08_fixed_fir,1.023067100787e+00,-1.860034446848e-03,2.306710078707e-02,-1.860034446848e-03,2.314197197
6081000000.000000,after_l1_08_fixed_fir,1.023666040039e+00,2.061316102705e-03,2.366604003945e-02,2.061316102705e-03,2.375564091
6082000000.000000,after_l1_08_fixed_fir,1.027170470144e+00,-2.100296521282e-03,2.717047014352e-02,-2.100296521282e-03,2.725152644
6083000000.000000,after_l1_08_fixed_fir,1.025059735769e+00,-3.941824838811e-03,2.505973576912e-02,-3.941824838811e-03,2.536786037
6084000000.000000,after_l1_08_fixed_fir,1.023125820421e+00,-7.358039114815e-03,2.312582042070e-02,-7.358039114815e-03,2.426817483
6085000000.000000,after_l1_08_fixed_fir,1.026149394222e+00,-4.762059341432e-03,2.614939422228e-02,-4.762059341432e-03,2.657946627
6086000000.000000,after_l1_08_fixed_fir,1.027337329842e+00,-7.871304480842e-03,2.733732984240e-02,-7.871304480842e-03,2.844797070
6087000000.000000,after_l1_08_fixed_fir,1.025575655358e+00,-5.280587005577e-03,2.557565535839e-02,-5.280587005577e-03,2.611510571
6088000000.000000,after_l1_08_fixed_fir,1.025302830579e+00,-6.673396778942e-03,2.530283057865e-02,-6.673396778942e-03,2.616806183
6089000000.000000,after_l1_08_fixed_fir,1.025686318390e+00,-1.116561043532e-02,2.568631839005e-02,-1.116561043532e-02,2.800817396
6090000000.000000,after_l1_08_fixed_fir,1.024524917291e+00,-8.736154088156e-03,2.452491729103e-02,-8.736154088156e-03,2.603443789
6091000000.000000,after_l1_08_fixed_fir,1.026776086648e+00,-9.210128239565e-03,2.677608664824e-02,-9.210128239565e-03,2.831581322
6092000000.000000,after_l1_08_fixed_fir,1.026303883633e+00,-1.418625325682e-02,2.630388363309e-02,-1.418625325682e-02,2.988551615
6093000000.000000,after_l1_08_fixed_fir,1.026253610239e+00,-1.319852857084e-02,2.625361023879e-02,-1.319852857084e-02,2.938457430
6094000000.000000,after_l1_08_fixed_fir,1.024629503180e+00,-1.790795572765e-02,2.462950317978e-02,-1.790795572765e-02,3.045172089
6095000000.000000,after_l1_08_fixed_fir,1.025649761615e+00,-1.694886553978e-02,2.564976161499e-02,-1.694886553978e-02,3.074368738
6096000000.000000,after_l1_08_fixed_fir,1.025798535921e+00,-2.260469202570e-02,2.579853592115e-02,-2.260469202570e-02,3.430067867
6097000000.000000,after_l1_08_fixed_fir,1.024465014698e+00,-2.158333174504e-02,2.446501469770e-02,-2.158333174504e-02,3.262479354
6098000000.000000,after_l1_08_fixed_fir,1.025391177087e+00,-2.411876235360e-02,2.539117708684e-02,-2.411876235360e-02,3.502037366
6099000000.000000,after_l1_08_fixed_fir,1.027399673976e+00,-2.898768645923e-02,2.739967397620e-02,-2.898768645923e-02,3.988769359
6100000000.000000,after_l1_08_fixed_fir,1.025584311635e+00,-2.772054389288e-02,2.558431163539e-02,-2.772054389288e-02,3.772248077
6101000000.000000,after_l1_08_fixed_fir,1.027050018575e+00,-2.992144319086e-02,2.705001857460e-02,-2.992144319086e-02,4.033604179
6102000000.000000,after_l1_08_fixed_fir,1.025068486278e+00,-3.180839537206e-02,2.506848627848e-02,-3.180839537206e-02,4.049942000
6103000000.000000,after_l1_08_fixed_fir,1.026588480095e+00,-3.392211789307e-02,2.658848009497e-02,-3.392211789307e-02,4.310054937
6104000000.000000,after_l1_08_fixed_fir,1.025970883476e+00,-3.632755661657e-02,2.597088347616e-02,-3.632755661657e-02,4.465622194
6105000000.000000,after_l1_08_fixed_fir,1.026311667144e+00,-3.486677789925e-02,2.631166714428e-02,-3.486677789925e-02,4.368061388
6106000000.000000,after_l1_08_fixed_fir,1.025172332141e+00,-4.008692180262e-02,2.517233214105e-02,-4.008692180262e-02,4.733505683
6107000000.000000,after_l1_08_fixed_fir,1.025223061036e+00,-4.167734534068e-02,2.522306103582e-02,-4.167734534068e-02,4.871554087
6108000000.000000,after_l1_08_fixed_fir,1.025414185772e+00,-4.532292054704e-02,2.541418577226e-02,-4.532292054704e-02,5.196198577
6109000000.000000,after_l1_08_fixed_fir,1.024534019036e+00,-4.675025066136e-02,2.453401903593e-02,-4.675025066136e-02,5.279681834
6110000000.000000,after_l1_08_fixed_fir,1.025927340757e+00,-4.671847672456e-02,2.592734075705e-02,-4.671847672456e-02,5.343073148
6111000000.000000,after_l1_08_fixed_fir,1.023679162237e+00,-4.816143701649e-02,2.367916223662e-02,-4.816143701649e-02,5.366774394
6112000000.000000,after_l1_08_fixed_fir,1.024803033023e+00,-5.511032487757e-02,2.480303302331e-02,-5.511032487757e-02,6.043457914
6113000000.000000,after_l1_08_fixed_fir,1.023921242051e+00,-5.452558890991e-02,2.392124205083e-02,-5.452558890991e-02,5.954213355
6114000000.000000,after_l1_08_fixed_fir,1.022883686715e+00,-5.681987933807e-02,2.288368671457e-02,-5.681987933807e-02,6.125489210
6115000000.000000,after_l1_08_fixed_fir,1.024549749681e+00,-6.495968294338e-02,2.454974968096e-02,-6.495968294338e-02,6.944386667
6116000000.000000,after_l1_08_fixed_fir,1.025480159217e+00,-6.438746994011e-02,2.548015921696e-02,-6.438746994011e-02,6.924582875
6117000000.000000,after_l1_08_fixed_fir,1.025573729381e+00,-6.786909728190e-02,2.557372938122e-02,-6.786909728190e-02,7.252744308
6118000000.000000,after_l1_08_fixed_fir,1.024273172616e+00,-6.610795575085e-02,2.427317261583e-02,-6.610795575085e-02,7.042335353
6119000000.000000,after_l1_08_fixed_fir,1.022531577756e+00,-6.849670974901e-02,2.253157775586e-02,-6.849670974901e-02,7.210735914
6120000000.000000,after_l1_08_fixed_fir,1.025743998038e+00,-7.316022068835e-02,2.574399803825e-02,-7.316022068835e-02,7.755753559
6121000000.000000,after_l1_08_fixed_fir,1.023715242821e+00,-7.439148007572e-02,2.371524282094e-02,-7.439148007572e-02,7.808011943
6122000000.000000,after_l1_08_fixed_fir,1.025447705206e+00,-7.874315977471e-02,2.544770520574e-02,-7.874315977471e-02,8.275307192
6123000000.000000,after_l1_08_fixed_fir,1.024300118755e+00,-8.220827554106e-02,2.430011875520e-02,-8.220827554106e-02,8.572453755
6124000000.000000,after_l1_08_fixed_fir,1.025658948761e+00,-8.236240750098e-02,2.565894876089e-02,-8.236240750098e-02,8.626672488
6125000000.000000,after_l1_08_fixed_fir,1.022418584023e+00,-8.423896812129e-02,2.241858402347e-02,-8.423896812129e-02,8.717107697
6126000000.000000,after_l1_08_fixed_fir,1.022761949488e+00,-8.933692025707e-02,2.276194948833e-02,-8.933692025707e-02,9.219106066
6127000000.000000,after_l1_08_fixed_fir,1.024038267920e+00,-8.878282489727e-02,2.403826791985e-02,-8.878282489727e-02,9.197949946
6128000000.000000,after_l1_08_fixed_fir,1.024134588182e+00,-8.918697429155e-02,2.413458818240e-02,-8.918697429155e-02,9.239477653
6129000000.000000,after_l1_08_fixed_fir,1.024103410867e+00,-9.276493233911e-02,2.410341086735e-02,-9.276493233911e-02,9.584522465
6130000000.000000,after_l1_08_fixed_fir,1.020443979292e+00,-9.398040648936e-02,2.044397929224e-02,-9.398040648936e-02,9.617834004
6131000000.000000,after_l1_08_fixed_fir,1.022387144128e+00,-1.001562598463e-01,2.238714412837e-02,-1.001562598463e-01,10.262777698
6132000000.000000,after_l1_08_fixed_fir,1.022098531424e+00,-9.530265714081e-02,2.209853142412e-02,-9.530265714081e-02,9.783118904
6133000000.000000,after_l1_08_fixed_fir,1.022082231591e+00,-9.563874975402e-02,2.208223159076e-02,-9.563874975402e-02,9.815495610
6134000000.000000,after_l1_08_fixed_fir,1.022466065629e+00,-1.058629626668e-01,2.246606562903e-02,-1.058629626668e-01,10.822056630
6135000000.000000,after_l1_08_fixed_fir,1.021862498027e+00,-1.027264663278e-01,2.186249802685e-02,-1.027264663278e-01,10.502711890
6136000000.000000,after_l1_08_fixed_fir,1.022429313178e+00,-1.047481164850e-01,2.242931317795e-02,-1.047481164850e-01,10.712255597
6137000000.000000,after_l1_08_fixed_fir,1.021173533473e+00,-1.091786333732e-01,2.117353347297e-02,-1.091786333732e-01,11.121282527
6138000000.000000,after_l1_08_fixed_fir,1.021645208193e+00,-1.083263739019e-01,2.164520819285e-02,-1.083263739019e-01,11.046772524
6139000000.000000,after_l1_08_fixed_fir,1.022485072625e+00,-1.122059311232e-01,2.248507262491e-02,-1.122059311232e-01,11.443666139
6140000000.000000,after_l1_08_fixed_fir,1.020331434009e+00,-1.133527170524e-01,2.033143400907e-02,-1.133527170524e-01,11.516165018
6141000000.000000,after_l1_08_fixed_fir,1.020261631854e+00,-1.119085903746e-01,2.026163185401e-02,-1.119085903746e-01,11.372803667
6142000000.000000,after_l1_08_fixed_fir,1.022469895035e+00,-1.151087749896e-01,2.246989503495e-02,-1.151087749896e-01,11.728139777
6143000000.000000,after_l1_08_fixed_fir,1.020350687293e+00,-1.161034886474e-01,2.035068729297e-02,-1.161034886474e-01,11.787353626
6144000000.000000,after_l1_08_fixed_fir,1.019344415963e+00,-1.174990096972e-01,1.934441596333e-02,-1.174990096972e-01,11.908074449
6145000000.000000,after_l1_08_fixed_fir,1.020280676133e+00,-1.183975473902e-01,2.028067613250e-02,-1.183975473902e-01,12.012195908
6146000000.000000,after_l1_08_fixed_fir,1.019870524014e+00,-1.221996751902e-01,1.987052401413e-02,-1.221996751902e-01,12.380467819
6147000000.000000,after_l1_08_fixed_fir,1.021270079652e+00,-1.187544775037e-01,2.127007965230e-02,-1.187544775037e-01,12.064427966
6148000000.000000,after_l1_08_fixed_fir,1.020323231112e+00,-1.202114010322e-01,2.032323111212e-02,-1.202114010322e-01,12.191724513
6149000000.000000,after_l1_08_fixed_fir,1.020054243291e+00,-1.252500948736e-01,2.005424329089e-02,-1.252500948736e-01,12.684541355
6150000000.000000,after_l1_08_fixed_fir,1.019365606715e+00,-1.246128335655e-01,1.936560671510e-02,-1.246128335655e-01,12.610862386
6151000000.000000,after_l1_08_fixed_fir,1.020288847182e+00,-1.252798395673e-01,2.028884718180e-02,-1.252798395673e-01,12.691207792
6152000000.000000,after_l1_08_fixed_fir,1.020525339593e+00,-1.255432152646e-01,2.052533959267e-02,-1.255432152646e-01,12.721001715
6153000000.000000,after_l1_08_fixed_fir,1.018426232883e+00,-1.259517535255e-01,1.842623288334e-02,-1.259517535255e-01,12.729245961
6154000000.000000,after_l1_08_fixed_fir,1.022486861852e+00,-1.289134136104e-01,2.248686185174e-02,-1.289134136104e-01,13.085995249
6155000000.000000,after_l1_08_fixed_fir,1.019996107664e+00,-1.299029958544e-01,1.999610766412e-02,-1.299029958544e-01,13.143299682
6156000000.000000,after_l1_08_fixed_fir,1.021782922614e+00,-1.266781763301e-01,2.178292261385e-02,-1.266781763301e-01,12.853737229
6157000000.000000,after_l1_08_fixed_fir,1.020545535881e+00,-1.320387648094e-01,2.054553588110e-02,-1.320387648094e-01,13.362767100
6158000000.000000,after_l1_08_fixed_fir,1.019504981791e+00,-1.315205819628e-01,1.950498179062e-02,-1.315205819628e-01,13.295904555
6159000000.000000,after_l1_08_fixed_fir,1.017678102646e+00,-1.316623398527e-01,1.767810264645e-02,-1.316623398527e-01,13.284384460
6160000000.000000,after_l1_08_fixed_fir,1.019381805505e+00,-1.255835119227e-01,1.938180550499e-02,-1.255835119227e-01,12.707034607
6161000000.000000,after_l1_08_fixed_fir,1.019074423081e+00,-1.329898298910e-01,1.907442308053e-02,-1.329898298910e-01,13.435076654
6162000000.000000,after_l1_08_fixed_fir,1.020347222578e+00,-1.291035922861e-01,2.034722257806e-02,-1.291035922861e-01,13.069715761
6163000000.000000,after_l1_08_fixed_fir,1.020043540859e+00,-1.287074376326e-01,2.004354085927e-02,-1.287074376326e-01,13.025877334
6164000000.000000,after_l1_08_fixed_fir,1.019495761762e+00,-1.324647775992e-01,1.949576176231e-02,-1.324647775992e-01,13.389175490
6165000000.000000,after_l1_08_fixed_fir,1.019600690571e+00,-1.316383323012e-01,1.960069057067e-02,-1.316383323012e-01,13.308958487
6166000000.000000,after_l1_08_fixed_fir,1.020753662663e+00,-1.275968184737e-01,2.075366266269e-02,-1.275968184737e-01,12.927359591
6167000000.000000,after_l1_08_fixed_fir,1.021751929540e+00,-1.311642370135e-01,2.175192954025e-02,-1.311642370135e-01,13.295564490
6168000000.000000,after_l1_08_fixed_fir,1.020359459740e+00,-1.287395412891e-01,2.035945973995e-02,-1.287395412891e-01,13.033946867
6169000000.000000,after_l1_08_fixed_fir,1.022076602499e+00,-1.274007640607e-01,2.207660249853e-02,-1.274007640607e-01,12.929938539
6170000000.000000,after_l1_08_fixed_fir,1.021440277233e+00,-1.258464030143e-01,2.144027723322e-02,-1.258464030143e-01,12.765971424
6171000000.000000,after_l1_08_fixed_fir,1.020913103039e+00,-1.261947929447e-01,2.091310303896e-02,-1.261947929447e-01,12.791592413
6172000000.000000,after_l1_08_fixed_fir,1.021702851121e+00,-1.216162131370e-01,2.170285112080e-02,-1.216162131370e-01,12.353751270
6173000000.000000,after_l1_08_fixed_fir,1.020250275160e+00,-1.243315547266e-01,2.025027515985e-02,-1.243315547266e-01,12.596987396
6174000000.000000,after_l1_08_fixed_fir,1.021162929179e+00,-1.257549745877e-01,2.116292917868e-02,-1.257549745877e-01,12.752326535
6175000000.000000,after_l1_08_fixed_fir,1.021757598193e+00,-1.182298893902e-01,2.175759819302e-02,-1.182298893902e-01,12.021522293
6176000000.000000,after_l1_08_fixed_fir,1.022314582045e+00,-1.200542224548e-01,2.231458204479e-02,-1.200542224548e-01,12.211042912
6177000000.000000,after_l1_08_fixed_fir,1.020360584958e+00,-1.190271524043e-01,2.036058495822e-02,-1.190271524043e-01,12.075602026
6178000000.000000,after_l1_08_fixed_fir,1.021785510959e+00,-1.126655208907e-01,2.178551095904e-02,-1.126655208907e-01,11.475246440
6179000000.000000,after_l1_08_fixed_fir,1.022587992283e+00,-1.119508511636e-01,2.258799228330e-02,-1.119508511636e-01,11.420687576
6180000000.000000,after_l1_08_fixed_fir,1.020960407929e+00,-1.134119845975e-01,2.096040792922e-02,-1.134119845975e-01,11.533263610
6181000000.000000,after_l1_08_fixed_fir,1.022854074465e+00,-1.120016629366e-01,2.285407446509e-02,-1.120016629366e-01,11.430958499
6182000000.000000,after_l1_08_fixed_fir,1.022428147256e+00,-1.071682809707e-01,2.242814725601e-02,-1.071682809707e-01,10.949000975
6183000000.000000,after_l1_08_fixed_fir,1.022358581169e+00,-1.100852312628e-01,2.235858116932e-02,-1.100852312628e-01,11.233282821
6184000000.000000,after_l1_08_fixed_fir,1.022284586904e+00,-1.036548414225e-01,2.228458690356e-02,-1.036548414225e-01,10.602324728
6185000000.000000,after_l1_08_fixed_fir,1.024396484987e+00,-1.020038881810e-01,2.439648498733e-02,-1.020038881810e-01,10.488079750
6186000000.000000,after_l1_08_fixed_fir,1.023683668833e+00,-9.838751870367e-02,2.368366883295e-02,-9.838751870367e-02,10.119792491
6187000000.000000,after_l1_08_fixed_fir,1.024640456497e+00,-9.668903049299e-02,2.464045649707e-02,-9.668903049299e-02,9.977936016
6188000000.000000,after_l1_08_fixed_fir,1.024090926796e+00,-9.305670307443e-02,2.409092679618e-02,-9.305670307443e-02,9.612451686
6189000000.000000,after_l1_08_fixed_fir,1.024996718752e+00,-9.208702783692e-02,2.499671875177e-02,-9.208702783692e-02,9.541937248
6190000000.000000,after_l1_08_fixed_fir,1.026481571778e+00,-9.320098077167e-02,2.648157177809e-02,-9.320098077167e-02,9.689012571
6191000000.000000,after_l1_08_fixed_fir,1.025862522085e+00,-8.711005425896e-02,2.586252208496e-02,-8.711005425896e-02,9.086821007
6192000000.000000,after_l1_08_fixed_fir,1.023567117456e+00,-8.706897944389e-02,2.356711745589e-02,-8.706897944389e-02,9.020208538
6193000000.000000,after_l1_08_fixed_fir,1.023361257569e+00,-8.127808286965e-02,2.336125756919e-02,-8.127808286965e-02,8.456875966
6194000000.000000,after_l1_08_fixed_fir,1.025437533754e+00,-7.836254468096e-02,2.543753375376e-02,-7.836254468096e-02,8.238784214
6195000000.000000,after_l1_08_fixed_fir,1.025792799674e+00,-7.747127600563e-02,2.579279967422e-02,-7.747127600563e-02,8.165211033
6196000000.000000,after_l1_08_fixed_fir,1.026458750517e+00,-7.057236747633e-02,2.645875051720e-02,-7.057236747633e-02,7.536925454
6197000000.000000,after_l1_08_fixed_fir,1.026331601478e+00,-7.095839721558e-02,2.633160147777e-02,-7.095839721558e-02,7.568650720
6198000000.000000,after_l1_08_fixed_fir,1.026371324009e+00,-6.796772860456e-02,2.637132400875e-02,-6.796772860456e-02,7.290445022
6199000000.000000,after_l1_08_fixed_fir,1.024274568506e+00,-6.268380574384e-02,2.427456850566e-02,-6.268380574384e-02,6.721989422
6200000000.000000,after_l1_08_fixed_fir,1.026368872781e+00,-6.204055968495e-02,2.636887278057e-02,-6.204055968495e-02,6.741178308
6201000000.000000,after_l1_08_fixed_fir,1.027198002720e+00,-5.618727218362e-02,2.719800271959e-02,-5.618727218362e-02,6.242388091
6202000000.000000,after_l1_08_fixed_fir,1.026549916126e+00,-5.490005157293e-02,2.654991612558e-02,-5.490005157293e-02,6.098289686
6203000000.000000,after_l1_08_fixed_fir,1.026221913395e+00,-4.496825215629e-02,2.622191339453e-02,-4.496825215629e-02,5.205509047
6204000000.000000,after_l1_08_fixed_fir,1.027873466649e+00,-4.589319050115e-02,2.787346664915e-02,-4.589319050115e-02,5.369464664
6205000000.000000,after_l1_08_fixed_fir,1.027075256008e+00,-4.392746434553e-02,2.707525600836e-02,-4.392746434553e-02,5.160127529
6206000000.000000,after_l1_08_fixed_fir,1.025675396679e+00,-3.863175777348e-02,2.567539667914e-02,-3.863175777348e-02,4.638575970
6207000000.000000,after_l1_08_fixed_fir,1.029350709344e+00,-3.939344946356e-02,2.935070934420e-02,-3.939344946356e-02,4.912543129
6208000000.000000,after_l1_08_fixed_fir,1.028351541150e+00,-3.447682220724e-02,2.835154115048e-02,-3.447682220724e-02,4.463699312
6209000000.000000,after_l1_08_fixed_fir,1.028515549397e+00,-2.622481297237e-02,2.851554939748e-02,-2.622481297237e-02,3.874115864
6210000000.000000,after_l1_08_fixed_fir,1.029447898327e+00,-2.226744910411e-02,2.944789832728e-02,-2.226744910411e-02,3.691907374
6211000000.000000,after_l1_08_fixed_fir,1.026162504131e+00,-1.874181299291e-02,2.616250413097e-02,-1.874181299291e-02,3.218279318
6212000000.000000,after_l1_08_fixed_fir,1.027786357347e+00,-1.490922973896e-02,2.778635734706e-02,-1.490922973896e-02,3.153358188
6213000000.000000,after_l1_08_fixed_fir,1.028590514658e+00,-1.435985560853e-02,2.859051465801e-02,-1.435985560853e-02,3.199410854
6214000000.000000,after_l1_08_fixed_fir,1.028166452198e+00,-4.672666820957e-03,2.816645219766e-02,-4.672666820957e-03,2.855140705
6215000000.000000,after_l1_08_fixed_fir,1.027521829678e+00,-3.149296318946e-03,2.752182967763e-02,-3.149296318946e-03,2.770142913
6216000000.000000,after_l1_08_fixed_fir,1.028213369039e+00,-2.010973452822e-03,2.821336903908e-02,-2.010973452822e-03,2.828494665
6217000000.000000,after_l1_08_fixed_fir,1.028450528308e+00,7.187236974795e-03,2.845052830751e-02,7.187236974795e-03,2.934431693
6218000000.000000,after_l1_08_fixed_fir,1.026741706469e+00,6.571787197973e-03,2.674170646852e-02,6.571787197973e-03,2.753737917
6219000000.000000,after_l1_08_fixed_fir,1.026188719354e+00,1.627665774526e-02,2.618871935426e-02,1.627665774526e-02,3.083469813
6220000000.000000,after_l1_08_fixed_fir,1.028246739558e+00,1.883743847861e-02,2.824673955828e-02,1.883743847861e-02,3.395183919
6221000000.000000,after_l1_08_fixed_fir,1.027126209334e+00,2.167629756698e-02,2.712620933437e-02,2.167629756698e-02,3.472309187
6222000000.000000,after_l1_08_fixed_fir,1.026313346821e+00,2.280794229016e-02,2.631334682139e-02,2.280794229016e-02,3.482232692
6223000000.000000,after_l1_08_fixed_fir,1.025203798677e+00,2.693848644111e-02,2.520379867724e-02,2.693848644111e-02,3.689056139
6224000000.000000,after_l1_08_fixed_fir,1.027537900119e+00,3.286206955956e-02,2.753790011861e-02,3.286206955956e-02,4.287483596
6225000000.000000,after_l1_08_fixed_fir,1.025317121515e+00,3.629804127906e-02,2.531712151507e-02,3.629804127906e-02,4.425499342
6226000000.000000,after_l1_08_fixed_fir,1.027051429014e+00,3.891483500649e-02,2.705142901392e-02,3.891483500649e-02,4.739350372
6227000000.000000,after_l1_08_fixed_fir,1.026173861507e+00,4.517738729744e-02,2.617386150665e-02,4.517738729744e-02,5.221175489
6228000000.000000,after_l1_08_fixed_fir,1.025195789332e+00,4.917603317294e-02,2.519578933209e-02,4.917603317294e-02,5.525495488
6229000000.000000,after_l1_08_fixed_fir,1.026001081705e+00,5.300232261702e-02,2.600108170491e-02,5.300232261702e-02,5.903645020
6230000000.000000,after_l1_08_fixed_fir,1.023393520218e+00,5.921783420381e-02,2.339352021776e-02,5.921783420381e-02,6.367109765
6231000000.000000,after_l1_08_fixed_fir,1.024678763662e+00,6.090008271391e-02,2.467876366219e-02,6.090008271391e-02,6.571043639
6232000000.000000,after_l1_08_fixed_fir,1.023953164024e+00,6.675139655627e-02,2.395316402421e-02,6.675139655627e-02,7.091898906
6233000000.000000,after_l1_08_fixed_fir,1.022760286635e+00,6.924668943880e-02,2.276028663512e-02,6.924668943880e-02,7.289125219
6234000000.000000,after_l1_08_fixed_fir,1.022416463993e+00,7.488930530336e-02,2.241646399295e-02,7.488930530336e-02,7.817228349
6235000000.000000,after_l1_08_fixed_fir,1.024217556792e+00,7.469071825661e-02,2.421755679192e-02,7.469071825661e-02,7.851874586
6236000000.000000,after_l1_08_fixed_fir,1.021006876744e+00,7.893974702230e-02,2.100687674375e-02,7.893974702230e-02,8.168704016
6237000000.000000,after_l1_08_fixed_fir,1.023573332411e+00,8.691075351469e-02,2.357333241142e-02,8.691075351469e-02,9.005099154
6238000000.000000,after_l1_08_fixed_fir,1.019847141669e+00,8.849716401939e-02,1.984714166858e-02,8.849716401939e-02,9.069540822
6239000000.000000,after_l1_08_fixed_fir,1.023241217806e+00,9.261401856733e-02,2.324121780606e-02,9.261401856733e-02,9.548565673
6240000000.000000,after_l1_08_fixed_fir,1.020700405449e+00,9.772084794418e-02,2.070040544881e-02,9.772084794418e-02,9.988929326
6241000000.000000,after_l1_08_fixed_fir,1.020751961775e+00,9.840620696413e-02,2.075196177454e-02,9.840620696413e-02,10.057050008
6242000000.000000,after_l1_08_fixed_fir,1.021026414931e+00,1.047549237781e-01,2.102641493146e-02,1.047549237781e-01,10.684429877
6243000000.000000,after_l1_08_fixed_fir,1.019868155490e+00,1.086434246628e-01,1.986815548999e-02,1.086434246628e-01,11.044517792
6244000000.000000,after_l1_08_fixed_fir,1.020073143565e+00,1.122322748683e-01,2.007314356501e-02,1.122322748683e-01,11.401322123
6245000000.000000,after_l1_08_fixed_fir,1.017759333193e+00,1.149097288726e-01,1.775933319274e-02,1.149097288726e-01,11.627398550
6246000000.000000,after_l1_08_fixed_fir,1.017224484370e+00,1.175003250253e-01,1.722448437040e-02,1.175003250253e-01,11.875609139
6247000000.000000,after_l1_08_fixed_fir,1.018707363908e+00,1.218838879132e-01,1.870736390806e-02,1.218838879132e-01,12.331118196
6248000000.000000,after_l1_08_fixed_fir,1.019856677461e+00,1.269958409132e-01,1.985667746060e-02,1.269958409132e-01,12.853883168
6249000000.000000,after_l1_08_fixed_fir,1.016203804256e+00,1.311316180915e-01,1.620380425553e-02,1.311316180915e-01,13.212896933
6250000000.000000,after_l1_08_fixed_fir,1.018173853788e+00,1.328714454103e-01,1.817385378847e-02,1.328714454103e-01,13.410857529
6251000000.000000,after_l1_08_fixed_fir,1.014126228663e+00,1.399634555417e-01,1.412622866257e-02,1.399634555417e-01,14.067451519
6252000000.000000,after_l1_08_fixed_fir,1.015551387676e+00,1.401693535409e-01,1.555138767627e-02,1.401693535409e-01,14.102940591
6253000000.000000,after_l1_08_fixed_fir,1.015340049482e+00,1.442257111705e-01,1.534004948188e-02,1.442257111705e-01,14.503921153
6254000000.000000,after_l1_08_fixed_fir,1.013861861538e+00,1.492977861890e-01,1.386186153819e-02,1.492977861890e-01,14.993992186
6255000000.000000,after_l1_08_fixed_fir,1.014899930288e+00,1.535646251556e-01,1.489993028756e-02,1.535646251556e-01,15.428578036
6256000000.000000,after_l1_08_fixed_fir,1.014292939257e+00,1.564593817406e-01,1.429293925717e-02,1.564593817406e-01,15.711087247
6257000000.000000,after_l1_08_fixed_fir,1.011087546008e+00,1.527969459778e-01,1.108754600813e-02,1.527969459778e-01,15.319869574
6258000000.000000,after_l1_08_fixed_fir,1.011196625134e+00,1.597597101996e-01,1.119662513414e-02,1.597597101996e-01,16.015158263
6259000000.000000,after_l1_08_fixed_fir,1.012562528725e+00,1.657576917960e-01,1.256252872488e-02,1.657576917960e-01,16.623305784
6260000000.000000,after_l1_08_fixed_fir,1.009414649534e+00,1.684450205178e-01,9.414649534302e-03,1.684450205178e-01,16.870791494
6261000000.000000,after_l1_08_fixed_fir,1.008683625361e+00,1.721172369252e-01,8.683625360880e-03,1.721172369252e-01,17.233615000
6262000000.000000,after_l1_08_fixed_fir,1.009181828339e+00,1.718969754541e-01,9.181828339184e-03,1.718969754541e-01,17.214202317
6263000000.000000,after_l1_08_fixed_fir,1.010748660078e+00,1.764486322869e-01,1.074866007847e-02,1.764486322869e-01,17.677571533
6264000000.000000,after_l1_08_fixed_fir,1.008170705471e+00,1.797160691890e-01,8.170705470861e-03,1.797160691890e-01,17.990171192
6265000000.000000,after_l1_08_fixed_fir,1.006739767965e+00,1.766152599661e-01,6.739767964567e-03,1.766152599661e-01,17.674381043
6266000000.000000,after_l1_08_fixed_fir,1.007857405276e+00,1.807954134605e-01,7.857405275638e-03,1.807954134605e-01,18.096607512
6267000000.000000,after_l1_08_fixed_fir,1.007453201382e+00,1.831522935568e-01,7.453201382086e-03,1.831522935568e-01,18.330388115
6268000000.000000,after_l1_08_fixed_fir,1.005173789503e+00,1.871236171560e-01,5.173789502861e-03,1.871236171560e-01,18.719512866
6269000000.000000,after_l1_08_fixed_fir,1.005490590640e+00,1.909562867114e-01,5.490590640221e-03,1.909562867114e-01,19.103520623
6270000000.000000,after_l1_08_fixed_fir,1.005274345808e+00,1.903358154425e-01,5.274345807906e-03,1.903358154425e-01,19.040887942
6271000000.000000,after_l1_08_fixed_fir,1.004603359738e+00,1.952749650479e-01,4.603359737542e-03,1.952749650479e-01,19.532921670
6272000000.000000,after_l1_08_fixed_fir,1.004993103918e+00,1.940876726126e-01,4.993103917956e-03,1.940876726126e-01,19.415188834
6273000000.000000,after_l1_08_fixed_fir,1.003043472719e+00,1.990576913565e-01,3.043472718989e-03,1.990576913565e-01,19.908095643
6274000000.000000,after_l1_08_fixed_fir,1.004163184825e+00,1.993591290205e-01,4.163184824989e-03,1.993591290205e-01,19.940259384
6275000000.000000,after_l1_08_fixed_fir,1.002109207393e+00,2.055465834863e-01,2.109207393359e-03,2.055465834863e-01,20.555740497
6276000000.000000,after_l1_08_fixed_fir,1.002153699884e+00,2.015831648102e-01,2.153699883567e-03,2.015831648102e-01,20.159466947
6277000000.000000,after_l1_08_fixed_fir,1.000493222697e+00,2.013095581992e-01,4.932226966021e-04,2.013095581992e-01,20.131016241
6278000000.000000,after_l1_08_fixed_fir,1.002280625191e+00,2.060729580461e-01,2.280625191154e-03,2.060729580461e-01,20.608557759
6279000000.000000,after_l1_08_fixed_fir,1.000595498283e+00,2.100127440817e-01,5.954982830663e-04,2.100127440817e-01,21.001358836
6280000000.000000,after_l1_08_fixed_fir,1.000589075343e+00,2.122966879767e-01,5.890753433238e-04,2.122966879767e-01,21.229750525
6281000000.000000,after_l1_08_fixed_fir,1.002581160042e+00,2.091193548090e-01,2.581160041921e-03,2.091193548090e-01,20.913528383
6282000000.000000,after_l1_08_fixed_fir,1.000282727562e+00,2.128776456222e-01,2.827275621597e-04,2.128776456222e-01,21.287783337
6283000000.000000,after_l1_08_fixed_fir,1.001281403625e+00,2.155100796643e-01,1.281403625290e-03,2.155100796643e-01,21.551388919
6284000000.000000,after_l1_08_fixed_fir,1.000250519507e+00,2.176387626305e-01,2.505195065132e-04,2.176387626305e-01,21.763890681
6285000000.000000,after_l1_08_fixed_fir,9.996710920531e-01,2.179146349857e-01,-3.289079469222e-04,2.179146349857e-01,21.791488320
6286000000.000000,after_l1_08_fixed_fir,9.982873647413e-01,2.169488196026e-01,-1.712635258704e-03,2.169488196026e-01,21.695557943
6287000000.000000,after_l1_08_fixed_fir,9.988547756020e-01,2.193232653641e-01,-1.145224398042e-03,2.193232653641e-01,21.932625531
6288000000.000000,after_l1_08_fixed_fir,9.992478785291e-01,2.191036385168e-01,-7.521214708776e-04,2.191036385168e-01,21.910492942
6289000000.000000,after_l1_08_fixed_fir,9.988731465607e-01,2.199881392547e-01,-1.126853439300e-03,2.199881392547e-01,21.999102530
6290000000.000000,after_l1_08_fixed_fir,9.978898798225e-01,2.224304220779e-01,-2.110120177498e-03,2.224304220779e-01,22.244043084
6291000000.000000,after_l1_08_fixed_fir,9.975266407169e-01,2.185601874778e-01,-2.473359283060e-03,2.185601874778e-01,21.857418204
6292000000.000000,after_l1_08_fixed_fir,9.983054055419e-01,2.224777068284e-01,-1.694594458100e-03,2.224777068284e-01,22.248416053
6293000000.000000,after_l1_08_fixed_fir,9.971414492873e-01,2.262142839187e-01,-2.858550712739e-03,2.262142839187e-01,22.623234420
6294000000.000000,after_l1_08_fixed_fir,9.982240963182e-01,2.224631860509e-01,-1.775903681845e-03,2.224631860509e-01,22.247027438
6295000000.000000,after_l1_08_fixed_fir,9.984221194546e-01,2.214043541466e-01,-1.577880545442e-03,2.214043541466e-01,22.140997661
6296000000.000000,after_l1_08_fixed_fir,9.969614106977e-01,2.245011474621e-01,-3.038589302280e-03,2.245011474621e-01,22.452170995
6297000000.000000,after_l1_08_fixed_fir,9.992904551187e-01,2.218298715040e-01,-7.095448813106e-04,2.218298715040e-01,22.183100628
6298000000.000000,after_l1_08_fixed_fir,9.986224204425e-01,2.229976988110e-01,-1.377579557469e-03,2.229976988110e-01,22.300195380
6299000000.000000,after_l1_08_fixed_fir,9.988092632902e-01,2.227815837595e-01,-1.190736709801e-03,2.227815837595e-01,22.278476590
6300000000.000000,after_l1_08_fixed_fir,9.969154339109e-01,2.238448739592e-01,-3.084566089119e-03,2.238448739592e-01,22.386612550
6301000000.000000,after_l1_08_fixed_fir,9.984888423004e-01,2.231309146305e-01,-1.511157699614e-03,2.231309146305e-01,22.313603174
6302000000.000000,after_l1_08_fixed_fir,9.989140153489e-01,2.214938252034e-01,-1.085984651128e-03,2.214938252034e-01,22.149648748
6303000000.000000,after_l1_08_fixed_fir,9.965579405306e-01,2.247074541471e-01,-3.442059469375e-03,2.247074541471e-01,22.473381526
6304000000.000000,after_l1_08_fixed_fir,9.969331458806e-01,2.207711051035e-01,-3.066854119406e-03,2.207711051035e-01,22.079240576
6305000000.000000,after_l1_08_fixed_fir,9.992719306641e-01,2.219131592203e-01,-7.280693359455e-04,2.219131592203e-01,22.191435357
6306000000.000000,after_l1_08_fixed_fir,9.959613256555e-01,2.246123165771e-01,-4.038674344498e-03,2.246123165771e-01,22.464862263
6307000000.000000,after_l1_08_fixed_fir,9.981785343165e-01,2.219973427643e-01,-1.821465683487e-03,2.219973427643e-01,22.200481511
6308000000.000000,after_l1_08_fixed_fir,9.974991810788e-01,2.192138019199e-01,-2.500818921184e-03,2.192138019199e-01,21.922806629
6309000000.000000,after_l1_08_fixed_fir,9.967621115114e-01,2.197517784968e-01,-3.237888488556e-03,2.197517784968e-01,21.977563121
6310000000.000000,after_l1_08_fixed_fir,9.980021474617e-01,2.227528316994e-01,-1.997852538307e-03,2.227528316994e-01,22.276179081
6311000000.000000,after_l1_08_fixed_fir,9.994042871568e-01,2.152275443919e-01,-5.957128431603e-04,2.152275443919e-01,21.522836881
6312000000.000000,after_l1_08_fixed_fir,9.984839398430e-01,2.235240915129e-01,-1.516060157036e-03,2.235240915129e-01,22.352923282
6313000000.000000,after_l1_08_fixed_fir,1.000149502703e+00,2.161468873918e-01,1.495027031329e-04,2.161468873918e-01,21.614693910
6314000000.000000,after_l1_08_fixed_fir,9.991918670601e-01,2.180121620768e-01,-8.081329398760e-04,2.180121620768e-01,21.801365988
6315000000.000000,after_l1_08_fixed_fir,9.983083398500e-01,2.184843660426e-01,-1.691660149951e-03,2.184843660426e-01,21.849091496
6316000000.000000,after_l1_08_fixed_fir,9.993504948463e-01,2.156674331495e-01,-6.495051536692e-04,2.156674331495e-01,21.566841117
6317000000.000000,after_l1_08_fixed_fir,9.987499045344e-01,2.165505723608e-01,-1.250095465619e-03,2.165505723608e-01,21.655418058
6318000000.000000,after_l1_08_fixed_fir,1.000160675381e+00,2.146888498891e-01,1.606753807872e-04,2.146888498891e-01,21.468891001
6319000000.000000,after_l1_08_fixed_fir,1.000581686494e+00,2.094612630275e-01,5.816864941188e-04,2.094612630275e-01,20.946207072
6320000000.000000,after_l1_08_fixed_fir,1.002115407105e+00,2.071825431668e-01,2.115407104711e-03,2.071825431668e-01,20.719334241
6321000000.000000,after_l1_08_fixed_fir,1.000028149705e+00,2.072279103409e-01,2.814970472365e-05,2.072279103409e-01,20.722791225
6322000000.000000,after_l1_08_fixed_fir,1.001337006859e+00,2.084134951516e-01,1.337006858950e-03,2.084134951516e-01,20.841778367
6323000000.000000,after_l1_08_fixed_fir,1.002957892383e+00,2.103967734248e-01,2.957892382802e-03,2.103967734248e-01,21.041756437
6324000000.000000,after_l1_08_fixed_fir,1.002175953767e+00,2.064072362682e-01,2.175953767470e-03,2.064072362682e-01,20.641870545
6325000000.000000,after_l1_08_fixed_fir,1.004511130462e+00,2.088306456257e-01,4.511130462008e-03,2.088306456257e-01,20.887936435
6326000000.000000,after_l1_08_fixed_fir,1.006640676117e+00,2.068941989009e-01,6.640676116839e-03,2.068941989009e-01,20.700074425
6327000000.000000,after_l1_08_fixed_fir,1.003989779698e+00,2.004379486421e-01,3.989779697815e-03,2.004379486421e-01,20.047765361
6328000000.000000,after_l1_08_fixed_fir,1.005042347779e+00,2.003356799192e-01,5.042347779367e-03,2.003356799192e-01,20.039912654
6329000000.000000,after_l1_08_fixed_fir,1.004837602776e+00,1.985561520627e-01,4.837602776104e-03,1.985561520627e-01,19.861507476
6330000000.000000,after_l1_08_fixed_fir,1.003134122944e+00,1.968326202566e-01,3.134122943940e-03,1.968326202566e-01,19.685757065
6331000000.000000,after_l1_08_fixed_fir,1.006141268324e+00,1.966546522950e-01,6.141268323720e-03,1.966546522950e-01,19.675052083
6332000000.000000,after_l1_08_fixed_fir,1.006003065461e+00,1.983592067440e-01,6.003065461034e-03,1.983592067440e-01,19.845002317
6333000000.000000,after_l1_08_fixed_fir,1.006481289263e+00,1.977299264109e-01,6.481289262995e-03,1.977299264109e-01,19.783612135
6334000000.000000,after_l1_08_fixed_fir,1.006385667305e+00,1.899727175904e-01,6.385667305081e-03,1.899727175904e-01,19.008000993
6335000000.000000,after_l1_08_fixed_fir,1.005017372737e+00,1.919019501083e-01,5.017372736667e-03,1.919019501083e-01,19.196752977
6336000000.000000,after_l1_08_fixed_fir,1.005511063472e+00,1.932475089649e-01,5.511063472179e-03,1.932475089649e-01,19.332607569
6337000000.000000,after_l1_08_fixed_fir,1.006339380025e+00,1.896071424464e-01,6.339380024660e-03,1.896071424464e-01,18.971308918
6338000000.000000,after_l1_08_fixed_fir,1.008874602925e+00,1.828403694585e-01,8.874602924827e-03,1.828403694585e-01,18.305561800
6339000000.000000,after_l1_08_fixed_fir,1.007599878895e+00,1.882558575367e-01,7.599878894729e-03,1.882558575367e-01,18.840919844
6340000000.000000,after_l1_08_fixed_fir,1.008520514507e+00,1.856799697688e-01,8.520514506720e-03,1.856799697688e-01,18.587536238
6341000000.000000,after_l1_08_fixed_fir,1.007349460100e+00,1.816434947132e-01,7.349460099985e-03,1.816434947132e-01,18.179211681
6342000000.000000,after_l1_08_fixed_fir,1.011042881323e+00,1.815869631743e-01,1.104288132313e-02,1.815869631743e-01,18.192242969
6343000000.000000,after_l1_08_fixed_fir,1.010924297178e+00,1.814845338980e-01,1.092429717796e-02,1.814845338980e-01,18.181302570
6344000000.000000,after_l1_08_fixed_fir,1.010749927687e+00,1.783984133473e-01,1.074992768734e-02,1.783984133473e-01,17.872200433
6345000000.000000,after_l1_08_fixed_fir,1.010014563198e+00,1.766256633685e-01,1.001456319785e-02,1.766256633685e-01,17.690934525
6346000000.000000,after_l1_08_fixed_fir,1.012079063164e+00,1.728947259790e-01,1.207906316436e-02,1.728947259790e-01,17.331615631
6347000000.000000,after_l1_08_fixed_fir,1.011251233656e+00,1.721917702368e-01,1.125123365588e-02,1.721917702368e-01,17.255896382
6348000000.000000,after_l1_08_fixed_fir,1.011841502056e+00,1.700247375361e-01,1.184150205633e-02,1.700247375361e-01,17.043659391
6349000000.000000,after_l1_08_fixed_fir,1.013509438363e+00,1.700263722890e-01,1.350943836280e-02,1.700263722890e-01,17.056222383
6350000000.000000,after_l1_08_fixed_fir,1.012457503934e+00,1.695782201042e-01,1.245750393366e-02,1.695782201042e-01,17.003517912
6351000000.000000,after_l1_08_fixed_fir,1.014821227104e+00,1.656823089335e-01,1.482122710395e-02,1.656823089335e-01,16.634390962
6352000000.000000,after_l1_08_fixed_fir,1.013295432488e+00,1.650592836054e-01,1.329543248837e-02,1.650592836054e-01,16.559388766
6353000000.000000,after_l1_08_fixed_fir,1.014274782764e+00,1.625091922900e-01,1.427478276448e-02,1.625091922900e-01,16.313493495
6354000000.000000,after_l1_08_fixed_fir,1.013171599084e+00,1.661270921347e-01,1.317159908412e-02,1.661270921347e-01,16.664843763
6355000000.000000,after_l1_08_fixed_fir,1.014558863734e+00,1.639160826409e-01,1.455886373423e-02,1.639160826409e-01,16.456136443
6356000000.000000,after_l1_08_fixed_fir,1.014895685000e+00,1.608574943198e-01,1.489568499967e-02,1.608574943198e-01,16.154570533
6357000000.000000,after_l1_08_fixed_fir,1.014515375430e+00,1.575808300881e-01,1.451537543045e-02,1.575808300881e-01,15.824795144
6358000000.000000,after_l1_08_fixed_fir,1.016711934076e+00,1.556454561306e-01,1.671193407623e-02,1.556454561306e-01,15.654008035
6359000000.000000,after_l1_08_fixed_fir,1.017887281493e+00,1.544430906214e-01,1.788728149326e-02,1.544430906214e-01,15.547547421
6360000000.000000,after_l1_08_fixed_fir,1.017429835267e+00,1.539502083967e-01,1.742983526734e-02,1.539502083967e-01,15.493374656
6361000000.000000,after_l1_08_fixed_fir,1.014923620867e+00,1.539854171361e-01,1.492362086716e-02,1.539854171361e-01,15.470689432
6362000000.000000,after_l1_08_fixed_fir,1.017583469261e+00,1.521032195498e-01,1.758346926101e-02,1.521032195498e-01,15.311619049
6363000000.000000,after_l1_08_fixed_fir,1.017457313081e+00,1.534778425683e-01,1.745731308065e-02,1.534778425683e-01,15.446749153
6364000000.000000,after_l1_08_fixed_fir,1.017193828324e+00,1.523367434893e-01,1.719382832396e-02,1.523367434893e-01,15.330398282
6365000000.000000,after_l1_08_fixed_fir,1.017894638711e+00,1.502512535977e-01,1.789463871058e-02,1.502512535977e-01,15.131311015
6366000000.000000,after_l1_08_fixed_fir,1.016483164390e+00,1.455919293830e-01,1.648316438955e-02,1.455919293830e-01,14.652202773
6367000000.000000,after_l1_08_fixed_fir,1.016526060118e+00,1.476948721048e-01,1.652606011754e-02,1.476948721048e-01,14.861657347
6368000000.000000,after_l1_08_fixed_fir,1.017948024907e+00,1.465027642923e-01,1.794802490659e-02,1.465027642923e-01,14.759807432
6369000000.000000,after_l1_08_fixed_fir,1.016861172359e+00,1.470297051291e-01,1.686117235895e-02,1.470297051291e-01,14.799335567
6370000000.000000,after_l1_08_fixed_fir,1.019117490923e+00,1.462806391411e-01,1.911749092348e-02,1.462806391411e-01,14.752458726
6371000000.000000,after_l1_08_fixed_fir,1.018781218219e+00,1.456980265910e-01,1.878121821875e-02,1.456980265910e-01,14.690353675
6372000000.000000,after_l1_08_fixed_fir,1.019607494609e+00,1.395124377100e-01,1.960749460850e-02,1.395124377100e-01,14.088354808
6373000000.000000,after_l1_08_fixed_fir,1.017866547400e+00,1.429822602456e-01,1.786654739960e-02,1.429822602456e-01,14.409420620
6374000000.000000,after_l1_08_fixed_fir,1.020452551545e+00,1.398284263866e-01,2.045255154527e-02,1.398284263866e-01,14.131629662
6375000000.000000,after_l1_08_fixed_fir,1.019168981862e+00,1.371499313614e-01,1.916898186211e-02,1.371499313614e-01,13.848304423
6376000000.000000,after_l1_08_fixed_fir,1.020264585530e+00,1.402668663478e-01,2.026458552999e-02,1.402668663478e-01,14.172313580
6377000000.000000,after_l1_08_fixed_fir,1.021156664968e+00,1.428331075144e-01,2.115666496754e-02,1.428331075144e-01,14.439148546
6378000000.000000,after_l1_08_fixed_fir,1.019901288201e+00,1.406510959187e-01,1.990128820100e-02,1.406510959187e-01,14.205207515
6379000000.000000,after_l1_08_fixed_fir,1.021737566235e+00,1.413426912536e-01,2.173756623524e-02,1.413426912536e-01,14.300446901
6380000000.000000,after_l1_08_fixed_fir,1.020049360041e+00,1.380348566374e-01,2.004936004105e-02,1.380348566374e-01,13.948332691
6381000000.000000,after_l1_08_fixed_fir,1.019527962435e+00,1.374295318673e-01,1.952796243544e-02,1.374295318673e-01,13.881000521
6382000000.000000,after_l1_08_fixed_fir,1.017536203088e+00,1.413118214240e-01,1.753620308797e-02,1.413118214240e-01,14.239574886
6383000000.000000,after_l1_08_fixed_fir,1.020722793333e+00,1.348327051025e-01,2.072279333316e-02,1.348327051025e-01,13.641588078
6384000000.000000,after_l1_08_fixed_fir,1.020271980558e+00,1.402265877449e-01,2.027198055842e-02,1.402265877449e-01,14.168432908
6385000000.000000,after_l1_08_fixed_fir,1.018174646304e+00,1.323523437481e-01,1.817464630363e-02,1.323523437481e-01,13.359438859
6386000000.000000,after_l1_08_fixed_fir,1.020874656034e+00,1.353267675416e-01,2.087465603379e-02,1.353267675416e-01,13.692729924
6387000000.000000,after_l1_08_fixed_fir,1.021432822438e+00,1.384716035624e-01,2.143282243806e-02,1.384716035624e-01,14.012048698
6388000000.000000,after_l1_08_fixed_fir,1.019702495547e+00,1.351453659629e-01,1.970249554681e-02,1.351453659629e-01,13.657400291
6389000000.000000,after_l1_08_fixed_fir,1.019188383253e+00,1.351201361618e-01,1.918838325333e-02,1.351201361618e-01,13.647580463
6390000000.000000,after_l1_08_fixed_fir,1.019397766795e+00,1.378927133735e-01,1.939776679537e-02,1.378927133735e-01,13.925039949
6391000000.000000,after_l1_08_fixed_fir,1.020164187542e+00,1.363646532291e-01,2.016418754213e-02,1.363646532291e-01,13.784742692
6392000000.000000,after_l1_08_fixed_fir,1.018395459757e+00,1.389332389580e-01,1.839545975685e-02,1.389332389580e-01,14.014577349
6393000000.000000,after_l1_08_fixed_fir,1.020688565335e+00,1.401869214400e-01,2.068856533538e-02,1.401869214400e-01,14.170529164
6394000000.000000,after_l1_08_fixed_fir,1.020670306626e+00,1.407238175299e-01,2.067030662551e-02,1.407238175299e-01,14.223380188
6395000000.000000,after_l1_08_fixed_fir,1.020292922617e+00,1.395360588075e-01,2.029292261743e-02,1.395360588075e-01,14.100395177
6396000000.000000,after_l1_08_fixed_fir,1.018751645260e+00,1.394468474379e-01,1.875164526025e-02,1.394468474379e-01,14.070198101
6397000000.000000,after_l1_08_fixed_fir,1.019666815688e+00,1.408363508817e-01,1.966681568817e-02,1.408363508817e-01,14.220288805
6398000000.000000,after_l1_08_fixed_fir,1.020415611081e+00,1.372490805217e-01,2.041561108147e-02,1.372490805217e-01,13.875917007
6399000000.000000,after_l1_08_fixed_fir,1.019926719089e+00,1.420961000666e-01,1.992671908896e-02,1.420961000666e-01,14.348650037
6400000000.000000,after_l1_08_fixed_fir,1.017608515352e+00,1.440229323609e-01,1.760851535182e-02,1.440229323609e-01,14.509536470
6401000000.000000,after_l1_08_fixed_fir,1.019937352780e+00,1.411064353112e-01,1.993735277961e-02,1.411064353112e-01,14.250797915
6402000000.000000,after_l1_08_fixed_fir,1.018857029780e+00,1.410846444287e-01,1.885702977976e-02,1.410846444287e-01,14.233925834
6403000000.000000,after_l1_08_fixed_fir,1.019271243263e+00,1.417991635571e-01,1.927124326341e-02,1.417991635571e-01,14.310270299
6404000000.000000,after_l1_08_fixed_fir,1.020215590477e+00,1.444931285022e-01,2.021559047658e-02,1.444931285022e-01,14.590042592
6405000000.000000,after_l1_08_fixed_fir,1.018207675968e+00,1.463012069509e-01,1.820767596762e-02,1.463012069509e-01,14.742985661
6406000000.000000,after_l1_08_fixed_fir,1.016633429948e+00,1.479818105176e-01,1.663342994820e-02,1.479818105176e-01,14.891369056
6407000000.000000,after_l1_08_fixed_fir,1.019310721818e+00,1.474438031943e-01,1.931072181779e-02,1.474438031943e-01,14.870298947
6408000000.000000,after_l1_08_fixed_fir,1.016602931504e+00,1.452940450560e-01,1.660293150424e-02,1.452940450560e-01,14.623958720
6409000000.000000,after_l1_08_fixed_fir,1.015743865222e+00,1.510195476241e-01,1.574386522181e-02,1.510195476241e-01,15.183798292
6410000000.000000,after_l1_08_fixed_fir,1.016472510052e+00,1.508562153493e-01,1.647251005247e-02,1.508562153493e-01,15.175289551
6411000000.000000,after_l1_08_fixed_fir,1.015023266264e+00,1.497246956749e-01,1.502326626408e-02,1.497246956749e-01,15.047651984
6412000000.000000,after_l1_08_fixed_fir,1.018106201411e+00,1.546436450226e-01,1.810620141090e-02,1.546436450226e-01,15.570000474
6413000000.000000,after_l1_08_fixed_fir,1.015242608926e+00,1.564952074714e-01,1.524260892629e-02,1.564952074714e-01,15.723576911
6414000000.000000,after_l1_08_fixed_fir,1.015144973444e+00,1.562508836918e-01,1.514497344407e-02,1.562508836918e-01,15.698314838
6415000000.000000,after_l1_08_fixed_fir,1.015239338755e+00,1.609488064355e-01,1.523933875466e-02,1.609488064355e-01,16.166866035
6416000000.000000,after_l1_08_fixed_fir,1.014268041315e+00,1.594027053287e-01,1.426804131544e-02,1.594027053287e-01,16.003999334
6417000000.000000,after_l1_08_fixed_fir,1.014639196623e+00,1.620662257048e-01,1.463919662294e-02,1.620662257048e-01,16.272605075
6418000000.000000,after_l1_08_fixed_fir,1.011825656922e+00,1.625981118743e-01,1.182565692161e-02,1.625981118743e-01,16.302758094
6419000000.000000,after_l1_08_fixed_fir,1.013388964909e+00,1.634695955000e-01,1.338896490868e-02,1.634695955000e-01,16.401699008
6420000000.000000,after_l1_08_fixed_fir,1.012841932521e+00,1.655209775077e-01,1.284193252077e-02,1.655209775077e-01,16.601840026
6421000000.000000,after_l1_08_fixed_fir,1.012432520113e+00,1.674439243239e-01,1.243252011252e-02,1.674439243239e-01,16.790484016
6422000000.000000,after_l1_08_fixed_fir,1.013440839013e+00,1.700923653951e-01,1.344083901254e-02,1.700923653951e-01,17.062259205
6423000000.000000,after_l1_08_fixed_fir,1.011444480310e+00,1.701199318177e-01,1.144448031003e-02,1.701199318177e-01,17.050444959
6424000000.000000,after_l1_08_fixed_fir,1.013101210553e+00,1.677953321749e-01,1.310121055328e-02,1.677953321749e-01,16.830601658
6425000000.000000,after_l1_08_fixed_fir,1.009635780664e+00,1.748804463129e-01,9.635780664343e-03,1.748804463129e-01,17.514570726
6426000000.000000,after_l1_08_fixed_fir,1.010136457820e+00,1.754401418603e-01,1.013645782013e-02,1.754401418603e-01,17.573272647
6427000000.000000,after_l1_08_fixed_fir,1.008392108598e+00,1.803367099737e-01,8.392108597564e-03,1.803367099737e-01,18.053187101
6428000000.000000,after_l1_08_fixed_fir,1.008015305305e+00,1.804978176308e-01,8.015305305441e-03,1.804978176308e-01,18.067569645
6429000000.000000,after_l1_08_fixed_fir,1.008250418760e+00,1.819632737736e-01,8.250418759962e-03,1.819632737736e-01,18.215021936
6430000000.000000,after_l1_08_fixed_fir,1.009097270417e+00,1.824846145878e-01,9.097270416950e-03,1.824846145878e-01,18.271123362
6431000000.000000,after_l1_08_fixed_fir,1.007582159039e+00,1.860982950063e-01,7.582159038604e-03,1.860982950063e-01,18.625269002
6432000000.000000,after_l1_08_fixed_fir,1.007204313909e+00,1.871644607356e-01,7.204313909330e-03,1.871644607356e-01,18.730306325
6433000000.000000,after_l1_08_fixed_fir,1.005386616245e+00,1.872173337001e-01,5.386616244683e-03,1.872173337001e-01,18.729480952
6434000000.000000,after_l1_08_fixed_fir,1.007137096937e+00,1.893962260163e-01,7.137096936524e-03,1.893962260163e-01,18.953065341
6435000000.000000,after_l1_08_fixed_fir,1.003612680042e+00,1.915141633748e-01,3.612680042185e-03,1.915141633748e-01,19.154823474
6436000000.000000,after_l1_08_fixed_fir,1.005222313411e+00,1.971954220937e-01,5.222313410681e-03,1.971954220937e-01,19.726456106
6437000000.000000,after_l1_08_fixed_fir,1.001369192217e+00,1.991322965944e-01,1.369192217048e-03,1.991322965944e-01,19.913700368
6438000000.000000,after_l1_08_fixed_fir,1.003614167950e+00,1.992448343891e-01,3.614167949628e-03,1.992448343891e-01,19.927761099
6439000000.000000,after_l1_08_fixed_fir,1.003847511472e+00,2.020916937164e-01,3.847511472359e-03,2.020916937164e-01,20.212831571
6440000000.000000,after_l1_08_fixed_fir,1.004177469569e+00,2.029342545557e-01,4.177469569174e-03,2.029342545557e-01,20.297724731
6441000000.000000,after_l1_08_fixed_fir,1.003734076253e+00,2.028318417349e-01,3.734076252703e-03,2.028318417349e-01,20.286621046
6442000000.000000,after_l1_08_fixed_fir,1.002216567221e+00,2.073472695071e-01,2.216567221215e-03,2.073472695071e-01,20.735911685
6443000000.000000,after_l1_08_fixed_fir,1.001940715676e+00,2.103178743471e-01,1.940715675783e-03,2.103178743471e-01,21.032682817
6444000000.000000,after_l1_08_fixed_fir,1.000256495134e+00,2.162250756953e-01,2.564951339339e-04,2.162250756953e-01,21.622522783
6445000000.000000,after_l1_08_fixed_fir,9.983156615910e-01,2.171958467768e-01,-1.684338408955e-03,2.171958467768e-01,21.720237764
6446000000.000000,after_l1_08_fixed_fir,1.000218284630e+00,2.179948289481e-01,2.182846302572e-04,2.179948289481e-01,21.799493824
6447000000.000000,after_l1_08_fixed_fir,1.000285589332e+00,2.217895629426e-01,2.855893315055e-04,2.217895629426e-01,22.178974681
6448000000.000000,after_l1_08_fixed_fir,9.981160805682e-01,2.206466133716e-01,-1.883919431819e-03,2.206466133716e-01,22.065465584
6449000000.000000,after_l1_08_fixed_fir,9.950879556504e-01,2.237706097589e-01,-4.912044349585e-03,2.237706097589e-01,22.382451602
6450000000.000000,after_l1_08_fixed_fir,9.965432915073e-01,2.252298799199e-01,-3.456708492694e-03,2.252298799199e-01,22.525640422
5550000000.000000,after_l1_08_fixed_fir_plus_l1_09_allpass,1.000102414952e+00,-1.892576630325e-02,1.024149517690e-04,-1.892576630325e-02,1.892604341
5551000000.000000,after_l1_08_fixed_fir_plus_l1_09_allpass,1.000958593752e+00,-1.993269146293e-02,9.585937520689e-04,-1.993269146293e-02,1.995572827
5552000000.000000,after_l1_08_fixed_fir_plus_l1_09_allpass,1.000120443385e+00,-1.889354259330e-02,1.204433854092e-04,-1.889354259330e-02,1.889392649
5553000000.000000,after_l1_08_fixed_fir_plus_l1_09_allpass,9.983136687911e-01,-2.468103553095e-02,-1.686331208917e-03,-2.468103553095e-02,2.473857772
5554000000.000000,after_l1_08_fixed_fir_plus_l1_09_allpass,9.987311798002e-01,-2.135917110419e-02,-1.268820199801e-03,-2.135917110419e-02,2.139682441
5555000000.000000,after_l1_08_fixed_fir_plus_l1_09_allpass,9.996827444025e-01,-2.500980781595e-02,-3.172555975071e-04,-2.500980781595e-02,2.501181997
5556000000.000000,after_l1_08_fixed_fir_plus_l1_09_allpass,9.996083378898e-01,-2.770483572122e-02,-3.916621102420e-04,-2.770483572122e-02,2.770760404
5557000000.000000,after_l1_08_fixed_fir_plus_l1_09_allpass,9.982425600894e-01,-2.989669924896e-02,-1.757439910572e-03,-2.989669924896e-02,2.994830915
5558000000.000000,after_l1_08_fixed_fir_plus_l1_09_allpass,9.975890431972e-01,-2.624945437613e-02,-2.410956802775e-03,-2.624945437613e-02,2.635994248
5559000000.000000,after_l1_08_fixed_fir_plus_l1_09_allpass,9.996634629472e-01,-3.074200669531e-02,-3.365370527978e-04,-3.074200669531e-02,3.074384870
5560000000.000000,after_l1_08_fixed_fir_plus_l1_09_allpass,9.975431960334e-01,-2.897689975561e-02,-2.456803966633e-03,-2.897689975561e-02,2.908086321
5561000000.000000,after_l1_08_fixed_fir_plus_l1_09_allpass,9.994471314543e-01,-3.444670381209e-02,-5.528685456910e-04,-3.444670381209e-02,3.445114029
5562000000.000000,after_l1_08_fixed_fir_plus_l1_09_allpass,9.967968973446e-01,-3.084008993018e-02,-3.203102655405e-03,-3.084008993018e-02,3.100598351
5563000000.000000,after_l1_08_fixed_fir_plus_l1_09_allpass,9.973433906972e-01,-3.264054050683e-02,-2.656609302815e-03,-3.264054050683e-02,3.274847260
5564000000.000000,after_l1_08_fixed_fir_plus_l1_09_allpass,9.994171781345e-01,-3.527133995976e-02,-5.828218654651e-04,-3.527133995976e-02,3.527615489
5565000000.000000,after_l1_08_fixed_fir_plus_l1_09_allpass,9.987517456732e-01,-3.815423983056e-02,-1.248254326766e-03,-3.815423983056e-02,3.817465332
5566000000.000000,after_l1_08_fixed_fir_plus_l1_09_allpass,9.984718573416e-01,-3.433109232993e-02,-1.528142658352e-03,-3.433109232993e-02,3.436508578
5567000000.000000,after_l1_08_fixed_fir_plus_l1_09_allpass,9.994270750289e-01,-3.699545581877e-02,-5.729249710988e-04,-3.699545581877e-02,3.699989181
5568000000.000000,after_l1_08_fixed_fir_plus_l1_09_allpass,9.998227128146e-01,-3.608401580538e-02,-1.772871853629e-04,-3.608401580538e-02,3.608445132
5569000000.000000,after_l1_08_fixed_fir_plus_l1_09_allpass,9.983290195863e-01,-3.954770406855e-02,-1.670980413735e-03,-3.954770406855e-02,3.958298969
5570000000.000000,after_l1_08_fixed_fir_plus_l1_09_allpass,9.996825430645e-01,-4.212295257805e-02,-3.174569354969e-04,-4.212295257805e-02,4.212414881
5571000000.000000,after_l1_08_fixed_fir_plus_l1_09_allpass,9.976222298506e-01,-3.769912932185e-02,-2.377770149420e-03,-3.769912932185e-02,3.777404059
5572000000.000000,after_l1_08_fixed_fir_plus_l1_09_allpass,9.980518410231e-01,-3.952721108599e-02,-1.948158976901e-03,-3.952721108599e-02,3.957519096
5573000000.000000,after_l1_08_fixed_fir_plus_l1_09_allpass,9.979805472588e-01,-4.168667568892e-02,-2.019452741160e-03,-4.168667568892e-02,4.173556181
5574000000.000000,after_l1_08_fixed_fir_plus_l1_09_allpass,9.980681140190e-01,-4.319119688401e-02,-1.931885980953e-03,-4.319119688401e-02,4.323438067
5575000000.000000,after_l1_08_fixed_fir_plus_l1_09_allpass,9.974322855008e-01,-4.200230257628e-02,-2.567714499204e-03,-4.200230257628e-02,4.208071505
5576000000.000000,after_l1_08_fixed_fir_plus_l1_09_allpass,9.988326580483e-01,-3.963110830299e-02,-1.167341951724e-03,-3.963110830299e-02,3.964829672
5577000000.000000,after_l1_08_fixed_fir_plus_l1_09_allpass,9.966073293976e-01,-4.397312859190e-02,-3.392670602401e-03,-4.397312859190e-02,4.410381222
5578000000.000000,after_l1_08_fixed_fir_plus_l1_09_allpass,9.979900989352e-01,-3.925014039064e-02,-2.009901064771e-03,-3.925014039064e-02,3.930156769
5579000000.000000,after_l1_08_fixed_fir_plus_l1_09_allpass,9.989007838867e-01,-4.201251409359e-02,-1.099216113346e-03,-4.201251409359e-02,4.202689159
5580000000.000000,after_l1_08_fixed_fir_plus_l1_09_allpass,9.982248503545e-01,-4.456307546220e-02,-1.775149645467e-03,-4.456307546220e-02,4.459841758
5581000000.000000,after_l1_08_fixed_fir_plus_l1_09_allpass,9.969543507211e-01,-4.176919500193e-02,-3.045649278856e-03,-4.176919500193e-02,4.188008633
5582000000.000000,after_l1_08_fixed_fir_plus_l1_09_allpass,9.983423713127e-01,-4.396611548540e-02,-1.657628687320e-03,-4.396611548540e-02,4.399735269
5583000000.000000,after_l1_08_fixed_fir_plus_l1_09_allpass,9.974262663193e-01,-4.399537265636e-02,-2.573733680733e-03,-4.399537265636e-02,4.407059020
5584000000.000000,after_l1_08_fixed_fir_plus_l1_09_allpass,9.984026864278e-01,-4.054834335748e-02,-1.597313572244e-03,-4.054834335748e-02,4.057979250
5585000000.000000,after_l1_08_fixed_fir_plus_l1_09_allpass,9.975825056806e-01,-4.596488829041e-02,-2.417494319377e-03,-4.596488829041e-02,4.602841768
5586000000.000000,after_l1_08_fixed_fir_plus_l1_09_allpass,9.991932277817e-01,-4.278319240447e-02,-8.067722183253e-04,-4.278319240447e-02,4.279079847
5587000000.000000,after_l1_08_fixed_fir_plus_l1_09_allpass,9.975272591912e-01,-4.123920218111e-02,-2.472740808807e-03,-4.123920218111e-02,4.131326958
5588000000.000000,after_l1_08_fixed_fir_plus_l1_09_allpass,9.985121560645e-01,-4.358148190981e-02,-1.487843935482e-03,-4.358148190981e-02,4.360687153
5589000000.000000,after_l1_08_fixed_fir_plus_l1_09_allpass,9.964096634010e-01,-4.129537591894e-02,-3.590336598992e-03,-4.129537591894e-02,4.145115908
5590000000.000000,after_l1_08_fixed_fir_plus_l1_09_allpass,9.987507947347e-01,-4.269516890417e-02,-1.249205265304e-03,-4.269516890417e-02,4.271344006
5591000000.000000,after_l1_08_fixed_fir_plus_l1_09_allpass,9.972761583761e-01,-4.067584636632e-02,-2.723841623910e-03,-4.067584636632e-02,4.076694483
5592000000.000000,after_l1_08_fixed_fir_plus_l1_09_allpass,9.979641446094e-01,-4.195456680924e-02,-2.035855390638e-03,-4.195456680924e-02,4.200393295
5593000000.000000,after_l1_08_fixed_fir_plus_l1_09_allpass,9.972091945840e-01,-4.135648413186e-02,-2.790805416043e-03,-4.135648413186e-02,4.145054131
5594000000.000000,after_l1_08_fixed_fir_plus_l1_09_allpass,9.962776052870e-01,-4.065790672310e-02,-3.722394712987e-03,-4.065790672310e-02,4.082795123
5595000000.000000,after_l1_08_fixed_fir_plus_l1_09_allpass,9.970607044066e-01,-4.168217856403e-02,-2.939295593417e-03,-4.168217856403e-02,4.178568497
5596000000.000000,after_l1_08_fixed_fir_plus_l1_09_allpass,9.983625669494e-01,-3.983074055389e-02,-1.637433050565e-03,-3.983074055389e-02,3.986438360
5597000000.000000,after_l1_08_fixed_fir_plus_l1_09_allpass,9.991899658364e-01,-3.634457413753e-02,-8.100341635714e-04,-3.634457413753e-02,3.635359988
5598000000.000000,after_l1_08_fixed_fir_plus_l1_09_allpass,9.976582718754e-01,-4.287226838382e-02,-2.341728124582e-03,-4.287226838382e-02,4.293617457
5599000000.000000,after_l1_08_fixed_fir_plus_l1_09_allpass,1.000677287820e+00,-3.910966132319e-02,6.772878196899e-04,-3.910966132319e-02,3.911552540
5600000000.000000,after_l1_08_fixed_fir_plus_l1_09_allpass,9.977723215692e-01,-4.154820536520e-02,-2.227678430846e-03,-4.154820536520e-02,4.160788291
5601000000.000000,after_l1_08_fixed_fir_plus_l1_09_allpass,9.993742399103e-01,-3.824657930266e-02,-6.257600896623e-04,-3.824657930266e-02,3.825169805
5602000000.000000,after_l1_08_fixed_fir_plus_l1_09_allpass,9.990821803656e-01,-3.253643664117e-02,-9.178196344319e-04,-3.253643664117e-02,3.254937944
5603000000.000000,after_l1_08_fixed_fir_plus_l1_09_allpass,9.977423121348e-01,-3.550256226198e-02,-2.257687865156e-03,-3.550256226198e-02,3.557427556
5604000000.000000,after_l1_08_fixed_fir_plus_l1_09_allpass,9.990839137409e-01,-3.733816904140e-02,-9.160862590535e-04,-3.733816904140e-02,3.734940537
5605000000.000000,after_l1_08_fixed_fir_plus_l1_09_allpass,9.968668391174e-01,-3.477777149875e-02,-3.133160882603e-03,-3.477777149875e-02,3.491862093
5606000000.000000,after_l1_08_fixed_fir_plus_l1_09_allpass,9.982866849858e-01,-3.514206888931e-02,-1.713315014187e-03,-3.514206888931e-02,3.518380955
5607000000.000000,after_l1_08_fixed_fir_plus_l1_09_allpass,9.966944704518e-01,-3.605089082337e-02,-3.305529548233e-03,-3.605089082337e-02,3.620211672
5608000000.000000,after_l1_08_fixed_fir_plus_l1_09_allpass,9.975619438203e-01,-3.413210350226e-02,-2.438056179665e-03,-3.413210350226e-02,3.421906789
5609000000.000000,after_l1_08_fixed_fir_plus_l1_09_allpass,9.979047726076e-01,-2.972603103749e-02,-2.095227392371e-03,-2.972603103749e-02,2.979978018
5610000000.000000,after_l1_08_fixed_fir_plus_l1_09_allpass,9.987818550907e-01,-3.154792507994e-02,-1.218144909293e-03,-3.154792507994e-02,3.157143414
5611000000.000000,after_l1_08_fixed_fir_plus_l1_09_allpass,1.001150569807e+00,-3.099627137094e-02,1.150569807287e-03,-3.099627137094e-02,3.101761838
5612000000.000000,after_l1_08_fixed_fir_plus_l1_09_allpass,9.983948159220e-01,-3.023552264578e-02,-1.605184077994e-03,-3.023552264578e-02,3.027810175
5613000000.000000,after_l1_08_fixed_fir_plus_l1_09_allpass,9.995638849957e-01,-2.680432483953e-02,-4.361150042718e-04,-2.680432483953e-02,2.680787247
5614000000.000000,after_l1_08_fixed_fir_plus_l1_09_allpass,9.970705923126e-01,-3.068102345063e-02,-2.929407687386e-03,-3.068102345063e-02,3.082055531
5615000000.000000,after_l1_08_fixed_fir_plus_l1_09_allpass,9.970113748478e-01,-2.783401299823e-02,-2.988625152221e-03,-2.783401299823e-02,2.799400221
5616000000.000000,after_l1_08_fixed_fir_plus_l1_09_allpass,9.979518363353e-01,-2.922965847360e-02,-2.048163664668e-03,-2.922965847360e-02,2.930132947
5617000000.000000,after_l1_08_fixed_fir_plus_l1_09_allpass,9.972167558054e-01,-2.361905294632e-02,-2.783244194623e-03,-2.361905294632e-02,2.378247486
5618000000.000000,after_l1_08_fixed_fir_plus_l1_09_allpass,1.001591775472e+00,-2.593964348729e-02,1.591775472030e-03,-2.593964348729e-02,2.598843692
5619000000.000000,after_l1_08_fixed_fir_plus_l1_09_allpass,9.997832547787e-01,-2.712632665592e-02,-2.167452212950e-04,-2.712632665592e-02,2.712719256
5620000000.000000,after_l1_08_fixed_fir_plus_l1_09_allpass,9.984892439143e-01,-2.722986544933e-02,-1.510756085671e-03,-2.722986544933e-02,2.727174282
5621000000.000000,after_l1_08_fixed_fir_plus_l1_09_allpass,9.969376251436e-01,-2.351662782017e-02,-3.062374856423e-03,-2.351662782017e-02,2.371518340
5622000000.000000,after_l1_08_fixed_fir_plus_l1_09_allpass,1.000205083987e+00,-2.692336787730e-02,2.050839869074e-04,-2.692336787730e-02,2.692414896
5623000000.000000,after_l1_08_fixed_fir_plus_l1_09_allpass,9.983151819764e-01,-2.384151559762e-02,-1.684818023612e-03,-2.384151559762e-02,2.390097232
5624000000.000000,after_l1_08_fixed_fir_plus_l1_09_allpass,9.990567023888e-01,-2.158315390043e-02,-9.432976111765e-04,-2.158315390043e-02,2.160375761
5625000000.000000,after_l1_08_fixed_fir_plus_l1_09_allpass,9.969310653008e-01,-2.182777958166e-02,-3.068934699187e-03,-2.182777958166e-02,2.204246632
5626000000.000000,after_l1_08_fixed_fir_plus_l1_09_allpass,9.989110566419e-01,-2.177782915717e-02,-1.088943358132e-03,-2.177782915717e-02,2.180503704
5627000000.000000,after_l1_08_fixed_fir_plus_l1_09_allpass,9.995202310642e-01,-1.815261191536e-02,-4.797689358246e-04,-1.815261191536e-02,1.815895089
5628000000.000000,after_l1_08_fixed_fir_plus_l1_09_allpass,9.979324374322e-01,-1.870841637518e-02,-2.067562567809e-03,-1.870841637518e-02,1.882231809
5629000000.000000,after_l1_08_fixed_fir_plus_l1_09_allpass,1.001077439918e+00,-1.776451724425e-02,1.077439918158e-03,-1.776451724425e-02,1.779716128
5630000000.000000,after_l1_08_fixed_fir_plus_l1_09_allpass,1.000667024294e+00,-1.827728002408e-02,6.670242936484e-04,-1.827728002408e-02,1.828944741
5631000000.000000,after_l1_08_fixed_fir_plus_l1_09_allpass,9.982719776498e-01,-1.536308000925e-02,-1.728022350157e-03,-1.536308000925e-02,1.545995759
5632000000.000000,after_l1_08_fixed_fir_plus_l1_09_allpass,9.980587647261e-01,-1.869701642083e-02,-1.941235273866e-03,-1.869701642083e-02,1.879752158
5633000000.000000,after_l1_08_fixed_fir_plus_l1_09_allpass,9.978028523675e-01,-1.805502080874e-02,-2.197147632480e-03,-1.805502080874e-02,1.818821690
5634000000.000000,after_l1_08_fixed_fir_plus_l1_09_allpass,9.987068224794e-01,-1.757712553958e-02,-1.293177520634e-03,-1.757712553958e-02,1.762463192
5635000000.000000,after_l1_08_fixed_fir_plus_l1_09_allpass,9.989361422399e-01,-1.496816490807e-02,-1.063857760078e-03,-1.496816490807e-02,1.500592397
5636000000.000000,after_l1_08_fixed_fir_plus_l1_09_allpass,1.000747302511e+00,-1.609441794052e-02,7.473025110676e-04,-1.609441794052e-02,1.611175813
5637000000.000000,after_l1_08_fixed_fir_plus_l1_09_allpass,1.000950199787e+00,-1.611823945075e-02,9.501997870518e-04,-1.611823945075e-02,1.614622317
5638000000.000000,after_l1_08_fixed_fir_plus_l1_09_allpass,9.991626447598e-01,-1.732183852097e-02,-8.373552402328e-04,-1.732183852097e-02,1.734206601
5639000000.000000,after_l1_08_fixed_fir_plus_l1_09_allpass,9.988138621781e-01,-1.107944904798e-02,-1.186137821887e-03,-1.107944904798e-02,1.114276062
5640000000.000000,after_l1_08_fixed_fir_plus_l1_09_allpass,9.997043572844e-01,-1.350090765328e-02,-2.956427155842e-04,-1.350090765328e-02,1.350414426
5641000000.000000,after_l1_08_fixed_fir_plus_l1_09_allpass,1.000979649648e+00,-1.268387533753e-02,9.796496476153e-04,-1.268387533753e-02,1.272165111
5642000000.000000,after_l1_08_fixed_fir_plus_l1_09_allpass,1.000858874283e+00,-1.276273567866e-02,8.588742827709e-04,-1.276273567866e-02,1.279160221
5643000000.000000,after_l1_08_fixed_fir_plus_l1_09_allpass,9.999387092968e-01,-1.212491483776e-02,-6.129070318228e-05,-1.212491483776e-02,1.212506975
5644000000.000000,after_l1_08_fixed_fir_plus_l1_09_allpass,1.000561842168e+00,-1.096081345601e-02,5.618421682243e-04,-1.096081345601e-02,1.097520379
5645000000.000000,after_l1_08_fixed_fir_plus_l1_09_allpass,1.001685257764e+00,-1.084175025148e-02,1.685257764484e-03,-1.084175025148e-02,1.097194797
5646000000.000000,after_l1_08_fixed_fir_plus_l1_09_allpass,1.000269507741e+00,-1.232792699233e-02,2.695077407369e-04,-1.232792699233e-02,1.233087257
5647000000.000000,after_l1_08_fixed_fir_plus_l1_09_allpass,9.995138175037e-01,-1.031399552357e-02,-4.861824962891e-04,-1.031399552357e-02,1.032544803
5648000000.000000,after_l1_08_fixed_fir_plus_l1_09_allpass,9.982832996527e-01,-1.249092884925e-02,-1.716700347337e-03,-1.249092884925e-02,1.260834500
5649000000.000000,after_l1_08_fixed_fir_plus_l1_09_allpass,9.995123673075e-01,-9.203740960152e-03,-4.876326925030e-04,-9.203740960152e-03,0.921664979
5650000000.000000,after_l1_08_fixed_fir_plus_l1_09_allpass,9.989745016137e-01,-7.857623804275e-03,-1.025498386297e-03,-7.857623804275e-03,0.792426014
5651000000.000000,after_l1_08_fixed_fir_plus_l1_09_allpass,1.000677441752e+00,-1.023812881814e-02,6.774417519944e-04,-1.023812881814e-02,1.026051700
5652000000.000000,after_l1_08_fixed_fir_plus_l1_09_allpass,9.993012695177e-01,-6.750646740439e-03,-6.987304823183e-04,-6.750646740439e-03,0.678671170
5653000000.000000,after_l1_08_fixed_fir_plus_l1_09_allpass,9.987007734631e-01,-6.948989930310e-03,-1.299226536922e-03,-6.948989930310e-03,0.706940242
5654000000.000000,after_l1_08_fixed_fir_plus_l1_09_allpass,1.001194663305e+00,-6.089447780967e-03,1.194663305146e-03,-6.089447780967e-03,0.620552936
5655000000.000000,after_l1_08_fixed_fir_plus_l1_09_allpass,1.000124412012e+00,-5.180080902014e-03,1.244120124426e-04,-5.180080902014e-03,0.518157471
5656000000.000000,after_l1_08_fixed_fir_plus_l1_09_allpass,1.002173175854e+00,-8.359548967067e-03,2.173175854007e-03,-8.359548967067e-03,0.863740425
5657000000.000000,after_l1_08_fixed_fir_plus_l1_09_allpass,9.997131399299e-01,-6.965900084559e-03,-2.868600701114e-04,-6.965900084559e-03,0.697180412
5658000000.000000,after_l1_08_fixed_fir_plus_l1_09_allpass,9.997939822370e-01,-4.639702955494e-03,-2.060177629999e-04,-4.639702955494e-03,0.464427463
5659000000.000000,after_l1_08_fixed_fir_plus_l1_09_allpass,1.002277924742e+00,-4.375429610203e-03,2.277924742132e-03,-4.375429610203e-03,0.493288206
5660000000.000000,after_l1_08_fixed_fir_plus_l1_09_allpass,1.002231821767e+00,-6.035676795616e-03,2.231821766688e-03,-6.035676795616e-03,0.643509307
5661000000.000000,after_l1_08_fixed_fir_plus_l1_09_allpass,9.994819271315e-01,-6.719400077221e-03,-5.180728684894e-04,-6.719400077221e-03,0.673934247
5662000000.000000,after_l1_08_fixed_fir_plus_l1_09_allpass,9.984162585735e-01,-5.859950826296e-03,-1.583741426495e-03,-5.859950826296e-03,0.607019444
5663000000.000000,after_l1_08_fixed_fir_plus_l1_09_allpass,1.001062946572e+00,-5.185956576662e-03,1.062946572454e-03,-5.185956576662e-03,0.529377002
5664000000.000000,after_l1_08_fixed_fir_plus_l1_09_allpass,1.000689376881e+00,-7.089716664197e-03,6.893768807239e-04,-7.089716664197e-03,0.712315400
5665000000.000000,after_l1_08_fixed_fir_plus_l1_09_allpass,1.000436626899e+00,-3.827351608936e-03,4.366268989404e-04,-3.827351608936e-03,0.385217645
5666000000.000000,after_l1_08_fixed_fir_plus_l1_09_allpass,1.001477280852e+00,-6.462691874930e-03,1.477280852187e-03,-6.462691874930e-03,0.662938496
5667000000.000000,after_l1_08_fixed_fir_plus_l1_09_allpass,1.000898360314e+00,-1.090556114854e-03,8.983603143047e-04,-1.090556114854e-03,0.141292742
5668000000.000000,after_l1_08_fixed_fir_plus_l1_09_allpass,1.001572011440e+00,-4.214225413446e-03,1.572011439972e-03,-4.214225413446e-03,0.449787903
5669000000.000000,after_l1_08_fixed_fir_plus_l1_09_allpass,1.001382751990e+00,-3.933690611804e-03,1.382751989947e-03,-3.933690611804e-03,0.416964326
5670000000.000000,after_l1_08_fixed_fir_plus_l1_09_allpass,9.986839613377e-01,-4.372962486575e-03,-1.316038662306e-03,-4.372962486575e-03,0.456670107
5671000000.000000,after_l1_08_fixed_fir_plus_l1_09_allpass,1.001740102715e+00,-6.052432771654e-03,1.740102715287e-03,-6.052432771654e-03,0.629761065
5672000000.000000,after_l1_08_fixed_fir_plus_l1_09_allpass,1.001000440139e+00,-3.268733187685e-03,1.000440139071e-03,-3.268733187685e-03,0.341840564
5673000000.000000,after_l1_08_fixed_fir_plus_l1_09_allpass,1.001410580978e+00,-3.647323235839e-03,1.410580977604e-03,-3.647323235839e-03,0.391058889
5674000000.000000,after_l1_08_fixed_fir_plus_l1_09_allpass,1.001690966204e+00,-1.988741350410e-03,1.690966204389e-03,-1.988741350410e-03,0.261045185
5675000000.000000,after_l1_08_fixed_fir_plus_l1_09_allpass,1.001531780192e+00,-5.786146776367e-05,1.531780191560e-03,-5.786146776367e-05,0.153287263
5676000000.000000,after_l1_08_fixed_fir_plus_l1_09_allpass,1.001320501226e+00,-7.590724553081e-03,1.320501226252e-03,-7.590724553081e-03,0.770472730
5677000000.000000,after_l1_08_fixed_fir_plus_l1_09_allpass,1.001155163583e+00,-2.383416908210e-03,1.155163583144e-03,-2.383416908210e-03,0.264859945
5678000000.000000,after_l1_08_fixed_fir_plus_l1_09_allpass,9.999906847867e-01,-1.535874978516e-03,-9.315213254757e-06,-1.535874978516e-03,0.153590323
5679000000.000000,after_l1_08_fixed_fir_plus_l1_09_allpass,1.001733544804e+00,6.952659038723e-05,1.733544803747e-03,6.952659038723e-05,0.173493848
5680000000.000000,after_l1_08_fixed_fir_plus_l1_09_allpass,1.000838627217e+00,-1.593530934058e-03,8.386272165446e-04,-1.593530934058e-03,0.180073220
5681000000.000000,after_l1_08_fixed_fir_plus_l1_09_allpass,1.002331864750e+00,-1.887786402544e-03,2.331864750452e-03,-1.887786402544e-03,0.300022178
5682000000.000000,after_l1_08_fixed_fir_plus_l1_09_allpass,1.000958740155e+00,-5.090366764330e-03,9.587401553903e-04,-5.090366764330e-03,0.517986645
5683000000.000000,after_l1_08_fixed_fir_plus_l1_09_allpass,1.001106572748e+00,-1.101512567630e-03,1.106572747718e-03,-1.101512567630e-03,0.156135620
5684000000.000000,after_l1_08_fixed_fir_plus_l1_09_allpass,1.000136454798e+00,1.691537126927e-03,1.364547984248e-04,1.691537126927e-03,0.169703205
5685000000.000000,after_l1_08_fixed_fir_plus_l1_09_allpass,1.000988879805e+00,-1.587244252116e-03,9.888798054403e-04,-1.587244252116e-03,0.187008759
5686000000.000000,after_l1_08_fixed_fir_plus_l1_09_allpass,1.002036961388e+00,-3.302126980854e-03,2.036961387945e-03,-3.302126980854e-03,0.387985235
5687000000.000000,after_l1_08_fixed_fir_plus_l1_09_allpass,1.001382257053e+00,2.936600616445e-03,1.382257053401e-03,2.936600616445e-03,0.324565213
5688000000.000000,after_l1_08_fixed_fir_plus_l1_09_allpass,1.003997889139e+00,5.783106432795e-03,3.997889138810e-03,5.783106432795e-03,0.703046496
5689000000.000000,after_l1_08_fixed_fir_plus_l1_09_allpass,1.001148298421e+00,1.409421289382e-03,1.148298421128e-03,1.409421289382e-03,0.181798175
5690000000.000000,after_l1_08_fixed_fir_plus_l1_09_allpass,1.001173477187e+00,-1.078310977637e-03,1.173477186997e-03,-1.078310977637e-03,0.159367603
5691000000.000000,after_l1_08_fixed_fir_plus_l1_09_allpass,1.001334724889e+00,8.979528810483e-04,1.334724888627e-03,8.979528810483e-04,0.160866712
5692000000.000000,after_l1_08_fixed_fir_plus_l1_09_allpass,1.002839410085e+00,2.571893825940e-04,2.839410084758e-03,2.571893825940e-04,0.285103420
5693000000.000000,after_l1_08_fixed_fir_plus_l1_09_allpass,1.002068450012e+00,-1.550950263547e-03,2.068450012280e-03,-1.550950263547e-03,0.258533019
5694000000.000000,after_l1_08_fixed_fir_plus_l1_09_allpass,1.001053268202e+00,1.903075362260e-03,1.053268202442e-03,1.903075362260e-03,0.217510224
5695000000.000000,after_l1_08_fixed_fir_plus_l1_09_allpass,1.001532838835e+00,1.842936387256e-03,1.532838835489e-03,1.842936387256e-03,0.239708352
5696000000.000000,after_l1_08_fixed_fir_plus_l1_09_allpass,1.000345115358e+00,3.725948278876e-03,3.451153578196e-04,3.725948278876e-03,0.374189727
5697000000.000000,after_l1_08_fixed_fir_plus_l1_09_allpass,1.004097709982e+00,2.653143394514e-03,4.097709981781e-03,2.653143394514e-03,0.488163876
5698000000.000000,after_l1_08_fixed_fir_plus_l1_09_allpass,1.002175113700e+00,4.577900337625e-04,2.175113699677e-03,4.577900337625e-04,0.222276659
5699000000.000000,after_l1_08_fixed_fir_plus_l1_09_allpass,1.000679699004e+00,7.284860278264e-03,6.796990035851e-04,7.284860278264e-03,0.731650053
5700000000.000000,after_l1_08_fixed_fir_plus_l1_09_allpass,1.001859204663e+00,1.521572673289e-03,1.859204663054e-03,1.521572673289e-03,0.240246236
5701000000.000000,after_l1_08_fixed_fir_plus_l1_09_allpass,1.000533923605e+00,1.930112306669e-03,5.339236051030e-04,1.930112306669e-03,0.200260029
5702000000.000000,after_l1_08_fixed_fir_plus_l1_09_allpass,1.001612611310e+00,5.551899913346e-03,1.612611310255e-03,5.551899913346e-03,0.578135865
5703000000.000000,after_l1_08_fixed_fir_plus_l1_09_allpass,1.001217131505e+00,5.450446209742e-03,1.217131505231e-03,5.450446209742e-03,0.558469095
5704000000.000000,after_l1_08_fixed_fir_plus_l1_09_allpass,1.002270214648e+00,5.237685787017e-03,2.270214647996e-03,5.237685787017e-03,0.570852231
5705000000.000000,after_l1_08_fixed_fir_plus_l1_09_allpass,1.000438786893e+00,6.250824314706e-03,4.387868927680e-04,6.250824314706e-03,0.626620607
5706000000.000000,after_l1_08_fixed_fir_plus_l1_09_allpass,1.000459002051e+00,5.378634417368e-03,4.590020514794e-04,5.378634417368e-03,0.539818405
5707000000.000000,after_l1_08_fixed_fir_plus_l1_09_allpass,1.003438424839e+00,8.131598640862e-03,3.438424839007e-03,8.131598640862e-03,0.882868404
5708000000.000000,after_l1_08_fixed_fir_plus_l1_09_allpass,1.002355409165e+00,5.731480329486e-03,2.355409165047e-03,5.731480329486e-03,0.619659738
5709000000.000000,after_l1_08_fixed_fir_plus_l1_09_allpass,1.001700334763e+00,1.035474250380e-02,1.700334762913e-03,1.035474250380e-02,1.049341844
5710000000.000000,after_l1_08_fixed_fir_plus_l1_09_allpass,1.002048916619e+00,5.046126820228e-03,2.048916619460e-03,5.046126820228e-03,0.544623312
5711000000.000000,after_l1_08_fixed_fir_plus_l1_09_allpass,1.003820628682e+00,7.576650446273e-03,3.820628682215e-03,7.576650446273e-03,0.848544846
5712000000.000000,after_l1_08_fixed_fir_plus_l1_09_allpass,1.002524676354e+00,7.826718423972e-03,2.524676353638e-03,7.826718423972e-03,0.822383803
5713000000.000000,after_l1_08_fixed_fir_plus_l1_09_allpass,1.001204035252e+00,8.076280093868e-03,1.204035252048e-03,8.076280093868e-03,0.816553740
5714000000.000000,after_l1_08_fixed_fir_plus_l1_09_allpass,1.002083255376e+00,1.116559969972e-02,2.083255376411e-03,1.116559969972e-02,1.135828198
5715000000.000000,after_l1_08_fixed_fir_plus_l1_09_allpass,1.001316714787e+00,9.242200853211e-03,1.316714786881e-03,9.242200853211e-03,0.933552433
5716000000.000000,after_l1_08_fixed_fir_plus_l1_09_allpass,1.000956598560e+00,9.574838119809e-03,9.565985601570e-04,9.574838119809e-03,0.962250517
5717000000.000000,after_l1_08_fixed_fir_plus_l1_09_allpass,1.001646796063e+00,8.841067612156e-03,1.646796063376e-03,8.841067612156e-03,0.899313148
5718000000.000000,after_l1_08_fixed_fir_plus_l1_09_allpass,1.002577537919e+00,9.839902012246e-03,2.577537918528e-03,9.839902012246e-03,1.017189134
5719000000.000000,after_l1_08_fixed_fir_plus_l1_09_allpass,1.004443014988e+00,9.488931932836e-03,4.443014988117e-03,9.488931932836e-03,1.047760523
5720000000.000000,after_l1_08_fixed_fir_plus_l1_09_allpass,1.000367527388e+00,1.143826276817e-02,3.675273876114e-04,1.143826276817e-02,1.144416583
5721000000.000000,after_l1_08_fixed_fir_plus_l1_09_allpass,1.001967522033e+00,1.177316729866e-02,1.967522033005e-03,1.177316729866e-02,1.193644047
5722000000.000000,after_l1_08_fixed_fir_plus_l1_09_allpass,9.992874388428e-01,1.053095400179e-02,-7.125611572302e-04,1.053095400179e-02,1.055503366
5723000000.000000,after_l1_08_fixed_fir_plus_l1_09_allpass,9.999757932062e-01,6.494793586745e-03,-2.420679381832e-05,6.494793586745e-03,0.649483870
5724000000.000000,after_l1_08_fixed_fir_plus_l1_09_allpass,1.002886783866e+00,1.070020256124e-02,2.886783866292e-03,1.070020256124e-02,1.108277294
5725000000.000000,after_l1_08_fixed_fir_plus_l1_09_allpass,1.001657516838e+00,8.459536549838e-03,1.657516837750e-03,8.459536549838e-03,0.862038982
5726000000.000000,after_l1_08_fixed_fir_plus_l1_09_allpass,1.000914486647e+00,1.234325907958e-02,9.144866467794e-04,1.234325907958e-02,1.237708894
5727000000.000000,after_l1_08_fixed_fir_plus_l1_09_allpass,1.001428871142e+00,1.429438537780e-02,1.428871142304e-03,1.429438537780e-02,1.436562307
5728000000.000000,after_l1_08_fixed_fir_plus_l1_09_allpass,9.999147146775e-01,1.302292725732e-02,-8.528532249641e-05,1.302292725732e-02,1.302320652
5729000000.000000,after_l1_08_fixed_fir_plus_l1_09_allpass,1.001829361413e+00,1.272350831461e-02,1.829361413062e-03,1.272350831461e-02,1.285434662
5730000000.000000,after_l1_08_fixed_fir_plus_l1_09_allpass,9.999831572320e-01,1.030244857536e-02,-1.684276795388e-05,1.030244857536e-02,1.030246234
5731000000.000000,after_l1_08_fixed_fir_plus_l1_09_allpass,9.994185137226e-01,1.112996712471e-02,-5.814862773714e-04,1.112996712471e-02,1.114514668
5732000000.000000,after_l1_08_fixed_fir_plus_l1_09_allpass,1.001346409895e+00,1.478860597936e-02,1.346409895463e-03,1.478860597936e-02,1.484977058
5733000000.000000,after_l1_08_fixed_fir_plus_l1_09_allpass,9.999861094576e-01,1.171307679070e-02,-1.389054236334e-05,1.171307679070e-02,1.171308503
5734000000.000000,after_l1_08_fixed_fir_plus_l1_09_allpass,1.000580315599e+00,1.317757780387e-02,5.803155988193e-04,1.317757780387e-02,1.319034962
5735000000.000000,after_l1_08_fixed_fir_plus_l1_09_allpass,9.999223737852e-01,1.638034182081e-02,-7.762621482421e-05,1.638034182081e-02,1.638052575
5736000000.000000,after_l1_08_fixed_fir_plus_l1_09_allpass,1.000993167188e+00,1.402025992102e-02,9.931671882581e-04,1.402025992102e-02,1.405539289
5737000000.000000,after_l1_08_fixed_fir_plus_l1_09_allpass,9.993275139109e-01,1.282464389747e-02,-6.724860890958e-04,1.282464389747e-02,1.284226338
5738000000.000000,after_l1_08_fixed_fir_plus_l1_09_allpass,9.995591987119e-01,1.421501723761e-02,-4.408012881143e-04,1.421501723761e-02,1.422185012
5739000000.000000,after_l1_08_fixed_fir_plus_l1_09_allpass,1.000581758274e+00,1.301643104322e-02,5.817582739500e-04,1.301643104322e-02,1.302942515
5740000000.000000,after_l1_08_fixed_fir_plus_l1_09_allpass,1.002036115663e+00,1.260782066207e-02,2.036115662887e-03,1.260782066207e-02,1.277117492
5741000000.000000,after_l1_08_fixed_fir_plus_l1_09_allpass,9.997966221019e-01,1.704021515228e-02,-2.033778981310e-04,1.704021515228e-02,1.704142878
5742000000.000000,after_l1_08_fixed_fir_plus_l1_09_allpass,9.994417846616e-01,1.431642382304e-02,-5.582153384280e-04,1.431642382304e-02,1.432730245
5743000000.000000,after_l1_08_fixed_fir_plus_l1_09_allpass,9.999615995465e-01,1.250700570457e-02,-3.840045346759e-05,1.250700570457e-02,1.250706466
5744000000.000000,after_l1_08_fixed_fir_plus_l1_09_allpass,9.980693763431e-01,1.361753230596e-02,-1.930623656894e-03,1.361753230596e-02,1.375370837
5745000000.000000,after_l1_08_fixed_fir_plus_l1_09_allpass,9.989357136927e-01,1.242065012150e-02,-1.064286307285e-03,1.242065012150e-02,1.246616440
5746000000.000000,after_l1_08_fixed_fir_plus_l1_09_allpass,9.978557731768e-01,1.389115095362e-02,-2.144226823233e-03,1.389115095362e-02,1.405566731
5747000000.000000,after_l1_08_fixed_fir_plus_l1_09_allpass,9.985641054148e-01,1.617706745531e-02,-1.435894585214e-03,1.617706745531e-02,1.624066823
5748000000.000000,after_l1_08_fixed_fir_plus_l1_09_allpass,9.994098115406e-01,1.267746818378e-02,-5.901884594293e-04,1.267746818378e-02,1.269119860
5749000000.000000,after_l1_08_fixed_fir_plus_l1_09_allpass,9.992724353618e-01,1.259191501707e-02,-7.275646382153e-04,1.259191501707e-02,1.261291695
5750000000.000000,after_l1_08_fixed_fir_plus_l1_09_allpass,9.990896632069e-01,1.357508444075e-02,-9.103367930897e-04,1.357508444075e-02,1.360557351
5751000000.000000,after_l1_08_fixed_fir_plus_l1_09_allpass,9.977987005658e-01,1.600600209691e-02,-2.201299434216e-03,1.600600209691e-02,1.615666495
5752000000.000000,after_l1_08_fixed_fir_plus_l1_09_allpass,9.973729751605e-01,1.503038527696e-02,-2.627024839458e-03,1.503038527696e-02,1.525823519
5753000000.000000,after_l1_08_fixed_fir_plus_l1_09_allpass,1.000024868456e+00,1.150389058475e-02,2.486845628979e-05,1.150389058475e-02,1.150391746
5754000000.000000,after_l1_08_fixed_fir_plus_l1_09_allpass,9.972726042123e-01,1.489505698817e-02,-2.727395787694e-03,1.489505698817e-02,1.514270156
5755000000.000000,after_l1_08_fixed_fir_plus_l1_09_allpass,9.990682124122e-01,1.419752823298e-02,-9.317875877680e-04,1.419752823298e-02,1.422807211
5756000000.000000,after_l1_08_fixed_fir_plus_l1_09_allpass,1.000990007490e+00,8.787021393515e-03,9.900074903531e-04,8.787021393515e-03,0.884261612
5757000000.000000,after_l1_08_fixed_fir_plus_l1_09_allpass,9.983161099051e-01,1.476444676867e-02,-1.683890094887e-03,1.476444676867e-02,1.486016064
5758000000.000000,after_l1_08_fixed_fir_plus_l1_09_allpass,9.986002214916e-01,1.180370482387e-02,-1.399778508428e-03,1.180370482387e-02,1.188641357
5759000000.000000,after_l1_08_fixed_fir_plus_l1_09_allpass,9.994916896861e-01,1.187813241005e-02,-5.083103139077e-04,1.187813241005e-02,1.188900370
5760000000.000000,after_l1_08_fixed_fir_plus_l1_09_allpass,9.993914793254e-01,1.479908882748e-02,-6.085206745627e-04,1.479908882748e-02,1.481159436
5761000000.000000,after_l1_08_fixed_fir_plus_l1_09_allpass,9.978929771335e-01,1.065439771755e-02,-2.107022866491e-03,1.065439771755e-02,1.086074289
5762000000.000000,after_l1_08_fixed_fir_plus_l1_09_allpass,1.000594256451e+00,1.034459451558e-02,5.942564514620e-04,1.034459451558e-02,1.036164931
5763000000.000000,after_l1_08_fixed_fir_plus_l1_09_allpass,1.000278444640e+00,1.325411034489e-02,2.784446397115e-04,1.325411034489e-02,1.325703483
5764000000.000000,after_l1_08_fixed_fir_plus_l1_09_allpass,9.965642906580e-01,6.920571361352e-03,-3.435709341957e-03,6.920571361352e-03,0.772647440
5765000000.000000,after_l1_08_fixed_fir_plus_l1_09_allpass,9.972283778023e-01,9.050614576018e-03,-2.771622197700e-03,9.050614576018e-03,0.946549068
5766000000.000000,after_l1_08_fixed_fir_plus_l1_09_allpass,9.974345805910e-01,7.452195833658e-03,-2.565419409023e-03,7.452195833658e-03,0.788140847
5767000000.000000,after_l1_08_fixed_fir_plus_l1_09_allpass,9.963666030327e-01,1.123291472438e-02,-3.633396967306e-03,1.123291472438e-02,1.180592846
5768000000.000000,after_l1_08_fixed_fir_plus_l1_09_allpass,9.976939849695e-01,5.419027270248e-03,-2.306015030535e-03,5.419027270248e-03,0.588927516
5769000000.000000,after_l1_08_fixed_fir_plus_l1_09_allpass,9.959711081455e-01,1.103175758077e-02,-4.028891854452e-03,1.103175758077e-02,1.174443038
5770000000.000000,after_l1_08_fixed_fir_plus_l1_09_allpass,9.974554352420e-01,7.800723182119e-03,-2.544564758040e-03,7.800723182119e-03,0.820524783
5771000000.000000,after_l1_08_fixed_fir_plus_l1_09_allpass,9.960134788265e-01,1.047629784931e-02,-3.986521173479e-03,1.047629784931e-02,1.120915553
5772000000.000000,after_l1_08_fixed_fir_plus_l1_09_allpass,9.972080136816e-01,7.979790576525e-03,-2.791986318445e-03,7.979790576525e-03,0.845412593
5773000000.000000,after_l1_08_fixed_fir_plus_l1_09_allpass,9.976117844368e-01,7.778343917405e-03,-2.388215563184e-03,7.778343917405e-03,0.813671971
5774000000.000000,after_l1_08_fixed_fir_plus_l1_09_allpass,9.973051351398e-01,7.151791268470e-03,-2.694864860250e-03,7.151791268470e-03,0.764267067
5775000000.000000,after_l1_08_fixed_fir_plus_l1_09_allpass,9.980477039095e-01,1.023713662144e-02,-1.952296090521e-03,1.023713662144e-02,1.042163261
5776000000.000000,after_l1_08_fixed_fir_plus_l1_09_allpass,9.952385101712e-01,7.380442350240e-03,-4.761489828769e-03,7.380442350240e-03,0.878309255
5777000000.000000,after_l1_08_fixed_fir_plus_l1_09_allpass,9.960550314954e-01,5.867637673076e-03,-3.944968504579e-03,5.867637673076e-03,0.707049845
5778000000.000000,after_l1_08_fixed_fir_plus_l1_09_allpass,9.971282716738e-01,6.869900903365e-03,-2.871728326163e-03,6.869900903365e-03,0.744596280
5779000000.000000,after_l1_08_fixed_fir_plus_l1_09_allpass,9.952973197003e-01,2.336364517116e-03,-4.702680299655e-03,2.336364517116e-03,0.525107619
5780000000.000000,after_l1_08_fixed_fir_plus_l1_09_allpass,9.974229232372e-01,6.934920734181e-03,-2.577076762763e-03,6.934920734181e-03,0.739827346
5781000000.000000,after_l1_08_fixed_fir_plus_l1_09_allpass,9.966162822507e-01,5.317583087159e-03,-3.383717749331e-03,5.317583087159e-03,0.630287519
5782000000.000000,after_l1_08_fixed_fir_plus_l1_09_allpass,9.972584689558e-01,2.726487534892e-03,-2.741531044241e-03,2.726487534892e-03,0.386648765
5783000000.000000,after_l1_08_fixed_fir_plus_l1_09_allpass,9.991189048921e-01,5.528928380329e-03,-8.810951079317e-04,5.528928380329e-03,0.559869428
5784000000.000000,after_l1_08_fixed_fir_plus_l1_09_allpass,9.959581940570e-01,3.802016746388e-03,-4.041805942983e-03,3.802016746388e-03,0.554901132
5785000000.000000,after_l1_08_fixed_fir_plus_l1_09_allpass,9.952584524627e-01,5.005423852996e-03,-4.741547537265e-03,5.005423852996e-03,0.689467483
5786000000.000000,after_l1_08_fixed_fir_plus_l1_09_allpass,9.968870319817e-01,4.830844355806e-03,-3.112968018272e-03,4.830844355806e-03,0.574696677
5787000000.000000,after_l1_08_fixed_fir_plus_l1_09_allpass,9.953515012050e-01,3.539624331868e-03,-4.648498794969e-03,3.539624331868e-03,0.584272894
5788000000.000000,after_l1_08_fixed_fir_plus_l1_09_allpass,9.966975199976e-01,4.454585520643e-03,-3.302480002361e-03,4.454585520643e-03,0.554524177
5789000000.000000,after_l1_08_fixed_fir_plus_l1_09_allpass,9.979725625484e-01,-6.308351706138e-04,-2.027437451644e-03,-6.308351706138e-04,0.212331242
5790000000.000000,after_l1_08_fixed_fir_plus_l1_09_allpass,9.973552088364e-01,2.251273891041e-03,-2.644791163608e-03,2.251273891041e-03,0.347320521
5791000000.000000,after_l1_08_fixed_fir_plus_l1_09_allpass,9.960073526855e-01,5.351930619112e-03,-3.992647314524e-03,5.351930619112e-03,0.667715463
5792000000.000000,after_l1_08_fixed_fir_plus_l1_09_allpass,9.962302232457e-01,2.344535208885e-03,-3.769776754280e-03,2.344535208885e-03,0.443937632
5793000000.000000,after_l1_08_fixed_fir_plus_l1_09_allpass,9.952914332951e-01,1.410924675652e-04,-4.708566704928e-03,1.410924675652e-04,0.471068015
5794000000.000000,after_l1_08_fixed_fir_plus_l1_09_allpass,9.967025664067e-01,2.519494210830e-03,-3.297433593300e-03,2.519494210830e-03,0.414980956
5795000000.000000,after_l1_08_fixed_fir_plus_l1_09_allpass,9.971786266352e-01,8.536927522673e-05,-2.821373364760e-03,8.536927522673e-05,0.282266462
5796000000.000000,after_l1_08_fixed_fir_plus_l1_09_allpass,9.988275512348e-01,1.498940104073e-03,-1.172448765175e-03,1.498940104073e-03,0.190301275
5797000000.000000,after_l1_08_fixed_fir_plus_l1_09_allpass,9.962661949874e-01,6.022545165269e-03,-3.733805012556e-03,6.022545165269e-03,0.708606733
5798000000.000000,after_l1_08_fixed_fir_plus_l1_09_allpass,9.972148246959e-01,1.950423725884e-03,-2.785175304085e-03,1.950423725884e-03,0.340019914
5799000000.000000,after_l1_08_fixed_fir_plus_l1_09_allpass,9.945312649997e-01,1.446356682634e-03,-5.468735000262e-03,1.446356682634e-03,0.565676676
5800000000.000000,after_l1_08_fixed_fir_plus_l1_09_allpass,9.967541173905e-01,1.821865499397e-03,-3.245882609498e-03,1.821865499397e-03,0.372222350
5801000000.000000,after_l1_08_fixed_fir_plus_l1_09_allpass,9.964611825753e-01,2.473290278343e-03,-3.538817424721e-03,2.473290278343e-03,0.431745221
5802000000.000000,after_l1_08_fixed_fir_plus_l1_09_allpass,9.974514215319e-01,3.296317221124e-03,-2.548578468051e-03,3.296317221124e-03,0.416664846
5803000000.000000,after_l1_08_fixed_fir_plus_l1_09_allpass,9.959614170764e-01,2.515373086666e-03,-4.038582923639e-03,2.515373086666e-03,0.475786231
5804000000.000000,after_l1_08_fixed_fir_plus_l1_09_allpass,9.975037883194e-01,2.354527807768e-03,-2.496211680611e-03,2.354527807768e-03,0.343145362
5805000000.000000,after_l1_08_fixed_fir_plus_l1_09_allpass,9.977744369371e-01,1.403485290272e-03,-2.225563062918e-03,1.403485290272e-03,0.263114080
5806000000.000000,after_l1_08_fixed_fir_plus_l1_09_allpass,9.974489067931e-01,1.885393336050e-03,-2.551093206853e-03,1.885393336050e-03,0.317218924
5807000000.000000,after_l1_08_fixed_fir_plus_l1_09_allpass,9.978719036985e-01,3.445180738450e-03,-2.128096301459e-03,3.445180738450e-03,0.404945233
5808000000.000000,after_l1_08_fixed_fir_plus_l1_09_allpass,9.974537857158e-01,2.011725227017e-03,-2.546214284181e-03,2.011725227017e-03,0.324503399
5809000000.000000,after_l1_08_fixed_fir_plus_l1_09_allpass,9.977435651195e-01,9.674560331571e-04,-2.256434880511e-03,9.674560331571e-04,0.245509054
5810000000.000000,after_l1_08_fixed_fir_plus_l1_09_allpass,9.968491514914e-01,5.417272565763e-03,-3.150848508610e-03,5.417272565763e-03,0.626695208
5811000000.000000,after_l1_08_fixed_fir_plus_l1_09_allpass,9.982740339861e-01,3.429242155821e-03,-1.725966013945e-03,3.429242155821e-03,0.383909631
5812000000.000000,after_l1_08_fixed_fir_plus_l1_09_allpass,9.978828865890e-01,1.670330320724e-03,-2.117113410967e-03,1.670330320724e-03,0.269669660
5813000000.000000,after_l1_08_fixed_fir_plus_l1_09_allpass,9.973794453265e-01,2.536365759607e-03,-2.620554673519e-03,2.536365759607e-03,0.364697931
5814000000.000000,after_l1_08_fixed_fir_plus_l1_09_allpass,9.968019124889e-01,3.019145724423e-03,-3.198087511090e-03,3.019145724423e-03,0.439806828
5815000000.000000,after_l1_08_fixed_fir_plus_l1_09_allpass,9.975046298074e-01,6.389164619010e-03,-2.495370192554e-03,6.389164619010e-03,0.685917611
5816000000.000000,after_l1_08_fixed_fir_plus_l1_09_allpass,9.982627376134e-01,3.243021153301e-03,-1.737262386641e-03,3.243021153301e-03,0.367903069
5817000000.000000,after_l1_08_fixed_fir_plus_l1_09_allpass,9.974426102260e-01,3.641319428380e-03,-2.557389774032e-03,3.641319428380e-03,0.444965725
5818000000.000000,after_l1_08_fixed_fir_plus_l1_09_allpass,9.962961653435e-01,1.162649056989e-03,-3.703834656541e-03,1.162649056989e-03,0.388202833
5819000000.000000,after_l1_08_fixed_fir_plus_l1_09_allpass,9.983502505030e-01,6.060994248258e-03,-1.649749497010e-03,6.060994248258e-03,0.628150656
5820000000.000000,after_l1_08_fixed_fir_plus_l1_09_allpass,9.963883158392e-01,5.313854417469e-03,-3.611684160817e-03,5.313854417469e-03,0.642505340
5821000000.000000,after_l1_08_fixed_fir_plus_l1_09_allpass,9.989348623944e-01,3.934292195843e-03,-1.065137605603e-03,3.934292195843e-03,0.407592605
5822000000.000000,after_l1_08_fixed_fir_plus_l1_09_allpass,9.974138653117e-01,5.635022879546e-04,-2.586134688322e-03,5.635022879546e-04,0.264681459
5823000000.000000,after_l1_08_fixed_fir_plus_l1_09_allpass,9.992891957062e-01,6.559753928286e-04,-7.108042938280e-04,6.559753928286e-04,0.096723651
5824000000.000000,after_l1_08_fixed_fir_plus_l1_09_allpass,9.982281073276e-01,3.761050202077e-03,-1.771892672351e-03,3.761050202077e-03,0.415753560
5825000000.000000,after_l1_08_fixed_fir_plus_l1_09_allpass,9.973998729533e-01,2.776625730968e-03,-2.600127046688e-03,2.776625730968e-03,0.380398621
5826000000.000000,after_l1_08_fixed_fir_plus_l1_09_allpass,9.995242173987e-01,3.747505873094e-03,-4.757826013077e-04,3.747505873094e-03,0.377758777
5827000000.000000,after_l1_08_fixed_fir_plus_l1_09_allpass,9.995304366697e-01,4.116120776156e-03,-4.695633302878e-04,4.116120776156e-03,0.414281788
5828000000.000000,after_l1_08_fixed_fir_plus_l1_09_allpass,9.974175737410e-01,6.252092392198e-03,-2.582426259017e-03,6.252092392198e-03,0.676443528
5829000000.000000,after_l1_08_fixed_fir_plus_l1_09_allpass,9.962122852247e-01,4.620626190910e-03,-3.787714775274e-03,4.620626190910e-03,0.597469410
5830000000.000000,after_l1_08_fixed_fir_plus_l1_09_allpass,9.995382389229e-01,7.363155670525e-03,-4.617610771328e-04,7.363155670525e-03,0.737762053
5831000000.000000,after_l1_08_fixed_fir_plus_l1_09_allpass,9.991883568668e-01,7.977646007775e-03,-8.116431331538e-04,7.977646007775e-03,0.801882787
5832000000.000000,after_l1_08_fixed_fir_plus_l1_09_allpass,9.990115702540e-01,5.093549311935e-03,-9.884297460266e-04,5.093549311935e-03,0.518856801
5833000000.000000,after_l1_08_fixed_fir_plus_l1_09_allpass,9.981696703270e-01,4.992362696432e-03,-1.830329672998e-03,4.992362696432e-03,0.531731060
5834000000.000000,after_l1_08_fixed_fir_plus_l1_09_allpass,9.993215104031e-01,4.099298550320e-03,-6.784895968862e-04,4.099298550320e-03,0.415506880
5835000000.000000,after_l1_08_fixed_fir_plus_l1_09_allpass,9.999738882198e-01,9.226006134991e-03,-2.611178016843e-05,9.226006134991e-03,0.922604309
5836000000.000000,after_l1_08_fixed_fir_plus_l1_09_allpass,1.000389015595e+00,6.772665186538e-03,3.890155948747e-04,6.772665186538e-03,0.678382833
5837000000.000000,after_l1_08_fixed_fir_plus_l1_09_allpass,9.990976282864e-01,9.522074670303e-03,-9.023717136251e-04,9.522074670303e-03,0.956473631
5838000000.000000,after_l1_08_fixed_fir_plus_l1_09_allpass,1.001739078919e+00,8.376048573309e-03,1.739078919481e-03,8.376048573309e-03,0.855468206
5839000000.000000,after_l1_08_fixed_fir_plus_l1_09_allpass,1.000169069679e+00,6.547482614434e-03,1.690696785590e-04,6.547482614434e-03,0.654966512
5840000000.000000,after_l1_08_fixed_fir_plus_l1_09_allpass,1.000886460685e+00,8.027347910907e-03,8.864606845227e-04,8.027347910907e-03,0.807614556
5841000000.000000,after_l1_08_fixed_fir_plus_l1_09_allpass,1.000788914152e+00,5.431278557903e-03,7.889141518613e-04,5.431278557903e-03,0.548827590
5842000000.000000,after_l1_08_fixed_fir_plus_l1_09_allpass,9.981692593200e-01,1.095470604984e-02,-1.830740679984e-03,1.095470604984e-02,1.110662847
5843000000.000000,after_l1_08_fixed_fir_plus_l1_09_allpass,1.001146693148e+00,5.826834351553e-03,1.146693147644e-03,5.826834351553e-03,0.593859442
5844000000.000000,after_l1_08_fixed_fir_plus_l1_09_allpass,1.001231170789e+00,8.613766377418e-03,1.231170788955e-03,8.613766377418e-03,0.870130753
5845000000.000000,after_l1_08_fixed_fir_plus_l1_09_allpass,9.995417554537e-01,6.812624951786e-03,-4.582445463126e-04,6.812624951786e-03,0.682801924
5846000000.000000,after_l1_08_fixed_fir_plus_l1_09_allpass,1.001452165448e+00,1.033452544709e-02,1.452165448490e-03,1.033452544709e-02,1.043605293
5847000000.000000,after_l1_08_fixed_fir_plus_l1_09_allpass,9.992233017229e-01,9.200229820598e-03,-7.766982770664e-04,9.200229820598e-03,0.923295668
5848000000.000000,after_l1_08_fixed_fir_plus_l1_09_allpass,1.001630513167e+00,7.362865902561e-03,1.630513166891e-03,7.362865902561e-03,0.754124443
5849000000.000000,after_l1_08_fixed_fir_plus_l1_09_allpass,1.000441217740e+00,6.701971080333e-03,4.412177399731e-04,6.701971080333e-03,0.671647895
5850000000.000000,after_l1_08_fixed_fir_plus_l1_09_allpass,1.002009898281e+00,1.182423504003e-02,2.009898280842e-03,1.182423504003e-02,1.199384114
5851000000.000000,after_l1_08_fixed_fir_plus_l1_09_allpass,1.000749241466e+00,1.065960065962e-02,7.492414656354e-04,1.065960065962e-02,1.068589954
5852000000.000000,after_l1_08_fixed_fir_plus_l1_09_allpass,1.001765617605e+00,8.114534989526e-03,1.765617604708e-03,8.114534989526e-03,0.830440146
5853000000.000000,after_l1_08_fixed_fir_plus_l1_09_allpass,1.002001870483e+00,1.010013250765e-02,2.001870483014e-03,1.010013250765e-02,1.029660925
5854000000.000000,after_l1_08_fixed_fir_plus_l1_09_allpass,1.000593683664e+00,1.062427644655e-02,5.936836635068e-04,1.062427644655e-02,1.064085101
5855000000.000000,after_l1_08_fixed_fir_plus_l1_09_allpass,1.000325050802e+00,1.135694547677e-02,3.250508023989e-04,1.135694547677e-02,1.136159622
5856000000.000000,after_l1_08_fixed_fir_plus_l1_09_allpass,1.001521665513e+00,9.288940307365e-03,1.521665513440e-03,9.288940307365e-03,0.941275082
5857000000.000000,after_l1_08_fixed_fir_plus_l1_09_allpass,1.000400453389e+00,1.268621212237e-02,4.004533886750e-04,1.268621212237e-02,1.269253091
5858000000.000000,after_l1_08_fixed_fir_plus_l1_09_allpass,1.003281262005e+00,8.169670232986e-03,3.281262004905e-03,8.169670232986e-03,0.880398728
5859000000.000000,after_l1_08_fixed_fir_plus_l1_09_allpass,9.997339959131e-01,1.191531725894e-02,-2.660040868575e-04,1.191531725894e-02,1.191828610
5860000000.000000,after_l1_08_fixed_fir_plus_l1_09_allpass,1.000516083558e+00,9.803736236960e-03,5.160835584999e-04,9.803736236960e-03,0.981731055
5861000000.000000,after_l1_08_fixed_fir_plus_l1_09_allpass,1.003092303699e+00,1.146610927885e-02,3.092303698958e-03,1.146610927885e-02,1.187577383
5862000000.000000,after_l1_08_fixed_fir_plus_l1_09_allpass,1.001047422181e+00,1.254751710375e-02,1.047422181273e-03,1.254751710375e-02,1.259115875
5863000000.000000,after_l1_08_fixed_fir_plus_l1_09_allpass,1.001947251090e+00,9.303778021638e-03,1.947251090298e-03,9.303778021638e-03,0.950537071
5864000000.000000,after_l1_08_fixed_fir_plus_l1_09_allpass,1.001418255946e+00,9.660593378464e-03,1.418255946465e-03,9.660593378464e-03,0.976414432
5865000000.000000,after_l1_08_fixed_fir_plus_l1_09_allpass,1.000372898477e+00,1.002630800999e-02,3.728984773193e-04,1.002630800999e-02,1.003324003
5866000000.000000,after_l1_08_fixed_fir_plus_l1_09_allpass,1.003000145041e+00,1.167397975555e-02,3.000145040547e-03,1.167397975555e-02,1.205332625
5867000000.000000,after_l1_08_fixed_fir_plus_l1_09_allpass,1.001633034332e+00,1.040404742991e-02,1.633034332298e-03,1.040404742991e-02,1.053142935
5868000000.000000,after_l1_08_fixed_fir_plus_l1_09_allpass,1.002047333900e+00,1.030417707297e-02,2.047333900481e-03,1.030417707297e-02,1.050560047
5869000000.000000,after_l1_08_fixed_fir_plus_l1_09_allpass,1.004134059984e+00,1.043299725386e-02,4.134059983750e-03,1.043299725386e-02,1.122220494
5870000000.000000,after_l1_08_fixed_fir_plus_l1_09_allpass,1.002770845850e+00,8.901605349505e-03,2.770845849574e-03,8.901605349505e-03,0.932288392
5871000000.000000,after_l1_08_fixed_fir_plus_l1_09_allpass,1.002474967701e+00,1.183850781157e-02,2.474967701426e-03,1.183850781157e-02,1.209445048
5872000000.000000,after_l1_08_fixed_fir_plus_l1_09_allpass,1.000823377361e+00,1.317378581897e-02,8.233773612241e-04,1.317378581897e-02,1.319949177
5873000000.000000,after_l1_08_fixed_fir_plus_l1_09_allpass,1.002393265374e+00,6.782245490216e-03,2.393265374253e-03,6.782245490216e-03,0.719211881
5874000000.000000,after_l1_08_fixed_fir_plus_l1_09_allpass,1.003986048088e+00,8.852655499552e-03,3.986048088294e-03,8.852655499552e-03,0.970866050
5875000000.000000,after_l1_08_fixed_fir_plus_l1_09_allpass,1.005008315642e+00,9.589185086351e-03,5.008315642399e-03,9.589185086351e-03,1.081830376
5876000000.000000,after_l1_08_fixed_fir_plus_l1_09_allpass,1.003698024060e+00,9.102506878476e-03,3.698024059864e-03,9.102506878476e-03,0.982501977
5877000000.000000,after_l1_08_fixed_fir_plus_l1_09_allpass,1.001408592861e+00,1.086101076031e-02,1.408592860985e-03,1.086101076031e-02,1.095197190
5878000000.000000,after_l1_08_fixed_fir_plus_l1_09_allpass,1.001593296732e+00,1.123227612305e-02,1.593296731591e-03,1.123227612305e-02,1.134471777
5879000000.000000,after_l1_08_fixed_fir_plus_l1_09_allpass,1.001428221355e+00,1.032729992236e-02,1.428221354666e-03,1.032729992236e-02,1.042559063
5880000000.000000,after_l1_08_fixed_fir_plus_l1_09_allpass,1.004695697049e+00,9.734881479976e-03,4.695697048863e-03,9.734881479976e-03,1.080821392
5881000000.000000,after_l1_08_fixed_fir_plus_l1_09_allpass,1.004770987769e+00,9.320685589617e-03,4.770987768522e-03,9.320685589617e-03,1.047079291
5882000000.000000,after_l1_08_fixed_fir_plus_l1_09_allpass,1.002049274081e+00,8.733163573147e-03,2.049274081196e-03,8.733163573147e-03,0.897037738
5883000000.000000,after_l1_08_fixed_fir_plus_l1_09_allpass,1.002826160575e+00,9.015719093547e-03,2.826160575140e-03,9.015719093547e-03,0.944830008
5884000000.000000,after_l1_08_fixed_fir_plus_l1_09_allpass,1.002110111096e+00,6.520758259622e-03,2.110111095659e-03,6.520758259622e-03,0.685367472
5885000000.000000,after_l1_08_fixed_fir_plus_l1_09_allpass,1.002488795749e+00,7.320445335954e-03,2.488795749269e-03,7.320445335954e-03,0.773194828
5886000000.000000,after_l1_08_fixed_fir_plus_l1_09_allpass,1.001896813708e+00,1.240127297332e-02,1.896813708340e-03,1.240127297332e-02,1.254549615
5887000000.000000,after_l1_08_fixed_fir_plus_l1_09_allpass,1.003581603665e+00,1.161434037885e-02,3.581603664735e-03,1.161434037885e-02,1.215404407
5888000000.000000,after_l1_08_fixed_fir_plus_l1_09_allpass,1.002976146398e+00,1.189570294104e-02,2.976146398419e-03,1.189570294104e-02,1.226234871
5889000000.000000,after_l1_08_fixed_fir_plus_l1_09_allpass,1.004502556556e+00,1.142240672498e-02,4.502556556118e-03,1.142240672498e-02,1.227780074
5890000000.000000,after_l1_08_fixed_fir_plus_l1_09_allpass,1.003094952367e+00,1.028884678883e-02,3.094952367075e-03,1.028884678883e-02,1.074425886
5891000000.000000,after_l1_08_fixed_fir_plus_l1_09_allpass,1.004765971033e+00,1.028721737158e-02,4.765971033407e-03,1.028721737158e-02,1.133760650
5892000000.000000,after_l1_08_fixed_fir_plus_l1_09_allpass,1.003525760430e+00,9.134594140183e-03,3.525760429648e-03,9.134594140183e-03,0.979141444
5893000000.000000,after_l1_08_fixed_fir_plus_l1_09_allpass,1.002973713533e+00,1.102640970246e-02,2.973713533292e-03,1.102640970246e-02,1.142036265
5894000000.000000,after_l1_08_fixed_fir_plus_l1_09_allpass,1.002655374455e+00,7.527212794975e-03,2.655374455104e-03,7.527212794975e-03,0.798185104
5895000000.000000,after_l1_08_fixed_fir_plus_l1_09_allpass,1.003136909752e+00,9.101286850848e-03,3.136909752306e-03,9.101286850848e-03,0.962671414
5896000000.000000,after_l1_08_fixed_fir_plus_l1_09_allpass,1.002864829031e+00,9.111707962697e-03,2.864829030757e-03,9.111707962697e-03,0.955146415
5897000000.000000,after_l1_08_fixed_fir_plus_l1_09_allpass,1.003666455278e+00,1.005465633197e-02,3.666455277534e-03,1.005465633197e-02,1.070228986
5898000000.000000,after_l1_08_fixed_fir_plus_l1_09_allpass,1.005364585589e+00,8.069510692854e-03,5.364585589090e-03,8.069510692854e-03,0.968998356
5899000000.000000,after_l1_08_fixed_fir_plus_l1_09_allpass,1.002728015178e+00,1.169826338427e-02,2.728015178449e-03,1.169826338427e-02,1.201213690
5900000000.000000,after_l1_08_fixed_fir_plus_l1_09_allpass,1.002809258746e+00,1.121373201069e-02,2.809258745644e-03,1.121373201069e-02,1.156026472
5901000000.000000,after_l1_08_fixed_fir_plus_l1_09_allpass,1.003455236061e+00,1.010280519663e-02,3.455236060599e-03,1.010280519663e-02,1.067732781
5902000000.000000,after_l1_08_fixed_fir_plus_l1_09_allpass,1.003704787956e+00,1.194404220719e-02,3.704787955993e-03,1.194404220719e-02,1.250542275
5903000000.000000,after_l1_08_fixed_fir_plus_l1_09_allpass,1.001077674955e+00,1.093409368751e-02,1.077674954912e-03,1.093409368751e-02,1.098707368
5904000000.000000,after_l1_08_fixed_fir_plus_l1_09_allpass,1.002456806469e+00,1.070125434979e-02,2.456806468768e-03,1.070125434979e-02,1.097965130
5905000000.000000,after_l1_08_fixed_fir_plus_l1_09_allpass,1.003654886663e+00,1.014134198433e-02,3.654886662632e-03,1.014134198433e-02,1.077984294
5906000000.000000,after_l1_08_fixed_fir_plus_l1_09_allpass,1.000643479035e+00,1.279244969008e-02,6.434790350840e-04,1.279244969008e-02,1.280862344
5907000000.000000,after_l1_08_fixed_fir_plus_l1_09_allpass,1.003116682887e+00,1.526886933626e-02,3.116682886845e-03,1.526886933626e-02,1.558371211
5908000000.000000,after_l1_08_fixed_fir_plus_l1_09_allpass,1.003105043769e+00,1.401703025834e-02,3.105043768877e-03,1.401703025834e-02,1.435682535
5909000000.000000,after_l1_08_fixed_fir_plus_l1_09_allpass,1.003808391129e+00,1.495403899396e-02,3.808391128611e-03,1.495403899396e-02,1.543136822
5910000000.000000,after_l1_08_fixed_fir_plus_l1_09_allpass,1.002560655071e+00,1.490314444726e-02,2.560655070836e-03,1.490314444726e-02,1.512152998
5911000000.000000,after_l1_08_fixed_fir_plus_l1_09_allpass,1.001906464985e+00,1.319578479941e-02,1.906464984744e-03,1.319578479941e-02,1.333279210
5912000000.000000,after_l1_08_fixed_fir_plus_l1_09_allpass,1.003426158438e+00,1.387315038495e-02,3.426158437827e-03,1.387315038495e-02,1.428995673
5913000000.000000,after_l1_08_fixed_fir_plus_l1_09_allpass,1.002598145176e+00,1.483883116142e-02,2.598145176498e-03,1.483883116142e-02,1.506456998
5914000000.000000,after_l1_08_fixed_fir_plus_l1_09_allpass,1.003150673342e+00,1.217274104859e-02,3.150673341731e-03,1.217274104859e-02,1.257387638
5915000000.000000,after_l1_08_fixed_fir_plus_l1_09_allpass,1.000827044430e+00,1.552253180646e-02,8.270444304206e-04,1.552253180646e-02,1.554454876
5916000000.000000,after_l1_08_fixed_fir_plus_l1_09_allpass,1.000810976597e+00,1.450655904010e-02,8.109765974356e-04,1.450655904010e-02,1.452920983
5917000000.000000,after_l1_08_fixed_fir_plus_l1_09_allpass,1.003228832392e+00,1.700880110913e-02,3.228832391516e-03,1.700880110913e-02,1.731255827
5918000000.000000,after_l1_08_fixed_fir_plus_l1_09_allpass,1.001561543229e+00,1.755817940172e-02,1.561543228682e-03,1.755817940172e-02,1.762748085
5919000000.000000,after_l1_08_fixed_fir_plus_l1_09_allpass,1.002055076352e+00,1.943778954715e-02,2.055076351518e-03,1.943778954715e-02,1.954612497
5920000000.000000,after_l1_08_fixed_fir_plus_l1_09_allpass,1.001567254043e+00,1.902455035986e-02,1.567254042884e-03,1.902455035986e-02,1.908899687
5921000000.000000,after_l1_08_fixed_fir_plus_l1_09_allpass,1.002069199047e+00,2.106954653844e-02,2.069199047324e-03,2.106954653844e-02,2.117090872
5922000000.000000,after_l1_08_fixed_fir_plus_l1_09_allpass,1.002160714746e+00,1.646667911530e-02,2.160714745549e-03,1.646667911530e-02,1.660783578
5923000000.000000,after_l1_08_fixed_fir_plus_l1_09_allpass,1.000613258740e+00,2.185471905220e-02,6.132587400085e-04,2.185471905220e-02,2.186332159
5924000000.000000,after_l1_08_fixed_fir_plus_l1_09_allpass,1.004788983115e+00,1.936377025576e-02,4.788983115007e-03,1.936377025576e-02,1.994717919
5925000000.000000,after_l1_08_fixed_fir_plus_l1_09_allpass,1.002514991305e+00,2.147169962722e-02,2.514991305419e-03,2.147169962722e-02,2.161848899
5926000000.000000,after_l1_08_fixed_fir_plus_l1_09_allpass,1.002513626197e+00,2.159034894549e-02,2.513626196861e-03,2.159034894549e-02,2.173617915
5927000000.000000,after_l1_08_fixed_fir_plus_l1_09_allpass,1.003228132215e+00,2.118350843014e-02,3.228132214862e-03,2.118350843014e-02,2.142806261
5928000000.000000,after_l1_08_fixed_fir_plus_l1_09_allpass,1.001365209826e+00,2.355382389088e-02,1.365209825833e-03,2.355382389088e-02,2.359335537
5929000000.000000,after_l1_08_fixed_fir_plus_l1_09_allpass,1.001111530609e+00,1.994757365978e-02,1.111530609371e-03,1.994757365978e-02,1.997851834
5930000000.000000,after_l1_08_fixed_fir_plus_l1_09_allpass,1.001694986199e+00,2.541116047128e-02,1.694986198556e-03,2.541116047128e-02,2.546762758
5931000000.000000,after_l1_08_fixed_fir_plus_l1_09_allpass,1.002585757474e+00,2.226176983234e-02,2.585757473932e-03,2.226176983234e-02,2.241143766
5932000000.000000,after_l1_08_fixed_fir_plus_l1_09_allpass,1.000028358997e+00,2.206660180760e-02,2.835899697518e-05,2.206660180760e-02,2.206662003
5933000000.000000,after_l1_08_fixed_fir_plus_l1_09_allpass,1.003006791548e+00,2.329505423932e-02,3.006791548253e-03,2.329505423932e-02,2.348830235
5934000000.000000,after_l1_08_fixed_fir_plus_l1_09_allpass,1.000720011005e+00,2.335687625838e-02,7.200110047756e-04,2.335687625838e-02,2.336797134
5935000000.000000,after_l1_08_fixed_fir_plus_l1_09_allpass,9.998952837171e-01,2.686209210088e-02,-1.047162828577e-04,2.686209210088e-02,2.686229621
5936000000.000000,after_l1_08_fixed_fir_plus_l1_09_allpass,1.001260176457e+00,2.443738262729e-02,1.260176457286e-03,2.443738262729e-02,2.446985317
5937000000.000000,after_l1_08_fixed_fir_plus_l1_09_allpass,1.002910971901e+00,2.650936668013e-02,2.910971900530e-03,2.650936668013e-02,2.666871349
5938000000.000000,after_l1_08_fixed_fir_plus_l1_09_allpass,1.002180611481e+00,2.652820397247e-02,2.180611480789e-03,2.652820397247e-02,2.661767594
5939000000.000000,after_l1_08_fixed_fir_plus_l1_09_allpass,1.001900015246e+00,2.946468992947e-02,1.900015245526e-03,2.946468992947e-02,2.952588713
5940000000.000000,after_l1_08_fixed_fir_plus_l1_09_allpass,1.001281271544e+00,3.240635611179e-02,1.281271543876e-03,3.240635611179e-02,3.243167546
5941000000.000000,after_l1_08_fixed_fir_plus_l1_09_allpass,9.998856110628e-01,3.105459337070e-02,-1.143889371864e-04,3.105459337070e-02,3.105480404
5942000000.000000,after_l1_08_fixed_fir_plus_l1_09_allpass,9.999174955881e-01,2.937799595524e-02,-8.250441191726e-05,2.937799595524e-02,2.937811181
5943000000.000000,after_l1_08_fixed_fir_plus_l1_09_allpass,1.000898042943e+00,3.052544860312e-02,8.980429431300e-04,3.052544860312e-02,3.053865573
5944000000.000000,after_l1_08_fixed_fir_plus_l1_09_allpass,9.996709393543e-01,2.668420975042e-02,-3.290606456927e-04,2.668420975042e-02,2.668623861
5945000000.000000,after_l1_08_fixed_fir_plus_l1_09_allpass,1.000155268346e+00,3.117669884946e-02,1.552683461317e-04,3.117669884946e-02,3.117708549
5946000000.000000,after_l1_08_fixed_fir_plus_l1_09_allpass,1.000211521307e+00,3.125931929062e-02,2.115213074254e-04,3.125931929062e-02,3.126003493
5947000000.000000,after_l1_08_fixed_fir_plus_l1_09_allpass,1.000344792734e+00,3.530340858940e-02,3.447927335258e-04,3.530340858940e-02,3.530509227
5948000000.000000,after_l1_08_fixed_fir_plus_l1_09_allpass,9.999257017166e-01,3.447831862505e-02,-7.429828335681e-05,3.447831862505e-02,3.447839868
5949000000.000000,after_l1_08_fixed_fir_plus_l1_09_allpass,1.001633781098e+00,3.061525154397e-02,1.633781097998e-03,3.061525154397e-02,3.065881387
5950000000.000000,after_l1_08_fixed_fir_plus_l1_09_allpass,9.994187298937e-01,3.386615080764e-02,-5.812701063052e-04,3.386615080764e-02,3.387113883
5951000000.000000,after_l1_08_fixed_fir_plus_l1_09_allpass,1.001114052461e+00,3.576344377975e-02,1.114052460686e-03,3.576344377975e-02,3.578079127
5952000000.000000,after_l1_08_fixed_fir_plus_l1_09_allpass,1.001215312694e+00,3.611389119035e-02,1.215312694046e-03,3.611389119035e-02,3.613433439
5953000000.000000,after_l1_08_fixed_fir_plus_l1_09_allpass,1.000668268964e+00,3.552839046290e-02,6.682689638573e-04,3.552839046290e-02,3.553467479
5954000000.000000,after_l1_08_fixed_fir_plus_l1_09_allpass,9.991511371137e-01,3.641687949667e-02,-8.488628863488e-04,3.641687949667e-02,3.642677148
5955000000.000000,after_l1_08_fixed_fir_plus_l1_09_allpass,9.998704870545e-01,3.677778496147e-02,-1.295129454896e-04,3.677778496147e-02,3.677801300
5956000000.000000,after_l1_08_fixed_fir_plus_l1_09_allpass,1.000761513296e+00,3.586988727638e-02,7.615132960985e-04,3.586988727638e-02,3.587796978
5957000000.000000,after_l1_08_fixed_fir_plus_l1_09_allpass,9.991373868218e-01,3.975222062198e-02,-8.626131781586e-04,3.975222062198e-02,3.976157876
5958000000.000000,after_l1_08_fixed_fir_plus_l1_09_allpass,9.995928873366e-01,3.867276839667e-02,-4.071126633522e-04,3.867276839667e-02,3.867491120
5959000000.000000,after_l1_08_fixed_fir_plus_l1_09_allpass,9.996748341207e-01,3.894345457228e-02,-3.251658793378e-04,3.894345457228e-02,3.894481207
5960000000.000000,after_l1_08_fixed_fir_plus_l1_09_allpass,1.000194808098e+00,3.502678517451e-02,1.948080975431e-04,3.502678517451e-02,3.502732690
5961000000.000000,after_l1_08_fixed_fir_plus_l1_09_allpass,1.000702714898e+00,3.353258103885e-02,7.027148981227e-04,3.353258103885e-02,3.353994334
5962000000.000000,after_l1_08_fixed_fir_plus_l1_09_allpass,1.000180013265e+00,3.716815546812e-02,1.800132648859e-04,3.716815546812e-02,3.716859139
5963000000.000000,after_l1_08_fixed_fir_plus_l1_09_allpass,9.988984838661e-01,3.859743509027e-02,-1.101516133852e-03,3.859743509027e-02,3.861314975
5964000000.000000,after_l1_08_fixed_fir_plus_l1_09_allpass,9.999540857407e-01,3.767673800130e-02,-4.591425926703e-05,3.767673800130e-02,3.767676598
5965000000.000000,after_l1_08_fixed_fir_plus_l1_09_allpass,9.985062450416e-01,3.742935145856e-02,-1.493754958415e-03,3.742935145856e-02,3.745914647
5966000000.000000,after_l1_08_fixed_fir_plus_l1_09_allpass,1.000375787825e+00,4.369820329555e-02,3.757878248509e-04,4.369820329555e-02,4.369981908
5967000000.000000,after_l1_08_fixed_fir_plus_l1_09_allpass,1.000879976092e+00,3.259353920876e-02,8.799760916531e-04,3.259353920876e-02,3.260541605
5968000000.000000,after_l1_08_fixed_fir_plus_l1_09_allpass,9.994361959702e-01,3.919855033886e-02,-5.638040297776e-04,3.919855033886e-02,3.920260481
5969000000.000000,after_l1_08_fixed_fir_plus_l1_09_allpass,1.000720708639e+00,3.793757337643e-02,7.207086386638e-04,3.793757337643e-02,3.794441849
5970000000.000000,after_l1_08_fixed_fir_plus_l1_09_allpass,9.982733504016e-01,3.534848603784e-02,-1.726649598411e-03,3.534848603784e-02,3.539063130
5971000000.000000,after_l1_08_fixed_fir_plus_l1_09_allpass,1.001077928386e+00,3.494753997116e-02,1.077928385917e-03,3.494753997116e-02,3.496415993
5972000000.000000,after_l1_08_fixed_fir_plus_l1_09_allpass,1.000078949319e+00,3.940562214720e-02,7.894931932939e-05,3.940562214720e-02,3.940570123
5973000000.000000,after_l1_08_fixed_fir_plus_l1_09_allpass,9.974174766222e-01,3.607785920199e-02,-2.582523377769e-03,3.607785920199e-02,3.617017213
5974000000.000000,after_l1_08_fixed_fir_plus_l1_09_allpass,9.997760960784e-01,3.444763616215e-02,-2.239039216178e-04,3.444763616215e-02,3.444836382
5975000000.000000,after_l1_08_fixed_fir_plus_l1_09_allpass,1.000432398111e+00,3.696922834349e-02,4.323981109238e-04,3.696922834349e-02,3.697175696
5976000000.000000,after_l1_08_fixed_fir_plus_l1_09_allpass,9.974353845325e-01,3.637590717581e-02,-2.564615467540e-03,3.637590717581e-02,3.646620182
5977000000.000000,after_l1_08_fixed_fir_plus_l1_09_allpass,9.989605184492e-01,3.481494938763e-02,-1.039481550785e-03,3.481494938763e-02,3.483046400
5978000000.000000,after_l1_08_fixed_fir_plus_l1_09_allpass,9.983089569430e-01,3.452842354088e-02,-1.691043057008e-03,3.452842354088e-02,3.456980849
5979000000.000000,after_l1_08_fixed_fir_plus_l1_09_allpass,1.000372238938e+00,3.511910217490e-02,3.722389377565e-04,3.511910217490e-02,3.512107486
5980000000.000000,after_l1_08_fixed_fir_plus_l1_09_allpass,9.989459156931e-01,3.337001944273e-02,-1.054084306892e-03,3.337001944273e-02,3.338666338
5981000000.000000,after_l1_08_fixed_fir_plus_l1_09_allpass,1.000241424653e+00,3.217892254987e-02,2.414246532718e-04,3.217892254987e-02,3.217982819
5982000000.000000,after_l1_08_fixed_fir_plus_l1_09_allpass,9.985946701258e-01,3.144229719071e-02,-1.405329874198e-03,3.144229719071e-02,3.147368750
5983000000.000000,after_l1_08_fixed_fir_plus_l1_09_allpass,9.977254401536e-01,3.114449429415e-02,-2.274559846397e-03,3.114449429415e-02,3.122744222
5984000000.000000,after_l1_08_fixed_fir_plus_l1_09_allpass,9.997598307684e-01,3.327008627814e-02,-2.401692315627e-04,3.327008627814e-02,3.327095313
5985000000.000000,after_l1_08_fixed_fir_plus_l1_09_allpass,9.984243167534e-01,2.707900518420e-02,-1.575683246599e-03,2.707900518420e-02,2.712480967
5986000000.000000,after_l1_08_fixed_fir_plus_l1_09_allpass,9.995953300608e-01,3.071666437353e-02,-4.046699392242e-04,3.071666437353e-02,3.071932988
5987000000.000000,after_l1_08_fixed_fir_plus_l1_09_allpass,9.993889237224e-01,2.580618949379e-02,-6.110762776106e-04,2.580618949379e-02,2.581342345
5988000000.000000,after_l1_08_fixed_fir_plus_l1_09_allpass,9.974383780218e-01,2.437889603941e-02,-2.561621978238e-03,2.437889603941e-02,2.451310831
5989000000.000000,after_l1_08_fixed_fir_plus_l1_09_allpass,9.982740345977e-01,2.793728815323e-02,-1.725965402314e-03,2.793728815323e-02,2.799055244
5990000000.000000,after_l1_08_fixed_fir_plus_l1_09_allpass,9.989234412959e-01,2.648904953106e-02,-1.076558704061e-03,2.648904953106e-02,2.651091707
5991000000.000000,after_l1_08_fixed_fir_plus_l1_09_allpass,1.001273012274e+00,2.756164878319e-02,1.273012273579e-03,2.756164878319e-02,2.759103195
5992000000.000000,after_l1_08_fixed_fir_plus_l1_09_allpass,9.996789033956e-01,2.310457521922e-02,-3.210966043562e-04,2.310457521922e-02,2.310680634
5993000000.000000,after_l1_08_fixed_fir_plus_l1_09_allpass,9.991529310589e-01,2.386095410812e-02,-8.470689410836e-04,2.386095410812e-02,2.387598494
5994000000.000000,after_l1_08_fixed_fir_plus_l1_09_allpass,9.977411514345e-01,2.132733591856e-02,-2.258848565467e-03,2.132733591856e-02,2.144662338
5995000000.000000,after_l1_08_fixed_fir_plus_l1_09_allpass,9.999139521868e-01,2.175070683388e-02,-8.604781316202e-05,2.175070683388e-02,2.175087704
5996000000.000000,after_l1_08_fixed_fir_plus_l1_09_allpass,1.001550407722e+00,2.032922462600e-02,1.550407721680e-03,2.032922462600e-02,2.038825981
5997000000.000000,after_l1_08_fixed_fir_plus_l1_09_allpass,9.992538156690e-01,1.995687099711e-02,-7.461843309619e-04,1.995687099711e-02,1.997081598
5998000000.000000,after_l1_08_fixed_fir_plus_l1_09_allpass,9.988598199476e-01,1.850249118288e-02,-1.140180052408e-03,1.850249118288e-02,1.853758858
5999000000.000000,after_l1_08_fixed_fir_plus_l1_09_allpass,9.975122728682e-01,1.577520325221e-02,-2.487727131850e-03,1.577520325221e-02,1.597015416
6000000000.000000,after_l1_08_fixed_fir_plus_l1_09_allpass,9.994367617295e-01,1.870693629845e-02,-5.632382705266e-04,1.870693629845e-02,1.871541351
6001000000.000000,after_l1_08_fixed_fir_plus_l1_09_allpass,9.980170209246e-01,1.335635657248e-02,-1.982979075364e-03,1.335635657248e-02,1.350275775
6002000000.000000,after_l1_08_fixed_fir_plus_l1_09_allpass,1.000295522375e+00,1.429196898893e-02,2.955223746077e-04,1.429196898893e-02,1.429502400
6003000000.000000,after_l1_08_fixed_fir_plus_l1_09_allpass,1.000520994976e+00,1.601189636198e-02,5.209949761396e-04,1.601189636198e-02,1.602037019
6004000000.000000,after_l1_08_fixed_fir_plus_l1_09_allpass,9.987471293184e-01,1.257200975433e-02,-1.252870681612e-03,1.257200975433e-02,1.263428329
6005000000.000000,after_l1_08_fixed_fir_plus_l1_09_allpass,9.990950987362e-01,1.040168713335e-02,-9.049012637645e-04,1.040168713335e-02,1.044097417
6006000000.000000,after_l1_08_fixed_fir_plus_l1_09_allpass,1.000602896688e+00,1.211970882814e-02,6.028966876983e-04,1.211970882814e-02,1.213469515
6007000000.000000,after_l1_08_fixed_fir_plus_l1_09_allpass,9.991424861124e-01,7.671662673706e-03,-8.575138876202e-04,7.671662673706e-03,0.771943899
6008000000.000000,after_l1_08_fixed_fir_plus_l1_09_allpass,9.987455169746e-01,7.407849455665e-03,-1.254483025383e-03,7.407849455665e-03,0.751331892
6009000000.000000,after_l1_08_fixed_fir_plus_l1_09_allpass,9.984127063963e-01,9.961736362643e-03,-1.587293603678e-03,9.961736362643e-03,1.008740266
6010000000.000000,after_l1_08_fixed_fir_plus_l1_09_allpass,9.991860691845e-01,8.769769691831e-03,-8.139308155154e-04,8.769769691831e-03,0.880745956
6011000000.000000,after_l1_08_fixed_fir_plus_l1_09_allpass,9.997511956382e-01,9.135659121500e-03,-2.488043618321e-04,9.135659121500e-03,0.913904651
6012000000.000000,after_l1_08_fixed_fir_plus_l1_09_allpass,9.983161217899e-01,3.124386002412e-03,-1.683878210085e-03,3.124386002412e-03,0.354925819
6013000000.000000,after_l1_08_fixed_fir_plus_l1_09_allpass,1.000259733928e+00,4.148371040226e-03,2.597339280701e-04,4.148371040226e-03,0.415649420
6014000000.000000,after_l1_08_fixed_fir_plus_l1_09_allpass,9.999538465334e-01,6.552553102923e-03,-4.615346659698e-05,6.552553102923e-03,0.655271564
6015000000.000000,after_l1_08_fixed_fir_plus_l1_09_allpass,9.988502749805e-01,2.822975903200e-03,-1.149725019475e-03,2.822975903200e-03,0.304812411
6016000000.000000,after_l1_08_fixed_fir_plus_l1_09_allpass,9.980747512609e-01,3.169335492924e-03,-1.925248739131e-03,3.169335492924e-03,0.370827051
6017000000.000000,after_l1_08_fixed_fir_plus_l1_09_allpass,9.983516913171e-01,-1.267681596337e-03,-1.648308682899e-03,-1.267681596337e-03,0.207940812
6018000000.000000,after_l1_08_fixed_fir_plus_l1_09_allpass,9.980770175064e-01,2.827779389750e-03,-1.922982493615e-03,2.827779389750e-03,0.341967805
6019000000.000000,after_l1_08_fixed_fir_plus_l1_09_allpass,9.988521055203e-01,-5.252803121917e-03,-1.147894479719e-03,-5.252803121917e-03,0.537676505
6020000000.000000,after_l1_08_fixed_fir_plus_l1_09_allpass,9.986829674878e-01,-1.279380043569e-03,-1.317032512197e-03,-1.279380043569e-03,0.183613396
6021000000.000000,after_l1_08_fixed_fir_plus_l1_09_allpass,9.999396372632e-01,-3.251868113707e-03,-6.036273679677e-05,-3.251868113707e-03,0.325242831
6022000000.000000,after_l1_08_fixed_fir_plus_l1_09_allpass,9.973029207226e-01,-8.414995607943e-04,-2.697079277421e-03,-8.414995607943e-04,0.282530673
6023000000.000000,after_l1_08_fixed_fir_plus_l1_09_allpass,1.000506145763e+00,-1.392731955369e-03,5.061457628721e-04,-1.392731955369e-03,0.148185216
6024000000.000000,after_l1_08_fixed_fir_plus_l1_09_allpass,9.971682680137e-01,-4.916322587607e-03,-2.831731986333e-03,-4.916322587607e-03,0.567352922
6025000000.000000,after_l1_08_fixed_fir_plus_l1_09_allpass,9.980502745134e-01,-2.174454698827e-03,-1.949725486573e-03,-2.174454698827e-03,0.292056205
6026000000.000000,after_l1_08_fixed_fir_plus_l1_09_allpass,1.000087327645e+00,-6.067682601436e-03,8.732764478880e-05,-6.067682601436e-03,0.606831099
6027000000.000000,after_l1_08_fixed_fir_plus_l1_09_allpass,9.974912693600e-01,-5.936380031171e-03,-2.508730640025e-03,-5.936380031171e-03,0.644471390
6028000000.000000,after_l1_08_fixed_fir_plus_l1_09_allpass,9.989836572251e-01,-1.972795994725e-03,-1.016342774933e-03,-1.972795994725e-03,0.221920632
6029000000.000000,after_l1_08_fixed_fir_plus_l1_09_allpass,9.993285333223e-01,-5.963952684424e-03,-6.714666777492e-04,-5.963952684424e-03,0.600163304
6030000000.000000,after_l1_08_fixed_fir_plus_l1_09_allpass,9.995325217383e-01,-9.049456551727e-03,-4.674782616892e-04,-9.049456551727e-03,0.906152304
6031000000.000000,after_l1_08_fixed_fir_plus_l1_09_allpass,9.985966587753e-01,-4.898529447832e-03,-1.403341224666e-03,-4.898529447832e-03,0.509558214
6032000000.000000,after_l1_08_fixed_fir_plus_l1_09_allpass,9.989113010286e-01,-4.200053548916e-03,-1.088698971358e-03,-4.200053548916e-03,0.433886106
6033000000.000000,after_l1_08_fixed_fir_plus_l1_09_allpass,9.992966183215e-01,-4.963505158954e-03,-7.033816785365e-04,-4.963505158954e-03,0.501309577
6034000000.000000,after_l1_08_fixed_fir_plus_l1_09_allpass,9.997433736732e-01,-9.998984837858e-03,-2.566263267539e-04,-9.998984837858e-03,1.000227748
6035000000.000000,after_l1_08_fixed_fir_plus_l1_09_allpass,9.995974890706e-01,-5.064287598692e-03,-4.025109293653e-04,-5.064287598692e-03,0.508025825
6036000000.000000,after_l1_08_fixed_fir_plus_l1_09_allpass,9.984976663311e-01,-8.357579970017e-03,-1.502333668881e-03,-8.357579970017e-03,0.849153398
6037000000.000000,after_l1_08_fixed_fir_plus_l1_09_allpass,9.979355413554e-01,-6.293273624048e-03,-2.064458644626e-03,-6.293273624048e-03,0.662323806
6038000000.000000,after_l1_08_fixed_fir_plus_l1_09_allpass,9.976236066384e-01,-7.205462506024e-03,-2.376393361553e-03,-7.205462506024e-03,0.758722185
6039000000.000000,after_l1_08_fixed_fir_plus_l1_09_allpass,9.981658210363e-01,-4.096591323000e-03,-1.834178963734e-03,-4.096591323000e-03,0.448845997
6040000000.000000,after_l1_08_fixed_fir_plus_l1_09_allpass,9.992338594567e-01,-8.007329285873e-03,-7.661405432978e-04,-8.007329285873e-03,0.804389791
6041000000.000000,after_l1_08_fixed_fir_plus_l1_09_allpass,9.997013385959e-01,-5.771390701447e-03,-2.986614041148e-04,-5.771390701447e-03,0.577911319
6042000000.000000,after_l1_08_fixed_fir_plus_l1_09_allpass,9.986846315514e-01,-4.430097096939e-03,-1.315368448587e-03,-4.430097096939e-03,0.462125031
6043000000.000000,after_l1_08_fixed_fir_plus_l1_09_allpass,9.991666482806e-01,-5.684671496531e-03,-8.333517193595e-04,-5.684671496531e-03,0.574542993
6044000000.000000,after_l1_08_fixed_fir_plus_l1_09_allpass,1.001030898110e+00,-6.330788912509e-03,1.030898109547e-03,-6.330788912509e-03,0.641417486
6045000000.000000,after_l1_08_fixed_fir_plus_l1_09_allpass,1.000412556705e+00,-6.040332631844e-03,4.125567054145e-04,-6.040332631844e-03,0.605440512
6046000000.000000,after_l1_08_fixed_fir_plus_l1_09_allpass,9.980298650508e-01,-4.406703613064e-03,-1.970134949236e-03,-4.406703613064e-03,0.482705588
6047000000.000000,after_l1_08_fixed_fir_plus_l1_09_allpass,1.000109541599e+00,-6.498689328038e-03,1.095415991701e-04,-6.498689328038e-03,0.649961248
6048000000.000000,after_l1_08_fixed_fir_plus_l1_09_allpass,1.001209388975e+00,-4.654830475547e-03,1.209388974914e-03,-4.654830475547e-03,0.480937298
6049000000.000000,after_l1_08_fixed_fir_plus_l1_09_allpass,1.000097384052e+00,-6.928599009575e-03,9.738405220805e-05,-6.928599009575e-03,0.692928336
6050000000.000000,after_l1_08_fixed_fir_plus_l1_09_allpass,9.981514831723e-01,-4.021498989356e-03,-1.848516827747e-03,-4.021498989356e-03,0.442599916
6051000000.000000,after_l1_08_fixed_fir_plus_l1_09_allpass,9.990058617295e-01,-6.449456271887e-03,-9.941382705484e-04,-6.449456271887e-03,0.652562618
6052000000.000000,after_l1_08_fixed_fir_plus_l1_09_allpass,9.989130639090e-01,-3.438923798137e-03,-1.086936091027e-03,-3.438923798137e-03,0.360660879
6053000000.000000,after_l1_08_fixed_fir_plus_l1_09_allpass,9.981878220286e-01,-7.481795413260e-03,-1.812177971389e-03,-7.481795413260e-03,0.769813299
6054000000.000000,after_l1_08_fixed_fir_plus_l1_09_allpass,9.995136780126e-01,-6.210084476677e-03,-4.863219874389e-04,-6.210084476677e-03,0.622909771
6055000000.000000,after_l1_08_fixed_fir_plus_l1_09_allpass,9.980920719405e-01,-2.648632909990e-03,-1.907928059545e-03,-2.648632909990e-03,0.326426803
6056000000.000000,after_l1_08_fixed_fir_plus_l1_09_allpass,9.974571424403e-01,-4.327962595584e-03,-2.542857559727e-03,-4.327962595584e-03,0.501969967
6057000000.000000,after_l1_08_fixed_fir_plus_l1_09_allpass,9.982700275825e-01,1.299432501735e-03,-1.729972417501e-03,1.299432501735e-03,0.216363800
6058000000.000000,after_l1_08_fixed_fir_plus_l1_09_allpass,1.000346296432e+00,6.572245088609e-04,3.462964323011e-04,6.572245088609e-04,0.074287635
6059000000.000000,after_l1_08_fixed_fir_plus_l1_09_allpass,9.984797806375e-01,3.333748761540e-04,-1.520219362518e-03,3.333748761540e-04,0.155634370
6060000000.000000,after_l1_08_fixed_fir_plus_l1_09_allpass,9.982533433387e-01,4.824637633538e-04,-1.746656661278e-03,4.824637633538e-04,0.181206533
6061000000.000000,after_l1_08_fixed_fir_plus_l1_09_allpass,9.984667643613e-01,-1.332940493533e-03,-1.533235638661e-03,-1.332940493533e-03,0.203163527
6062000000.000000,after_l1_08_fixed_fir_plus_l1_09_allpass,9.989084163211e-01,8.371616745029e-05,-1.091583678865e-03,8.371616745029e-05,0.109478917
6063000000.000000,after_l1_08_fixed_fir_plus_l1_09_allpass,9.989591655419e-01,5.757995436863e-04,-1.040834458094e-03,5.757995436863e-04,0.118948791
6064000000.000000,after_l1_08_fixed_fir_plus_l1_09_allpass,9.986368124186e-01,-5.196932443114e-04,-1.363187581436e-03,-5.196932443114e-04,0.145889049
6065000000.000000,after_l1_08_fixed_fir_plus_l1_09_allpass,1.000306227865e+00,2.362276599361e-03,3.062278649759e-04,2.362276599361e-03,0.238204245
6066000000.000000,after_l1_08_fixed_fir_plus_l1_09_allpass,9.988807443002e-01,3.703655264686e-03,-1.119255699813e-03,3.703655264686e-03,0.386908202
6067000000.000000,after_l1_08_fixed_fir_plus_l1_09_allpass,9.998629836778e-01,4.488317758667e-03,-1.370163222414e-04,4.488317758667e-03,0.449040864
6068000000.000000,after_l1_08_fixed_fir_plus_l1_09_allpass,1.000569899588e+00,3.389562887111e-03,5.698995879209e-04,3.389562887111e-03,0.343713865
6069000000.000000,after_l1_08_fixed_fir_plus_l1_09_allpass,9.985006114427e-01,6.310547548931e-03,-1.499388557266e-03,6.310547548931e-03,0.648622975
6070000000.000000,after_l1_08_fixed_fir_plus_l1_09_allpass,9.987982588953e-01,5.138738212595e-03,-1.201741104747e-03,5.138738212595e-03,0.527738686
6071000000.000000,after_l1_08_fixed_fir_plus_l1_09_allpass,9.992734749022e-01,2.745410531174e-04,-7.265250977605e-04,2.745410531174e-04,0.077666692
6072000000.000000,after_l1_08_fixed_fir_plus_l1_09_allpass,9.999336673639e-01,5.233879237780e-03,-6.633263607503e-05,5.233879237780e-03,0.523429956
6073000000.000000,after_l1_08_fixed_fir_plus_l1_09_allpass,9.997117063927e-01,3.964876206600e-03,-2.882936072973e-04,3.964876206600e-03,0.397534357
6074000000.000000,after_l1_08_fixed_fir_plus_l1_09_allpass,9.981141176585e-01,7.867189110765e-03,-1.885882341497e-03,7.867189110765e-03,0.809006902
6075000000.000000,after_l1_08_fixed_fir_plus_l1_09_allpass,1.000220304959e+00,3.853117135877e-03,2.203049589606e-04,3.853117135877e-03,0.385941005
6076000000.000000,after_l1_08_fixed_fir_plus_l1_09_allpass,9.997862988524e-01,1.150476750939e-02,-2.137011475543e-04,1.150476750939e-02,1.150675209
6077000000.000000,after_l1_08_fixed_fir_plus_l1_09_allpass,1.000648436229e+00,1.023179274586e-02,6.484362285348e-04,1.023179274586e-02,1.025231936
6078000000.000000,after_l1_08_fixed_fir_plus_l1_09_allpass,1.001388104021e+00,1.003132015020e-02,1.388104020538e-03,1.003132015020e-02,1.012690559
6079000000.000000,after_l1_08_fixed_fir_plus_l1_09_allpass,9.982692605213e-01,9.097469928577e-03,-1.730739478667e-03,9.097469928577e-03,0.926063811
6080000000.000000,after_l1_08_fixed_fir_plus_l1_09_allpass,9.973762003796e-01,9.185577042286e-03,-2.623799620431e-03,9.185577042286e-03,0.955296551
6081000000.000000,after_l1_08_fixed_fir_plus_l1_09_allpass,9.979041228802e-01,1.403357772105e-02,-2.095877119830e-03,1.403357772105e-02,1.418922142
6082000000.000000,after_l1_08_fixed_fir_plus_l1_09_allpass,1.001357702445e+00,1.111900659278e-02,1.357702445038e-03,1.111900659278e-02,1.120159201
6083000000.000000,after_l1_08_fixed_fir_plus_l1_09_allpass,9.993120445127e-01,1.047219908569e-02,-6.879554872742e-04,1.047219908569e-02,1.049477186
6084000000.000000,after_l1_08_fixed_fir_plus_l1_09_allpass,9.974648401220e-01,8.362207776889e-03,-2.535159877978e-03,8.362207776889e-03,0.873805210
6085000000.000000,after_l1_08_fixed_fir_plus_l1_09_allpass,1.000357495637e+00,1.226135920234e-02,3.574956371066e-04,1.226135920234e-02,1.226656972
6086000000.000000,after_l1_08_fixed_fir_plus_l1_09_allpass,1.001552857798e+00,1.064379527212e-02,1.552857798135e-03,1.064379527212e-02,1.075647457
6087000000.000000,after_l1_08_fixed_fir_plus_l1_09_allpass,9.997692237466e-01,1.459594024289e-02,-2.307762534003e-04,1.459594024289e-02,1.459776453
6088000000.000000,after_l1_08_fixed_fir_plus_l1_09_allpass,9.995087890621e-01,1.475543404356e-02,-4.912109379355e-04,1.475543404356e-02,1.476360803
6089000000.000000,after_l1_08_fixed_fir_plus_l1_09_allpass,9.999580063576e-01,1.196998642672e-02,-4.199364236901e-05,1.196998642672e-02,1.197006009
6090000000.000000,after_l1_08_fixed_fir_plus_l1_09_allpass,9.987469959764e-01,1.595495842368e-02,-1.253004023564e-03,1.595495842368e-02,1.600408440
6091000000.000000,after_l1_08_fixed_fir_plus_l1_09_allpass,1.000924471304e+00,1.725061048283e-02,9.244713035002e-04,1.725061048283e-02,1.727536423
6092000000.000000,after_l1_08_fixed_fir_plus_l1_09_allpass,1.000568056855e+00,1.414694360625e-02,5.680568551907e-04,1.414694360625e-02,1.415834390
6093000000.000000,after_l1_08_fixed_fir_plus_l1_09_allpass,1.000463166958e+00,1.691848290564e-02,4.631669575557e-04,1.691848290564e-02,1.692482164
6094000000.000000,after_l1_08_fixed_fir_plus_l1_09_allpass,9.989925775797e-01,1.413958058977e-02,-1.007422420348e-03,1.413958058977e-02,1.417542377
6095000000.000000,after_l1_08_fixed_fir_plus_l1_09_allpass,9.999265669788e-01,1.701237721459e-02,-7.343302121410e-05,1.701237721459e-02,1.701253570
6096000000.000000,after_l1_08_fixed_fir_plus_l1_09_allpass,1.000232045883e+00,1.345869350679e-02,2.320458828182e-04,1.345869350679e-02,1.346069375
6097000000.000000,after_l1_08_fixed_fir_plus_l1_09_allpass,9.988667255015e-01,1.639992967201e-02,-1.133274498533e-03,1.639992967201e-02,1.643903903
6098000000.000000,after_l1_08_fixed_fir_plus_l1_09_allpass,9.998311817980e-01,1.599790324638e-02,-1.688182020277e-04,1.599790324638e-02,1.599879395
6099000000.000000,after_l1_08_fixed_fir_plus_l1_09_allpass,1.001949688900e+00,1.340841265564e-02,1.949688899721e-03,1.340841265564e-02,1.354942127
6100000000.000000,after_l1_08_fixed_fir_plus_l1_09_allpass,1.000097084584e+00,1.667679902072e-02,9.708458410151e-05,1.667679902072e-02,1.667708161
6101000000.000000,after_l1_08_fixed_fir_plus_l1_09_allpass,1.001584878319e+00,1.673914768620e-02,1.584878319112e-03,1.673914768620e-02,1.681400918
6102000000.000000,after_l1_08_fixed_fir_plus_l1_09_allpass,9.997048429151e-01,1.698278161127e-02,-2.951570849178e-04,1.698278161127e-02,1.698534630
6103000000.000000,after_l1_08_fixed_fir_plus_l1_09_allpass,1.001248526816e+00,1.719663779478e-02,1.248526815963e-03,1.719663779478e-02,1.724190160
6104000000.000000,after_l1_08_fixed_fir_plus_l1_09_allpass,1.000729421800e+00,1.704962547672e-02,7.294217996663e-04,1.704962547672e-02,1.706522151
6105000000.000000,after_l1_08_fixed_fir_plus_l1_09_allpass,1.000942506737e+00,2.073808486805e-02,9.425067367634e-04,2.073808486805e-02,2.075949139
6106000000.000000,after_l1_08_fixed_fir_plus_l1_09_allpass,1.000073586733e+00,1.786315128131e-02,7.358673314872e-05,1.786315128131e-02,1.786330285
6107000000.000000,after_l1_08_fixed_fir_plus_l1_09_allpass,1.000171304601e+00,1.860369245457e-02,1.713046006142e-04,1.860369245457e-02,1.860448113
6108000000.000000,after_l1_08_fixed_fir_plus_l1_09_allpass,1.000530376569e+00,1.736905494299e-02,5.303765691427e-04,1.736905494299e-02,1.737715077
6109000000.000000,after_l1_08_fixed_fir_plus_l1_09_allpass,9.997199296433e-01,1.824106022945e-02,-2.800703567180e-04,1.824106022945e-02,1.824321018
6110000000.000000,after_l1_08_fixed_fir_plus_l1_09_allpass,1.001028181768e+00,2.068623203027e-02,1.028181768047e-03,2.068623203027e-02,2.071176847
6111000000.000000,after_l1_08_fixed_fir_plus_l1_09_allpass,9.988868027091e-01,2.146867872140e-02,-1.113197290876e-03,2.146867872140e-02,2.149752019
6112000000.000000,after_l1_08_fixed_fir_plus_l1_09_allpass,1.000406311217e+00,1.712558718341e-02,4.063112169590e-04,1.712558718341e-02,1.713040645
6113000000.000000,after_l1_08_fixed_fir_plus_l1_09_allpass,9.994643671869e-01,1.997556613517e-02,-5.356328131004e-04,1.997556613517e-02,1.998274618
6114000000.000000,after_l1_08_fixed_fir_plus_l1_09_allpass,9.985749071779e-01,2.001224149967e-02,-1.425092822095e-03,2.001224149967e-02,2.006291852
6115000000.000000,after_l1_08_fixed_fir_plus_l1_09_allpass,1.000761989637e+00,1.456720023267e-02,7.619896372595e-04,1.456720023267e-02,1.458711592
6116000000.000000,after_l1_08_fixed_fir_plus_l1_09_allpass,1.001584623071e+00,1.753797023966e-02,1.584623071105e-03,1.753797023966e-02,1.760941312
6117000000.000000,after_l1_08_fixed_fir_plus_l1_09_allpass,1.001911742799e+00,1.650090070576e-02,1.911742799430e-03,1.650090070576e-02,1.661127583
6118000000.000000,after_l1_08_fixed_fir_plus_l1_09_allpass,1.000461703620e+00,2.043508871573e-02,4.617036199384e-04,2.043508871573e-02,2.044030384
6119000000.000000,after_l1_08_fixed_fir_plus_l1_09_allpass,9.989230095613e-01,2.028430913266e-02,-1.076990438743e-03,2.028430913266e-02,2.031288028
6120000000.000000,after_l1_08_fixed_fir_plus_l1_09_allpass,1.002399332691e+00,1.833667551861e-02,2.399332690603e-03,1.833667551861e-02,1.849298425
6121000000.000000,after_l1_08_fixed_fir_plus_l1_09_allpass,1.000495201466e+00,1.925389001916e-02,4.952014659869e-04,1.925389001916e-02,1.926025715
6122000000.000000,after_l1_08_fixed_fir_plus_l1_09_allpass,1.002528896449e+00,1.746088067482e-02,2.528896449002e-03,1.746088067482e-02,1.764306298
6123000000.000000,after_l1_08_fixed_fir_plus_l1_09_allpass,1.001698250582e+00,1.624793236753e-02,1.698250581711e-03,1.624793236753e-02,1.633644274
6124000000.000000,after_l1_08_fixed_fir_plus_l1_09_allpass,1.002992649607e+00,1.846222972565e-02,2.992649606723e-03,1.846222972565e-02,1.870320502
6125000000.000000,after_l1_08_fixed_fir_plus_l1_09_allpass,9.999903764270e-01,1.853655596726e-02,-9.623572963191e-06,1.853655596726e-02,1.853655847
6126000000.000000,after_l1_08_fixed_fir_plus_l1_09_allpass,1.000791212293e+00,1.580649494925e-02,7.912122927811e-04,1.580649494925e-02,1.582628508
6127000000.000000,after_l1_08_fixed_fir_plus_l1_09_allpass,1.001935698919e+00,1.862684932414e-02,1.935698918901e-03,1.862684932414e-02,1.872715798
6128000000.000000,after_l1_08_fixed_fir_plus_l1_09_allpass,1.002029473340e+00,2.036948531437e-02,2.029473340313e-03,2.036948531437e-02,2.047033693
6129000000.000000,after_l1_08_fixed_fir_plus_l1_09_allpass,1.002334990357e+00,1.899033858097e-02,2.334990356562e-03,1.899033858097e-02,1.913335149
6130000000.000000,after_l1_08_fixed_fir_plus_l1_09_allpass,9.988799634658e-01,1.947344829803e-02,-1.120036534221e-03,1.947344829803e-02,1.950563176
6131000000.000000,after_l1_08_fixed_fir_plus_l1_09_allpass,1.001401981969e+00,1.571826919348e-02,1.401981968723e-03,1.571826919348e-02,1.578066982
6132000000.000000,after_l1_08_fixed_fir_plus_l1_09_allpass,1.000544974110e+00,2.236504140689e-02,5.449741101196e-04,2.236504140689e-02,2.237168018
6133000000.000000,after_l1_08_fixed_fir_plus_l1_09_allpass,1.000522387402e+00,2.397329846364e-02,5.223874023224e-04,2.397329846364e-02,2.397898930
6134000000.000000,after_l1_08_fixed_fir_plus_l1_09_allpass,1.002031666037e+00,1.601254521513e-02,2.031666037248e-03,1.601254521513e-02,1.614091915
6135000000.000000,after_l1_08_fixed_fir_plus_l1_09_allpass,1.001047197321e+00,2.082620524538e-02,1.047197320752e-03,2.082620524538e-02,2.085251657
6136000000.000000,after_l1_08_fixed_fir_plus_l1_09_allpass,1.001797989944e+00,2.073746010120e-02,1.797989944332e-03,2.073746010120e-02,2.081525929
6137000000.000000,after_l1_08_fixed_fir_plus_l1_09_allpass,1.001081943949e+00,1.805071590614e-02,1.081943948851e-03,1.805071590614e-02,1.808311222
6138000000.000000,after_l1_08_fixed_fir_plus_l1_09_allpass,1.001401458757e+00,2.063126204451e-02,1.401458757095e-03,2.063126204451e-02,2.067880703
6139000000.000000,after_l1_08_fixed_fir_plus_l1_09_allpass,1.002660691189e+00,1.862949107804e-02,2.660691188728e-03,1.862949107804e-02,1.881853383
6140000000.000000,after_l1_08_fixed_fir_plus_l1_09_allpass,1.000692129395e+00,1.884129593031e-02,6.921293947126e-04,1.884129593031e-02,1.885400423
6141000000.000000,after_l1_08_fixed_fir_plus_l1_09_allpass,1.000410759962e+00,2.175914508342e-02,4.107599617653e-04,2.175914508342e-02,2.176302181
6142000000.000000,after_l1_08_fixed_fir_plus_l1_09_allpass,1.002923801361e+00,2.042189078469e-02,2.923801360775e-03,2.042189078469e-02,2.063012937
6143000000.000000,after_l1_08_fixed_fir_plus_l1_09_allpass,1.000975882358e+00,2.059825478763e-02,9.758823580861e-04,2.059825478763e-02,2.062135899
6144000000.000000,after_l1_08_fixed_fir_plus_l1_09_allpass,1.000158577419e+00,2.046517045926e-02,1.585774186279e-04,2.046517045926e-02,2.046578483
6145000000.000000,after_l1_08_fixed_fir_plus_l1_09_allpass,1.001155042746e+00,2.100272958785e-02,1.155042745576e-03,2.100272958785e-02,2.103446633
6146000000.000000,after_l1_08_fixed_fir_plus_l1_09_allpass,1.001241596548e+00,1.849178259085e-02,1.241596547798e-03,1.849178259085e-02,1.853341807
6147000000.000000,after_l1_08_fixed_fir_plus_l1_09_allpass,1.002106166556e+00,2.315429633860e-02,2.106166556406e-03,2.315429633860e-02,2.324988982
6148000000.000000,after_l1_08_fixed_fir_plus_l1_09_allpass,1.001364718578e+00,2.269678716593e-02,1.364718578080e-03,2.269678716593e-02,2.273777923
6149000000.000000,after_l1_08_fixed_fir_plus_l1_09_allpass,1.001771860995e+00,1.880122313062e-02,1.771860994894e-03,1.880122313062e-02,1.888453025
6150000000.000000,after_l1_08_fixed_fir_plus_l1_09_allpass,1.001001469893e+00,2.025295061476e-02,1.001469893179e-03,2.025295061476e-02,2.027769589
6151000000.000000,after_l1_08_fixed_fir_plus_l1_09_allpass,1.001967231506e+00,2.059291786744e-02,1.967231505531e-03,2.059291786744e-02,2.068666880
6152000000.000000,after_l1_08_fixed_fir_plus_l1_09_allpass,1.002215822709e+00,2.115123772228e-02,2.215822709181e-03,2.115123772228e-02,2.126698680
6153000000.000000,after_l1_08_fixed_fir_plus_l1_09_allpass,1.000232780080e+00,2.116413877467e-02,2.327800802164e-04,2.116413877467e-02,2.116541889
6154000000.000000,after_l1_08_fixed_fir_plus_l1_09_allpass,1.004553554325e+00,1.949818195880e-02,4.553554324556e-03,1.949818195880e-02,2.002283588
6155000000.000000,after_l1_08_fixed_fir_plus_l1_09_allpass,1.002279962340e+00,1.873272347132e-02,2.279962340086e-03,1.873272347132e-02,1.887096068
6156000000.000000,after_l1_08_fixed_fir_plus_l1_09_allpass,1.003538026418e+00,2.255317038724e-02,3.538026417520e-03,2.255317038724e-02,2.282899747
6157000000.000000,after_l1_08_fixed_fir_plus_l1_09_allpass,1.003097377911e+00,1.757988299357e-02,3.097377911059e-03,1.757988299357e-02,1.785065926
6158000000.000000,after_l1_08_fixed_fir_plus_l1_09_allpass,1.002014970846e+00,1.821860828887e-02,2.014970845839e-03,1.821860828887e-02,1.832969709
6159000000.000000,after_l1_08_fixed_fir_plus_l1_09_allpass,1.000269565348e+00,1.802137519188e-02,2.695653477305e-04,1.802137519188e-02,1.802339117
6160000000.000000,after_l1_08_fixed_fir_plus_l1_09_allpass,1.001043878719e+00,2.423845097185e-02,1.043878718757e-03,2.423845097185e-02,2.426091895
6161000000.000000,after_l1_08_fixed_fir_plus_l1_09_allpass,1.001803134672e+00,1.707395214133e-02,1.803134671872e-03,1.707395214133e-02,1.716890027
6162000000.000000,after_l1_08_fixed_fir_plus_l1_09_allpass,1.002477866815e+00,2.093533548918e-02,2.477866814646e-03,2.093533548918e-02,2.108146333
6163000000.000000,after_l1_08_fixed_fir_plus_l1_09_allpass,1.002131887280e+00,2.111440362286e-02,2.131887279761e-03,2.111440362286e-02,2.122175732
6164000000.000000,after_l1_08_fixed_fir_plus_l1_09_allpass,1.002142948084e+00,1.716025294833e-02,2.142948083960e-03,1.716025294833e-02,1.729353948
6165000000.000000,after_l1_08_fixed_fir_plus_l1_09_allpass,1.002132814365e+00,1.762644290132e-02,2.132814364743e-03,1.762644290132e-02,1.775501018
6166000000.000000,after_l1_08_fixed_fir_plus_l1_09_allpass,1.002681189474e+00,2.124769698797e-02,2.681189473748e-03,2.124769698797e-02,2.141619491
6167000000.000000,after_l1_08_fixed_fir_plus_l1_09_allpass,1.004158004210e+00,1.741096760548e-02,4.158004210439e-03,1.741096760548e-02,1.790058077
6168000000.000000,after_l1_08_fixed_fir_plus_l1_09_allpass,1.002485229733e+00,1.892198938961e-02,2.485229732594e-03,1.892198938961e-02,1.908449762
6169000000.000000,after_l1_08_fixed_fir_plus_l1_09_allpass,1.003968712818e+00,1.972467085974e-02,3.968712817825e-03,1.972467085974e-02,2.011997321
6170000000.000000,after_l1_08_fixed_fir_plus_l1_09_allpass,1.003154867446e+00,2.030885719111e-02,3.154867446101e-03,2.030885719111e-02,2.055244192
6171000000.000000,after_l1_08_fixed_fir_plus_l1_09_allpass,1.002712413611e+00,1.897498257218e-02,2.712413611010e-03,1.897498257218e-02,1.916786768
6172000000.000000,after_l1_08_fixed_fir_plus_l1_09_allpass,1.002866761589e+00,2.247950035844e-02,2.866761588540e-03,2.247950035844e-02,2.266155905
6173000000.000000,after_l1_08_fixed_fir_plus_l1_09_allpass,1.001857743186e+00,1.853836273941e-02,1.857743186250e-03,1.853836273941e-02,1.863121313
6174000000.000000,after_l1_08_fixed_fir_plus_l1_09_allpass,1.002952486353e+00,1.606618600818e-02,2.952486353142e-03,1.606618600818e-02,1.633522294
6175000000.000000,after_l1_08_fixed_fir_plus_l1_09_allpass,1.002543465928e+00,2.209121865378e-02,2.543465928338e-03,2.209121865378e-02,2.223715720
6176000000.000000,after_l1_08_fixed_fir_plus_l1_09_allpass,1.003352608045e+00,1.898138936010e-02,3.352608044691e-03,1.898138936010e-02,1.927519449
6177000000.000000,after_l1_08_fixed_fir_plus_l1_09_allpass,1.001358330847e+00,1.819616992706e-02,1.358330846982e-03,1.819616992706e-02,1.824679870
6178000000.000000,after_l1_08_fixed_fir_plus_l1_09_allpass,1.001942956379e+00,2.290810136491e-02,1.942956378610e-03,2.290810136491e-02,2.299034988
6179000000.000000,after_l1_08_fixed_fir_plus_l1_09_allpass,1.002665489970e+00,2.198054672705e-02,2.665489969801e-03,2.198054672705e-02,2.214157337
6180000000.000000,after_l1_08_fixed_fir_plus_l1_09_allpass,1.001313665155e+00,1.854174542868e-02,1.313665155223e-03,1.854174542868e-02,1.858822314
6181000000.000000,after_l1_08_fixed_fir_plus_l1_09_allpass,1.003004165479e+00,1.822075614437e-02,3.004165479206e-03,1.822075614437e-02,1.846675295
6182000000.000000,after_l1_08_fixed_fir_plus_l1_09_allpass,1.002038373220e+00,2.082222243328e-02,2.038373220283e-03,2.082222243328e-02,2.092175692
6183000000.000000,after_l1_08_fixed_fir_plus_l1_09_allpass,1.002362045118e+00,1.587235017939e-02,2.362045118426e-03,1.587235017939e-02,1.604714172
6184000000.000000,after_l1_08_fixed_fir_plus_l1_09_allpass,1.001567108286e+00,1.986834916226e-02,1.567108286038e-03,1.986834916226e-02,1.993005587
6185000000.000000,after_l1_08_fixed_fir_plus_l1_09_allpass,1.003464446115e+00,1.939500695054e-02,3.464446115003e-03,1.939500695054e-02,1.970199689
6186000000.000000,after_l1_08_fixed_fir_plus_l1_09_allpass,1.002409355010e+00,2.039908294638e-02,2.409355010007e-03,2.039908294638e-02,2.054087575
6187000000.000000,after_l1_08_fixed_fir_plus_l1_09_allpass,1.003196298920e+00,1.963835790697e-02,3.196298920425e-03,1.963835790697e-02,1.989676929
6188000000.000000,after_l1_08_fixed_fir_plus_l1_09_allpass,1.002319069539e+00,2.048847758088e-02,2.319069539311e-03,2.048847758088e-02,2.061930642
6189000000.000000,after_l1_08_fixed_fir_plus_l1_09_allpass,1.003146337551e+00,1.882086565356e-02,3.146337551282e-03,1.882086565356e-02,1.908204454
6190000000.000000,after_l1_08_fixed_fir_plus_l1_09_allpass,1.004748958163e+00,1.509390313771e-02,4.748958163184e-03,1.509390313771e-02,1.582335349
6191000000.000000,after_l1_08_fixed_fir_plus_l1_09_allpass,1.003579256020e+00,1.804154615420e-02,3.579256019755e-03,1.804154615420e-02,1.839316344
6192000000.000000,after_l1_08_fixed_fir_plus_l1_09_allpass,1.001397770714e+00,1.487238807618e-02,1.397770714204e-03,1.487238807618e-02,1.493792790
6193000000.000000,after_l1_08_fixed_fir_plus_l1_09_allpass,1.000694124552e+00,1.740193991210e-02,6.941245519296e-04,1.740193991210e-02,1.741577795
6194000000.000000,after_l1_08_fixed_fir_plus_l1_09_allpass,1.002494081983e+00,1.726333218025e-02,2.494081983479e-03,1.726333218025e-02,1.744256526
6195000000.000000,after_l1_08_fixed_fir_plus_l1_09_allpass,1.002811435917e+00,1.490863141364e-02,2.811435916927e-03,1.490863141364e-02,1.517140279
6196000000.000000,after_l1_08_fixed_fir_plus_l1_09_allpass,1.002918458127e+00,1.832670740928e-02,2.918458127276e-03,1.832670740928e-02,1.855762922
6197000000.000000,after_l1_08_fixed_fir_plus_l1_09_allpass,1.002883041853e+00,1.451722084914e-02,2.883041852616e-03,1.451722084914e-02,1.480073078
6198000000.000000,after_l1_08_fixed_fir_plus_l1_09_allpass,1.002733256514e+00,1.391953501786e-02,2.733256514318e-03,1.391953501786e-02,1.418534971
6199000000.000000,after_l1_08_fixed_fir_plus_l1_09_allpass,1.000345096058e+00,1.531189176925e-02,3.450960576605e-04,1.531189176925e-02,1.531578013
6200000000.000000,after_l1_08_fixed_fir_plus_l1_09_allpass,1.002385203546e+00,1.242709594546e-02,2.385203545730e-03,1.242709594546e-02,1.265392862
6201000000.000000,after_l1_08_fixed_fir_plus_l1_09_allpass,1.002837399659e+00,1.443220196461e-02,2.837399659436e-03,1.443220196461e-02,1.470847682
6202000000.000000,after_l1_08_fixed_fir_plus_l1_09_allpass,1.002172814488e+00,1.182258812141e-02,2.172814488459e-03,1.182258812141e-02,1.202059536
6203000000.000000,after_l1_08_fixed_fir_plus_l1_09_allpass,1.001298390268e+00,1.757619729399e-02,1.298390268093e-03,1.757619729399e-02,1.762408944
6204000000.000000,after_l1_08_fixed_fir_plus_l1_09_allpass,1.003019271576e+00,1.280936759564e-02,3.019271576075e-03,1.280936759564e-02,1.316039130
6205000000.000000,after_l1_08_fixed_fir_plus_l1_09_allpass,1.002183363153e+00,1.064717839135e-02,2.183363152696e-03,1.064717839135e-02,1.086873877
6206000000.000000,after_l1_08_fixed_fir_plus_l1_09_allpass,1.000601090949e+00,1.163935670873e-02,6.010909491998e-04,1.163935670873e-02,1.165486743
6207000000.000000,after_l1_08_fixed_fir_plus_l1_09_allpass,1.004253809165e+00,6.904688669929e-03,4.253809164850e-03,6.904688669929e-03,0.810984698
6208000000.000000,after_l1_08_fixed_fir_plus_l1_09_allpass,1.003104623906e+00,7.423248999936e-03,3.104623906168e-03,7.423248999936e-03,0.804632309
6209000000.000000,after_l1_08_fixed_fir_plus_l1_09_allpass,1.002992243034e+00,1.118406563698e-02,2.992243034292e-03,1.118406563698e-02,1.157742815
6210000000.000000,after_l1_08_fixed_fir_plus_l1_09_allpass,1.003815091854e+00,1.072930405690e-02,3.815091854241e-03,1.072930405690e-02,1.138740056
6211000000.000000,after_l1_08_fixed_fir_plus_l1_09_allpass,1.000554678704e+00,9.678689276501e-03,5.546787044615e-04,9.678689276501e-03,0.969457037
6212000000.000000,after_l1_08_fixed_fir_plus_l1_09_allpass,1.002082626184e+00,9.018355445444e-03,2.082626183610e-03,9.018355445444e-03,0.925570455
6213000000.000000,after_l1_08_fixed_fir_plus_l1_09_allpass,1.002886625793e+00,5.081570837885e-03,2.886625793287e-03,5.081570837885e-03,0.584422541
6214000000.000000,after_l1_08_fixed_fir_plus_l1_09_allpass,1.002348983855e+00,9.983592850476e-03,2.348983854566e-03,9.983592850476e-03,1.025621038
6215000000.000000,after_l1_08_fixed_fir_plus_l1_09_allpass,1.001740914097e+00,6.888007338488e-03,1.740914096581e-03,6.888007338488e-03,0.710460604
6216000000.000000,after_l1_08_fixed_fir_plus_l1_09_allpass,1.002430271644e+00,3.391281521076e-03,2.430271644382e-03,3.391281521076e-03,0.417217097
6217000000.000000,after_l1_08_fixed_fir_plus_l1_09_allpass,1.002660141937e+00,7.710408899838e-03,2.660141936697e-03,7.710408899838e-03,0.815639384
6218000000.000000,after_l1_08_fixed_fir_plus_l1_09_allpass,1.001016868380e+00,2.434986377326e-03,1.016868379848e-03,2.434986377326e-03,0.263878380
6219000000.000000,after_l1_08_fixed_fir_plus_l1_09_allpass,1.000560155799e+00,7.197499546538e-03,5.601557988910e-04,7.197499546538e-03,0.721926411
6220000000.000000,after_l1_08_fixed_fir_plus_l1_09_allpass,1.002622665865e+00,4.939860831307e-03,2.622665865307e-03,4.939860831307e-03,0.559290634
6221000000.000000,after_l1_08_fixed_fir_plus_l1_09_allpass,1.001592759730e+00,2.967368671660e-03,1.592759730015e-03,2.967368671660e-03,0.336781240
6222000000.000000,after_l1_08_fixed_fir_plus_l1_09_allpass,1.000828518977e+00,-6.855410839793e-04,8.285189765012e-04,-6.855410839793e-04,0.107536518
6223000000.000000,after_l1_08_fixed_fir_plus_l1_09_allpass,9.998439604479e-01,-1.416653197731e-03,-1.560395520810e-04,-1.416653197731e-03,0.142522090
6224000000.000000,after_l1_08_fixed_fir_plus_l1_09_allpass,1.002287606976e+00,-5.131642554268e-04,2.287606975898e-03,-5.131642554268e-04,0.234445798
6225000000.000000,after_l1_08_fixed_fir_plus_l1_09_allpass,1.000234853962e+00,-1.900895691809e-03,2.348539621813e-04,-1.900895691809e-03,0.191534874
6226000000.000000,after_l1_08_fixed_fir_plus_l1_09_allpass,1.002010828433e+00,-4.235460360539e-03,2.010828432917e-03,-4.235460360539e-03,0.468855580
6227000000.000000,after_l1_08_fixed_fir_plus_l1_09_allpass,1.001410525997e+00,-2.920340694247e-03,1.410525997335e-03,-2.920340694247e-03,0.324314251
6228000000.000000,after_l1_08_fixed_fir_plus_l1_09_allpass,1.000634151505e+00,-3.798485509513e-03,6.341515049753e-04,-3.798485509513e-03,0.385105704
6229000000.000000,after_l1_08_fixed_fir_plus_l1_09_allpass,1.001598941889e+00,-4.931717604043e-03,1.598941888600e-03,-4.931717604043e-03,0.518444343
6230000000.000000,after_l1_08_fixed_fir_plus_l1_09_allpass,9.993977647691e-01,-3.538593532635e-03,-6.022352309238e-04,-3.538593532635e-03,0.358947510
6231000000.000000,after_l1_08_fixed_fir_plus_l1_09_allpass,1.000727988514e+00,-6.775216536212e-03,7.279885144655e-04,-6.775216536212e-03,0.681421502
6232000000.000000,after_l1_08_fixed_fir_plus_l1_09_allpass,1.000382737883e+00,-5.818071300486e-03,3.827378828583e-04,-5.818071300486e-03,0.583064679
6233000000.000000,after_l1_08_fixed_fir_plus_l1_09_allpass,9.993679608488e-01,-8.069386851609e-03,-6.320391511893e-04,-8.069386851609e-03,0.809410141
6234000000.000000,after_l1_08_fixed_fir_plus_l1_09_allpass,9.994262488337e-01,-7.299478125651e-03,-5.737511662737e-04,-7.299478125651e-03,0.732199230
6235000000.000000,after_l1_08_fixed_fir_plus_l1_09_allpass,1.001113767277e+00,-1.235945970433e-02,1.113767276871e-03,-1.235945970433e-02,1.240954156
6236000000.000000,after_l1_08_fixed_fir_plus_l1_09_allpass,9.982987971276e-01,-1.265243589936e-02,-1.701202872434e-03,-1.265243589936e-02,1.276629255
6237000000.000000,after_l1_08_fixed_fir_plus_l1_09_allpass,1.001453137900e+00,-9.809361605653e-03,1.453137899676e-03,-9.809361605653e-03,0.991640988
6238000000.000000,after_l1_08_fixed_fir_plus_l1_09_allpass,9.979350809355e-01,-1.255064826750e-02,-2.064919064515e-03,-1.255064826750e-02,1.271938138
6239000000.000000,after_l1_08_fixed_fir_plus_l1_09_allpass,1.001573612224e+00,-1.348971550548e-02,1.573612224351e-03,-1.348971550548e-02,1.358118846
6240000000.000000,after_l1_08_fixed_fir_plus_l1_09_allpass,9.995771972978e-01,-1.283947821026e-02,-4.228027022356e-04,-1.283947821026e-02,1.284643775
6241000000.000000,after_l1_08_fixed_fir_plus_l1_09_allpass,9.996341286642e-01,-1.669833583585e-02,-3.658713357960e-04,-1.669833583585e-02,1.670234359
6242000000.000000,after_l1_08_fixed_fir_plus_l1_09_allpass,1.000539407989e+00,-1.505627257743e-02,5.394079892591e-04,-1.505627257743e-02,1.506593193
6243000000.000000,after_l1_08_fixed_fir_plus_l1_09_allpass,9.998023330524e-01,-1.558743002016e-02,-1.976669476279e-04,-1.558743002016e-02,1.558868329
6244000000.000000,after_l1_08_fixed_fir_plus_l1_09_allpass,1.000362759618e+00,-1.652029284353e-02,3.627596178724e-04,-1.652029284353e-02,1.652427518
6245000000.000000,after_l1_08_fixed_fir_plus_l1_09_allpass,9.983847334250e-01,-1.796825384204e-02,-1.615266575016e-03,-1.796825384204e-02,1.804071041
6246000000.000000,after_l1_08_fixed_fir_plus_l1_09_allpass,9.981212779943e-01,-1.966217276931e-02,-1.878722005704e-03,-1.966217276931e-02,1.975172485
6247000000.000000,after_l1_08_fixed_fir_plus_l1_09_allpass,1.000053028177e+00,-1.983878159527e-02,5.302817745845e-05,-1.983878159527e-02,1.983885247
6248000000.000000,after_l1_08_fixed_fir_plus_l1_09_allpass,1.001781559471e+00,-1.922358693504e-02,1.781559470725e-03,-1.922358693504e-02,1.930596407
6249000000.000000,after_l1_08_fixed_fir_plus_l1_09_allpass,9.987628734077e-01,-1.881638850763e-02,-1.237126592309e-03,-1.881638850763e-02,1.885701351
6250000000.000000,after_l1_08_fixed_fir_plus_l1_09_allpass,1.000833108213e+00,-2.145637652767e-02,8.331082126334e-04,-2.145637652767e-02,2.147254440
6251000000.000000,after_l1_08_fixed_fir_plus_l1_09_allpass,9.979099534121e-01,-1.798534986726e-02,-2.090046587895e-03,-1.798534986726e-02,1.810638298
6252000000.000000,after_l1_08_fixed_fir_plus_l1_09_allpass,9.992359279443e-01,-2.189785327237e-02,-7.640720556709e-04,-2.189785327237e-02,2.191117943
6253000000.000000,after_l1_08_fixed_fir_plus_l1_09_allpass,9.995827982551e-01,-2.178805355802e-02,-4.172017448519e-04,-2.178805355802e-02,2.179204752
6254000000.000000,after_l1_08_fixed_fir_plus_l1_09_allpass,9.988929976943e-01,-2.042808004305e-02,-1.107002305703e-03,-2.042808004305e-02,2.045805241
6255000000.000000,after_l1_08_fixed_fir_plus_l1_09_allpass,1.000513525445e+00,-2.017935732822e-02,5.135254451718e-04,-2.017935732822e-02,2.018589038
6256000000.000000,after_l1_08_fixed_fir_plus_l1_09_allpass,1.000339791004e+00,-2.090733395295e-02,3.397910039840e-04,-2.090733395295e-02,2.091009495
6257000000.000000,after_l1_08_fixed_fir_plus_l1_09_allpass,9.965534035697e-01,-2.740251620011e-02,-3.446596430302e-03,-2.740251620011e-02,2.761841634
6258000000.000000,after_l1_08_fixed_fir_plus_l1_09_allpass,9.977789520242e-01,-2.418499138269e-02,-2.221047975832e-03,-2.418499138269e-02,2.428676311
6259000000.000000,after_l1_08_fixed_fir_plus_l1_09_allpass,1.000072446360e+00,-2.204566585237e-02,7.244635968662e-05,-2.204566585237e-02,2.204578489
6260000000.000000,after_l1_08_fixed_fir_plus_l1_09_allpass,9.974679617850e-01,-2.219095390568e-02,-2.532038214957e-03,-2.219095390568e-02,2.233494242
6261000000.000000,after_l1_08_fixed_fir_plus_l1_09_allpass,9.973708205993e-01,-2.174127947200e-02,-2.629179400706e-03,-2.174127947200e-02,2.189967619
6262000000.000000,after_l1_08_fixed_fir_plus_l1_09_allpass,9.977332302109e-01,-2.516238833927e-02,-2.266769789072e-03,-2.516238833927e-02,2.526428373
6263000000.000000,after_l1_08_fixed_fir_plus_l1_09_allpass,1.000018545211e+00,-2.414281233059e-02,1.854521071643e-05,-2.414281233059e-02,2.414281945
6264000000.000000,after_l1_08_fixed_fir_plus_l1_09_allpass,9.981122176851e-01,-2.347590635567e-02,-1.887782314929e-03,-2.347590635567e-02,2.355168574
6265000000.000000,after_l1_08_fixed_fir_plus_l1_09_allpass,9.960654672378e-01,-2.901807715451e-02,-3.934532762190e-03,-2.901807715451e-02,2.928360206
6266000000.000000,after_l1_08_fixed_fir_plus_l1_09_allpass,9.978795067863e-01,-2.801979568515e-02,-2.120493213705e-03,-2.801979568515e-02,2.809991889
6267000000.000000,after_l1_08_fixed_fir_plus_l1_09_allpass,9.978900114004e-01,-2.837588013683e-02,-2.109988599592e-03,-2.837588013683e-02,2.845421982
6268000000.000000,after_l1_08_fixed_fir_plus_l1_09_allpass,9.964501213261e-01,-2.672163276119e-02,-3.549878673917e-03,-2.672163276119e-02,2.695639620
6269000000.000000,after_l1_08_fixed_fir_plus_l1_09_allpass,9.974729443117e-01,-2.563904948725e-02,-2.527055688311e-03,-2.563904948725e-02,2.576328529
6270000000.000000,after_l1_08_fixed_fir_plus_l1_09_allpass,9.970724370294e-01,-2.860134488901e-02,-2.927562970639e-03,-2.860134488901e-02,2.875078354
6271000000.000000,after_l1_08_fixed_fir_plus_l1_09_allpass,9.974064220259e-01,-2.608391004637e-02,-2.593577974063e-03,-2.608391004637e-02,2.621253536
6272000000.000000,after_l1_08_fixed_fir_plus_l1_09_allpass,9.974632071735e-01,-2.953203568667e-02,-2.536792826486e-03,-2.953203568667e-02,2.964079030
6273000000.000000,after_l1_08_fixed_fir_plus_l1_09_allpass,9.966128545962e-01,-2.653143107613e-02,-3.387145403847e-03,-2.653143107613e-02,2.674676782
6274000000.000000,after_l1_08_fixed_fir_plus_l1_09_allpass,9.976857825167e-01,-2.854010761487e-02,-2.314217483300e-03,-2.854010761487e-02,2.863377979
6275000000.000000,after_l1_08_fixed_fir_plus_l1_09_allpass,9.970313448747e-01,-2.417530018349e-02,-2.968655125338e-03,-2.417530018349e-02,2.435688921
6276000000.000000,after_l1_08_fixed_fir_plus_l1_09_allpass,9.961514797568e-01,-2.981961971938e-02,-3.848520243228e-03,-2.981961971938e-02,3.006693912
6277000000.000000,after_l1_08_fixed_fir_plus_l1_09_allpass,9.944596548542e-01,-3.148817681139e-02,-5.540345145774e-03,-3.148817681139e-02,3.197187363
6278000000.000000,after_l1_08_fixed_fir_plus_l1_09_allpass,9.971681644154e-01,-2.905361787366e-02,-2.831835584581e-03,-2.905361787366e-02,2.919130015
6279000000.000000,after_l1_08_fixed_fir_plus_l1_09_allpass,9.964107990969e-01,-2.653521409843e-02,-3.589200903103e-03,-2.653521409843e-02,2.677685475
6280000000.000000,after_l1_08_fixed_fir_plus_l1_09_allpass,9.968819509237e-01,-2.587526029711e-02,-3.118049076274e-03,-2.587526029711e-02,2.606245049
6281000000.000000,after_l1_08_fixed_fir_plus_l1_09_allpass,9.980066290806e-01,-3.075934299165e-02,-1.993370919419e-03,-3.075934299165e-02,3.082386590
6282000000.000000,after_l1_08_fixed_fir_plus_l1_09_allpass,9.966500457129e-01,-2.800009839027e-02,-3.349954287110e-03,-2.800009839027e-02,2.819978198
6283000000.000000,after_l1_08_fixed_fir_plus_l1_09_allpass,9.981680371902e-01,-2.697573244735e-02,-1.831962809765e-03,-2.697573244735e-02,2.703786657
6284000000.000000,after_l1_08_fixed_fir_plus_l1_09_allpass,9.976537107977e-01,-2.587267480627e-02,-2.346289202288e-03,-2.587267480627e-02,2.597884475
6285000000.000000,after_l1_08_fixed_fir_plus_l1_09_allpass,9.971412874415e-01,-2.653962346176e-02,-2.858712558509e-03,-2.653962346176e-02,2.669314240
6286000000.000000,after_l1_08_fixed_fir_plus_l1_09_allpass,9.955793543725e-01,-2.810530097150e-02,-4.420645627459e-03,-2.810530097150e-02,2.845083567
6287000000.000000,after_l1_08_fixed_fir_plus_l1_09_allpass,9.966480803816e-01,-2.687868119235e-02,-3.351919618416e-03,-2.687868119235e-02,2.708687630
6288000000.000000,after_l1_08_fixed_fir_plus_l1_09_allpass,9.969463174242e-01,-2.798115605143e-02,-3.053682575810e-03,-2.798115605143e-02,2.814729243
6289000000.000000,after_l1_08_fixed_fir_plus_l1_09_allpass,9.967803215961e-01,-2.777331476354e-02,-3.219678403858e-03,-2.777331476354e-02,2.795931584
6290000000.000000,after_l1_08_fixed_fir_plus_l1_09_allpass,9.964107128261e-01,-2.586372905526e-02,-3.589287173936e-03,-2.586372905526e-02,2.611159633
6291000000.000000,after_l1_08_fixed_fir_plus_l1_09_allpass,9.951346043794e-01,-2.998680761074e-02,-4.865395620622e-03,-2.998680761074e-02,3.037895168
6292000000.000000,after_l1_08_fixed_fir_plus_l1_09_allpass,9.967879266494e-01,-2.693446049297e-02,-3.212073350616e-03,-2.693446049297e-02,2.712531248
6293000000.000000,after_l1_08_fixed_fir_plus_l1_09_allpass,9.965665184966e-01,-2.351081247571e-02,-3.433481503401e-03,-2.351081247571e-02,2.376019988
6294000000.000000,after_l1_08_fixed_fir_plus_l1_09_allpass,9.966886648925e-01,-2.762068117794e-02,-3.311335107472e-03,-2.762068117794e-02,2.781846453
6295000000.000000,after_l1_08_fixed_fir_plus_l1_09_allpass,9.966169494248e-01,-2.889546142927e-02,-3.383050575222e-03,-2.889546142927e-02,2.909282940
6296000000.000000,after_l1_08_fixed_fir_plus_l1_09_allpass,9.959711057160e-01,-2.576814782864e-02,-4.028894284008e-03,-2.576814782864e-02,2.608120840
6297000000.000000,after_l1_08_fixed_fir_plus_l1_09_allpass,9.975329188698e-01,-2.892099899130e-02,-2.467081130191e-03,-2.892099899130e-02,2.902603438
6298000000.000000,after_l1_08_fixed_fir_plus_l1_09_allpass,9.971804182078e-01,-2.765380877976e-02,-2.819581792188e-03,-2.765380877976e-02,2.779717938
6299000000.000000,after_l1_08_fixed_fir_plus_l1_09_allpass,9.973076128080e-01,-2.782448830746e-02,-2.692387191965e-03,-2.782448830746e-02,2.795444684
6300000000.000000,after_l1_08_fixed_fir_plus_l1_09_allpass,9.957752492756e-01,-2.621626469333e-02,-4.224750724350e-03,-2.621626469333e-02,2.655449215
6301000000.000000,after_l1_08_fixed_fir_plus_l1_09_allpass,9.970983401556e-01,-2.704342937044e-02,-2.901659844448e-03,-2.704342937044e-02,2.719865258
6302000000.000000,after_l1_08_fixed_fir_plus_l1_09_allpass,9.971184952192e-01,-2.839887610181e-02,-2.881504780795e-03,-2.839887610181e-02,2.854468836
6303000000.000000,after_l1_08_fixed_fir_plus_l1_09_allpass,9.956650159270e-01,-2.443775008537e-02,-4.334984072989e-03,-2.443775008537e-02,2.481926099
6304000000.000000,after_l1_08_fixed_fir_plus_l1_09_allpass,9.950961292140e-01,-2.781946551193e-02,-4.903870785969e-03,-2.781946551193e-02,2.824837358
6305000000.000000,after_l1_08_fixed_fir_plus_l1_09_allpass,9.975921801148e-01,-2.679794425751e-02,-2.407819885154e-03,-2.679794425751e-02,2.690589922
6306000000.000000,after_l1_08_fixed_fir_plus_l1_09_allpass,9.951135741857e-01,-2.290124246214e-02,-4.886425814330e-03,-2.290124246214e-02,2.341674750
6307000000.000000,after_l1_08_fixed_fir_plus_l1_09_allpass,9.966088200324e-01,-2.527456271882e-02,-3.391179967587e-03,-2.527456271882e-02,2.550105139
6308000000.000000,after_l1_08_fixed_fir_plus_l1_09_allpass,9.953288846952e-01,-2.706285253879e-02,-4.671115304829e-03,-2.706285253879e-02,2.746301705
6309000000.000000,after_l1_08_fixed_fir_plus_l1_09_allpass,9.947774177022e-01,-2.563609826565e-02,-5.222582297817e-03,-2.563609826565e-02,2.616266233
6310000000.000000,after_l1_08_fixed_fir_plus_l1_09_allpass,9.966725383633e-01,-2.228218503277e-02,-3.327461636658e-03,-2.228218503277e-02,2.252926476
6311000000.000000,after_l1_08_fixed_fir_plus_l1_09_allpass,9.962671942941e-01,-2.887145512084e-02,-3.732805705873e-03,-2.887145512084e-02,2.911176324
6312000000.000000,after_l1_08_fixed_fir_plus_l1_09_allpass,9.973458003871e-01,-1.988504416658e-02,-2.654199612928e-03,-1.988504416658e-02,2.006139968
6313000000.000000,after_l1_08_fixed_fir_plus_l1_09_allpass,9.972382869407e-01,-2.628578830597e-02,-2.761713059273e-03,-2.628578830597e-02,2.643046965
6314000000.000000,after_l1_08_fixed_fir_plus_l1_09_allpass,9.967864957481e-01,-2.327479278582e-02,-3.213504251906e-03,-2.327479278582e-02,2.349558658
6315000000.000000,after_l1_08_fixed_fir_plus_l1_09_allpass,9.960818358999e-01,-2.155135203472e-02,-3.918164100140e-03,-2.155135203472e-02,2.190462929
6316000000.000000,after_l1_08_fixed_fir_plus_l1_09_allpass,9.964513123260e-01,-2.333735383078e-02,-3.548687674021e-03,-2.333735383078e-02,2.360561942
6317000000.000000,after_l1_08_fixed_fir_plus_l1_09_allpass,9.961088471477e-01,-2.119441744550e-02,-3.891152852274e-03,-2.119441744550e-02,2.154865196
6318000000.000000,after_l1_08_fixed_fir_plus_l1_09_allpass,9.970519001698e-01,-2.206408255267e-02,-2.948099830243e-03,-2.206408255267e-02,2.226016692
6319000000.000000,after_l1_08_fixed_fir_plus_l1_09_allpass,9.963050603931e-01,-2.585877071464e-02,-3.694939606878e-03,-2.585877071464e-02,2.612142036
6320000000.000000,after_l1_08_fixed_fir_plus_l1_09_allpass,9.972848746576e-01,-2.706311250955e-02,-2.715125342427e-03,-2.706311250955e-02,2.719896991
6321000000.000000,after_l1_08_fixed_fir_plus_l1_09_allpass,9.953489666098e-01,-2.521452562392e-02,-4.651033390188e-03,-2.521452562392e-02,2.563989887
6322000000.000000,after_l1_08_fixed_fir_plus_l1_09_allpass,9.968874319101e-01,-2.299912507834e-02,-3.112568089925e-03,-2.299912507834e-02,2.320878787
6323000000.000000,after_l1_08_fixed_fir_plus_l1_09_allpass,9.988937590552e-01,-2.005317243820e-02,-1.106240944828e-03,-2.005317243820e-02,2.008366236
6324000000.000000,after_l1_08_fixed_fir_plus_l1_09_allpass,9.973095987466e-01,-2.221846858880e-02,-2.690401253411e-03,-2.221846858880e-02,2.238076418
6325000000.000000,after_l1_08_fixed_fir_plus_l1_09_allpass,1.000086005543e+00,-1.893368229080e-02,8.600554287264e-05,-1.893368229080e-02,1.893387763
6326000000.000000,after_l1_08_fixed_fir_plus_l1_09_allpass,1.001722319979e+00,-1.971046558324e-02,1.722319979057e-03,-1.971046558324e-02,1.978557150
6327000000.000000,after_l1_08_fixed_fir_plus_l1_09_allpass,9.978513301490e-01,-2.373082893644e-02,-2.148669851047e-03,-2.373082893644e-02,2.382790432
6328000000.000000,after_l1_08_fixed_fir_plus_l1_09_allpass,9.988675205547e-01,-2.247408757219e-02,-1.132479445298e-03,-2.247408757219e-02,2.250260256
6329000000.000000,after_l1_08_fixed_fir_plus_l1_09_allpass,9.983328321649e-01,-2.251969028306e-02,-1.667167835104e-03,-2.251969028306e-02,2.258131748
6330000000.000000,after_l1_08_fixed_fir_plus_l1_09_allpass,9.963859266581e-01,-2.217594674252e-02,-3.614073341933e-03,-2.217594674252e-02,2.246851442
6331000000.000000,after_l1_08_fixed_fir_plus_l1_09_allpass,9.992490026808e-01,-2.132042571060e-02,-7.509973191622e-04,-2.132042571060e-02,2.133364829
6332000000.000000,after_l1_08_fixed_fir_plus_l1_09_allpass,9.995023994823e-01,-1.799309695253e-02,-4.976005176748e-04,-1.799309695253e-02,1.799997623
6333000000.000000,after_l1_08_fixed_fir_plus_l1_09_allpass,9.998588774672e-01,-1.699639545315e-02,-1.411225327794e-04,-1.699639545315e-02,1.699698132
6334000000.000000,after_l1_08_fixed_fir_plus_l1_09_allpass,9.982241987834e-01,-2.266238303934e-02,-1.775801216607e-03,-2.266238303934e-02,2.273185155
6335000000.000000,after_l1_08_fixed_fir_plus_l1_09_allpass,9.973440765202e-01,-1.882172004762e-02,-2.655923479798e-03,-1.882172004762e-02,1.900818442
6336000000.000000,after_l1_08_fixed_fir_plus_l1_09_allpass,9.981145832132e-01,-1.589826393957e-02,-1.885416786782e-03,-1.589826393957e-02,1.600967185
6337000000.000000,after_l1_08_fixed_fir_plus_l1_09_allpass,9.982125727703e-01,-1.778622131546e-02,-1.787427229704e-03,-1.778622131546e-02,1.787580949
6338000000.000000,after_l1_08_fixed_fir_plus_l1_09_allpass,9.993382836413e-01,-2.298371893493e-02,-6.617163586995e-04,-2.298371893493e-02,2.299324259
6339000000.000000,after_l1_08_fixed_fir_plus_l1_09_allpass,9.992111478305e-01,-1.579001163246e-02,-7.888521695003e-04,-1.579001163246e-02,1.580970446
6340000000.000000,after_l1_08_fixed_fir_plus_l1_09_allpass,9.996217757258e-01,-1.665027008445e-02,-3.782242741623e-04,-1.665027008445e-02,1.665456536
6341000000.000000,after_l1_08_fixed_fir_plus_l1_09_allpass,9.977602623532e-01,-1.850150151872e-02,-2.239737646769e-03,-1.850150151872e-02,1.863657649
6342000000.000000,after_l1_08_fixed_fir_plus_l1_09_allpass,1.001313537366e+00,-1.746933478125e-02,1.313537365843e-03,-1.746933478125e-02,1.751864830
6343000000.000000,after_l1_08_fixed_fir_plus_l1_09_allpass,1.001210556687e+00,-1.575279037270e-02,1.210556687167e-03,-1.575279037270e-02,1.579923580
6344000000.000000,after_l1_08_fixed_fir_plus_l1_09_allpass,1.000497379469e+00,-1.688227363746e-02,4.973794691348e-04,-1.688227363746e-02,1.688959886
6345000000.000000,after_l1_08_fixed_fir_plus_l1_09_allpass,9.994958620347e-01,-1.665577348928e-02,-5.041379652939e-04,-1.665577348928e-02,1.666340138
6346000000.000000,after_l1_08_fixed_fir_plus_l1_09_allpass,1.000821437382e+00,-1.882232504401e-02,8.214373822046e-04,-1.882232504401e-02,1.884024096
6347000000.000000,after_l1_08_fixed_fir_plus_l1_09_allpass,9.999333164761e-01,-1.756664637346e-02,-6.668352393790e-05,-1.756664637346e-02,1.756677294
6348000000.000000,after_l1_08_fixed_fir_plus_l1_09_allpass,1.000141076355e+00,-1.797820701698e-02,1.410763552028e-04,-1.797820701698e-02,1.797876053
6349000000.000000,after_l1_08_fixed_fir_plus_l1_09_allpass,1.001770545892e+00,-1.650989030993e-02,1.770545892201e-03,-1.650989030993e-02,1.660455693
6350000000.000000,after_l1_08_fixed_fir_plus_l1_09_allpass,1.000710477843e+00,-1.500085800986e-02,7.104778433094e-04,-1.500085800986e-02,1.501767358
6351000000.000000,after_l1_08_fixed_fir_plus_l1_09_allpass,1.002325590893e+00,-1.740911538260e-02,2.325590892838e-03,-1.740911538260e-02,1.756376017
6352000000.000000,after_l1_08_fixed_fir_plus_l1_09_allpass,1.000782712222e+00,-1.601586680560e-02,7.827122218316e-04,-1.601586680560e-02,1.603498138
6353000000.000000,after_l1_08_fixed_fir_plus_l1_09_allpass,1.001313958783e+00,-1.692075687798e-02,1.313958782911e-03,-1.692075687798e-02,1.697169706
6354000000.000000,after_l1_08_fixed_fir_plus_l1_09_allpass,1.000892779037e+00,-1.156737170345e-02,8.927790370523e-04,-1.156737170345e-02,1.160177325
6355000000.000000,after_l1_08_fixed_fir_plus_l1_09_allpass,1.001873354427e+00,-1.224979602341e-02,1.873354427200e-03,-1.224979602341e-02,1.239221366
6356000000.000000,after_l1_08_fixed_fir_plus_l1_09_allpass,1.001709106891e+00,-1.359024836977e-02,1.709106891326e-03,-1.359024836977e-02,1.369729525
6357000000.000000,after_l1_08_fixed_fir_plus_l1_09_allpass,1.000826715855e+00,-1.504578435235e-02,8.267158549566e-04,-1.504578435235e-02,1.506847988
6358000000.000000,after_l1_08_fixed_fir_plus_l1_09_allpass,1.002646454147e+00,-1.565799258508e-02,2.646454147164e-03,-1.565799258508e-02,1.588006459
6359000000.000000,after_l1_08_fixed_fir_plus_l1_09_allpass,1.003606420881e+00,-1.542110031003e-02,3.606420880557e-03,-1.542110031003e-02,1.583719061
6360000000.000000,after_l1_08_fixed_fir_plus_l1_09_allpass,1.003110521996e+00,-1.426593054389e-02,3.110521995771e-03,-1.426593054389e-02,1.460110001
6361000000.000000,after_l1_08_fixed_fir_plus_l1_09_allpass,1.000725591219e+00,-1.230956382854e-02,7.255912190030e-04,-1.230956382854e-02,1.233093039
6362000000.000000,after_l1_08_fixed_fir_plus_l1_09_allpass,1.003007443635e+00,-1.304542500509e-02,3.007443634980e-03,-1.304542500509e-02,1.338759989
6363000000.000000,after_l1_08_fixed_fir_plus_l1_09_allpass,1.003117391809e+00,-1.023972791888e-02,3.117391808670e-03,-1.023972791888e-02,1.070374512
6364000000.000000,after_l1_08_fixed_fir_plus_l1_09_allpass,1.002701714498e+00,-9.868403010632e-03,2.701714497991e-03,-9.868403010632e-03,1.023155116
6365000000.000000,after_l1_08_fixed_fir_plus_l1_09_allpass,1.003071162259e+00,-1.059014322267e-02,3.071162258844e-03,-1.059014322267e-02,1.102647591
6366000000.000000,after_l1_08_fixed_fir_plus_l1_09_allpass,1.001020476378e+00,-1.350729666780e-02,1.020476378481e-03,-1.350729666780e-02,1.354579032
6367000000.000000,after_l1_08_fixed_fir_plus_l1_09_allpass,1.001394070210e+00,-1.017215430335e-02,1.394070210196e-03,-1.017215430335e-02,1.026723697
6368000000.000000,after_l1_08_fixed_fir_plus_l1_09_allpass,1.002598987287e+00,-1.025588218833e-02,2.598987287220e-03,-1.025588218833e-02,1.058006873
6369000000.000000,after_l1_08_fixed_fir_plus_l1_09_allpass,1.001641230074e+00,-8.351130957906e-03,1.641230073806e-03,-8.351130957906e-03,0.851087683
6370000000.000000,after_l1_08_fixed_fir_plus_l1_09_allpass,1.003715597113e+00,-8.210846093780e-03,3.715597113231e-03,-8.210846093780e-03,0.901241674
6371000000.000000,after_l1_08_fixed_fir_plus_l1_09_allpass,1.003315516536e+00,-7.572803176154e-03,3.315516536159e-03,-7.572803176154e-03,0.826680094
6372000000.000000,after_l1_08_fixed_fir_plus_l1_09_allpass,1.003227726566e+00,-1.255136945869e-02,3.227726566228e-03,-1.255136945869e-02,1.295974900
6373000000.000000,after_l1_08_fixed_fir_plus_l1_09_allpass,1.002058481306e+00,-7.898229746072e-03,2.058481306117e-03,-7.898229746072e-03,0.816206949
6374000000.000000,after_l1_08_fixed_fir_plus_l1_09_allpass,1.004111460294e+00,-1.029979241631e-02,4.111460293642e-03,-1.029979241631e-02,1.109007798
6375000000.000000,after_l1_08_fixed_fir_plus_l1_09_allpass,1.002504129205e+00,-1.174159818041e-02,2.504129205102e-03,-1.174159818041e-02,1.200565662
6376000000.000000,after_l1_08_fixed_fir_plus_l1_09_allpass,1.004009142185e+00,-7.980284014903e-03,4.009142184841e-03,-7.980284014903e-03,0.893074208
6377000000.000000,after_l1_08_fixed_fir_plus_l1_09_allpass,1.005234670374e+00,-4.771488389225e-03,5.234670374355e-03,-4.771488389225e-03,0.708299904
6378000000.000000,after_l1_08_fixed_fir_plus_l1_09_allpass,1.003723747773e+00,-5.897996726953e-03,3.723747773219e-03,-5.897996726953e-03,0.697514608
6379000000.000000,after_l1_08_fixed_fir_plus_l1_09_allpass,1.005595583476e+00,-4.735263662164e-03,5.595583475715e-03,-4.735263662164e-03,0.733029852
6380000000.000000,after_l1_08_fixed_fir_plus_l1_09_allpass,1.003514436386e+00,-7.001411070716e-03,3.514436386116e-03,-7.001411070716e-03,0.783396580
6381000000.000000,after_l1_08_fixed_fir_plus_l1_09_allpass,1.002932534956e+00,-6.878257202633e-03,2.932534956348e-03,-6.878257202633e-03,0.747731124
6382000000.000000,after_l1_08_fixed_fir_plus_l1_09_allpass,1.001542763035e+00,-2.281232916723e-03,1.542763034870e-03,-2.281232916723e-03,0.275393199
6383000000.000000,after_l1_08_fixed_fir_plus_l1_09_allpass,1.003740304240e+00,-8.451076265126e-03,3.740304240177e-03,-8.451076265126e-03,0.924178369
6384000000.000000,after_l1_08_fixed_fir_plus_l1_09_allpass,1.004038958578e+00,-2.723300071890e-03,4.038958578326e-03,-2.723300071890e-03,0.487129856
6385000000.000000,after_l1_08_fixed_fir_plus_l1_09_allpass,1.000952013501e+00,-9.645011021059e-03,9.520135009247e-04,-9.645011021059e-03,0.969188152
6386000000.000000,after_l1_08_fixed_fir_plus_l1_09_allpass,1.003962805649e+00,-6.801556281604e-03,3.962805648611e-03,-6.801556281604e-03,0.787178483
6387000000.000000,after_l1_08_fixed_fir_plus_l1_09_allpass,1.004926252316e+00,-3.566820209133e-03,4.926252316374e-03,-3.566820209133e-03,0.608195431
6388000000.000000,after_l1_08_fixed_fir_plus_l1_09_allpass,1.002809719043e+00,-6.337176387059e-03,2.809719043294e-03,-6.337176387059e-03,0.693212274
6389000000.000000,after_l1_08_fixed_fir_plus_l1_09_allpass,1.002310777507e+00,-6.148213120816e-03,2.310777506597e-03,-6.148213120816e-03,0.656812129
6390000000.000000,after_l1_08_fixed_fir_plus_l1_09_allpass,1.002884928439e+00,-3.419828093707e-03,2.884928439096e-03,-3.419828093707e-03,0.447415202
6391000000.000000,after_l1_08_fixed_fir_plus_l1_09_allpass,1.003420377883e+00,-4.985136260679e-03,3.420377882942e-03,-4.985136260679e-03,0.604570661
6392000000.000000,after_l1_08_fixed_fir_plus_l1_09_allpass,1.002056339525e+00,-2.321490608440e-03,2.056339524707e-03,-2.321490608440e-03,0.310126601
6393000000.000000,after_l1_08_fixed_fir_plus_l1_09_allpass,1.004438568509e+00,-1.539543136818e-03,4.438568509415e-03,-1.539543136818e-03,0.469798717
6394000000.000000,after_l1_08_fixed_fir_plus_l1_09_allpass,1.004492744382e+00,-1.208123869266e-03,4.492744382217e-03,-1.208123869266e-03,0.465234515
6395000000.000000,after_l1_08_fixed_fir_plus_l1_09_allpass,1.003968166831e+00,-2.562365722687e-03,3.968166831172e-03,-2.562365722687e-03,0.472356498
6396000000.000000,after_l1_08_fixed_fir_plus_l1_09_allpass,1.002467061499e+00,-2.767703088439e-03,2.467061499124e-03,-2.767703088439e-03,0.370763709
6397000000.000000,after_l1_08_fixed_fir_plus_l1_09_allpass,1.003537434779e+00,-1.945952466465e-03,3.537434779041e-03,-1.945952466465e-03,0.403734762
6398000000.000000,after_l1_08_fixed_fir_plus_l1_09_allpass,1.003772501544e+00,-5.977180580246e-03,3.772501543661e-03,-5.977180580246e-03,0.706812957
6399000000.000000,after_l1_08_fixed_fir_plus_l1_09_allpass,1.003957503321e+00,-1.768100102796e-03,3.957503321259e-03,-1.768100102796e-03,0.433451387
6400000000.000000,after_l1_08_fixed_fir_plus_l1_09_allpass,1.001982145719e+00,-1.982653082177e-04,1.982145718634e-03,-1.982653082177e-04,0.199203684
6401000000.000000,after_l1_08_fixed_fir_plus_l1_09_allpass,1.003828637828e+00,-4.010000701645e-03,3.828637827712e-03,-4.010000701645e-03,0.554423784
6402000000.000000,after_l1_08_fixed_fir_plus_l1_09_allpass,1.002779752364e+00,-4.630484706073e-03,2.779752363621e-03,-4.630484706073e-03,0.540077882
6403000000.000000,after_l1_08_fixed_fir_plus_l1_09_allpass,1.003274639364e+00,-4.817383547349e-03,3.274639364425e-03,-4.817383547349e-03,0.582498474
6404000000.000000,after_l1_08_fixed_fir_plus_l1_09_allpass,1.004557813093e+00,-3.240328178432e-03,4.557813093240e-03,-3.240328178432e-03,0.559226134
6405000000.000000,after_l1_08_fixed_fir_plus_l1_09_allpass,1.002871674659e+00,-2.175733689664e-03,2.871674659290e-03,-2.175733689664e-03,0.360282284
6406000000.000000,after_l1_08_fixed_fir_plus_l1_09_allpass,1.001588652934e+00,-1.363004587041e-03,1.588652934185e-03,-1.363004587041e-03,0.209322709
6407000000.000000,after_l1_08_fixed_fir_plus_l1_09_allpass,1.004091734971e+00,-3.364874594840e-03,4.091734970614e-03,-3.364874594840e-03,0.529761041
6408000000.000000,after_l1_08_fixed_fir_plus_l1_09_allpass,1.001166723768e+00,-6.221945465316e-03,1.166723767958e-03,-6.221945465316e-03,0.633039096
6409000000.000000,after_l1_08_fixed_fir_plus_l1_09_allpass,1.001160968484e+00,-1.817987923485e-03,1.160968484320e-03,-1.817987923485e-03,0.215706465
6410000000.000000,after_l1_08_fixed_fir_plus_l1_09_allpass,1.001836145236e+00,-3.392186746075e-03,1.836145236015e-03,-3.392186746075e-03,0.385724776
6411000000.000000,after_l1_08_fixed_fir_plus_l1_09_allpass,1.000266781749e+00,-5.648760646586e-03,2.667817494246e-04,-5.648760646586e-03,0.565505697
6412000000.000000,after_l1_08_fixed_fir_plus_l1_09_allpass,1.003961302848e+00,-2.815970916469e-03,3.961302848212e-03,-2.815970916469e-03,0.486020704
6413000000.000000,after_l1_08_fixed_fir_plus_l1_09_allpass,1.001476371315e+00,-2.121726524816e-03,1.476371315337e-03,-2.121726524816e-03,0.258483959
6414000000.000000,after_l1_08_fixed_fir_plus_l1_09_allpass,1.001340580451e+00,-3.926335250866e-03,1.340580450569e-03,-3.926335250866e-03,0.414888713
6415000000.000000,after_l1_08_fixed_fir_plus_l1_09_allpass,1.002145566192e+00,-1.068744123524e-03,2.145566192320e-03,-1.068744123524e-03,0.239701237
6416000000.000000,after_l1_08_fixed_fir_plus_l1_09_allpass,1.000967257170e+00,-4.124175505775e-03,9.672571699848e-04,-4.124175505775e-03,0.423608428
6417000000.000000,after_l1_08_fixed_fir_plus_l1_09_allpass,1.001733740486e+00,-3.401007875109e-03,1.733740485956e-03,-3.401007875109e-03,0.381742199
6418000000.000000,after_l1_08_fixed_fir_plus_l1_09_allpass,9.991038787902e-01,-4.289607810334e-03,-8.961212097665e-04,-4.289607810334e-03,0.438221045
6419000000.000000,after_l1_08_fixed_fir_plus_l1_09_allpass,1.000737163343e+00,-5.608103635952e-03,7.371633432383e-04,-5.608103635952e-03,0.565634477
6420000000.000000,after_l1_08_fixed_fir_plus_l1_09_allpass,1.000531764193e+00,-5.517920413612e-03,5.317641933966e-04,-5.517920413612e-03,0.554348436
6421000000.000000,after_l1_08_fixed_fir_plus_l1_09_allpass,1.000441387848e+00,-5.634070977316e-03,4.413878477851e-04,-5.634070977316e-03,0.565133427
6422000000.000000,after_l1_08_fixed_fir_plus_l1_09_allpass,1.001836994785e+00,-5.348884823536e-03,1.836994785082e-03,-5.348884823536e-03,0.565553876
6423000000.000000,after_l1_08_fixed_fir_plus_l1_09_allpass,9.999108425877e-01,-7.138517396393e-03,-8.915741225024e-05,-7.138517396393e-03,0.713907415
6424000000.000000,after_l1_08_fixed_fir_plus_l1_09_allpass,1.001086137776e+00,-1.185830718223e-02,1.086137775837e-03,-1.185830718223e-02,1.190794460
6425000000.000000,after_l1_08_fixed_fir_plus_l1_09_allpass,9.989564325548e-01,-6.725402485498e-03,-1.043567445228e-03,-6.725402485498e-03,0.680588507
6426000000.000000,after_l1_08_fixed_fir_plus_l1_09_allpass,9.995163553469e-01,-8.589890015287e-03,-4.836446530948e-04,-8.589890015287e-03,0.860349479
6427000000.000000,after_l1_08_fixed_fir_plus_l1_09_allpass,9.986893567098e-01,-5.954052897999e-03,-1.310643290190e-03,-5.954052897999e-03,0.609660002
6428000000.000000,after_l1_08_fixed_fir_plus_l1_09_allpass,9.983399050387e-01,-8.148794836303e-03,-1.660094961349e-03,-8.148794836303e-03,0.831617536
6429000000.000000,after_l1_08_fixed_fir_plus_l1_09_allpass,9.988086865009e-01,-9.253369847059e-03,-1.191313499084e-03,-9.253369847059e-03,0.932974176
6430000000.000000,after_l1_08_fixed_fir_plus_l1_09_allpass,9.996890968283e-01,-1.142466872830e-02,-3.109031717359e-04,-1.142466872830e-02,1.142889830
6431000000.000000,after_l1_08_fixed_fir_plus_l1_09_allpass,9.988821854923e-01,-1.024606747737e-02,-1.117814507661e-03,-1.024606747737e-02,1.030686218
6432000000.000000,after_l1_08_fixed_fir_plus_l1_09_allpass,9.986926446116e-01,-1.175910002530e-02,-1.307355388382e-03,-1.175910002530e-02,1.183155153
6433000000.000000,after_l1_08_fixed_fir_plus_l1_09_allpass,9.969306871681e-01,-1.400546979259e-02,-3.069312831943e-03,-1.400546979259e-02,1.433784731
6434000000.000000,after_l1_08_fixed_fir_plus_l1_09_allpass,9.989854844462e-01,-1.494542541366e-02,-1.014515553759e-03,-1.494542541366e-02,1.497981918
6435000000.000000,after_l1_08_fixed_fir_plus_l1_09_allpass,9.959933461364e-01,-1.495314828709e-02,-4.006653863552e-03,-1.495314828709e-02,1.548063044
6436000000.000000,after_l1_08_fixed_fir_plus_l1_09_allpass,9.986189646782e-01,-1.260550702106e-02,-1.381035321784e-03,-1.260550702106e-02,1.268093316
6437000000.000000,after_l1_08_fixed_fir_plus_l1_09_allpass,9.952971629895e-01,-1.277160037212e-02,-4.702837010493e-03,-1.277160037212e-02,1.360993946
6438000000.000000,after_l1_08_fixed_fir_plus_l1_09_allpass,9.974198458950e-01,-1.594001564364e-02,-2.580154105013e-03,-1.594001564364e-02,1.614748568
6439000000.000000,after_l1_08_fixed_fir_plus_l1_09_allpass,9.981841289139e-01,-1.612720684702e-02,-1.815871086138e-03,-1.612720684702e-02,1.622911546
6440000000.000000,after_l1_08_fixed_fir_plus_l1_09_allpass,9.986249640022e-01,-1.827407619693e-02,-1.375035997768e-03,-1.827407619693e-02,1.832573559
6441000000.000000,after_l1_08_fixed_fir_plus_l1_09_allpass,9.981239246730e-01,-2.118211866586e-02,-1.876075326965e-03,-2.118211866586e-02,2.126503726
6442000000.000000,after_l1_08_fixed_fir_plus_l1_09_allpass,9.975907981559e-01,-1.948728869983e-02,-2.409201844078e-03,-1.948728869983e-02,1.963564805
6443000000.000000,after_l1_08_fixed_fir_plus_l1_09_allpass,9.979172381284e-01,-1.954863407831e-02,-2.082761871594e-03,-1.954863407831e-02,1.965927240
6444000000.000000,after_l1_08_fixed_fir_plus_l1_09_allpass,9.975657865419e-01,-1.652901283860e-02,-2.434213458063e-03,-1.652901283860e-02,1.670729363
6445000000.000000,after_l1_08_fixed_fir_plus_l1_09_allpass,9.958887757650e-01,-1.814773895996e-02,-4.111224234968e-03,-1.814773895996e-02,1.860759506
6446000000.000000,after_l1_08_fixed_fir_plus_l1_09_allpass,9.978154097299e-01,-2.080557894679e-02,-2.184590270059e-03,-2.080557894679e-02,2.091995578
6447000000.000000,after_l1_08_fixed_fir_plus_l1_09_allpass,9.986859673788e-01,-2.022398456728e-02,-1.314032621235e-03,-2.022398456728e-02,2.026662857
6448000000.000000,after_l1_08_fixed_fir_plus_l1_09_allpass,9.963003345757e-01,-2.380749591710e-02,-3.699665424261e-03,-2.380749591710e-02,2.409324358
6449000000.000000,after_l1_08_fixed_fir_plus_l1_09_allpass,9.940967735500e-01,-2.314212856496e-02,-5.903226450047e-03,-2.314212856496e-02,2.388317812
6450000000.000000,after_l1_08_fixed_fir_plus_l1_09_allpass,9.957465568776e-01,-2.510957211337e-02,-4.253443122361e-03,-2.510957211337e-02,2.546728078
