subcarrier_index,fft_bin,freq_hz,reference_i,reference_q,after_l1_08_equalized_i,after_l1_08_equalized_q,after_l1_08_plus_l1_09_equalized_i,after_l1_08_plus_l1_09_equalized_q,allpass_abs,allpass_phase_rad
0,15156,5550292968.750000,-2.741094685682e+02,5.482189371364e+01,-2.823474963983e+02,-5.122663246075e+01,-2.462106834476e+02,6.306126659045e+01,1.000000000000e+00,-1.657141987181
1,15157,5550659179.687500,3.837532559955e+02,-3.837532559955e+02,5.116442384753e+02,-2.208930605431e+02,4.058948625377e+02,-3.888243406323e+02,1.000000000000e+00,-1.682365786646
2,15158,5551025390.625000,-3.837532559955e+02,-5.482189371364e+01,-3.453950182960e+02,-1.981050770275e+02,-3.584089202446e+02,-4.355431932494e+01,1.000000000000e+00,-1.707586300446
3,15159,5551391601.562500,5.482189371364e+01,3.837532559955e+02,-9.409552838255e+01,3.867686554415e+02,9.018296379185e+01,3.889104461942e+02,1.000000000000e+00,-1.732803239724
4,15160,5551757812.500000,5.482189371364e+01,-5.482189371364e+01,7.320439807815e+01,-3.122328484465e+01,8.199982844033e+01,-5.067919549621e+01,1.000000000000e+00,-1.758016316908
5,15161,5552124023.437500,1.644656811409e+02,-1.644656811409e+02,2.196002166769e+02,-9.344679145235e+01,1.898680136451e+02,-1.621256788774e+02,1.000000000000e+00,-1.783225245770
6,15162,5552490234.375000,1.644656811409e+02,-1.644656811409e+02,2.193877129751e+02,-9.357112803255e+01,1.894002387554e+02,-1.617757573536e+02,1.000000000000e+00,-1.808429741496
7,15163,5552856445.312500,-5.482189371364e+01,-3.837532559955e+02,9.424820559530e+01,-3.859285259825e+02,-3.579123824299e+01,-3.760240611278e+02,1.000000000000e+00,-1.833629520752
8,15164,5553222656.250000,-5.482189371364e+01,5.482189371364e+01,-7.308379095886e+01,3.113863019198e+01,-2.570602705254e+01,6.387878497023e+01,1.000000000000e+00,-1.858824301741
9,15165,5553588867.187500,3.837532559955e+02,-3.837532559955e+02,5.121968195491e+02,-2.167110962010e+02,4.038597267992e+02,-3.845026236377e+02,1.000000000000e+00,-1.884013804272
10,15166,5553955078.125000,-2.741094685682e+02,1.644656811409e+02,-3.238092486768e+02,4.985659243927e+01,-2.433903243816e+02,1.793347945081e+02,1.000000000000e+00,-1.909197749822
11,15167,5554321289.062500,5.482189371364e+01,3.837532559955e+02,-9.679336862421e+01,3.854755343188e+02,9.100961991413e+01,3.928800545102e+02,1.000000000000e+00,-1.934375861594
12,15168,5554687500.000000,5.482189371364e+01,1.644656811409e+02,-1.174608300190e+01,1.774206602954e+02,8.639160126143e+01,1.737032994892e+02,1.000000000000e+00,-1.959547864579
13,15169,5555053710.937500,2.741094685682e+02,-1.644656811409e+02,3.241601009501e+02,-4.984323425091e+01,2.984008334226e+02,-1.609105808940e+02,1.000000000000e+00,-1.984713485615
14,15170,5555419921.875000,5.482189371364e+01,-3.837532559955e+02,2.010685937890e+02,-3.431525688611e+02,7.265665100668e+01,-3.749194937419e+02,1.000000000000e+00,-2.009872453448
15,15171,5555786132.812500,-2.741094685682e+02,5.482189371364e+01,-2.815850912968e+02,-5.444618369222e+01,-2.461442658854e+02,7.406729188894e+01,1.000000000000e+00,-2.035024498786
16,15172,5556152343.750000,5.482189371364e+01,-1.644656811409e+02,1.159805549816e+02,-1.348045756368e+02,7.759954905405e+01,-1.539016662743e+02,1.000000000000e+00,-2.060169354357
17,15173,5556518554.687500,-3.837532559955e+02,-3.837532559955e+02,-2.147615602997e+02,-5.133175754802e+02,-3.683353646403e+02,-3.606988063502e+02,1.000000000000e+00,-2.085306754966
18,15174,5556884765.625000,-5.482189371364e+01,3.837532559955e+02,-2.013316670814e+02,3.424658562244e+02,-1.705800390948e+01,3.995645890331e+02,1.000000000000e+00,-2.110436437548
19,15175,5557250976.562500,-3.837532559955e+02,2.741094685682e+02,-4.705351888327e+02,1.095785492967e+02,-3.499020910143e+02,2.994885961670e+02,1.000000000000e+00,-2.135558141221
20,15176,5557617187.500000,2.741094685682e+02,-1.644656811409e+02,3.238852973934e+02,-4.776707796338e+01,2.963252230094e+02,-1.571624813456e+02,1.000000000000e+00,-2.160671607339
21,15177,5557983398.437500,-1.644656811409e+02,-3.837532559955e+02,-3.570084619292e+00,-4.274669198278e+02,-1.482192157686e+02,-3.644311091035e+02,1.000000000000e+00,-2.185776579543
22,15178,5558349609.375000,-5.482189371364e+01,-5.482189371364e+01,-3.014071109855e+01,-7.350179659965e+01,-3.046903769300e+01,-3.744490477548e+01,1.000000000000e+00,-2.210872803813
23,15179,5558715820.312500,-3.837532559955e+02,-1.644656811409e+02,-2.980803785337e+02,-3.073467435863e+02,-3.636467310323e+02,-1.372783118306e+02,1.000000000000e+00,-2.235960028512
24,15180,5559082031.250000,-3.837532559955e+02,3.837532559955e+02,-5.150807363244e+02,2.114387278683e+02,-3.479195670482e+02,4.133009507680e+02,1.000000000000e+00,-2.261038004440
25,15181,5559448242.187500,-5.482189371364e+01,-1.644656811409e+02,1.347862307143e+01,-1.772065596680e+02,-3.459963232620e+01,-1.454931970047e+02,1.000000000000e+00,-2.286106484877
26,15182,5559814453.125000,5.482189371364e+01,-1.644656811409e+02,1.172524813681e+02,-1.333619813759e+02,7.501617183457e+01,-1.479695644064e+02,1.000000000000e+00,-2.311165225629
27,15183,5560180664.062500,-1.644656811409e+02,-5.482189371364e+01,-1.333007036430e+02,-1.173146846704e+02,-1.417096923233e+02,-3.129756537996e+01,1.000000000000e+00,-2.336213985070
28,15184,5560546875.000000,3.837532559955e+02,2.741094685682e+02,2.532699067226e+02,4.117590231496e+02,4.171520054277e+02,2.819379543020e+02,1.000000000000e+00,-2.361252524191
29,15185,5560913085.937500,5.482189371364e+01,-5.482189371364e+01,7.364758123178e+01,-3.002705699360e+01,7.700084484451e+01,-3.690665254676e+01,1.000000000000e+00,-2.386280606635
30,15186,5561279296.875000,3.837532559955e+02,-3.837532559955e+02,5.155694252276e+02,-2.092248089313e+02,3.954425873341e+02,-3.765850167042e+02,1.000000000000e+00,-2.411297998742
31,15187,5561645507.812500,-3.837532559955e+02,-2.741094685682e+02,-2.517433983019e+02,-4.122148965057e+02,-3.695053219975e+02,-2.413966294021e+02,1.000000000000e+00,-2.436304469586
32,15188,5562011718.750000,5.482189371364e+01,-5.482189371364e+01,7.364676247195e+01,-2.948136688850e+01,7.595738713279e+01,-3.502409045575e+01,1.000000000000e+00,-2.461299791014
33,15189,5562377929.687500,1.644656811409e+02,-3.837532559955e+02,3.094647665493e+02,-2.946345259016e+02,1.750946403494e+02,-3.668992739984e+02,1.000000000000e+00,-2.486283737681
34,15190,5562744140.625000,2.741094685682e+02,-1.644656811409e+02,3.242496259290e+02,-4.402323903633e+01,2.910384965684e+02,-1.506682314518e+02,1.000000000000e+00,-2.511256087089
35,15191,5563110351.562500,1.644656811409e+02,-3.837532559955e+02,3.098771341203e+02,-2.945825311715e+02,1.738411926574e+02,-3.663545132799e+02,1.000000000000e+00,-2.536216619617
36,15192,5563476562.500000,-5.482189371364e+01,-3.837532559955e+02,1.036758771273e+02,-3.835232312272e+02,-4.643297041827e+01,-3.590622821292e+02,1.000000000000e+00,-2.561165118557
37,15193,5563842773.437500,-3.837532559955e+02,-1.644656811409e+02,-2.949830021965e+02,-3.104323631991e+02,-3.694648439989e+02,-1.278485366387e+02,1.000000000000e+00,-2.586101370142
38,15194,5564208984.375000,-1.644656811409e+02,-5.482189371364e+01,-1.327941975386e+02,-1.183114820121e+02,-1.464906143027e+02,-2.480904889102e+01,1.000000000000e+00,-2.611025163581
39,15195,5564575195.312500,-1.644656811409e+02,5.482189371364e+01,-1.771867647982e+02,-1.496026708144e+01,-1.430026928608e+02,8.571582669294e+01,1.000000000000e+00,-2.635936291084
40,15196,5564941406.250000,-5.482189371364e+01,2.741094685682e+02,-1.626479845106e+02,2.360534105069e+02,-2.536320866075e+01,3.019495675639e+02,1.000000000000e+00,-2.660834547892
41,15197,5565307617.187500,5.482189371364e+01,-1.644656811409e+02,1.184930843448e+02,-1.324959791615e+02,6.785345563365e+01,-1.410298194802e+02,1.000000000000e+00,-2.685719732301
42,15198,5565673828.125000,-2.741094685682e+02,-5.482189371364e+01,-2.352685603004e+02,-1.636233102728e+02,-2.580815307699e+02,-1.923751298499e+01,1.000000000000e+00,-2.710591645690
43,15199,5566040039.062500,5.482189371364e+01,-5.482189371364e+01,7.400866052564e+01,-2.896106053117e+01,7.096175417552e+01,-3.019994398282e+01,1.000000000000e+00,-2.735450092542
44,15200,5566406250.000000,-5.482189371364e+01,2.741094685682e+02,-1.641613062827e+02,2.349949786448e+02,-2.805580797131e+01,3.035092098498e+02,1.000000000000e+00,-2.760294880467
45,15201,5566772460.937500,1.644656811409e+02,-1.644656811409e+02,2.221926253691e+02,-8.696093133820e+01,1.758557402082e+02,-1.433516094476e+02,1.000000000000e+00,-2.785125820226
46,15202,5567138671.875000,5.482189371364e+01,-5.482189371364e+01,7.409876180736e+01,-2.896172727459e+01,6.931739835113e+01,-2.920908191943e+01,1.000000000000e+00,-2.809942725747
47,15203,5567504882.812500,3.837532559955e+02,-1.644656811409e+02,4.284696170372e+02,3.920072138849e+00,3.947182016321e+02,-1.505337156062e+02,1.000000000000e+00,-2.834745414146
48,15204,5567871093.750000,1.644656811409e+02,-3.837532559955e+02,3.133783371055e+02,-2.923084013033e+02,1.665946634544e+02,-3.622264908299e+02,1.000000000000e+00,-2.859533705743
49,15205,5568237304.687500,1.644656811409e+02,-1.644656811409e+02,2.225220085618e+02,-8.629801152039e+01,1.736334348135e+02,-1.420268933930e+02,1.000000000000e+00,-2.884307424078
50,15206,5568603515.625000,1.644656811409e+02,1.644656811409e+02,8.635029307652e+01,2.223740959125e+02,1.850660438846e+02,1.877887708405e+02,1.000000000000e+00,-2.909066395929
51,15207,5568969726.562500,5.482189371364e+01,5.482189371364e+01,2.880081411638e+01,7.407537479261e+01,7.056219008621e+01,8.224117820285e+01,1.000000000000e+00,-2.933810451320
52,15208,5569335937.500000,-3.837532559955e+02,5.482189371364e+01,-3.828897909638e+02,-1.070210360364e+02,-3.693556476863e+02,9.989854531889e+01,1.000000000000e+00,-2.958539423540
53,15209,5569702148.437500,1.644656811409e+02,-2.741094685682e+02,2.677194340630e+02,-1.895273597580e+02,1.661041114847e+02,-2.513861341823e+02,1.000000000000e+00,-2.983253149146
54,15210,5570068359.375000,5.482189371364e+01,1.644656811409e+02,-1.651649146739e+01,1.771732997869e+02,7.348461086576e+01,1.929905424721e+02,1.000000000000e+00,-3.007951467980
55,15211,5570434570.312500,-2.741094685682e+02,-3.837532559955e+02,-9.759449594176e+01,-4.737082947026e+02,-2.785969912425e+02,-3.430799020878e+02,1.000000000000e+00,-3.032634223176
56,15212,5570800781.250000,-2.741094685682e+02,-1.644656811409e+02,-1.879073177476e+02,-2.683161733924e+02,-2.700883769999e+02,-1.234427362322e+02,1.000000000000e+00,-3.057301261164
57,15213,5571166992.187500,2.741094685682e+02,-1.644656811409e+02,3.251105905841e+02,-3.909121452463e+01,2.781460774573e+02,-1.437060215792e+02,1.000000000000e+00,-3.081952431680
58,15214,5571533203.125000,-2.741094685682e+02,-3.837532559955e+02,-9.572030191707e+01,-4.735983474765e+02,-2.796035076232e+02,-3.424227874103e+02,1.000000000000e+00,-3.106587587771
59,15215,5571899414.062500,-5.482189371364e+01,2.741094685682e+02,-1.660402527818e+02,2.334231896177e+02,-3.563489913597e+01,3.080588941941e+02,1.000000000000e+00,-3.131206585795
60,15216,5572265625.000000,-2.741094685682e+02,3.837532559955e+02,-4.170562964667e+02,2.441986089705e+02,-2.512900448280e+02,4.266947542176e+02,1.000000000000e+00,3.127376021749
61,15217,5572631835.937500,-1.644656811409e+02,-2.741094685682e+02,-3.911527904172e+01,-3.252487572176e+02,-1.682354720473e+02,-2.359178849809e+02,1.000000000000e+00,3.102789757508
62,15218,5572998046.875000,2.741094685682e+02,3.837532559955e+02,9.583684575446e+01,4.736979868762e+02,2.968688373115e+02,4.050389998630e+02,1.000000000000e+00,3.078220062346
63,15219,5573364257.812500,5.482189371364e+01,5.482189371364e+01,2.833851773142e+01,7.423242627616e+01,6.327658068846e+01,8.483383973726e+01,1.000000000000e+00,3.053667066630
64,15220,5573730468.750000,5.482189371364e+01,1.644656811409e+02,-1.757278036430e+01,1.768115463310e+02,6.726342300677e+01,1.947141917392e+02,1.000000000000e+00,3.029130897410
65,15221,5574096679.687500,-5.482189371364e+01,3.837532559955e+02,-2.120652481024e+02,3.359700126215e+02,-3.384012316287e+01,4.189862513942e+02,1.000000000000e+00,3.004611678420
66,15222,5574462890.625000,2.741094685682e+02,-2.741094685682e+02,3.712852686331e+02,-1.411220416779e+02,2.670389945982e+02,-2.532406420323e+02,1.000000000000e+00,2.980109530084
67,15223,5574829101.562500,-5.482189371364e+01,3.837532559955e+02,-2.126442907200e+02,3.353672611832e+02,-3.546472823027e+01,4.189580216946e+02,1.000000000000e+00,2.955624569520
68,15224,5575195312.500000,-5.482189371364e+01,-2.741094685682e+02,6.446589884895e+01,-2.790427625114e+02,-6.319871924829e+01,-2.393444688251e+02,1.000000000000e+00,2.931156910543
69,15225,5575561523.437500,-1.644656811409e+02,2.741094685682e+02,-2.695930426528e+02,1.862255477310e+02,-1.515785411272e+02,3.138553698146e+02,1.000000000000e+00,2.906706663676
70,15226,5575927734.375000,1.644656811409e+02,-3.837532559955e+02,3.165874381215e+02,-2.882557054090e+02,1.513154685775e+02,-3.580125825689e+02,1.000000000000e+00,2.882273936154
71,15227,5576293945.312500,-3.837532559955e+02,2.741094685682e+02,-4.743503510069e+02,9.297678377740e+01,-3.724104876955e+02,3.227584604570e+02,1.000000000000e+00,2.857858831935
72,15228,5576660156.250000,-1.644656811409e+02,-3.837532559955e+02,8.841796973751e+00,-4.275291779425e+02,-1.803738440319e+02,-3.441657767794e+02,1.000000000000e+00,2.833461451705
73,15229,5577026367.187500,-5.482189371364e+01,2.741094685682e+02,-1.667278763883e+02,2.325176858300e+02,-4.349407278024e+01,3.093188458899e+02,1.000000000000e+00,2.809081892896
74,15230,5577392578.125000,2.741094685682e+02,2.741094685682e+02,1.392794824607e+02,3.717074860981e+02,2.843611810030e+02,2.957536729403e+02,1.000000000000e+00,2.784720249690
75,15231,5577758789.062500,-5.482189371364e+01,2.741094685682e+02,-1.678970965848e+02,2.319821543981e+02,-4.582961749374e+01,3.093631413296e+02,1.000000000000e+00,2.760376613032
76,15232,5578125000.000000,3.837532559955e+02,3.837532559955e+02,1.933576458681e+02,5.215028285806e+02,3.966260717255e+02,4.021626840142e+02,1.000000000000e+00,2.736051070649
77,15233,5578491210.937500,-3.837532559955e+02,1.644656811409e+02,-4.279138571941e+02,-1.063724655668e+01,-3.809494866769e+02,2.127654858960e+02,1.000000000000e+00,2.711743707056
78,15234,5578857421.875000,3.837532559955e+02,-3.837532559955e+02,5.216626987212e+02,-1.941245521824e+02,3.650099250322e+02,-3.674540159155e+02,1.000000000000e+00,2.687454603575
79,15235,5579223632.812500,3.837532559955e+02,-5.482189371364e+01,3.813634430066e+02,1.124171153782e+02,3.777157012906e+02,-3.836081562039e+01,1.000000000000e+00,2.663183838347
80,15236,5579589843.750000,5.482189371364e+01,-3.837532559955e+02,2.144594769953e+02,-3.346900329369e+02,3.339085199319e+01,-3.542250691983e+02,1.000000000000e+00,2.638931486352
81,15237,5579956054.687500,2.741094685682e+02,-1.644656811409e+02,3.256312451183e+02,-3.697011067936e+01,2.615317721933e+02,-1.442827520322e+02,1.000000000000e+00,2.614697619425
82,15238,5580322265.625000,3.837532559955e+02,5.482189371364e+01,3.343585683597e+02,2.144755923340e+02,3.800364213097e+02,7.066144334321e+01,1.000000000000e+00,2.590482306268
83,15239,5580688476.562500,5.482189371364e+01,1.644656811409e+02,-1.913919196887e+01,1.765236950195e+02,5.465538745084e+01,1.943400091966e+02,1.000000000000e+00,2.566285612476
84,15240,5581054687.500000,-3.837532559955e+02,-3.837532559955e+02,-1.929384866987e+02,-5.210764872580e+02,-4.072932097480e+02,-3.361184332973e+02,1.000000000000e+00,2.542107600550
85,15241,5581420898.437500,1.644656811409e+02,2.741094685682e+02,3.600409244436e+01,3.254783722219e+02,1.677030986582e+02,2.991475135652e+02,1.000000000000e+00,2.517948329920
86,15242,5581787109.375000,1.644656811409e+02,-1.644656811409e+02,2.234728744258e+02,-8.301618318348e+01,1.486448045221e+02,-1.401256007277e+02,1.000000000000e+00,2.493807856963
87,15243,5582153320.312500,-1.644656811409e+02,1.644656811409e+02,-2.234922914024e+02,8.308383918729e+01,-1.672031337392e+02,2.031323974969e+02,1.000000000000e+00,2.469686235025
88,15244,5582519531.250000,-5.482189371364e+01,2.741094685682e+02,-1.680868501623e+02,2.319719299666e+02,-5.328053282919e+01,3.078756186658e+02,1.000000000000e+00,2.445583514439
89,15245,5582885742.187500,5.482189371364e+01,-3.837532559955e+02,2.148773384949e+02,-3.339725587384e+02,2.742179685779e+01,-3.554795513276e+02,1.000000000000e+00,2.421499742553
90,15246,5583251953.125000,3.837532559955e+02,1.644656811409e+02,2.868680460213e+02,3.173147315230e+02,3.795466887207e+02,1.789959843881e+02,1.000000000000e+00,2.397434963747
91,15247,5583618164.062500,2.741094685682e+02,5.482189371364e+01,2.315460417134e+02,1.687090224573e+02,2.645978642762e+02,7.400973579562e+01,1.000000000000e+00,2.373389219457
92,15248,5583984375.000000,-3.837532559955e+02,-2.741094685682e+02,-2.389005048727e+02,-4.203217470533e+02,-4.079146958052e+02,-2.291517245628e+02,1.000000000000e+00,2.349362548201
93,15249,5584350585.937500,-3.837532559955e+02,-5.482189371364e+01,-3.336897108518e+02,-2.156977109428e+02,-3.997820990231e+02,-9.091088238435e+00,1.000000000000e+00,2.325354985598
94,15250,5584716796.875000,3.837532559955e+02,-5.482189371364e+01,3.808713319911e+02,1.128878392960e+02,3.678684065411e+02,-4.210436232937e+01,1.000000000000e+00,2.301366564398
95,15251,5585083007.812500,-2.741094685682e+02,-1.644656811409e+02,-1.853699190182e+02,-2.700686874028e+02,-2.961549927331e+02,-1.230970326659e+02,1.000000000000e+00,2.277397314503
96,15252,5585449218.750000,5.482189371364e+01,-1.644656811409e+02,1.213946843926e+02,-1.298301998006e+02,3.270703409093e+01,-1.382268840326e+02,1.000000000000e+00,2.253447262991
97,15253,5585815429.687500,-3.837532559955e+02,3.837532559955e+02,-5.221863083586e+02,1.930325564063e+02,-3.837545958667e+02,4.293968412929e+02,1.000000000000e+00,2.229516434148
98,15254,5586181640.625000,3.837532559955e+02,-3.837532559955e+02,5.223340065405e+02,-1.925627365954e+02,3.524155349699e+02,-3.723455344244e+02,1.000000000000e+00,2.205604849486
99,15255,5586547851.562500,-3.837532559955e+02,5.482189371364e+01,-3.807019035054e+02,-1.139508197664e+02,-3.986911909541e+02,9.850121368031e+01,1.000000000000e+00,2.181712527773
100,15256,5586914062.500000,5.482189371364e+01,-3.837532559955e+02,2.160286709767e+02,-3.332419711701e+02,2.211434489866e+01,-3.588376351410e+02,1.000000000000e+00,2.157839485062
101,15257,5587280273.437500,3.837532559955e+02,-3.837532559955e+02,5.218471896851e+02,-1.920939156997e+02,3.506282725332e+02,-3.728197207651e+02,1.000000000000e+00,2.133985734714
102,15258,5587646484.375000,3.837532559955e+02,-3.837532559955e+02,5.218801751523e+02,-1.926432279800e+02,3.499221590850e+02,-3.736870888647e+02,1.000000000000e+00,2.110151287426
103,15259,5588012695.312500,5.482189371364e+01,-3.837532559955e+02,2.154483161428e+02,-3.340467822104e+02,1.977873165882e+01,-3.604644024151e+02,1.000000000000e+00,2.086336151260
104,15260,5588378906.250000,-1.644656811409e+02,-5.482189371364e+01,-1.295565747802e+02,-1.215123844137e+02,-1.861276598123e+02,-2.214435385398e+01,1.000000000000e+00,2.062540331670
105,15261,5588745117.187500,-2.741094685682e+02,5.482189371364e+01,-2.783187793820e+02,-6.661019369326e+01,-2.915865765692e+02,9.148375694254e+01,1.000000000000e+00,2.038763831531
106,15262,5589111328.125000,-3.837532559955e+02,-3.837532559955e+02,-1.919229389589e+02,-5.212271486529e+02,-4.194491112005e+02,-3.431167998107e+02,1.000000000000e+00,2.015006651165
107,15263,5589477539.062500,-1.644656811409e+02,-2.741094685682e+02,-3.545051866409e+01,-3.255252078532e+02,-1.965004399850e+02,-2.430052356887e+02,1.000000000000e+00,1.991268788371
108,15264,5589843750.000000,2.741094685682e+02,2.741094685682e+02,1.378109107490e+02,3.727828844266e+02,2.648443513798e+02,2.871583346452e+02,1.000000000000e+00,1.967550238454
109,15265,5590209960.937500,-5.482189371364e+01,-3.837532559955e+02,1.134295611369e+02,-3.809299998398e+02,-9.235540440244e+01,-3.584937510029e+02,1.000000000000e+00,1.943850994254
110,15266,5590576171.875000,3.837532559955e+02,3.837532559955e+02,1.925716016542e+02,5.217199473338e+02,3.778050807574e+02,3.916302341561e+02,1.000000000000e+00,1.920171046173
111,15267,5590942382.812500,1.644656811409e+02,5.482189371364e+01,1.294177121704e+02,1.215473042766e+02,1.443514857821e+02,7.090166444354e+01,1.000000000000e+00,1.896510382206
112,15268,5591308593.750000,3.837532559955e+02,-3.837532559955e+02,5.214860064632e+02,-1.925114572737e+02,3.457491159639e+02,-3.773013676912e+02,1.000000000000e+00,1.872868987970
113,15269,5591674804.687500,-1.644656811409e+02,1.644656811409e+02,-2.234941706969e+02,8.269108433194e+01,-1.810918428405e+02,1.929380428834e+02,1.000000000000e+00,1.849246846735
114,15270,5592041015.625000,5.482189371364e+01,-1.644656811409e+02,1.213716795374e+02,-1.297331491955e+02,2.455626101331e+01,-1.457681027459e+02,1.000000000000e+00,1.825643939447
115,15271,5592407226.562500,3.837532559955e+02,-2.741094685682e+02,4.744442508311e+02,-9.124882589050e+01,3.489090340783e+02,-2.694084718816e+02,1.000000000000e+00,1.802060244768
116,15272,5592773437.500000,3.837532559955e+02,-5.482189371364e+01,3.806473217988e+02,1.128547441510e+02,3.574275341718e+02,-5.037135315194e+01,1.000000000000e+00,1.778495739096
117,15273,5593139648.437500,5.482189371364e+01,-3.837532559955e+02,2.148128362240e+02,-3.337453530979e+02,1.468396407078e+01,-3.664878995781e+02,1.000000000000e+00,1.754950396599
118,15274,5593505859.375000,2.741094685682e+02,5.482189371364e+01,2.316455860859e+02,1.679241240820e+02,2.513112668731e+02,6.282084359482e+01,1.000000000000e+00,1.731424189247
119,15275,5593872070.312500,-5.482189371364e+01,-1.644656811409e+02,1.911418769568e+01,-1.763416897245e+02,-8.664056322234e+01,-1.437146416301e+02,1.000000000000e+00,1.707917086835
120,15276,5594238281.250000,5.482189371364e+01,1.644656811409e+02,-1.901589655476e+01,1.763655288921e+02,3.580687805652e+01,1.801353180226e+02,1.000000000000e+00,1.684429057022
121,15277,5594604492.187500,-2.741094685682e+02,-2.741094685682e+02,-1.386713107579e+02,-3.717493799695e+02,-3.110404153167e+02,-2.455979050934e+02,1.000000000000e+00,1.660960065351
122,15278,5594970703.125000,5.482189371364e+01,3.837532559955e+02,-1.118437064466e+02,3.808065410514e+02,4.434205179001e+01,3.984037654551e+02,1.000000000000e+00,1.637510075285
123,15279,5595336914.062500,3.837532559955e+02,-3.837532559955e+02,5.207060567086e+02,-1.946280512136e+02,3.421285965998e+02,-3.831661381131e+02,1.000000000000e+00,1.614079048237
124,15280,5595703125.000000,5.482189371364e+01,5.482189371364e+01,2.780052339268e+01,7.442598117162e+01,3.037900330917e+01,6.841592249401e+01,1.000000000000e+00,1.590666943596
125,15281,5596069335.937500,-1.644656811409e+02,1.644656811409e+02,-2.233964009442e+02,8.336521351894e+01,-1.852559314905e+02,1.862269421716e+02,1.000000000000e+00,1.567273718758
126,15282,5596435546.875000,-1.644656811409e+02,-1.644656811409e+02,-8.321808700047e+01,-2.235159785419e+02,-1.980700167001e+02,-1.440420914534e+02,1.000000000000e+00,1.543899329158
127,15283,5596801757.812500,-3.837532559955e+02,-2.741094685682e+02,-2.406867854660e+02,-4.195806055294e+02,-4.218473337689e+02,-2.468200419846e+02,1.000000000000e+00,1.520543728297
128,15284,5597167968.750000,-3.837532559955e+02,3.837532559955e+02,-5.215884977520e+02,1.943219367773e+02,-3.980410988780e+02,4.119984827291e+02,1.000000000000e+00,1.497206867771
129,15285,5597534179.687500,-3.837532559955e+02,-2.741094685682e+02,-2.422176718059e+02,-4.183957755478e+02,-4.227523230388e+02,-2.467207138174e+02,1.000000000000e+00,1.473888697303
130,15286,5597900390.625000,5.482189371364e+01,-2.741094685682e+02,1.664659199591e+02,-2.330921782144e+02,1.562365778566e+01,-2.643888914143e+02,1.000000000000e+00,1.450589164769
131,15287,5598266601.562500,-2.741094685682e+02,-3.837532559955e+02,-9.498264192399e+01,-4.741125505062e+02,-3.183583664164e+02,-3.614479016085e+02,1.000000000000e+00,1.427308216230
132,15288,5598632812.500000,3.837532559955e+02,-1.644656811409e+02,4.284558545147e+02,7.894283967966e+00,3.500589737543e+02,-1.690558887016e+02,1.000000000000e+00,1.404045795961
133,15289,5598999023.437500,2.741094685682e+02,3.837532559955e+02,9.443538221851e+01,4.752559665012e+02,2.615021100457e+02,3.852133711238e+02,1.000000000000e+00,1.380801846476
134,15290,5599365234.375000,-2.741094685682e+02,-3.837532559955e+02,-9.510597502446e+01,-4.746180945909e+02,-3.183483533696e+02,-3.641630484789e+02,1.000000000000e+00,1.357576308562
135,15291,5599731445.312500,3.837532559955e+02,3.837532559955e+02,1.983913330879e+02,5.199069768672e+02,3.712164497052e+02,3.783354111157e+02,1.000000000000e+00,1.334369121303
136,15292,5600097656.250000,-3.837532559955e+02,-3.837532559955e+02,-1.988196279285e+02,-5.193800006877e+02,-4.283068640783e+02,-3.599251495982e+02,1.000000000000e+00,1.311180222112
137,15293,5600463867.187500,2.741094685682e+02,-5.482189371364e+01,2.795161646915e+02,6.335844091215e+01,2.436842598337e+02,-5.751318559361e+01,1.000000000000e+00,1.288009546757
138,15294,5600830078.125000,1.644656811409e+02,-3.837532559955e+02,3.148065247938e+02,-2.904092303268e+02,1.214692711713e+02,-3.832967425439e+02,1.000000000000e+00,1.264857029392
139,15295,5601196289.062500,-1.644656811409e+02,5.482189371364e+01,-1.769807993620e+02,-1.775241552219e+01,-1.917192173517e+02,6.789420710279e+01,1.000000000000e+00,1.241722602579
140,15296,5601562500.000000,3.837532559955e+02,-1.644656811409e+02,4.282171772702e+02,7.765122268332e+00,3.501453270695e+02,-1.715847956644e+02,1.000000000000e+00,1.218606197323
141,15297,5601928710.937500,2.741094685682e+02,-1.644656811409e+02,3.256484410187e+02,-3.797721103556e+01,2.405366997668e+02,-1.678213426375e+02,1.000000000000e+00,1.195507743096
142,15298,5602294921.875000,-1.644656811409e+02,-2.741094685682e+02,-3.838770474557e+01,-3.254680648812e+02,-2.026059384458e+02,-2.640239484088e+02,1.000000000000e+00,1.172427167862
143,15299,5602661132.812500,-3.837532559955e+02,-1.644656811409e+02,-2.900120230859e+02,-3.145533483380e+02,-4.187092392688e+02,-1.471197709373e+02,1.000000000000e+00,1.149364398110
144,15300,5603027343.750000,-1.644656811409e+02,5.482189371364e+01,-1.767429309773e+02,-1.727270392162e+01,-1.916144251732e+02,6.464886618045e+01,1.000000000000e+00,1.126319358877
145,15301,5603393554.687500,1.644656811409e+02,-3.837532559955e+02,3.135943555306e+02,-2.911334953156e+02,1.222351152378e+02,-3.866079244468e+02,1.000000000000e+00,1.103291973773
146,15302,5603759765.625000,2.741094685682e+02,3.837532559955e+02,9.804166780129e+01,4.735393350044e+02,2.596221605735e+02,3.775203155761e+02,1.000000000000e+00,1.080282165013
147,15303,5604125976.562500,3.837532559955e+02,-3.837532559955e+02,5.188028282271e+02,-2.014158722850e+02,3.418199874040e+02,-3.960102187986e+02,1.000000000000e+00,1.057289853439
148,15304,5604492187.500000,1.644656811409e+02,1.644656811409e+02,8.625293556344e+01,2.221541253405e+02,1.417154591553e+02,1.606532856809e+02,1.000000000000e+00,1.034314958548
149,15305,5604858398.437500,5.482189371364e+01,1.644656811409e+02,-1.653154891891e+01,1.767044229814e+02,3.182346384024e+01,1.638770694456e+02,1.000000000000e+00,1.011357398517
150,15306,5605224609.375000,1.644656811409e+02,-5.482189371364e+01,1.767147061274e+02,1.641148627856e+01,1.340809894667e+02,-5.974342246975e+01,1.000000000000e+00,0.988417090228
151,15307,5605590820.312500,-1.644656811409e+02,-5.482189371364e+01,-1.317242440323e+02,-1.190766980106e+02,-1.949447182680e+02,-4.910946259486e+01,1.000000000000e+00,0.965493949297
152,15308,5605957031.250000,-3.837532559955e+02,1.644656811409e+02,-4.278545773165e+02,-3.113410485505e+00,-4.069945009135e+02,1.774355215094e+02,1.000000000000e+00,0.942587890094
153,15309,5606323242.187500,3.837532559955e+02,2.741094685682e+02,2.482530375364e+02,4.144087481568e+02,3.653339005055e+02,2.601329481336e+02,1.000000000000e+00,0.919698825770
154,15310,5606689453.125000,-2.741094685682e+02,-1.644656811409e+02,-1.903973635140e+02,-2.661722192252e+02,-3.080497420066e+02,-1.564171204923e+02,1.000000000000e+00,0.896826668284
155,15311,5607055664.062500,-5.482189371364e+01,2.741094685682e+02,-1.628420944833e+02,2.351795521042e+02,-7.316407243133e+01,2.739893317537e+02,1.000000000000e+00,0.873971328423
156,15312,5607421875.000000,3.837532559955e+02,-2.741094685682e+02,4.718844538586e+02,-1.017543804322e+02,3.465709680484e+02,-2.898868607148e+02,1.000000000000e+00,0.851132715831
157,15313,5607788085.937500,-2.741094685682e+02,-3.837532559955e+02,-1.019518128976e+02,-4.719867593693e+02,-3.148303274064e+02,-3.777488607251e+02,1.000000000000e+00,0.828310739027
158,15314,5608154296.875000,1.644656811409e+02,-2.741094685682e+02,2.658974001839e+02,-1.909759135431e+02,1.281662506508e+02,-2.832240334185e+02,1.000000000000e+00,0.805505305436
159,15315,5608520507.812500,3.837532559955e+02,-1.644656811409e+02,4.276098423214e+02,1.339312485263e+00,3.516842807183e+02,-1.805551955408e+02,1.000000000000e+00,0.782716321405
160,15316,5608886718.750000,1.644656811409e+02,2.741094685682e+02,4.305893763736e+01,3.245780106491e+02,1.455681190151e+02,2.649957588668e+02,1.000000000000e+00,0.759943692230
161,15317,5609252929.687500,2.741094685682e+02,-2.741094685682e+02,3.691269118187e+02,-1.465653585423e+02,2.395041189747e+02,-2.875304329503e+02,1.000000000000e+00,0.737187322178
162,15318,5609619140.625000,1.644656811409e+02,-2.741094685682e+02,2.657316245766e+02,-1.916262431256e+02,1.298048567642e+02,-2.849958999294e+02,1.000000000000e+00,0.714447114512
163,15319,5609985351.562500,2.741094685682e+02,-1.644656811409e+02,3.246765412951e+02,-4.463695903355e+01,2.431103413466e+02,-1.791784720063e+02,1.000000000000e+00,0.691722971507
164,15320,5610351562.500000,-5.482189371364e+01,3.837532559955e+02,-2.061014263070e+02,3.402055503485e+02,-6.951005947965e+01,3.800071421682e+02,1.000000000000e+00,0.669014794479
165,15321,5610717773.437500,2.741094685682e+02,5.482189371364e+01,2.370654869352e+02,1.619098049554e+02,2.507514457802e+02,3.978783290994e+01,1.000000000000e+00,0.646322483802
166,15322,5611083984.375000,3.837532559955e+02,-1.644656811409e+02,4.289561396120e+02,-1.741097721575e+00,3.545978687134e+02,-1.840479589650e+02,1.000000000000e+00,0.623645938932
167,15323,5611450195.312500,3.837532559955e+02,2.741094685682e+02,2.532928715247e+02,4.124714424132e+02,3.675775966829e+02,2.556804778392e+02,1.000000000000e+00,0.600985058427
168,15324,5611816406.250000,-5.482189371364e+01,5.482189371364e+01,-7.362816037907e+01,2.996974467828e+01,-7.855833599444e+01,4.829256367920e+01,1.000000000000e+00,0.578339739968
169,15325,5612182617.187500,-1.644656811409e+02,3.837532559955e+02,-3.079528586693e+02,2.971687260505e+02,-1.786904820679e+02,3.804569465809e+02,1.000000000000e+00,0.555709880380
170,15326,5612548828.125000,5.482189371364e+01,-1.644656811409e+02,1.172250153586e+02,-1.336400944784e+02,2.571948144808e+01,-1.754311324121e+02,1.000000000000e+00,0.533095375652
171,15327,5612915039.062500,-2.741094685682e+02,-5.482189371364e+01,-2.373653030388e+02,-1.608905799141e+02,-3.006681971091e+02,-5.728946687554e+01,1.000000000000e+00,0.510496120956
172,15328,5613281250.000000,2.741094685682e+02,2.741094685682e+02,1.508202092390e+02,3.676970492464e+02,2.579377555735e+02,2.573234266307e+02,1.000000000000e+00,0.487912010671
173,15329,5613647460.937500,3.837532559955e+02,-2.741094685682e+02,4.706893088124e+02,-1.086584347288e+02,3.525311964862e+02,-2.956327232618e+02,1.000000000000e+00,0.465342938397
174,15330,5614013671.875000,-1.644656811409e+02,-2.741094685682e+02,-4.880360555647e+01,-3.235040272947e+02,-1.961826858168e+02,-2.799540001535e+02,1.000000000000e+00,0.442788796977
175,15331,5614379882.812500,-5.482189371364e+01,3.837532559955e+02,-2.013307055668e+02,3.418424476454e+02,-6.701307447292e+01,3.743204271027e+02,1.000000000000e+00,0.420249478517
176,15332,5614746093.750000,5.482189371364e+01,-1.644656811409e+02,1.158830798224e+02,-1.343349444274e+02,2.737290098363e+01,-1.774411838354e+02,1.000000000000e+00,0.397724874403
177,15333,5615112304.687500,5.482189371364e+01,-5.482189371364e+01,7.320080308275e+01,-3.061908423255e+01,3.076647558334e+01,-6.811326614677e+01,1.000000000000e+00,0.375214875320
178,15334,5615478515.625000,1.644656811409e+02,1.644656811409e+02,9.231010427146e+01,2.195053417666e+02,1.468513043805e+02,1.478722778964e+02,1.000000000000e+00,0.352719371268
179,15335,5615844726.562500,5.482189371364e+01,2.741094685682e+02,-5.350864465376e+01,2.812493001029e+02,4.066446773098e+01,2.603385621734e+02,1.000000000000e+00,0.330238251586
180,15336,5616210937.500000,-2.741094685682e+02,1.644656811409e+02,-3.234295377827e+02,5.069629829982e+01,-2.914776228065e+02,1.592598978751e+02,1.000000000000e+00,0.307771404961
181,15337,5616577148.437500,2.741094685682e+02,-2.741094685682e+02,3.655693131533e+02,-1.544986308365e+02,2.461432253478e+02,-2.942999643580e+02,1.000000000000e+00,0.285318719455
182,15338,5616943359.375000,5.482189371364e+01,1.644656811409e+02,-1.141743240162e+01,1.770632049481e+02,3.772535966924e+01,1.498230614602e+02,1.000000000000e+00,0.262880082511
183,15339,5617309570.312500,-2.741094685682e+02,1.644656811409e+02,-3.236155664316e+02,5.093873328439e+01,-2.912724804538e+02,1.574359577729e+02,1.000000000000e+00,0.240455380981
184,15340,5617675781.250000,-2.741094685682e+02,-2.741094685682e+02,-1.562018937950e+02,-3.659786230766e+02,-3.018897334889e+02,-2.823745355722e+02,1.000000000000e+00,0.218044501135
185,15341,5618041992.187500,5.482189371364e+01,-5.482189371364e+01,7.322447598047e+01,-3.144845427232e+01,3.383941066755e+01,-7.076600018008e+01,1.000000000000e+00,0.195647328679
186,15342,5618408203.125000,-3.837532559955e+02,5.482189371364e+01,-3.871762903248e+02,-9.305404144191e+01,-4.033783075605e+02,5.026445147979e+01,1.000000000000e+00,0.173263748774
187,15343,5618774414.062500,5.482189371364e+01,-2.741094685682e+02,1.556216496064e+02,-2.410982272140e+02,2.873188817778e+01,-2.912903741085e+02,1.000000000000e+00,0.150893646046
188,15344,5619140625.000000,-1.644656811409e+02,5.482189371364e+01,-1.776196409233e+02,-9.280634397469e+00,-1.822546542007e+02,4.418929288622e+01,1.000000000000e+00,0.128536904609
189,15345,5619506835.937500,2.741094685682e+02,-2.741094685682e+02,3.640909922825e+02,-1.595698824911e+02,2.490868359095e+02,-2.972876243574e+02,1.000000000000e+00,0.106193408072
190,15346,5619873046.875000,3.837532559955e+02,-1.644656811409e+02,4.276936423478e+02,-1.461588084622e+01,3.620401496773e+02,-1.904545807619e+02,1.000000000000e+00,0.083863039561
191,15347,5620239257.812500,5.482189371364e+01,-2.741094685682e+02,1.539047006477e+02,-2.414889879771e+02,3.021587519265e+01,-2.916526983372e+02,1.000000000000e+00,0.061545681729
192,15348,5620605468.750000,3.837532559955e+02,3.837532559955e+02,2.243446885389e+02,5.083177077034e+02,3.759423858862e+02,3.587205715494e+02,1.000000000000e+00,0.039241216775
193,15349,5620971679.687500,-3.837532559955e+02,-1.644656811409e+02,-3.053695007930e+02,-2.987294036271e+02,-4.044774470048e+02,-1.719830061100e+02,1.000000000000e+00,0.016949526452
194,15350,5621337890.625000,-3.837532559955e+02,1.644656811409e+02,-4.273444415727e+02,1.625718967063e+01,-3.968587822575e+02,1.573574850156e+02,1.000000000000e+00,-0.005329507913
195,15351,5621704101.562500,1.644656811409e+02,1.644656811409e+02,9.756445301908e+01,2.176673317943e+02,1.527638914519e+02,1.441083139439e+02,1.000000000000e+00,-0.027596005409
196,15352,5622070312.500000,-1.644656811409e+02,-3.837532559955e+02,-1.854166945245e+01,-4.281437359990e+02,-1.907466164608e+02,-3.975283871324e+02,1.000000000000e+00,-0.049850085524
197,15353,5622436523.437500,-5.482189371364e+01,-2.741094685682e+02,4.671619898965e+01,-2.828873637600e+02,-7.720211875326e+01,-2.904119291623e+02,1.000000000000e+00,-0.072091868138
198,15354,5622802734.375000,-2.741094685682e+02,-1.644656811409e+02,-2.034260598327e+02,-2.568370727143e+02,-2.935768246836e+02,-1.754328477732e+02,1.000000000000e+00,-0.094321473502
199,15355,5623168945.312500,5.482189371364e+01,-3.837532559955e+02,1.910290797544e+02,-3.482614061146e+02,3.151023292030e+01,-4.028773741740e+02,1.000000000000e+00,-0.116539022232
200,15356,5623535156.250000,1.644656811409e+02,3.837532559955e+02,1.965328142049e+01,4.274680927898e+02,1.587662128996e+02,3.634326379305e+02,1.000000000000e+00,-0.138744635291
201,15357,5623901367.187500,3.837532559955e+02,3.837532559955e+02,2.305784947673e+02,5.063513772312e+02,3.786053650636e+02,3.589461360273e+02,1.000000000000e+00,-0.160938433982
202,15358,5624267578.125000,-5.482189371364e+01,-5.482189371364e+01,-3.303702322687e+01,-7.224787593508e+01,-6.966428485028e+01,-7.147258335076e+01,1.000000000000e+00,-0.183120539931
203,15359,5624633789.062500,-1.644656811409e+02,-1.644656811409e+02,-9.943129620631e+01,-2.163930428502e+02,-1.812808233083e+02,-1.789885317139e+02,1.000000000000e+00,-0.205291075079
204,15360,5625000000.000000,-2.741094685682e+02,1.644656811409e+02,-3.213063180610e+02,6.098677669664e+01,-2.835526291133e+02,1.522804873988e+02,1.000000000000e+00,-0.227450161669
205,15361,5625366210.937500,-1.644656811409e+02,-5.482189371364e+01,-1.388061180418e+02,-1.106190425759e+02,-1.782560869006e+02,-6.945721515680e+01,1.000000000000e+00,-0.249597922232
206,15362,5625732421.875000,-5.482189371364e+01,3.837532559955e+02,-1.873719471913e+02,3.501986927801e+02,-5.902526627263e+01,3.673348818728e+02,1.000000000000e+00,-0.271734479581
207,15363,5626098632.812500,2.741094685682e+02,2.741094685682e+02,1.683318335001e+02,3.599941354342e+02,2.685196743679e+02,2.508202656157e+02,1.000000000000e+00,-0.293859956795
208,15364,5626464843.750000,2.741094685682e+02,-5.482189371364e+01,2.834045350973e+02,4.287753602520e+01,2.622511320074e+02,-7.852440591312e+01,1.000000000000e+00,-0.315974477212
209,15365,5626831054.687500,-1.644656811409e+02,2.741094685682e+02,-2.542399630873e+02,2.069779709041e+02,-1.710533812525e+02,2.593654881560e+02,1.000000000000e+00,-0.338078164416
210,15366,5627197265.625000,5.482189371364e+01,-5.482189371364e+01,7.193633503315e+01,-3.383192926618e+01,4.327099713488e+01,-7.434660018710e+01,1.000000000000e+00,-0.360171142227
211,15367,5627563476.562500,1.644656811409e+02,1.644656811409e+02,1.018753950016e+02,2.154775820194e+02,1.572718352576e+02,1.433512524869e+02,1.000000000000e+00,-0.382253534693
212,15368,5627929687.500000,5.482189371364e+01,-2.741094685682e+02,1.469761709393e+02,-2.456844897519e+02,3.998151817962e+01,-2.939543539338e+02,1.000000000000e+00,-0.404325466077
213,15369,5628295898.437500,3.837532559955e+02,2.741094685682e+02,2.770774294308e+02,3.960907703384e+02,3.796438178857e+02,2.493068198346e+02,1.000000000000e+00,-0.426387060849
214,15370,5628662109.375000,-3.837532559955e+02,5.482189371364e+01,-3.901191049958e+02,-7.776568452329e+01,-3.933423112707e+02,4.296147348206e+01,1.000000000000e+00,-0.448438443677
215,15371,5629028320.312500,-2.741094685682e+02,1.644656811409e+02,-3.216106528513e+02,6.629548139594e+01,-2.814695436552e+02,1.511148094285e+02,1.000000000000e+00,-0.470479739416
216,15372,5629394531.250000,1.644656811409e+02,-2.741094685682e+02,2.521054884076e+02,-2.103322365816e+02,1.517792214447e+02,-2.967219765166e+02,1.000000000000e+00,-0.492511073100
217,15373,5629760742.187500,-1.644656811409e+02,2.741094685682e+02,-2.516338547523e+02,2.108212687438e+02,-1.686908569887e+02,2.592980432255e+02,1.000000000000e+00,-0.514532569932
218,15374,5630126953.125000,2.741094685682e+02,-2.741094685682e+02,3.576145898865e+02,-1.745320540733e+02,2.623911894201e+02,-2.984613560116e+02,1.000000000000e+00,-0.536544355278
219,15375,5630493164.062500,-3.837532559955e+02,2.741094685682e+02,-4.635117957363e+02,1.381850872200e+02,-3.880410810412e+02,2.622114804475e+02,1.000000000000e+00,-0.558546554653
220,15376,5630859375.000000,-5.482189371364e+01,-2.741094685682e+02,3.777675689365e+01,-2.839372854116e+02,-6.635209508386e+01,-2.925009316134e+02,1.000000000000e+00,-0.580539293720
221,15377,5631225585.937500,-3.837532559955e+02,3.837532559955e+02,-4.986055186970e+02,2.457921431490e+02,-3.854425441397e+02,3.713757605334e+02,1.000000000000e+00,-0.602522698275
222,15378,5631591796.875000,-2.741094685682e+02,-5.482189371364e+01,-2.482346168380e+02,-1.426723245175e+02,-2.820745444551e+02,-6.910227828959e+01,1.000000000000e+00,-0.624496894241
223,15379,5631958007.812500,-1.644656811409e+02,1.644656811409e+02,-2.129958297083e+02,1.066713432391e+02,-1.681578355074e+02,1.488526812629e+02,1.000000000000e+00,-0.646462007664
224,15380,5632324218.750000,2.741094685682e+02,-5.482189371364e+01,2.841493759959e+02,3.478821532319e+01,2.673320840871e+02,-7.841221590092e+01,1.000000000000e+00,-0.668418164698
225,15381,5632690429.687500,-2.741094685682e+02,1.644656811409e+02,-3.192320012879e+02,7.236496500743e+01,-2.773203143213e+02,1.507220648909e+02,1.000000000000e+00,-0.690365491606
226,15382,5633056640.625000,-3.837532559955e+02,5.482189371364e+01,-3.909495321249e+02,-6.867059343192e+01,-3.886842824359e+02,4.281586162622e+01,1.000000000000e+00,-0.712304114744
227,15383,5633422851.562500,-3.837532559955e+02,-3.837532559955e+02,-2.524572860902e+02,-4.952577905371e+02,-3.959844371754e+02,-3.963374740288e+02,1.000000000000e+00,-0.734234160560
228,15384,5633789062.500000,2.741094685682e+02,3.837532559955e+02,1.465142905581e+02,4.604613940802e+02,2.760829932668e+02,3.611816456117e+02,1.000000000000e+00,-0.756155755585
229,15385,5634155273.437500,-1.644656811409e+02,3.837532559955e+02,-2.807259164324e+02,3.229231674296e+02,-1.631491406861e+02,3.686033000775e+02,1.000000000000e+00,-0.778069026426
230,15386,5634521484.375000,-2.741094685682e+02,1.644656811409e+02,-3.189465048227e+02,7.492880362389e+01,-2.764731852771e+02,1.504960370420e+02,1.000000000000e+00,-0.799974099757
231,15387,5634887695.312500,3.837532559955e+02,2.741094685682e+02,2.894119266110e+02,3.871663038644e+02,3.843846671774e+02,2.506831542320e+02,1.000000000000e+00,-0.821871102318
232,15388,5635253906.250000,-3.837532559955e+02,1.644656811409e+02,-4.260876714916e+02,4.199788050488e+01,-3.861601271829e+02,1.519999768765e+02,1.000000000000e+00,-0.843760160901
233,15389,5635620117.187500,1.644656811409e+02,-3.837532559955e+02,2.789834296781e+02,-3.251591317106e+02,1.557512235804e+02,-4.057506843258e+02,1.000000000000e+00,-0.865641402353
234,15390,5635986328.125000,1.644656811409e+02,-2.741094685682e+02,2.449158094147e+02,-2.185512474593e+02,1.576344320625e+02,-2.959538351580e+02,1.000000000000e+00,-0.887514953560
235,15391,5636352539.062500,-3.837532559955e+02,3.837532559955e+02,-4.928951142101e+02,2.601599661908e+02,-3.824381644380e+02,3.728786493814e+02,1.000000000000e+00,-0.909380941448
236,15392,5636718750.000000,3.837532559955e+02,2.741094685682e+02,2.942174830771e+02,3.847433041718e+02,3.866917449412e+02,2.511774393487e+02,1.000000000000e+00,-0.931239492974
237,15393,5637084960.937500,1.644656811409e+02,5.482189371364e+01,1.451763933388e+02,1.030507712037e+02,1.634193594582e+02,3.440017515203e+01,1.000000000000e+00,-0.953090735121
238,15394,5637451171.875000,-2.741094685682e+02,1.644656811409e+02,-3.180761414142e+02,8.033311042845e+01,-2.746855044596e+02,1.512926975088e+02,1.000000000000e+00,-0.974934794893
239,15395,5637817382.812500,2.741094685682e+02,-2.741094685682e+02,3.498802737912e+02,-1.888184256602e+02,2.683156024781e+02,-2.972507384058e+02,1.000000000000e+00,-0.996771799308
240,15396,5638183593.750000,-3.837532559955e+02,-3.837532559955e+02,-2.648005477553e+02,-4.893315793726e+02,-3.922936495788e+02,-3.966205332524e+02,1.000000000000e+00,-1.018601875394
241,15397,5638549804.687500,2.741094685682e+02,1.644656811409e+02,2.211330788575e+02,2.417968384337e+02,2.752399511522e+02,1.433987077060e+02,1.000000000000e+00,-1.040425150182
242,15398,5638916015.625000,-2.741094685682e+02,3.837532559955e+02,-3.816001305854e+02,2.966217163695e+02,-2.718742814885e+02,3.696818613778e+02,1.000000000000e+00,-1.062241750705
243,15399,5639282226.562500,-3.837532559955e+02,-2.741094685682e+02,-2.975448817376e+02,-3.810176106988e+02,-3.887067686342e+02,-2.882030353393e+02,1.000000000000e+00,-1.084051803986
244,15400,5639648437.500000,-5.482189371364e+01,1.644656811409e+02,-1.013037301482e+02,1.460853820194e+02,-5.393426827911e+01,1.479104928468e+02,1.000000000000e+00,-1.105855437041
245,15401,5640014648.437500,3.837532559955e+02,3.837532559955e+02,2.687356164187e+02,4.875514655748e+02,3.889832383258e+02,3.624518947735e+02,1.000000000000e+00,-1.127652776868
246,15402,5640380859.375000,2.741094685682e+02,-5.482189371364e+01,2.859076804814e+02,2.362271347866e+01,2.738418056491e+02,-7.584365426216e+01,1.000000000000e+00,-1.149443950445
247,15403,5640747070.312500,2.741094685682e+02,1.644656811409e+02,2.242874147090e+02,2.396237112266e+02,2.768329614978e+02,1.444026826006e+02,1.000000000000e+00,-1.171229084727
248,15404,5641113281.250000,5.482189371364e+01,-3.837532559955e+02,1.616208896804e+02,-3.638596636675e+02,5.041444986963e+01,-4.032658249289e+02,1.000000000000e+00,-1.193008306638
249,15405,5641479492.187500,-5.482189371364e+01,2.741094685682e+02,-1.303642323705e+02,2.557846908285e+02,-5.167499563291e+01,2.586403401942e+02,1.000000000000e+00,-1.214781743068
250,15406,5641845703.125000,-2.741094685682e+02,-1.644656811409e+02,-2.258249969854e+02,-2.382739778457e+02,-2.768520187755e+02,-1.790014886085e+02,1.000000000000e+00,-1.236549520870
251,15407,5642211914.062500,-1.644656811409e+02,1.644656811409e+02,-2.077631638830e+02,1.177513992473e+02,-1.626504313497e+02,1.499576122519e+02,1.000000000000e+00,-1.258311766856
252,15408,5642578125.000000,-5.482189371364e+01,1.644656811409e+02,-9.894179425787e+01,1.478947137975e+02,-5.242635353791e+01,1.486764300768e+02,1.000000000000e+00,-1.280068607789
253,15409,5642944335.937500,5.482189371364e+01,-5.482189371364e+01,6.905675271310e+01,-3.948836528740e+01,5.523793660022e+01,-7.251884650244e+01,1.000000000000e+00,-1.301820170384
254,15410,5643310546.875000,3.837532559955e+02,3.837532559955e+02,2.773051659388e+02,4.829775348070e+02,3.902316463541e+02,3.639735178580e+02,1.000000000000e+00,-1.323566581303
255,15411,5643676757.812500,2.741094685682e+02,-1.644656811409e+02,3.155175434294e+02,-9.002859332145e+01,2.745557910888e+02,-1.846619561841e+02,1.000000000000e+00,-1.345307967147
256,15412,5644042968.750000,3.837532559955e+02,-1.644656811409e+02,4.241996734114e+02,-6.159562490587e+01,3.849119871646e+02,-1.856283918650e+02,1.000000000000e+00,-1.367044454459
257,15413,5644409179.687500,1.644656811409e+02,2.741094685682e+02,9.131698345562e+01,3.153711330136e+02,1.694728124352e+02,2.569876218699e+02,1.000000000000e+00,-1.388776169714
258,15414,5644775390.625000,-5.482189371364e+01,-3.837532559955e+02,4.552932342131e+01,-3.957061434892e+02,-5.718213958753e+01,-4.014630618871e+02,1.000000000000e+00,-1.410503239320
259,15415,5645141601.562500,5.482189371364e+01,-3.837532559955e+02,1.536481887152e+02,-3.675127190110e+02,5.305593953520e+01,-4.025170567716e+02,1.000000000000e+00,-1.432225789613
260,15416,5645507812.500000,3.837532559955e+02,-5.482189371364e+01,3.957515166500e+02,4.349502296190e+01,3.867882706280e+02,-7.554372028737e+01,1.000000000000e+00,-1.453943946853
261,15417,5645874023.437500,3.837532559955e+02,-1.644656811409e+02,4.233628529667e+02,-6.669876227487e+01,3.854791677182e+02,-1.856835885183e+02,1.000000000000e+00,-1.475657837221
262,15418,5646240234.375000,-3.837532559955e+02,-3.837532559955e+02,-2.856843212380e+02,-4.780409733823e+02,-3.868208052506e+02,-3.969726585107e+02,1.000000000000e+00,-1.497367586817
263,15419,5646606445.312500,1.644656811409e+02,-3.837532559955e+02,2.592626117153e+02,-3.409248181120e+02,1.635380008076e+02,-4.027102258577e+02,1.000000000000e+00,-1.519073321653
264,15420,5646972656.250000,2.741094685682e+02,1.644656811409e+02,2.320843363873e+02,2.315456793090e+02,2.790887829807e+02,1.462045320942e+02,1.000000000000e+00,-1.540775167657
265,15421,5647338867.187500,2.741094685682e+02,1.644656811409e+02,2.326526211340e+02,2.307744217932e+02,2.792334467201e+02,1.460124534563e+02,1.000000000000e+00,-1.562473250663
266,15422,5647705078.125000,-5.482189371364e+01,-2.741094685682e+02,1.160420863928e+01,-2.861992761721e+02,-5.494841879991e+01,-2.899257856025e+02,1.000000000000e+00,-1.584167696409
267,15423,5648071289.062500,2.741094685682e+02,-1.644656811409e+02,3.123368294674e+02,-9.837096983890e+01,2.757695487945e+02,-1.837178632688e+02,1.000000000000e+00,-1.605858630540
268,15424,5648437500.000000,-3.837532559955e+02,-1.644656811409e+02,-3.434095541789e+02,-2.552522430816e+02,-3.828860794157e+02,-1.766670930857e+02,1.000000000000e+00,-1.627546178598
269,15425,5648803710.937500,-1.644656811409e+02,1.644656811409e+02,-2.030407986491e+02,1.250731241306e+02,-1.599409204249e+02,1.505902653594e+02,1.000000000000e+00,-1.649230466021
270,15426,5649169921.875000,-2.741094685682e+02,2.741094685682e+02,-3.381693355805e+02,2.089379380847e+02,-2.689922494548e+02,2.613454531050e+02,1.000000000000e+00,-1.670911618145
271,15427,5649536132.812500,-1.644656811409e+02,5.482189371364e+01,-1.769918316305e+02,1.624423832674e+01,-1.607107926427e+02,4.058199708627e+01,1.000000000000e+00,-1.692589760194
272,15428,5649902343.750000,2.741094685682e+02,2.741094685682e+02,2.100218805119e+02,3.373087527500e+02,2.805110531450e+02,2.571610489140e+02,1.000000000000e+00,-1.714265017282
273,15429,5650268554.687500,5.482189371364e+01,-5.482189371364e+01,6.737439587359e+01,-4.220573168065e+01,5.853873474904e+01,-7.089010026548e+01,1.000000000000e+00,-1.735937514412
274,15430,5650634765.625000,-2.741094685682e+02,-2.741094685682e+02,-2.122042012563e+02,-3.364296932690e+02,-2.731772569838e+02,-2.880841183530e+02,1.000000000000e+00,-1.757607376466
275,15431,5651000976.562500,-5.482189371364e+01,2.741094685682e+02,-1.162395566739e+02,2.624193333349e+02,-4.816935208608e+01,2.602618351286e+02,1.000000000000e+00,-1.779274728211
276,15432,5651367187.500000,3.837532559955e+02,1.644656811409e+02,3.478318398892e+02,2.501693492240e+02,3.907644097132e+02,1.465352475046e+02,1.000000000000e+00,-1.800939694290
277,15433,5651733398.437500,3.837532559955e+02,-5.482189371364e+01,3.964630622185e+02,3.009412584796e+01,3.889948874502e+02,-7.289923005777e+01,1.000000000000e+00,-1.822602399226
278,15434,5652099609.375000,5.482189371364e+01,1.644656811409e+02,1.870274978813e+01,1.767497261605e+02,6.062413097244e+01,1.492791268614e+02,1.000000000000e+00,-1.844262967411
279,15435,5652465820.312500,1.644656811409e+02,-1.644656811409e+02,2.005359431013e+02,-1.289294855281e+02,1.686580544696e+02,-1.809994140116e+02,1.000000000000e+00,-1.865921523113
280,15436,5652832031.250000,2.741094685682e+02,-2.741094685682e+02,3.336549735486e+02,-2.156083020853e+02,2.779318316943e+02,-2.914479389016e+02,1.000000000000e+00,-1.887578190466
281,15437,5653198242.187500,2.741094685682e+02,2.741094685682e+02,2.163948032865e+02,3.333316664609e+02,2.814846780269e+02,2.579994231940e+02,1.000000000000e+00,-1.909233093473
282,15438,5653564453.125000,-3.837532559955e+02,-5.482189371364e+01,-3.737179932268e+02,-1.362341652685e+02,-3.800371289525e+02,-6.788945914446e+01,1.000000000000e+00,-1.930886355999
283,15439,5653930664.062500,2.741094685682e+02,-5.482189371364e+01,2.870909262409e+02,2.397026799443e+00,2.803418097131e+02,-7.152446984986e+01,1.000000000000e+00,-1.952538101775
284,15440,5654296875.000000,1.644656811409e+02,2.741094685682e+02,1.084173812878e+02,3.098436797984e+02,1.720272660864e+02,2.594018631488e+02,1.000000000000e+00,-1.974188454389
285,15441,5654663085.937500,1.644656811409e+02,1.644656811409e+02,1.315391200889e+02,1.992501652950e+02,1.715021124372e+02,1.493529315716e+02,1.000000000000e+00,-1.995837537287
286,15442,5655029296.875000,5.482189371364e+01,-3.837532559955e+02,1.333238231054e+02,-3.747952969731e+02,5.911470732527e+01,-4.001495883209e+02,1.000000000000e+00,-2.017485473772
287,15443,5655395507.812500,5.482189371364e+01,5.482189371364e+01,4.422773310951e+01,6.620706930998e+01,6.131943974923e+01,3.987894002838e+01,1.000000000000e+00,-2.039132387001
288,15444,5655761718.750000,-2.741094685682e+02,1.644656811409e+02,-3.089105197960e+02,1.118417429915e+02,-2.681897786130e+02,1.522968982254e+02,1.000000000000e+00,-2.060778399980
289,15445,5656127929.687500,-3.837532559955e+02,5.482189371364e+01,-3.980107730707e+02,-1.924718796194e+01,-3.789904411496e+02,4.314313331145e+01,1.000000000000e+00,-2.082423635566
290,15446,5656494140.625000,-2.741094685682e+02,5.482189371364e+01,-2.870740452346e+02,2.563275173891e+00,-2.684339966705e+02,4.218069419189e+01,1.000000000000e+00,-2.104068216461
291,15447,5656860351.562500,2.741094685682e+02,-5.482189371364e+01,2.868097027239e+02,-3.063179315292e+00,2.811858462754e+02,-7.144851823146e+01,1.000000000000e+00,-2.125712265216
292,15448,5657226562.500000,1.644656811409e+02,-3.837532559955e+02,2.382901512777e+02,-3.558375705472e+02,1.694806543346e+02,-4.004409222045e+02,1.000000000000e+00,-2.147355904220
293,15449,5657592773.437500,2.741094685682e+02,3.837532559955e+02,2.045001692269e+02,4.383920374126e+02,2.835954223293e+02,3.688943901534e+02,1.000000000000e+00,-2.168999255705
294,15450,5657958984.375000,1.644656811409e+02,-2.741094685682e+02,2.169043003161e+02,-2.459166848341e+02,1.708861842938e+02,-2.901553177729e+02,1.000000000000e+00,-2.190642441742
295,15451,5658325195.312500,-2.741094685682e+02,3.837532559955e+02,-3.474930267206e+02,3.371164669081e+02,-2.665010864210e+02,3.716235501409e+02,1.000000000000e+00,-2.212285584238
296,15452,5658691406.250000,-1.644656811409e+02,5.482189371364e+01,-1.763043756483e+02,2.549286712089e+01,-1.576805764351e+02,4.113258464977e+01,1.000000000000e+00,-2.233928804934
297,15453,5659057617.187500,-2.741094685682e+02,3.837532559955e+02,-3.465782007080e+02,3.392153474382e+02,-2.666691929953e+02,3.723116337773e+02,1.000000000000e+00,-2.255572225402
298,15454,5659423828.125000,-2.741094685682e+02,-5.482189371364e+01,-2.679575478600e+02,-1.040600622622e+02,-2.681425383266e+02,-6.841908909706e+01,1.000000000000e+00,-2.277215967048
299,15455,5659790039.062500,1.644656811409e+02,-5.482189371364e+01,1.762246169075e+02,-2.692006880247e+01,1.729137131721e+02,-7.036296783551e+01,1.000000000000e+00,-2.298860151101
300,15456,5660156250.000000,-2.741094685682e+02,5.482189371364e+01,-2.871958779918e+02,8.602368189972e+00,-2.671518686265e+02,4.214759542331e+01,1.000000000000e+00,-2.320504898621
301,15457,5660522460.937500,1.644656811409e+02,-3.837532559955e+02,2.312860439674e+02,-3.609701311481e+02,1.711346086788e+02,-4.005441417249e+02,1.000000000000e+00,-2.342150330488
302,15458,5660888671.875000,2.741094685682e+02,-5.482189371364e+01,2.865727436298e+02,-1.002335461763e+01,2.829331750032e+02,-7.092705317487e+01,1.000000000000e+00,-2.363796567405
303,15459,5661254882.812500,5.482189371364e+01,-1.644656811409e+02,8.239883823556e+01,-1.574757192426e+02,6.254067684186e+01,-1.794632608818e+02,1.000000000000e+00,-2.385443729895
304,15460,5661621093.750000,2.741094685682e+02,-1.644656811409e+02,3.039737148983e+02,-1.221288177845e+02,2.824576585402e+02,-1.805301553986e+02,1.000000000000e+00,-2.407091938297
305,15461,5661987304.687500,-3.837532559955e+02,1.644656811409e+02,-4.145641004454e+02,1.051690485033e+02,-3.746018575499e+02,1.524373340817e+02,1.000000000000e+00,-2.428741312768
306,15462,5662353515.625000,-2.741094685682e+02,-5.482189371364e+01,-2.690617432587e+02,-9.877978463415e+01,-2.659617193242e+02,-6.782181033127e+01,1.000000000000e+00,-2.450391973274
307,15463,5662719726.562500,2.741094685682e+02,5.482189371364e+01,2.695189762263e+02,9.833815388590e+01,2.845692158835e+02,3.959648091850e+01,1.000000000000e+00,-2.472044039594
308,15464,5663085937.500000,-1.644656811409e+02,-1.644656811409e+02,-1.417298831720e+02,-1.922965626132e+02,-1.564326162888e+02,-1.785040999653e+02,1.000000000000e+00,-2.493697631316
309,15465,5663452148.437500,2.741094685682e+02,-2.741094685682e+02,3.197561293710e+02,-2.371260965001e+02,2.834166599716e+02,-2.907165146486e+02,1.000000000000e+00,-2.515352867834
310,15466,5663818359.375000,2.741094685682e+02,5.482189371364e+01,2.704263028486e+02,9.619590700060e+01,2.853493579052e+02,3.937259480504e+01,1.000000000000e+00,-2.537009868345
311,15467,5664184570.312500,-2.741094685682e+02,-2.741094685682e+02,-2.386383162850e+02,-3.185058493728e+02,-2.666449452491e+02,-2.875431148429e+02,1.000000000000e+00,-2.558668751848
312,15468,5664550781.250000,-5.482189371364e+01,1.644656811409e+02,-7.950069933661e+01,1.592237525149e+02,-4.401788696860e+01,1.513862873478e+02,1.000000000000e+00,-2.580329637143
313,15469,5664916992.187500,-1.644656811409e+02,1.644656811409e+02,-1.907665528889e+02,1.435530261047e+02,-1.540358146015e+02,1.517214793653e+02,1.000000000000e+00,-2.601992642824
314,15470,5665283203.125000,3.837532559955e+02,-5.482189371364e+01,3.980150217283e+02,-1.714541625854e+00,3.956896114878e+02,-7.031202435427e+01,1.000000000000e+00,-2.623657887282
315,15471,5665649414.062500,3.837532559955e+02,-2.741094685682e+02,4.283415017550e+02,-2.261955896489e+02,3.949494894498e+02,-2.908588789764e+02,1.000000000000e+00,-2.645325488700
316,15472,5666015625.000000,3.837532559955e+02,2.741094685682e+02,3.540340526148e+02,3.308621218299e+02,3.981500982226e+02,2.595003219619e+02,1.000000000000e+00,-2.666995565050
317,15473,5666381835.937500,2.741094685682e+02,1.644656811409e+02,2.570932518285e+02,2.043069730816e+02,2.872251992625e+02,1.505409560624e+02,1.000000000000e+00,-2.688668234092
318,15474,5666748046.875000,3.837532559955e+02,-3.837532559955e+02,4.421825811626e+02,-3.393617005563e+02,3.962435015544e+02,-3.995606839198e+02,1.000000000000e+00,-2.710343613369
319,15475,5667114257.812500,5.482189371364e+01,2.741094685682e+02,1.945264077887e+01,2.864228066409e+02,6.699812545136e+01,2.616804758492e+02,1.000000000000e+00,-2.732021820208
320,15476,5667480468.750000,2.741094685682e+02,-3.837532559955e+02,3.289651569830e+02,-3.556244564431e+02,2.865870528203e+02,-3.993445410610e+02,1.000000000000e+00,-2.753702971715
321,15477,5667846679.687500,-5.482189371364e+01,-2.741094685682e+02,-2.138620575849e+01,-2.864285633368e+02,-4.366402579191e+01,-2.885557773695e+02,1.000000000000e+00,-2.775387184772
322,15478,5668212890.625000,-5.482189371364e+01,3.837532559955e+02,-1.032267216560e+02,3.847282625085e+02,-4.131614888636e+01,3.724377050446e+02,1.000000000000e+00,-2.797074576037
323,15479,5668579101.562500,-2.741094685682e+02,2.741094685682e+02,-3.128784215025e+02,2.464884685882e+02,-2.617652846124e+02,2.630686138435e+02,1.000000000000e+00,-2.818765261939
324,15480,5668945312.500000,1.644656811409e+02,2.741094685682e+02,1.352359441818e+02,2.992956836700e+02,1.790078057165e+02,2.617090012564e+02,1.000000000000e+00,-2.840459358673
325,15481,5669311523.437500,3.837532559955e+02,-3.837532559955e+02,4.360961986997e+02,-3.467012832831e+02,3.970417434572e+02,-3.994343898661e+02,1.000000000000e+00,-2.862156982204
326,15482,5669677734.375000,-5.482189371364e+01,-3.837532559955e+02,-1.214426232608e+01,-3.973638554429e+02,-4.289425224401e+01,-3.974920498922e+02,1.000000000000e+00,-2.883858248257
327,15483,5670043945.312500,-3.837532559955e+02,5.482189371364e+01,-3.970415720831e+02,1.309393049153e+01,-3.706283814003e+02,4.353444670057e+01,1.000000000000e+00,-2.905563272317
328,15484,5670410156.250000,-1.644656811409e+02,3.837532559955e+02,-2.094894262946e+02,3.736166624560e+02,-1.494071224080e+02,3.729196173409e+02,1.000000000000e+00,-2.927272169629
329,15485,5670776367.187500,-5.482189371364e+01,-1.644656811409e+02,-3.858155352174e+01,-1.738280169617e+02,-4.171311011903e+01,-1.774728109097e+02,1.000000000000e+00,-2.948985055188
330,15486,5671142578.125000,-1.644656811409e+02,2.741094685682e+02,-1.966075514989e+02,2.631843882211e+02,-1.494969250981e+02,2.637378406676e+02,1.000000000000e+00,-2.970702043743
331,15487,5671508789.062500,2.741094685682e+02,-2.741094685682e+02,3.083333156562e+02,-2.520910163792e+02,2.889154937142e+02,-2.887558559366e+02,1.000000000000e+00,-2.992423249788
332,15488,5671875000.000000,-5.482189371364e+01,-1.644656811409e+02,-3.936019525720e+01,-1.736582524191e+02,-4.061961185131e+01,-1.772248184477e+02,1.000000000000e+00,-3.014148787565
333,15489,5672241210.937500,2.741094685682e+02,5.482189371364e+01,2.747708063693e+02,8.329779476039e+01,2.905635534734e+02,4.223821707358e+01,1.000000000000e+00,-3.035878771054
334,15490,5672607421.875000,5.482189371364e+01,5.482189371364e+01,5.074260543373e+01,6.138765239654e+01,7.062934431905e+01,4.295256063504e+01,1.000000000000e+00,-3.057613313975
335,15491,5672973632.812500,2.741094685682e+02,5.482189371364e+01,2.752341132577e+02,8.205709248202e+01,2.911772838406e+02,4.246033559982e+01,1.000000000000e+00,-3.079352529780
336,15492,5673339843.750000,5.482189371364e+01,2.741094685682e+02,3.057379696789e+01,2.856039496576e+02,7.165391151035e+01,2.635813525046e+02,1.000000000000e+00,-3.101096531655
337,15493,5673706054.687500,3.837532559955e+02,1.644656811409e+02,3.777352132799e+02,2.034734502164e+02,4.020413410158e+02,1.530669572896e+02,1.000000000000e+00,-3.122845432513
338,15494,5674072265.625000,2.741094685682e+02,-1.644656811409e+02,2.954257408344e+02,-1.437035518845e+02,2.916922114432e+02,-1.768980082383e+02,1.000000000000e+00,3.138585962192
339,15495,5674438476.562500,-5.482189371364e+01,-1.644656811409e+02,-4.156774754792e+01,-1.732386426249e+02,-3.842745783190e+01,-1.763901968408e+02,1.000000000000e+00,3.116826925742
340,15496,5674804687.500000,-1.644656811409e+02,1.644656811409e+02,-1.827147871813e+02,1.540769120303e+02,-1.482981372796e+02,1.541871694492e+02,1.000000000000e+00,3.095062653246
341,15497,5675170898.437500,-3.837532559955e+02,5.482189371364e+01,-3.976008850709e+02,2.392784601870e+01,-3.682367883465e+02,4.449777792890e+01,1.000000000000e+00,3.073293032917
342,15498,5675537109.375000,-5.482189371364e+01,-3.837532559955e+02,-2.586464422776e+01,-3.974529030598e+02,-3.885977344374e+01,-3.959262105292e+02,1.000000000000e+00,3.051517953261
343,15499,5675903320.312500,3.837532559955e+02,1.644656811409e+02,3.810802856183e+02,1.969090116360e+02,4.042419200142e+02,1.524060123936e+02,1.000000000000e+00,3.029737303079
344,15500,5676269531.250000,1.644656811409e+02,-5.482189371364e+01,1.725107088196e+02,-4.426056842190e+01,1.829197509002e+02,-6.618731279554e+01,1.000000000000e+00,3.007950971471
345,15501,5676635742.187500,-3.837532559955e+02,2.741094685682e+02,-4.130394638332e+02,2.531515727101e+02,-3.661335267178e+02,2.666462117268e+02,1.000000000000e+00,2.986158847841
346,15502,5677001953.125000,-3.837532559955e+02,2.741094685682e+02,-4.129567401305e+02,2.532201516342e+02,-3.663658021384e+02,2.661169270927e+02,1.000000000000e+00,2.964360821900
347,15503,5677368164.062500,3.837532559955e+02,-2.741094685682e+02,4.123292613244e+02,-2.538464143899e+02,4.036676338570e+02,-2.852497905336e+02,1.000000000000e+00,2.942556783670
348,15504,5677734375.000000,-5.482189371364e+01,5.482189371364e+01,-5.988472269627e+01,5.239267701880e+01,-3.586953946465e+01,4.572324213788e+01,1.000000000000e+00,2.920746623491
349,15505,5678100585.937500,-3.837532559955e+02,3.837532559955e+02,-4.185131980640e+02,3.674109711059e+02,-3.654078841627e+02,3.761546818446e+02,1.000000000000e+00,2.898930232021
350,15506,5678466796.875000,-2.741094685682e+02,-2.741094685682e+02,-2.630474400287e+02,-2.987384897085e+02,-2.556000867037e+02,-2.840145079838e+02,1.000000000000e+00,2.877107500245
351,15507,5678833007.812500,-1.644656811409e+02,5.482189371364e+01,-1.721468575543e+02,4.575582762007e+01,-1.453863506131e+02,4.638257054820e+01,1.000000000000e+00,2.855278319477
352,15508,5679199218.750000,-5.482189371364e+01,-1.644656811409e+02,-4.612678068523e+01,-1.720685880257e+02,-3.489557785959e+01,-1.735975762213e+02,1.000000000000e+00,2.833442581367
353,15509,5679565429.687500,-2.741094685682e+02,-3.837532559955e+02,-2.585919830650e+02,-4.096556484782e+02,-2.549969115859e+02,-3.934408077119e+02,1.000000000000e+00,2.811600177901
354,15510,5679931640.625000,-1.644656811409e+02,2.741094685682e+02,-1.839775077661e+02,2.718662720365e+02,-1.442988114825e+02,2.675339293734e+02,1.000000000000e+00,2.789751001412
355,15511,5680297851.562500,5.482189371364e+01,3.837532559955e+02,3.564397003379e+01,3.966360405655e+02,7.629484942979e+01,3.778644303403e+02,1.000000000000e+00,2.767894944580
356,15512,5680664062.500000,-1.644656811409e+02,-3.837532559955e+02,-1.490710549668e+02,-4.024226936231e+02,-1.445930612238e+02,-3.926877614743e+02,1.000000000000e+00,2.746031900441
357,15513,5681030273.437500,-2.741094685682e+02,3.837532559955e+02,-3.004504885023e+02,3.806787927112e+02,-2.537471273116e+02,3.792505451917e+02,1.000000000000e+00,2.724161762388
358,15514,5681396484.375000,-1.644656811409e+02,5.482189371364e+01,-1.713920762139e+02,4.873520094417e+01,-1.435528664431e+02,4.887711289500e+01,1.000000000000e+00,2.702284424180
359,15515,5681762695.312500,-3.837532559955e+02,1.644656811409e+02,-4.009100243809e+02,1.524466095713e+02,-3.630187284644e+02,1.602817212930e+02,1.000000000000e+00,2.680399779946
360,15516,5682128906.250000,-1.644656811409e+02,-5.482189371364e+01,-1.665659985907e+02,-6.289014880272e+01,-1.433024840482e+02,-6.038696290306e+01,1.000000000000e+00,2.658507724188
361,15517,5682495117.187500,-2.741094685682e+02,5.482189371364e+01,-2.834942608401e+02,4.536074605187e+01,-2.528335867634e+02,5.006089669963e+01,1.000000000000e+00,2.636608151791
362,15518,5682861328.125000,-5.482189371364e+01,-2.741094685682e+02,-4.551491705016e+01,-2.834840049264e+02,-3.282034635814e+01,-2.805189221439e+02,1.000000000000e+00,2.614700958025
363,15519,5683227539.062500,-3.837532559955e+02,-2.741094685682e+02,-3.832732806599e+02,-2.960220823159e+02,-3.625036958956e+02,-2.802572040336e+02,1.000000000000e+00,2.592786038554
364,15520,5683593750.000000,3.837532559955e+02,2.741094685682e+02,3.834187894111e+02,2.955522812075e+02,4.077307865501e+02,2.709595232547e+02,1.000000000000e+00,2.570863289437
365,15521,5683959960.937500,-3.837532559955e+02,-3.837532559955e+02,-3.795704111034e+02,-4.075247400352e+02,-3.609984362183e+02,-3.901358404001e+02,1.000000000000e+00,2.548932607140
366,15522,5684326171.875000,3.837532559955e+02,-5.482189371364e+01,3.955141313224e+02,-4.340577496091e+01,4.085124394121e+02,-5.840742569977e+01,1.000000000000e+00,2.526993888535
367,15523,5684692382.812500,-1.644656811409e+02,2.741094685682e+02,-1.770729396323e+02,2.763455982860e+02,-1.415802853493e+02,2.716188380612e+02,1.000000000000e+00,2.505047030915
368,15524,5685058593.750000,-2.741094685682e+02,-5.482189371364e+01,-2.799455994629e+02,-6.371213864026e+01,-2.515672550958e+02,-5.790924811081e+01,1.000000000000e+00,2.483091931990
369,15525,5685424804.687500,3.837532559955e+02,1.644656811409e+02,3.901544020836e+02,1.783273605930e+02,4.096826026129e+02,1.618280950202e+02,1.000000000000e+00,2.461128489901
370,15526,5685791015.625000,-3.837532559955e+02,5.482189371364e+01,-3.955528591299e+02,4.794740825155e+01,-3.614124723212e+02,5.361049905874e+01,1.000000000000e+00,2.439156603226
371,15527,5686157226.562500,-3.837532559955e+02,5.482189371364e+01,-3.955364200404e+02,4.846621286706e+01,-3.613174625685e+02,5.378106202760e+01,1.000000000000e+00,2.417176170981
372,15528,5686523437.500000,-3.837532559955e+02,-5.482189371364e+01,-3.931670759345e+02,-6.435460604239e+01,-3.611135201164e+02,-5.687204069229e+01,1.000000000000e+00,2.395187092633
373,15529,5686889648.437500,-5.482189371364e+01,-2.741094685682e+02,-5.048086284924e+01,-2.827499062517e+02,-2.966573360825e+01,-2.766432005681e+02,1.000000000000e+00,2.373189268101
374,15530,5687255859.375000,-1.644656811409e+02,3.837532559955e+02,-1.770387452269e+02,3.910332742355e+02,-1.422182372181e+02,3.843097669995e+02,1.000000000000e+00,2.351182597769
375,15531,5687622070.312500,5.482189371364e+01,-2.741094685682e+02,6.187716266187e+01,-2.809353119994e+02,8.153871514511e+01,-2.757619577189e+02,1.000000000000e+00,2.329166982489
376,15532,5687988281.250000,2.741094685682e+02,3.837532559955e+02,2.749720903985e+02,4.004642492677e+02,2.986258201371e+02,3.883868886203e+02,1.000000000000e+00,2.307142323588
377,15533,5688354492.187500,-2.741094685682e+02,2.741094685682e+02,-2.863265130452e+02,2.777609206758e+02,-2.519450930401e+02,2.750373684957e+02,1.000000000000e+00,2.285108522876
378,15534,5688720703.125000,3.837532559955e+02,5.482189371364e+01,3.938052352264e+02,6.098090017253e+01,4.108061648313e+02,5.741496532230e+01,1.000000000000e+00,2.263065482655
379,15535,5689086914.062500,-2.741094685682e+02,-2.741094685682e+02,-2.791672999324e+02,-2.839261219148e+02,-2.493509185338e+02,-2.742711284047e+02,1.000000000000e+00,2.241013105725
380,15536,5689453125.000000,-3.837532559955e+02,-5.482189371364e+01,-3.938550027515e+02,-5.856170901537e+01,-3.598119309056e+02,-5.344669081465e+01,1.000000000000e+00,2.218951295390
381,15537,5689819335.937500,-2.741094685682e+02,5.482189371364e+01,-2.817277952857e+02,5.547616527367e+01,-2.496587969570e+02,5.748485662511e+01,1.000000000000e+00,2.196879955468
382,15538,5690185546.875000,5.482189371364e+01,-2.741094685682e+02,5.661517368120e+01,-2.815111669456e+02,8.074799240999e+01,-2.723850566226e+02,1.000000000000e+00,2.174798990298
383,15539,5690551757.812500,-3.837532559955e+02,3.837532559955e+02,-3.942181165077e+02,3.942284724892e+02,-3.598885434151e+02,3.885542410670e+02,1.000000000000e+00,2.152708304748
384,15540,5690917968.750000,-2.741094685682e+02,3.837532559955e+02,-2.811728684427e+02,3.945546938423e+02,-2.499877986526e+02,3.889345678807e+02,1.000000000000e+00,2.130607804223
385,15541,5691284179.687500,2.741094685682e+02,5.482189371364e+01,2.818907625855e+02,5.552888183912e+01,3.012873680477e+02,5.981309479599e+01,1.000000000000e+00,2.108497394673
386,15542,5691650390.625000,3.837532559955e+02,-2.741094685682e+02,3.932480110348e+02,-2.838180305269e+02,4.121100968474e+02,-2.703167261073e+02,1.000000000000e+00,2.086376982601
387,15543,5692016601.562500,-5.482189371364e+01,2.741094685682e+02,-5.444679168295e+01,2.824126051200e+02,-2.936721456071e+01,2.810265628261e+02,1.000000000000e+00,2.064246475071
388,15544,5692382812.500000,2.741094685682e+02,5.482189371364e+01,2.824635210076e+02,5.375076837979e+01,3.016914345587e+02,6.102727683981e+01,1.000000000000e+00,2.042105779719
389,15545,5692749023.437500,2.741094685682e+02,-1.644656811409e+02,2.798607178838e+02,-1.724250002911e+02,3.015694746228e+02,-1.591292134263e+02,1.000000000000e+00,2.019954804758
390,15546,5693115234.375000,-3.837532559955e+02,1.644656811409e+02,-3.921665819000e+02,1.744019748414e+02,-3.595240142548e+02,1.723534024289e+02,1.000000000000e+00,1.997793458990
391,15547,5693481445.312500,1.644656811409e+02,-1.644656811409e+02,1.666212407794e+02,-1.713586294205e+02,1.914364994266e+02,-1.577451011349e+02,1.000000000000e+00,1.975621651811
392,15548,5693847656.250000,3.837532559955e+02,5.482189371364e+01,3.949761376867e+02,5.060320058767e+01,4.113629343516e+02,6.370982112443e+01,1.000000000000e+00,1.953439293225
393,15549,5694213867.187500,-2.741094685682e+02,2.741094685682e+02,-2.771132333236e+02,2.859346227982e+02,-2.499157764621e+02,2.829847284488e+02,1.000000000000e+00,1.931246293848
394,15550,5694580078.125000,3.837532559955e+02,5.482189371364e+01,3.951702619666e+02,4.946119385513e+01,4.113295578667e+02,6.494629023249e+01,1.000000000000e+00,1.909042564922
395,15551,5694946289.062500,-3.837532559955e+02,-1.644656811409e+02,-3.974750008440e+02,-1.614345755147e+02,-3.591402589634e+02,-1.567204780618e+02,1.000000000000e+00,1.886828018319
396,15552,5695312500.000000,5.482189371364e+01,-3.837532559955e+02,4.834822013937e+01,-3.952405721208e+02,8.214596823958e+01,-3.752429439351e+02,1.000000000000e+00,1.864602566556
397,15553,5695678710.937500,-2.741094685682e+02,3.837532559955e+02,-2.730438724545e+02,3.998775163834e+02,-2.507420278153e+02,3.946940773321e+02,1.000000000000e+00,1.842366122799
398,15554,5696044921.875000,-3.837532559955e+02,-5.482189371364e+01,-3.950855749421e+02,-4.749787852297e+01,-3.591266445625e+02,-4.563349482524e+01,1.000000000000e+00,1.820118600879
399,15555,5696411132.812500,5.482189371364e+01,-2.741094685682e+02,4.949653162181e+01,-2.830503909035e+02,8.185009225584e+01,-2.636938280323e+02,1.000000000000e+00,1.797859915295
400,15556,5696777343.750000,2.741094685682e+02,-2.741094685682e+02,2.746325604470e+02,-2.894753469895e+02,3.023969210839e+02,-2.627902651004e+02,1.000000000000e+00,1.775589981228
401,15557,5697143554.687500,-1.644656811409e+02,-2.741094685682e+02,-1.773555759964e+02,-2.773705915576e+02,-1.393268587660e+02,-2.638570721062e+02,1.000000000000e+00,1.753308714552
402,15558,5697509765.625000,-3.837532559955e+02,-3.837532559955e+02,-4.069606766059e+02,-3.825711148679e+02,-3.599720727948e+02,-3.737918863100e+02,1.000000000000e+00,1.731016031841
403,15559,5697875976.562500,-2.741094685682e+02,1.644656811409e+02,-2.761271286451e+02,1.784344145851e+02,-2.506331600083e+02,1.787124157400e+02,1.000000000000e+00,1.708711850380
404,15560,5698242187.500000,3.837532559955e+02,-2.741094685682e+02,3.847900807464e+02,-2.947904801339e+02,4.114382994704e+02,-2.601707725331e+02,1.000000000000e+00,1.686396088177
405,15561,5698608398.437500,2.741094685682e+02,1.644656811409e+02,2.869428502684e+02,1.597018736059e+02,2.993382000031e+02,1.813922634254e+02,1.000000000000e+00,1.664068663973
406,15562,5698974609.375000,3.837532559955e+02,5.482189371364e+01,3.956015360199e+02,4.380283807152e+01,4.095088157510e+02,7.330502028028e+01,1.000000000000e+00,1.641729497249
407,15563,5699340820.312500,-5.482189371364e+01,1.644656811409e+02,-5.037116354199e+01,1.707897461093e+02,-3.149478958812e+01,1.806725349186e+02,1.000000000000e+00,1.619378508244
408,15564,5699707031.250000,-2.741094685682e+02,-1.644656811409e+02,-2.879724354744e+02,-1.580020796599e+02,-2.504133237300e+02,-1.498901920393e+02,1.000000000000e+00,1.597015617959
409,15565,5700073242.187500,3.837532559955e+02,2.741094685682e+02,4.058447967408e+02,2.650067812955e+02,4.091503254231e+02,2.931715071094e+02,1.000000000000e+00,1.574640748171
410,15566,5700439453.125000,-3.837532559955e+02,5.482189371364e+01,-3.914337903371e+02,7.326739962607e+01,-3.616595711830e+02,7.162031964298e+01,1.000000000000e+00,1.552253821444
411,15567,5700805664.062500,2.741094685682e+02,-1.644656811409e+02,2.736663281851e+02,-1.812249990102e+02,2.992332515272e+02,-1.464681415110e+02,1.000000000000e+00,1.529854761139
412,15568,5701171875.000000,3.837532559955e+02,-2.741094685682e+02,3.808681121224e+02,-2.989825605420e+02,4.094848582739e+02,-2.554564041072e+02,1.000000000000e+00,1.507443491427
413,15569,5701538085.937500,1.644656811409e+02,-2.741094685682e+02,1.559696032613e+02,-2.889296801755e+02,1.895301861500e+02,-2.555117172765e+02,1.000000000000e+00,1.485019937298
414,15570,5701904296.875000,-2.741094685682e+02,1.644656811409e+02,-2.736697955261e+02,1.816532809036e+02,-2.534511472319e+02,1.831685603274e+02,1.000000000000e+00,1.462584024576
415,15571,5702270507.812500,2.741094685682e+02,3.837532559955e+02,2.997618140510e+02,3.807461923789e+02,2.956065038413e+02,4.072439855073e+02,1.000000000000e+00,1.440135679927
416,15572,5702636718.750000,-3.837532559955e+02,1.644656811409e+02,-3.856736840046e+02,1.877614718715e+02,-3.641759517089e+02,1.834272868666e+02,1.000000000000e+00,1.417674830873
417,15573,5703002929.687500,-2.741094685682e+02,5.482189371364e+01,-2.784386808258e+02,7.022012718205e+01,-2.536487292536e+02,7.447643904973e+01,1.000000000000e+00,1.395201405802
418,15574,5703369140.625000,2.741094685682e+02,2.741094685682e+02,2.957161735737e+02,2.669248169701e+02,2.954109397773e+02,2.986048121635e+02,1.000000000000e+00,1.372715333981
419,15575,5703735351.562500,2.741094685682e+02,3.837532559955e+02,3.021525303330e+02,3.791516815246e+02,2.945577858551e+02,4.093885817748e+02,1.000000000000e+00,1.350216545569
420,15576,5704101562.500000,5.482189371364e+01,-3.837532559955e+02,3.500486853713e+01,-3.970178514317e+02,7.833711636080e+01,-3.628477103716e+02,1.000000000000e+00,1.327704971628
421,15577,5704467773.437500,2.741094685682e+02,-2.741094685682e+02,2.657426283119e+02,-2.966773041768e+02,2.976680285242e+02,-2.505622224265e+02,1.000000000000e+00,1.305180544133
422,15578,5704833984.375000,-2.741094685682e+02,3.837532559955e+02,-2.589765115078e+02,4.091454285653e+02,-2.574900238311e+02,4.069371364935e+02,1.000000000000e+00,1.282643195990
423,15579,5705200195.312500,5.482189371364e+01,5.482189371364e+01,5.940241573694e+01,5.295799179571e+01,7.448910471653e+01,7.939599843375e+01,1.000000000000e+00,1.260092861042
424,15580,5705566406.250000,-5.482189371364e+01,5.482189371364e+01,-5.286015937156e+01,5.949007060411e+01,-3.592296837389e+01,7.915519507191e+01,1.000000000000e+00,1.237529474086
425,15581,5705932617.187500,-2.741094685682e+02,-3.837532559955e+02,-3.047032921108e+02,-3.761507640306e+02,-2.537487202096e+02,-3.618080121406e+02,1.000000000000e+00,1.214952970883
426,15582,5706298828.125000,1.644656811409e+02,-3.837532559955e+02,1.445651671236e+02,-4.038528510304e+02,1.864016512652e+02,-3.589361990085e+02,1.000000000000e+00,1.192363288171
427,15583,5706665039.062500,5.482189371364e+01,-1.644656811409e+02,4.589335017418e+01,-1.722988221765e+02,7.457869886394e+01,-1.390925052365e+02,1.000000000000e+00,1.169760363682
428,15584,5707031250.000000,1.644656811409e+02,-5.482189371364e+01,1.655048227439e+02,-6.680411358610e+01,1.837356557465e+02,-2.746183587400e+01,1.000000000000e+00,1.147144136146
429,15585,5707397460.937500,5.482189371364e+01,-2.741094685682e+02,3.825458472107e+01,-2.851177628620e+02,7.455152963584e+01,-2.486251309924e+02,1.000000000000e+00,1.124514545312
430,15586,5707763671.875000,5.482189371364e+01,2.741094685682e+02,7.491110046940e+01,2.776282736044e+02,7.005780204447e+01,3.032073304665e+02,1.000000000000e+00,1.101871531958
431,15587,5708129882.812500,1.644656811409e+02,3.837532559955e+02,1.953060568035e+02,3.823490813613e+02,1.790287402533e+02,4.145194863195e+02,1.000000000000e+00,1.079215037904
432,15588,5708496093.750000,-5.482189371364e+01,2.741094685682e+02,-3.739929365414e+01,2.849508940060e+02,-4.162366348875e+01,3.030259200397e+02,1.000000000000e+00,1.056545006024
433,15589,5708862304.687500,-1.644656811409e+02,-1.644656811409e+02,-1.798979351889e+02,-1.574565908516e+02,-1.482443673028e+02,-1.385772532534e+02,1.000000000000e+00,1.033861380263
434,15590,5709228515.625000,1.644656811409e+02,-1.644656811409e+02,1.571348926515e+02,-1.801743093446e+02,1.816844389195e+02,-1.348997686394e+02,1.000000000000e+00,1.011164105644
435,15591,5709594726.562500,5.482189371364e+01,2.741094685682e+02,7.629256110964e+01,2.770451486537e+02,6.727039880383e+01,3.050564626913e+02,1.000000000000e+00,0.988453128288
436,15592,5709960937.500000,3.837532559955e+02,-5.482189371364e+01,3.892480093535e+02,-8.555133051551e+01,3.998063665044e+02,-2.336027323358e+01,1.000000000000e+00,0.965728395424
437,15593,5710327148.437500,-2.741094685682e+02,-2.741094685682e+02,-3.023091676161e+02,-2.600604288607e+02,-2.606927329015e+02,-2.475584671521e+02,1.000000000000e+00,0.942989855401
438,15594,5710693359.375000,5.482189371364e+01,1.644656811409e+02,6.899392300592e+01,1.645777487250e+02,6.663664494588e+01,1.961445683576e+02,1.000000000000e+00,0.920237457704
439,15595,5711059570.312500,5.482189371364e+01,-2.741094685682e+02,3.498576000211e+01,-2.857505483302e+02,6.953817236394e+01,-2.449731182922e+02,1.000000000000e+00,0.897471152969
440,15596,5711425781.250000,3.837532559955e+02,-2.741094685682e+02,3.722798356737e+02,-3.115553298338e+02,3.999930836665e+02,-2.418034014574e+02,1.000000000000e+00,0.874690892992
441,15597,5711791992.187500,-3.837532559955e+02,1.644656811409e+02,-3.805329054441e+02,1.993138428812e+02,-3.764183591438e+02,1.934490999656e+02,1.000000000000e+00,0.851896630746
442,15598,5712158203.125000,1.644656811409e+02,1.644656811409e+02,1.818926748383e+02,1.553346022721e+02,1.743462671394e+02,1.982466886447e+02,1.000000000000e+00,0.829088320393
443,15599,5712524414.062500,3.837532559955e+02,-2.741094685682e+02,3.708168572664e+02,-3.122185717504e+02,3.977481457745e+02,-2.403964902227e+02,1.000000000000e+00,0.806265917299
444,15600,5712890625.000000,-1.644656811409e+02,-2.741094685682e+02,-1.910829432997e+02,-2.671135376268e+02,-1.536725873977e+02,-2.446575635815e+02,1.000000000000e+00,0.783429378048
445,15601,5713256835.937500,1.644656811409e+02,-5.482189371364e+01,1.638923030646e+02,-6.977948855426e+01,1.742821153224e+02,-2.117701816407e+01,1.000000000000e+00,0.760578660453
446,15602,5713623046.875000,3.837532559955e+02,5.482189371364e+01,3.976938971282e+02,2.437910408605e+01,3.929698547832e+02,9.173172432993e+01,1.000000000000e+00,0.737713723573
447,15603,5713989257.812500,-5.482189371364e+01,5.482189371364e+01,-5.164684131146e+01,6.072081737671e+01,-4.843645986822e+01,8.730548390747e+01,1.000000000000e+00,0.714834527726
448,15604,5714355468.750000,-3.837532559955e+02,-1.644656811409e+02,-4.070119444773e+02,-1.360882988277e+02,-3.771492211912e+02,-1.364328390978e+02,1.000000000000e+00,0.691941034500
449,15605,5714721679.687500,5.482189371364e+01,-5.482189371364e+01,5.141554072770e+01,-6.085872685502e+01,6.166990063383e+01,-2.122859865734e+01,1.000000000000e+00,0.669033206773
450,15606,5715087890.625000,1.644656811409e+02,2.741094685682e+02,1.923670972921e+02,2.661688505108e+02,1.678812701643e+02,3.104005518181e+02,1.000000000000e+00,0.646111008719
451,15607,5715454101.562500,-1.644656811409e+02,-5.482189371364e+01,-1.731638520346e+02,-4.155546422480e+01,-1.598938656890e+02,-2.301768192523e+01,1.000000000000e+00,0.623174405827
452,15608,5715820312.500000,-5.482189371364e+01,-1.644656811409e+02,-7.078039382986e+01,-1.633843259516e+02,-4.933236783295e+01,-1.318504636368e+02,1.000000000000e+00,0.600223364916
453,15609,5716186523.437500,-5.482189371364e+01,3.837532559955e+02,-2.142314344367e+01,3.975960535204e+02,-5.547428246216e+01,4.188082854943e+02,1.000000000000e+00,0.577257854143
454,15610,5716552734.375000,3.837532559955e+02,-2.741094685682e+02,3.675983642034e+02,-3.156426153647e+02,3.908336212046e+02,-2.374602104341e+02,1.000000000000e+00,0.554277843023
455,15611,5716918945.312500,1.644656811409e+02,-1.644656811409e+02,1.530600115363e+02,-1.835883853886e+02,1.688315401039e+02,-1.294145318057e+02,1.000000000000e+00,0.531283302438
456,15612,5717285156.250000,-3.837532559955e+02,-1.644656811409e+02,-4.082399891260e+02,-1.324808751205e+02,-3.827202631315e+02,-1.345997501593e+02,1.000000000000e+00,0.508274204653
457,15613,5717651367.187500,3.837532559955e+02,5.482189371364e+01,3.981334480482e+02,2.003838736846e+01,3.859369615969e+02,9.344334249828e+01,1.000000000000e+00,0.485250523331
458,15614,5718017578.125000,5.482189371364e+01,-5.482189371364e+01,5.096775503271e+01,-6.134602077667e+01,5.569317483594e+01,-1.999436322639e+01,1.000000000000e+00,0.462212233544
459,15615,5718383789.062500,5.482189371364e+01,-3.837532559955e+02,1.946044924989e+01,-3.985771788836e+02,5.839229570282e+01,-3.510008290106e+02,1.000000000000e+00,0.439159311789
460,15616,5718750000.000000,-2.741094685682e+02,-2.741094685682e+02,-3.076409566096e+02,-2.545899699908e+02,-2.746810973113e+02,-2.441142355822e+02,1.000000000000e+00,0.416091735997
461,15617,5719116210.937500,-2.741094685682e+02,2.741094685682e+02,-2.543786190974e+02,3.078127865316e+02,-2.809431736244e+02,3.079832906734e+02,1.000000000000e+00,0.393009485554
462,15618,5719482421.875000,-1.644656811409e+02,-3.837532559955e+02,-2.057814373554e+02,-3.769317211492e+02,-1.639804831436e+02,-3.529276856759e+02,1.000000000000e+00,0.369912541310
463,15619,5719848632.812500,-5.482189371364e+01,-2.741094685682e+02,-8.272723146322e+01,-2.749256609094e+02,-5.535353584255e+01,-2.410935457205e+02,1.000000000000e+00,0.346800885589
464,15620,5720214843.750000,3.837532559955e+02,3.837532559955e+02,4.297369943541e+02,3.547518611945e+02,3.763945015726e+02,4.245834850112e+02,1.000000000000e+00,0.323674502211
465,15621,5720581054.687500,-5.482189371364e+01,-2.741094685682e+02,-8.303927102489e+01,-2.749268711984e+02,-5.664703750313e+01,-2.412363591856e+02,1.000000000000e+00,0.300533376498
466,15622,5720947265.625000,3.837532559955e+02,2.741094685682e+02,4.198262567841e+02,2.424315972756e+02,3.766846684796e+02,3.148747719527e+02,1.000000000000e+00,0.277377495290
467,15623,5721313476.562500,1.644656811409e+02,5.482189371364e+01,1.736264827805e+02,3.957401706557e+01,1.581805023756e+02,9.165448286093e+01,1.000000000000e+00,0.254206846958
468,15624,5721679687.500000,-2.741094685682e+02,2.741094685682e+02,-2.521697290569e+02,3.076676916975e+02,-2.851607968267e+02,3.064406634242e+02,1.000000000000e+00,0.231021421416
469,15625,5722045898.437500,5.482189371364e+01,-1.644656811409e+02,3.907939422521e+01,-1.734068258845e+02,4.899200439051e+01,-1.297761366913e+02,1.000000000000e+00,0.207821210135
470,15626,5722412109.375000,5.482189371364e+01,-3.837532559955e+02,1.576051167172e+01,-3.972567272319e+02,5.010806399027e+01,-3.498709645951e+02,1.000000000000e+00,0.184606206157
471,15627,5722778320.312500,-1.644656811409e+02,5.482189371364e+01,-1.619357024193e+02,7.351354749383e+01,-1.745303774372e+02,8.795857739235e+01,1.000000000000e+00,0.161376404105
472,15628,5723144531.250000,3.837532559955e+02,-1.644656811409e+02,3.739579127530e+02,-2.092941612944e+02,3.764761833050e+02,-1.279964130770e+02,1.000000000000e+00,0.138131800195
473,15629,5723510742.187500,-3.837532559955e+02,5.482189371364e+01,-3.862952593539e+02,9.713615696310e+01,-3.965628624298e+02,8.555863780450e+01,1.000000000000e+00,0.114872392252
474,15630,5723876953.125000,2.741094685682e+02,3.837532559955e+02,3.212529047521e+02,3.634817260287e+02,2.602982911549e+02,4.226528573419e+02,1.000000000000e+00,0.091598179721
475,15631,5724243164.062500,-5.482189371364e+01,3.837532559955e+02,-1.503404508192e+01,3.984897896723e+02,-7.117379270494e+01,4.189895706226e+02,1.000000000000e+00,0.068309163677
476,15632,5724609375.000000,-2.741094685682e+02,-2.741094685682e+02,-3.099825317813e+02,-2.505707535894e+02,-2.855086713591e+02,-2.447901868059e+02,1.000000000000e+00,0.045005346839
477,15633,5724975585.937500,-5.482189371364e+01,-3.837532559955e+02,-9.814202802286e+01,-3.861319890807e+02,-6.498638963353e+01,-3.528503872101e+02,1.000000000000e+00,0.021686733580
478,15634,5725341796.875000,-3.837532559955e+02,-2.741094685682e+02,-4.219498910854e+02,-2.382253231475e+02,-3.966991873227e+02,-2.462794151962e+02,1.000000000000e+00,-0.001646670057
479,15635,5725708007.812500,-5.482189371364e+01,-3.837532559955e+02,-9.747593689341e+01,-3.860840094940e+02,-6.528680371781e+01,-3.532589266634e+02,1.000000000000e+00,-0.024994856354
480,15636,5726074218.750000,-2.741094685682e+02,5.482189371364e+01,-2.740992020324e+02,8.541033698713e+01,-2.913228585484e+02,8.398585048069e+01,1.000000000000e+00,-0.048357815901
481,15637,5726440429.687500,-1.644656811409e+02,-2.741094685682e+02,-1.973896408261e+02,-2.624249169673e+02,-1.774808412291e+02,-2.453004203877e+02,1.000000000000e+00,-0.071735537587
482,15638,5726806640.625000,3.837532559955e+02,3.837532559955e+02,4.331850975796e+02,3.511072104231e+02,3.631874616044e+02,4.228969906489e+02,1.000000000000e+00,-0.095128008591
483,15639,5727172851.562500,5.482189371364e+01,5.482189371364e+01,6.189036225216e+01,5.012956143184e+01,3.685667474719e+01,8.747228604415e+01,1.000000000000e+00,-0.118535214367
484,15640,5727539062.500000,-1.644656811409e+02,-3.837532559955e+02,-2.094228659880e+02,-3.740244859417e+02,-1.777273844823e+02,-3.561902628741e+02,1.000000000000e+00,-0.141957138640
485,15641,5727905273.437500,3.837532559955e+02,5.482189371364e+01,3.975312337996e+02,1.409234229526e+01,3.655053315136e+02,9.117563604974e+01,1.000000000000e+00,-0.165393763387
486,15642,5728271484.375000,2.741094685682e+02,-5.482189371364e+01,2.737500001298e+02,-8.603399770952e+01,2.564580789453e+02,-2.073099441921e+01,1.000000000000e+00,-0.188845068835
487,15643,5728637695.312500,-1.644656811409e+02,5.482189371364e+01,-1.619160166086e+02,7.414238958451e+01,-1.858759975990e+02,8.310884699270e+01,1.000000000000e+00,-0.212311033447
488,15644,5729003906.250000,1.644656811409e+02,-1.644656811409e+02,1.498125419195e+02,-1.863312992040e+02,1.468231857608e+02,-1.332473720643e+02,1.000000000000e+00,-0.235791633912
489,15645,5729370117.187500,3.837532559955e+02,1.644656811409e+02,4.103047118041e+02,1.248602627124e+02,3.621220316083e+02,1.993413339434e+02,1.000000000000e+00,-0.259286845138
490,15646,5729736328.125000,2.741094685682e+02,1.644656811409e+02,2.983182537601e+02,1.366945038868e+02,2.513631541181e+02,1.972280542128e+02,1.000000000000e+00,-0.282796640243
491,15647,5730102539.062500,-5.482189371364e+01,2.741094685682e+02,-2.455293015833e+01,2.857435639753e+02,-8.040610240229e+01,3.029719240893e+02,1.000000000000e+00,-0.306320990544
492,15648,5730468750.000000,-2.741094685682e+02,-2.741094685682e+02,-3.107652933170e+02,-2.480682792710e+02,-2.948693260102e+02,-2.497376650476e+02,1.000000000000e+00,-0.329859865548
493,15649,5730834960.937500,3.837532559955e+02,3.837532559955e+02,4.349987897039e+02,3.472050180899e+02,3.567305084571e+02,4.168787194842e+02,1.000000000000e+00,-0.353413232947
494,15650,5731201171.875000,-5.482189371364e+01,-2.741094685682e+02,-8.710610221225e+01,-2.732179890314e+02,-7.581153522056e+01,-2.483002007366e+02,1.000000000000e+00,-0.376981058608
495,15651,5731567382.812500,-1.644656811409e+02,-3.837532559955e+02,-2.111491627622e+02,-3.730013869038e+02,-1.845874320435e+02,-3.605820361953e+02,1.000000000000e+00,-0.400563306567
496,15652,5731933593.750000,-3.837532559955e+02,-1.644656811409e+02,-4.103129250896e+02,-1.249922390875e+02,-4.082649729847e+02,-1.446191464068e+02,1.000000000000e+00,-0.424159939018
497,15653,5732299804.687500,-2.741094685682e+02,-2.741094685682e+02,-3.107652483925e+02,-2.488707639964e+02,-2.971578669454e+02,-2.533336602831e+02,1.000000000000e+00,-0.447770916309
498,15654,5732666015.625000,5.482189371364e+01,-3.837532559955e+02,1.207764618979e+01,-3.977478998790e+02,3.367282128372e+01,-3.590977168642e+02,1.000000000000e+00,-0.471396196935
499,15655,5733032226.562500,5.482189371364e+01,-5.482189371364e+01,4.956266819582e+01,-6.222412841409e+01,2.873699970849e+01,-2.956582977871e+01,1.000000000000e+00,-0.495035737531
500,15656,5733398437.500000,3.837532559955e+02,5.482189371364e+01,3.976701120639e+02,1.170009378155e+01,3.568923082046e+02,8.410685819049e+01,1.000000000000e+00,-0.518689492866
501,15657,5733764648.437500,-1.644656811409e+02,-5.482189371364e+01,-1.740667787492e+02,-3.702212120382e+01,-1.922477690188e+02,-3.353335118613e+01,1.000000000000e+00,-0.542357415839
502,15658,5734130859.375000,1.644656811409e+02,5.482189371364e+01,1.740578264402e+02,3.711903995857e+01,1.358703471104e+02,8.042566982973e+01,1.000000000000e+00,-0.566039457468
503,15659,5734497070.312500,-3.837532559955e+02,-1.644656811409e+02,-4.101015452868e+02,-1.242718414644e+02,-4.114201053660e+02,-1.483270716309e+02,1.000000000000e+00,-0.589735566893
504,15660,5734863281.250000,2.741094685682e+02,2.741094685682e+02,3.103701894258e+02,2.487942304374e+02,2.411207570055e+02,3.013870536394e+02,1.000000000000e+00,-0.613445691365
505,15661,5735229492.187500,-1.644656811409e+02,1.644656811409e+02,-1.492478836688e+02,1.862921634976e+02,-1.974716568680e+02,1.836665935528e+02,1.000000000000e+00,-0.637169776246
506,15662,5735595703.125000,1.644656811409e+02,3.837532559955e+02,2.114511878857e+02,3.728656261718e+02,1.289233937331e+02,4.084235363204e+02,1.000000000000e+00,-0.660907765003
507,15663,5735961914.062500,3.837532559955e+02,-3.837532559955e+02,3.476150195401e+02,-4.357258035299e+02,3.602327579914e+02,-3.596061161383e+02,1.000000000000e+00,-0.684659599202
508,15664,5736328125.000000,3.837532559955e+02,1.644656811409e+02,4.104150812152e+02,1.234943328285e+02,3.517439019840e+02,1.899348163450e+02,1.000000000000e+00,-0.708425218512
509,15665,5736694335.937500,-1.644656811409e+02,-5.482189371364e+01,-1.739984541742e+02,-3.683062193848e+01,-1.956440818404e+02,-3.836153128723e+01,1.000000000000e+00,-0.732204560696
510,15666,5737060546.875000,-5.482189371364e+01,-3.837532559955e+02,-1.004362820690e+02,-3.845967115748e+02,-8.166398198803e+01,-3.671980459938e+02,1.000000000000e+00,-0.755997561609
511,15667,5737426757.812500,-1.644656811409e+02,3.837532559955e+02,-1.231587575432e+02,4.100584269954e+02,-2.023741318544e+02,4.000027098679e+02,1.000000000000e+00,-0.779804155201
512,15668,5737792968.750000,1.644656811409e+02,-3.837532559955e+02,1.233447748751e+02,-4.100435741296e+02,1.378653761854e+02,-3.654862542094e+02,1.000000000000e+00,-0.803624273512
513,15669,5738159179.687500,-2.741094685682e+02,-2.741094685682e+02,-3.110121546302e+02,-2.477873338129e+02,-3.037849493094e+02,-2.626020814789e+02,1.000000000000e+00,-0.827457846670
514,15670,5738525390.625000,1.644656811409e+02,-3.837532559955e+02,1.232271143998e+02,-4.103385527671e+02,1.371805383428e+02,-3.671116414886e+02,1.000000000000e+00,-0.851304802892
515,15671,5738891601.562500,-2.741094685682e+02,-2.741094685682e+02,-3.114839749159e+02,-2.476651963147e+02,-3.048534581338e+02,-2.639238163193e+02,1.000000000000e+00,-0.875165068487
516,15672,5739257812.500000,-2.741094685682e+02,3.837532559955e+02,-2.349039896738e+02,4.235794066028e+02,-3.141017874698e+02,3.958399066459e+02,1.000000000000e+00,-0.899038567849
517,15673,5739624023.437500,-5.482189371364e+01,-2.741094685682e+02,-8.803002492866e+01,-2.734317748111e+02,-8.550427048170e+01,-2.625953871136e+02,1.000000000000e+00,-0.922925223466
518,15674,5739990234.375000,2.741094685682e+02,1.644656811409e+02,2.992617668913e+02,1.358676249888e+02,2.390737566297e+02,1.816623662551e+02,1.000000000000e+00,-0.946824955914
519,15675,5740356445.312500,-5.482189371364e+01,-5.482189371364e+01,-6.229504763663e+01,-4.963526539445e+01,-8.879485919573e+01,-4.377713648368e+01,1.000000000000e+00,-0.970737683864
520,15676,5740722656.250000,1.644656811409e+02,5.482189371364e+01,1.740253131135e+02,3.723495516016e+01,1.293932806724e+02,6.905316359323e+01,1.000000000000e+00,-0.994663324084
521,15677,5741088867.187500,5.482189371364e+01,-2.741094685682e+02,2.504935637076e+01,-2.856795361312e+02,2.472925366856e+01,-2.632930676417e+02,1.000000000000e+00,-1.018601791436
522,15678,5741455078.125000,-2.741094685682e+02,3.837532559955e+02,-2.358865821952e+02,4.223242295071e+02,-3.162320582175e+02,3.902843449801e+02,1.000000000000e+00,-1.042552998886
523,15679,5741821289.062500,3.837532559955e+02,-1.644656811409e+02,3.722978842209e+02,-2.115336893185e+02,3.519180114020e+02,-1.498482952547e+02,1.000000000000e+00,-1.066516857505
524,15680,5742187500.000000,3.837532559955e+02,-1.644656811409e+02,3.721477092092e+02,-2.118167187032e+02,3.516377249138e+02,-1.509008086298e+02,1.000000000000e+00,-1.090493276472
525,15681,5742553710.937500,3.837532559955e+02,5.482189371364e+01,3.974866713999e+02,1.144047858221e+01,3.484543736403e+02,6.798667271211e+01,1.000000000000e+00,-1.114482163081
526,15682,5742919921.875000,1.644656811409e+02,-5.482189371364e+01,1.612693163523e+02,-7.502669369714e+01,1.299247319202e+02,-4.582886115457e+01,1.000000000000e+00,-1.138483422746
527,15683,5743286132.812500,2.741094685682e+02,-5.482189371364e+01,2.729267593992e+02,-8.766300077056e+01,2.396634919279e+02,-4.505920307567e+01,1.000000000000e+00,-1.162496959003
528,15684,5743652343.750000,5.482189371364e+01,-3.837532559955e+02,1.153850708014e+01,-3.970844800954e+02,2.420381739106e+01,-3.781618654206e+02,1.000000000000e+00,-1.186522673521
529,15685,5744018554.687500,5.482189371364e+01,-1.644656811409e+02,3.690756099389e+01,-1.736647562016e+02,2.116558892517e+01,-1.590925489700e+02,1.000000000000e+00,-1.210560466106
530,15686,5744384765.625000,-5.482189371364e+01,-1.644656811409e+02,-7.474145998439e+01,-1.611055459495e+02,-8.875007113975e+01,-1.613949490910e+02,1.000000000000e+00,-1.234610234712
531,15687,5744750976.562500,-1.644656811409e+02,-5.482189371364e+01,-1.737938992658e+02,-3.683273264038e+01,-2.001575965505e+02,-5.376026623710e+01,1.000000000000e+00,-1.258671875441
532,15688,5745117187.500000,-3.837532559955e+02,3.837532559955e+02,-3.464929424989e+02,4.350797725461e+02,-4.255940561060e+02,3.820736258184e+02,1.000000000000e+00,-1.282745282561
533,15689,5745483398.437500,-5.482189371364e+01,-2.741094685682e+02,-8.722949583864e+01,-2.727638273567e+02,-8.733910008457e+01,-2.734270359225e+02,1.000000000000e+00,-1.306830348508
534,15690,5745849609.375000,1.644656811409e+02,-1.644656811409e+02,1.486563303422e+02,-1.860985662869e+02,1.308278304097e+02,-1.612424309073e+02,1.000000000000e+00,-1.330926963897
535,15691,5746215820.312500,2.741094685682e+02,-3.837532559955e+02,2.356709472182e+02,-4.215312329684e+02,2.439747894536e+02,-3.797690300529e+02,1.000000000000e+00,-1.355035017535
536,15692,5746582031.250000,2.741094685682e+02,-1.644656811409e+02,2.607064405054e+02,-1.981161022120e+02,2.409912917184e+02,-1.607933349789e+02,1.000000000000e+00,-1.379154396428
537,15693,5746948242.187500,2.741094685682e+02,2.741094685682e+02,3.095771840622e+02,2.488397563352e+02,2.340504713545e+02,2.779351970851e+02,1.000000000000e+00,-1.403284985791
538,15694,5747314453.125000,-2.741094685682e+02,1.644656811409e+02,-2.609167037585e+02,1.981431843296e+02,-3.130895716382e+02,1.586858711115e+02,1.000000000000e+00,-1.427426669067
539,15695,5747680664.062500,-3.837532559955e+02,-1.644656811409e+02,-4.095710916828e+02,-1.243571490364e+02,-4.180914027878e+02,-1.728581713029e+02,1.000000000000e+00,-1.451579327929
540,15696,5748046875.000000,5.482189371364e+01,3.837532559955e+02,9.945440774129e+01,3.848759296410e+02,1.424865642255e+01,3.821079150323e+02,1.000000000000e+00,-1.475742842300
541,15697,5748413085.937500,5.482189371364e+01,5.482189371364e+01,6.208206625426e+01,4.965883728623e+01,1.866678048896e+01,5.163029508843e+01,1.000000000000e+00,-1.499917090365
542,15698,5748779296.875000,-3.837532559955e+02,2.741094685682e+02,-3.600986936276e+02,3.227259005080e+02,-4.236565213113e+02,2.650218306836e+02,1.000000000000e+00,-1.524101948581
543,15699,5749145507.812500,-5.482189371364e+01,-5.482189371364e+01,-6.204200082464e+01,-4.969541426558e+01,-8.949831806319e+01,-6.114309436366e+01,1.000000000000e+00,-1.548297291697
544,15700,5749511718.750000,-3.837532559955e+02,5.482189371364e+01,-3.849503373351e+02,9.881618313179e+01,-4.204481827174e+02,4.359061902234e+01,1.000000000000e+00,-1.572502992765
545,15701,5749877929.687500,-3.837532559955e+02,-2.741094685682e+02,-4.215762845096e+02,-2.366695096148e+02,-4.157004785196e+02,-2.869080557217e+02,1.000000000000e+00,-1.596718923156
546,15702,5750244140.625000,1.644656811409e+02,-1.644656811409e+02,1.494646183413e+02,-1.856839780538e+02,1.324780357668e+02,-1.699720649377e+02,1.000000000000e+00,-1.620944952577
547,15703,5750610351.562500,1.644656811409e+02,-5.482189371364e+01,1.615548729419e+02,-7.373368846598e+01,1.310806687485e+02,-6.064632321286e+01,1.000000000000e+00,-1.645180949088
548,15704,5750976562.500000,1.644656811409e+02,-1.644656811409e+02,1.497862450472e+02,-1.851426518083e+02,1.330818930276e+02,-1.709062970402e+02,1.000000000000e+00,-1.669426779118
549,15705,5751342773.437500,1.644656811409e+02,-2.741094685682e+02,1.380024033177e+02,-2.967195058105e+02,1.350244889457e+02,-2.813271360620e+02,1.000000000000e+00,-1.693682307482
550,15706,5751708984.375000,-1.644656811409e+02,5.482189371364e+01,-1.615237311938e+02,7.345820548070e+01,-1.991070100669e+02,4.194234370558e+01,1.000000000000e+00,-1.717947397401
551,15707,5752075195.312500,-3.837532559955e+02,-1.644656811409e+02,-4.083261068537e+02,-1.261487799641e+02,-4.149137964292e+02,-1.813766664487e+02,1.000000000000e+00,-1.742221910521
552,15708,5752441406.250000,5.482189371364e+01,-1.644656811409e+02,3.799722426995e+01,-1.735129590966e+02,2.409005417931e+01,-1.756309826499e+02,1.000000000000e+00,-1.766505706930
553,15709,5752807617.187500,-1.644656811409e+02,-5.482189371364e+01,-1.737133859465e+02,-3.787483624460e+01,-1.969860155554e+02,-6.933468790660e+01,1.000000000000e+00,-1.790798645179
554,15710,5753173828.125000,2.741094685682e+02,-1.644656811409e+02,2.615509616773e+02,-1.976727663463e+02,2.444292602343e+02,-1.744352738200e+02,1.000000000000e+00,-1.815100582304
555,15711,5753540039.062500,3.837532559955e+02,2.741094685682e+02,4.204775080416e+02,2.380532401174e+02,3.485161913489e+02,2.662276811289e+02,1.000000000000e+00,-1.839411373844
556,15712,5753906250.000000,-2.741094685682e+02,-2.741094685682e+02,-3.080337983637e+02,-2.501052232174e+02,-3.019254729793e+02,-2.925775746177e+02,1.000000000000e+00,-1.863730873865
557,15713,5754272460.937500,1.644656811409e+02,1.644656811409e+02,1.847795470235e+02,1.502012817019e+02,1.307549441274e+02,1.522602791042e+02,1.000000000000e+00,-1.888058934979
558,15714,5754638671.875000,2.741094685682e+02,-3.837532559955e+02,2.390391085415e+02,-4.198593997998e+02,2.492204460369e+02,-3.956943203080e+02,1.000000000000e+00,-1.912395408371
559,15715,5755004882.812500,1.644656811409e+02,-1.644656811409e+02,1.504585417168e+02,-1.849726769554e+02,1.366256315573e+02,-1.784522500484e+02,1.000000000000e+00,-1.936740143817
560,15716,5755371093.750000,1.644656811409e+02,-5.482189371364e+01,1.619616263415e+02,-7.345952071582e+01,1.354541747766e+02,-6.951977419538e+01,1.000000000000e+00,-1.961092989712
561,15717,5755737304.687500,-3.837532559955e+02,5.482189371364e+01,-3.858136780873e+02,9.748149037373e+01,-4.154495146647e+02,3.379033782234e+01,1.000000000000e+00,-1.985453793089
562,15718,5756103515.625000,-5.482189371364e+01,1.644656811409e+02,-3.811996756772e+01,1.738726664762e+02,-8.594115766560e+01,1.468184565070e+02,1.000000000000e+00,-2.009822399650
563,15719,5756469726.562500,2.741094685682e+02,1.644656811409e+02,2.970675712682e+02,1.388312557141e+02,2.440601932185e+02,1.499164184310e+02,1.000000000000e+00,-2.034198653784
564,15720,5756835937.500000,-3.837532559955e+02,-3.837532559955e+02,-4.307671820576e+02,-3.518080727602e+02,-4.074295013692e+02,-4.087108969850e+02,1.000000000000e+00,-2.058582398598
565,15721,5757202148.437500,1.644656811409e+02,1.644656811409e+02,1.844119863801e+02,1.508802495579e+02,1.343936290038e+02,1.477391796845e+02,1.000000000000e+00,-2.082973475940
566,15722,5757568359.375000,1.644656811409e+02,1.644656811409e+02,1.845166218792e+02,1.507860416416e+02,1.350736687748e+02,1.470637118169e+02,1.000000000000e+00,-2.107371726425
567,15723,5757934570.312500,-5.482189371364e+01,-3.837532559955e+02,-9.546987015996e+01,-3.855436395142e+02,-7.712203134441e+01,-4.054368237243e+02,1.000000000000e+00,-2.131776989465
568,15724,5758300781.250000,3.837532559955e+02,-1.644656811409e+02,3.744115220392e+02,-2.071713140297e+02,3.600643264320e+02,-1.809737902460e+02,1.000000000000e+00,-2.156189103294
569,15725,5758666992.187500,-5.482189371364e+01,3.837532559955e+02,-1.666396161264e+01,3.970816290301e+02,-8.555082526215e+01,3.626249797562e+02,1.000000000000e+00,-2.180607904996
570,15726,5759033203.125000,-5.482189371364e+01,1.644656811409e+02,-3.922150833761e+01,1.734088952312e+02,-8.238619987894e+01,1.424176223648e+02,1.000000000000e+00,-2.205033230532
571,15727,5759399414.062500,-2.741094685682e+02,-1.644656811409e+02,-2.962150228545e+02,-1.404361378301e+02,-2.974654229082e+02,-1.907983720038e+02,1.000000000000e+00,-2.229464914773
572,15728,5759765625.000000,-1.644656811409e+02,-2.741094685682e+02,-1.948501143628e+02,-2.636176596913e+02,-1.852318828441e+02,-2.998530376522e+02,1.000000000000e+00,-2.253902791523
573,15729,5760131835.937500,-5.482189371364e+01,2.741094685682e+02,-2.917887708700e+01,2.851114741221e+02,-8.271522314526e+01,2.508317725389e+02,1.000000000000e+00,-2.278346693554
574,15730,5760498046.875000,-5.482189371364e+01,3.837532559955e+02,-1.807954274507e+01,3.968060185196e+02,-8.314109563457e+01,3.601907080384e+02,1.000000000000e+00,-2.302796452633
575,15731,5760864257.812500,5.482189371364e+01,2.741094685682e+02,8.315444311522e+01,2.739317973325e+02,2.908256329699e+01,2.511636480204e+02,1.000000000000e+00,-2.327251899551
576,15732,5761230468.750000,1.644656811409e+02,1.644656811409e+02,1.840854961695e+02,1.513148348541e+02,1.408716396526e+02,1.422435462444e+02,1.000000000000e+00,-2.351712864158
577,15733,5761596679.687500,3.837532559955e+02,-5.482189371364e+01,3.862623705807e+02,-9.405319538527e+01,3.638614180149e+02,-7.546171196300e+01,1.000000000000e+00,-2.376179175389
578,15734,5761962890.625000,1.644656811409e+02,5.482189371364e+01,1.734691927638e+02,3.974781934900e+01,1.435816695327e+02,3.178263600282e+01,1.000000000000e+00,-2.400650661300
579,15735,5762329101.562500,-3.837532559955e+02,3.837532559955e+02,-3.548102119030e+02,4.295282024609e+02,-4.098827131918e+02,3.553331621556e+02,1.000000000000e+00,-2.425127149097
580,15736,5762695312.500000,-1.644656811409e+02,1.644656811409e+02,-1.523494019504e+02,1.838133860549e+02,-1.868121358731e+02,1.372991061305e+02,1.000000000000e+00,-2.449608465166
581,15737,5763061523.437500,5.482189371364e+01,1.644656811409e+02,7.155959773848e+01,1.628633822164e+02,3.374410186056e+01,1.397549629435e+02,1.000000000000e+00,-2.474094435111
582,15738,5763427734.375000,2.741094685682e+02,3.837532559955e+02,3.165338541449e+02,3.651488889390e+02,2.519596965210e+02,3.611758048644e+02,1.000000000000e+00,-2.498584883783
583,15739,5763793945.312500,-3.837532559955e+02,-1.644656811409e+02,-4.069693223139e+02,-1.300162743982e+02,-4.003522490214e+02,-1.943237927026e+02,1.000000000000e+00,-2.523079635312
584,15740,5764160156.250000,5.482189371364e+01,5.482189371364e+01,6.117740587936e+01,5.042774991103e+01,3.716925818174e+01,2.845390748258e+01,1.000000000000e+00,-2.547578513144
585,15741,5764526367.187500,-3.837532559955e+02,5.482189371364e+01,-3.854689242739e+02,9.291485120920e+01,-4.008044052108e+02,2.460044459563e+01,1.000000000000e+00,-2.572081340070
586,15742,5764892578.125000,2.741094685682e+02,2.741094685682e+02,3.053387354816e+02,2.531134813812e+02,2.557024278138e+02,2.494416392903e+02,1.000000000000e+00,-2.596587938266
587,15743,5765258789.062500,1.644656811409e+02,-1.644656811409e+02,1.519652412193e+02,-1.831608147359e+02,1.506670615941e+02,-1.905006087627e+02,1.000000000000e+00,-2.621098129318
588,15744,5765625000.000000,1.644656811409e+02,-2.741094685682e+02,1.415854774089e+02,-2.948861917651e+02,1.521378265453e+02,-3.004962722677e+02,1.000000000000e+00,-2.645611734266
589,15745,5765991210.937500,2.741094685682e+02,1.644656811409e+02,2.949029393231e+02,1.416042664428e+02,2.589151677722e+02,1.388591924415e+02,1.000000000000e+00,-2.670128573632
590,15746,5766357421.875000,-1.644656811409e+02,-5.482189371364e+01,-1.726410997359e+02,-4.059787612921e+01,-1.774004262458e+02,-8.431686363662e+01,1.000000000000e+00,-2.694648467457
591,15747,5766723632.812500,-2.741094685682e+02,-2.741094685682e+02,-3.040561460975e+02,-2.543546718472e+02,-2.839263927027e+02,-3.050542261223e+02,1.000000000000e+00,-2.719171235337
592,15748,5767089843.750000,-3.837532559955e+02,1.644656811409e+02,-3.761458781184e+02,2.018460724667e+02,-3.975262574785e+02,1.318922497717e+02,1.000000000000e+00,-2.743696696454
593,15749,5767456054.687500,-2.741094685682e+02,-1.644656811409e+02,-2.942541916861e+02,-1.426110795526e+02,-2.841408986319e+02,-1.952971616506e+02,1.000000000000e+00,-2.768224669617
594,15750,5767822265.625000,2.741094685682e+02,1.644656811409e+02,2.946070835489e+02,1.422343113909e+02,2.623091827402e+02,1.379259805865e+02,1.000000000000e+00,-2.792754973291
595,15751,5768188476.562500,5.482189371364e+01,1.644656811409e+02,7.099468310751e+01,1.625785455485e+02,4.353981281512e+01,1.363447308773e+02,1.000000000000e+00,-2.817287425641
596,15752,5768554687.500000,2.741094685682e+02,-1.644656811409e+02,2.646011770887e+02,-1.919880312359e+02,2.659704976312e+02,-1.906452556929e+02,1.000000000000e+00,-2.841821844557
597,15753,5768920898.437500,-1.644656811409e+02,-2.741094685682e+02,-1.911537300549e+02,-2.649563225311e+02,-1.702412510336e+02,-3.043688251671e+02,1.000000000000e+00,-2.866358047699
598,15754,5769287109.375000,-2.741094685682e+02,-3.837532559955e+02,-3.123126653546e+02,-3.673058125857e+02,-2.782216311473e+02,-4.151354990377e+02,1.000000000000e+00,-2.890895852529
599,15755,5769653320.312500,-2.741094685682e+02,3.837532559955e+02,-2.460643327734e+02,4.149139069485e+02,-2.852768164312e+02,3.524793505745e+02,1.000000000000e+00,-2.915435076346
600,15756,5770019531.250000,5.482189371364e+01,-2.741094685682e+02,3.197491266044e+01,-2.842809331993e+02,5.011116197635e+01,-3.025552317220e+02,1.000000000000e+00,-2.939975536323
601,15757,5770385742.187500,-3.837532559955e+02,1.644656811409e+02,-3.770716364700e+02,2.004713470390e+02,-3.915892421765e+02,1.322043973641e+02,1.000000000000e+00,-2.964517049546
602,15758,5770751953.125000,3.837532559955e+02,-2.741094685682e+02,3.680071833777e+02,-3.114638658308e+02,3.806126004377e+02,-2.987908185573e+02,1.000000000000e+00,-2.989059433043
603,15759,5771118164.062500,-1.644656811409e+02,3.837532559955e+02,-1.357697670519e+02,4.045622279917e+02,-1.734436430302e+02,3.530479587507e+02,1.000000000000e+00,-3.013602503829
604,15760,5771484375.000000,-1.644656811409e+02,5.482189371364e+01,-1.630586297968e+02,6.954256417541e+01,-1.693838175212e+02,2.459946761695e+01,1.000000000000e+00,-3.038146078934
605,15761,5771850585.937500,-1.644656811409e+02,1.644656811409e+02,-1.539613359687e+02,1.814065365181e+02,-1.697324723478e+02,1.344992877983e+02,1.000000000000e+00,-3.062689975445
606,15762,5772216796.875000,-5.482189371364e+01,3.837532559955e+02,-2.397131628184e+01,3.959353764807e+02,-6.121241716914e+01,3.549700354572e+02,1.000000000000e+00,-3.087234010540
607,15763,5772583007.812500,2.741094685682e+02,2.741094685682e+02,3.022631885880e+02,2.569491555123e+02,2.694218670694e+02,2.481177686871e+02,1.000000000000e+00,-3.111778001521
608,15764,5772949218.750000,5.482189371364e+01,5.482189371364e+01,6.043215562297e+01,5.143200912007e+01,5.243429086996e+01,2.704026053117e+01,1.000000000000e+00,-3.136321765857
609,15765,5773315429.687500,-1.644656811409e+02,-1.644656811409e+02,-1.812146466175e+02,-1.543634495994e+02,-1.646414325457e+02,-1.939964681884e+02,1.000000000000e+00,3.122320185967
610,15766,5773681640.625000,-1.644656811409e+02,2.741094685682e+02,-1.455185978281e+02,2.929798687836e+02,-1.674227882895e+02,2.449876924317e+02,1.000000000000e+00,3.097777421692
611,15767,5774047851.562500,-3.837532559955e+02,-1.644656811409e+02,-4.047236884584e+02,-1.368478574869e+02,-3.828479530203e+02,-1.952933292980e+02,1.000000000000e+00,3.073235430326
612,15768,5774414062.500000,3.837532559955e+02,2.741094685682e+02,4.132343166330e+02,2.495000209531e+02,3.820230535528e+02,2.499853147464e+02,1.000000000000e+00,3.048694393393
613,15769,5774780273.437500,2.741094685682e+02,5.482189371364e+01,2.840779500802e+02,3.486204007565e+01,2.748119464842e+02,3.009564923064e+01,1.000000000000e+00,3.024154492075
614,15770,5775146484.375000,5.482189371364e+01,-3.837532559955e+02,2.676972482260e+01,-3.958986974240e+02,6.030233248210e+01,-4.107625743865e+02,1.000000000000e+00,2.999615907177
615,15771,5775512695.312500,-1.644656811409e+02,-3.837532559955e+02,-1.970218553594e+02,-3.787443693471e+02,-1.588115010501e+02,-4.122077308231e+02,1.000000000000e+00,2.975078819091
616,15772,5775878906.250000,1.644656811409e+02,-1.644656811409e+02,1.549053914474e+02,-1.801431228762e+02,1.682384448569e+02,-1.897818746776e+02,1.000000000000e+00,2.950543407764
617,15773,5776245117.187500,-2.741094685682e+02,1.644656811409e+02,-2.665338773045e+02,1.885498531327e+02,-2.716838986207e+02,1.355893236215e+02,1.000000000000e+00,2.926009852660
618,15774,5776611328.125000,1.644656811409e+02,-2.741094685682e+02,1.465132842143e+02,-2.918706219913e+02,1.698855186205e+02,-2.990501746698e+02,1.000000000000e+00,2.901478332725
619,15775,5776977539.062500,5.482189371364e+01,-2.741094685682e+02,3.484562746388e+01,-2.835376388513e+02,6.076821060552e+01,-2.996455280511e+02,1.000000000000e+00,2.876949026356
620,15776,5777343750.000000,2.741094685682e+02,-2.741094685682e+02,2.586948672688e+02,-3.002294134953e+02,2.805748894175e+02,-2.980350449615e+02,1.000000000000e+00,2.852422111365
621,15777,5777709960.937500,-3.837532559955e+02,5.482189371364e+01,-3.873314217824e+02,8.461542957894e+01,-3.787610483634e+02,2.660586100656e+01,1.000000000000e+00,2.827897764943
622,15778,5778076171.875000,1.644656811409e+02,1.644656811409e+02,1.799971393090e+02,1.555870214947e+02,1.691858597042e+02,1.403266175134e+02,1.000000000000e+00,2.803376163628
623,15779,5778442382.812500,-3.837532559955e+02,1.644656811409e+02,-3.788469282378e+02,1.965323330875e+02,-3.780440706542e+02,1.374149362674e+02,1.000000000000e+00,2.778857483275
624,15780,5778808593.750000,5.482189371364e+01,-1.644656811409e+02,4.330797880250e+01,-1.717173504134e+02,6.213881984937e+01,-1.887185123929e+02,1.000000000000e+00,2.754341899014
625,15781,5779174804.687500,1.644656811409e+02,1.644656811409e+02,1.799942952202e+02,1.551025197667e+02,1.709788608535e+02,1.404952133841e+02,1.000000000000e+00,2.729829585227
626,15782,5779541015.625000,2.741094685682e+02,3.837532559955e+02,3.076791086819e+02,3.712033509697e+02,2.797612705357e+02,3.609821792887e+02,1.000000000000e+00,2.705320715510
627,15783,5779907226.562500,5.482189371364e+01,-2.741094685682e+02,3.646571055962e+01,-2.836789863399e+02,6.490792759209e+01,-2.974679844377e+02,1.000000000000e+00,2.680815462639
628,15784,5780273437.500000,3.837532559955e+02,-3.837532559955e+02,3.646442022945e+02,-4.187552796504e+02,3.951129300286e+02,-4.045451593745e+02,1.000000000000e+00,2.656313998545
629,15785,5780639648.437500,1.644656811409e+02,-1.644656811409e+02,1.562307351189e+02,-1.794114105844e+02,1.745561852416e+02,-1.863727157866e+02,1.000000000000e+00,2.631816494274
630,15786,5781005859.375000,-5.482189371364e+01,2.741094685682e+02,-3.661316319474e+01,2.834825411026e+02,-4.685209488589e+01,2.511610182784e+02,1.000000000000e+00,2.607323119963
631,15787,5781372070.312500,-2.741094685682e+02,3.837532559955e+02,-2.524941963269e+02,4.109665861349e+02,-2.659795947039e+02,3.602748347480e+02,1.000000000000e+00,2.582834044804
632,15788,5781738281.250000,-3.837532559955e+02,1.644656811409e+02,-3.799163725409e+02,1.951743713896e+02,-3.741338862264e+02,1.412841335915e+02,1.000000000000e+00,2.558349437016
633,15789,5782104492.187500,-2.741094685682e+02,1.644656811409e+02,-2.681559133105e+02,1.873800444940e+02,-2.641242224292e+02,1.422526306229e+02,1.000000000000e+00,2.533869463816
634,15790,5782470703.125000,-3.837532559955e+02,1.644656811409e+02,-3.806658220300e+02,1.946949953373e+02,-3.738862236351e+02,1.420115605398e+02,1.000000000000e+00,2.509394291384
635,15791,5782836914.062500,3.837532559955e+02,3.837532559955e+02,4.184479467030e+02,3.663551314251e+02,3.938261108213e+02,3.659712002612e+02,1.000000000000e+00,2.484924084839
636,15792,5783203125.000000,2.741094685682e+02,5.482189371364e+01,2.838861359420e+02,3.763204840872e+01,2.859909032698e+02,3.625379166013e+01,1.000000000000e+00,2.460459008210
637,15793,5783569335.937500,-3.837532559955e+02,3.837532559955e+02,-3.660599333122e+02,4.175970080110e+02,-3.736780799801e+02,3.623133504352e+02,1.000000000000e+00,2.435999224404
638,15794,5783935546.875000,-1.644656811409e+02,2.741094685682e+02,-1.493270524511e+02,2.905926357547e+02,-1.530865161664e+02,2.539047543637e+02,1.000000000000e+00,2.411544895178
639,15795,5784301757.812500,2.741094685682e+02,3.837532559955e+02,3.048885332808e+02,3.730579235900e+02,2.847903851733e+02,3.656600831052e+02,1.000000000000e+00,2.387096181117
640,15796,5784667968.750000,-5.482189371364e+01,2.741094685682e+02,-3.798948092013e+01,2.829736119596e+02,-4.307477974405e+01,2.550223521569e+02,1.000000000000e+00,2.362653241600
641,15797,5785034179.687500,3.837532559955e+02,-1.644656811409e+02,3.805344714755e+02,-1.922910917893e+02,3.973047374260e+02,-1.801407565535e+02,1.000000000000e+00,2.338216234776
642,15798,5785400390.625000,-1.644656811409e+02,-3.837532559955e+02,-1.922300045197e+02,-3.808513147057e+02,-1.487205123802e+02,-4.017529746903e+02,1.000000000000e+00,2.313785317539
643,15799,5785766601.562500,-2.741094685682e+02,-1.644656811409e+02,-2.901456457908e+02,-1.504425985734e+02,-2.593202105817e+02,-1.828889198118e+02,1.000000000000e+00,2.289360645501
644,15800,5786132812.500000,5.482189371364e+01,-3.837532559955e+02,3.173041224162e+01,-3.951366388196e+02,7.078173133828e+01,-4.000020453052e+02,1.000000000000e+00,2.264942372966
645,15801,5786499023.437500,1.644656811409e+02,-3.837532559955e+02,1.435725700371e+02,-4.018241943947e+02,1.803531127450e+02,-3.988571507585e+02,1.000000000000e+00,2.240530652906
646,15802,5786865234.375000,-5.482189371364e+01,-5.482189371364e+01,-5.934275331370e+01,-5.243855291086e+01,-4.001359531492e+01,-7.065268231285e+01,1.000000000000e+00,2.216125636937
647,15803,5787231445.312500,1.644656811409e+02,-1.644656811409e+02,1.574279332679e+02,-1.779623362736e+02,1.796413596563e+02,-1.788081137866e+02,1.000000000000e+00,2.191727475294
648,15804,5787597656.250000,-3.837532559955e+02,-2.741094685682e+02,-4.083916039926e+02,-2.560000697031e+02,-3.673486387010e+02,-2.903310392644e+02,1.000000000000e+00,2.167336316809
649,15805,5787963867.187500,-3.837532559955e+02,-1.644656811409e+02,-4.017158124062e+02,-1.445463018579e+02,-3.677871228868e+02,-1.805118597343e+02,1.000000000000e+00,2.142952308888
650,15806,5788330078.125000,5.482189371364e+01,2.741094685682e+02,7.298434234653e+01,2.765079634688e+02,6.923392697907e+01,2.605326581146e+02,1.000000000000e+00,2.118575597486
651,15807,5788696289.062500,3.837532559955e+02,-3.837532559955e+02,3.676588241115e+02,-4.163819673185e+02,3.998706004274e+02,-3.968699078814e+02,1.000000000000e+00,2.094206327091
652,15808,5789062500.000000,-1.644656811409e+02,-3.837532559955e+02,-1.927800824623e+02,-3.815388982927e+02,-1.491598988685e+02,-3.969679682466e+02,1.000000000000e+00,2.069844640694
653,15809,5789428710.937500,3.837532559955e+02,1.644656811409e+02,4.024217862562e+02,1.439106734842e+02,3.995623392463e+02,1.525688279409e+02,1.000000000000e+00,2.045490679779
654,15810,5789794921.875000,-5.482189371364e+01,-5.482189371364e+01,-5.936532217027e+01,-5.264328084821e+01,-3.898137378711e+01,-6.685696534195e+01,1.000000000000e+00,2.021144584293
655,15811,5790161132.812500,1.644656811409e+02,-2.741094685682e+02,1.516017147326e+02,-2.897725586051e+02,1.812000665627e+02,-2.850863679170e+02,1.000000000000e+00,1.996806492634
656,15812,5790527343.750000,1.644656811409e+02,3.837532559955e+02,1.901931723147e+02,3.822220916575e+02,1.787532033387e+02,3.733921744613e+02,1.000000000000e+00,1.972476541624
657,15813,5790893554.687500,-1.644656811409e+02,-5.482189371364e+01,-1.709306411792e+02,-4.666100618945e+01,-1.480327045548e+02,-6.612770196690e+01,1.000000000000e+00,1.948154866500
658,15814,5791259765.625000,5.482189371364e+01,-1.644656811409e+02,4.665028804093e+01,-1.709174534862e+02,7.164798690360e+01,-1.740536190316e+02,1.000000000000e+00,1.923841600886
659,15815,5791625976.562500,5.482189371364e+01,2.741094685682e+02,7.162234087459e+01,2.765761730605e+02,6.985766865354e+01,2.645784433298e+02,1.000000000000e+00,1.899536876784
660,15816,5791992187.500000,-3.837532559955e+02,-1.644656811409e+02,-4.011379789699e+02,-1.456065648366e+02,-3.669006185422e+02,-1.744361272780e+02,1.000000000000e+00,1.875240824551
661,15817,5792358398.437500,5.482189371364e+01,-2.741094685682e+02,3.993222304059e+01,-2.828201041047e+02,7.143797109097e+01,-2.823140945351e+02,1.000000000000e+00,1.850953572886
662,15818,5792724609.375000,1.644656811409e+02,-1.644656811409e+02,1.580473217525e+02,-1.773743135134e+02,1.805811914191e+02,-1.721914310285e+02,1.000000000000e+00,1.826675248813
663,15819,5793090820.312500,-3.837532559955e+02,-1.644656811409e+02,-4.009382756670e+02,-1.451374798833e+02,-3.669044551178e+02,-1.721357072878e+02,1.000000000000e+00,1.802405977665
664,15820,5793457031.250000,1.644656811409e+02,3.837532559955e+02,1.898681760165e+02,3.820414676421e+02,1.798586482869e+02,3.764205823230e+02,1.000000000000e+00,1.778145883071
665,15821,5793823242.187500,-1.644656811409e+02,-1.644656811409e+02,-1.771476125230e+02,-1.586253244503e+02,-1.478810250115e+02,-1.715363550793e+02,1.000000000000e+00,1.753895086942
666,15822,5794189453.125000,1.644656811409e+02,-5.482189371364e+01,1.648754113351e+02,-6.519540030751e+01,1.806420790113e+02,-6.072692761447e+01,1.000000000000e+00,1.729653709453
667,15823,5794555664.062500,3.837532559955e+02,2.741094685682e+02,4.074464202715e+02,2.582292540213e+02,3.993797140348e+02,2.688311199236e+02,1.000000000000e+00,1.705421869036
668,15824,5794921875.000000,5.482189371364e+01,2.741094685682e+02,7.167350679623e+01,2.768555749531e+02,7.061849060327e+01,2.687867368451e+02,1.000000000000e+00,1.681199682363
669,15825,5795288085.937500,1.644656811409e+02,3.837532559955e+02,1.898352226658e+02,3.828785637964e+02,1.801462941307e+02,3.791868133068e+02,1.000000000000e+00,1.656987264338
670,15826,5795654296.875000,-2.741094685682e+02,3.837532559955e+02,-2.588857269758e+02,4.077690076413e+02,-2.592067928423e+02,3.793571572089e+02,1.000000000000e+00,1.632784728080
671,15827,5796020507.812500,-3.837532559955e+02,2.741094685682e+02,-3.776046943286e+02,3.015865244451e+02,-3.693161521091e+02,2.697615081694e+02,1.000000000000e+00,1.608592184919
672,15828,5796386718.750000,1.644656811409e+02,-3.837532559955e+02,1.478300972722e+02,-4.010604915576e+02,1.815475305523e+02,-3.872260485492e+02,1.000000000000e+00,1.584409744378
673,15829,5796752929.687500,-3.837532559955e+02,-1.644656811409e+02,-4.003983766121e+02,-1.484700814168e+02,-3.674462306897e+02,-1.697626107555e+02,1.000000000000e+00,1.560237514171
674,15830,5797119140.625000,-3.837532559955e+02,-2.741094685682e+02,-4.055348815793e+02,-2.607086734742e+02,-3.666316214600e+02,-2.790989370442e+02,1.000000000000e+00,1.536075600187
675,15831,5797485351.562500,-5.482189371364e+01,-5.482189371364e+01,-5.880274553030e+01,-5.318240016471e+01,-3.941104067922e+01,-5.753890683757e+01,1.000000000000e+00,1.511924106488
676,15832,5797851562.500000,-3.837532559955e+02,-2.741094685682e+02,-4.064625184754e+02,-2.598739255531e+02,-3.680175817272e+02,-2.773510992790e+02,1.000000000000e+00,1.487783135293
677,15833,5798217773.437500,-5.482189371364e+01,-1.644656811409e+02,-6.470214583586e+01,-1.650384236650e+02,-3.960853426876e+01,-1.662471758079e+02,1.000000000000e+00,1.463652786977
678,15834,5798583984.375000,-1.644656811409e+02,-2.741094685682e+02,-1.822891804547e+02,-2.709275599886e+02,-1.490468662022e+02,-2.754170156401e+02,1.000000000000e+00,1.439533160062
679,15835,5798950195.312500,1.644656811409e+02,-5.482189371364e+01,1.647176421799e+02,-6.456228767279e+01,1.786777811634e+02,-5.536751606473e+01,1.000000000000e+00,1.415424351207
680,15836,5799316406.250000,-1.644656811409e+02,3.837532559955e+02,-1.475357798602e+02,3.999779039211e+02,-1.506148365539e+02,3.821918565125e+02,1.000000000000e+00,1.391326455207
681,15837,5799682617.187500,-1.644656811409e+02,-2.741094685682e+02,-1.821855703657e+02,-2.711557106925e+02,-1.496752485123e+02,-2.744512833296e+02,1.000000000000e+00,1.367239564986
682,15838,5800048828.125000,5.482189371364e+01,1.644656811409e+02,6.453962611663e+01,1.651229528356e+02,6.833730905008e+01,1.646501395876e+02,1.000000000000e+00,1.343163771588
683,15839,5800415039.062500,-1.644656811409e+02,5.482189371364e+01,-1.651310516399e+02,6.446665053742e+01,-1.508842217584e+02,5.484063459314e+01,1.000000000000e+00,1.319099164180
684,15840,5800781250.000000,-2.741094685682e+02,-5.482189371364e+01,-2.827097509232e+02,-4.196015068987e+01,-2.604148690983e+02,-5.476920768632e+01,1.000000000000e+00,1.295045830039
685,15841,5801147460.937500,-5.482189371364e+01,3.837532559955e+02,-3.651753017644e+01,3.946896728204e+02,-4.271843578111e+01,3.845483338606e+02,1.000000000000e+00,1.271003854557
686,15842,5801513671.875000,5.482189371364e+01,-2.741094685682e+02,4.221732451141e+01,-2.828008105525e+02,6.867258544260e+01,-2.725614008939e+02,1.000000000000e+00,1.246973321233
687,15843,5801879882.812500,3.837532559955e+02,-3.837532559955e+02,3.730650290125e+02,-4.113566962820e+02,3.979830705507e+02,-3.808735177316e+02,1.000000000000e+00,1.222954311670
688,15844,5802246093.750000,3.837532559955e+02,2.741094685682e+02,4.057815851742e+02,2.609459721851e+02,3.953389204535e+02,2.774447392430e+02,1.000000000000e+00,1.198946905577
689,15845,5802612304.687500,3.837532559955e+02,-3.837532559955e+02,3.726968103739e+02,-4.110933590095e+02,3.970138631210e+02,-3.801464562659e+02,1.000000000000e+00,1.174951180763
690,15846,5802978515.625000,-2.741094685682e+02,-3.837532559955e+02,-2.990303041640e+02,-3.779185420086e+02,-2.608200120309e+02,-3.816577615687e+02,1.000000000000e+00,1.150967213139
691,15847,5803344726.562500,-3.837532559955e+02,-2.741094685682e+02,-4.056396608063e+02,-2.606356795895e+02,-3.711636297243e+02,-2.722768071381e+02,1.000000000000e+00,1.126995076717
692,15848,5803710937.500000,5.482189371364e+01,2.741094685682e+02,6.978683460348e+01,2.773132249657e+02,6.546416185714e+01,2.773297592924e+02,1.000000000000e+00,1.103034843607
693,15849,5804077148.437500,1.644656811409e+02,-3.837532559955e+02,1.488025394746e+02,-4.005556939187e+02,1.766667581201e+02,-3.802829259275e+02,1.000000000000e+00,1.079086584020
694,15850,5804443359.375000,-5.482189371364e+01,-5.482189371364e+01,-5.882176239695e+01,-5.326675796598e+01,-4.392744272019e+01,-5.148280799385e+01,1.000000000000e+00,1.055150366271
695,15851,5804809570.312500,3.837532559955e+02,3.837532559955e+02,4.119111390802e+02,3.727736171305e+02,3.938432962777e+02,3.885159594888e+02,1.000000000000e+00,1.031226256772
696,15852,5805175781.250000,1.644656811409e+02,3.837532559955e+02,1.877451832377e+02,3.839384476407e+02,1.741172418386e+02,3.882861871844e+02,1.000000000000e+00,1.007314320043
697,15853,5805541992.187500,-3.837532559955e+02,3.837532559955e+02,-3.727664992556e+02,4.118238151517e+02,-3.748617129063e+02,3.873743543526e+02,1.000000000000e+00,0.983414618709
698,15854,5805908203.125000,-5.482189371364e+01,3.837532559955e+02,-3.657875905182e+01,3.950314644311e+02,-4.607704106401e+01,3.881593249545e+02,1.000000000000e+00,0.959527213502
699,15855,5806274414.062500,-3.837532559955e+02,-1.644656811409e+02,-4.005592716132e+02,-1.488427589815e+02,-3.742641714964e+02,-1.611007752099e+02,1.000000000000e+00,0.935652163266
700,15856,5806640625.000000,3.837532559955e+02,3.837532559955e+02,4.114424463572e+02,3.732909247389e+02,3.918162029792e+02,3.899457852126e+02,1.000000000000e+00,0.911789524959
701,15857,5807006835.937500,-2.741094685682e+02,-2.741094685682e+02,-2.937941363471e+02,-2.668283885378e+02,-2.646574976891e+02,-2.706023199760e+02,1.000000000000e+00,0.887939353658
702,15858,5807373046.875000,-5.482189371364e+01,1.644656811409e+02,-4.786348959888e+01,1.708853354151e+02,-4.703968039164e+01,1.693653736218e+02,1.000000000000e+00,0.864101702561
703,15859,5807739257.812500,-2.741094685682e+02,-2.741094685682e+02,-2.940201145631e+02,-2.663962382244e+02,-2.654990808690e+02,-2.699535890602e+02,1.000000000000e+00,0.840276622993
704,15860,5808105468.750000,-1.644656811409e+02,-5.482189371364e+01,-1.709005437299e+02,-4.765435034818e+01,-1.567147223950e+02,-5.002296301092e+01,1.000000000000e+00,0.816464164410
705,15861,5808471679.687500,-5.482189371364e+01,-2.741094685682e+02,-7.014681553717e+01,-2.773794470152e+02,-4.695176506447e+01,-2.690871681852e+02,1.000000000000e+00,0.792664374404
706,15862,5808837890.625000,-5.482189371364e+01,-1.644656811409e+02,-6.459146836597e+01,-1.652852036876e+02,-4.754480686035e+01,-1.592682481956e+02,1.000000000000e+00,0.768877298711
707,15863,5809204101.562500,-5.482189371364e+01,-2.741094685682e+02,-7.010836137456e+01,-2.773810873505e+02,-4.749557644121e+01,-2.689137110036e+02,1.000000000000e+00,0.745102981213
708,15864,5809570312.500000,-1.644656811409e+02,2.741094685682e+02,-1.544295213559e+02,2.883124942967e+02,-1.591400745778e+02,2.791330835544e+02,1.000000000000e+00,0.721341463947
709,15865,5809936523.437500,-5.482189371364e+01,-2.741094685682e+02,-6.923296136915e+01,-2.774103382401e+02,-4.720784160148e+01,-2.687708601091e+02,1.000000000000e+00,0.697592787108
710,15866,5810302734.375000,-3.837532559955e+02,2.741094685682e+02,-3.788501101301e+02,2.988625601789e+02,-3.795205132231e+02,2.779164411401e+02,1.000000000000e+00,0.673856989063
711,15867,5810668945.312500,-2.741094685682e+02,2.741094685682e+02,-2.666615961379e+02,2.939111899242e+02,-2.701026890224e+02,2.788696736176e+02,1.000000000000e+00,0.650134106350
712,15868,5811035156.250000,2.741094685682e+02,-3.837532559955e+02,2.609648259361e+02,-4.064460924201e+02,2.810481916087e+02,-3.774828773252e+02,1.000000000000e+00,0.626424173691
713,15869,5811401367.187500,-5.482189371364e+01,-3.837532559955e+02,-7.583915247858e+01,-3.896645869143e+02,-4.888802870525e+01,-3.785935706536e+02,1.000000000000e+00,0.602727223998
714,15870,5811767578.125000,-5.482189371364e+01,2.741094685682e+02,-4.170099741172e+01,2.831679324003e+02,-5.103782922837e+01,2.800654308954e+02,1.000000000000e+00,0.579043288379
715,15871,5812133789.062500,2.741094685682e+02,1.644656811409e+02,2.889443687594e+02,1.536461997043e+02,2.781947413658e+02,1.709977345722e+02,1.000000000000e+00,0.555372396151
716,15872,5812500000.000000,3.837532559955e+02,2.741094685682e+02,4.067480854964e+02,2.599258511559e+02,3.872330096401e+02,2.810330890901e+02,1.000000000000e+00,0.531714574846
717,15873,5812866210.937500,1.644656811409e+02,-5.482189371364e+01,1.651951422652e+02,-6.470083534388e+01,1.682698901348e+02,-4.862487502124e+01,1.000000000000e+00,0.508069850219
718,15874,5813232421.875000,-5.482189371364e+01,1.644656811409e+02,-4.734034788873e+01,1.709439573479e+02,-5.207464290811e+01,1.700949060941e+02,1.000000000000e+00,0.484438246259
719,15875,5813598632.812500,-2.741094685682e+02,-2.741094685682e+02,-2.945124670061e+02,-2.655382417287e+02,-2.703179453651e+02,-2.693098023188e+02,1.000000000000e+00,0.460819785198
720,15876,5813964843.750000,-2.741094685682e+02,-2.741094685682e+02,-2.944773922720e+02,-2.654518761039e+02,-2.705093864657e+02,-2.693536117208e+02,1.000000000000e+00,0.437214487519
721,15877,5814331054.687500,-1.644656811409e+02,-2.741094685682e+02,-1.823083354952e+02,-2.714660887727e+02,-1.609000680774e+02,-2.692895493200e+02,1.000000000000e+00,0.413622371971
722,15878,5814697265.625000,3.837532559955e+02,1.644656811409e+02,4.005934338253e+02,1.484300879866e+02,3.850156120479e+02,1.722430522543e+02,1.000000000000e+00,0.390043455572
723,15879,5815063476.562500,-5.482189371364e+01,5.482189371364e+01,-5.326201703047e+01,5.882032343104e+01,-5.344345923879e+01,5.993657930418e+01,1.000000000000e+00,0.366477753626
724,15880,5815429687.500000,-3.837532559955e+02,-2.741094685682e+02,-4.066876791554e+02,-2.602096800668e+02,-3.811362129172e+02,-2.710787309050e+02,1.000000000000e+00,0.342925279729
725,15881,5815795898.437500,5.482189371364e+01,5.482189371364e+01,5.901291334753e+01,5.311326757772e+01,5.586378752440e+01,6.037232255253e+01,1.000000000000e+00,0.319386045783
726,15882,5816162109.375000,-5.482189371364e+01,1.644656811409e+02,-4.705231073086e+01,1.711870055234e+02,-5.455588197492e+01,1.696094689885e+02,1.000000000000e+00,0.295860062004
727,15883,5816528320.312500,-5.482189371364e+01,5.482189371364e+01,-5.302811896599e+01,5.905940557724e+01,-5.441374351873e+01,5.969262288095e+01,1.000000000000e+00,0.272347336936
728,15884,5816894531.250000,-3.837532559955e+02,3.837532559955e+02,-3.709854745243e+02,4.133812735623e+02,-3.851031391106e+02,3.873717668539e+02,1.000000000000e+00,0.248847877462
729,15885,5817260742.187500,1.644656811409e+02,2.741094685682e+02,1.834250922402e+02,2.707541328748e+02,1.637312126684e+02,2.794935594901e+02,1.000000000000e+00,0.225361688815
730,15886,5817626953.125000,1.644656811409e+02,5.482189371364e+01,1.710780585061e+02,4.650066757896e+01,1.641960922170e+02,5.984274048526e+01,1.000000000000e+00,0.201888774588
731,15887,5817993164.062500,1.644656811409e+02,-2.741094685682e+02,1.516819103625e+02,-2.894204467688e+02,1.644384448972e+02,-2.692050630173e+02,1.000000000000e+00,0.178429136749
732,15888,5818359375.000000,-3.837532559955e+02,3.837532559955e+02,-3.698072390350e+02,4.140667009101e+02,-3.856399992574e+02,3.868647332366e+02,1.000000000000e+00,0.154982775653
733,15889,5818725585.937500,-3.837532559955e+02,-5.482189371364e+01,-3.953534469336e+02,-3.441470308662e+01,-3.846239768415e+02,-5.265862918787e+01,1.000000000000e+00,0.131549690052
734,15890,5819091796.875000,-1.644656811409e+02,-3.837532559955e+02,-1.895007098316e+02,-3.832995511047e+02,-1.632672539318e+02,-3.812925366471e+02,1.000000000000e+00,0.108129877108
735,15891,5819458007.812500,-1.644656811409e+02,-5.482189371364e+01,-1.711435147083e+02,-4.676200838636e+01,-1.654745132590e+02,-5.204264357464e+01,1.000000000000e+00,0.084723332406
736,15892,5819824218.750000,1.644656811409e+02,-2.741094685682e+02,1.522968185727e+02,-2.892616736822e+02,1.645648027114e+02,-2.694777550955e+02,1.000000000000e+00,0.061330049968
737,15893,5820190429.687500,2.741094685682e+02,-5.482189371364e+01,2.767286152181e+02,-7.187114603837e+01,2.727285864985e+02,-4.990236847958e+01,1.000000000000e+00,0.037950022265
738,15894,5820556640.625000,5.482189371364e+01,-2.741094685682e+02,3.983293454935e+01,-2.833904428278e+02,5.435916994915e+01,-2.708510816982e+02,1.000000000000e+00,0.014583240227
739,15895,5820922851.562500,-2.741094685682e+02,-2.741094685682e+02,-2.969003338513e+02,-2.638898786267e+02,-2.754415069280e+02,-2.727913181022e+02,1.000000000000e+00,-0.008770306739
740,15896,5821289062.500000,2.741094685682e+02,2.741094685682e+02,2.972608022112e+02,2.633362704457e+02,2.714126856770e+02,2.782698327633e+02,1.000000000000e+00,-0.032110630740
741,15897,5821655273.437500,1.644656811409e+02,-1.644656811409e+02,1.575911288354e+02,-1.785412685697e+02,1.625889091919e+02,-1.616902633438e+02,1.000000000000e+00,-0.055437745382
742,15898,5822021484.375000,5.482189371364e+01,2.741094685682e+02,7.392369891112e+01,2.763560831663e+02,5.204885327324e+01,2.766866064137e+02,1.000000000000e+00,-0.078751665756
743,15899,5822387695.312500,-1.644656811409e+02,-1.644656811409e+02,-1.789399492222e+02,-1.572106497334e+02,-1.672078314305e+02,-1.626709062357e+02,1.000000000000e+00,-0.102052408426
744,15900,5822753906.250000,-5.482189371364e+01,1.644656811409e+02,-4.509318468796e+01,1.718408289900e+02,-5.793032373008e+01,1.666480490042e+02,1.000000000000e+00,-0.125339991415
745,15901,5823120117.187500,3.837532559955e+02,-1.644656811409e+02,3.815475915281e+02,-1.939270352970e+02,3.818719301498e+02,-1.626130895948e+02,1.000000000000e+00,-0.148614434191
746,15902,5823486328.125000,1.644656811409e+02,-3.837532559955e+02,1.426959744630e+02,-4.033392605351e+02,1.626444841533e+02,-3.826029120585e+02,1.000000000000e+00,-0.171875757656
747,15903,5823852539.062500,-5.482189371364e+01,-1.644656811409e+02,-6.687328929429e+01,-1.645083725498e+02,-5.751032882262e+01,-1.637043550115e+02,1.000000000000e+00,-0.195123984127
748,15904,5824218750.000000,-1.644656811409e+02,-5.482189371364e+01,-1.716915820174e+02,-4.511911127929e+01,-1.677548425322e+02,-5.457053173274e+01,1.000000000000e+00,-0.218359137328
749,15905,5824584960.937500,2.741094685682e+02,2.741094685682e+02,2.984445956842e+02,2.615403459109e+02,2.699468414251e+02,2.760169170376e+02,1.000000000000e+00,-0.241581242373
750,15906,5824951171.875000,1.644656811409e+02,-1.644656811409e+02,1.566904962803e+02,-1.791748132378e+02,1.615762005185e+02,-1.635699612629e+02,1.000000000000e+00,-0.264790325752
751,15907,5825317382.812500,-2.741094685682e+02,5.482189371364e+01,-2.762823894352e+02,7.488627435056e+01,-2.781946597465e+02,5.413754379782e+01,1.000000000000e+00,-0.287986415320
752,15908,5825683593.750000,5.482189371364e+01,2.741094685682e+02,7.504406935687e+01,2.764711151196e+02,5.023627453514e+01,2.747906402005e+02,1.000000000000e+00,-0.311169540280
753,15909,5826049804.687500,3.837532559955e+02,2.741094685682e+02,4.117444296108e+02,2.536917920771e+02,3.799129822990e+02,2.760986734207e+02,1.000000000000e+00,-0.334339731170
754,15910,5826416015.625000,-3.837532559955e+02,3.837532559955e+02,-3.656158801990e+02,4.196151800024e+02,-3.901498503512e+02,3.825355707425e+02,1.000000000000e+00,-0.357497019851
755,15911,5826782226.562500,1.644656811409e+02,-5.482189371364e+01,1.643656644872e+02,-6.776018013691e+01,1.613455322972e+02,-5.508182287842e+01,1.000000000000e+00,-0.380641439491
756,15912,5827148437.500000,5.482189371364e+01,-2.741094685682e+02,3.651378652450e+01,-2.842450822771e+02,5.244700712142e+01,-2.755829186997e+02,1.000000000000e+00,-0.403773024550
757,15913,5827514648.437500,5.482189371364e+01,1.644656811409e+02,6.774581832184e+01,1.641637915909e+02,5.014462905512e+01,1.636521434616e+02,1.000000000000e+00,-0.426891810769
758,15914,5827880859.375000,1.644656811409e+02,-5.482189371364e+01,1.640375449700e+02,-6.769288942741e+01,1.610889080541e+02,-5.544887538275e+01,1.000000000000e+00,-0.449997835156
759,15915,5828247070.312500,-5.482189371364e+01,1.644656811409e+02,-4.408008092816e+01,1.717930515307e+02,-5.970785636102e+01,1.622547487625e+02,1.000000000000e+00,-0.473091135969
760,15916,5828613281.250000,-2.741094685682e+02,-2.741094685682e+02,-2.997397645104e+02,-2.594134936932e+02,-2.763383712198e+02,-2.777531465706e+02,1.000000000000e+00,-0.496171752705
761,15917,5828979492.187500,3.837532559955e+02,-5.482189371364e+01,3.870824996508e+02,-8.465389363074e+01,3.799457472145e+02,-5.528000984267e+01,1.000000000000e+00,-0.519239726083
762,15918,5829345703.125000,-3.837532559955e+02,-1.644656811409e+02,-4.039716857905e+02,-1.390662217149e+02,-3.867347126535e+02,-1.695174972929e+02,1.000000000000e+00,-0.542295098035
763,15919,5829711914.062500,1.644656811409e+02,-3.837532559955e+02,1.392963017638e+02,-4.044469979874e+02,1.636585940562e+02,-3.862048771540e+02,1.000000000000e+00,-0.565337911687
764,15920,5830078125.000000,-3.837532559955e+02,-2.741094685682e+02,-4.130562564127e+02,-2.515565399339e+02,-3.863114121042e+02,-2.810380160281e+02,1.000000000000e+00,-0.588368211348
765,15921,5830444335.937500,-2.741094685682e+02,1.644656811409e+02,-2.678512301842e+02,1.889294250169e+02,-2.797509452706e+02,1.591910166609e+02,1.000000000000e+00,-0.611386042497
766,15922,5830810546.875000,-3.837532559955e+02,-1.644656811409e+02,-4.049108941076e+02,-1.388468743686e+02,-3.868693405749e+02,-1.717572173210e+02,1.000000000000e+00,-0.634391451767
767,15923,5831176757.812500,-3.837532559955e+02,1.644656811409e+02,-3.794990663203e+02,1.979269705418e+02,-3.894069071110e+02,1.578227982267e+02,1.000000000000e+00,-0.657384486930
768,15924,5831542968.750000,-5.482189371364e+01,1.644656811409e+02,-4.291988344901e+01,1.724489241152e+02,-5.947347823028e+01,1.602047479093e+02,1.000000000000e+00,-0.680365196888
769,15925,5831909179.687500,2.741094685682e+02,5.482189371364e+01,2.845488828638e+02,3.361717432219e+01,2.710551700384e+02,5.201770608605e+01,1.000000000000e+00,-0.703333631656
770,15926,5832275390.625000,-1.644656811409e+02,3.837532559955e+02,-1.361517423568e+02,4.056022962016e+02,-1.700784993476e+02,3.788276680356e+02,1.000000000000e+00,-0.726289842349
771,15927,5832641601.562500,1.644656811409e+02,5.482189371364e+01,1.725188160617e+02,4.216869212453e+01,1.613250295749e+02,5.081109226385e+01,1.000000000000e+00,-0.749233881170
772,15928,5833007812.500000,1.644656811409e+02,-3.837532559955e+02,1.352649156760e+02,-4.056273708723e+02,1.637626605405e+02,-3.885780409715e+02,1.000000000000e+00,-0.772165801392
773,15929,5833374023.437500,-2.741094685682e+02,-1.644656811409e+02,-2.940380909855e+02,-1.442503248456e+02,-2.765856638699e+02,-1.715885956056e+02,1.000000000000e+00,-0.795085657351
774,15930,5833740234.375000,3.837532559955e+02,2.741094685682e+02,4.159376046135e+02,2.462823497469e+02,3.805628423788e+02,2.708043022323e+02,1.000000000000e+00,-0.817993504428
775,15931,5834106445.312500,-5.482189371364e+01,-2.741094685682e+02,-8.023870024876e+01,-2.751712540535e+02,-5.613193488819e+01,-2.809863897880e+02,1.000000000000e+00,-0.840889399037
776,15932,5834472656.250000,-3.837532559955e+02,3.837532559955e+02,-3.585517897381e+02,4.257544428305e+02,-3.898496091015e+02,3.759980540399e+02,1.000000000000e+00,-0.863773398613
777,15933,5834838867.187500,-1.644656811409e+02,1.644656811409e+02,-1.538601627766e+02,1.823802176239e+02,-1.686336056522e+02,1.571422094604e+02,1.000000000000e+00,-0.886645561595
778,15934,5835205078.125000,5.482189371364e+01,3.837532559955e+02,8.960767033843e+01,3.875374398529e+02,4.943039721437e+01,3.788874635219e+02,1.000000000000e+00,-0.909505947418
779,15935,5835571289.062500,1.644656811409e+02,-2.741094685682e+02,1.436164373567e+02,-2.949432806605e+02,1.653841012852e+02,-2.804403917512e+02,1.000000000000e+00,-0.932354616498
780,15936,5835937500.000000,-3.837532559955e+02,-2.741094685682e+02,-4.173833532004e+02,-2.451218677529e+02,-3.847571943730e+02,-2.848500313192e+02,1.000000000000e+00,-0.955191630216
781,15937,5836303710.937500,5.482189371364e+01,1.644656811409e+02,7.112596047115e+01,1.630324039269e+02,5.217971811681e+01,1.582368218531e+02,1.000000000000e+00,-0.978017050912
782,15938,5836669921.875000,2.741094685682e+02,3.837532559955e+02,3.152331909444e+02,3.667903359410e+02,2.700726270463e+02,3.798636394124e+02,1.000000000000e+00,-1.000830941864
783,15939,5837036132.812500,-3.837532559955e+02,-2.741094685682e+02,-4.170705197775e+02,-2.445563721395e+02,-3.829923579155e+02,-2.860773248499e+02,1.000000000000e+00,-1.023633367281
784,15940,5837402343.750000,-3.837532559955e+02,5.482189371364e+01,-3.870216828477e+02,9.198870456925e+01,-3.863793906901e+02,4.364485715714e+01,1.000000000000e+00,-1.046424392291
785,15941,5837768554.687500,1.644656811409e+02,2.741094685682e+02,1.943533293961e+02,2.646557347850e+02,1.620411330388e+02,2.688648509087e+02,1.000000000000e+00,-1.069204082923
786,15942,5838134765.625000,-1.644656811409e+02,5.482189371364e+01,-1.629233895543e+02,7.205265991708e+01,-1.660992547943e+02,4.561979759328e+01,1.000000000000e+00,-1.091972506099
787,15943,5838500976.562500,5.482189371364e+01,-3.837532559955e+02,1.808769719968e+01,-3.977023980121e+02,5.789268266255e+01,-3.930776209567e+02,1.000000000000e+00,-1.114729729623
788,15944,5838867187.500000,1.644656811409e+02,3.837532559955e+02,2.066328203642e+02,3.754242714586e+02,1.623477103467e+02,3.779160352970e+02,1.000000000000e+00,-1.137475822164
789,15945,5839233398.437500,3.837532559955e+02,2.741094685682e+02,4.198226639631e+02,2.408940732314e+02,3.833899219836e+02,2.693595222017e+02,1.000000000000e+00,-1.160210853246
790,15946,5839599609.375000,2.741094685682e+02,5.482189371364e+01,2.856209107921e+02,2.792013750758e+01,2.752684510058e+02,4.855283517058e+01,1.000000000000e+00,-1.182934893239
791,15947,5839965820.312500,-1.644656811409e+02,1.644656811409e+02,-1.510772340717e+02,1.849965739594e+02,-1.656578716202e+02,1.549915476656e+02,1.000000000000e+00,-1.205648013342
792,15948,5840332031.250000,3.837532559955e+02,1.644656811409e+02,4.092979613354e+02,1.276393343656e+02,3.851239998694e+02,1.591623453954e+02,1.000000000000e+00,-1.228350285575
793,15949,5840698242.187500,2.741094685682e+02,5.482189371364e+01,2.858119932316e+02,2.655419716710e+01,2.761903471024e+02,4.788648927437e+01,1.000000000000e+00,-1.251041782766
794,15950,5841064453.125000,-3.837532559955e+02,5.482189371364e+01,-3.857732625699e+02,9.779963413664e+01,-3.838697451126e+02,4.358448551283e+01,1.000000000000e+00,-1.273722578539
795,15951,5841430664.062500,2.741094685682e+02,3.837532559955e+02,3.210648912477e+02,3.617827748277e+02,2.736327717707e+02,3.779111046500e+02,1.000000000000e+00,-1.296392747302
796,15952,5841796875.000000,5.482189371364e+01,-2.741094685682e+02,2.648804984790e+01,-2.852172813558e+02,5.993836265615e+01,-2.832680657245e+02,1.000000000000e+00,-1.319052364239
797,15953,5842163085.937500,3.837532559955e+02,-1.644656811409e+02,3.732325168992e+02,-2.090860583286e+02,3.886478303671e+02,-1.700089040612e+02,1.000000000000e+00,-1.341701505294
798,15954,5842529296.875000,-5.482189371364e+01,2.741094685682e+02,-2.534194533851e+01,2.856179948319e+02,-5.456619391501e+01,2.650460613221e+02,1.000000000000e+00,-1.364340247164
799,15955,5842895507.812500,-3.837532559955e+02,3.837532559955e+02,-3.475299203987e+02,4.356548483409e+02,-3.847837854729e+02,3.732401832912e+02,1.000000000000e+00,-1.386968667284
800,15956,5843261718.750000,1.644656811409e+02,-2.741094685682e+02,1.360713549584e+02,-2.988411579908e+02,1.704483368921e+02,-2.835941230299e+02,1.000000000000e+00,-1.409586843820
801,15957,5843627929.687500,-2.741094685682e+02,5.482189371364e+01,-2.733964785462e+02,8.782008965681e+01,-2.720524916914e+02,4.336942325052e+01,1.000000000000e+00,-1.432194855656
802,15958,5843994140.625000,1.644656811409e+02,5.482189371364e+01,1.742516999101e+02,3.678851120128e+01,1.686532193155e+02,4.701939341140e+01,1.000000000000e+00,-1.454792782383
803,15959,5844360351.562500,1.644656811409e+02,2.741094685682e+02,2.001898228133e+02,2.600575893192e+02,1.670537290106e+02,2.669653601456e+02,1.000000000000e+00,-1.477380704289
804,15960,5844726562.500000,5.482189371364e+01,-3.837532559955e+02,9.663175776513e+00,-3.976182545625e+02,6.253223136862e+01,-3.940614612352e+02,1.000000000000e+00,-1.499958702349
805,15961,5845092773.437500,-1.644656811409e+02,1.644656811409e+02,-1.474598669242e+02,1.875440476286e+02,-1.612847160925e+02,1.541417002503e+02,1.000000000000e+00,-1.522526858215
806,15962,5845458984.375000,3.837532559955e+02,-2.741094685682e+02,3.576686359126e+02,-3.261881870082e+02,3.927154264477e+02,-2.812065161966e+02,1.000000000000e+00,-1.545085254205
807,15963,5845825195.312500,1.644656811409e+02,-5.482189371364e+01,1.610406503674e+02,-7.600351092653e+01,1.712139854842e+02,-6.289167707141e+01,1.000000000000e+00,-1.567633973291
808,15964,5846191406.250000,-2.741094685682e+02,2.741094685682e+02,-2.457558591104e+02,3.132552358982e+02,-2.723180995758e+02,2.628719134685e+02,1.000000000000e+00,-1.590173099092
809,15965,5846557617.187500,1.644656811409e+02,1.644656811409e+02,1.880606659675e+02,1.469987154120e+02,1.694605709100e+02,1.572391684726e+02,1.000000000000e+00,-1.612702715864
810,15966,5846923828.125000,5.482189371364e+01,1.644656811409e+02,7.659678589672e+01,1.604184034634e+02,5.978697933736e+01,1.560236587808e+02,1.000000000000e+00,-1.635222908489
811,15967,5847290039.062500,1.644656811409e+02,3.837532559955e+02,2.167731570486e+02,3.694426227166e+02,1.682077645228e+02,3.770814361751e+02,1.000000000000e+00,-1.657733762463
812,15968,5847656250.000000,-3.837532559955e+02,5.482189371364e+01,-3.836656836941e+02,1.060610725263e+02,-3.786644257833e+02,4.255681843320e+01,1.000000000000e+00,-1.680235363893
813,15969,5848022460.937500,2.741094685682e+02,-3.837532559955e+02,2.282516184526e+02,-4.275250206171e+02,2.857294883952e+02,-3.925932420122e+02,1.000000000000e+00,-1.702727799481
814,15970,5848388671.875000,1.644656811409e+02,-5.482189371364e+01,1.600973040880e+02,-7.798207580857e+01,1.732348698946e+02,-6.289665149407e+01,1.000000000000e+00,-1.725211156518
815,15971,5848754882.812500,2.741094685682e+02,-5.482189371364e+01,2.714792621806e+02,-9.316183719744e+01,2.835170500736e+02,-6.201394691107e+01,1.000000000000e+00,-1.747685522875
816,15972,5849121093.750000,-2.741094685682e+02,5.482189371364e+01,-2.713624553354e+02,9.341614031538e+01,-2.672900277578e+02,4.403454123853e+01,1.000000000000e+00,-1.770150986991
817,15973,5849487304.687500,2.741094685682e+02,1.644656811409e+02,3.015962071800e+02,1.299004230258e+02,2.822697958490e+02,1.590596629783e+02,1.000000000000e+00,-1.792607637869
818,15974,5849853515.625000,2.741094685682e+02,-3.837532559955e+02,2.268273835600e+02,-4.283985015702e+02,2.887232366978e+02,-3.910895948739e+02,1.000000000000e+00,-1.815055565063
819,15975,5850219726.562500,-1.644656811409e+02,1.644656811409e+02,-1.448940603951e+02,1.901502015057e+02,-1.580744713023e+02,1.548019806799e+02,1.000000000000e+00,-1.837494858670
820,15976,5850585937.500000,-1.644656811409e+02,-5.482189371364e+01,-1.750456894130e+02,-3.286665916108e+01,-1.550972115536e+02,-6.529954497203e+01,1.000000000000e+00,-1.859925609323
821,15977,5850952148.437500,-3.837532559955e+02,-1.644656811409e+02,-4.135579708875e+02,-1.130552733605e+02,-3.736740048537e+02,-1.775644800334e+02,1.000000000000e+00,-1.882347908182
822,15978,5851318359.375000,-1.644656811409e+02,2.741094685682e+02,-1.278688907508e+02,3.024171328944e+02,-1.579408093887e+02,2.655470305639e+02,1.000000000000e+00,-1.904761846924
823,15979,5851684570.312500,-2.741094685682e+02,5.482189371364e+01,-2.707653997215e+02,9.584514090637e+01,-2.655559239719e+02,4.467153837540e+01,1.000000000000e+00,-1.927167517737
824,15980,5852050781.250000,-5.482189371364e+01,1.644656811409e+02,-3.132836686899e+01,1.754139155990e+02,-4.592330741604e+01,1.571386658410e+02,1.000000000000e+00,-1.949565013311
825,15981,5852416992.187500,-1.644656811409e+02,5.482189371364e+01,-1.590797028472e+02,8.031845197522e+01,-1.549330703622e+02,4.609176067833e+01,1.000000000000e+00,-1.971954426830
826,15982,5852783203.125000,2.741094685682e+02,-1.644656811409e+02,2.540756013112e+02,-2.084246830106e+02,2.882832732799e+02,-1.697858041485e+02,1.000000000000e+00,-1.994335851963
827,15983,5853149414.062500,-5.482189371364e+01,5.482189371364e+01,-4.745012993356e+01,6.402491428390e+01,-4.427609532372e+01,4.745835993481e+01,1.000000000000e+00,-2.016709382858
828,15984,5853515625.000000,5.482189371364e+01,2.741094685682e+02,9.748594906281e+01,2.701314498122e+02,6.375507518819e+01,2.690671509490e+02,1.000000000000e+00,-2.039075114135
829,15985,5853881835.937500,-5.482189371364e+01,-5.482189371364e+01,-6.408579686506e+01,-4.723025522965e+01,-4.252096584883e+01,-6.223962433848e+01,1.000000000000e+00,-2.061433140874
830,15986,5854248046.875000,-2.741094685682e+02,5.482189371364e+01,-2.696726706363e+02,9.812563037822e+01,-2.635586163319e+02,4.557000656490e+01,1.000000000000e+00,-2.083783558614
831,15987,5854614257.812500,-3.837532559955e+02,3.837532559955e+02,-3.293424796599e+02,4.493083179040e+02,-3.771180651977e+02,3.745596941991e+02,1.000000000000e+00,-2.106126463340
832,15988,5854980468.750000,5.482189371364e+01,-2.741094685682e+02,1.240324150333e+01,-2.866474298035e+02,7.087609256650e+01,-2.802746379493e+02,1.000000000000e+00,-2.128461951479
833,15989,5855346679.687500,1.644656811409e+02,-3.837532559955e+02,1.054226619397e+02,-4.155382027250e+02,1.822122169181e+02,-3.890170126752e+02,1.000000000000e+00,-2.150790119893
834,15990,5855712890.625000,-5.482189371364e+01,-3.837532559955e+02,-1.179326676002e+02,-3.803476530468e+02,-3.800600480761e+01,-3.913066940396e+02,1.000000000000e+00,-2.173111065870
835,15991,5856079101.562500,1.644656811409e+02,3.837532559955e+02,2.298957973363e+02,3.621939895056e+02,1.746828514200e+02,3.820551882529e+02,1.000000000000e+00,-2.195424887119
836,15992,5856445312.500000,1.644656811409e+02,-1.644656811409e+02,1.396544474608e+02,-1.938199140811e+02,1.805084442075e+02,-1.680905957928e+02,1.000000000000e+00,-2.217731681761
837,15993,5856811523.437500,3.837532559955e+02,2.741094685682e+02,4.340935855585e+02,2.144665904908e+02,3.954709982928e+02,2.754056554937e+02,1.000000000000e+00,-2.240031548326
838,15994,5857177734.375000,-5.482189371364e+01,-5.482189371364e+01,-6.469862099574e+01,-4.641024353984e+01,-4.044848288309e+01,-5.993281076597e+01,1.000000000000e+00,-2.262324585743
839,15995,5857543945.312500,-5.482189371364e+01,-1.644656811409e+02,-8.358889062124e+01,-1.574095378357e+02,-3.924002585414e+01,-1.697982533115e+02,1.000000000000e+00,-2.284610893335
840,15996,5857910156.250000,-1.644656811409e+02,-1.644656811409e+02,-1.954078076867e+02,-1.382427079723e+02,-1.497047695574e+02,-1.705626803732e+02,1.000000000000e+00,-2.306890570814
841,15997,5858276367.187500,1.644656811409e+02,5.482189371364e+01,1.762536710580e+02,2.683204737692e+01,1.792818856818e+02,5.340676282325e+01,1.000000000000e+00,-2.329163718270
842,15998,5858642578.125000,3.837532559955e+02,1.644656811409e+02,4.171315477353e+02,9.941647047347e+01,3.981331727771e+02,1.663877853555e+02,1.000000000000e+00,-2.351430436173
843,15999,5859008789.062500,-5.482189371364e+01,-3.837532559955e+02,-1.224871419834e+02,-3.783137402055e+02,-3.546304147092e+01,-3.881676949319e+02,1.000000000000e+00,-2.373690825358
844,16000,5859375000.000000,5.482189371364e+01,-2.741094685682e+02,6.811176170895e+00,-2.867472760739e+02,7.308649442932e+01,-2.766535915316e+02,1.000000000000e+00,-2.395944987026
845,16001,5859741210.937500,1.644656811409e+02,5.482189371364e+01,1.760479533452e+02,2.582967285222e+01,1.794970261560e+02,5.479175008179e+01,1.000000000000e+00,-2.418193022734
846,16002,5860107421.875000,2.741094685682e+02,3.837532559955e+02,3.468275616143e+02,3.379609950033e+02,2.863679016394e+02,3.864469287277e+02,1.000000000000e+00,-2.440435034391
847,16003,5860473632.812500,-2.741094685682e+02,-3.837532559955e+02,-3.475171194116e+02,-3.379114149613e+02,-2.558860817765e+02,-3.899359366128e+02,1.000000000000e+00,-2.462671124254
848,16004,5860839843.750000,1.644656811409e+02,2.741094685682e+02,2.170122716948e+02,2.471063312029e+02,1.776506320366e+02,2.766463809463e+02,1.000000000000e+00,-2.484901394919
849,16005,5861206054.687500,-1.644656811409e+02,-1.644656811409e+02,-1.969524985216e+02,-1.358982444464e+02,-1.478887271419e+02,-1.680168941878e+02,1.000000000000e+00,-2.507125949318
850,16006,5861572265.625000,1.644656811409e+02,-3.837532559955e+02,9.459101268283e+01,-4.186631350371e+02,1.857206583827e+02,-3.838683737041e+02,1.000000000000e+00,-2.529344890712
851,16007,5861938476.562500,1.644656811409e+02,-2.741094685682e+02,1.145909368536e+02,-3.077390401188e+02,1.844173440874e+02,-2.730439225895e+02,1.000000000000e+00,-2.551558322688
852,16008,5862304687.500000,-3.837532559955e+02,-1.644656811409e+02,-4.187744616217e+02,-9.290619211050e+01,-3.676903714354e+02,-1.693271972728e+02,1.000000000000e+00,-2.573766349152
853,16009,5862670898.437500,-2.741094685682e+02,1.644656811409e+02,-2.448393368380e+02,2.190572710718e+02,-2.613405135214e+02,1.631174452396e+02,1.000000000000e+00,-2.595969074326
854,16010,5863037109.375000,5.482189371364e+01,3.837532559955e+02,1.306806457021e+02,3.764713588695e+02,6.725508521720e+01,3.874172595791e+02,1.000000000000e+00,-2.618166602739
855,16011,5863403320.312500,-1.644656811409e+02,3.837532559955e+02,-8.991935607189e+01,4.195963787893e+02,-1.531043579055e+02,3.855529267446e+02,1.000000000000e+00,-2.640359039228
856,16012,5863769531.250000,-1.644656811409e+02,-1.644656811409e+02,-1.986002605367e+02,-1.329846961118e+02,-1.475966972629e+02,-1.649277630997e+02,1.000000000000e+00,-2.662546488928
857,16013,5864135742.187500,-5.482189371364e+01,5.482189371364e+01,-4.421208909925e+01,6.625260791205e+01,-3.960861864378e+01,5.682596927432e+01,1.000000000000e+00,-2.684729057270
858,16014,5864501953.125000,5.482189371364e+01,1.644656811409e+02,8.850420402006e+01,1.544779002149e+02,6.937403661047e+01,1.683813760377e+02,1.000000000000e+00,-2.706906849976
859,16015,5864868164.062500,-5.482189371364e+01,-3.837532559955e+02,-1.334612409342e+02,-3.748992030042e+02,-3.499058333301e+01,-3.826299882819e+02,1.000000000000e+00,-2.729079973055
860,16016,5865234375.000000,3.837532559955e+02,5.482189371364e+01,3.974334967229e+02,-2.367909507103e+01,4.007490654055e+02,6.266306988584e+01,1.000000000000e+00,-2.751248532797
861,16017,5865600585.937500,2.741094685682e+02,-2.741094685682e+02,2.193495618213e+02,-3.327262301254e+02,2.946438224126e+02,-2.685186499301e+02,1.000000000000e+00,-2.773412635771
862,16018,5865966796.875000,5.482189371364e+01,5.482189371364e+01,6.665966334259e+01,4.383626426373e+01,7.047738347373e+01,6.002456614712e+01,1.000000000000e+00,-2.795572388817
863,16019,5866333007.812500,-1.644656811409e+02,-1.644656811409e+02,-2.001813487770e+02,-1.310384895020e+02,-1.475162343218e+02,-1.627244584056e+02,1.000000000000e+00,-2.817727899047
864,16020,5866699218.750000,-3.837532559955e+02,2.741094685682e+02,-3.278519304286e+02,3.572265305823e+02,-3.728927852827e+02,2.761795297992e+02,1.000000000000e+00,-2.839879273836
865,16021,5867065429.687500,1.644656811409e+02,1.644656811409e+02,2.005683239252e+02,1.300536870935e+02,1.793179563181e+02,1.723800707880e+02,1.000000000000e+00,-2.862026620822
866,16022,5867431640.625000,2.741094685682e+02,3.837532559955e+02,3.584254511753e+02,3.263704373983e+02,2.870972727019e+02,3.943238836870e+02,1.000000000000e+00,-2.884170047900
867,16023,5867797851.562500,-3.837532559955e+02,-5.482189371364e+01,-3.974981594939e+02,2.859784273813e+01,-3.693881639394e+02,-5.312441131359e+01,1.000000000000e+00,-2.906309663216
868,16024,5868164062.500000,5.482189371364e+01,-5.482189371364e+01,4.302412479186e+01,-6.713593389817e+01,7.134227171730e+01,-4.804987218532e+01,1.000000000000e+00,-2.928445575170
869,16025,5868530273.437500,-3.837532559955e+02,3.837532559955e+02,-3.005861260947e+02,4.708296350298e+02,-3.747661689982e+02,3.888578039160e+02,1.000000000000e+00,-2.950577892404
870,16026,5868896484.375000,1.644656811409e+02,3.837532559955e+02,2.512190593709e+02,3.490601253145e+02,1.768802197516e+02,3.954613078152e+02,1.000000000000e+00,-2.972706723805
871,16027,5869262695.312500,3.837532559955e+02,-2.741094685682e+02,3.237026733149e+02,-3.621102062721e+02,4.045763041594e+02,-2.643745731708e+02,1.000000000000e+00,-2.994832178497
872,16028,5869628906.250000,5.482189371364e+01,-1.644656811409e+02,1.751926499080e+01,-1.775961334876e+02,7.199156661784e+01,-1.570023080542e+02,1.000000000000e+00,-3.016954365841
873,16029,5869995117.187500,3.837532559955e+02,5.482189371364e+01,3.974424881261e+02,-3.340540374591e+01,4.005501869399e+02,6.706520719358e+01,1.000000000000e+00,-3.039073395428
874,16030,5870361328.125000,3.837532559955e+02,-2.741094685682e+02,3.213902878122e+02,-3.634462617384e+02,4.037271197899e+02,-2.629990641720e+02,1.000000000000e+00,-3.061189377079
875,16031,5870727539.062500,-5.482189371364e+01,-5.482189371364e+01,-6.764688453428e+01,-4.224239206566e+01,-3.974316336512e+01,-4.670581338187e+01,1.000000000000e+00,-3.083302420840
876,16032,5871093750.000000,-2.741094685682e+02,2.741094685682e+02,-2.108737817014e+02,3.383396726552e+02,-2.643994363267e+02,2.816012769826e+02,1.000000000000e+00,-3.105412636979
877,16033,5871459960.937500,2.741094685682e+02,-2.741094685682e+02,2.103097640876e+02,-3.384102135689e+02,2.933863032650e+02,-2.621268572990e+02,1.000000000000e+00,-3.127520135984
878,16034,5871826171.875000,-3.837532559955e+02,-2.741094685682e+02,-4.481250578194e+02,-1.839991455253e+02,-3.674512855516e+02,-2.702887263343e+02,1.000000000000e+00,3.133560278623
879,16035,5872192382.812500,-1.644656811409e+02,3.837532559955e+02,-7.317591212939e+01,4.225863636420e+02,-1.558645179370e+02,3.937873662486e+02,1.000000000000e+00,3.111457881567
880,16036,5872558593.750000,5.482189371364e+01,2.741094685682e+02,1.210641589012e+02,2.605522635183e+02,6.618171841033e+01,2.867684052473e+02,1.000000000000e+00,3.089357868902
881,16037,5872924804.687500,1.644656811409e+02,-1.644656811409e+02,1.237288261498e+02,-2.046948722291e+02,1.802567683775e+02,-1.529545675593e+02,1.000000000000e+00,3.067260129295
882,16038,5873291015.625000,1.644656811409e+02,5.482189371364e+01,1.778330601362e+02,1.396272845428e+01,1.784401145412e+02,6.789145040388e+01,1.000000000000e+00,3.045164551210
883,16039,5873657226.562500,5.482189371364e+01,-2.741094685682e+02,-1.353643697849e+01,-2.874801589338e+02,7.072987712783e+01,-2.636494741176e+02,1.000000000000e+00,3.023071022909
884,16040,5874023437.500000,2.741094685682e+02,-2.741094685682e+02,2.052665510113e+02,-3.425393850427e+02,2.915731773092e+02,-2.614055745369e+02,1.000000000000e+00,3.000979432456
885,16041,5874389648.437500,1.644656811409e+02,-5.482189371364e+01,1.505226912603e+02,-9.623083344728e+01,1.789417259362e+02,-4.124384755177e+01,1.000000000000e+00,2.978889667718
886,16042,5874755859.375000,-1.644656811409e+02,-3.837532559955e+02,-2.616841260644e+02,-3.417332145692e+02,-1.495086318455e+02,-3.756697096461e+02,1.000000000000e+00,2.956801616369
887,16043,5875122070.312500,1.644656811409e+02,3.837532559955e+02,2.622851527157e+02,3.413211834786e+02,1.741555097432e+02,4.014636311428e+02,1.000000000000e+00,2.934715165894
888,16044,5875488281.250000,-3.837532559955e+02,-5.482189371364e+01,-3.970464392783e+02,4.401115132075e+01,-3.741390386572e+02,-4.567521005935e+01,1.000000000000e+00,2.912630203589
889,16045,5875854492.187500,-3.837532559955e+02,-5.482189371364e+01,-3.967680095925e+02,4.477786237667e+01,-3.742387254033e+02,-4.529288297419e+01,1.000000000000e+00,2.890546616563
890,16046,5876220703.125000,1.644656811409e+02,-3.837532559955e+02,6.384797595684e+01,-4.249788309934e+02,1.806980681873e+02,-3.706499514502e+02,1.000000000000e+00,2.868464291743
891,16047,5876586914.062500,-5.482189371364e+01,-5.482189371364e+01,-6.885867739362e+01,-4.020352408924e+01,-4.344355038341e+01,-4.154426960756e+01,1.000000000000e+00,2.846383115877
892,16048,5876953125.000000,1.644656811409e+02,5.482189371364e+01,1.777865433306e+02,1.133166115386e+01,1.754083628056e+02,7.134315576314e+01,1.000000000000e+00,2.824302975531
893,16049,5877319335.937500,-5.482189371364e+01,5.482189371364e+01,-3.997675587922e+01,6.890982865435e+01,-4.520046116196e+01,6.912704732991e+01,1.000000000000e+00,2.802223757098
894,16050,5877685546.875000,5.482189371364e+01,5.482189371364e+01,6.898177979387e+01,3.986346481279e+01,6.462944619467e+01,7.064252160500e+01,1.000000000000e+00,2.780145346796
895,16051,5878051757.812500,5.482189371364e+01,5.482189371364e+01,6.905487570409e+01,3.974474498620e+01,6.431222413516e+01,7.089285479415e+01,1.000000000000e+00,2.758067630671
896,16052,5878417968.750000,5.482189371364e+01,5.482189371364e+01,6.913574267719e+01,3.959365041511e+01,6.400490925575e+01,7.110709640022e+01,1.000000000000e+00,2.735990494602
897,16053,5878784179.687500,5.482189371364e+01,2.741094685682e+02,1.287640696839e+02,2.567597655277e+02,6.128648148647e+01,2.915992317285e+02,1.000000000000e+00,2.713913824297
898,16054,5879150390.625000,5.482189371364e+01,3.837532559955e+02,1.593800817088e+02,3.652484070331e+02,5.988430320273e+01,4.021215387756e+02,1.000000000000e+00,2.691837505303
899,16055,5879516601.562500,-3.837532559955e+02,-3.837532559955e+02,-4.864562733530e+02,-2.745309051448e+02,-3.735718034868e+02,-3.740819866719e+02,1.000000000000e+00,2.669761423002
900,16056,5879882812.500000,2.741094685682e+02,2.741094685682e+02,3.482839937381e+02,1.956138530593e+02,2.815350039314e+02,2.952238339459e+02,1.000000000000e+00,2.647685462615
901,16057,5880249023.437500,1.644656811409e+02,2.741094685682e+02,2.400509734445e+02,2.257591594964e+02,1.708427487829e+02,2.943759716065e+02,1.000000000000e+00,2.625609509206
902,16058,5880615234.375000,-1.644656811409e+02,5.482189371364e+01,-1.475661864256e+02,1.008196724913e+02,-1.587998104182e+02,7.027220153093e+01,1.000000000000e+00,2.603533447680
903,16059,5880981445.312500,1.644656811409e+02,-3.837532559955e+02,5.379000782646e+01,-4.270486480066e+02,1.766505788618e+02,-3.683372037936e+02,1.000000000000e+00,2.581457162789
904,16060,5881347656.250000,-1.644656811409e+02,2.741094685682e+02,-8.426010802509e+01,3.182745068617e+02,-1.614466183966e+02,2.914306133700e+02,1.000000000000e+00,2.559380539131
905,16061,5881713867.187500,2.741094685682e+02,-1.644656811409e+02,2.234120783293e+02,-2.413916237926e+02,2.836797535296e+02,-1.457246950157e+02,1.000000000000e+00,2.537303461155
906,16062,5882080078.125000,1.644656811409e+02,5.482189371364e+01,1.781332394203e+02,6.442586182303e+00,1.708568868466e+02,7.392252772002e+01,1.000000000000e+00,2.515225813160
907,16063,5882446289.062500,-1.644656811409e+02,2.741094685682e+02,-8.232713438062e+01,3.182951776413e+02,-1.622525187036e+02,2.915266212570e+02,1.000000000000e+00,2.493147479298
908,16064,5882812500.000000,3.837532559955e+02,1.644656811409e+02,4.266470458130e+02,4.965310768190e+01,3.897099705663e+02,1.865969022308e+02,1.000000000000e+00,2.471068343576
909,16065,5883178710.937500,-2.741094685682e+02,1.644656811409e+02,-2.215417347882e+02,2.430505821229e+02,-2.722718514358e+02,1.806417392770e+02,1.000000000000e+00,2.448988289857
910,16066,5883544921.875000,1.644656811409e+02,-3.837532559955e+02,4.753575957458e+01,-4.267784044762e+02,1.730052695641e+02,-3.667396752882e+02,1.000000000000e+00,2.426907201865
911,16067,5883911132.812500,2.741094685682e+02,5.482189371364e+01,2.860166706235e+02,-2.849375916348e+01,2.792980132548e+02,7.498400015573e+01,1.000000000000e+00,2.404824963182
912,16068,5884277343.750000,-2.741094685682e+02,1.644656811409e+02,-2.196620063822e+02,2.445314906460e+02,-2.729944174500e+02,1.813691756872e+02,1.000000000000e+00,2.382741457254
913,16069,5884643554.687500,-1.644656811409e+02,1.644656811409e+02,-1.115970935827e+02,2.115739259353e+02,-1.632295640384e+02,1.822130179523e+02,1.000000000000e+00,2.360656567390
914,16070,5885009765.625000,3.837532559955e+02,-2.741094685682e+02,2.931864524737e+02,-3.864334276715e+02,3.910026380567e+02,-2.544892510092e+02,1.000000000000e+00,2.338570176766
915,16071,5885375976.562500,-1.644656811409e+02,-5.482189371364e+01,-1.782417816730e+02,-3.618812808812e+00,-1.622402084383e+02,-3.849111421060e+01,1.000000000000e+00,2.316482168426
916,16072,5885742187.500000,1.644656811409e+02,1.644656811409e+02,2.116712114743e+02,1.112764897637e+02,1.655963293491e+02,1.854785764827e+02,1.000000000000e+00,2.294392425281
917,16073,5886108398.437500,-1.644656811409e+02,-2.741094685682e+02,-2.452742689324e+02,-2.187915741221e+02,-1.600275734930e+02,-2.593139933278e+02,1.000000000000e+00,2.272300830117
918,16074,5886474609.375000,-2.741094685682e+02,-5.482189371364e+01,-2.859613857031e+02,3.062392410082e+01,-2.736187125019e+02,-4.021427618598e+01,1.000000000000e+00,2.250207265591
919,16075,5886840820.312500,-1.644656811409e+02,3.837532559955e+02,-4.235988212248e+01,4.277175540974e+02,-1.692001568030e+02,4.025771761972e+02,1.000000000000e+00,2.228111614235
920,16076,5887207031.250000,5.482189371364e+01,-1.644656811409e+02,2.446534964376e+00,-1.784773967907e+02,5.777729547624e+01,-1.464941991856e+02,1.000000000000e+00,2.206013758459
921,16077,5887573242.187500,-3.837532559955e+02,-2.741094685682e+02,-4.622338520800e+02,-1.483289805595e+02,-3.826228924177e+02,-2.621481075469e+02,1.000000000000e+00,2.183913580550
922,16078,5887939453.125000,3.837532559955e+02,2.741094685682e+02,4.623823213495e+02,1.475149890019e+02,3.825289939888e+02,2.988982267663e+02,1.000000000000e+00,2.161810962676
923,16079,5888305664.062500,-3.837532559955e+02,-2.741094685682e+02,-4.628625242022e+02,-1.466886638735e+02,-3.834984674895e+02,-2.622160163564e+02,1.000000000000e+00,2.139705786888
924,16080,5888671875.000000,-5.482189371364e+01,-2.741094685682e+02,-1.412605386453e+02,-2.509417678145e+02,-5.288807178011e+01,-2.583704864280e+02,1.000000000000e+00,2.117597935120
925,16081,5889038085.937500,-5.482189371364e+01,-3.837532559955e+02,-1.770797424676e+02,-3.581310496673e+02,-5.206242491650e+01,-3.689877620883e+02,1.000000000000e+00,2.095487289191
926,16082,5889404296.875000,-5.482189371364e+01,2.741094685682e+02,3.507054800471e+01,2.858041099521e+02,-6.009259179347e+01,2.936772784439e+02,1.000000000000e+00,2.073373730808
927,16083,5889770507.812500,5.482189371364e+01,-1.644656811409e+02,1.220167311464e-02,-1.784851648794e+02,5.484290320779e+01,-1.467202619906e+02,1.000000000000e+00,2.051257141570
928,16084,5890136718.750000,5.482189371364e+01,2.741094685682e+02,1.432655299789e+02,2.495736176653e+02,4.969989901420e+01,2.946087282808e+02,1.000000000000e+00,2.029137402965
929,16085,5890502929.687500,-5.482189371364e+01,-1.644656811409e+02,-1.076804089000e+02,-1.424589571720e+02,-5.635646271550e+01,-1.481309436986e+02,1.000000000000e+00,2.007014396373
930,16086,5890869140.625000,1.644656811409e+02,5.482189371364e+01,1.786827910198e+02,-9.871955027485e-01,1.618382110069e+02,7.500580132767e+01,1.000000000000e+00,1.984888003070
931,16087,5891235351.562500,1.644656811409e+02,1.644656811409e+02,2.152107836899e+02,1.055792052679e+02,1.603151372651e+02,1.853413994170e+02,1.000000000000e+00,1.962758104232
932,16088,5891601562.500000,2.741094685682e+02,1.644656811409e+02,3.221433589923e+02,6.830233036943e+01,2.703583059852e+02,1.861991034224e+02,1.000000000000e+00,1.940624580929
933,16089,5891967773.437500,-3.837532559955e+02,5.482189371364e+01,-3.548655386299e+02,1.827506911448e+02,-3.912598627982e+02,6.920035727006e+01,1.000000000000e+00,1.918487314135
934,16090,5892333984.375000,3.837532559955e+02,-1.644656811409e+02,3.174856023269e+02,-2.897277973197e+02,3.831113880068e+02,-1.440180142362e+02,1.000000000000e+00,1.896346184726
935,16091,5892700195.312500,2.741094685682e+02,-5.482189371364e+01,2.477672509624e+02,-1.462646358094e+02,2.712591786190e+02,-3.471190942250e+01,1.000000000000e+00,1.874201073483
936,16092,5893066406.250000,2.741094685682e+02,-1.644656811409e+02,2.101745714138e+02,-2.530622016674e+02,2.720975633596e+02,-1.450505819157e+02,1.000000000000e+00,1.852051861093
937,16093,5893432617.187500,3.837532559955e+02,3.837532559955e+02,5.040139044718e+02,2.404173654350e+02,3.763319216760e+02,4.070373123818e+02,1.000000000000e+00,1.829898428152
938,16094,5893798828.125000,-1.644656811409e+02,5.482189371364e+01,-1.403432308567e+02,1.100684892206e+02,-1.721253526564e+02,7.074999836670e+01,1.000000000000e+00,1.807740655169
939,16095,5894165039.062500,2.741094685682e+02,-5.482189371364e+01,2.462426336304e+02,-1.485791308902e+02,2.695822137091e+02,-3.600874489386e+01,1.000000000000e+00,1.785578422563
940,16096,5894531250.000000,-5.482189371364e+01,2.741094685682e+02,4.277735894080e+01,2.844488728693e+02,-6.448474369974e+01,2.919841394755e+02,1.000000000000e+00,1.763411610670
941,16097,5894897460.937500,5.482189371364e+01,-3.837532559955e+02,-8.157646970081e+01,-3.905383587370e+02,5.150398235361e+01,-3.690739842363e+02,1.000000000000e+00,1.741240099744
942,16098,5895263671.875000,5.482189371364e+01,-5.482189371364e+01,3.369927824299e+01,-7.232626621472e+01,4.809229895596e+01,-3.828031207561e+01,1.000000000000e+00,1.719063769957
943,16099,5895629882.812500,-2.741094685682e+02,-2.741094685682e+02,-3.618829643465e+02,-1.678611372103e+02,-2.810700468270e+02,-2.622228105750e+02,1.000000000000e+00,1.696882501404
944,16100,5895996093.750000,3.837532559955e+02,5.482189371364e+01,3.900421423923e+02,-8.349968735902e+01,3.772757693736e+02,7.478534158592e+01,1.000000000000e+00,1.674696174104
945,16101,5896362304.687500,2.741094685682e+02,-2.741094685682e+02,1.667804976276e+02,-3.624667620711e+02,2.699793726501e+02,-2.573416894354e+02,1.000000000000e+00,1.652504668003
946,16102,5896728515.625000,2.741094685682e+02,2.741094685682e+02,3.628004171739e+02,1.663369450310e+02,2.642265495396e+02,2.942686684895e+02,1.000000000000e+00,1.630307862975
947,16103,5897094726.562500,-3.837532559955e+02,-2.741094685682e+02,-4.690118090374e+02,-1.263269720634e+02,-3.927555959639e+02,-2.646259719329e+02,1.000000000000e+00,1.608105638827
948,16104,5897460937.500000,3.837532559955e+02,-1.644656811409e+02,3.105631342307e+02,-2.978184200816e+02,3.787563078011e+02,-1.469115379640e+02,1.000000000000e+00,1.585897875298
949,16105,5897827148.437500,2.741094685682e+02,-1.644656811409e+02,2.042921872810e+02,-2.587105624893e+02,2.680437283259e+02,-1.484960397576e+02,1.000000000000e+00,1.563684452066
950,16106,5898193359.375000,5.482189371364e+01,2.741094685682e+02,1.532591739626e+02,2.440786465523e+02,4.268322219477e+01,2.914452658928e+02,1.000000000000e+00,1.541465248745
951,16107,5898559570.312500,1.644656811409e+02,2.741094685682e+02,2.587478812991e+02,2.036277605600e+02,1.523952364708e+02,2.921680973375e+02,1.000000000000e+00,1.519240144893
952,16108,5898925781.250000,5.482189371364e+01,1.644656811409e+02,1.129672172040e+02,1.380747055335e+02,4.259918295636e+01,1.802663448920e+02,1.000000000000e+00,1.497009020012
953,16109,5899291992.187500,2.741094685682e+02,-1.644656811409e+02,2.029178555101e+02,-2.588369849801e+02,2.668234069006e+02,-1.482279382534e+02,1.000000000000e+00,1.474771753552
954,16110,5899658203.125000,3.837532559955e+02,2.741094685682e+02,4.697906064479e+02,1.214228155851e+02,3.716420339261e+02,2.939087374875e+02,1.000000000000e+00,1.452528224911
955,16111,5900024414.062500,5.482189371364e+01,-5.482189371364e+01,3.225407663509e+01,-7.296317793292e+01,4.441203803179e+01,-4.112457573697e+01,1.000000000000e+00,1.430278313442
956,16112,5900390625.000000,-3.837532559955e+02,3.837532559955e+02,-2.247867108804e+02,5.113207241848e+02,-4.020421877901e+02,3.949194164158e+02,1.000000000000e+00,1.408021898452
957,16113,5900756835.937500,3.837532559955e+02,-5.482189371364e+01,3.472665796540e+02,-1.966012767141e+02,3.749481505283e+02,-3.817658299517e+01,1.000000000000e+00,1.385758859210
958,16114,5901123046.875000,1.644656811409e+02,-3.837532559955e+02,1.287933405670e+01,-4.296843830167e+02,1.576041935707e+02,-3.719421378212e+02,1.000000000000e+00,1.363489074944
959,16115,5901489257.812500,2.741094685682e+02,5.482189371364e+01,2.832734975285e+02,-5.110145187234e+01,2.630088199761e+02,7.061069800075e+01,1.000000000000e+00,1.341212424849
960,16116,5901855468.750000,1.644656811409e+02,3.837532559955e+02,3.029054750364e+02,3.051484700409e+02,1.484072710783e+02,4.003402275801e+02,1.000000000000e+00,1.318928788087
961,16117,5902221679.687500,-2.741094685682e+02,-5.482189371364e+01,-2.830186589761e+02,5.178687504765e+01,-2.878665239838e+02,-4.679419748991e+01,1.000000000000e+00,1.296638043795
962,16118,5902587890.625000,-3.837532559955e+02,-1.644656811409e+02,-4.291847506910e+02,-1.054431490457e+01,-3.967453020219e+02,-1.584474075194e+02,1.000000000000e+00,1.274340071081
963,16119,5902954101.562500,2.741094685682e+02,-1.644656811409e+02,1.982347892430e+02,-2.617994851280e+02,2.640554514025e+02,-1.509216110371e+02,1.000000000000e+00,1.252034749035
964,16120,5903320312.500000,3.837532559955e+02,2.741094685682e+02,4.711521672047e+02,1.134346561911e+02,3.691293602560e+02,2.905306137245e+02,1.000000000000e+00,1.229721956728
965,16121,5903686523.437500,1.644656811409e+02,-1.644656811409e+02,9.306594178799e+01,-2.202779138388e+02,1.536883812841e+02,-1.529466434377e+02,1.000000000000e+00,1.207401573217
966,16122,5904052734.375000,-2.741094685682e+02,-3.837532559955e+02,-4.101718124339e+02,-2.589969246203e+02,-2.850114573567e+02,-3.787472541262e+02,1.000000000000e+00,1.185073477547
967,16123,5904418945.312500,-2.741094685682e+02,2.741094685682e+02,-1.539873414935e+02,3.680035189140e+02,-2.925522392337e+02,2.826751011915e+02,1.000000000000e+00,1.162737548761
968,16124,5904785156.250000,1.644656811409e+02,5.482189371364e+01,1.780549025766e+02,-1.232506070699e+01,1.510058214260e+02,6.653070847275e+01,1.000000000000e+00,1.140393665894
969,16125,5905151367.187500,-2.741094685682e+02,3.837532559955e+02,-1.097803671056e+02,4.728499119663e+02,-2.941370012219e+02,3.924332843588e+02,1.000000000000e+00,1.118041707985
970,16126,5905517578.125000,-5.482189371364e+01,-2.741094685682e+02,-1.599277111874e+02,-2.388201255048e+02,-6.604065986854e+01,-2.672224024643e+02,1.000000000000e+00,1.095681554080
971,16127,5905883789.062500,1.644656811409e+02,-3.837532559955e+02,5.002346573222e+00,-4.287911648665e+02,1.557605640187e+02,-3.745400424038e+02,1.000000000000e+00,1.073313083230
972,16128,5906250000.000000,-1.644656811409e+02,-3.837532559955e+02,-3.073185107333e+02,-2.992410993552e+02,-1.743179614572e+02,-3.793696733303e+02,1.000000000000e+00,1.050936174506
973,16129,5906616210.937500,2.741094685682e+02,-1.644656811409e+02,1.952347955728e+02,-2.644568646333e+02,2.634111959450e+02,-1.532605287499e+02,1.000000000000e+00,1.028550706991
974,16130,5906982421.875000,-3.837532559955e+02,-1.644656811409e+02,-4.297064625550e+02,-4.226434274792e+00,-3.982118672746e+02,-1.638013909769e+02,1.000000000000e+00,1.006156559796
975,16131,5907348632.812500,-3.837532559955e+02,2.741094685682e+02,-2.552109146453e+02,4.129053975469e+02,-4.050960706113e+02,2.773183919612e+02,1.000000000000e+00,0.983753612057
976,16132,5907714843.750000,-3.837532559955e+02,3.837532559955e+02,-2.105748462146e+02,5.173908879392e+02,-4.066817068803e+02,3.874987219145e+02,1.000000000000e+00,0.961341742942
977,16133,5908081054.687500,1.644656811409e+02,-3.837532559955e+02,1.828091456985e+00,-4.297543040299e+02,1.561490067918e+02,-3.770169677038e+02,1.000000000000e+00,0.938920831655
978,16134,5908447265.625000,-5.482189371364e+01,-2.741094685682e+02,-1.623108508729e+02,-2.376794360014e+02,-6.609449713757e+01,-2.702882667537e+02,1.000000000000e+00,0.916490757445
979,16135,5908813476.562500,-2.741094685682e+02,-1.644656811409e+02,-3.261040108632e+02,-4.513635769908e+01,-2.885217561175e+02,-1.636538400773e+02,1.000000000000e+00,0.894051399606
980,16136,5909179687.500000,2.741094685682e+02,-5.482189371364e+01,2.373293077011e+02,-1.629095469823e+02,2.616662994564e+02,-4.517596636910e+01,1.000000000000e+00,0.871602637482
981,16137,5909545898.437500,2.741094685682e+02,-2.741094685682e+02,1.479229917831e+02,-3.705791113240e+02,2.648696899739e+02,-2.661237327637e+02,1.000000000000e+00,0.849144350478
982,16138,5909912109.375000,3.837532559955e+02,5.482189371364e+01,3.848908015572e+02,-1.045184726398e+02,3.699164286837e+02,6.619069132009e+01,1.000000000000e+00,0.826676418060
983,16139,5910278320.312500,-5.482189371364e+01,5.482189371364e+01,-2.931517330302e+01,7.415817548124e+01,-7.117494191097e+01,5.914277661293e+01,1.000000000000e+00,0.804198719762
984,16140,5910644531.250000,2.741094685682e+02,-1.644656811409e+02,1.908290307433e+02,-2.676388941027e+02,2.626291400582e+02,-1.568898709417e+02,1.000000000000e+00,0.781711135191
985,16141,5911010742.187500,1.644656811409e+02,-2.741094685682e+02,4.176880043478e+01,-3.259651203733e+02,1.537573387631e+02,-2.690249118954e+02,1.000000000000e+00,0.759213544036
986,16142,5911376953.125000,2.741094685682e+02,1.644656811409e+02,3.261946312822e+02,4.142021331455e+01,2.580598652638e+02,1.730980920603e+02,1.000000000000e+00,0.736705826070
987,16143,5911743164.062500,-3.837532559955e+02,5.482189371364e+01,-3.386297878659e+02,2.109630083613e+02,-4.021709688203e+02,5.331316648506e+01,1.000000000000e+00,0.714187861157
988,16144,5912109375.000000,3.837532559955e+02,2.741094685682e+02,4.754551070256e+02,9.831006928936e+01,3.669763320597e+02,2.847004646164e+02,1.000000000000e+00,0.691659529260
989,16145,5912475585.937500,2.741094685682e+02,2.741094685682e+02,3.722513590249e+02,1.435485581875e+02,2.564571017693e+02,2.828279012433e+02,1.000000000000e+00,0.669120710445
990,16146,5912841796.875000,1.644656811409e+02,-5.482189371364e+01,1.317109218815e+02,-1.202861920199e+02,1.509998130178e+02,-4.996889578605e+01,1.000000000000e+00,0.646571284890
991,16147,5913208007.812500,-1.644656811409e+02,1.644656811409e+02,-8.549186896639e+01,2.235138948267e+02,-1.830754856665e+02,1.653739761589e+02,1.000000000000e+00,0.624011132888
992,16148,5913574218.750000,-2.741094685682e+02,-5.482189371364e+01,-2.804146341067e+02,6.417399375130e+01,-2.901973353044e+02,-5.684431023321e+01,1.000000000000e+00,0.601440134857
993,16149,5913940429.687500,1.644656811409e+02,-1.644656811409e+02,8.449547895187e+01,-2.239889784509e+02,1.524333761020e+02,-1.615927232714e+02,1.000000000000e+00,0.578858171346
994,16150,5914306640.625000,1.644656811409e+02,1.644656811409e+02,2.238754484780e+02,8.434507771911e+01,1.480140766493e+02,1.691240829776e+02,1.000000000000e+00,0.556265123040
995,16151,5914672851.562500,-2.741094685682e+02,-3.837532559955e+02,-4.193004253233e+02,-2.430894418636e+02,-2.847337985672e+02,-3.884188907219e+02,1.000000000000e+00,0.533660870770
996,16152,5915039062.500000,2.741094685682e+02,-2.741094685682e+02,1.402492246617e+02,-3.725769690448e+02,2.645502664480e+02,-2.698788043469e+02,1.000000000000e+00,0.511045295520
997,16153,5915405273.437500,-5.482189371364e+01,5.482189371364e+01,-2.792786588834e+01,7.456021456416e+01,-7.083110827034e+01,5.483177992378e+01,1.000000000000e+00,0.488418278432
998,16154,5915771484.375000,2.741094685682e+02,-1.644656811409e+02,1.858281200172e+02,-2.706135613112e+02,2.628089380740e+02,-1.605629589499e+02,1.000000000000e+00,0.465779700816
999,16155,5916137695.312500,-3.837532559955e+02,3.837532559955e+02,-1.941085132520e+02,5.226286619168e+02,-4.060530618054e+02,3.795987206568e+02,1.000000000000e+00,0.443129444158
1000,16156,5916503906.250000,2.741094685682e+02,-5.482189371364e+01,2.326654049763e+02,-1.687518950265e+02,2.616870075043e+02,-5.081510212012e+01,1.000000000000e+00,0.420467390124
1001,16157,5916870117.187500,5.482189371364e+01,2.741094685682e+02,1.689798072654e+02,2.328188965939e+02,3.581657599425e+01,2.762663538228e+02,1.000000000000e+00,0.397793420574
1002,16158,5917236328.125000,2.741094685682e+02,1.644656811409e+02,3.269884548669e+02,3.586019305349e+01,2.582958626608e+02,1.695805545575e+02,1.000000000000e+00,0.375107417567
1003,16159,5917602539.062500,3.837532559955e+02,5.482189371364e+01,3.819895411496e+02,-1.141050547763e+02,3.703711116489e+02,6.100877793687e+01,1.000000000000e+00,0.352409263369
1004,16160,5917968750.000000,3.837532559955e+02,2.741094685682e+02,4.762480050922e+02,9.015704619557e+01,3.662750823608e+02,2.811161295974e+02,1.000000000000e+00,0.329698840464
1005,16161,5918334960.937500,5.482189371364e+01,1.644656811409e+02,1.221767021037e+02,1.297285134548e+02,3.777693381311e+01,1.648382936449e+02,1.000000000000e+00,0.306976031559
1006,16162,5918701171.875000,3.837532559955e+02,2.741094685682e+02,4.764892696408e+02,8.970958818792e+01,3.662340619719e+02,2.812259762249e+02,1.000000000000e+00,0.284240719597
1007,16163,5919067382.812500,2.741094685682e+02,3.837532559955e+02,4.218399425815e+02,2.391637990688e+02,2.538619143189e+02,3.892458640445e+02,1.000000000000e+00,0.261492787764
1008,16164,5919433593.750000,1.644656811409e+02,1.644656811409e+02,2.246748817659e+02,8.184556902344e+01,1.481335410598e+02,1.663712490290e+02,1.000000000000e+00,0.238732119499
1009,16165,5919799804.687500,1.644656811409e+02,1.644656811409e+02,2.247382942818e+02,8.154440002420e+01,1.482522725363e+02,1.660888998269e+02,1.000000000000e+00,0.215958598503
1010,16166,5920166015.625000,-3.837532559955e+02,3.837532559955e+02,-1.898204846450e+02,5.245469266251e+02,-4.068353263477e+02,3.753478768411e+02,1.000000000000e+00,0.193172108749
1011,16167,5920532226.562500,5.482189371364e+01,5.482189371364e+01,7.495956292750e+01,2.709653132002e+01,4.044659887859e+01,5.340070940768e+01,1.000000000000e+00,0.170372534493
1012,16168,5920898437.500000,-3.837532559955e+02,-3.837532559955e+02,-5.248869927516e+02,-1.895308858793e+02,-3.908982662047e+02,-3.969406110249e+02,1.000000000000e+00,0.147559760280
1013,16169,5921264648.437500,2.741094685682e+02,-2.741094685682e+02,1.346088192487e+02,-3.752204323229e+02,2.678627912629e+02,-2.731924609398e+02,1.000000000000e+00,0.124733670960
1014,16170,5921630859.375000,-2.741094685682e+02,-2.741094685682e+02,-3.755881549332e+02,-1.335816449519e+02,-2.835294611441e+02,-2.840962517803e+02,1.000000000000e+00,0.101894151695
1015,16171,5921997070.312500,-5.482189371364e+01,1.644656811409e+02,2.216922945181e+01,1.768919416031e+02,-7.086059190539e+01,1.607606495119e+02,1.000000000000e+00,0.079041087970
1016,16172,5922363281.250000,3.837532559955e+02,-5.482189371364e+01,3.316473288552e+02,-2.208051075756e+02,3.737729766759e+02,-5.164778336800e+01,1.000000000000e+00,0.056174365604
1017,16173,5922729492.187500,-1.644656811409e+02,-1.644656811409e+02,-2.251836908826e+02,-7.987571115575e+01,-1.743740940633e+02,-1.725961084247e+02,1.000000000000e+00,0.033293870761
1018,16174,5923095703.125000,-1.644656811409e+02,-5.482189371364e+01,-1.767529677550e+02,2.177378975952e+01,-1.764446476078e+02,-6.288051645232e+01,1.000000000000e+00,0.010399489963
1019,16175,5923461914.062500,1.644656811409e+02,3.837532559955e+02,3.230273608454e+02,2.831248570276e+02,1.448864006929e+02,3.850302370398e+02,1.000000000000e+00,-0.012508889901
1020,16176,5923828125.000000,2.741094685682e+02,-3.837532559955e+02,8.320855736018e+01,-4.787385659616e+02,2.716497855148e+02,-3.854828817344e+02,1.000000000000e+00,-0.035431381564
1021,16177,5924194335.937500,2.741094685682e+02,5.482189371364e+01,2.790236089966e+02,-7.176627706374e+01,2.629839029180e+02,5.607991186334e+01,1.000000000000e+00,-0.058368097366
1022,16178,5924560546.875000,-1.644656811409e+02,5.482189371364e+01,-1.280380973440e+02,1.244153503263e+02,-1.786017699698e+02,4.685504707411e+01,1.000000000000e+00,-0.081319149242
1023,16179,5924926757.812500,1.644656811409e+02,-5.482189371364e+01,1.279146781936e+02,-1.243338728175e+02,1.548747834858e+02,-5.657053214226e+01,1.000000000000e+00,-0.104284648715
1024,16180,5925292968.750000,5.482189371364e+01,-3.837532559955e+02,-1.210057781554e+02,-3.800147831709e+02,5.200232903730e+01,-3.898652353275e+02,1.000000000000e+00,-0.127264706877
1025,16181,5925659179.687500,2.741094685682e+02,3.837532559955e+02,4.258970338671e+02,2.324033005970e+02,2.557666369891e+02,3.866367529852e+02,1.000000000000e+00,-0.150259434380
1026,16182,5926025390.625000,-2.741094685682e+02,5.482189371364e+01,-2.290733478582e+02,1.738861641188e+02,-2.881096921098e+02,4.362697235515e+01,1.000000000000e+00,-0.173268941421
1027,16183,5926391601.562500,2.741094685682e+02,-3.837532559955e+02,8.083437431308e+01,-4.785345548653e+02,2.730564314617e+02,-3.855792886109e+02,1.000000000000e+00,-0.196293337732
1028,16184,5926757812.500000,-1.644656811409e+02,-3.837532559955e+02,-3.253627168807e+02,-2.807818835851e+02,-1.680350399559e+02,-3.954062357599e+02,1.000000000000e+00,-0.219332732564
1029,16185,5927124023.437500,1.644656811409e+02,5.482189371364e+01,1.768697072355e+02,-2.363116218256e+01,1.535053166521e+02,5.293705832470e+01,1.000000000000e+00,-0.242387234672
1030,16186,5927490234.375000,5.482189371364e+01,3.837532559955e+02,2.239633583409e+02,3.299041848149e+02,3.575337496631e+01,3.811280672601e+02,1.000000000000e+00,-0.265456952306
1031,16187,5927856445.312500,5.482189371364e+01,5.482189371364e+01,7.537116979354e+01,2.589665169414e+01,4.335431287346e+01,5.031739858634e+01,1.000000000000e+00,-0.288541993194
1032,16188,5928222656.250000,-3.837532559955e+02,5.482189371364e+01,-3.293109055215e+02,2.241312317696e+02,-3.969743747855e+02,3.996364755269e+01,1.000000000000e+00,-0.311642464527
1033,16189,5928588867.187500,3.837532559955e+02,1.644656811409e+02,4.283809871641e+02,-2.268037944298e+01,3.716995376135e+02,1.673206660961e+02,1.000000000000e+00,-0.334758472946
1034,16190,5928955078.125000,2.741094685682e+02,-2.741094685682e+02,1.273607201936e+02,-3.773363464458e+02,2.709816725000e+02,-2.759845388948e+02,1.000000000000e+00,-0.357890124527
1035,16191,5929321289.062500,-2.741094685682e+02,5.482189371364e+01,-2.275478855780e+02,1.753017804896e+02,-2.862950639143e+02,4.250850235751e+01,1.000000000000e+00,-0.381037524765
1036,16192,5929687500.000000,-5.482189371364e+01,-3.837532559955e+02,-2.248660886193e+02,-3.289194022140e+02,-5.537935399635e+01,-3.933977949864e+02,1.000000000000e+00,-0.404200778562
1037,16193,5930053710.937500,-5.482189371364e+01,-2.741094685682e+02,-1.749234518309e+02,-2.280281978976e+02,-5.746424240991e+01,-2.834796476829e+02,1.000000000000e+00,-0.427379990209
1038,16194,5930419921.875000,5.482189371364e+01,-5.482189371364e+01,2.557880722188e+01,-7.551806813931e+01,4.717728967433e+01,-6.046883139127e+01,1.000000000000e+00,-0.450575263370
1039,16195,5930786132.812500,-5.482189371364e+01,-1.644656811409e+02,-1.257285568173e+02,-1.264814193888e+02,-6.038049314653e+01,-1.734412495127e+02,1.000000000000e+00,-0.473786701066
1040,16196,5931152343.750000,-2.741094685682e+02,-1.644656811409e+02,-3.277627060101e+02,-2.574576316006e+01,-2.807718260533e+02,-1.784276210606e+02,1.000000000000e+00,-0.497014405663
1041,16197,5931518554.687500,5.482189371364e+01,2.741094685682e+02,1.761355366835e+02,2.268913288458e+02,4.004521218388e+01,2.696195792366e+02,1.000000000000e+00,-0.520258478852
1042,16198,5931884765.625000,5.482189371364e+01,-2.741094685682e+02,-7.544270890292e+01,-2.768706328682e+02,5.256414063348e+01,-2.807882494799e+02,1.000000000000e+00,-0.543519021631
1043,16199,5932250976.562500,5.482189371364e+01,5.482189371364e+01,7.554295718112e+01,2.517160430010e+01,4.529397793434e+01,4.924603158418e+01,1.000000000000e+00,-0.566796134293
1044,16200,5932617187.500000,-5.482189371364e+01,1.644656811409e+02,2.525830796175e+01,1.764468946710e+02,-6.726380470598e+01,1.569039783607e+02,1.000000000000e+00,-0.590089916406
1045,16201,5932983398.437500,-1.644656811409e+02,-2.741094685682e+02,-2.776711439341e+02,-1.765198398906e+02,-1.671168608937e+02,-2.868243710647e+02,1.000000000000e+00,-0.613400466796
1046,16202,5933349609.375000,3.837532559955e+02,-5.482189371364e+01,3.275982092615e+02,-2.272629767073e+02,3.790639304914e+02,-5.315232610679e+01,1.000000000000e+00,-0.636727883529
1047,16203,5933715820.312500,2.741094685682e+02,2.741094685682e+02,3.781176576053e+02,1.254226375116e+02,2.609086358391e+02,2.746388007839e+02,1.000000000000e+00,-0.660072263896
1048,16204,5934082031.250000,2.741094685682e+02,5.482189371364e+01,2.768265703590e+02,-7.600081790770e+01,2.660752931530e+02,5.437865100088e+01,1.000000000000e+00,-0.683433704393
1049,16205,5934448242.187500,5.482189371364e+01,2.741094685682e+02,1.764013814984e+02,2.263784674762e+02,4.044131781884e+01,2.691386440010e+02,1.000000000000e+00,-0.706812300702
1050,16206,5934814453.125000,1.644656811409e+02,-1.644656811409e+02,7.546477064665e+01,-2.264862544273e+02,1.619324960043e+02,-1.679199838380e+02,1.000000000000e+00,-0.730208147674
1051,16207,5935180664.062500,1.644656811409e+02,-5.482189371364e+01,1.257832965109e+02,-1.258826610959e+02,1.591666575229e+02,-5.793222479536e+01,1.000000000000e+00,-0.753621339312
1052,16208,5935546875.000000,-5.482189371364e+01,-5.482189371364e+01,-7.557980562753e+01,-2.504612290007e+01,-6.076542878399e+01,-6.384930386234e+01,1.000000000000e+00,-0.777051968748
1053,16209,5935913085.937500,1.644656811409e+02,-5.482189371364e+01,1.255604324053e+02,-1.263442668702e+02,1.595062053273e+02,-5.832946002239e+01,1.000000000000e+00,-0.800500128228
1054,16210,5936279296.875000,-2.741094685682e+02,-3.837532559955e+02,-4.292114015956e+02,-2.254841348810e+02,-2.725217733883e+02,-4.000383082228e+02,1.000000000000e+00,-0.823965909090
1055,16211,5936645507.812500,5.482189371364e+01,-3.837532559955e+02,-1.271834367236e+02,-3.779552634093e+02,5.844606260670e+01,-3.918411536879e+02,1.000000000000e+00,-0.847449401747
1056,16212,5937011718.750000,-1.644656811409e+02,-2.741094685682e+02,-2.780447663673e+02,-1.759462897232e+02,-1.646827481033e+02,-2.876680213126e+02,1.000000000000e+00,-0.870950695663
1057,16213,5937377929.687500,5.482189371364e+01,3.837532559955e+02,2.280107709155e+02,3.273239381160e+02,3.822921535846e+01,3.799494446258e+02,1.000000000000e+00,-0.894469879340
1058,16214,5937744140.625000,3.837532559955e+02,1.644656811409e+02,4.287005971011e+02,-2.661053055988e+01,3.749950258786e+02,1.682571454231e+02,1.000000000000e+00,-0.918007040289
1059,16215,5938110351.562500,1.644656811409e+02,2.741094685682e+02,2.779633454060e+02,1.756190946632e+02,1.515384193255e+02,2.725477693608e+02,1.000000000000e+00,-0.941562265018
1060,16216,5938476562.500000,-3.837532559955e+02,-5.482189371364e+01,-3.779183793470e+02,1.270180304439e+02,-3.903230575048e+02,-7.354185330089e+01,1.000000000000e+00,-0.965135639005
1061,16217,5938842773.437500,3.837532559955e+02,-2.741094685682e+02,2.261840975938e+02,-4.290237370777e+02,3.877341610590e+02,-2.716581851665e+02,1.000000000000e+00,-0.988727246681
1062,16218,5939208984.375000,3.837532559955e+02,-3.837532559955e+02,1.759792935886e+02,-5.295769431545e+02,3.914341047205e+02,-3.813736227848e+02,1.000000000000e+00,-1.012337171408
1063,16219,5939575195.312500,-5.482189371364e+01,-3.837532559955e+02,-2.268834599176e+02,-3.276440315483e+02,-4.873137052221e+01,-3.947845411938e+02,1.000000000000e+00,-1.035965495456
1064,16220,5939941406.250000,-3.837532559955e+02,3.837532559955e+02,-1.767788554216e+02,5.290837305471e+02,-4.037500564170e+02,3.653379422003e+02,1.000000000000e+00,-1.059612299985
1065,16221,5940307617.187500,-2.741094685682e+02,-2.741094685682e+02,-3.777949280454e+02,-1.260417579899e+02,-2.718846454229e+02,-2.916281214909e+02,1.000000000000e+00,-1.083277665019
1066,16222,5940673828.125000,5.482189371364e+01,-3.837532559955e+02,-1.260376816281e+02,-3.775755173433e+02,6.178999464082e+01,-3.908210675264e+02,1.000000000000e+00,-1.106961669429
1067,16223,5941040039.062500,-5.482189371364e+01,1.644656811409e+02,2.536172221718e+01,1.761158702907e+02,-6.559953391582e+01,1.557117212857e+02,1.000000000000e+00,-1.130664390904
1068,16224,5941406250.000000,-1.644656811409e+02,3.837532559955e+02,2.597575625469e+01,4.277274853177e+02,-1.821628125381e+02,3.722972859443e+02,1.000000000000e+00,-1.154385905938
1069,16225,5941772460.937500,1.644656811409e+02,-3.837532559955e+02,-2.630653607909e+01,-4.277043303114e+02,1.713500446939e+02,-3.874148638750e+02,1.000000000000e+00,-1.178126289799
1070,16226,5942138671.875000,2.741094685682e+02,3.837532559955e+02,4.285180344096e+02,2.251973528268e+02,2.582622106119e+02,3.857055936917e+02,1.000000000000e+00,-1.201885616510
1071,16227,5942504882.812500,-3.837532559955e+02,-3.837532559955e+02,-5.291746196952e+02,-1.747824686570e+02,-3.784463036529e+02,-4.042998679490e+02,1.000000000000e+00,-1.225663958828
1072,16228,5942871093.750000,2.741094685682e+02,3.837532559955e+02,4.287005853982e+02,2.256225949424e+02,2.583031023922e+02,3.862248666178e+02,1.000000000000e+00,-1.249461388217
1073,16229,5943237304.687500,-2.741094685682e+02,2.741094685682e+02,-1.246667667819e+02,3.781181447708e+02,-2.882998991243e+02,2.593660804930e+02,1.000000000000e+00,-1.273277974828
1074,16230,5943603515.625000,1.644656811409e+02,-1.644656811409e+02,7.443506913949e+01,-2.268679861426e+02,1.648995637060e+02,-1.677398334211e+02,1.000000000000e+00,-1.297113787471
1075,16231,5943969726.562500,-3.837532559955e+02,3.837532559955e+02,-1.728305783230e+02,5.293505410959e+02,-4.000731526620e+02,3.668574226710e+02,1.000000000000e+00,-1.320968893599
1076,16232,5944335937.500000,2.741094685682e+02,-5.482189371364e+01,2.255955511181e+02,-1.772023536844e+02,2.717998514424e+02,-5.456023737136e+01,1.000000000000e+00,-1.344843359277
1077,16233,5944702148.437500,-2.741094685682e+02,-5.482189371364e+01,-2.765842559566e+02,7.636873845288e+01,-2.779033375381e+02,-7.078456608619e+01,1.000000000000e+00,-1.368737249161
1078,16234,5945068359.375000,2.741094685682e+02,1.644656811409e+02,3.272609426028e+02,2.458021657699e+01,2.652259503598e+02,1.662486939277e+02,1.000000000000e+00,-1.392650626476
1079,16235,5945434570.312500,2.741094685682e+02,-5.482189371364e+01,2.262350466561e+02,-1.765872324997e+02,2.722610165229e+02,-5.373228607266e+01,1.000000000000e+00,-1.416583552988
1080,16236,5945800781.250000,3.837532559955e+02,5.482189371364e+01,3.773659099116e+02,-1.264780499619e+02,3.788441272988e+02,5.976910420499e+01,1.000000000000e+00,-1.440536088980
1081,16237,5946166992.187500,-5.482189371364e+01,3.837532559955e+02,1.261964735301e+02,3.774838264311e+02,-7.184215541673e+01,3.758000648904e+02,1.000000000000e+00,-1.464508293232
1082,16238,5946533203.125000,-1.644656811409e+02,2.741094685682e+02,-2.540562576169e+01,3.272628444114e+02,-1.786438018031e+02,2.619982904545e+02,1.000000000000e+00,-1.488500222991
1083,16239,5946899414.062500,-3.837532559955e+02,-1.644656811409e+02,-4.280807325348e+02,2.419974313890e+01,-3.834722429308e+02,-1.860797787148e+02,1.000000000000e+00,-1.512511933950
1084,16240,5947265625.000000,-1.644656811409e+02,-5.482189371364e+01,-1.762944554400e+02,2.471383398012e+01,-1.672478682369e+02,-6.830817214787e+01,1.000000000000e+00,-1.536543480219
1085,16241,5947631835.937500,2.741094685682e+02,2.741094685682e+02,3.772584121189e+02,1.267940521827e+02,2.611319927704e+02,2.772342212082e+02,1.000000000000e+00,-1.560594914306
1086,16242,5947998046.875000,-5.482189371364e+01,3.837532559955e+02,1.249513860444e+02,3.778040864111e+02,-7.253486535344e+01,3.755419848286e+02,1.000000000000e+00,-1.584666287086
1087,16243,5948364257.812500,-1.644656811409e+02,-3.837532559955e+02,-3.270500346306e+02,-2.773699266241e+02,-1.561861250892e+02,-3.981245989593e+02,1.000000000000e+00,-1.608757647779
1088,16244,5948730468.750000,2.741094685682e+02,-5.482189371364e+01,2.267518414184e+02,-1.763946493918e+02,2.730438647749e+02,-5.366342343566e+01,1.000000000000e+00,-1.632869043925
1089,16245,5949096679.687500,-1.644656811409e+02,-1.644656811409e+02,-2.268626405090e+02,-7.547118615315e+01,-1.639770032616e+02,-1.778427442237e+02,1.000000000000e+00,-1.657000521356
1090,16246,5949462890.625000,1.644656811409e+02,1.644656811409e+02,2.265756524446e+02,7.574909397384e+01,1.557793231333e+02,1.629905092547e+02,1.000000000000e+00,-1.681152124175
1091,16247,5949829101.562500,2.741094685682e+02,-2.741094685682e+02,1.267105302898e+02,-3.771472396756e+02,2.803212048111e+02,-2.730740727437e+02,1.000000000000e+00,-1.705323894725
1092,16248,5950195312.500000,1.644656811409e+02,-5.482189371364e+01,1.262649720807e+02,-1.253603468651e+02,1.630111045643e+02,-5.673049538690e+01,1.000000000000e+00,-1.729515873568
1093,16249,5950561523.437500,-2.741094685682e+02,-2.741094685682e+02,-3.771016889170e+02,-1.276270858263e+02,-2.690999613409e+02,-2.922918421940e+02,1.000000000000e+00,-1.753728099458
1094,16250,5950927734.375000,3.837532559955e+02,5.482189371364e+01,3.786247668474e+02,-1.238623819511e+02,3.795772162015e+02,6.143576312653e+01,1.000000000000e+00,-1.777960609314
1095,16251,5951293945.312500,3.837532559955e+02,2.741094685682e+02,4.783071350516e+02,7.855919800382e+01,3.716596946487e+02,2.817370909016e+02,1.000000000000e+00,-1.802213438196
1096,16252,5951660156.250000,5.482189371364e+01,-1.644656811409e+02,-2.401871102485e+01,-1.765662550015e+02,5.740032384479e+01,-1.707047588371e+02,1.000000000000e+00,-1.826486619279
1097,16253,5952026367.187500,3.837532559955e+02,-1.644656811409e+02,2.795541445828e+02,-3.256116716242e+02,3.877900650444e+02,-1.586516090427e+02,1.000000000000e+00,-1.850780183827
1098,16254,5952392578.125000,-1.644656811409e+02,-1.644656811409e+02,-2.261940474351e+02,-7.726458448570e+01,-1.627367871195e+02,-1.787285731020e+02,1.000000000000e+00,-1.875094161168
1099,16255,5952758789.062500,2.741094685682e+02,1.644656811409e+02,3.272726901558e+02,2.769031734325e+01,2.656340108862e+02,1.674350094126e+02,1.000000000000e+00,-1.899428578666
1100,16256,5953125000.000000,5.482189371364e+01,-1.644656811409e+02,-2.375857499015e+01,-1.764732290461e+02,5.744363295817e+01,-1.707026875713e+02,1.000000000000e+00,-1.923783461700
1101,16257,5953491210.937500,-3.837532559955e+02,-5.482189371364e+01,-3.786345216205e+02,1.224750732972e+02,-3.863964660836e+02,-7.669589002368e+01,1.000000000000e+00,-1.948158833634
1102,16258,5953857421.875000,5.482189371364e+01,-5.482189371364e+01,2.588896056508e+01,-7.521603180670e+01,5.351264225793e+01,-6.063166555892e+01,1.000000000000e+00,-1.972554715794
1103,16259,5954223632.812500,1.644656811409e+02,-1.644656811409e+02,7.782876593635e+01,-2.255802017571e+02,1.675302622959e+02,-1.664844877281e+02,1.000000000000e+00,-1.996971127441
1104,16260,5954589843.750000,-2.741094685682e+02,5.482189371364e+01,-2.283929708037e+02,1.735881034164e+02,-2.802738753020e+02,3.698698048815e+01,1.000000000000e+00,-2.021408085745
1105,16261,5954956054.687500,-5.482189371364e+01,-2.741094685682e+02,-1.734817125990e+02,-2.285703650962e+02,-4.809826310101e+01,-2.847597272417e+02,1.000000000000e+00,-2.045865605765
1106,16262,5955322265.625000,3.837532559955e+02,1.644656811409e+02,4.282477455629e+02,-1.998435334203e+01,3.755608582769e+02,1.713965914251e+02,1.000000000000e+00,-2.070343700414
1107,16263,5955688476.562500,-3.837532559955e+02,-1.644656811409e+02,-4.283872845808e+02,1.987954955657e+01,-3.823595878895e+02,-1.870496459427e+02,1.000000000000e+00,-2.094842380445
1108,16264,5956054687.500000,2.741094685682e+02,-1.644656811409e+02,1.798769830914e+02,-2.747621839557e+02,2.779172184759e+02,-1.629487341952e+02,1.000000000000e+00,-2.119361654418
1109,16265,5956420898.437500,3.837532559955e+02,2.741094685682e+02,4.771164768778e+02,8.269691102580e+01,3.712883962364e+02,2.816383143678e+02,1.000000000000e+00,-2.143901528677
1110,16266,5956787109.375000,-2.741094685682e+02,-1.644656811409e+02,-3.266056258617e+02,-3.075641508093e+01,-2.714815949346e+02,-1.837495950104e+02,1.000000000000e+00,-2.168462007329
1111,16267,5957153320.312500,-3.837532559955e+02,5.482189371364e+01,-3.311285253882e+02,2.203067209026e+02,-3.899715075809e+02,3.144164960966e+01,1.000000000000e+00,-2.193043092212
1112,16268,5957519531.250000,-5.482189371364e+01,-5.482189371364e+01,-7.498748767271e+01,-2.657132642838e+01,-5.587218368350e+01,-6.525924874344e+01,1.000000000000e+00,-2.217644782880
1113,16269,5957885742.187500,5.482189371364e+01,5.482189371364e+01,7.499047582656e+01,2.659890291927e+01,4.974395691081e+01,4.895411169024e+01,1.000000000000e+00,-2.242267076571
1114,16270,5958251953.125000,2.741094685682e+02,3.837532559955e+02,4.232102788446e+02,2.348951828452e+02,2.567136681695e+02,3.873504460316e+02,1.000000000000e+00,-2.266909968188
1115,16271,5958618164.062500,-3.837532559955e+02,-1.644656811409e+02,-4.282208796577e+02,1.631758032086e+01,-3.812708793387e+02,-1.883498844452e+02,1.000000000000e+00,-2.291573450270
1116,16272,5958984375.000000,5.482189371364e+01,-3.837532559955e+02,-1.176666745485e+02,-3.800988071093e+02,6.723234211949e+01,-3.909782978418e+02,1.000000000000e+00,-2.316257512976
1117,16273,5959350585.937500,1.644656811409e+02,-3.837532559955e+02,-1.618259819803e+01,-4.282974549446e+02,1.767348242183e+02,-3.869936246776e+02,1.000000000000e+00,-2.340962144053
1118,16274,5959716796.875000,-5.482189371364e+01,3.837532559955e+02,1.181392582584e+02,3.800646655473e+02,-7.193657693973e+01,3.744692003046e+02,1.000000000000e+00,-2.365687328823
1119,16275,5960083007.812500,-3.837532559955e+02,-3.837532559955e+02,-5.250593035551e+02,-1.867564658802e+02,-3.741648081843e+02,-4.071869927865e+02,1.000000000000e+00,-2.390433050149
1120,16276,5960449218.750000,5.482189371364e+01,-3.837532559955e+02,-1.182011792707e+02,-3.801750215660e+02,6.571977383778e+01,-3.917684716554e+02,1.000000000000e+00,-2.415199288423
1121,16277,5960815429.687500,3.837532559955e+02,-3.837532559955e+02,1.871669880448e+02,-5.251107084367e+02,3.957148694417e+02,-3.806069874916e+02,1.000000000000e+00,-2.439986021536
1122,16278,5961181640.625000,-1.644656811409e+02,1.644656811409e+02,-8.050701702322e+01,2.249461614439e+02,-1.734117903590e+02,1.506155449416e+02,1.000000000000e+00,-2.464793224863
1123,16279,5961547851.562500,-3.837532559955e+02,2.741094685682e+02,-2.369241556817e+02,4.224575493113e+02,-3.975605303771e+02,2.523870264263e+02,1.000000000000e+00,-2.489620871234
1124,16280,5961914062.500000,-5.482189371364e+01,5.482189371364e+01,-2.716886423044e+01,7.483755200297e+01,-5.954819987648e+01,4.408075678805e+01,1.000000000000e+00,-2.514468930919
1125,16281,5962280273.437500,5.482189371364e+01,5.482189371364e+01,7.476277020282e+01,2.728649006855e+01,5.045960485097e+01,4.813873599395e+01,1.000000000000e+00,-2.539337371608
1126,16282,5962646484.375000,1.644656811409e+02,-3.837532559955e+02,-1.242934510395e+01,-4.282141220178e+02,1.773778900330e+02,-3.873166252456e+02,1.000000000000e+00,-2.564226158383
1127,16283,5963012695.312500,2.741094685682e+02,3.837532559955e+02,4.201967262680e+02,2.395544435767e+02,2.573074568034e+02,3.861838702412e+02,1.000000000000e+00,-2.589135253707
1128,16284,5963378906.250000,-3.837532559955e+02,-2.741094685682e+02,-4.752908617018e+02,-9.069171708122e+01,-3.762084331665e+02,-2.988474833783e+02,1.000000000000e+00,-2.614064617399
1129,16285,5963745117.187500,-2.741094685682e+02,5.482189371364e+01,-2.321081523206e+02,1.686649960286e+02,-2.791178726425e+02,3.516815718553e+01,1.000000000000e+00,-2.639014206617
1130,16286,5964111328.125000,-3.837532559955e+02,1.644656811409e+02,-2.876209609493e+02,3.177289363557e+02,-3.932119252142e+02,1.409300089018e+02,1.000000000000e+00,-2.663983975840
1131,16287,5964477539.062500,1.644656811409e+02,1.644656811409e+02,2.236449793278e+02,8.321980067431e+01,1.565820189670e+02,1.617541531130e+02,1.000000000000e+00,-2.688973876849
1132,16288,5964843750.000000,1.644656811409e+02,3.837532559955e+02,3.167945794615e+02,2.879710287016e+02,1.482339183961e+02,3.812562187080e+02,1.000000000000e+00,-2.713983858708
1133,16289,5965209960.937500,2.741094685682e+02,2.741094685682e+02,3.721447160043e+02,1.399375228885e+02,2.620373526241e+02,2.759181216645e+02,1.000000000000e+00,-2.739013867751
1134,16290,5965576171.875000,1.644656811409e+02,-1.644656811409e+02,8.479290360827e+01,-2.231712073566e+02,1.700469049821e+02,-1.676499554922e+02,1.000000000000e+00,-2.764063847561
1135,16291,5965942382.812500,5.482189371364e+01,1.644656811409e+02,1.201605362522e+02,1.314331863516e+02,4.614250745801e+01,1.577410549022e+02,1.000000000000e+00,-2.789133738957
1136,16292,5966308593.750000,-3.837532559955e+02,3.837532559955e+02,-1.988475471916e+02,5.209037836649e+02,-4.023824015944e+02,3.596606632243e+02,1.000000000000e+00,-2.814223479977
1137,16293,5966674804.687500,5.482189371364e+01,5.482189371364e+01,7.449769261811e+01,2.819540639988e+01,5.158250786834e+01,4.721396782008e+01,1.000000000000e+00,-2.839333005866
1138,16294,5967041015.625000,-5.482189371364e+01,-5.482189371364e+01,-7.455547564242e+01,-2.803703362944e+01,-5.452052945330e+01,-6.678613997708e+01,1.000000000000e+00,-2.864462249057
1139,16295,5967407226.562500,1.644656811409e+02,-3.837532559955e+02,-7.334517028638e+00,-4.286923970757e+02,1.776033433922e+02,-3.891194191878e+02,1.000000000000e+00,-2.889611139162
1140,16296,5967773437.500000,-3.837532559955e+02,5.482189371364e+01,-3.370933748736e+02,2.114313492600e+02,-3.880504396911e+02,3.018586988188e+01,1.000000000000e+00,-2.914779602956
1141,16297,5968139648.437500,2.741094685682e+02,-1.644656811409e+02,1.892147254199e+02,-2.680373120416e+02,2.803821101920e+02,-1.641595917109e+02,1.000000000000e+00,-2.939967564367
1142,16298,5968505859.375000,3.837532559955e+02,2.741094685682e+02,4.740726777024e+02,9.877128335685e+01,3.733292920437e+02,2.798281771984e+02,1.000000000000e+00,-2.965174944461
1143,16299,5968872070.312500,-3.837532559955e+02,5.482189371364e+01,-3.382703383782e+02,2.101495441015e+02,-3.880252608247e+02,2.985988794642e+01,1.000000000000e+00,-2.990401661438
1144,16300,5969238281.250000,-3.837532559955e+02,5.482189371364e+01,-3.382438136408e+02,2.098549835226e+02,-3.876981517305e+02,3.006451627153e+01,1.000000000000e+00,-3.015647630611
1145,16301,5969604492.187500,-1.644656811409e+02,3.837532559955e+02,3.449777523950e+00,4.283062073137e+02,-1.795699564585e+02,3.681262227210e+02,1.000000000000e+00,-3.040912764408
1146,16302,5969970703.125000,2.741094685682e+02,3.837532559955e+02,4.150588146754e+02,2.477055217201e+02,2.602711697666e+02,3.837021968746e+02,1.000000000000e+00,-3.066196972354
1147,16303,5970336914.062500,3.837532559955e+02,-2.741094685682e+02,2.484102479834e+02,-4.151252215408e+02,3.942298694880e+02,-2.715103795759e+02,1.000000000000e+00,-3.091500161070
1148,16304,5970703125.000000,-5.482189371364e+01,-2.741094685682e+02,-1.638424821884e+02,-2.356963907609e+02,-4.530644737094e+01,-2.875923949485e+02,1.000000000000e+00,-3.116822234261
1149,16305,5971069335.937500,1.644656811409e+02,-5.482189371364e+01,1.327327388124e+02,-1.188361586894e+02,1.671446149925e+02,-5.981190848664e+01,1.000000000000e+00,3.141022214468
1150,16306,5971435546.875000,-2.741094685682e+02,-5.482189371364e+01,-2.809955840587e+02,5.928967149686e+01,-2.728855599177e+02,-7.606427828711e+01,1.000000000000e+00,3.115662672901
1151,16307,5971801757.812500,-1.644656811409e+02,-5.482189371364e+01,-1.774725719894e+02,1.431272303645e+01,-1.625373457558e+02,-7.224894042095e+01,1.000000000000e+00,3.090284553288
1152,16308,5972167968.750000,1.644656811409e+02,1.644656811409e+02,2.212493705711e+02,8.966074022004e+01,1.588847324089e+02,1.605643090823e+02,1.000000000000e+00,3.064887963640
1153,16309,5972534179.687500,1.644656811409e+02,-2.741094685682e+02,4.586337977522e+01,-3.245389931729e+02,1.758870787453e+02,-2.791787730994e+02,1.000000000000e+00,3.039473014901
1154,16310,5972900390.625000,-3.837532559955e+02,-2.741094685682e+02,-4.713494068005e+02,-1.056823682642e+02,-3.730811137244e+02,-2.995006520936e+02,1.000000000000e+00,3.014039820959
1155,16311,5973266601.562500,-5.482189371364e+01,-1.644656811409e+02,-1.172153313553e+02,-1.334693349686e+02,-4.795763610432e+01,-1.776385027627e+02,1.000000000000e+00,2.988588498642
1156,16312,5973632812.500000,-2.741094685682e+02,2.741094685682e+02,-1.501990216623e+02,3.680678216443e+02,-2.833377425090e+02,2.538100423891e+02,1.000000000000e+00,2.963119167721
1157,16313,5973999023.437500,2.741094685682e+02,1.644656811409e+02,3.247231505328e+02,4.689312038670e+01,2.703872085671e+02,1.634791526991e+02,1.000000000000e+00,2.937631950909
1158,16314,5974365234.375000,-2.741094685682e+02,-3.837532559955e+02,-4.112136845114e+02,-2.555701904265e+02,-2.596673696056e+02,-4.059462115805e+02,1.000000000000e+00,2.912126973859
1159,16315,5974731445.312500,5.482189371364e+01,-2.741094685682e+02,-5.549185316360e+01,-2.816502909713e+02,6.676180381645e+01,-2.841493803418e+02,1.000000000000e+00,2.886604365161
1160,16316,5975097656.250000,-2.741094685682e+02,3.837532559955e+02,-1.106723352540e+02,4.714321843189e+02,-2.876319047533e+02,3.634860077102e+02,1.000000000000e+00,2.861064256343
1161,16317,5975463867.187500,-1.644656811409e+02,5.482189371364e+01,-1.348585531333e+02,1.158964658852e+02,-1.648954788429e+02,3.756952038157e+01,1.000000000000e+00,2.835506781860
1162,16318,5975830078.125000,-5.482189371364e+01,3.837532559955e+02,9.625095660373e+01,3.853318358256e+02,-6.699920571761e+01,3.708607164433e+02,1.000000000000e+00,2.809932079094
1163,16319,5976196289.062500,-3.837532559955e+02,5.482189371364e+01,-3.431509095084e+02,1.998034370665e+02,-3.837464308777e+02,2.949219175658e+01,1.000000000000e+00,2.784340288346
1164,16320,5976562500.000000,-5.482189371364e+01,2.741094685682e+02,5.322159801998e+01,2.815071356518e+02,-6.230978314819e+01,2.612192648684e+02,1.000000000000e+00,2.758731552830
1165,16321,5976928710.937500,-1.644656811409e+02,-2.741094685682e+02,-2.614957826488e+02,-1.976598129625e+02,-1.523166755785e+02,-2.917831449527e+02,1.000000000000e+00,2.733106018662
1166,16322,5977294921.875000,2.741094685682e+02,1.644656811409e+02,3.236380765079e+02,5.185007711194e+01,2.716695887117e+02,1.631847147275e+02,1.000000000000e+00,2.707463834854
1167,16323,5977661132.812500,-5.482189371364e+01,2.741094685682e+02,5.200492658150e+01,2.817943712007e+02,-6.151865728737e+01,2.613078459200e+02,1.000000000000e+00,2.681805153300
1168,16324,5978027343.750000,-1.644656811409e+02,3.837532559955e+02,-1.142106791952e+01,4.277645655267e+02,-1.749571696238e+02,3.672041265422e+02,1.000000000000e+00,2.656130128770
1169,16325,5978393554.687500,5.482189371364e+01,2.741094685682e+02,1.555922265463e+02,2.408350989876e+02,4.868034010691e+01,2.653580787285e+02,1.000000000000e+00,2.630438918891
1170,16326,5978759765.625000,2.741094685682e+02,-3.837532559955e+02,1.179107852506e+02,-4.695081397639e+02,2.922732185238e+02,-3.863847293653e+02,1.000000000000e+00,2.604731684141
1171,16327,5979125976.562500,3.837532559955e+02,-5.482189371364e+01,3.465378549820e+02,-1.958292849489e+02,3.908134726892e+02,-5.260595182226e+01,1.000000000000e+00,2.579008587827
1172,16328,5979492187.500000,-3.837532559955e+02,-1.644656811409e+02,-4.282289323512e+02,-1.441734264369e+01,-3.749956706665e+02,-1.895919768972e+02,1.000000000000e+00,2.553269796076
1173,16329,5979858398.437500,2.741094685682e+02,3.837532559955e+02,4.044646576011e+02,2.653044656431e+02,2.657966806495e+02,3.827841888625e+02,1.000000000000e+00,2.527515477815
1174,16330,5980224609.375000,2.741094685682e+02,5.482189371364e+01,2.825464642901e+02,-4.886519629020e+01,2.773426637485e+02,5.301804719344e+01,1.000000000000e+00,2.501745804751
1175,16331,5980590820.312500,3.837532559955e+02,1.644656811409e+02,4.281619848146e+02,1.614365849590e+01,3.839864890638e+02,1.665687283774e+02,1.000000000000e+00,2.475960951360
1176,16332,5980957031.250000,-1.644656811409e+02,-2.741094685682e+02,-2.583461236162e+02,-2.024205525533e+02,-1.511112530145e+02,-2.915470512973e+02,1.000000000000e+00,2.450161094857
1177,16333,5981323242.187500,2.741094685682e+02,3.837532559955e+02,4.030962663157e+02,2.678215164553e+02,2.674010346711e+02,3.826878124450e+02,1.000000000000e+00,2.424346415184
1178,16334,5981689453.125000,-2.741094685682e+02,-2.741094685682e+02,-3.625307903776e+02,-1.631912682068e+02,-2.605583896565e+02,-2.946182910898e+02,1.000000000000e+00,2.398517094983
1179,16335,5982055664.062500,5.482189371364e+01,-2.741094685682e+02,-4.658673872977e+01,-2.827146815045e+02,6.919149436699e+01,-2.837695215675e+02,1.000000000000e+00,2.372673319572
1180,16336,5982421875.000000,2.741094685682e+02,-1.644656811409e+02,2.037995738410e+02,-2.564282324595e+02,2.854093159493e+02,-1.668162787049e+02,1.000000000000e+00,2.346815276927
1181,16337,5982788085.937500,-5.482189371364e+01,1.644656811409e+02,6.251933054371e+00,1.774722255914e+02,-5.424545576817e+01,1.520197363421e+02,1.000000000000e+00,2.320943157648
1182,16338,5983154296.875000,5.482189371364e+01,5.482189371364e+01,7.217486220520e+01,3.316067503011e+01,5.920245073664e+01,4.586210552702e+01,1.000000000000e+00,2.295057154939
1183,16339,5983520507.812500,-1.644656811409e+02,-5.482189371364e+01,-1.776627395344e+02,5.366768029200e+00,-1.566729141585e+02,-7.105671114270e+01,1.000000000000e+00,2.269157464580
1184,16340,5983886718.750000,1.644656811409e+02,3.837532559955e+02,2.932846447572e+02,3.122580277661e+02,1.584305485753e+02,3.796734908277e+02,1.000000000000e+00,2.243244284894
1185,16341,5984252929.687500,5.482189371364e+01,5.482189371364e+01,7.206678531343e+01,3.365754678924e+01,5.987546452925e+01,4.619547240245e+01,1.000000000000e+00,2.217317816721
1186,16342,5984619140.625000,-5.482189371364e+01,-5.482189371364e+01,-7.203353760613e+01,-3.362397232777e+01,-4.638151806196e+01,-6.703399151114e+01,1.000000000000e+00,2.191378263387
1187,16343,5984985351.562500,5.482189371364e+01,-2.741094685682e+02,-4.322931871329e+01,-2.831816590514e+02,6.964431238345e+01,-2.833461601725e+02,1.000000000000e+00,2.165425830670
1188,16344,5985351562.500000,5.482189371364e+01,3.837532559955e+02,1.861671399515e+02,3.511201561323e+02,5.106317744865e+01,3.758308621877e+02,1.000000000000e+00,2.139460726770
1189,16345,5985717773.437500,-1.644656811409e+02,-1.644656811409e+02,-2.155176637651e+02,-1.022985934031e+02,-1.523511335224e+02,-1.799910360385e+02,1.000000000000e+00,2.113483162272
1190,16346,5986083984.375000,3.837532559955e+02,1.644656811409e+02,4.274628981929e+02,2.797992508978e+01,3.873575229116e+02,1.667853418617e+02,1.000000000000e+00,2.087493350113
1191,16347,5986450195.312500,5.482189371364e+01,-5.482189371364e+01,3.432285683258e+01,-7.175084278245e+01,6.445289098847e+01,-6.326457572198e+01,1.000000000000e+00,2.061491505546
1192,16348,5986816406.250000,5.482189371364e+01,1.644656811409e+02,1.091202873695e+02,1.404135957202e+02,5.852757444454e+01,1.566013732902e+02,1.000000000000e+00,2.035477846099
1193,16349,5987182617.187500,5.482189371364e+01,-3.837532559955e+02,-7.741265960361e+01,-3.898572228075e+02,7.328757035075e+01,-3.927682107246e+02,1.000000000000e+00,2.009452591543
1194,16350,5987548828.125000,-5.482189371364e+01,-1.644656811409e+02,-1.086268470930e+02,-1.405365306540e+02,-4.220392643935e+01,-1.756169466877e+02,1.000000000000e+00,1.983415963847
1195,16351,5987915039.062500,-3.837532559955e+02,-3.837532559955e+02,-5.001451128128e+02,-2.420696543806e+02,-3.656876961588e+02,-4.030572722402e+02,1.000000000000e+00,1.957368187142
1196,16352,5988281250.000000,-1.644656811409e+02,-2.741094685682e+02,-2.505986134624e+02,-2.105588597771e+02,-1.486025652216e+02,-2.878286629419e+02,1.000000000000e+00,1.931309487677
1197,16353,5988647460.937500,5.482189371364e+01,1.644656811409e+02,1.074447387831e+02,1.413764865972e+02,5.938053259090e+01,1.570697600151e+02,1.000000000000e+00,1.905240093776
1198,16354,5989013671.875000,-2.741094685682e+02,2.741094685682e+02,-1.765796197126e+02,3.557866294525e+02,-2.731436928128e+02,2.577134817394e+02,1.000000000000e+00,1.879160235799
1199,16355,5989379882.812500,-3.837532559955e+02,3.837532559955e+02,-2.480964184630e+02,4.977999686629e+02,-3.857930953076e+02,3.648188524485e+02,1.000000000000e+00,1.853070146093
1200,16356,5989746093.750000,3.837532559955e+02,-2.741094685682e+02,2.844833649546e+02,-3.908573860013e+02,4.015507890422e+02,-2.726037750737e+02,1.000000000000e+00,1.826970058951
1201,16357,5990112304.687500,-1.644656811409e+02,-1.644656811409e+02,-2.130942858058e+02,-1.071673961782e+02,-1.506388059903e+02,-1.777432817505e+02,1.000000000000e+00,1.800860210563
1202,16358,5990478515.625000,-3.837532559955e+02,3.837532559955e+02,-2.515674464117e+02,4.970010443866e+02,-3.857317883979e+02,3.660717475273e+02,1.000000000000e+00,1.774740838969
1203,16359,5990844726.562500,-3.837532559955e+02,5.482189371364e+01,-3.575208468623e+02,1.754108607317e+02,-3.767986866412e+02,3.619410591244e+01,1.000000000000e+00,1.748612184012
1204,16360,5991210937.500000,-2.741094685682e+02,3.837532559955e+02,-1.466359728411e+02,4.617528133876e+02,-2.755282356306e+02,3.699317811590e+02,1.000000000000e+00,1.722474487291
1205,16361,5991577148.437500,-2.741094685682e+02,-5.482189371364e+01,-2.851073173152e+02,3.285300145129e+01,-2.633060658200e+02,-6.973088049151e+01,1.000000000000e+00,1.696327992108
1206,16362,5991943359.375000,-3.837532559955e+02,1.644656811409e+02,-3.230804102032e+02,2.812970880429e+02,-3.783250545080e+02,1.482179243103e+02,1.000000000000e+00,1.670172943420
1207,16363,5992309570.312500,-3.837532559955e+02,3.837532559955e+02,-2.551807918360e+02,4.947648337237e+02,-3.833616498076e+02,3.682370477535e+02,1.000000000000e+00,1.644009587786
1208,16364,5992675781.250000,-3.837532559955e+02,-2.741094685682e+02,-4.600727217947e+02,-1.491954400847e+02,-3.672352757056e+02,-2.911765333275e+02,1.000000000000e+00,1.617838173316
1209,16365,5993041992.187500,1.644656811409e+02,-2.741094685682e+02,7.669402473868e+01,-3.186674610064e+02,1.824287657053e+02,-2.775302814166e+02,1.000000000000e+00,1.591658949619
1210,16366,5993408203.125000,-2.741094685682e+02,1.644656811409e+02,-2.178530408203e+02,2.446535788736e+02,-2.674130584200e+02,1.516364981978e+02,1.000000000000e+00,1.565472167748
1211,16367,5993774414.062500,5.482189371364e+01,-5.482189371364e+01,3.694533044145e+01,-7.029161816108e+01,6.727076777995e+01,-6.006598352991e+01,1.000000000000e+00,1.539278080145
1212,16368,5994140625.000000,-3.837532559955e+02,2.741094685682e+02,-2.926455844669e+02,3.842709899446e+02,-3.789798958618e+02,2.597259375951e+02,1.000000000000e+00,1.513076940587
1213,16369,5994506835.937500,-5.482189371364e+01,-3.837532559955e+02,-1.689369721062e+02,-3.596548580416e+02,-3.500040196726e+01,-3.916841448520e+02,1.000000000000e+00,1.486869004133
1214,16370,5994873046.875000,3.837532559955e+02,3.837532559955e+02,4.910701857319e+02,2.623207959767e+02,3.876683800787e+02,3.876562485964e+02,1.000000000000e+00,1.460654527061
1215,16371,5995239257.812500,3.837532559955e+02,1.644656811409e+02,4.258984137031e+02,4.796063834991e+01,3.929925570504e+02,1.680080873290e+02,1.000000000000e+00,1.434433766819
1216,16372,5995605468.750000,3.837532559955e+02,-3.837532559955e+02,2.645282725760e+02,-4.906750867571e+02,4.052623987167e+02,-3.822584564768e+02,1.000000000000e+00,1.408206981961
1217,16373,5995971679.687500,2.741094685682e+02,5.482189371364e+01,2.860846698316e+02,-2.632443433847e+01,2.859784248522e+02,5.581941227495e+01,1.000000000000e+00,1.381974432093
1218,16374,5996337890.625000,2.741094685682e+02,-3.837532559955e+02,1.584492785879e+02,-4.576728371172e+02,2.950550308232e+02,-3.842878274368e+02,1.000000000000e+00,1.355736377811
1219,16375,5996704101.562500,-1.644656811409e+02,-2.741094685682e+02,-2.409762332018e+02,-2.225411145974e+02,-1.473272119244e+02,-2.829084293323e+02,1.000000000000e+00,1.329493080645
1220,16376,5997070312.500000,-5.482189371364e+01,1.644656811409e+02,-6.961713347649e+00,1.776284183581e+02,-4.633365000217e+01,1.594096834190e+02,1.000000000000e+00,1.303244802998
1221,16377,5997436523.437500,5.482189371364e+01,2.741094685682e+02,1.318703311265e+02,2.544516574619e+02,6.150637536126e+01,2.717442025278e+02,1.000000000000e+00,1.276991808085
1222,16378,5997802734.375000,3.837532559955e+02,2.741094685682e+02,4.555340762595e+02,1.618224075431e+02,3.912955421095e+02,2.783499732116e+02,1.000000000000e+00,1.250734359874
1223,16379,5998168945.312500,-1.644656811409e+02,-5.482189371364e+01,-1.774776095276e+02,-7.895144331452e+00,-1.515420969527e+02,-6.155362369856e+01,1.000000000000e+00,1.224472723024
1224,16380,5998535156.250000,-2.741094685682e+02,3.837532559955e+02,-1.630539023601e+02,4.546684784451e+02,-2.690439737385e+02,3.760506338609e+02,1.000000000000e+00,1.198207162825
1225,16381,5998901367.187500,3.837532559955e+02,-2.741094685682e+02,3.020658384372e+02,-3.766000971272e+02,4.008831704837e+02,-2.709059096441e+02,1.000000000000e+00,1.171937945135
1226,16382,5999267578.125000,1.644656811409e+02,-3.837532559955e+02,5.680360315240e+01,-4.237854002566e+02,1.835709609500e+02,-3.841096390816e+02,1.000000000000e+00,1.145665336319
1227,16383,5999633789.062500,1.644656811409e+02,-3.837532559955e+02,5.830473221228e+01,-4.238941854436e+02,1.841252894796e+02,-3.839433777594e+02,1.000000000000e+00,1.119389603186
1228,16384,6000000000.000000,3.837532559955e+02,1.644656811409e+02,4.239977069666e+02,5.980729095476e+01,3.938478616624e+02,1.700844326352e+02,1.000000000000e+00,1.093111012927
1229,16385,6000366210.937500,1.644656811409e+02,3.837532559955e+02,2.654940018894e+02,3.356512043987e+02,1.704238883053e+02,3.853979849157e+02,1.000000000000e+00,1.066829833054
1230,16386,6000732421.875000,-2.741094685682e+02,-5.482189371364e+01,-2.857420256650e+02,1.902872785491e+01,-2.613193869657e+02,-6.089044169754e+01,1.000000000000e+00,1.040546331335
1231,16387,6001098632.812500,5.482189371364e+01,-5.482189371364e+01,3.963441402466e+01,-6.881413742074e+01,6.801041019829e+01,-5.558775628432e+01,1.000000000000e+00,1.014260775730
1232,16388,6001464843.750000,-1.644656811409e+02,1.644656811409e+02,-1.195655411284e+02,2.062909774646e+02,-1.548801929757e+02,1.612230822750e+02,1.000000000000e+00,0.987973434334
1233,16389,6001831054.687500,-5.482189371364e+01,3.837532559955e+02,4.583360904396e+01,3.950779041837e+02,-4.838167239040e+01,3.831401358126e+02,1.000000000000e+00,0.961684575305
1234,16390,6002197265.625000,-3.837532559955e+02,-3.837532559955e+02,-4.803857165227e+02,-2.820416603502e+02,-3.668836307153e+02,-3.916457578127e+02,1.000000000000e+00,0.935394466811
1235,16391,6002563476.562500,2.741094685682e+02,-2.741094685682e+02,2.025136435335e+02,-3.425534257402e+02,2.917072708679e+02,-2.711036521683e+02,1.000000000000e+00,0.909103376956
1236,16392,6002929687.500000,1.644656811409e+02,2.741094685682e+02,2.328633096867e+02,2.312480356987e+02,1.727074641552e+02,2.776688641446e+02,1.000000000000e+00,0.882811573727
1237,16393,6003295898.437500,1.644656811409e+02,5.482189371364e+01,1.773894870727e+02,1.329320867791e+01,1.762736347236e+02,5.767985907970e+01,1.000000000000e+00,0.856519324925
1238,16394,6003662109.375000,-2.741094685682e+02,5.482189371364e+01,-2.589480355191e+02,1.229221029538e+02,-2.634571296659e+02,5.134959518260e+01,1.000000000000e+00,0.830226898102
1239,16395,6004028320.312500,-2.741094685682e+02,5.482189371364e+01,-2.589357197875e+02,1.225417271629e+02,-2.632892339446e+02,5.191118316609e+01,1.000000000000e+00,0.803934560503
1240,16396,6004394531.250000,5.482189371364e+01,-5.482189371364e+01,4.101552466159e+01,-6.805770325757e+01,6.759198236305e+01,-5.337129270767e+01,1.000000000000e+00,0.777642578997
1241,16397,6004760742.187500,-2.741094685682e+02,2.741094685682e+02,-2.056457405647e+02,3.400004726688e+02,-2.659720172155e+02,2.726189988178e+02,1.000000000000e+00,0.751351220020
1242,16398,6005126953.125000,5.482189371364e+01,-1.644656811409e+02,1.463233471468e+01,-1.771472119805e+02,6.863960681694e+01,-1.628494209860e+02,1.000000000000e+00,0.725060749509
1243,16399,6005493164.062500,5.482189371364e+01,1.644656811409e+02,9.418083657160e+01,1.508660918249e+02,6.474262863020e+01,1.672361463808e+02,1.000000000000e+00,0.698771432842
1244,16400,6005859375.000000,1.644656811409e+02,2.741094685682e+02,2.292937310519e+02,2.347100076141e+02,1.732131162726e+02,2.790174680758e+02,1.000000000000e+00,0.672483534776
1245,16401,6006225585.937500,3.837532559955e+02,1.644656811409e+02,4.220934262725e+02,7.385270578611e+01,3.946227206559e+02,1.716919056761e+02,1.000000000000e+00,0.646197319385
1246,16402,6006591796.875000,-2.741094685682e+02,1.644656811409e+02,-2.350992048967e+02,2.285769948447e+02,-2.651439687608e+02,1.644987092162e+02,1.000000000000e+00,0.619913050001
1247,16403,6006958007.812500,3.837532559955e+02,-1.644656811409e+02,3.445873953600e+02,-2.539140209752e+02,3.973434181395e+02,-1.589388248208e+02,1.000000000000e+00,0.593630989150
1248,16404,6007324218.750000,-3.837532559955e+02,1.644656811409e+02,-3.450561339647e+02,2.531372683074e+02,-3.747467808490e+02,1.644649033821e+02,1.000000000000e+00,0.567351398494
1249,16405,6007690429.687500,1.644656811409e+02,2.741094685682e+02,2.271584224183e+02,2.360654166483e+02,1.735801790998e+02,2.790708000587e+02,1.000000000000e+00,0.541074538773
1250,16406,6008056640.625000,-5.482189371364e+01,-2.741094685682e+02,-1.169853898796e+02,-2.614678866177e+02,-4.174342154730e+01,-2.717536868139e+02,1.000000000000e+00,0.514800669739
1251,16407,6008422851.562500,1.644656811409e+02,1.644656811409e+02,2.012229361458e+02,1.276752036193e+02,1.739905378344e+02,1.697877016318e+02,1.000000000000e+00,0.488530050107
1252,16408,6008789062.500000,-3.837532559955e+02,-2.741094685682e+02,-4.443280764330e+02,-1.897263031798e+02,-3.709553528701e+02,-2.746850322207e+02,1.000000000000e+00,0.462262937490
1253,16409,6009155273.437500,1.644656811409e+02,-1.644656811409e+02,1.288785851211e+02,-2.004370394034e+02,1.769154148557e+02,-1.590361682650e+02,1.000000000000e+00,0.435999588339
1254,16410,6009521484.375000,-5.482189371364e+01,5.482189371364e+01,-4.309988993294e+01,6.674831453274e+01,-4.518483688759e+01,5.855038208036e+01,1.000000000000e+00,0.409740257896
1255,16411,6009887695.312500,2.741094685682e+02,-1.644656811409e+02,2.396446558091e+02,-2.234958045337e+02,2.864159077752e+02,-1.577988602898e+02,1.000000000000e+00,0.383485200128
1256,16412,6010253906.250000,1.644656811409e+02,2.741094685682e+02,2.229930464350e+02,2.402154431735e+02,1.721809649784e+02,2.809330029389e+02,1.000000000000e+00,0.357234667673
1257,16413,6010620117.187500,-5.482189371364e+01,-3.837532559955e+02,-1.352862708831e+02,-3.738285565074e+02,-4.146298209651e+01,-3.805099684195e+02,1.000000000000e+00,0.330988911789
1258,16414,6010986328.125000,-1.644656811409e+02,-3.837532559955e+02,-2.445492933482e+02,-3.515824315741e+02,-1.515606351074e+02,-3.814883901642e+02,1.000000000000e+00,0.304748182296
1259,16415,6011352539.062500,5.482189371364e+01,-1.644656811409e+02,2.112199732097e+01,-1.764787223300e+02,6.561364240432e+01,-1.592671997787e+02,1.000000000000e+00,0.278512727522
1260,16416,6011718750.000000,-2.741094685682e+02,2.741094685682e+02,-2.186492083962e+02,3.316271232863e+02,-2.669275572967e+02,2.784240427879e+02,1.000000000000e+00,0.252282794252
1261,16417,6012084960.937500,3.837532559955e+02,-1.644656811409e+02,3.513900381984e+02,-2.438511805441e+02,3.939911665093e+02,-1.577036883004e+02,1.000000000000e+00,0.226058627675
1262,16418,6012451171.875000,-5.482189371364e+01,-5.482189371364e+01,-6.620634773622e+01,-4.397672138409e+01,-4.592607785411e+01,-4.950434139431e+01,1.000000000000e+00,0.199840471331
1263,16419,6012817382.812500,2.741094685682e+02,1.644656811409e+02,3.087260192373e+02,1.106099142226e+02,2.827319573466e+02,1.720807394442e+02,1.000000000000e+00,0.173628567062
1264,16420,6013183593.750000,2.741094685682e+02,5.482189371364e+01,2.868617803006e+02,1.131176913384e+00,2.830766459632e+02,6.245341359191e+01,1.000000000000e+00,0.147423154962
1265,16421,6013549804.687500,5.482189371364e+01,2.741094685682e+02,1.084314580505e+02,2.655483470533e+02,6.143396653206e+01,2.814629244563e+02,1.000000000000e+00,0.121224473329
1266,16422,6013916015.625000,1.644656811409e+02,-1.644656811409e+02,1.344093913695e+02,-1.971809682569e+02,1.740455306122e+02,-1.575201851699e+02,1.000000000000e+00,0.095032758612
1267,16423,6014282226.562500,3.837532559955e+02,5.482189371364e+01,3.972072457889e+02,-1.739239649662e+01,3.921408997197e+02,6.377955707470e+01,1.000000000000e+00,0.068848245370
1268,16424,6014648437.500000,5.482189371364e+01,-5.482189371364e+01,4.492369245828e+01,-6.557219803789e+01,6.266493454928e+01,-4.813608760780e+01,1.000000000000e+00,0.042671166225
1269,16425,6015014648.437500,1.644656811409e+02,2.741094685682e+02,2.170379527693e+02,2.453789791387e+02,1.710217540718e+02,2.818880033114e+02,1.000000000000e+00,0.016501751810
1270,16426,6015380859.375000,-1.644656811409e+02,-2.741094685682e+02,-2.163903296388e+02,-2.458263895689e+02,-1.567547609672e+02,-2.683809781283e+02,1.000000000000e+00,-0.009659769268
1271,16427,6015747070.312500,-5.482189371364e+01,-5.482189371364e+01,-6.524936947326e+01,-4.525568125470e+01,-4.795666724981e+01,-4.821728040057e+01,1.000000000000e+00,-0.035813170474
1272,16428,6016113281.250000,2.741094685682e+02,5.482189371364e+01,2.862019940769e+02,5.792911385355e+00,2.807348113587e+02,6.280093486409e+01,1.000000000000e+00,-0.061958227389
1273,16429,6016479492.187500,1.644656811409e+02,-3.837532559955e+02,9.679132128809e+01,-4.164957613334e+02,1.715877260149e+02,-3.768845065464e+02,1.000000000000e+00,-0.088094717748
1274,16430,6016845703.125000,1.644656811409e+02,3.837532559955e+02,2.346541759248e+02,3.575070406956e+02,1.706326673152e+02,3.914687712081e+02,1.000000000000e+00,-0.114222421487
1275,16431,6017211914.062500,-2.741094685682e+02,-3.837532559955e+02,-3.444049154685e+02,-3.386736932548e+02,-2.686355633748e+02,-3.771317978933e+02,1.000000000000e+00,-0.140341120775
1276,16432,6017578125.000000,5.482189371364e+01,-1.644656811409e+02,2.687002549668e+01,-1.755013535859e+02,6.066794817652e+01,-1.572737136652e+02,1.000000000000e+00,-0.166450600056
1277,16433,6017944335.937500,-2.741094685682e+02,-1.644656811409e+02,-3.046817515969e+02,-1.196868300538e+02,-2.686633779269e+02,-1.582068510198e+02,1.000000000000e+00,-0.192550646088
1278,16434,6018310546.875000,-3.837532559955e+02,3.837532559955e+02,-3.226185359421e+02,4.526808247517e+02,-3.797251444634e+02,3.913127654460e+02,1.000000000000e+00,-0.218641047977
1279,16435,6018676757.812500,3.837532559955e+02,1.644656811409e+02,4.157185239162e+02,1.008094810055e+02,3.894264039963e+02,1.714577536411e+02,1.000000000000e+00,-0.244721597211
1280,16436,6019042968.750000,5.482189371364e+01,2.741094685682e+02,1.021631767843e+02,2.676389305373e+02,6.057253333561e+01,2.818922943940e+02,1.000000000000e+00,-0.270792087701
1281,16437,6019409179.687500,-3.837532559955e+02,-1.644656811409e+02,-4.154532168883e+02,-1.022191623345e+02,-3.807717557699e+02,-1.561286044649e+02,1.000000000000e+00,-0.296852315805
1282,16438,6019775390.625000,1.644656811409e+02,3.837532559955e+02,2.290302261487e+02,3.613458708152e+02,1.692470976081e+02,3.917450454132e+02,1.000000000000e+00,-0.322902080368
1283,16439,6020141601.562500,-5.482189371364e+01,-1.644656811409e+02,-8.188762159201e+01,-1.576682202428e+02,-5.141033966488e+01,-1.571891720697e+02,1.000000000000e+00,-0.348941182747
1284,16440,6020507812.500000,-5.482189371364e+01,5.482189371364e+01,-4.680163787819e+01,6.425274857306e+01,-5.147089449658e+01,6.259330436026e+01,1.000000000000e+00,-0.374969426848
1285,16441,6020874023.437500,-1.644656811409e+02,-3.837532559955e+02,-2.272560873434e+02,-3.630007630793e+02,-1.626857100473e+02,-3.769301229099e+02,1.000000000000e+00,-0.400986619146
1286,16442,6021240234.375000,-1.644656811409e+02,1.644656811409e+02,-1.411422584306e+02,1.922149277526e+02,-1.616617537455e+02,1.727166558621e+02,1.000000000000e+00,-0.426992568721
1287,16443,6021606445.312500,-5.482189371364e+01,2.741094685682e+02,-1.383792592873e+01,2.859926773318e+02,-5.198830943646e+01,2.820706613825e+02,1.000000000000e+00,-0.452987087280
1288,16444,6021972656.250000,5.482189371364e+01,3.837532559955e+02,1.126585971460e+02,3.803456230515e+02,5.727632900001e+01,3.913976176020e+02,1.000000000000e+00,-0.478969989184
1289,16445,6022338867.187500,1.644656811409e+02,-3.837532559955e+02,1.102628446406e+02,-4.132126634869e+02,1.666793198679e+02,-3.769307504474e+02,1.000000000000e+00,-0.504941091472
1290,16446,6022705078.125000,-3.837532559955e+02,-5.482189371364e+01,-3.975492987483e+02,1.453544107395e-01,-3.829588806717e+02,-4.737092813286e+01,1.000000000000e+00,-0.530900213887
1291,16447,6023071289.062500,-3.837532559955e+02,5.482189371364e+01,-3.820595549175e+02,1.109048772050e+02,-3.834055002320e+02,6.270421001971e+01,1.000000000000e+00,-0.556847178893
1292,16448,6023437500.000000,-2.741094685682e+02,5.482189371364e+01,-2.703867207907e+02,9.481969800366e+01,-2.732386012771e+02,6.282908274744e+01,1.000000000000e+00,-0.582781811701
1293,16449,6023803710.937500,1.644656811409e+02,5.482189371364e+01,1.745314139906e+02,3.222801076893e+01,1.658922323160e+02,6.149483429953e+01,1.000000000000e+00,-0.608703940289
1294,16450,6024169921.875000,-3.837532559955e+02,-3.837532559955e+02,-4.427462599367e+02,-3.352044801862e+02,-3.845135100171e+02,-3.753411113220e+02,1.000000000000e+00,-0.634613395417
1295,16451,6024536132.812500,-3.837532559955e+02,-1.644656811409e+02,-4.118109983162e+02,-1.142058231788e+02,-3.838934335834e+02,-1.564904146757e+02,1.000000000000e+00,-0.660510010648
1296,16452,6024902343.750000,-5.482189371364e+01,2.741094685682e+02,-1.888623081098e+01,2.855957543518e+02,-5.405192757801e+01,2.814340599934e+02,1.000000000000e+00,-0.686393622368
1297,16453,6025268554.687500,2.741094685682e+02,5.482189371364e+01,2.857551693995e+02,1.923903416108e+01,2.748223506130e+02,6.106095298210e+01,1.000000000000e+00,-0.712264069792
1298,16454,6025634765.625000,5.482189371364e+01,-3.837532559955e+02,4.873382359693e+00,-3.974373923887e+02,5.331564981148e+01,-3.781767698720e+02,1.000000000000e+00,-0.738121194991
1299,16455,6026000976.562500,2.741094685682e+02,-2.741094685682e+02,2.427120266919e+02,-3.151309021860e+02,2.731561163441e+02,-2.698438381122e+02,1.000000000000e+00,-0.763964842896
1300,16456,6026367187.500000,2.741094685682e+02,2.741094685682e+02,3.143545819874e+02,2.430989717625e+02,2.756040668567e+02,2.797396895847e+02,1.000000000000e+00,-0.789794861315
1301,16457,6026733398.437500,-1.644656811409e+02,2.741094685682e+02,-1.320714297392e+02,2.995590766491e+02,-1.640249455964e+02,2.816775231210e+02,1.000000000000e+00,-0.815611100946
1302,16458,6027099609.375000,-3.837532559955e+02,-2.741094685682e+02,-4.242207857876e+02,-2.303318577622e+02,-3.863787937268e+02,-2.662366839413e+02,1.000000000000e+00,-0.841413415381
1303,16459,6027465820.312500,-2.741094685682e+02,-2.741094685682e+02,-3.121892825709e+02,-2.452587310142e+02,-2.766214027772e+02,-2.674632547826e+02,1.000000000000e+00,-0.867201661124
1304,16460,6027832031.250000,3.837532559955e+02,3.837532559955e+02,4.361522675624e+02,3.450064390595e+02,3.837619621191e+02,3.896131094754e+02,1.000000000000e+00,-0.892975697593
1305,16461,6028198242.187500,-2.741094685682e+02,5.482189371364e+01,-2.727151836117e+02,8.790364146924e+01,-2.762205119643e+02,6.125244569693e+01,1.000000000000e+00,-0.918735387130
1306,16462,6028564453.125000,1.644656811409e+02,-3.837532559955e+02,1.227423384652e+02,-4.100369485672e+02,1.616460804913e+02,-3.796290122380e+02,1.000000000000e+00,-0.944480595009
1307,16463,6028930664.062500,-1.644656811409e+02,-1.644656811409e+02,-1.866612595260e+02,-1.484133792923e+02,-1.677058510051e+02,-1.586346745886e+02,1.000000000000e+00,-0.970211189437
1308,16464,6029296875.000000,-1.644656811409e+02,-1.644656811409e+02,-1.865868165994e+02,-1.485423910912e+02,-1.681024741170e+02,-1.586315973270e+02,1.000000000000e+00,-0.995927041562
1309,16465,6029663085.937500,1.644656811409e+02,1.644656811409e+02,1.865023347404e+02,1.486802970879e+02,1.637067338795e+02,1.687142914217e+02,1.000000000000e+00,-1.021628025477
1310,16466,6030029296.875000,5.482189371364e+01,2.741094685682e+02,8.714562553276e+01,2.731052965674e+02,5.466735147965e+01,2.792114268039e+02,1.000000000000e+00,-1.047314018218
1311,16467,6030395507.812500,3.837532559955e+02,-3.837532559955e+02,3.486225705450e+02,-4.335920178677e+02,3.793108776203e+02,-3.825608914078e+02,1.000000000000e+00,-1.072984899773
1312,16468,6030761718.750000,-3.837532559955e+02,3.837532559955e+02,-3.499193887624e+02,4.322930352788e+02,-3.853685829166e+02,3.909239689060e+02,1.000000000000e+00,-1.098640553076
1313,16469,6031127929.687500,-1.644656811409e+02,-1.644656811409e+02,-1.848088781361e+02,-1.504595876505e+02,-1.684600831374e+02,-1.598421030009e+02,1.000000000000e+00,-1.124280864008
1314,16470,6031494140.625000,5.482189371364e+01,3.837532559955e+02,9.520130123284e+01,3.856545712915e+02,5.323439715912e+01,3.882608052046e+02,1.000000000000e+00,-1.149905721399
1315,16471,6031860351.562500,-5.482189371364e+01,-1.644656811409e+02,-7.242879346938e+01,-1.622338567748e+02,-5.883616296004e+01,-1.607951106832e+02,1.000000000000e+00,-1.175515017024
1316,16472,6032226562.500000,-5.482189371364e+01,-2.741094685682e+02,-8.300667860746e+01,-2.742307027991e+02,-5.939036667901e+01,-2.709095873540e+02,1.000000000000e+00,-1.201108645599
1317,16473,6032592773.437500,2.741094685682e+02,3.837532559955e+02,3.170902531874e+02,3.649226172651e+02,2.726841909981e+02,3.868587278089e+02,1.000000000000e+00,-1.226686504778
1318,16474,6032958984.375000,-1.644656811409e+02,5.482189371364e+01,-1.626196426102e+02,7.174207987131e+01,-1.682990104716e+02,5.875773414706e+01,1.000000000000e+00,-1.252248495151
1319,16475,6033325195.312500,2.741094685682e+02,-1.644656811409e+02,2.640584173812e+02,-1.942254047548e+02,2.700473815478e+02,-1.636388674357e+02,1.000000000000e+00,-1.277794520235
1320,16476,6033691406.250000,-2.741094685682e+02,-5.482189371364e+01,-2.851684174063e+02,-2.959838781003e+01,-2.791553612292e+02,-5.020758697488e+01,1.000000000000e+00,-1.303324486468
1321,16477,6034057617.187500,5.482189371364e+01,3.837532559955e+02,9.278561180257e+01,3.866601854096e+02,5.448163159910e+01,3.867280151540e+02,1.000000000000e+00,-1.328838303203
1322,16478,6034423828.125000,-2.741094685682e+02,1.644656811409e+02,-2.648106943508e+02,1.933371973549e+02,-2.777268231013e+02,1.690460759364e+02,1.000000000000e+00,-1.354335882703
1323,16479,6034790039.062500,3.837532559955e+02,-5.482189371364e+01,3.872294911020e+02,-9.014540826510e+01,3.803803280521e+02,-5.516894170614e+01,1.000000000000e+00,-1.379817140126
1324,16480,6035156250.000000,-5.482189371364e+01,-5.482189371364e+01,-6.077125252694e+01,-5.125576933430e+01,-5.941179340740e+01,-5.305790225463e+01,1.000000000000e+00,-1.405281993522
1325,16481,6035522460.937500,-2.741094685682e+02,-2.741094685682e+02,-3.036507881807e+02,-2.562790058111e+02,-2.806055644673e+02,-2.716327092821e+02,1.000000000000e+00,-1.430730363819
1326,16482,6035888671.875000,5.482189371364e+01,-2.741094685682e+02,3.238929093973e+01,-2.845787968426e+02,4.862449259742e+01,-2.738608445491e+02,1.000000000000e+00,-1.456162174812
1327,16483,6036254882.812500,1.644656811409e+02,1.644656811409e+02,1.817615042179e+02,1.540300629542e+02,1.615637274413e+02,1.643827127050e+02,1.000000000000e+00,-1.481577353156
1328,16484,6036621093.750000,-2.741094685682e+02,-3.837532559955e+02,-3.112820886077e+02,-3.692717447450e+02,-2.812585823379e+02,-3.818703859546e+02,1.000000000000e+00,-1.506975828348
1329,16485,6036987304.687500,-1.644656811409e+02,1.644656811409e+02,-1.547822150727e+02,1.809886677017e+02,-1.680710611709e+02,1.658991664483e+02,1.000000000000e+00,-1.532357532719
1330,16486,6037353515.625000,1.644656811409e+02,5.482189371364e+01,1.721836255685e+02,4.305268434200e+01,1.605681914316e+02,5.396307887843e+01,1.000000000000e+00,-1.557722401417
1331,16487,6037719726.562500,5.482189371364e+01,1.644656811409e+02,6.867765107950e+01,1.636369305714e+02,5.152673596135e+01,1.640587218467e+02,1.000000000000e+00,-1.583070372395
1332,16488,6038085937.500000,-5.482189371364e+01,3.837532559955e+02,-2.685553414456e+01,3.958967905660e+02,-5.681951234795e+01,3.839298320990e+02,1.000000000000e+00,-1.608401386396
1333,16489,6038452148.437500,-5.482189371364e+01,-2.741094685682e+02,-7.606562667158e+01,-2.759029084354e+02,-6.063127772844e+01,-2.748124041031e+02,1.000000000000e+00,-1.633715386937
1334,16490,6038818359.375000,-5.482189371364e+01,2.741094685682e+02,-3.663234473964e+01,2.838978758839e+02,-5.810718377871e+01,2.736570478464e+02,1.000000000000e+00,-1.659012320295
1335,16491,6039184570.312500,-2.741094685682e+02,3.837532559955e+02,-2.534820164758e+02,4.112167699006e+02,-2.771928705929e+02,3.841970885623e+02,1.000000000000e+00,-1.684292135487
1336,16492,6039550781.250000,3.837532559955e+02,3.837532559955e+02,4.190249333181e+02,3.656499389559e+02,3.823761502655e+02,3.807959777172e+02,1.000000000000e+00,-1.709554784257
1337,16493,6039916992.187500,-3.837532559955e+02,-2.741094685682e+02,-4.115830998875e+02,-2.536250085990e+02,-3.907162171406e+02,-2.738047628178e+02,1.000000000000e+00,-1.734800221056
1338,16494,6040283203.125000,3.837532559955e+02,-1.644656811409e+02,3.814393099590e+02,-1.943582449007e+02,3.794774016122e+02,-1.694920053627e+02,1.000000000000e+00,-1.760028403024
1339,16495,6040649414.062500,-5.482189371364e+01,3.837532559955e+02,-3.084693527892e+01,3.963497454060e+02,-5.673659768305e+01,3.827864025637e+02,1.000000000000e+00,-1.785239289975
1340,16496,6041015625.000000,2.741094685682e+02,1.644656811409e+02,2.910776641843e+02,1.509131925090e+02,2.717534823455e+02,1.609698424549e+02,1.000000000000e+00,-1.810432844373
1341,16497,6041381835.937500,2.741094685682e+02,3.837532559955e+02,3.042655910505e+02,3.757922863150e+02,2.726771078155e+02,3.805983224912e+02,1.000000000000e+00,-1.835609031315
1342,16498,6041748046.875000,-1.644656811409e+02,-5.482189371364e+01,-1.715645244388e+02,-4.621859070675e+01,-1.687836203567e+02,-5.732219861153e+01,1.000000000000e+00,-1.860767818514
1343,16499,6042114257.812500,-2.741094685682e+02,1.644656811409e+02,-2.707948953958e+02,1.843001223168e+02,-2.776128822814e+02,1.625239136340e+02,1.000000000000e+00,-1.885909176272
1344,16500,6042480468.750000,-1.644656811409e+02,-3.837532559955e+02,-1.904627325012e+02,-3.831769447165e+02,-1.700061022610e+02,-3.873640879887e+02,1.000000000000e+00,-1.911033077467
1345,16501,6042846679.687500,-1.644656811409e+02,2.741094685682e+02,-1.527010183668e+02,2.899235724973e+02,-1.668933019120e+02,2.716974964539e+02,1.000000000000e+00,-1.936139497527
1346,16502,6043212890.625000,-1.644656811409e+02,2.741094685682e+02,-1.530229829604e+02,2.899290220802e+02,-1.667407535126e+02,2.716421321709e+02,1.000000000000e+00,-1.961228414408
1347,16503,6043579101.562500,2.741094685682e+02,5.482189371364e+01,2.839277631693e+02,4.103934749071e+01,2.722117089151e+02,4.923652462621e+01,1.000000000000e+00,-1.986299808577
1348,16504,6043945312.500000,2.741094685682e+02,-2.741094685682e+02,2.662179946884e+02,-2.959936493569e+02,2.707104908606e+02,-2.812745156030e+02,1.000000000000e+00,-2.011353662986
1349,16505,6044311523.437500,-3.837532559955e+02,-3.837532559955e+02,-4.139126119736e+02,-3.731609178521e+02,-3.902028850941e+02,-3.878531271149e+02,1.000000000000e+00,-2.036389963052
1350,16506,6044677734.375000,-3.837532559955e+02,3.837532559955e+02,-3.735830603592e+02,4.133612176176e+02,-3.856817190004e+02,3.823230938791e+02,1.000000000000e+00,-2.061408696631
1351,16507,6045043945.312500,-5.482189371364e+01,5.482189371364e+01,-5.342816316566e+01,5.896535211839e+01,-5.715132138208e+01,5.012055976346e+01,1.000000000000e+00,-2.086409853997
1352,16508,6045410156.250000,5.482189371364e+01,2.741094685682e+02,6.951506385518e+01,2.780879282678e+02,5.401387476103e+01,2.691512215789e+02,1.000000000000e+00,-2.111393427822
1353,16509,6045776367.187500,-5.482189371364e+01,2.741094685682e+02,-4.322354767830e+01,2.831131198654e+02,-5.582618976699e+01,2.691918620770e+02,1.000000000000e+00,-2.136359413147
1354,16510,6046142578.125000,-2.741094685682e+02,1.644656811409e+02,-2.729441269905e+02,1.808571037272e+02,-2.756696551549e+02,1.600162180409e+02,1.000000000000e+00,-2.161307807360
1355,16511,6046508789.062500,-5.482189371364e+01,2.741094685682e+02,-4.363770394716e+01,2.832030968604e+02,-5.524183221440e+01,2.689821563654e+02,1.000000000000e+00,-2.186238610174
1356,16512,6046875000.000000,1.644656811409e+02,5.482189371364e+01,1.710403397148e+02,4.872087645245e+01,1.638496755419e+02,4.788481155200e+01,1.000000000000e+00,-2.211151823602
1357,16513,6047241210.937500,-1.644656811409e+02,5.482189371364e+01,-1.662267886656e+02,6.348504230823e+01,-1.659174569790e+02,4.954768809868e+01,1.000000000000e+00,-2.236047451929
1358,16514,6047607421.875000,2.741094685682e+02,-1.644656811409e+02,2.742220290227e+02,-1.803827498175e+02,2.734457855011e+02,-1.729358763718e+02,1.000000000000e+00,-2.260925501694
1359,16515,6047973632.812500,-3.837532559955e+02,2.741094685682e+02,-3.826900904204e+02,2.970164561014e+02,-3.849809690170e+02,2.701451031884e+02,1.000000000000e+00,-2.285785981659
1360,16516,6048339843.750000,1.644656811409e+02,2.741094685682e+02,1.798822854246e+02,2.745719063857e+02,1.659771908834e+02,2.675412023113e+02,1.000000000000e+00,-2.310628902790
1361,16517,6048706054.687500,1.644656811409e+02,-3.837532559955e+02,1.531421556072e+02,-4.002549680031e+02,1.626837222528e+02,-3.930364546395e+02,1.000000000000e+00,-2.335454278226
1362,16518,6049072265.625000,3.837532559955e+02,1.644656811409e+02,3.999987542291e+02,1.532544629696e+02,3.859920195631e+02,1.554814948702e+02,1.000000000000e+00,-2.360262123258
1363,16519,6049438476.562500,-5.482189371364e+01,5.482189371364e+01,-5.408373676459e+01,5.824915594740e+01,-5.433932099356e+01,4.794386486776e+01,1.000000000000e+00,-2.385052455302
1364,16520,6049804687.500000,2.741094685682e+02,-1.644656811409e+02,2.747333694951e+02,-1.782510177809e+02,2.745094797344e+02,-1.732275734995e+02,1.000000000000e+00,-2.409825293874
1365,16521,6050170898.437500,-1.644656811409e+02,-3.837532559955e+02,-1.817617976318e+02,-3.870859841765e+02,-1.652690208778e+02,-3.911830396551e+02,1.000000000000e+00,-2.434580660565
1366,16522,6050537109.375000,3.837532559955e+02,-5.482189371364e+01,3.910366058524e+02,-6.956829774049e+01,3.853197584145e+02,-6.435875886432e+01,1.000000000000e+00,-2.459318579016
1367,16523,6050903320.312500,-5.482189371364e+01,2.741094685682e+02,-4.654132525780e+01,2.826937359661e+02,-5.193497804099e+01,2.672336789613e+02,1.000000000000e+00,-2.484039074889
1368,16524,6051269531.250000,-3.837532559955e+02,1.644656811409e+02,-3.875829966577e+02,1.813978669058e+02,-3.819632895915e+02,1.589106517892e+02,1.000000000000e+00,-2.508742175846
1369,16525,6051635742.187500,-1.644656811409e+02,-3.837532559955e+02,-1.806583731524e+02,-3.879096085643e+02,-1.642498081881e+02,-3.917952873190e+02,1.000000000000e+00,-2.533427911521
1370,16526,6052001953.125000,-5.482189371364e+01,1.644656811409e+02,-5.126008994007e+01,1.701197995595e+02,-5.210681119454e+01,1.569711691780e+02,1.000000000000e+00,-2.558096313492
1371,16527,6052368164.062500,1.644656811409e+02,2.741094685682e+02,1.768158445044e+02,2.757049587344e+02,1.686044991164e+02,2.658343346700e+02,1.000000000000e+00,-2.582747415260
1372,16528,6052734375.000000,2.741094685682e+02,-2.741094685682e+02,2.720681687509e+02,-2.892368502025e+02,2.759003671022e+02,-2.841963228014e+02,1.000000000000e+00,-2.607381252222
1373,16529,6053100585.937500,5.482189371364e+01,3.837532559955e+02,6.823185516639e+01,3.911601766988e+02,6.078413806077e+01,3.757896276831e+02,1.000000000000e+00,-2.631997861640
1374,16530,6053466796.875000,2.741094685682e+02,-5.482189371364e+01,2.791158371102e+02,-6.448074350647e+01,2.778963970355e+02,-6.481794450583e+01,1.000000000000e+00,-2.656597282624
1375,16531,6053833007.812500,2.741094685682e+02,-1.644656811409e+02,2.761242692287e+02,-1.765580667567e+02,2.777379567228e+02,-1.746419321224e+02,1.000000000000e+00,-2.681179556099
1376,16532,6054199218.750000,5.482189371364e+01,3.837532559955e+02,6.676191132553e+01,3.917761976374e+02,6.108513244476e+01,3.761754576161e+02,1.000000000000e+00,-2.705744724782
1377,16533,6054565429.687500,-2.741094685682e+02,5.482189371364e+01,-2.793847738439e+02,6.316197912638e+01,-2.698242091906e+02,4.770561305504e+01,1.000000000000e+00,-2.730292833157
1378,16534,6054931640.625000,1.644656811409e+02,-2.741094685682e+02,1.619359977749e+02,-2.845235130964e+02,1.689582134131e+02,-2.830257103184e+02,1.000000000000e+00,-2.754823927450
1379,16535,6055297851.562500,-2.741094685682e+02,-5.482189371364e+01,-2.818437621663e+02,-4.975955262172e+01,-2.692832117675e+02,-6.234863395138e+01,1.000000000000e+00,-2.779338055600
1380,16536,6055664062.500000,1.644656811409e+02,2.741094685682e+02,1.746636252816e+02,2.766925319120e+02,1.710252081776e+02,2.656541791545e+02,1.000000000000e+00,-2.803835267238
1381,16537,6056030273.437500,2.741094685682e+02,-5.482189371364e+01,2.791961399781e+02,-6.239324785093e+01,2.799668861680e+02,-6.392643502042e+01,1.000000000000e+00,-2.828315613657
1382,16538,6056396484.375000,3.837532559955e+02,-5.482189371364e+01,3.916629921335e+02,-6.390814130158e+01,3.902317795927e+02,-6.349291936686e+01,1.000000000000e+00,-2.852779147792
1383,16539,6056762695.312500,-5.482189371364e+01,3.837532559955e+02,-4.935933082431e+01,3.938791644785e+02,-4.854335247107e+01,3.761848924938e+02,1.000000000000e+00,-2.877225924188
1384,16540,6057128906.250000,-3.837532559955e+02,1.644656811409e+02,-3.905024989211e+02,1.745428859548e+02,-3.777847928832e+02,1.561218105173e+02,1.000000000000e+00,-2.901655998984
1385,16541,6057495117.187500,5.482189371364e+01,-2.741094685682e+02,5.193779933053e+01,-2.818559516409e+02,6.260806025584e+01,-2.825003800732e+02,1.000000000000e+00,-2.926069429878
1386,16542,6057861328.125000,-3.837532559955e+02,-3.837532559955e+02,-3.995716462785e+02,-3.878394844603e+02,-3.768899537992e+02,-3.932078063153e+02,1.000000000000e+00,-2.950466276108
1387,16543,6058227539.062500,-2.741094685682e+02,3.837532559955e+02,-2.754400760575e+02,3.977542828717e+02,-2.675078773207e+02,3.769630545897e+02,1.000000000000e+00,-2.974846598429
1388,16544,6058593750.000000,-5.482189371364e+01,5.482189371364e+01,-5.539775435487e+01,5.699835790787e+01,-4.679910391272e+01,4.738860425009e+01,1.000000000000e+00,-2.999210459083
1389,16545,6058959960.937500,2.741094685682e+02,-1.644656811409e+02,2.784579111003e+02,-1.723820284556e+02,2.832486584990e+02,-1.718484201586e+02,1.000000000000e+00,-3.023557921776
1390,16546,6059326171.875000,2.741094685682e+02,2.741094685682e+02,2.845327279162e+02,2.769859916668e+02,2.831083929503e+02,2.675508602740e+02,1.000000000000e+00,-3.047889051657
1391,16547,6059692382.812500,1.644656811409e+02,5.482189371364e+01,1.691708081370e+02,5.396316450057e+01,1.738189036078e+02,4.798512452124e+01,1.000000000000e+00,-3.072203915289
1392,16548,6060058593.750000,-1.644656811409e+02,-3.837532559955e+02,-1.733931483345e+02,-3.908867144892e+02,-1.548178454442e+02,-3.913518663139e+02,1.000000000000e+00,-3.096502580630
1393,16549,6060424804.687500,-3.837532559955e+02,3.837532559955e+02,-3.879666544752e+02,3.981165568763e+02,-3.746027838262e+02,3.774406018663e+02,1.000000000000e+00,-3.120785117005
1394,16550,6060791015.625000,-1.644656811409e+02,-2.741094685682e+02,-1.721665236400e+02,-2.785404539651e+02,-1.546925878648e+02,-2.810264415931e+02,1.000000000000e+00,3.138133712096
1395,16551,6061157226.562500,-5.482189371364e+01,-2.741094685682e+02,-5.981215006288e+01,-2.800672530249e+02,-4.462536025609e+01,-2.808957860466e+02,1.000000000000e+00,3.113883220324
1396,16552,6061523437.500000,2.741094685682e+02,-2.741094685682e+02,2.774313782082e+02,-2.842609787392e+02,2.853272980812e+02,-2.807689103944e+02,1.000000000000e+00,3.089648641570
1397,16553,6061889648.437500,5.482189371364e+01,-1.644656811409e+02,5.427271451650e+01,-1.691719934429e+02,6.604485285791e+01,-1.707086697738e+02,1.000000000000e+00,3.065429901272
1398,16554,6062255859.375000,2.741094685682e+02,2.741094685682e+02,2.839271916554e+02,2.778998200181e+02,2.857696994748e+02,2.691498175177e+02,1.000000000000e+00,3.041226923614
1399,16555,6062622070.312500,5.482189371364e+01,5.482189371364e+01,5.676055721978e+01,5.560749546579e+01,6.649491178531e+01,4.949583338583e+01,1.000000000000e+00,3.017039631555
1400,16556,6062988281.250000,2.741094685682e+02,1.644656811409e+02,2.825776249847e+02,1.658043758499e+02,2.863776108477e+02,1.598746241128e+02,1.000000000000e+00,2.992867946846
1401,16557,6063354492.187500,-1.644656811409e+02,-3.837532559955e+02,-1.724426363186e+02,-3.915780627929e+02,-1.523168441663e+02,-3.896068558365e+02,1.000000000000e+00,2.968711790056
1402,16558,6063720703.125000,-1.644656811409e+02,-2.741094685682e+02,-1.713504341277e+02,-2.791602793026e+02,-1.522196454349e+02,-2.793870795341e+02,1.000000000000e+00,2.944571080592
1403,16559,6064086914.062500,5.482189371364e+01,-2.741094685682e+02,5.339118051502e+01,-2.814335426564e+02,6.771918143515e+01,-2.790517650360e+02,1.000000000000e+00,2.920445736723
1404,16560,6064453125.000000,3.837532559955e+02,5.482189371364e+01,3.939595802288e+02,5.280499140546e+01,3.976006700280e+02,5.131421756576e+01,1.000000000000e+00,2.896335675601
1405,16561,6064819335.937500,5.482189371364e+01,-2.741094685682e+02,5.416511773239e+01,-2.816433015294e+02,6.887365547202e+01,-2.786928304009e+02,1.000000000000e+00,2.872240813282
1406,16562,6065185546.875000,-1.644656811409e+02,-5.482189371364e+01,-1.691064903047e+02,-5.516031543549e+01,-1.513418365513e+02,-5.908181722831e+01,1.000000000000e+00,2.848161064748
1407,16563,6065551757.812500,-5.482189371364e+01,5.482189371364e+01,-5.589332493376e+01,5.654453567274e+01,-4.146626767510e+01,5.151143936510e+01,1.000000000000e+00,2.824096343929
1408,16564,6065917968.750000,2.741094685682e+02,-1.644656811409e+02,2.800831435588e+02,-1.700130081846e+02,2.892935040783e+02,-1.665956660402e+02,1.000000000000e+00,2.800046563725
1409,16565,6066284179.687500,3.837532559955e+02,5.482189371364e+01,3.936569587980e+02,5.435966248607e+01,3.985150897076e+02,5.406895611782e+01,1.000000000000e+00,2.776011636023
1410,16566,6066650390.625000,2.741094685682e+02,-3.837532559955e+02,2.794176105154e+02,-3.947371445514e+02,2.910163057163e+02,-3.857054575852e+02,1.000000000000e+00,2.751991471720
1411,16567,6067016601.562500,2.741094685682e+02,2.741094685682e+02,2.822940208228e+02,2.801028079317e+02,2.880977667004e+02,2.743876576289e+02,1.000000000000e+00,2.727985980746
1412,16568,6067382812.500000,-5.482189371364e+01,-1.644656811409e+02,-5.696609410954e+01,-1.685249262351e+02,-3.948328658291e+01,-1.668122464055e+02,1.000000000000e+00,2.703995072080
1413,16569,6067749023.437500,3.837532559955e+02,-2.741094685682e+02,3.926015507624e+02,-2.831313051202e+02,4.011852619870e+02,-2.746424642035e+02,1.000000000000e+00,2.680018653771
1414,16570,6068115234.375000,-2.741094685682e+02,-3.837532559955e+02,-2.830632641813e+02,-3.926145326231e+02,-2.582880898248e+02,-3.870745471829e+02,1.000000000000e+00,2.656056632960
1415,16571,6068481445.312500,3.837532559955e+02,3.837532559955e+02,3.948587019816e+02,3.922636868204e+02,3.979945956294e+02,3.863728750484e+02,1.000000000000e+00,2.632108915896
1416,16572,6068847656.250000,2.741094685682e+02,1.644656811409e+02,2.812720058721e+02,1.679297626823e+02,2.890022370767e+02,1.664674572993e+02,1.000000000000e+00,2.608175407959
1417,16573,6069213867.187500,-5.482189371364e+01,2.741094685682e+02,-5.561429839110e+01,2.809443754933e+02,-4.115312166445e+01,2.745132408810e+02,1.000000000000e+00,2.584256013677
1418,16574,6069580078.125000,-1.644656811409e+02,2.741094685682e+02,-1.678455813481e+02,2.812671382482e+02,-1.507423430235e+02,2.742845477204e+02,1.000000000000e+00,2.560350636743
1419,16575,6069946289.062500,-3.837532559955e+02,5.482189371364e+01,-3.930919552000e+02,5.728841814518e+01,-3.689543000048e+02,5.382513031002e+01,1.000000000000e+00,2.536459180039
1420,16576,6070312500.000000,3.837532559955e+02,1.644656811409e+02,3.940590296856e+02,1.668170847761e+02,3.997904178877e+02,1.679190383783e+02,1.000000000000e+00,2.512581545649
1421,16577,6070678710.937500,3.837532559955e+02,-1.644656811409e+02,3.923195533895e+02,-1.710492995198e+02,4.010346509326e+02,-1.619838328782e+02,1.000000000000e+00,2.488717634880
1422,16578,6071044921.875000,-2.741094685682e+02,-2.741094685682e+02,-2.831749194133e+02,-2.788830428423e+02,-2.583474493358e+02,-2.726993622270e+02,1.000000000000e+00,2.464867348279
1423,16579,6071411132.812500,2.741094685682e+02,-5.482189371364e+01,2.807705072605e+02,-5.787644829590e+01,2.911975949941e+02,-5.141279006034e+01,1.000000000000e+00,2.441030585652
1424,16580,6071777343.750000,1.644656811409e+02,3.837532559955e+02,1.703365744652e+02,3.929433974612e+02,1.794212471204e+02,3.888241658125e+02,1.000000000000e+00,2.417207246080
1425,16581,6072143554.687500,-3.837532559955e+02,2.741094685682e+02,-3.927594344350e+02,2.825108452224e+02,-3.701043348090e+02,2.764096687005e+02,1.000000000000e+00,2.393397227935
1426,16582,6072509765.625000,3.837532559955e+02,5.482189371364e+01,3.938751833486e+02,5.470807906952e+01,4.009602438588e+02,6.101207398404e+01,1.000000000000e+00,2.369600428900
1427,16583,6072875976.562500,1.644656811409e+02,-1.644656811409e+02,1.679439444828e+02,-1.694471872502e+02,1.820998875493e+02,-1.596613439149e+02,1.000000000000e+00,2.345816745986
1428,16584,6073242187.500000,-2.741094685682e+02,1.644656811409e+02,-2.804048145652e+02,1.696937159925e+02,-2.592459349714e+02,1.683112688152e+02,1.000000000000e+00,2.322046075546
1429,16585,6073608398.437500,3.837532559955e+02,3.837532559955e+02,3.942225548613e+02,3.922523362320e+02,3.982394338233e+02,3.924786584441e+02,1.000000000000e+00,2.298288313291
1430,16586,6073974609.375000,5.482189371364e+01,3.837532559955e+02,5.662177529276e+01,3.929431116023e+02,6.811632252362e+01,3.905147426246e+02,1.000000000000e+00,2.274543354310
1431,16587,6074340820.312500,-1.644656811409e+02,-1.644656811409e+02,-1.689949981755e+02,-1.680969528231e+02,-1.472242827207e+02,-1.596582457597e+02,1.000000000000e+00,2.250811093082
1432,16588,6074707031.250000,-2.741094685682e+02,3.837532559955e+02,-2.794234287726e+02,3.947858036344e+02,-2.606137334859e+02,3.899902928095e+02,1.000000000000e+00,2.227091423493
1433,16589,6075073242.187500,-1.644656811409e+02,5.482189371364e+01,-1.684831778265e+02,5.712167746490e+01,-1.489539969806e+02,6.136752840256e+01,1.000000000000e+00,2.203384238852
1434,16590,6075439453.125000,-2.741094685682e+02,-1.644656811409e+02,-2.816769570941e+02,-1.680379235308e+02,-2.574270497878e+02,-1.594720212895e+02,1.000000000000e+00,2.179689431906
1435,16591,6075805664.062500,2.741094685682e+02,-2.741094685682e+02,2.812288570921e+02,-2.811951893830e+02,2.940083454326e+02,-2.639431060636e+02,1.000000000000e+00,2.156006894855
1436,16592,6076171875.000000,-3.837532559955e+02,-1.644656811409e+02,-3.935397203778e+02,-1.691723593704e+02,-3.668559289285e+02,-1.609674139317e+02,1.000000000000e+00,2.132336519366
1437,16593,6076538085.937500,-1.644656811409e+02,2.741094685682e+02,-1.689002903867e+02,2.812548455410e+02,-1.521142597488e+02,2.821420753890e+02,1.000000000000e+00,2.108678196588
1438,16594,6076904296.875000,5.482189371364e+01,2.741094685682e+02,5.637408139831e+01,2.813886800806e+02,6.793898718431e+01,2.851449750239e+02,1.000000000000e+00,2.085031817166
1439,16595,6077270507.812500,-2.741094685682e+02,5.482189371364e+01,-2.814423677852e+02,5.651589557120e+01,-2.599947650393e+02,6.198901000031e+01,1.000000000000e+00,2.061397271257
1440,16596,6077636718.750000,-2.741094685682e+02,-2.741094685682e+02,-2.818801837616e+02,-2.812437762418e+02,-2.567027983944e+02,-2.678414633306e+02,1.000000000000e+00,2.037774448541
1441,16597,6078002929.687500,-1.644656811409e+02,1.644656811409e+02,-1.687296981225e+02,1.692318101487e+02,-1.514420099062e+02,1.742454189752e+02,1.000000000000e+00,2.014163238237
1442,16598,6078369140.625000,5.482189371364e+01,-5.482189371364e+01,5.614286416850e+01,-5.638202596817e+01,7.089826681364e+01,-4.321664304708e+01,1.000000000000e+00,1.990563529115
1443,16599,6078735351.562500,-5.482189371364e+01,-2.741094685682e+02,-5.697490120811e+01,-2.808342630828e+02,-3.707675113249e+01,-2.635771702632e+02,1.000000000000e+00,1.966975209511
1444,16600,6079101562.500000,-3.837532559955e+02,3.837532559955e+02,-3.917216666837e+02,3.943248040561e+02,-3.729590040427e+02,3.926490631178e+02,1.000000000000e+00,1.943398167337
1445,16601,6079467773.437500,2.741094685682e+02,2.741094685682e+02,2.816533970414e+02,2.796240764492e+02,2.864900064032e+02,2.895554565686e+02,1.000000000000e+00,1.919832290097
1446,16602,6079833984.375000,2.741094685682e+02,-3.837532559955e+02,2.790070976378e+02,-3.938646713004e+02,2.925513451503e+02,-3.683509315504e+02,1.000000000000e+00,1.896277464899
1447,16603,6080200195.312500,1.644656811409e+02,5.482189371364e+01,1.685074693620e+02,5.555434163159e+01,1.783057034003e+02,7.001353679124e+01,1.000000000000e+00,1.872733578465
1448,16604,6080566406.250000,5.482189371364e+01,1.644656811409e+02,5.643629017782e+01,1.682542959173e+02,6.691040002067e+01,1.791014608345e+02,1.000000000000e+00,1.849200517146
1449,16605,6080932617.187500,-1.644656811409e+02,2.741094685682e+02,-1.682639353135e+02,2.807395042381e+02,-1.546796524301e+02,2.862753728857e+02,1.000000000000e+00,1.825678166933
1450,16606,6081298828.125000,2.741094685682e+02,-1.644656811409e+02,2.807186811452e+02,-1.689740208080e+02,2.904932289205e+02,-1.463838756330e+02,1.000000000000e+00,1.802166413468
1451,16607,6081665039.062500,-2.741094685682e+02,3.837532559955e+02,-2.801662831549e+02,3.946491201193e+02,-2.665457035093e+02,3.966271941551e+02,1.000000000000e+00,1.778665142059
1452,16608,6082031250.000000,-5.482189371364e+01,5.482189371364e+01,-5.607940468382e+01,5.656519909780e+01,-4.268213401855e+01,6.989809136018e+01,1.000000000000e+00,1.755174237686
1453,16609,6082397460.937500,5.482189371364e+01,5.482189371364e+01,5.655941555256e+01,5.600031622835e+01,6.711462775974e+01,7.151326340315e+01,1.000000000000e+00,1.731693585015
1454,16610,6082763671.875000,5.482189371364e+01,-5.482189371364e+01,5.592124340993e+01,-5.655353657609e+01,6.799526811469e+01,-3.811080818810e+01,1.000000000000e+00,1.708223068413
1455,16611,6083129882.812500,-1.644656811409e+02,-1.644656811409e+02,-1.696804486756e+02,-1.674965884532e+02,-1.509776135268e+02,-1.499389319853e+02,1.000000000000e+00,1.684762571951
1456,16612,6083496093.750000,1.644656811409e+02,-2.741094685682e+02,1.663103897572e+02,-2.820829903113e+02,1.791747268003e+02,-2.558658374457e+02,1.000000000000e+00,1.661311979420
1457,16613,6083862304.687500,3.837532559955e+02,5.482189371364e+01,3.933279021938e+02,5.261499046956e+01,3.949584178936e+02,7.576063861723e+01,1.000000000000e+00,1.637871174340
1458,16614,6084228515.625000,-2.741094685682e+02,2.741094685682e+02,-2.782398560035e+02,2.831751535721e+02,-2.660680317756e+02,2.895126443101e+02,1.000000000000e+00,1.614440039971
1459,16615,6084594726.562500,-5.482189371364e+01,-3.837532559955e+02,-5.929130899538e+01,-3.929751589345e+02,-3.998337615913e+01,-3.671409888230e+02,1.000000000000e+00,1.591018459323
1460,16616,6084960937.500000,-3.837532559955e+02,-3.837532559955e+02,-3.965644007201e+02,-3.911195696086e+02,-3.698940833330e+02,-3.714331613581e+02,1.000000000000e+00,1.567606315164
1461,16617,6085327148.437500,5.482189371364e+01,-3.837532559955e+02,5.321887999939e+01,-3.944750108002e+02,6.963133499976e+01,-3.657825880954e+02,1.000000000000e+00,1.544203490031
1462,16618,6085693359.375000,-1.644656811409e+02,-3.837532559955e+02,-1.724512923923e+02,-3.926989872414e+02,-1.511978213008e+02,-3.682103357496e+02,1.000000000000e+00,1.520809866243
1463,16619,6086059570.312500,1.644656811409e+02,3.837532559955e+02,1.727987264729e+02,3.926667395787e+02,1.699430978592e+02,4.067757853264e+02,1.000000000000e+00,1.497425325903
1464,16620,6086425781.250000,-3.837532559955e+02,1.644656811409e+02,-3.925774958419e+02,1.723260891346e+02,-3.786739662971e+02,1.799006587112e+02,1.000000000000e+00,1.474049750915
1465,16621,6086791992.187500,5.482189371364e+01,-3.837532559955e+02,5.317899876358e+01,-3.942471341531e+02,6.872341014837e+01,-3.641972189886e+02,1.000000000000e+00,1.450683022987
1466,16622,6087158203.125000,5.482189371364e+01,3.837532559955e+02,5.919065236571e+01,3.932279874061e+02,5.698352556668e+01,4.059557766367e+02,1.000000000000e+00,1.427325023644
1467,16623,6087524414.062500,5.482189371364e+01,-3.837532559955e+02,5.308150837362e+01,-3.940612601821e+02,6.815539338267e+01,-3.633938287549e+02,1.000000000000e+00,1.403975634235
1468,16624,6087890625.000000,-5.482189371364e+01,-5.482189371364e+01,-5.670214604560e+01,-5.574716400128e+01,-4.722393491531e+01,-3.496877735815e+01,1.000000000000e+00,1.380634735940
1469,16625,6088256835.937500,5.482189371364e+01,-3.837532559955e+02,5.238661456990e+01,-3.941474227577e+02,6.698781275202e+01,-3.629122213114e+02,1.000000000000e+00,1.357302209784
1470,16626,6088623046.875000,2.741094685682e+02,5.482189371364e+01,2.818183152811e+02,5.304207172558e+01,2.801260445564e+02,8.000351979237e+01,1.000000000000e+00,1.333977936637
1471,16627,6088989257.812500,-3.837532559955e+02,-2.741094685682e+02,-3.973467309527e+02,-2.761152913384e+02,-3.760071738504e+02,-2.581816602706e+02,1.000000000000e+00,1.310661797229
1472,16628,6089355468.750000,-3.837532559955e+02,-1.644656811409e+02,-3.955981451831e+02,-1.638773776646e+02,-3.774728478026e+02,-1.484498313377e+02,1.000000000000e+00,1.287353672157
1473,16629,6089721679.687500,3.837532559955e+02,3.837532559955e+02,3.978264884738e+02,3.889426711659e+02,3.832081129971e+02,4.124379877168e+02,1.000000000000e+00,1.264053441887
1474,16630,6090087890.625000,-5.482189371364e+01,-5.482189371364e+01,-5.679045565665e+01,-5.559146006758e+01,-5.001946569000e+01,-3.367801855100e+01,1.000000000000e+00,1.240760986771
1475,16631,6090454101.562500,-5.482189371364e+01,3.837532559955e+02,-5.197438836265e+01,3.942619077143e+02,-5.801301286541e+01,4.062416695065e+02,1.000000000000e+00,1.217476187045
1476,16632,6090820312.500000,5.482189371364e+01,1.644656811409e+02,5.813583274509e+01,1.682258592387e+02,5.512449284025e+01,1.885266776745e+02,1.000000000000e+00,1.194198922844
1477,16633,6091186523.437500,-2.741094685682e+02,-5.482189371364e+01,-2.821669264970e+02,-5.293110602709e+01,-2.717865900859e+02,-3.708113481320e+01,1.000000000000e+00,1.170929074206
1478,16634,6091552734.375000,2.741094685682e+02,-2.741094685682e+02,2.775795281488e+02,-2.853111016700e+02,2.814813101419e+02,-2.479672459940e+02,1.000000000000e+00,1.147666521076
1479,16635,6091918945.312500,1.644656811409e+02,5.482189371364e+01,1.697105269232e+02,5.366095142293e+01,1.656634376629e+02,8.039483335329e+01,1.000000000000e+00,1.124411143321
1480,16636,6092285156.250000,-5.482189371364e+01,-2.741094685682e+02,-6.067205187107e+01,-2.805024604228e+02,-4.992427995964e+01,-2.529098819078e+02,1.000000000000e+00,1.101162820728
1481,16637,6092651367.187500,-3.837532559955e+02,-2.741094685682e+02,-3.982226648941e+02,-2.753635810394e+02,-3.802934727265e+02,-2.582585569401e+02,1.000000000000e+00,1.077921433017
1482,16638,6093017578.125000,1.644656811409e+02,2.741094685682e+02,1.730406340817e+02,2.788310668198e+02,1.600794852105e+02,3.011488283918e+02,1.000000000000e+00,1.054686859845
1483,16639,6093383789.062500,5.482189371364e+01,2.741094685682e+02,6.093383317351e+01,2.802622624194e+02,4.975550635982e+01,2.991136885203e+02,1.000000000000e+00,1.031458980811
1484,16640,6093750000.000000,2.741094685682e+02,1.644656811409e+02,2.841356134641e+02,1.634574084585e+02,2.709562091983e+02,1.924095137678e+02,1.000000000000e+00,1.008237675467
1485,16641,6094116210.937500,-1.644656811409e+02,-1.644656811409e+02,-1.718471188762e+02,-1.653010912395e+02,-1.642275217379e+02,-1.438890438756e+02,1.000000000000e+00,0.985022823318
1486,16642,6094482421.875000,-5.482189371364e+01,3.837532559955e+02,-4.871129740947e+01,3.945548994747e+02,-6.350940532068e+01,4.072661654382e+02,1.000000000000e+00,0.961814303835
1487,16643,6094848632.812500,-3.837532559955e+02,1.644656811409e+02,-3.904710145171e+02,1.760614035886e+02,-3.906280878665e+02,1.818315017781e+02,1.000000000000e+00,0.938611996455
1488,16644,6095214843.750000,-5.482189371364e+01,2.741094685682e+02,-5.069063234709e+01,2.823238481621e+02,-6.310143791078e+01,2.974702671488e+02,1.000000000000e+00,0.915415780588
1489,16645,6095581054.687500,-2.741094685682e+02,3.837532559955e+02,-2.726615989197e+02,3.998371899708e+02,-2.849843756007e+02,4.041741780007e+02,1.000000000000e+00,0.892225535628
1490,16646,6095947265.625000,-5.482189371364e+01,2.741094685682e+02,-4.956295431555e+01,2.825775626335e+02,-6.351842117413e+01,2.976306315166e+02,1.000000000000e+00,0.869041140951
1491,16647,6096313476.562500,2.741094685682e+02,-3.837532559955e+02,2.717795324934e+02,-4.002566402041e+02,2.753801673216e+02,-3.574507413615e+02,1.000000000000e+00,0.845862475925
1492,16648,6096679687.500000,5.482189371364e+01,-3.837532559955e+02,4.699631466718e+01,-3.947067077582e+02,5.528456255525e+01,-3.605099116550e+02,1.000000000000e+00,0.822689419915
1493,16649,6097045898.437500,1.644656811409e+02,3.837532559955e+02,1.776528466563e+02,3.893362110587e+02,1.519978980483e+02,4.104992312492e+02,1.000000000000e+00,0.799521852288
1494,16650,6097412109.375000,-1.644656811409e+02,1.644656811409e+02,-1.645287286713e+02,1.726493133754e+02,-1.744890100940e+02,1.852328314759e+02,1.000000000000e+00,0.776359652417
1495,16651,6097778320.312500,1.644656811409e+02,-2.741094685682e+02,1.616239139453e+02,-2.852864875387e+02,1.619893627834e+02,-2.491069747643e+02,1.000000000000e+00,0.753202699688
1496,16652,6098144531.250000,-5.482189371364e+01,-2.741094685682e+02,-6.360820371375e+01,-2.797363425674e+02,-5.860312476872e+01,-2.529677835704e+02,1.000000000000e+00,0.730050873504
1497,16653,6098510742.187500,3.837532559955e+02,1.644656811409e+02,3.986873679726e+02,1.578510803270e+02,3.742374720601e+02,1.936981691532e+02,1.000000000000e+00,0.706904053291
1498,16654,6098876953.125000,3.837532559955e+02,-3.837532559955e+02,3.825764798884e+02,-4.059343729651e+02,3.819053477478e+02,-3.575234937449e+02,1.000000000000e+00,0.683762118501
1499,16655,6099243164.062500,-5.482189371364e+01,3.837532559955e+02,-4.452268004162e+01,3.958644253862e+02,-7.035882454960e+01,4.071781109835e+02,1.000000000000e+00,0.660624948617
1500,16656,6099609375.000000,3.837532559955e+02,-2.741094685682e+02,3.856340238660e+02,-2.929835819199e+02,3.793803645018e+02,-2.468112462412e+02,1.000000000000e+00,0.637492423160
1501,16657,6099975585.937500,2.741094685682e+02,5.482189371364e+01,2.828258475334e+02,4.807596758670e+01,2.633026337554e+02,8.177114917059e+01,1.000000000000e+00,0.614364421691
1502,16658,6100341796.875000,-5.482189371364e+01,2.741094685682e+02,-4.790452560634e+01,2.829901810665e+02,-7.101690848506e+01,2.960796987733e+02,1.000000000000e+00,0.591240823817
1503,16659,6100708007.812500,-3.837532559955e+02,-1.644656811409e+02,-3.991985865059e+02,-1.568684039455e+02,-3.943876729428e+02,-1.500662606751e+02,1.000000000000e+00,0.568121509195
1504,16660,6101074218.750000,1.644656811409e+02,-1.644656811409e+02,1.636493868661e+02,-1.742005681521e+02,1.556787832923e+02,-1.409350403139e+02,1.000000000000e+00,0.545006357537
1505,16661,6101440429.687500,-3.837532559955e+02,-2.741094685682e+02,-4.028599967898e+02,-2.687697582634e+02,-3.933760134490e+02,-2.605909981141e+02,1.000000000000e+00,0.521895248610
1506,16662,6101806640.625000,5.482189371364e+01,-1.644656811409e+02,5.072775724332e+01,-1.705194977715e+02,4.444729465788e+01,-1.430891078090e+02,1.000000000000e+00,0.498788062248
1507,16663,6102172851.562500,2.741094685682e+02,-2.741094685682e+02,2.717431708990e+02,-2.904763509587e+02,2.658131014215e+02,-2.494939392275e+02,1.000000000000e+00,0.475684678351
1508,16664,6102539062.500000,1.644656811409e+02,3.837532559955e+02,1.821659601620e+02,3.880203626649e+02,1.439121544147e+02,4.084079772203e+02,1.000000000000e+00,0.452584976887
1509,16665,6102905273.437500,-1.644656811409e+02,-1.644656811409e+02,-1.747218862086e+02,-1.629751855761e+02,-1.771826974208e+02,-1.479673115713e+02,1.000000000000e+00,0.429488837902
1510,16666,6103271484.375000,-3.837532559955e+02,-3.837532559955e+02,-4.080007145207e+02,-3.799402039131e+02,-3.940320172274e+02,-3.723404231571e+02,1.000000000000e+00,0.406396141520
1511,16667,6103637695.312500,-5.482189371364e+01,3.837532559955e+02,-4.190272174501e+01,3.959354406592e+02,-7.766919761760e+01,4.037718624553e+02,1.000000000000e+00,0.383306767948
1512,16668,6104003906.250000,-5.482189371364e+01,-2.741094685682e+02,-6.675411628594e+01,-2.791839606685e+02,-6.661752036571e+01,-2.570096199069e+02,1.000000000000e+00,0.360220597477
1513,16669,6104370117.187500,1.644656811409e+02,-1.644656811409e+02,1.625812003773e+02,-1.750005498737e+02,1.513547080655e+02,-1.432551285295e+02,1.000000000000e+00,0.337137510493
1514,16670,6104736328.125000,2.741094685682e+02,2.741094685682e+02,2.915541035499e+02,2.711511990917e+02,2.523524737067e+02,2.991221457118e+02,1.000000000000e+00,0.314057387470
1515,16671,6105102539.062500,-2.741094685682e+02,-3.837532559955e+02,-2.956833196349e+02,-3.836423636008e+02,-2.849429780660e+02,-3.729722350392e+02,1.000000000000e+00,0.290980108985
1516,16672,6105468750.000000,5.482189371364e+01,5.482189371364e+01,5.839896892218e+01,5.409333589764e+01,3.572749182807e+01,7.373186386428e+01,1.000000000000e+00,0.267905555714
1517,16673,6105834960.937500,-5.482189371364e+01,2.741094685682e+02,-4.493654104347e+01,2.833722772984e+02,-7.878429365984e+01,2.912120844930e+02,1.000000000000e+00,0.244833608436
1518,16674,6106201171.875000,1.644656811409e+02,2.741094685682e+02,1.802478421823e+02,2.741000074441e+02,1.408724183724e+02,2.948259355547e+02,1.000000000000e+00,0.221764148040
1519,16675,6106567382.812500,2.741094685682e+02,-2.741094685682e+02,2.693031206274e+02,-2.928371475441e+02,2.606360186036e+02,-2.534716388669e+02,1.000000000000e+00,0.198697055527
1520,16676,6106933593.750000,-2.741094685682e+02,-3.837532559955e+02,-2.977703310581e+02,-3.815794909035e+02,-2.876029527854e+02,-3.742380675540e+02,1.000000000000e+00,0.175632212012
1521,16677,6107299804.687500,2.741094685682e+02,-2.741094685682e+02,2.688387977370e+02,-2.933438904815e+02,2.598662517803e+02,-2.544032441390e+02,1.000000000000e+00,0.152569498729
1522,16678,6107666015.625000,3.837532559955e+02,-1.644656811409e+02,3.859835727416e+02,-1.863300918959e+02,3.674284217752e+02,-1.429965573931e+02,1.000000000000e+00,0.129508797032
1523,16679,6108032226.562500,1.644656811409e+02,-5.482189371364e+01,1.660787092257e+02,-6.400115192413e+01,1.450038258206e+02,-3.749009353056e+01,1.000000000000e+00,0.106449988402
1524,16680,6108398437.500000,5.482189371364e+01,-5.482189371364e+01,5.358519558163e+01,-5.882687838279e+01,3.460842938498e+01,-3.988142143029e+01,1.000000000000e+00,0.083392954447
1525,16681,6108764648.437500,1.644656811409e+02,2.741094685682e+02,1.818108925421e+02,2.729940042120e+02,1.381690528095e+02,2.916075387250e+02,1.000000000000e+00,0.060337576907
1526,16682,6109130859.375000,-5.482189371364e+01,-3.837532559955e+02,-7.485655319501e+01,-3.906413357908e+02,-6.977769072689e+01,-3.727804547862e+02,1.000000000000e+00,0.037283737655
1527,16683,6109497070.312500,-5.482189371364e+01,-2.741094685682e+02,-6.954605787586e+01,-2.784083723160e+02,-7.196100040430e+01,-2.634917311217e+02,1.000000000000e+00,0.014231318705
1528,16684,6109863281.250000,5.482189371364e+01,1.644656811409e+02,6.423899214423e+01,1.660633607638e+02,2.891972281156e+01,1.783954740241e+02,1.000000000000e+00,-0.008819797793
1529,16685,6110229492.187500,-5.482189371364e+01,-5.482189371364e+01,-5.890806064447e+01,-5.354205417420e+01,-7.685624330219e+01,-4.455832031984e+01,1.000000000000e+00,-0.031869729540
1530,16686,6110595703.125000,-5.482189371364e+01,-5.482189371364e+01,-5.889151035275e+01,-5.346824699594e+01,-7.708251501349e+01,-4.505515062288e+01,1.000000000000e+00,-0.054918594094
1531,16687,6110961914.062500,-3.837532559955e+02,1.644656811409e+02,-3.847220339474e+02,1.875854738243e+02,-4.116900173888e+02,1.669924124318e+02,1.000000000000e+00,-0.077966508862
1532,16688,6111328125.000000,-1.644656811409e+02,-3.837532559955e+02,-1.885260734914e+02,-3.844481790941e+02,-1.808442834321e+02,-3.780287907189e+02,1.000000000000e+00,-0.101013591098
1533,16689,6111694335.937500,2.741094685682e+02,-5.482189371364e+01,2.778557239299e+02,-7.120862951144e+01,2.519096423213e+02,-4.033378412176e+01,1.000000000000e+00,-0.124059957898
1534,16690,6112060546.875000,1.644656811409e+02,3.837532559955e+02,1.904152020682e+02,3.839513865409e+02,1.339499677192e+02,3.969162670977e+02,1.000000000000e+00,-0.147105726203
1535,16691,6112426757.812500,-5.482189371364e+01,-5.482189371364e+01,-5.927989963299e+01,-5.306083122921e+01,-7.847587599795e+01,-4.763862467933e+01,1.000000000000e+00,-0.170151012788
1536,16692,6112792968.750000,-2.741094685682e+02,2.741094685682e+02,-2.652760208925e+02,2.962508598365e+02,-3.049964946136e+02,2.772569328354e+02,1.000000000000e+00,-0.193195934266
1537,16693,6113159179.687500,-5.482189371364e+01,5.482189371364e+01,-5.302304676103e+01,5.924420791920e+01,-8.097478834682e+01,6.108527363427e+01,1.000000000000e+00,-0.216240607082
1538,16694,6113525390.625000,-3.837532559955e+02,3.837532559955e+02,-3.706947650652e+02,4.148837136381e+02,-4.174514597721e+02,3.834039077812e+02,1.000000000000e+00,-0.239285147509
1539,16695,6113891601.562500,1.644656811409e+02,-3.837532559955e+02,1.458607949957e+02,-4.022489804647e+02,1.473395294606e+02,-3.749721956803e+02,1.000000000000e+00,-0.262329671646
1540,16696,6114257812.500000,1.644656811409e+02,2.741094685682e+02,1.849799176647e+02,2.705554139940e+02,1.342390813129e+02,2.833590814125e+02,1.000000000000e+00,-0.285374295418
1541,16697,6114624023.437500,5.482189371364e+01,5.482189371364e+01,5.963618228425e+01,5.264898168616e+01,2.853833838768e+01,6.085167143004e+01,1.000000000000e+00,-0.308419134569
1542,16698,6114990234.375000,-1.644656811409e+02,-2.741094685682e+02,-1.868111919179e+02,-2.699057065157e+02,-1.866224755923e+02,-2.732786900103e+02,1.000000000000e+00,-0.331464304660
1543,16699,6115356445.312500,2.741094685682e+02,5.482189371364e+01,2.846222823299e+02,3.794460930618e+01,2.486313489854e+02,6.318646080952e+01,1.000000000000e+00,-0.354509921067
1544,16700,6115722656.250000,-2.741094685682e+02,-1.644656811409e+02,-2.919806144109e+02,-1.504483807611e+02,-2.983430249921e+02,-1.667187283438e+02,1.000000000000e+00,-0.377556098980
1545,16701,6116088867.187500,3.837532559955e+02,1.644656811409e+02,4.045333761511e+02,1.431597819678e+02,3.567307422946e+02,1.746409837516e+02,1.000000000000e+00,-0.400602953394
1546,16702,6116455078.125000,3.837532559955e+02,3.837532559955e+02,4.196186501335e+02,3.675964434978e+02,3.529593608080e+02,3.942626078689e+02,1.000000000000e+00,-0.423650599115
1547,16703,6116821289.062500,-5.482189371364e+01,-5.482189371364e+01,-6.001690335932e+01,-5.244586875408e+01,-8.015527320082e+01,-5.465710820067e+01,1.000000000000e+00,-0.446699150747
1548,16704,6117187500.000000,5.482189371364e+01,5.482189371364e+01,6.002010471174e+01,5.241767188571e+01,2.809135373917e+01,5.681794227699e+01,1.000000000000e+00,-0.469748722699
1549,16705,6117553710.937500,-1.644656811409e+02,5.482189371364e+01,-1.648130808964e+02,6.748941187914e+01,-1.922377032176e+02,5.209168338478e+01,1.000000000000e+00,-0.492799429173
1550,16706,6117919921.875000,2.741094685682e+02,1.644656811409e+02,2.920235448871e+02,1.498511743479e+02,2.457085529360e+02,1.702577862581e+02,1.000000000000e+00,-0.515851384169
1551,16707,6118286132.812500,3.837532559955e+02,-1.644656811409e+02,3.816584180052e+02,-1.947164892779e+02,3.623412908479e+02,-1.580346942784e+02,1.000000000000e+00,-0.538904701476
1552,16708,6118652343.750000,3.837532559955e+02,2.741094685682e+02,4.117258820506e+02,2.538450065458e+02,3.530668947931e+02,2.811271071312e+02,1.000000000000e+00,-0.561959494673
1553,16709,6119018554.687500,-3.837532559955e+02,-1.644656811409e+02,-4.040513727709e+02,-1.412081918477e+02,-4.070948784292e+02,-1.749364437699e+02,1.000000000000e+00,-0.585015877123
1554,16710,6119384765.625000,3.837532559955e+02,-3.837532559955e+02,3.652813484896e+02,-4.205834732776e+02,3.667968286133e+02,-3.802164613996e+02,1.000000000000e+00,-0.608073961973
1555,16711,6119750976.562500,3.837532559955e+02,3.837532559955e+02,4.216885076044e+02,3.650770659249e+02,3.523662643116e+02,3.894788708220e+02,1.000000000000e+00,-0.631133862148
1556,16712,6120117187.500000,2.741094685682e+02,3.837532559955e+02,3.099472626567e+02,3.730210999869e+02,2.426302758576e+02,3.869273819806e+02,1.000000000000e+00,-0.654195690352
1557,16713,6120483398.437500,1.644656811409e+02,5.482189371364e+01,1.727018572849e+02,4.376859248776e+01,1.385657098072e+02,5.363121575677e+01,1.000000000000e+00,-0.677259559059
1558,16714,6120849609.375000,2.741094685682e+02,-5.482189371364e+01,2.765692352415e+02,-7.696648438950e+01,2.507557075014e+02,-5.487025686644e+01,1.000000000000e+00,-0.700325580515
1559,16715,6121215820.312500,1.644656811409e+02,-1.644656811409e+02,1.557754478570e+02,-1.811270222011e+02,1.429419426601e+02,-1.677208902868e+02,1.000000000000e+00,-0.723393866735
1560,16716,6121582031.250000,2.741094685682e+02,2.741094685682e+02,3.024875986292e+02,2.593635885795e+02,2.451319972576e+02,2.741716699649e+02,1.000000000000e+00,-0.746464529495
1561,16717,6121948242.187500,-5.482189371364e+01,-1.644656811409e+02,-6.941862948528e+01,-1.642593720673e+02,-7.721334868580e+01,-1.732600334362e+02,1.000000000000e+00,-0.769537680334
1562,16718,6122314453.125000,1.644656811409e+02,-1.644656811409e+02,1.551997434919e+02,-1.820288230108e+02,1.433574936093e+02,-1.699563401726e+02,1.000000000000e+00,-0.792613430548
1563,16719,6122680664.062500,-5.482189371364e+01,-2.741094685682e+02,-7.888553583850e+01,-2.763673311324e+02,-7.510898901501e+01,-2.844639942627e+02,1.000000000000e+00,-0.815691891188
1564,16720,6123046875.000000,-3.837532559955e+02,-1.644656811409e+02,-4.069585417257e+02,-1.362840143461e+02,-4.073270585803e+02,-1.802641858507e+02,1.000000000000e+00,-0.838773173056
1565,16721,6123413085.937500,5.482189371364e+01,-2.741094685682e+02,3.317031715457e+01,-2.855652568948e+02,3.567271926834e+01,-2.837589481651e+02,1.000000000000e+00,-0.861857386703
1566,16722,6123779296.875000,1.644656811409e+02,-5.482189371364e+01,1.640511991673e+02,-7.004118006023e+01,1.424175717444e+02,-6.182383960775e+01,1.000000000000e+00,-0.884944642425
1567,16723,6124145507.812500,-3.837532559955e+02,-5.482189371364e+01,-3.980943346721e+02,-2.384330231772e+01,-4.086491586911e+02,-7.258717975949e+01,1.000000000000e+00,-0.908035050256
1568,16724,6124511718.750000,-2.741094685682e+02,-1.644656811409e+02,-2.947084263626e+02,-1.451290990112e+02,-2.957576747415e+02,-1.811468207339e+02,1.000000000000e+00,-0.931128719972
1569,16725,6124877929.687500,3.837532559955e+02,-2.741094685682e+02,3.690668496605e+02,-3.132881736067e+02,3.670157309725e+02,-2.791092612297e+02,1.000000000000e+00,-0.954225761083
1570,16726,6125244140.625000,3.837532559955e+02,2.741094685682e+02,4.163336832093e+02,2.468618330508e+02,3.570739437153e+02,2.701779572342e+02,1.000000000000e+00,-0.977326282829
1571,16727,6125610351.562500,-5.482189371364e+01,1.644656811409e+02,-4.142668020962e+01,1.730896501808e+02,-8.049399286702e+01,1.517838886564e+02,1.000000000000e+00,-1.000430394179
1572,16728,6125976562.500000,-5.482189371364e+01,-2.741094685682e+02,-8.099165766774e+01,-2.753976638581e+02,-7.293298948027e+01,-2.888833221083e+02,1.000000000000e+00,-1.023538203823
1573,16729,6126342773.437500,-3.837532559955e+02,-1.644656811409e+02,-4.076413441786e+02,-1.334487414013e+02,-4.045975878462e+02,-1.850532794750e+02,1.000000000000e+00,-1.046649820177
1574,16730,6126708984.375000,-1.644656811409e+02,-1.644656811409e+02,-1.832818088743e+02,-1.534759077912e+02,-1.839390379691e+02,-1.820285058885e+02,1.000000000000e+00,-1.069765351369
1575,16731,6127075195.312500,5.482189371364e+01,2.741094685682e+02,8.094817677656e+01,2.757751655107e+02,2.852635078194e+01,2.622499840118e+02,1.000000000000e+00,-1.092884905243
1576,16732,6127441406.250000,3.837532559955e+02,-1.644656811409e+02,3.781390647490e+02,-2.032235412476e+02,3.679586731786e+02,-1.724812754088e+02,1.000000000000e+00,-1.116008589351
1577,16733,6127807617.187500,-2.741094685682e+02,2.741094685682e+02,-2.558753604202e+02,3.056343904870e+02,-3.017073760535e+02,2.547144857512e+02,1.000000000000e+00,-1.139136510953
1578,16734,6128173828.125000,3.837532559955e+02,-2.741094685682e+02,3.679919762519e+02,-3.158564737991e+02,3.711069181307e+02,-2.833349570710e+02,1.000000000000e+00,-1.162268777008
1579,16735,6128540039.062500,-2.741094685682e+02,3.837532559955e+02,-2.451562249385e+02,4.184850503954e+02,-3.030674543271e+02,3.642147031201e+02,1.000000000000e+00,-1.185405494176
1580,16736,6128906250.000000,-5.482189371364e+01,2.741094685682e+02,-3.036455847428e+01,2.859083982237e+02,-7.990116436662e+01,2.579979965483e+02,1.000000000000e+00,-1.208546768809
1581,16737,6129272460.937500,-1.644656811409e+02,-3.837532559955e+02,-2.046398490305e+02,-3.770874361601e+02,-1.767862667857e+02,-4.056137468267e+02,1.000000000000e+00,-1.231692706949
1582,16738,6129638671.875000,5.482189371364e+01,1.644656811409e+02,7.167412445538e+01,1.628482118849e+02,3.314216741513e+01,1.487212140757e+02,1.000000000000e+00,-1.254843414327
1583,16739,6130004882.812500,3.837532559955e+02,-5.482189371364e+01,3.864062840971e+02,-9.264868380441e+01,3.673923351153e+02,-6.508595753618e+01,1.000000000000e+00,-1.277998996352
1584,16740,6130371093.750000,5.482189371364e+01,-1.644656811409e+02,3.988995119906e+01,-1.733332052132e+02,4.024058892187e+01,-1.820621656046e+02,1.000000000000e+00,-1.301159558114
1585,16741,6130737304.687500,3.837532559955e+02,-3.837532559955e+02,3.537632082511e+02,-4.306255643894e+02,3.744305354775e+02,-3.971922370174e+02,1.000000000000e+00,-1.324325204376
1586,16742,6131103515.625000,1.644656811409e+02,5.482189371364e+01,1.737131979292e+02,3.939949984241e+01,1.474040117759e+02,3.895074557193e+01,1.000000000000e+00,-1.347496039570
1587,16743,6131469726.562500,5.482189371364e+01,1.644656811409e+02,7.240948857416e+01,1.626915084961e+02,3.548614568289e+01,1.469785707297e+02,1.000000000000e+00,-1.370672167791
1588,16744,6131835937.500000,-2.741094685682e+02,1.644656811409e+02,-2.641456537391e+02,1.949078868672e+02,-2.946369231325e+02,1.396195502804e+02,1.000000000000e+00,-1.393853692799
1589,16745,6132202148.437500,-2.741094685682e+02,2.741094685682e+02,-2.536208903519e+02,3.067784070979e+02,-2.968773656396e+02,2.489228540167e+02,1.000000000000e+00,-1.417040718007
1590,16746,6132568359.375000,3.837532559955e+02,2.741094685682e+02,4.188884914108e+02,2.429425557933e+02,3.636876424480e+02,2.639751436561e+02,1.000000000000e+00,-1.440233346481
1591,16747,6132934570.312500,3.837532559955e+02,-2.741094685682e+02,3.656316268411e+02,-3.174973585904e+02,3.772745600651e+02,-2.862995644776e+02,1.000000000000e+00,-1.463431680932
1592,16748,6133300781.250000,-2.741094685682e+02,3.837532559955e+02,-2.417425153607e+02,4.198124262136e+02,-2.976279481432e+02,3.585410154578e+02,1.000000000000e+00,-1.486635823717
1593,16749,6133666992.187500,5.482189371364e+01,2.741094685682e+02,8.456948936655e+01,2.745637740913e+02,3.637662989641e+01,2.553719345891e+02,1.000000000000e+00,-1.509845876828
1594,16750,6134033203.125000,-1.644656811409e+02,-5.482189371364e+01,-1.740593510129e+02,-3.840631023204e+01,-1.773912249349e+02,-7.911614552356e+01,1.000000000000e+00,-1.533061941889
1595,16751,6134399414.062500,5.482189371364e+01,-2.741094685682e+02,2.694282747818e+01,-2.860532835595e+02,4.760192817763e+01,-2.959614800006e+02,1.000000000000e+00,-1.556284120156
1596,16752,6134765625.000000,1.644656811409e+02,5.482189371364e+01,1.738609369918e+02,3.876210587056e+01,1.521252059167e+02,3.656130077983e+01,1.000000000000e+00,-1.579512512504
1597,16753,6135131835.937500,-3.837532559955e+02,-2.741094685682e+02,-4.208735019825e+02,-2.400338156651e+02,-3.910290796077e+02,-3.053875118969e+02,1.000000000000e+00,-1.602747219429
1598,16754,6135498046.875000,-5.482189371364e+01,-1.644656811409e+02,-7.335771477665e+01,-1.623548759535e+02,-6.251554262231e+01,-1.885841821748e+02,1.000000000000e+00,-1.625988341037
1599,16755,6135864257.812500,5.482189371364e+01,-2.741094685682e+02,2.699269680911e+01,-2.860799789801e+02,5.046954176078e+01,-2.966826031429e+02,1.000000000000e+00,-1.649235977045
1600,16756,6136230468.750000,-1.644656811409e+02,1.644656811409e+02,-1.504768381981e+02,1.857746726588e+02,-1.784539907461e+02,1.392866456446e+02,1.000000000000e+00,-1.672490226770
1601,16757,6136596679.687500,-1.644656811409e+02,5.482189371364e+01,-1.620782618911e+02,7.393157540295e+01,-1.755818233627e+02,2.910483953361e+01,1.000000000000e+00,-1.695751189128
1602,16758,6136962890.625000,3.837532559955e+02,-5.482189371364e+01,3.858781058467e+02,-9.841295876693e+01,3.775961869309e+02,-7.089498664897e+01,1.000000000000e+00,-1.719018962626
1603,16759,6137329101.562500,5.482189371364e+01,2.741094685682e+02,8.626527045025e+01,2.739323276628e+02,4.155675886632e+01,2.532732506840e+02,1.000000000000e+00,-1.742293645358
1604,16760,6137695312.500000,-1.644656811409e+02,1.644656811409e+02,-1.499114303128e+02,1.861288592749e+02,-1.761957577897e+02,1.386873671807e+02,1.000000000000e+00,-1.765575334999
1605,16761,6138061523.437500,-1.644656811409e+02,5.482189371364e+01,-1.620175979215e+02,7.412189332155e+01,-1.735075457964e+02,2.834922459770e+01,1.000000000000e+00,-1.788864128797
1606,16762,6138427734.375000,1.644656811409e+02,-2.741094685682e+02,1.375408911639e+02,-2.985089797348e+02,1.641908641054e+02,-2.955889425494e+02,1.000000000000e+00,-1.812160123573
1607,16763,6138793945.312500,5.482189371364e+01,-5.482189371364e+01,4.986098780635e+01,-6.224118288217e+01,5.012537006373e+01,-7.755115980613e+01,1.000000000000e+00,-1.835463415709
1608,16764,6139160156.250000,5.482189371364e+01,2.741094685682e+02,8.726039563275e+01,2.739639854639e+02,4.441480803244e+01,2.530781378197e+02,1.000000000000e+00,-1.858774101147
1609,16765,6139526367.187500,3.837532559955e+02,-3.837532559955e+02,3.481228442907e+02,-4.358535301627e+02,3.879029272012e+02,-4.018789194484e+02,1.000000000000e+00,-1.882092275380
1610,16766,6139892578.125000,5.482189371364e+01,2.741094685682e+02,8.740076242561e+01,2.734860830678e+02,4.538865022979e+01,2.525852646290e+02,1.000000000000e+00,-1.905418033446
1611,16767,6140258789.062500,-1.644656811409e+02,3.837532559955e+02,-1.238986512432e+02,4.104153135672e+02,-1.765752548193e+02,3.582076318380e+02,1.000000000000e+00,-1.928751469925
1612,16768,6140625000.000000,5.482189371364e+01,3.837532559955e+02,9.966080422681e+01,3.853349536042e+02,4.365401930034e+01,3.625687346301e+02,1.000000000000e+00,-1.952092678928
1613,16769,6140991210.937500,-2.741094685682e+02,1.644656811409e+02,-2.610441477537e+02,1.988989272181e+02,-2.814684559250e+02,1.352833253061e+02,1.000000000000e+00,-1.975441754096
1614,16770,6141357421.875000,-3.837532559955e+02,-5.482189371364e+01,-3.981524014514e+02,-1.203418069811e+01,-3.864931958120e+02,-8.705558888357e+01,1.000000000000e+00,-1.998798788589
1615,16771,6141723632.812500,3.837532559955e+02,-5.482189371364e+01,3.858417475716e+02,-1.004225640699e+02,3.852569749827e+02,-7.071585111867e+01,1.000000000000e+00,-2.022163875083
1616,16772,6142089843.750000,-5.482189371364e+01,-3.837532559955e+02,-1.008181559259e+02,-3.859489554309e+02,-4.834527713121e+01,-4.107887904224e+02,1.000000000000e+00,-2.045537105760
1617,16773,6142456054.687500,2.741094685682e+02,-3.837532559955e+02,2.351268221051e+02,-4.241228862670e+02,2.828743359487e+02,-4.036321690253e+02,1.000000000000e+00,-2.068918572305
1618,16774,6142822265.625000,3.837532559955e+02,-2.741094685682e+02,3.595745649819e+02,-3.248645336350e+02,3.910761470919e+02,-2.908671896412e+02,1.000000000000e+00,-2.092308365897
1619,16775,6143188476.562500,2.741094685682e+02,3.837532559955e+02,3.248758059413e+02,3.592382553451e+02,2.676229771138e+02,3.674931657609e+02,1.000000000000e+00,-2.115706577204
1620,16776,6143554687.500000,-1.644656811409e+02,2.741094685682e+02,-1.353067493962e+02,2.990234160310e+02,-1.697908970602e+02,2.482854298366e+02,1.000000000000e+00,-2.139113296373
1621,16777,6143920898.437500,-1.644656811409e+02,-1.644656811409e+02,-1.872200997743e+02,-1.481356596064e+02,-1.601017641098e+02,-1.917155575416e+02,1.000000000000e+00,-2.162528613025
1622,16778,6144287109.375000,1.644656811409e+02,1.644656811409e+02,1.873110465378e+02,1.481070563745e+02,1.636226313554e+02,1.453018595481e+02,1.000000000000e+00,-2.185952616250
1623,16779,6144653320.312500,-5.482189371364e+01,-3.837532559955e+02,-1.017843654701e+02,-3.849010091305e+02,-4.441147935476e+01,-4.094641481644e+02,1.000000000000e+00,-2.209385394597
1624,16780,6145019531.250000,2.741094685682e+02,-2.741094685682e+02,2.468323940216e+02,-3.125593961174e+02,2.841289281558e+02,-2.923782147764e+02,1.000000000000e+00,-2.232827036065
1625,16781,6145385742.187500,5.482189371364e+01,5.482189371364e+01,6.257974805078e+01,4.928219655599e+01,5.748448966985e+01,3.339307566741e+01,1.000000000000e+00,-2.256277628102
1626,16782,6145751953.125000,-1.644656811409e+02,5.482189371364e+01,-1.610430877220e+02,7.609715828748e+01,-1.621966895634e+02,2.925164380258e+01,1.000000000000e+00,-2.279737257590
1627,16783,6146118164.062500,-2.741094685682e+02,-1.644656811409e+02,-2.998923271882e+02,-1.340083640279e+02,-2.676152072926e+02,-1.929358379719e+02,1.000000000000e+00,-2.303206010844
1628,16784,6146484375.000000,-1.644656811409e+02,-2.741094685682e+02,-2.012860352815e+02,-2.597180888083e+02,-1.544626822585e+02,-3.011366402158e+02,1.000000000000e+00,-2.326683973601
1629,16785,6146850585.937500,2.741094685682e+02,-3.837532559955e+02,2.336068350271e+02,-4.249535225522e+02,2.897256132153e+02,-4.015402540732e+02,1.000000000000e+00,-2.350171231011
1630,16786,6147216796.875000,3.837532559955e+02,3.837532559955e+02,4.381069949833e+02,3.456519512271e+02,3.827081509907e+02,3.727707397274e+02,1.000000000000e+00,-2.373667867633
1631,16787,6147583007.812500,1.644656811409e+02,3.837532559955e+02,2.143215636764e+02,3.718477186854e+02,1.628033946949e+02,3.677363999382e+02,1.000000000000e+00,-2.397173967425
1632,16788,6147949218.750000,5.482189371364e+01,-2.741094685682e+02,2.263556101288e+01,-2.863854593644e+02,6.827647478026e+01,-2.955102176027e+02,1.000000000000e+00,-2.420689613736
1633,16789,6148315429.687500,5.482189371364e+01,-2.741094685682e+02,2.217373441620e+01,-2.864402850560e+02,6.839259478816e+01,-2.953689241044e+02,1.000000000000e+00,-2.444214889298
1634,16790,6148681640.625000,1.644656811409e+02,-5.482189371364e+01,1.609423617367e+02,-7.649297421109e+01,1.741637973508e+02,-7.269056255089e+01,1.000000000000e+00,-2.467749876217
1635,16791,6149047851.562500,5.482189371364e+01,3.837532559955e+02,1.045028952824e+02,3.845371839712e+02,5.599080796146e+01,3.659596252354e+02,1.000000000000e+00,-2.491294655968
1636,16792,6149414062.500000,3.837532559955e+02,3.837532559955e+02,4.398664899481e+02,3.428945455789e+02,3.866244813577e+02,3.726149136715e+02,1.000000000000e+00,-2.514849309383
1637,16793,6149780273.437500,-3.837532559955e+02,5.482189371364e+01,-3.843705517292e+02,1.042920542843e+02,-3.773971862178e+02,2.714977871502e+01,1.000000000000e+00,-2.538413916644
1638,16794,6150146484.375000,-2.741094685682e+02,3.837532559955e+02,-2.311082057882e+02,4.258324847376e+02,-2.736487584573e+02,3.598687431683e+02,1.000000000000e+00,-2.561988557275
1639,16795,6150512695.312500,-3.837532559955e+02,-5.482189371364e+01,-3.983320890164e+02,-7.447313961907e+00,-3.744610017640e+02,-8.259355917242e+01,1.000000000000e+00,-2.585573310133
1640,16796,6150878906.250000,3.837532559955e+02,1.644656811409e+02,4.123493705127e+02,1.192418140516e+02,3.925413946500e+02,1.539863947882e+02,1.000000000000e+00,-2.609168253398
1641,16797,6151245117.187500,-3.837532559955e+02,1.644656811409e+02,-3.707686438406e+02,2.164440555528e+02,-3.784675744260e+02,1.382826492075e+02,1.000000000000e+00,-2.632773464567
1642,16798,6151611328.125000,3.837532559955e+02,-5.482189371364e+01,3.846868313006e+02,-1.045973235107e+02,3.979967947496e+02,-6.562442553329e+01,1.000000000000e+00,-2.656389020442
1643,16799,6151977539.062500,5.482189371364e+01,-3.837532559955e+02,7.268523501294e+00,-3.986249455405e+02,7.477406534111e+01,-4.029417585448e+02,1.000000000000e+00,-2.680014997126
1644,16800,6152343750.000000,5.482189371364e+01,5.482189371364e+01,6.287624875994e+01,4.895100275129e+01,6.571281233868e+01,3.825551408170e+01,1.000000000000e+00,-2.703651470005
1645,16801,6152709960.937500,-5.482189371364e+01,5.482189371364e+01,-4.890099881079e+01,6.284199079797e+01,-4.404752441417e+01,3.620696274273e+01,1.000000000000e+00,-2.727298513749
1646,16802,6153076171.875000,-5.482189371364e+01,-3.837532559955e+02,-1.047781779894e+02,-3.839965985513e+02,-3.434786985994e+01,-4.036279460052e+02,1.000000000000e+00,-2.750956202297
1647,16803,6153442382.812500,-1.644656811409e+02,3.837532559955e+02,-1.184724078631e+02,4.127011840959e+02,-1.604316141583e+02,3.654067382009e+02,1.000000000000e+00,-2.774624608849
1648,16804,6153808593.750000,-2.741094685682e+02,-3.837532559955e+02,-3.298435928554e+02,-3.565890243299e+02,-2.551222557815e+02,-4.084669585690e+02,1.000000000000e+00,-2.798303805855
1649,16805,6154174804.687500,1.644656811409e+02,1.644656811409e+02,1.895544388960e+02,1.466664760114e+02,1.758992940257e+02,1.526572977514e+02,1.000000000000e+00,-2.821993865010
1650,16806,6154541015.625000,3.837532559955e+02,-5.482189371364e+01,3.847402052423e+02,-1.061596419068e+02,4.010438880758e+02,-6.360883599328e+01,1.000000000000e+00,-2.845694857239
1651,16807,6154907226.562500,-3.837532559955e+02,1.644656811409e+02,-3.699964343803e+02,2.181197525311e+02,-3.749712189225e+02,1.425969110183e+02,1.000000000000e+00,-2.869406852691
1652,16808,6155273437.500000,3.837532559955e+02,-3.837532559955e+02,3.416528766452e+02,-4.416621068960e+02,4.079710212900e+02,-3.933572589788e+02,1.000000000000e+00,-2.893129920729
1653,16809,6155639648.437500,-2.741094685682e+02,-5.482189371364e+01,-2.870139234207e+02,-2.059441271183e+01,-2.600217073031e+02,-7.574213790201e+01,1.000000000000e+00,-2.916864129919
1654,16810,6156005859.375000,-5.482189371364e+01,5.482189371364e+01,-4.900579102964e+01,6.303825170624e+01,-4.156779146811e+01,3.962252669087e+01,1.000000000000e+00,-2.940609548019
1655,16811,6156372070.312500,1.644656811409e+02,2.741094685682e+02,2.036099834735e+02,2.586154476431e+02,1.749007159563e+02,2.654125827176e+02,1.000000000000e+00,-2.964366241973
1656,16812,6156738281.250000,3.837532559955e+02,3.837532559955e+02,4.424228157526e+02,3.411892855888e+02,3.941875563235e+02,3.799980396587e+02,1.000000000000e+00,-2.988134277898
1657,16813,6157104492.187500,-2.741094685682e+02,-1.644656811409e+02,-3.016555319018e+02,-1.313222295504e+02,-2.572559391597e+02,-1.834788264802e+02,1.000000000000e+00,-3.011913721074
1658,16814,6157470703.125000,3.837532559955e+02,-2.741094685682e+02,3.550233856454e+02,-3.306946794619e+02,4.066962718604e+02,-2.814154272527e+02,1.000000000000e+00,-3.035704635934
1659,16815,6157836914.062500,5.482189371364e+01,3.837532559955e+02,1.068887667856e+02,3.840635441959e+02,6.406922273944e+01,3.744954562887e+02,1.000000000000e+00,-3.059507086057
1660,16816,6158203125.000000,-2.741094685682e+02,5.482189371364e+01,-2.721054866943e+02,9.227605079875e+01,-2.602269792309e+02,3.815720420803e+01,1.000000000000e+00,-3.083321134151
1661,16817,6158569335.937500,-5.482189371364e+01,3.837532559955e+02,-4.864101043510e+00,3.981651924974e+02,-4.570975822819e+01,3.728648021660e+02,1.000000000000e+00,-3.107146842050
1662,16818,6158935546.875000,-3.837532559955e+02,-3.837532559955e+02,-4.416201321034e+02,-3.396322489696e+02,-3.615248233699e+02,-4.031342454176e+02,1.000000000000e+00,-3.130984270698
1663,16819,6159301757.812500,5.482189371364e+01,-3.837532559955e+02,5.533629859766e+00,-3.979655594844e+02,7.945940614983e+01,-3.946475590896e+02,1.000000000000e+00,3.128351827038
1664,16820,6159667968.750000,3.837532559955e+02,5.482189371364e+01,3.980840739483e+02,6.424164396796e+00,4.008753361885e+02,5.344350832808e+01,1.000000000000e+00,3.104490777661
1665,16821,6160034179.687500,-3.837532559955e+02,1.644656811409e+02,-3.703391295993e+02,2.164280812104e+02,-3.723330791893e+02,1.460767858785e+02,1.000000000000e+00,3.080617830132
1666,16822,6160400390.625000,-5.482189371364e+01,-1.644656811409e+02,-7.722545635376e+01,-1.605404138743e+02,-3.437851955227e+01,-1.757264947161e+02,1.000000000000e+00,3.056732927164
1667,16823,6160766601.562500,-3.837532559955e+02,-3.837532559955e+02,-4.419821914585e+02,-3.403135385411e+02,-3.610309999156e+02,-4.017673901565e+02,1.000000000000e+00,3.032836012409
1668,16824,6161132812.500000,-2.741094685682e+02,3.837532559955e+02,-2.281186010626e+02,4.278248758353e+02,-2.649551020535e+02,3.722929766298e+02,1.000000000000e+00,3.008927030473
1669,16825,6161499023.437500,-3.837532559955e+02,5.482189371364e+01,-3.841135898068e+02,1.066593768753e+02,-3.693628487208e+02,3.966377995050e+01,1.000000000000e+00,2.985005926921
1670,16826,6161865234.375000,1.644656811409e+02,-5.482189371364e+01,1.606324083204e+02,-7.744987192100e+01,1.840386278887e+02,-5.936083170927e+01,1.000000000000e+00,2.961072648295
1671,16827,6162231445.312500,-5.482189371364e+01,2.741094685682e+02,-2.025190771699e+01,2.868391414322e+02,-4.332362220379e+01,2.672445893475e+02,1.000000000000e+00,2.937127142118
1672,16828,6162597656.250000,-5.482189371364e+01,3.837532559955e+02,-6.028175755361e+00,3.986691444461e+02,-4.560431004955e+01,3.778652212048e+02,1.000000000000e+00,2.913169356912
1673,16829,6162963867.187500,2.741094685682e+02,-5.482189371364e+01,2.725196656256e+02,-9.153416600219e+01,2.944479516276e+02,-5.561270185944e+01,1.000000000000e+00,2.889199242201
1674,16830,6163330078.125000,2.741094685682e+02,-5.482189371364e+01,2.724004237016e+02,-9.185846554197e+01,2.944186791979e+02,-5.554164534089e+01,1.000000000000e+00,2.865216748529
1675,16831,6163696289.062500,-3.837532559955e+02,5.482189371364e+01,-3.840833190955e+02,1.067498628791e+02,-3.689708650637e+02,4.247161961969e+01,1.000000000000e+00,2.841221827467
1676,16832,6164062500.000000,5.482189371364e+01,-1.644656811409e+02,3.392950542739e+01,-1.750160902154e+02,7.580479739565e+01,-1.694525562762e+02,1.000000000000e+00,2.817214431628
1677,16833,6164428710.937500,-3.837532559955e+02,3.837532559955e+02,-3.401584755429e+02,4.424409238006e+02,-3.746640300643e+02,3.743528146808e+02,1.000000000000e+00,2.793194514672
1678,16834,6164794921.875000,-2.741094685682e+02,3.837532559955e+02,-2.284874303798e+02,4.277598624936e+02,-2.645069093848e+02,3.766530153941e+02,1.000000000000e+00,2.769162031324
1679,16835,6165161132.812500,-2.741094685682e+02,-2.741094685682e+02,-3.157869638342e+02,-2.433492132000e+02,-2.526727949242e+02,-2.844420022219e+02,1.000000000000e+00,2.745116937379
1680,16836,6165527343.750000,1.644656811409e+02,1.644656811409e+02,1.892980236969e+02,1.463237019305e+02,1.799459595195e+02,1.652152131007e+02,1.000000000000e+00,2.721059189719
1681,16837,6165893554.687500,2.741094685682e+02,2.741094685682e+02,3.152054690449e+02,2.443960407877e+02,2.876927390580e+02,2.784602708416e+02,1.000000000000e+00,2.696988746320
1682,16838,6166259765.625000,5.482189371364e+01,-2.741094685682e+02,2.044186731374e+01,-2.870135482286e+02,7.853443945368e+01,-2.772640354468e+02,1.000000000000e+00,2.672905566265
1683,16839,6166625976.562500,1.644656811409e+02,-1.644656811409e+02,1.464657963690e+02,-1.895411755337e+02,1.864198608199e+02,-1.646142845213e+02,1.000000000000e+00,2.648809609756
1684,16840,6166992187.500000,-3.837532559955e+02,5.482189371364e+01,-3.848968439410e+02,1.067757018584e+02,-3.698423596700e+02,4.666422881439e+01,1.000000000000e+00,2.624700838121
1685,16841,6167358398.437500,5.482189371364e+01,1.644656811409e+02,7.760684582953e+01,1.607786092357e+02,6.979202241611e+01,1.651744620632e+02,1.000000000000e+00,2.600579213833
1686,16842,6167724609.375000,-3.837532559955e+02,2.741094685682e+02,-3.559886910776e+02,3.299183188838e+02,-3.736844024432e+02,2.675907242661e+02,1.000000000000e+00,2.576444700513
1687,16843,6168090820.312500,5.482189371364e+01,5.482189371364e+01,6.306562602660e+01,4.884228132119e+01,7.152024969440e+01,5.559148806634e+01,1.000000000000e+00,2.552297262949
1688,16844,6168457031.250000,-5.482189371364e+01,5.482189371364e+01,-4.890395109675e+01,6.307309219342e+01,-3.888780428258e+01,5.388480250849e+01,1.000000000000e+00,2.528136867099
1689,16845,6168823242.187500,3.837532559955e+02,5.482189371364e+01,3.992188102172e+02,6.621045571867e+00,4.025257544790e+02,6.296627776249e+01,1.000000000000e+00,2.503963480111
1690,16846,6169189453.125000,1.644656811409e+02,5.482189371364e+01,1.751274751074e+02,3.494912374829e+01,1.816417358196e+02,5.904866898252e+01,1.000000000000e+00,2.479777070326
1691,16847,6169555664.062500,-3.837532559955e+02,-1.644656811409e+02,-4.131326989304e+02,-1.190858584549e+02,-3.659343168893e+02,-1.724123380158e+02,1.000000000000e+00,2.455577607297
1692,16848,6169921875.000000,1.644656811409e+02,-2.741094685682e+02,1.331981329844e+02,-3.009336165520e+02,1.880156300983e+02,-2.711822823648e+02,1.000000000000e+00,2.431365061792
1693,16849,6170288085.937500,3.837532559955e+02,1.644656811409e+02,4.128676624563e+02,1.192451370455e+02,3.995543051367e+02,1.748563535326e+02,1.000000000000e+00,2.407139405815
1694,16850,6170654296.875000,-1.644656811409e+02,-2.741094685682e+02,-2.028098427968e+02,-2.590199156720e+02,-1.434332420070e+02,-2.769667091825e+02,1.000000000000e+00,2.382900612606
1695,16851,6171020507.812500,-2.741094685682e+02,5.482189371364e+01,-2.729139170198e+02,9.083430251629e+01,-2.602812167497e+02,5.222354127195e+01,1.000000000000e+00,2.358648656663
1696,16852,6171386718.750000,-3.837532559955e+02,-5.482189371364e+01,-3.988316565431e+02,-7.838314087394e+00,-3.685571603362e+02,-6.032337930557e+01,1.000000000000e+00,2.334383513744
1697,16853,6171752929.687500,1.644656811409e+02,-3.837532559955e+02,1.205180641934e+02,-4.124252222095e+02,1.899790503925e+02,-3.793868760761e+02,1.000000000000e+00,2.310105160885
1698,16854,6172119140.625000,-1.644656811409e+02,-1.644656811409e+02,-1.882584916701e+02,-1.478035923300e+02,-1.457810992634e+02,-1.656996499416e+02,1.000000000000e+00,2.285813576405
1699,16855,6172485351.562500,-2.741094685682e+02,1.644656811409e+02,-2.595157716028e+02,2.019272653736e+02,-2.632156672376e+02,1.633788381897e+02,1.000000000000e+00,2.261508739924
1700,16856,6172851562.500000,2.741094685682e+02,1.644656811409e+02,3.003126603632e+02,1.336012494021e+02,2.879576309903e+02,1.746384146019e+02,1.000000000000e+00,2.237190632366
1701,16857,6173217773.437500,-2.741094685682e+02,-5.482189371364e+01,-2.866448799098e+02,-2.150242996184e+01,-2.590931562931e+02,-5.574783319232e+01,1.000000000000e+00,2.212859235975
1702,16858,6173583984.375000,3.837532559955e+02,-2.741094685682e+02,3.571954198641e+02,-3.282731718600e+02,4.058877192739e+02,-2.643412149565e+02,1.000000000000e+00,2.188514534327
1703,16859,6173950195.312500,-2.741094685682e+02,-3.837532559955e+02,-3.285630682779e+02,-3.571818860608e+02,-2.544207356944e+02,-3.855817481486e+02,1.000000000000e+00,2.164156512334
1704,16860,6174316406.250000,5.482189371364e+01,-3.837532559955e+02,8.264799849832e+00,-3.988263777159e+02,7.696031906124e+01,-3.797690091286e+02,1.000000000000e+00,2.139785156261
1705,16861,6174682617.187500,1.644656811409e+02,5.482189371364e+01,1.747074041702e+02,3.600888990895e+01,1.789193825083e+02,6.404280375730e+01,1.000000000000e+00,2.115400453735
1706,16862,6175048828.125000,2.741094685682e+02,-3.837532559955e+02,2.343318805122e+02,-4.248819055329e+02,2.985708564976e+02,-3.740263360331e+02,1.000000000000e+00,2.091002393754
1707,16863,6175415039.062500,1.644656811409e+02,-1.644656811409e+02,1.483737488698e+02,-1.878421489858e+02,1.830858918901e+02,-1.558818174677e+02,1.000000000000e+00,2.066590966697
1708,16864,6175781250.000000,-5.482189371364e+01,-2.741094685682e+02,-8.911935129094e+01,-2.736213294089e+02,-3.576664084202e+01,-2.705394349996e+02,1.000000000000e+00,2.042166164338
1709,16865,6176147460.937500,-5.482189371364e+01,-3.837532559955e+02,-1.024321578283e+02,-3.856385295446e+02,-3.412248729535e+01,-3.805193408035e+02,1.000000000000e+00,2.017727979852
1710,16866,6176513671.875000,-5.482189371364e+01,-3.837532559955e+02,-1.022463414921e+02,-3.853852481266e+02,-3.442913216712e+01,-3.799675398841e+02,1.000000000000e+00,1.993276407826
1711,16867,6176879882.812500,-3.837532559955e+02,-2.741094685682e+02,-4.246468973363e+02,-2.336973155118e+02,-3.672465446298e+02,-2.753469206809e+02,1.000000000000e+00,1.968811444272
1712,16868,6177246093.750000,1.644656811409e+02,-5.482189371364e+01,1.614059834589e+02,-7.544548705610e+01,1.792844633671e+02,-4.447099367171e+01,1.000000000000e+00,1.944333086631
1713,16869,6177612304.687500,-1.644656811409e+02,-5.482189371364e+01,-1.743505714268e+02,-3.689997570067e+01,-1.513495465400e+02,-5.096945907768e+01,1.000000000000e+00,1.919841333791
1714,16870,6177978515.625000,2.741094685682e+02,-1.644656811409e+02,2.614074588549e+02,-1.992559393348e+02,2.917568185770e+02,-1.511375550738e+02,1.000000000000e+00,1.895336186087
1715,16871,6178344726.562500,-1.644656811409e+02,1.644656811409e+02,-1.494745800010e+02,1.867688706931e+02,-1.568589055788e+02,1.696475293106e+02,1.000000000000e+00,1.870817645319
1716,16872,6178710937.500000,3.837532559955e+02,1.644656811409e+02,4.110004244716e+02,1.247624967713e+02,3.941538748245e+02,1.822749849647e+02,1.000000000000e+00,1.846285714754
1717,16873,6179077148.437500,3.837532559955e+02,-2.741094685682e+02,3.614597281629e+02,-3.236827360101e+02,4.036336369731e+02,-2.587674671527e+02,1.000000000000e+00,1.821740399142
1718,16874,6179443359.375000,-5.482189371364e+01,1.644656811409e+02,-3.735570479170e+01,1.743145433541e+02,-4.707061506826e+01,1.728572012253e+02,1.000000000000e+00,1.797181704720
1719,16875,6179809570.312500,-1.644656811409e+02,5.482189371364e+01,-1.617379598254e+02,7.475853845664e+01,-1.551333626439e+02,6.075205097280e+01,1.000000000000e+00,1.772609639222
1720,16876,6180175781.250000,2.741094685682e+02,5.482189371364e+01,2.862478020767e+02,2.472275333921e+01,2.852637744958e+02,6.924813415691e+01,1.000000000000e+00,1.748024211890
1721,16877,6180541992.187500,1.644656811409e+02,-3.837532559955e+02,1.245236329538e+02,-4.109362150057e+02,1.830827024049e+02,-3.735208290508e+02,1.000000000000e+00,1.723425433481
1722,16878,6180908203.125000,-5.482189371364e+01,2.741094685682e+02,-2.508461564646e+01,2.865714561985e+02,-4.986708944840e+01,2.841151036583e+02,1.000000000000e+00,1.698813316272
1723,16879,6181274414.062500,5.482189371364e+01,-3.837532559955e+02,1.325300375034e+01,-3.986641355741e+02,7.254320075102e+01,-3.753964868968e+02,1.000000000000e+00,1.674187874075
1724,16880,6181640625.000000,-1.644656811409e+02,3.837532559955e+02,-1.260652966492e+02,4.105488816688e+02,-1.633023669615e+02,3.922497462731e+02,1.000000000000e+00,1.649549122240
1725,16881,6182006835.937500,-5.482189371364e+01,3.837532559955e+02,-1.457841290541e+01,3.983541853984e+02,-5.366382349673e+01,3.944152992121e+02,1.000000000000e+00,1.624897077664
1726,16882,6182373046.875000,-2.741094685682e+02,-3.837532559955e+02,-3.221898557381e+02,-3.624966237524e+02,-2.589813325765e+02,-3.810475243328e+02,1.000000000000e+00,1.600231758798
1727,16883,6182739257.812500,3.837532559955e+02,-1.644656811409e+02,3.742805247547e+02,-2.104740470957e+02,3.975933306114e+02,-1.485792806115e+02,1.000000000000e+00,1.575553185657
1728,16884,6183105468.750000,-2.741094685682e+02,-1.644656811409e+02,-2.984259485120e+02,-1.379364477779e+02,-2.642352130360e+02,-1.596358633257e+02,1.000000000000e+00,1.550861379823
1729,16885,6183471679.687500,3.837532559955e+02,-2.741094685682e+02,3.628035832470e+02,-3.217018231439e+02,3.989744437846e+02,-2.582659333125e+02,1.000000000000e+00,1.526156364456
1730,16886,6183837890.625000,1.644656811409e+02,-2.741094685682e+02,1.392226498767e+02,-2.976362276421e+02,1.786367106567e+02,-2.617754574746e+02,1.000000000000e+00,1.501438164299
1731,16887,6184204101.562500,3.837532559955e+02,-3.837532559955e+02,3.525554703841e+02,-4.325270244400e+02,4.011262371161e+02,-3.674727693720e+02,1.000000000000e+00,1.476706805684
1732,16888,6184570312.500000,-3.837532559955e+02,-3.837532559955e+02,-4.325907273751e+02,-3.530864789722e+02,-3.708754988693e+02,-3.829102161317e+02,1.000000000000e+00,1.451962316539
1733,16889,6184936523.437500,5.482189371364e+01,1.644656811409e+02,7.309855507742e+01,1.628412697945e+02,5.914267187996e+01,1.773321630192e+02,1.000000000000e+00,1.427204726394
1734,16890,6185302734.375000,-1.644656811409e+02,1.644656811409e+02,-1.517357532698e+02,1.852117371090e+02,-1.618599355453e+02,1.730296513460e+02,1.000000000000e+00,1.402434066386
1735,16891,6185668945.312500,-1.644656811409e+02,2.741094685682e+02,-1.408989902002e+02,2.972377074071e+02,-1.643680690349e+02,2.832623231313e+02,1.000000000000e+00,1.377650369265
1736,16892,6186035156.250000,-1.644656811409e+02,-5.482189371364e+01,-1.738350154644e+02,-3.982086136025e+01,-1.579204219232e+02,-4.756113031880e+01,1.000000000000e+00,1.352853669403
1737,16893,6186401367.187500,1.644656811409e+02,-2.741094685682e+02,1.414412192071e+02,-2.969681318004e+02,1.770254215525e+02,-2.613632183818e+02,1.000000000000e+00,1.328044002790
1738,16894,6186767578.125000,2.741094685682e+02,-3.837532559955e+02,2.432761458753e+02,-4.200406207971e+02,2.892158490324e+02,-3.695577472967e+02,1.000000000000e+00,1.303221407049
1739,16895,6187133789.062500,2.741094685682e+02,-5.482189371364e+01,2.755770743084e+02,-8.277897851634e+01,2.823608826004e+02,-3.859496510310e+01,1.000000000000e+00,1.278385921433
1740,16896,6187500000.000000,5.482189371364e+01,-3.837532559955e+02,1.944182007613e+01,-3.984261910590e+02,6.809879644930e+01,-3.737530965366e+02,1.000000000000e+00,1.253537586832
1741,16897,6187866210.937500,5.482189371364e+01,-1.644656811409e+02,4.063712403555e+01,-1.736459380944e+02,6.340315706129e+01,-1.530819234335e+02,1.000000000000e+00,1.228676445780
1742,16898,6188232421.875000,3.837532559955e+02,-5.482189371364e+01,3.880210253221e+02,-9.210444839070e+01,3.916290952764e+02,-3.615062865767e+01,1.000000000000e+00,1.203802542451
1743,16899,6188598632.812500,3.837532559955e+02,-2.741094685682e+02,3.677105393110e+02,-3.167176315462e+02,3.957475951729e+02,-2.569675930252e+02,1.000000000000e+00,1.178915922671
1744,16900,6188964843.750000,-3.837532559955e+02,2.741094685682e+02,-3.679367359357e+02,3.166704354365e+02,-3.873137550586e+02,2.797145064984e+02,1.000000000000e+00,1.154016633913
1745,16901,6189331054.687500,-5.482189371364e+01,3.837532559955e+02,-2.044060970962e+01,3.987242948548e+02,-5.824463785821e+01,3.966015680485e+02,1.000000000000e+00,1.129104725306
1746,16902,6189697265.625000,5.482189371364e+01,3.837532559955e+02,9.220444959625e+01,3.886853566427e+02,5.242326071755e+01,3.986999387328e+02,1.000000000000e+00,1.104180247635
1747,16903,6190063476.562500,3.837532559955e+02,5.482189371364e+01,3.991101383231e+02,2.035898851764e+01,3.891091623229e+02,7.239184755836e+01,1.000000000000e+00,1.079243253340
1748,16904,6190429687.500000,-1.644656811409e+02,1.644656811409e+02,-1.537835743907e+02,1.838393114358e+02,-1.654494374654e+02,1.741518228942e+02,1.000000000000e+00,1.054293796525
1749,16905,6190795898.437500,5.482189371364e+01,-1.644656811409e+02,4.159795178581e+01,-1.736609409631e+02,6.077483335667e+01,-1.534579554580e+02,1.000000000000e+00,1.029331932952
1750,16906,6191162109.375000,-1.644656811409e+02,-3.837532559955e+02,-2.024174203228e+02,-3.791608154215e+02,-1.563030864616e+02,-3.779388011586e+02,1.000000000000e+00,1.004357720045
1751,16907,6191528320.312500,-1.644656811409e+02,-1.644656811409e+02,-1.830041351680e+02,-1.541034053430e+02,-1.605118275958e+02,-1.569736072561e+02,1.000000000000e+00,0.979371216892
1752,16908,6191894531.250000,5.482189371364e+01,5.482189371364e+01,6.095415823201e+01,5.132286156418e+01,5.611431361971e+01,6.700867993530e+01,1.000000000000e+00,0.954372484245
1753,16909,6192260742.187500,-3.837532559955e+02,5.482189371364e+01,-3.881255971014e+02,8.924862243995e+01,-3.846512382002e+02,6.007169675562e+01,1.000000000000e+00,0.929361584518
1754,16910,6192626953.125000,-2.741094685682e+02,-2.741094685682e+02,-3.036714349000e+02,-2.575142523046e+02,-2.693005074918e+02,-2.687859308811e+02,1.000000000000e+00,0.904338581786
1755,16911,6192993164.062500,3.837532559955e+02,-2.741094685682e+02,3.703043622789e+02,-3.120658362081e+02,3.911213083798e+02,-2.574691270613e+02,1.000000000000e+00,0.879303541791
1756,16912,6193359375.000000,5.482189371364e+01,-2.741094685682e+02,3.395840465411e+01,-2.852158302171e+02,6.072025817003e+01,-2.634811138922e+02,1.000000000000e+00,0.854256531930
1757,16913,6193725585.937500,3.837532559955e+02,5.482189371364e+01,3.977598431050e+02,2.553305158854e+01,3.853484868538e+02,7.262813940290e+01,1.000000000000e+00,0.829197621265
1758,16914,6194091796.875000,-3.837532559955e+02,5.482189371364e+01,-3.892786099768e+02,8.655331741289e+01,-3.865010225904e+02,5.927009536829e+01,1.000000000000e+00,0.804126880513
1759,16915,6194458007.812500,3.837532559955e+02,-1.644656811409e+02,3.807196192237e+02,-1.989078394641e+02,3.887543230252e+02,-1.484539406766e+02,1.000000000000e+00,0.779044382046
1760,16916,6194824218.750000,5.482189371364e+01,2.741094685682e+02,7.772216803888e+01,2.769265188255e+02,5.076413139189e+01,2.871595960734e+02,1.000000000000e+00,0.753950199892
1761,16917,6195190429.687500,3.837532559955e+02,-3.837532559955e+02,3.642827560485e+02,-4.232881178229e+02,3.916966834647e+02,-3.694781149568e+02,1.000000000000e+00,0.728844409724
1762,16918,6195556640.625000,2.741094685682e+02,-1.644656811409e+02,2.691157598721e+02,-1.891853890037e+02,2.779374715068e+02,-1.503646491964e+02,1.000000000000e+00,0.703727088867
1763,16919,6195922851.562500,3.837532559955e+02,5.482189371364e+01,3.979105136711e+02,2.872269224830e+01,3.842258192801e+02,7.248307096192e+01,1.000000000000e+00,0.678598316284
1764,16920,6196289062.500000,-3.837532559955e+02,-3.837532559955e+02,-4.213745280490e+02,-3.665830267758e+02,-3.804388124388e+02,-3.825002907017e+02,1.000000000000e+00,0.653458172581
1765,16921,6196655273.437500,2.741094685682e+02,2.741094685682e+02,3.010064789069e+02,2.617949701012e+02,2.700827802663e+02,2.902742185022e+02,1.000000000000e+00,0.628306739993
1766,16922,6197021484.375000,-5.482189371364e+01,-5.482189371364e+01,-6.020243725822e+01,-5.235315097906e+01,-5.584769097260e+01,-4.592357446162e+01,1.000000000000e+00,0.603144102389
1767,16923,6197387695.312500,3.837532559955e+02,1.644656811409e+02,4.055439451435e+02,1.417860068626e+02,3.819303077413e+02,1.809068383251e+02,1.000000000000e+00,0.577970345259
1768,16924,6197753906.250000,-2.741094685682e+02,5.482189371364e+01,-2.775938159767e+02,7.529941451472e+01,-2.784278786991e+02,6.104987167381e+01,1.000000000000e+00,0.552785555710
1769,16925,6198120117.187500,2.741094685682e+02,-3.837532559955e+02,2.552326809307e+02,-4.125069243270e+02,2.789576362896e+02,-3.722837680563e+02,1.000000000000e+00,0.527589822461
1770,16926,6198486328.125000,-1.644656811409e+02,3.837532559955e+02,-1.433197413987e+02,4.044371626850e+02,-1.732423864706e+02,3.926843928099e+02,1.000000000000e+00,0.502383235838
1771,16927,6198852539.062500,-2.741094685682e+02,5.482189371364e+01,-2.773961410311e+02,7.376042614506e+01,-2.785286168829e+02,6.028884043806e+01,1.000000000000e+00,0.477165887762
1772,16928,6199218750.000000,2.741094685682e+02,3.837532559955e+02,3.052073673318e+02,3.760084289062e+02,2.667356069224e+02,3.986298105005e+02,1.000000000000e+00,0.451937871744
1773,16929,6199584960.937500,-2.741094685682e+02,-2.741094685682e+02,-2.984220175932e+02,-2.639037212938e+02,-2.745330804196e+02,-2.699725941909e+02,1.000000000000e+00,0.426699282880
1774,16930,6199951171.875000,-2.741094685682e+02,-5.482189371364e+01,-2.848118240841e+02,-3.908142485514e+01,-2.780095229191e+02,-4.955184830338e+01,1.000000000000e+00,0.401450217836
1775,16931,6200317382.812500,1.644656811409e+02,5.482189371364e+01,1.722197195469e+02,4.629049154174e+01,1.613583684098e+02,6.621892717496e+01,1.000000000000e+00,0.376190774848
1776,16932,6200683593.750000,2.741094685682e+02,-2.741094685682e+02,2.654734550121e+02,-2.976435761382e+02,2.760346353954e+02,-2.630972668806e+02,1.000000000000e+00,0.350921053702
1777,16933,6201049804.687500,-1.644656811409e+02,-5.482189371364e+01,-1.720841873820e+02,-4.698932913326e+01,-1.683086265206e+02,-4.889369977328e+01,1.000000000000e+00,0.325641155735
1778,16934,6201416015.625000,-3.837532559955e+02,3.837532559955e+02,-3.725802573961e+02,4.157769199324e+02,-3.949449747977e+02,3.892242757166e+02,1.000000000000e+00,0.300351183817
1779,16935,6201782226.562500,2.741094685682e+02,-2.741094685682e+02,2.661944587198e+02,-2.967878900028e+02,2.750252073816e+02,-2.638212037884e+02,1.000000000000e+00,0.275051242344
1780,16936,6202148437.500000,1.644656811409e+02,1.644656811409e+02,1.777531027145e+02,1.599762173776e+02,1.590299708993e+02,1.756024165388e+02,1.000000000000e+00,0.249741437227
1781,16937,6202514648.437500,-2.741094685682e+02,-3.837532559955e+02,-3.007518219115e+02,-3.801594428535e+02,-2.740257313123e+02,-3.816730656258e+02,1.000000000000e+00,0.224421875880
1782,16938,6202880859.375000,-5.482189371364e+01,-2.741094685682e+02,-6.909205337753e+01,-2.788128824473e+02,-5.488098688273e+01,-2.684067875467e+02,1.000000000000e+00,0.199092667208
1783,16939,6203247070.312500,-5.482189371364e+01,-2.741094685682e+02,-6.884904602449e+01,-2.789655506805e+02,-5.518511282823e+01,-2.686276882752e+02,1.000000000000e+00,0.173753921594
1784,16940,6203613281.250000,-5.482189371364e+01,2.741094685682e+02,-4.368309487886e+01,2.841712425229e+02,-6.396883694586e+01,2.823405209019e+02,1.000000000000e+00,0.148405750888
1785,16941,6203979492.187500,-3.837532559955e+02,-1.644656811409e+02,-4.021732484546e+02,-1.512529510546e+02,-3.888708036138e+02,-1.630900923587e+02,1.000000000000e+00,0.123048268392
1786,16942,6204345703.125000,5.482189371364e+01,1.644656811409e+02,6.388098336350e+01,1.665342489722e+02,4.806260488525e+01,1.733128062657e+02,1.000000000000e+00,0.097681588848
1787,16943,6204711914.062500,2.741094685682e+02,5.482189371364e+01,2.841329811976e+02,4.397682844209e+01,2.697911561117e+02,6.530530672489e+01,1.000000000000e+00,0.072305828423
1788,16944,6205078125.000000,-2.741094685682e+02,2.741094685682e+02,-2.694838337477e+02,2.936544979485e+02,-2.838368953295e+02,2.794258275610e+02,1.000000000000e+00,0.046921104694
1789,16945,6205444335.937500,5.482189371364e+01,-1.644656811409e+02,4.935487399190e+01,-1.711681497859e+02,5.145691369616e+01,-1.578916544898e+02,1.000000000000e+00,0.021527536635
1790,16946,6205810546.875000,-2.741094685682e+02,2.741094685682e+02,-2.702703147704e+02,2.923078292364e+02,-2.839679447988e+02,2.785622016578e+02,1.000000000000e+00,-0.003874755401
1791,16947,6206176757.812500,3.837532559955e+02,5.482189371364e+01,3.961076759270e+02,4.118754130810e+01,3.791143580191e+02,6.562244462254e+01,1.000000000000e+00,-0.029285649695
1792,16948,6206542968.750000,-2.741094685682e+02,-2.741094685682e+02,-2.926179458089e+02,-2.709085215694e+02,-2.789611528898e+02,-2.720064273243e+02,1.000000000000e+00,-0.054705023182
1793,16949,6206909179.687500,-1.644656811409e+02,-2.741094685682e+02,-1.802093988019e+02,-2.755741263349e+02,-1.695036452805e+02,-2.712541266576e+02,1.000000000000e+00,-0.080132751462
1794,16950,6207275390.625000,-5.482189371364e+01,-1.644656811409e+02,-6.277554921937e+01,-1.671742475949e+02,-6.006183710522e+01,-1.601877942478e+02,1.000000000000e+00,-0.105568708824
1795,16951,6207641601.562500,2.741094685682e+02,5.482189371364e+01,2.840654420840e+02,4.632880771478e+01,2.693828796549e+02,6.285252439586e+01,1.000000000000e+00,-0.131012768256
1796,16952,6208007812.500000,5.482189371364e+01,-2.741094685682e+02,4.681109230283e+01,-2.838667914360e+02,5.100499201178e+01,-2.699272719556e+02,1.000000000000e+00,-0.156464801470
1797,16953,6208374023.437500,1.644656811409e+02,1.644656811409e+02,1.744315243054e+02,1.639325205837e+02,1.576779832725e+02,1.722373493902e+02,1.000000000000e+00,-0.181924678916
1798,16954,6208740234.375000,1.644656811409e+02,-1.644656811409e+02,1.644404178189e+02,-1.739434647523e+02,1.607573295073e+02,-1.586708706459e+02,1.000000000000e+00,-0.207392269801
1799,16955,6209106445.312500,-5.482189371364e+01,2.741094685682e+02,-4.919018337022e+01,2.834672062999e+02,-6.475119852061e+01,2.801002841504e+02,1.000000000000e+00,-0.232867442111
1800,16956,6209472656.250000,-5.482189371364e+01,-3.837532559955e+02,-6.596626169106e+01,-3.936026757678e+02,-5.749632970700e+01,-3.821189668094e+02,1.000000000000e+00,-0.258350062626
1801,16957,6209838867.187500,-2.741094685682e+02,-1.644656811409e+02,-2.860624424932e+02,-1.629099311155e+02,-2.808283639644e+02,-1.640356360796e+02,1.000000000000e+00,-0.283839996944
1802,16958,6210205078.125000,-5.482189371364e+01,1.644656811409e+02,-5.278845699073e+01,1.704496435209e+02,-6.364666290196e+01,1.692652204384e+02,1.000000000000e+00,-0.309337109500
1803,16959,6210571289.062500,-2.741094685682e+02,3.837532559955e+02,-2.737782985410e+02,4.001211551752e+02,-2.862309020838e+02,3.870454004194e+02,1.000000000000e+00,-0.334841263586
1804,16960,6210937500.000000,2.741094685682e+02,2.741094685682e+02,2.867404799134e+02,2.760777842488e+02,2.655941760085e+02,2.818503043674e+02,1.000000000000e+00,-0.360352321373
1805,16961,6211303710.937500,1.644656811409e+02,-3.837532559955e+02,1.619618512013e+02,-3.970546869844e+02,1.619037787695e+02,-3.799593208169e+02,1.000000000000e+00,-0.385870143932
1806,16962,6211669921.875000,2.741094685682e+02,1.644656811409e+02,2.843908246177e+02,1.644263231801e+02,2.668684441227e+02,1.714026681403e+02,1.000000000000e+00,-0.411394591256
1807,16963,6212036132.812500,2.741094685682e+02,-5.482189371364e+01,2.809643548429e+02,-6.057215788639e+01,2.689962395221e+02,-4.922891804820e+01,1.000000000000e+00,-0.436925522282
1808,16964,6212402343.750000,5.482189371364e+01,1.644656811409e+02,5.887009581159e+01,1.683015686499e+02,4.679868551600e+01,1.690069421824e+02,1.000000000000e+00,-0.462462794914
1809,16965,6212768554.687500,-3.837532559955e+02,-1.644656811409e+02,-3.972141286635e+02,-1.634439342282e+02,-3.921003844040e+02,-1.647321662227e+02,1.000000000000e+00,-0.488006266046
1810,16966,6213134765.625000,-3.837532559955e+02,-2.741094685682e+02,-3.985106805732e+02,-2.768202601007e+02,-3.915842970539e+02,-2.751361862883e+02,1.000000000000e+00,-0.513555791585
1811,16967,6213500976.562500,-1.644656811409e+02,3.837532559955e+02,-1.653578987331e+02,3.963881375607e+02,-1.755480599057e+02,3.873377415714e+02,1.000000000000e+00,-0.539111226475
1812,16968,6213867187.500000,-5.482189371364e+01,-3.837532559955e+02,-5.884159687509e+01,-3.943381103117e+02,-5.873187849807e+01,-3.839295404817e+02,1.000000000000e+00,-0.564672424720
1813,16969,6214233398.437500,1.644656811409e+02,3.837532559955e+02,1.709430201930e+02,3.938259233627e+02,1.544725883691e+02,3.896000649304e+02,1.000000000000e+00,-0.590239239410
1814,16970,6214599609.375000,-5.482189371364e+01,5.482189371364e+01,-5.612980324139e+01,5.658954018158e+01,-6.284164190909e+01,5.672617357367e+01,1.000000000000e+00,-0.615811522743
1815,16971,6214965820.312500,-1.644656811409e+02,2.741094685682e+02,-1.680451294973e+02,2.823305867371e+02,-1.745217389355e+02,2.761591859964e+02,1.000000000000e+00,-0.641389126054
1816,16972,6215332031.250000,2.741094685682e+02,-3.837532559955e+02,2.805645288006e+02,-3.953826975870e+02,2.704112428387e+02,-3.824004350468e+02,1.000000000000e+00,-0.666971899836
1817,16973,6215698242.187500,2.741094685682e+02,5.482189371364e+01,2.820121511302e+02,5.561189364972e+01,2.679778628087e+02,5.786779381729e+01,1.000000000000e+00,-0.692559693767
1818,16974,6216064453.125000,-1.644656811409e+02,2.741094685682e+02,-1.686513105859e+02,2.822234407710e+02,-1.737595629112e+02,2.763253032911e+02,1.000000000000e+00,-0.718152356737
1819,16975,6216430664.062500,3.837532559955e+02,-2.741094685682e+02,3.951508018905e+02,-2.813566008846e+02,3.800267310408e+02,-2.724692173089e+02,1.000000000000e+00,-0.743749736873
1820,16976,6216796875.000000,-5.482189371364e+01,-2.741094685682e+02,-5.504651101816e+01,-2.822413277813e+02,-6.058870324901e+01,-2.751178959910e+02,1.000000000000e+00,-0.769351681566
1821,16977,6217163085.937500,-2.741094685682e+02,1.644656811409e+02,-2.830073426645e+02,1.673100597239e+02,-2.841129879309e+02,1.642105889461e+02,1.000000000000e+00,-0.794958037497
1822,16978,6217529296.875000,-2.741094685682e+02,2.741094685682e+02,-2.835090250655e+02,2.799616043369e+02,-2.841737844796e+02,2.746342519525e+02,1.000000000000e+00,-0.820568650665
1823,16979,6217895507.812500,-5.482189371364e+01,-3.837532559955e+02,-5.391395112460e+01,-3.945318053961e+02,-6.121422039365e+01,-3.851924889369e+02,1.000000000000e+00,-0.846183366410
1824,16980,6218261718.750000,-5.482189371364e+01,-1.644656811409e+02,-5.485921189648e+01,-1.693654128392e+02,-6.174526085038e+01,-1.651434433914e+02,1.000000000000e+00,-0.871802029448
1825,16981,6218627929.687500,-3.837532559955e+02,-1.644656811409e+02,-3.919704079767e+02,-1.735715695965e+02,-3.916205315138e+02,-1.672164888907e+02,1.000000000000e+00,-0.897424483891
1826,16982,6218994140.625000,-2.741094685682e+02,-5.482189371364e+01,-2.804958700314e+02,-6.061836311587e+01,-2.820004914542e+02,-5.720216451542e+01,1.000000000000e+00,-0.923050573280
1827,16983,6219360351.562500,1.644656811409e+02,-2.741094685682e+02,1.735555810600e+02,-2.787987133679e+02,1.597029849046e+02,-2.746191661965e+02,1.000000000000e+00,-0.948680140609
1828,16984,6219726562.500000,-5.482189371364e+01,1.644656811409e+02,-5.927894456209e+01,1.680899261013e+02,-6.327111004713e+01,1.644475182042e+02,1.000000000000e+00,-0.974313028358
1829,16985,6220092773.437500,3.837532559955e+02,3.837532559955e+02,3.874650130195e+02,4.018551890202e+02,3.768450525197e+02,3.870338539536e+02,1.000000000000e+00,-0.999949078516
1830,16986,6220458984.375000,5.482189371364e+01,-3.837532559955e+02,6.395392022689e+01,-3.934177993329e+02,4.952361844907e+01,-3.864616578556e+02,1.000000000000e+00,-1.025588132614
1831,16987,6220825195.312500,-2.741094685682e+02,-5.482189371364e+01,-2.805328009508e+02,-6.204740841094e+01,-2.823881150981e+02,-5.712389028149e+01,1.000000000000e+00,-1.051230031751
1832,16988,6221191406.250000,3.837532559955e+02,-2.741094685682e+02,4.001194958068e+02,-2.733060135283e+02,3.790519973656e+02,-2.757349010367e+02,1.000000000000e+00,-1.076874616624
1833,16989,6221557617.187500,-1.644656811409e+02,-2.741094685682e+02,-1.628741331648e+02,-2.851117797968e+02,-1.719323647369e+02,-2.769064499249e+02,1.000000000000e+00,-1.102521727556
1834,16990,6221923828.125000,-2.741094685682e+02,-3.837532559955e+02,-2.728206569316e+02,-4.001210039016e+02,-2.823216215019e+02,-3.868299147985e+02,1.000000000000e+00,-1.128171204527
1835,16991,6222290039.062500,-2.741094685682e+02,-1.644656811409e+02,-2.774151347383e+02,-1.752795306836e+02,-2.821818890307e+02,-1.666553966836e+02,1.000000000000e+00,-1.153822887204
1836,16992,6222656250.000000,1.644656811409e+02,-1.644656811409e+02,1.728652975280e+02,-1.645742948596e+02,1.579395425773e+02,-1.671780912977e+02,1.000000000000e+00,-1.179476614964
1837,16993,6223022460.937500,-5.482189371364e+01,-1.644656811409e+02,-5.182020689389e+01,-1.701326635242e+02,-6.202864276999e+01,-1.670530534921e+02,1.000000000000e+00,-1.205132226933
1838,16994,6223388671.875000,-2.741094685682e+02,2.741094685682e+02,-2.892760168687e+02,2.734134062834e+02,-2.816624924764e+02,2.731056026893e+02,1.000000000000e+00,-1.230789562008
1839,16995,6223754882.812500,-2.741094685682e+02,-3.837532559955e+02,-2.696402987536e+02,-4.027381251064e+02,-2.823705874275e+02,-3.879204184916e+02,1.000000000000e+00,-1.256448458889
1840,16996,6224121093.750000,-3.837532559955e+02,2.741094685682e+02,-4.033680611594e+02,2.690025250831e+02,-3.921797129532e+02,2.730676739029e+02,1.000000000000e+00,-1.282108756111
1841,16997,6224487304.687500,-1.644656811409e+02,-2.741094685682e+02,-1.594744275167e+02,-2.870720345634e+02,-1.720450922568e+02,-2.779791123157e+02,1.000000000000e+00,-1.307770292072
1842,16998,6224853515.625000,1.644656811409e+02,-1.644656811409e+02,1.745703667715e+02,-1.628883419329e+02,1.583193217198e+02,-1.683523495667e+02,1.000000000000e+00,-1.333432905060
1843,16999,6225219726.562500,-2.741094685682e+02,5.482189371364e+01,-2.832372396234e+02,4.621458731709e+01,-2.813928187208e+02,5.248346803311e+01,1.000000000000e+00,-1.359096433288
1844,17000,6225585937.500000,1.644656811409e+02,-5.482189371364e+01,1.709022255811e+02,-5.010367315691e+01,1.586983187088e+02,-5.894127661702e+01,1.000000000000e+00,-1.384760714921
1845,17001,6225952148.437500,-3.837532559955e+02,-3.837532559955e+02,-3.794267988068e+02,-4.089946100602e+02,-3.934654813785e+02,-3.876320943788e+02,1.000000000000e+00,-1.410425588106
1846,17002,6226318359.375000,5.482189371364e+01,5.482189371364e+01,5.407676220237e+01,5.853382172894e+01,4.916498125485e+01,5.120971115340e+01,1.000000000000e+00,-1.436090891003
1847,17003,6226684570.312500,1.644656811409e+02,2.741094685682e+02,1.570901907950e+02,2.885021713645e+02,1.600982357586e+02,2.710220064617e+02,1.000000000000e+00,-1.461756461811
1848,17004,6227050781.250000,-3.837532559955e+02,5.482189371364e+01,-3.963614051820e+02,3.894969291567e+01,-3.912492210929e+02,5.219245708808e+01,1.000000000000e+00,-1.487422138806
1849,17005,6227416992.187500,-3.837532559955e+02,-1.644656811409e+02,-3.860856726390e+02,-1.866343887671e+02,-3.917316810615e+02,-1.680583783477e+02,1.000000000000e+00,-1.513087760362
1850,17006,6227783203.125000,5.482189371364e+01,1.644656811409e+02,4.832400066465e+01,1.713266005318e+02,4.988178014518e+01,1.606104100308e+02,1.000000000000e+00,-1.538753164985
1851,17007,6228149414.062500,2.741094685682e+02,-3.837532559955e+02,3.001286674539e+02,-3.800044834301e+02,2.680329836235e+02,-3.907653053034e+02,1.000000000000e+00,-1.564418191344
1852,17008,6228515625.000000,3.837532559955e+02,5.482189371364e+01,3.908993042137e+02,7.578319930363e+01,3.800894742079e+02,4.878706376642e+01,1.000000000000e+00,-1.590082678296
1853,17009,6228881835.937500,5.482189371364e+01,-5.482189371364e+01,5.912647564472e+01,-5.338887444044e+01,4.940211921168e+01,-6.008237701015e+01,1.000000000000e+00,-1.615746464921
1854,17010,6229248046.875000,-5.482189371364e+01,1.644656811409e+02,-6.516337004760e+01,1.657041619281e+02,-5.959589238364e+01,1.605027854027e+02,1.000000000000e+00,-1.641409390548
1855,17011,6229614257.812500,2.741094685682e+02,-2.741094685682e+02,2.963951568800e+02,-2.653577153208e+02,2.687433578666e+02,-2.811666475580e+02,1.000000000000e+00,-1.667071294785
1856,17012,6229980468.750000,-3.837532559955e+02,-2.741094685682e+02,-3.767155668416e+02,-3.032142119191e+02,-3.907421007483e+02,-2.786277990694e+02,1.000000000000e+00,-1.692732017548
1857,17013,6230346679.687500,2.741094685682e+02,-5.482189371364e+01,2.839892845433e+02,-3.980664466812e+01,2.697366214530e+02,-6.156619038662e+01,1.000000000000e+00,-1.718391399091
1858,17014,6230712890.625000,-3.837532559955e+02,-2.741094685682e+02,-3.766830324568e+02,-3.039619167277e+02,-3.914653614596e+02,-2.782725280584e+02,1.000000000000e+00,-1.744049280036
1859,17015,6231079101.562500,5.482189371364e+01,-2.741094685682e+02,7.295613716416e+01,-2.775825655564e+02,4.853306343244e+01,-2.810993119421e+02,1.000000000000e+00,-1.769705501397
1860,17016,6231445312.500000,1.644656811409e+02,-2.741094685682e+02,1.858765583882e+02,-2.704495879729e+02,1.588017003766e+02,-2.818693169158e+02,1.000000000000e+00,-1.795359904616
1861,17017,6231811523.437500,5.482189371364e+01,-5.482189371364e+01,5.974757153013e+01,-5.256885619951e+01,5.029144840635e+01,-6.118693503296e+01,1.000000000000e+00,-1.821012331584
1862,17018,6232177734.375000,-2.741094685682e+02,-1.644656811409e+02,-2.696715529590e+02,-1.867890579206e+02,-2.802875113969e+02,-1.692793982482e+02,1.000000000000e+00,-1.846662624676
1863,17019,6232543945.312500,-3.837532559955e+02,-5.482189371364e+01,-3.890803419703e+02,-8.218888975906e+01,-3.893731290121e+02,-5.837992267414e+01,1.000000000000e+00,-1.872310626775
1864,17020,6232910156.250000,1.644656811409e+02,5.482189371364e+01,1.644978761461e+02,6.741663662706e+01,1.613461558075e+02,4.745853800685e+01,1.000000000000e+00,-1.897956181299
1865,17021,6233276367.187500,1.644656811409e+02,-3.837532559955e+02,1.953533104079e+02,-3.809408481453e+02,1.580438034177e+02,-3.923206721725e+02,1.000000000000e+00,-1.923599132233
1866,17022,6233642578.125000,1.644656811409e+02,-2.741094685682e+02,1.881540686864e+02,-2.684054748202e+02,1.591351978744e+02,-2.824798807767e+02,1.000000000000e+00,-1.949239324155
1867,17023,6234008789.062500,5.482189371364e+01,-2.741094685682e+02,7.655537041732e+01,-2.762380667585e+02,4.943778702295e+01,-2.817596568548e+02,1.000000000000e+00,-1.974876602259
1868,17024,6234375000.000000,-2.741094685682e+02,-5.482189371364e+01,-2.764225990504e+02,-7.657299572192e+01,-2.788351959427e+02,-5.914068089928e+01,1.000000000000e+00,-2.000510812389
1869,17025,6234741210.937500,5.482189371364e+01,1.644656811409e+02,4.386879161948e+01,1.725085771205e+02,5.364634830552e+01,1.577111483208e+02,1.000000000000e+00,-2.026141801062
1870,17026,6235107421.875000,1.644656811409e+02,3.837532559955e+02,1.396489482662e+02,4.053611199217e+02,1.668262993168e+02,3.763416011805e+02,1.000000000000e+00,-2.051769415492
1871,17027,6235473632.812500,1.644656811409e+02,-2.741094685682e+02,1.892376080947e+02,-2.678130436006e+02,1.586376797058e+02,-2.839227480277e+02,1.000000000000e+00,-2.077393503624
1872,17028,6235839843.750000,-3.837532559955e+02,-3.837532559955e+02,-3.621319624261e+02,-4.221083447469e+02,-3.920024980037e+02,-3.866841254539e+02,1.000000000000e+00,-2.103013914151
1873,17029,6236206054.687500,-2.741094685682e+02,2.741094685682e+02,-3.021479178182e+02,2.580339625921e+02,-2.738941464758e+02,2.708184779536e+02,1.000000000000e+00,-2.128630496545
1874,17030,6236572265.625000,-2.741094685682e+02,3.837532559955e+02,-3.123508447588e+02,3.696308867959e+02,-2.731157936428e+02,3.807559276176e+02,1.000000000000e+00,-2.154243101084
1875,17031,6236938476.562500,-1.644656811409e+02,-1.644656811409e+02,-1.541665957407e+02,-1.825598286514e+02,-1.690137089777e+02,-1.708723249406e+02,1.000000000000e+00,-2.179851578871
1876,17032,6237304687.500000,2.741094685682e+02,5.482189371364e+01,2.755507951496e+02,7.999753350554e+01,2.736317142216e+02,4.467740866479e+01,1.000000000000e+00,-2.205455781864
1877,17033,6237670898.437500,-1.644656811409e+02,-5.482189371364e+01,-1.631593736103e+02,-7.044705840759e+01,-1.672983126751e+02,-6.051687918863e+01,1.000000000000e+00,-2.231055562899
1878,17034,6238037109.375000,3.837532559955e+02,-3.837532559955e+02,4.255126879111e+02,-3.575376039423e+02,3.777079620596e+02,-3.965980467664e+02,1.000000000000e+00,-2.256650775713
1879,17035,6238403320.312500,-3.837532559955e+02,-1.644656811409e+02,-3.771884535682e+02,-2.025683749617e+02,-3.883089244318e+02,-1.675462042829e+02,1.000000000000e+00,-2.282241274971
1880,17036,6238769531.250000,-5.482189371364e+01,5.482189371364e+01,-6.108967549806e+01,5.104737757187e+01,-5.558860792152e+01,4.805402185946e+01,1.000000000000e+00,-2.307826916286
1881,17037,6239135742.187500,1.644656811409e+02,-2.741094685682e+02,1.938357861840e+02,-2.651273838188e+02,1.604114663234e+02,-2.852914484734e+02,1.000000000000e+00,-2.333407556242
1882,17038,6239501953.125000,3.837532559955e+02,3.837532559955e+02,3.557885898215e+02,4.287928818587e+02,3.893095967230e+02,3.722693877522e+02,1.000000000000e+00,-2.358983052422
1883,17039,6239868164.062500,5.482189371364e+01,2.741094685682e+02,2.940370133670e+01,2.852693125351e+02,5.781277828669e+01,2.663178140753e+02,1.000000000000e+00,-2.384553263424
1884,17040,6240234375.000000,-1.644656811409e+02,-3.837532559955e+02,-1.303748930748e+02,-4.078979719557e+02,-1.707161754853e+02,-3.904533551798e+02,1.000000000000e+00,-2.410118048887
1885,17041,6240600585.937500,3.837532559955e+02,5.482189371364e+01,3.864379453047e+02,9.361477854579e+01,3.852917431776e+02,4.115684638141e+01,1.000000000000e+00,-2.435677269512
1886,17042,6240966796.875000,5.482189371364e+01,-2.741094685682e+02,8.293135363293e+01,-2.744816756969e+02,5.028484520894e+01,-2.837926720947e+02,1.000000000000e+00,-2.461230787083
1887,17043,6241333007.812500,2.741094685682e+02,2.741094685682e+02,2.523558858048e+02,3.074435359445e+02,2.794398594283e+02,2.624342786870e+02,1.000000000000e+00,-2.486778464487
1888,17044,6241699218.750000,-1.644656811409e+02,5.482189371364e+01,-1.735927970675e+02,3.907580914992e+01,-1.639007790391e+02,4.946858686680e+01,1.000000000000e+00,-2.512320165736
1889,17045,6242065429.687500,-5.482189371364e+01,2.741094685682e+02,-8.476321860301e+01,2.741722500469e+02,-5.040880866386e+01,2.677887457748e+02,1.000000000000e+00,-2.537855755988
1890,17046,6242431640.625000,-3.837532559955e+02,5.482189371364e+01,-3.975704058396e+02,1.512480081083e+01,-3.835182583390e+02,5.272724459660e+01,1.000000000000e+00,-2.563385101565
1891,17047,6242797851.562500,-2.741094685682e+02,-5.482189371364e+01,-2.737828673547e+02,-8.550045066964e+01,-2.749249802970e+02,-5.891373540668e+01,1.000000000000e+00,-2.588908069972
1892,17048,6243164062.500000,2.741094685682e+02,3.837532559955e+02,2.377245892742e+02,4.214354943175e+02,2.820575974802e+02,3.723744415733e+02,1.000000000000e+00,-2.614424529918
1893,17049,6243530273.437500,-2.741094685682e+02,3.837532559955e+02,-3.220823702763e+02,3.612236335267e+02,-2.675143666548e+02,3.811886943071e+02,1.000000000000e+00,-2.639934351334
1894,17050,6243896484.375000,5.482189371364e+01,-3.837532559955e+02,9.886439761155e+01,-3.854204561947e+02,5.017296893526e+01,-3.941771753723e+02,1.000000000000e+00,-2.665437405388
1895,17051,6244262695.312500,5.482189371364e+01,-3.837532559955e+02,9.924723687032e+01,-3.851358127218e+02,5.016973851209e+01,-3.940296419701e+02,1.000000000000e+00,-2.690933564509
1896,17052,6244628906.250000,-1.644656811409e+02,-5.482189371364e+01,-1.613264596822e+02,-7.459533763354e+01,-1.638853295123e+02,-6.028728500970e+01,1.000000000000e+00,-2.716422702399
1897,17053,6244995117.187500,-5.482189371364e+01,-3.837532559955e+02,-1.171146980444e+01,-3.969764251491e+02,-5.970548093955e+01,-3.915480212049e+02,1.000000000000e+00,-2.741904694051
1898,17054,6245361328.125000,-1.644656811409e+02,-2.741094685682e+02,-1.356379039592e+02,-2.980554250292e+02,-1.674814315359e+02,-2.796242040535e+02,1.000000000000e+00,-2.767379415767
1899,17055,6245727539.062500,-5.482189371364e+01,2.741094685682e+02,-8.781172698272e+01,2.725402014303e+02,-4.707944675888e+01,2.673263384247e+02,1.000000000000e+00,-2.792846745174
1900,17056,6246093750.000000,-2.741094685682e+02,5.482189371364e+01,-2.854088176386e+02,2.345841662967e+01,-2.706650844091e+02,5.214098337743e+01,1.000000000000e+00,-2.818306561238
1901,17057,6246459960.937500,3.837532559955e+02,-2.741094685682e+02,4.235001532754e+02,-2.332120917537e+02,3.820785436391e+02,-2.904328131492e+02,1.000000000000e+00,-2.843758744279
1902,17058,6246826171.875000,-1.644656811409e+02,3.837532559955e+02,-2.140425715509e+02,3.710087293187e+02,-1.541338845129e+02,3.799848896749e+02,1.000000000000e+00,-2.869203175988
1903,17059,6247192382.812500,-2.741094685682e+02,-3.837532559955e+02,-2.322014892100e+02,-4.248134215130e+02,-2.792826406646e+02,-3.877408913849e+02,1.000000000000e+00,-2.894639739440
1904,17060,6247558593.750000,-5.482189371364e+01,-1.644656811409e+02,-3.537294733664e+01,-1.745338752976e+02,-5.467925999212e+01,-1.721086024711e+02,1.000000000000e+00,-2.920068319107
1905,17061,6247924804.687500,5.482189371364e+01,3.837532559955e+02,7.308842171557e+00,3.983870606899e+02,6.630322012068e+01,3.765187857501e+02,1.000000000000e+00,-2.945488800873
1906,17062,6248291015.625000,-5.482189371364e+01,5.482189371364e+01,-6.289886569558e+01,4.883476212066e+01,-4.997981583835e+01,4.814716640665e+01,1.000000000000e+00,-2.970901072046
1907,17063,6248657226.562500,-1.644656811409e+02,-5.482189371364e+01,-1.602648911649e+02,-7.713961107581e+01,-1.617636752062e+02,-5.973990419609e+01,1.000000000000e+00,-2.996305021371
1908,17064,6249023437.500000,-3.837532559955e+02,1.644656811409e+02,-4.116764947435e+02,1.168133157348e+02,-3.769334220256e+02,1.642202498053e+02,1.000000000000e+00,-3.021700539042
1909,17065,6249389648.437500,2.741094685682e+02,1.644656811409e+02,2.571416828797e+02,2.034533355105e+02,2.827560019748e+02,1.516739159080e+02,1.000000000000e+00,-3.047087516712
1910,17066,6249755859.375000,3.837532559955e+02,-3.837532559955e+02,4.415046698126e+02,-3.397826165643e+02,3.818934386250e+02,-4.007812271937e+02,1.000000000000e+00,-3.072465847510
1911,17067,6250122070.312500,-5.482189371364e+01,2.741094685682e+02,-9.249101456245e+01,2.716908776623e+02,-4.417051888707e+01,2.686245122669e+02,1.000000000000e+00,-3.097835426042
1912,17068,6250488281.250000,2.741094685682e+02,-1.644656811409e+02,3.010622174634e+02,-1.297734700913e+02,2.767928798260e+02,-1.778574626697e+02,1.000000000000e+00,-3.123196148412
1913,17069,6250854492.187500,5.482189371364e+01,3.837532559955e+02,2.285532433918e+00,3.971231862720e+02,6.749875847494e+01,3.758247139319e+02,1.000000000000e+00,3.134637394957
1914,17070,6251220703.125000,-2.741094685682e+02,3.837532559955e+02,-3.319102045660e+02,3.509856299923e+02,-2.615186617053e+02,3.820738385704e+02,1.000000000000e+00,3.109294690588
1915,17071,6251586914.062500,3.837532559955e+02,-3.837532559955e+02,4.433966056995e+02,-3.357915053173e+02,3.824933418340e+02,-3.995234658339e+02,1.000000000000e+00,3.083961145023
1916,17072,6251953125.000000,-5.482189371364e+01,3.837532559955e+02,-1.095182918726e+02,3.821035590134e+02,-4.049318922856e+01,3.786483258869e+02,1.000000000000e+00,3.058636856093
1917,17073,6252319335.937500,1.644656811409e+02,3.837532559955e+02,1.127183880915e+02,4.130811643588e+02,1.795793792578e+02,3.740116396552e+02,1.000000000000e+00,3.033321920094
1918,17074,6252685546.875000,-1.644656811409e+02,-2.741094685682e+02,-1.278214949834e+02,-3.019351411307e+02,-1.644162888678e+02,-2.781554659779e+02,1.000000000000e+00,3.008016431773
1919,17075,6253051757.812500,3.837532559955e+02,2.741094685682e+02,3.500650156433e+02,3.338640257154e+02,3.974245256494e+02,2.596225287139e+02,1.000000000000e+00,2.982720484325
1920,17076,6253417968.750000,2.741094685682e+02,5.482189371364e+01,2.701843374993e+02,9.579743971808e+01,2.828057885119e+02,4.239180349617e+01,1.000000000000e+00,2.957434169386
1921,17077,6253784179.687500,-1.644656811409e+02,3.837532559955e+02,-2.237706532885e+02,3.648938327076e+02,-1.497543438356e+02,3.814078174516e+02,1.000000000000e+00,2.932157577027
1922,17078,6254150390.625000,-1.644656811409e+02,2.741094685682e+02,-2.079545780461e+02,2.533359429392e+02,-1.519536503061e+02,2.716336450785e+02,1.000000000000e+00,2.906890795742
1923,17079,6254516601.562500,1.644656811409e+02,1.644656811409e+02,1.419323052588e+02,1.918181801916e+02,1.757337294899e+02,1.552517784107e+02,1.000000000000e+00,2.881633912452
1924,17080,6254882812.500000,-3.837532559955e+02,5.482189371364e+01,-3.979208870562e+02,-3.156422356703e+00,-3.763154262998e+02,5.662762149702e+01,1.000000000000e+00,2.856387012494
1925,17081,6255249023.437500,5.482189371364e+01,3.837532559955e+02,-3.628955210140e+00,3.979764136094e+02,7.069199442900e+01,3.779643192489e+02,1.000000000000e+00,2.831150179614
1926,17082,6255615234.375000,1.644656811409e+02,5.482189371364e+01,1.583696867915e+02,8.120986366023e+01,1.741760448564e+02,4.572002171898e+01,1.000000000000e+00,2.805923495970
1927,17083,6255981445.312500,-5.482189371364e+01,2.741094685682e+02,-9.854150376630e+01,2.695136051520e+02,-4.107547767046e+01,2.704766263617e+02,1.000000000000e+00,2.780707042123
1928,17084,6256347656.250000,-3.837532559955e+02,-1.644656811409e+02,-3.633524478494e+02,-2.262971959790e+02,-3.800454046449e+02,-1.614352495150e+02,1.000000000000e+00,2.755500897032
1929,17085,6256713867.187500,-5.482189371364e+01,-3.837532559955e+02,3.617081788114e+00,-3.968988722563e+02,-5.619663807831e+01,-3.880205047301e+02,1.000000000000e+00,2.730305138057
1930,17086,6257080078.125000,2.741094685682e+02,1.644656811409e+02,2.519648584741e+02,2.084202764056e+02,2.872143298368e+02,1.517131569955e+02,1.000000000000e+00,2.705119840950
1931,17087,6257446289.062500,3.837532559955e+02,-2.741094685682e+02,4.309118305718e+02,-2.173248652234e+02,3.855209549768e+02,-2.892336010021e+02,1.000000000000e+00,2.679945079857
1932,17088,6257812500.000000,3.837532559955e+02,2.741094685682e+02,3.446461399401e+02,3.381263846184e+02,3.998467992011e+02,2.598413595855e+02,1.000000000000e+00,2.654780927314
1933,17089,6258178710.937500,3.837532559955e+02,-1.644656811409e+02,4.147228618814e+02,-1.045868887047e+02,3.894795977098e+02,-1.785526453749e+02,1.000000000000e+00,2.629627454245
1934,17090,6258544921.875000,-2.741094685682e+02,-1.644656811409e+02,-2.506015756656e+02,-2.112161887744e+02,-2.691678893170e+02,-1.629649589657e+02,1.000000000000e+00,2.604484729962
1935,17091,6258911132.812500,-5.482189371364e+01,5.482189371364e+01,-6.458720792340e+01,4.644696687197e+01,-4.427647858208e+01,5.190243970667e+01,1.000000000000e+00,2.579352822165
1936,17092,6259277343.750000,-2.741094685682e+02,3.837532559955e+02,-3.413632199227e+02,3.426272019315e+02,-2.566194653774e+02,3.866702569756e+02,1.000000000000e+00,2.554231796940
1937,17093,6259643554.687500,-2.741094685682e+02,1.644656811409e+02,-3.046471082880e+02,1.202631385568e+02,-2.610802188655e+02,1.669083918177e+02,1.000000000000e+00,2.529121718758
1938,17094,6260009765.625000,1.644656811409e+02,5.482189371364e+01,1.568019396032e+02,8.309903403514e+01,1.756867275626e+02,4.747693988905e+01,1.000000000000e+00,2.504022650480
1939,17095,6260375976.562500,-1.644656811409e+02,5.482189371364e+01,-1.753310481349e+02,2.736517873352e+01,-1.532935151446e+02,5.500303126692e+01,1.000000000000e+00,2.478934653352
1940,17096,6260742187.500000,-2.741094685682e+02,-1.644656811409e+02,-2.484126839215e+02,-2.129510348277e+02,-2.676893759656e+02,-1.617910704724e+02,1.000000000000e+00,2.453857787008
1941,17097,6261108398.437500,-5.482189371364e+01,-2.741094685682e+02,-8.071444565483e+00,-2.860162875958e+02,-5.065657677417e+01,-2.760850475724e+02,1.000000000000e+00,2.428792109474
1942,17098,6261474609.375000,-5.482189371364e+01,-2.741094685682e+02,-8.102136174441e+00,-2.860619600555e+02,-5.089115907653e+01,-2.758308071869e+02,1.000000000000e+00,2.403737677166
1943,17099,6261840820.312500,2.741094685682e+02,-5.482189371364e+01,2.861075884341e+02,-8.132836090266e+00,2.834862014151e+02,-6.427027748885e+01,1.000000000000e+00,2.378694544895
1944,17100,6262207031.250000,2.741094685682e+02,2.741094685682e+02,2.293278863927e+02,3.242287840870e+02,2.919849098376e+02,2.651915906616e+02,1.000000000000e+00,2.353662765866
1945,17101,6262573242.187500,2.741094685682e+02,2.741094685682e+02,2.290268595104e+02,3.248442742900e+02,2.922184288423e+02,2.657551446029e+02,1.000000000000e+00,2.328642391684
1946,17102,6262939453.125000,-5.482189371364e+01,-3.837532559955e+02,1.229615780362e+01,-3.976022675686e+02,-5.349440023981e+01,-3.854737182778e+02,1.000000000000e+00,2.303633472356
1947,17103,6263305664.062500,-1.644656811409e+02,5.482189371364e+01,-1.758848079506e+02,2.614903628140e+01,-1.526232631069e+02,5.724636516621e+01,1.000000000000e+00,2.278636056294
1948,17104,6263671875.000000,3.837532559955e+02,2.741094685682e+02,3.382513485887e+02,3.453101266635e+02,4.020177566721e+02,2.640126209082e+02,1.000000000000e+00,2.253650190318
1949,17105,6264038085.937500,3.837532559955e+02,5.482189371364e+01,3.770910658441e+02,1.243138734922e+02,3.965957779859e+02,4.453733693686e+01,1.000000000000e+00,2.228675919662
1950,17106,6264404296.875000,-5.482189371364e+01,-5.482189371364e+01,-4.545024298763e+01,-6.505037491876e+01,-4.507789883965e+01,-5.436565319908e+01,1.000000000000e+00,2.203713287975
1951,17107,6264770507.812500,-1.644656811409e+02,-2.741094685682e+02,-1.169741813844e+02,-3.053218595744e+02,-1.608041727497e+02,-2.701017137390e+02,1.000000000000e+00,2.178762337329
1952,17108,6265136718.750000,3.837532559955e+02,-3.837532559955e+02,4.545977990702e+02,-3.183683383362e+02,3.836828183514e+02,-3.951152868229e+02,1.000000000000e+00,2.153823108223
1953,17109,6265502929.687500,-3.837532559955e+02,-3.837532559955e+02,-3.179361419802e+02,-4.553441809522e+02,-3.834123315129e+02,-3.729383422028e+02,1.000000000000e+00,2.128895639585
1954,17110,6265869140.625000,-3.837532559955e+02,2.741094685682e+02,-4.362918995478e+02,2.069891839460e+02,-3.648250028407e+02,2.852587730493e+02,1.000000000000e+00,2.103979968782
1955,17111,6266235351.562500,5.482189371364e+01,-3.837532559955e+02,1.249782781137e+02,-3.768553906372e+02,5.549664069373e+01,-3.853389534560e+02,1.000000000000e+00,2.079076131623
1956,17112,6266601562.500000,-3.837532559955e+02,3.837532559955e+02,-4.568102316798e+02,3.167058767487e+02,-3.616855124166e+02,3.956339475303e+02,1.000000000000e+00,2.054184162365
1957,17113,6266967773.437500,3.837532559955e+02,5.482189371364e+01,3.766454986865e+02,1.256282799123e+02,3.972512126101e+02,4.477593433934e+01,1.000000000000e+00,2.029304093719
1958,17114,6267333984.375000,5.482189371364e+01,2.741094685682e+02,4.538971055260e+00,2.861347598744e+02,7.412106460761e+01,2.738339672856e+02,1.000000000000e+00,2.004435956859
1959,17115,6267700195.312500,-3.837532559955e+02,-3.837532559955e+02,-3.145963011045e+02,-4.575686260908e+02,-3.826485411548e+02,-3.718182010961e+02,1.000000000000e+00,1.979579781424
1960,17116,6268066406.250000,-5.482189371364e+01,1.644656811409e+02,-8.599333337698e+01,1.550628261821e+02,-3.875525397035e+01,1.675351411085e+02,1.000000000000e+00,1.954735595531
1961,17117,6268432617.187500,-2.741094685682e+02,-5.482189371364e+01,-2.652538009915e+02,-1.069692241691e+02,-2.639132674429e+02,-4.563176636507e+01,1.000000000000e+00,1.929903425775
1962,17118,6268798828.125000,-1.644656811409e+02,-2.741094685682e+02,-1.131614572926e+02,-3.069925495229e+02,-1.600247932863e+02,-2.677110741549e+02,1.000000000000e+00,1.905083297243
1963,17119,6269165039.062500,-5.482189371364e+01,-1.644656811409e+02,-2.368277268483e+01,-1.758797619433e+02,-4.754154638194e+01,-1.606227919641e+02,1.000000000000e+00,1.880275233516
1964,17120,6269531250.000000,-3.837532559955e+02,5.482189371364e+01,-3.963656771377e+02,-1.816886626270e+01,-3.707508475675e+02,6.811946171301e+01,1.000000000000e+00,1.855479256682
1965,17121,6269897460.937500,-1.644656811409e+02,-3.837532559955e+02,-9.215890380197e+01,-4.172402708423e+02,-1.638278690525e+02,-3.761105643879e+02,1.000000000000e+00,1.830695387340
1966,17122,6270263671.875000,2.741094685682e+02,1.644656811409e+02,2.439818960166e+02,2.179725545414e+02,2.903941243505e+02,1.600861562460e+02,1.000000000000e+00,1.805923644610
1967,17123,6270629882.812500,-2.741094685682e+02,-2.741094685682e+02,-2.223629990316e+02,-3.286272978147e+02,-2.701168345561e+02,-2.631666412157e+02,1.000000000000e+00,1.781164046140
1968,17124,6270996093.750000,2.741094685682e+02,-5.482189371364e+01,2.861524347695e+02,-1.455957157840e+00,2.843205538012e+02,-5.820939754078e+01,1.000000000000e+00,1.756416608119
1969,17125,6271362304.687500,-5.482189371364e+01,-2.741094685682e+02,-1.574775191463e+00,-2.861680007210e+02,-5.092745687895e+01,-2.686126004012e+02,1.000000000000e+00,1.731681345278
1970,17126,6271728515.625000,-5.482189371364e+01,2.741094685682e+02,-1.085009159509e+02,2.648232306739e+02,-3.552187867791e+01,2.802329090162e+02,1.000000000000e+00,1.706958270907
1971,17127,6272094726.562500,-1.644656811409e+02,-5.482189371364e+01,-1.546004744030e+02,-8.716180712342e+01,-1.547885230513e+02,-4.532581371371e+01,1.000000000000e+00,1.682247396858
1972,17128,6272460937.500000,-3.837532559955e+02,5.482189371364e+01,-3.961889631116e+02,-2.046318760763e+01,-3.709492891874e+02,7.066981153835e+01,1.000000000000e+00,1.657548733558
1973,17129,6272827148.437500,-1.644656811409e+02,-2.741094685682e+02,-1.106104009528e+02,-3.077553352453e+02,-1.606837672826e+02,-2.643585034427e+02,1.000000000000e+00,1.632862290017
1974,17130,6273193359.375000,-2.741094685682e+02,1.644656811409e+02,-3.078730282097e+02,1.103375054558e+02,-2.584598532270e+02,1.773822950182e+02,1.000000000000e+00,1.608188073838
1975,17131,6273559570.312500,-5.482189371364e+01,2.741094685682e+02,-1.097610259178e+02,2.642221985364e+02,-3.612052494229e+01,2.814792738220e+02,1.000000000000e+00,1.583526091227
1976,17132,6273925781.250000,1.644656811409e+02,1.644656811409e+02,1.323123974338e+02,1.980233860052e+02,1.802649523424e+02,1.658993413026e+02,1.000000000000e+00,1.558876347001
1977,17133,6274291992.187500,-2.741094685682e+02,-2.741094685682e+02,-2.198763038074e+02,-3.304012339577e+02,-2.709282298954e+02,-2.604280650171e+02,1.000000000000e+00,1.534238844602
1978,17134,6274658203.125000,-3.837532559955e+02,3.837532559955e+02,-4.631440439371e+02,3.066658665128e+02,-3.631645471914e+02,4.003878865147e+02,1.000000000000e+00,1.509613586102
1979,17135,6275024414.062500,3.837532559955e+02,3.837532559955e+02,3.056188740037e+02,4.636483850575e+02,4.038668781774e+02,3.811946678636e+02,1.000000000000e+00,1.485000572218
1980,17136,6275390625.000000,5.482189371364e+01,5.482189371364e+01,4.374013485153e+01,6.615710820526e+01,6.681103956473e+01,6.043884735722e+01,1.000000000000e+00,1.460399802320
1981,17137,6275756835.937500,1.644656811409e+02,-3.837532559955e+02,2.427526006522e+02,-3.512587704908e+02,1.637742861901e+02,-3.809101609640e+02,1.000000000000e+00,1.435811274441
1982,17138,6276123046.875000,-3.837532559955e+02,-5.482189371364e+01,-3.734964611445e+02,-1.324620387469e+02,-3.747520871045e+02,-3.553874588613e+01,1.000000000000e+00,1.411234985290
1983,17139,6276489257.812500,-3.837532559955e+02,3.837532559955e+02,-4.618240501383e+02,3.068507734984e+02,-3.611316451053e+02,4.028591319209e+02,1.000000000000e+00,1.386670930262
1984,17140,6276855468.750000,-1.644656811409e+02,5.482189371364e+01,-1.756801316961e+02,2.167910155031e+01,-1.523732330778e+02,6.799676277017e+01,1.000000000000e+00,1.362119103445
1985,17141,6277221679.687500,1.644656811409e+02,3.837532559955e+02,8.680021843402e+01,4.175245016799e+02,1.859852901588e+02,3.862628228713e+02,1.000000000000e+00,1.337579497637
1986,17142,6277587890.625000,-1.644656811409e+02,-1.644656811409e+02,-1.311008489113e+02,-1.983975408125e+02,-1.596238897298e+02,-1.507241748019e+02,1.000000000000e+00,1.313052104354
1987,17143,6277954101.562500,1.644656811409e+02,3.837532559955e+02,8.567107813278e+01,4.186009361822e+02,1.853010744271e+02,3.878092396894e+02,1.000000000000e+00,1.288536913840
1988,17144,6278320312.500000,5.482189371364e+01,2.741094685682e+02,-2.041536131460e+00,2.860283675626e+02,7.198906634635e+01,2.816360687643e+02,1.000000000000e+00,1.264033915081
1989,17145,6278686523.437500,-5.482189371364e+01,-3.837532559955e+02,2.541847162966e+01,-3.957240808191e+02,-5.622572001472e+01,-3.728083361503e+02,1.000000000000e+00,1.239543095814
1990,17146,6279052734.375000,5.482189371364e+01,5.482189371364e+01,4.331625111731e+01,6.641143823753e+01,6.524952878067e+01,6.288449342489e+01,1.000000000000e+00,1.215064442540
1991,17147,6279418945.312500,-5.482189371364e+01,2.741094685682e+02,-1.128322932684e+02,2.627246074058e+02,-3.873423533656e+01,2.852611858421e+02,1.000000000000e+00,1.190597940532
1992,17148,6279785156.250000,-2.741094685682e+02,-1.644656811409e+02,-2.393976481082e+02,-2.227896639093e+02,-2.697930522967e+02,-1.472275838286e+02,1.000000000000e+00,1.166143573854
1993,17149,6280151367.187500,1.644656811409e+02,3.837532559955e+02,8.315453378436e+01,4.190811990043e+02,1.832041360864e+02,3.896065798468e+02,1.000000000000e+00,1.141701325362
1994,17150,6280517578.125000,5.482189371364e+01,-3.837532559955e+02,1.359605779391e+02,-3.728618747726e+02,5.203140760495e+01,-3.750933971450e+02,1.000000000000e+00,1.117271176725
1995,17151,6280883789.062500,2.741094685682e+02,5.482189371364e+01,2.632853611014e+02,1.125282190760e+02,2.840182426962e+02,5.716938199183e+01,1.000000000000e+00,1.092853108431
1996,17152,6281250000.000000,-5.482189371364e+01,5.482189371364e+01,-6.648622450921e+01,4.339569457919e+01,-4.544106942345e+01,6.738282237341e+01,1.000000000000e+00,1.068447099802
1997,17153,6281616210.937500,-5.482189371364e+01,-3.837532559955e+02,2.645232417666e+01,-3.958840966346e+02,-5.856882787102e+01,-3.711828212105e+02,1.000000000000e+00,1.044053129002
1998,17154,6281982421.875000,-2.741094685682e+02,-3.837532559955e+02,-1.923655151621e+02,-4.424219775088e+02,-2.776122746871e+02,-3.646390516351e+02,1.000000000000e+00,1.019671173054
1999,17155,6282348632.812500,-2.741094685682e+02,-2.741094685682e+02,-2.155720242943e+02,-3.330802781071e+02,-2.747716914080e+02,-2.550807495675e+02,1.000000000000e+00,0.995301207845
2000,17156,6282714843.750000,5.482189371364e+01,-1.644656811409e+02,9.029711816493e+01,-1.528516141899e+02,5.715831968736e+01,-1.544871008025e+02,1.000000000000e+00,0.970943208144
2001,17157,6283081054.687500,5.482189371364e+01,1.644656811409e+02,1.933137059460e+01,1.765432528640e+02,6.593808799622e+01,1.749751619937e+02,1.000000000000e+00,0.946597147611
2002,17158,6283447265.625000,-3.837532559955e+02,-3.837532559955e+02,-3.008418749798e+02,-4.674130188476e+02,-3.880916419297e+02,-3.618899504428e+02,1.000000000000e+00,0.922262998808
2003,17159,6283813476.562500,-2.741094685682e+02,1.644656811409e+02,-3.100955964721e+02,1.048589782580e+02,-2.639231238820e+02,1.839725521116e+02,1.000000000000e+00,0.897940733214
2004,17160,6284179687.500000,-2.741094685682e+02,1.644656811409e+02,-3.100881002064e+02,1.046862427723e+02,-2.641448416772e+02,1.840791436556e+02,1.000000000000e+00,0.873630321233
2005,17161,6284545898.437500,-2.741094685682e+02,3.837532559955e+02,-3.579329611592e+02,3.239281685389e+02,-2.584947411879e+02,4.036576166543e+02,1.000000000000e+00,0.849331732209
2006,17162,6284912109.375000,5.482189371364e+01,-3.837532559955e+02,1.386558375650e+02,-3.717264339229e+02,4.983991216735e+01,-3.727176420893e+02,1.000000000000e+00,0.825044934436
2007,17163,6285278320.312500,5.482189371364e+01,5.482189371364e+01,4.282672956704e+01,6.675497756962e+01,6.131613575385e+01,6.605957130557e+01,1.000000000000e+00,0.800769895171
2008,17164,6285644531.250000,-2.741094685682e+02,-5.482189371364e+01,-2.618701016896e+02,-1.144879330073e+02,-2.706852976171e+02,-3.425840369415e+01,1.000000000000e+00,0.776506580644
2009,17165,6286010742.187500,1.644656811409e+02,2.741094685682e+02,1.045698776636e+02,3.094651368779e+02,1.764854349751e+02,2.820801590266e+02,1.000000000000e+00,0.752254956073
2010,17166,6286376953.125000,1.644656811409e+02,-2.741094685682e+02,2.241218485993e+02,-2.378110997480e+02,1.608143637706e+02,-2.653176628060e+02,1.000000000000e+00,0.728014985674
2011,17167,6286743164.062500,1.644656811409e+02,-3.837532559955e+02,2.484430289622e+02,-3.472416769139e+02,1.576983147404e+02,-3.748191516209e+02,1.000000000000e+00,0.703786632671
2012,17168,6287109375.000000,2.741094685682e+02,-5.482189371364e+01,2.859022498820e+02,5.511510695509e+00,2.761374735810e+02,-4.894224286808e+01,1.000000000000e+00,0.679569859312
2013,17169,6287475585.937500,2.741094685682e+02,-2.741094685682e+02,3.341453430055e+02,-2.136252252812e+02,2.697698678328e+02,-2.682179922356e+02,1.000000000000e+00,0.655364626877
2014,17170,6287841796.875000,1.644656811409e+02,-2.741094685682e+02,2.245940646928e+02,-2.377808441699e+02,1.597528251506e+02,-2.651794335815e+02,1.000000000000e+00,0.631170895693
2015,17171,6288208007.812500,-2.741094685682e+02,1.644656811409e+02,-3.100888341931e+02,1.040702465894e+02,-2.667498913527e+02,1.858490262160e+02,1.000000000000e+00,0.606988625142
2016,17172,6288574218.750000,5.482189371364e+01,-5.482189371364e+01,6.685073437242e+01,-4.270201208436e+01,5.567596677403e+01,-4.264787218780e+01,1.000000000000e+00,0.582817773677
2017,17173,6288940429.687500,5.482189371364e+01,-5.482189371364e+01,6.686116484952e+01,-4.267638888030e+01,5.537366018917e+01,-4.256801620821e+01,1.000000000000e+00,0.558658298830
2018,17174,6289306640.625000,1.644656811409e+02,3.837532559955e+02,7.929652139571e+01,4.196666165648e+02,1.767820575940e+02,3.929780700437e+02,1.000000000000e+00,0.534510157226
2019,17175,6289672851.562500,-5.482189371364e+01,3.837532559955e+02,-1.400326331823e+02,3.709319790525e+02,-4.301642251421e+01,3.989813754251e+02,1.000000000000e+00,0.510373304592
2020,17176,6290039062.500000,2.741094685682e+02,3.837532559955e+02,1.880112675181e+02,4.440967232044e+02,2.852480205950e+02,3.902690734690e+02,1.000000000000e+00,0.486247695774
2021,17177,6290405273.437500,2.741094685682e+02,2.741094685682e+02,2.128059162581e+02,3.342479047862e+02,2.823374007452e+02,2.801828275337e+02,1.000000000000e+00,0.462133284742
2022,17178,6290771484.375000,2.741094685682e+02,-3.837532559955e+02,3.579575326710e+02,-3.225525805703e+02,2.629707895627e+02,-3.771990296278e+02,1.000000000000e+00,0.438030024605
2023,17179,6291137695.312500,3.837532559955e+02,-1.644656811409e+02,4.190395292464e+02,-7.976118245869e+01,3.784724394434e+02,-1.616285648999e+02,1.000000000000e+00,0.413937867622
2024,17180,6291503906.250000,3.837532559955e+02,3.837532559955e+02,2.981151017288e+02,4.678935125268e+02,3.943691650640e+02,3.864085179175e+02,1.000000000000e+00,0.389856765215
2025,17181,6291870117.187500,-2.741094685682e+02,-1.644656811409e+02,-2.370338305447e+02,-2.252211760077e+02,-2.789506464838e+02,-1.427267799071e+02,1.000000000000e+00,0.365786667976
2026,17182,6292236328.125000,-2.741094685682e+02,-3.837532559955e+02,-1.876251411943e+02,-4.444584812738e+02,-2.849191877176e+02,-3.623261800465e+02,1.000000000000e+00,0.341727525683
2027,17183,6292602539.062500,-3.837532559955e+02,-5.482189371364e+01,-3.705230255903e+02,-1.412029729957e+02,-3.860473004156e+02,-3.103542379695e+01,1.000000000000e+00,0.317679287308
2028,17184,6292968750.000000,2.741094685682e+02,1.644656811409e+02,2.360689724802e+02,2.261872586488e+02,2.766225518571e+02,1.719165969973e+02,1.000000000000e+00,0.293641901031
2029,17185,6293334960.937500,5.482189371364e+01,-2.741094685682e+02,1.165468003145e+02,-2.610873039389e+02,4.623760519604e+01,-2.613482136552e+02,1.000000000000e+00,0.269615314248
2030,17186,6293701171.875000,-5.482189371364e+01,3.837532559955e+02,-1.407852589319e+02,3.706977499890e+02,-4.649879042684e+01,3.991444558292e+02,1.000000000000e+00,0.245599473583
2031,17187,6294067382.812500,1.644656811409e+02,-3.837532559955e+02,2.498112930610e+02,-3.464298080333e+02,1.513765907418e+02,-3.742823674263e+02,1.000000000000e+00,0.221594324903
2032,17188,6294433593.750000,5.482189371364e+01,-3.837532559955e+02,1.402047597536e+02,-3.709400302094e+02,4.126139980787e+01,-3.712638117288e+02,1.000000000000e+00,0.197599813323
2033,17189,6294799804.687500,-5.482189371364e+01,5.482189371364e+01,-6.692850504121e+01,4.255075301688e+01,-5.611565325426e+01,7.029533221360e+01,1.000000000000e+00,0.173615883219
2034,17190,6295166015.625000,-3.837532559955e+02,2.741094685682e+02,-4.441279188720e+02,1.882021828952e+02,-3.789220772087e+02,2.988692533033e+02,1.000000000000e+00,0.149642478243
2035,17191,6295532226.562500,2.741094685682e+02,1.644656811409e+02,2.366906846297e+02,2.254381343387e+02,2.749489631064e+02,1.705613557770e+02,1.000000000000e+00,0.125679541325
2036,17192,6295898437.500000,-5.482189371364e+01,-3.837532559955e+02,3.164464889029e+01,-3.950176742273e+02,-6.875770860676e+01,-3.682613210552e+02,1.000000000000e+00,0.101727014693
2037,17193,6296264648.437500,3.837532559955e+02,1.644656811409e+02,3.459382525058e+02,2.502515890633e+02,3.838458193540e+02,1.676361965676e+02,1.000000000000e+00,0.077784839878
2038,17194,6296630859.375000,-5.482189371364e+01,-5.482189371364e+01,-4.248587876062e+01,-6.699806218490e+01,-6.080731800347e+01,-3.975429994430e+01,1.000000000000e+00,0.053852957725
2039,17195,6296997070.312500,-3.837532559955e+02,-1.644656811409e+02,-3.469126957925e+02,-2.497847462714e+02,-3.935455976566e+02,-1.398915947893e+02,1.000000000000e+00,0.029931308406
2040,17196,6297363281.250000,1.644656811409e+02,-1.644656811409e+02,2.010043276373e+02,-1.276496615018e+02,1.547554194750e+02,-1.559667360812e+02,1.000000000000e+00,0.006019831428
2041,17197,6297729492.187500,3.837532559955e+02,-1.644656811409e+02,4.200836777024e+02,-7.854008657277e+01,3.738773765291e+02,-1.622080746592e+02,1.000000000000e+00,-0.017881534355
2042,17198,6298095703.125000,1.644656811409e+02,-5.482189371364e+01,1.765254430938e+02,-1.795535579074e+01,1.573372172430e+02,-4.636050551120e+01,1.000000000000e+00,-0.041772850734
2043,17199,6298461914.062500,2.741094685682e+02,3.837532559955e+02,1.879512014172e+02,4.446073650408e+02,2.790679939249e+02,3.891245791346e+02,1.000000000000e+00,-0.065654180131
2044,17200,6298828125.000000,-1.644656811409e+02,5.482189371364e+01,-1.765394729567e+02,1.798714289744e+01,-1.691905610944e+02,7.230980078022e+01,1.000000000000e+00,-0.089525585594
2045,17201,6299194335.937500,-1.644656811409e+02,5.482189371364e+01,-1.764935791970e+02,1.793993939915e+01,-1.694447863749e+02,7.210709648715e+01,1.000000000000e+00,-0.113387130783
2046,17202,6299560546.875000,2.741094685682e+02,-5.482189371364e+01,2.858087729785e+02,6.740956703784e+00,2.657020029102e+02,-4.974601278978e+01,1.000000000000e+00,-0.137238879961
2047,17203,6299926757.812500,5.482189371364e+01,-1.644656811409e+02,9.159752369312e+01,-1.516870078303e+02,4.331356178279e+01,-1.533735125493e+02,1.000000000000e+00,-0.161080897985
2048,17204,6300292968.750000,-1.644656811409e+02,-3.837532559955e+02,-7.792487801113e+01,-4.196952466050e+02,-1.819769555816e+02,-3.668149719135e+02,1.000000000000e+00,-0.184913250295
2049,17205,6300659179.687500,-1.644656811409e+02,-3.837532559955e+02,-7.811781300280e+01,-4.198739446128e+02,-1.824433328626e+02,-3.671195073598e+02,1.000000000000e+00,-0.208736002906
2050,17206,6301025390.625000,5.482189371364e+01,3.837532559955e+02,-3.117484333717e+01,3.954890363541e+02,5.752091858871e+01,3.941918122015e+02,1.000000000000e+00,-0.232549222396
2051,17207,6301391601.562500,-3.837532559955e+02,1.644656811409e+02,-4.199993456036e+02,7.856879241169e+01,-3.873356647749e+02,1.869376178426e+02,1.000000000000e+00,-0.256352975899
2052,17208,6301757812.500000,2.741094685682e+02,1.644656811409e+02,2.371827035052e+02,2.253312611112e+02,2.704724037837e+02,1.681958570470e+02,1.000000000000e+00,-0.280147331093
2053,17209,6302124023.437500,5.482189371364e+01,5.482189371364e+01,4.254207938502e+01,6.696103800863e+01,4.775138234061e+01,6.458596398874e+01,1.000000000000e+00,-0.303932356195
2054,17210,6302490234.375000,-1.644656811409e+02,2.741094685682e+02,-2.254840063214e+02,2.366979287942e+02,-1.658799479171e+02,2.895037932911e+02,1.000000000000e+00,-0.327708119946
2055,17211,6302856445.312500,2.741094685682e+02,5.482189371364e+01,2.609445450302e+02,1.163518306275e+02,2.661043573653e+02,5.870485438050e+01,1.000000000000e+00,-0.351474691604
2056,17212,6303222656.250000,3.837532559955e+02,3.837532559955e+02,2.962839125084e+02,4.687144931586e+02,3.837049806603e+02,3.840865208841e+02,1.000000000000e+00,-0.375232140938
2057,17213,6303588867.187500,-2.741094685682e+02,-2.741094685682e+02,-2.120630448440e+02,-3.344400074150e+02,-2.906057529674e+02,-2.558250243175e+02,1.000000000000e+00,-0.398980538214
2058,17214,6303955078.125000,1.644656811409e+02,-2.741094685682e+02,2.247679357136e+02,-2.368120419103e+02,1.466689625665e+02,-2.679754217153e+02,1.000000000000e+00,-0.422719954189
2059,17215,6304321289.062500,-2.741094685682e+02,-5.482189371364e+01,-2.613294373057e+02,-1.155480140564e+02,-2.853700134126e+02,-3.707803254684e+01,1.000000000000e+00,-0.446450460103
2060,17216,6304687500.000000,3.837532559955e+02,2.741094685682e+02,3.222625137889e+02,3.590836934930e+02,3.810379381577e+02,2.732974847815e+02,1.000000000000e+00,-0.470172127667
2061,17217,6305053710.937500,2.741094685682e+02,2.741094685682e+02,2.127810428202e+02,3.349884522159e+02,2.712334257940e+02,2.764054527817e+02,1.000000000000e+00,-0.493885029057
2062,17218,6305419921.875000,3.837532559955e+02,-1.644656811409e+02,4.197984799771e+02,-7.820432951426e+01,3.687684543854e+02,-1.649125528223e+02,1.000000000000e+00,-0.517589236904
2063,17219,6305786132.812500,-5.482189371364e+01,-5.482189371364e+01,-4.231414685134e+01,-6.697343180220e+01,-6.689821686773e+01,-4.435800908370e+01,1.000000000000e+00,-0.541284824285
2064,17220,6306152343.750000,-1.644656811409e+02,-1.644656811409e+02,-1.268512813367e+02,-2.008892320851e+02,-1.791098553066e+02,-1.514898639665e+02,1.000000000000e+00,-0.564971864719
2065,17221,6306518554.687500,-3.837532559955e+02,-2.741094685682e+02,-3.212381797078e+02,-3.593521505966e+02,-4.012779387723e+02,-2.558318597658e+02,1.000000000000e+00,-0.588650432150
2066,17222,6306884765.625000,1.644656811409e+02,-5.482189371364e+01,1.763725265184e+02,-1.800671587308e+01,1.516280565919e+02,-5.068078338795e+01,1.000000000000e+00,-0.612320600949
2067,17223,6307250976.562500,-2.741094685682e+02,2.741094685682e+02,-3.344885426106e+02,2.126823300856e+02,-2.782843732660e+02,2.891437413042e+02,1.000000000000e+00,-0.635982445896
2068,17224,6307617187.500000,2.741094685682e+02,2.741094685682e+02,2.128923156675e+02,3.341420687646e+02,2.694738753500e+02,2.742139833909e+02,1.000000000000e+00,-0.659636042181
2069,17225,6307983398.437500,3.837532559955e+02,-5.482189371364e+01,3.948976142082e+02,2.979582736801e+01,3.697982381021e+02,-5.778923933957e+01,1.000000000000e+00,-0.683281465388
2070,17226,6308349609.375000,3.837532559955e+02,-3.837532559955e+02,4.672663292211e+02,-2.981825734625e+02,3.607048287845e+02,-3.862140429370e+02,1.000000000000e+00,-0.706918791492
2071,17227,6308715820.312500,1.644656811409e+02,-2.741094685682e+02,2.244225169522e+02,-2.370348443314e+02,1.447472731864e+02,-2.709768043522e+02,1.000000000000e+00,-0.730548096850
2072,17228,6309082031.250000,-2.741094685682e+02,5.482189371364e+01,-2.853810581256e+02,-5.898914156125e+00,-2.843988263243e+02,6.845317388808e+01,1.000000000000e+00,-0.754169458193
2073,17229,6309448242.187500,3.837532559955e+02,-1.644656811409e+02,4.192658014889e+02,-7.883891490588e+01,3.668280631828e+02,-1.673124018006e+02,1.000000000000e+00,-0.777782952618
2074,17230,6309814453.125000,1.644656811409e+02,3.837532559955e+02,7.848916270281e+01,4.196209182406e+02,1.608384861850e+02,3.857692028716e+02,1.000000000000e+00,-0.801388657580
2075,17231,6310180664.062500,-1.644656811409e+02,1.644656811409e+02,-2.007552206565e+02,1.276269576839e+02,-1.730779467353e+02,1.741540169712e+02,1.000000000000e+00,-0.824986650888
2076,17232,6310546875.000000,-2.741094685682e+02,5.482189371364e+01,-2.858309532684e+02,-5.427464881599e+00,-2.852386763694e+02,6.753777289589e+01,1.000000000000e+00,-0.848577010690
2077,17233,6310913085.937500,-3.837532559955e+02,2.741094685682e+02,-4.429389273332e+02,1.907289527834e+02,-3.884210597114e+02,2.902054773161e+02,1.000000000000e+00,-0.872159815476
2078,17234,6311279296.875000,5.482189371364e+01,2.741094685682e+02,-5.109711193381e+00,2.858749283435e+02,4.927566936664e+01,2.774690442881e+02,1.000000000000e+00,-0.895735144060
2079,17235,6311645507.812500,3.837532559955e+02,-2.741094685682e+02,4.440489224902e+02,-1.887910795411e+02,3.643489461355e+02,-2.785250083646e+02,1.000000000000e+00,-0.919303075582
2080,17236,6312011718.750000,3.837532559955e+02,1.644656811409e+02,3.462990286415e+02,2.503404537380e+02,3.742359832158e+02,1.610334431734e+02,1.000000000000e+00,-0.942863689494
2081,17237,6312377929.687500,1.644656811409e+02,-2.741094685682e+02,2.251001591656e+02,-2.374248427563e+02,1.451821069120e+02,-2.739213001921e+02,1.000000000000e+00,-0.966417065557
2082,17238,6312744140.625000,3.837532559955e+02,-3.837532559955e+02,4.677155452748e+02,-2.996336030444e+02,3.610799679265e+02,-3.897885399001e+02,1.000000000000e+00,-0.989963283832
2083,17239,6313110351.562500,-2.741094685682e+02,-2.741094685682e+02,-2.145705759486e+02,-3.337092270005e+02,-2.946352860315e+02,-2.634878996157e+02,1.000000000000e+00,-1.013502424676
2084,17240,6313476562.500000,3.837532559955e+02,-1.644656811409e+02,4.195153923414e+02,-8.076487738992e+01,3.663734168764e+02,-1.710642807479e+02,1.000000000000e+00,-1.037034568732
2085,17241,6313842773.437500,-3.837532559955e+02,5.482189371364e+01,-3.955146206507e+02,-2.913569774441e+01,-3.956766735993e+02,6.696471366264e+01,1.000000000000e+00,-1.060559796921
2086,17242,6314208984.375000,3.837532559955e+02,1.644656811409e+02,3.473629124307e+02,2.483897894554e+02,3.741847226565e+02,1.579798962118e+02,1.000000000000e+00,-1.084078190442
2087,17243,6314575195.312500,2.741094685682e+02,2.741094685682e+02,2.136613666047e+02,3.338690570133e+02,2.668778380543e+02,2.699605613695e+02,1.000000000000e+00,-1.107589830758
2088,17244,6314941406.250000,1.644656811409e+02,5.482189371364e+01,1.521752234496e+02,9.082675165760e+01,1.522111046686e+02,5.308297594923e+01,1.000000000000e+00,-1.131094799594
2089,17245,6315307617.187500,3.837532559955e+02,-1.644656811409e+02,4.192044665420e+02,-8.035635539979e+01,3.664147922822e+02,-1.713678817537e+02,1.000000000000e+00,-1.154593178930
2090,17246,6315673828.125000,-5.482189371364e+01,1.644656811409e+02,-9.055652317698e+01,1.523842561627e+02,-6.429827946386e+01,1.669941951790e+02,1.000000000000e+00,-1.178085050992
2091,17247,6316040039.062500,-3.837532559955e+02,1.644656811409e+02,-4.191584473412e+02,8.120213916382e+01,-3.929795530418e+02,1.745569158259e+02,1.000000000000e+00,-1.201570498249
2092,17248,6316406250.000000,-5.482189371364e+01,2.741094685682e+02,-1.142677954625e+02,2.619819240627e+02,-6.179428857886e+01,2.759607458781e+02,1.000000000000e+00,-1.225049603405
2093,17249,6316772460.937500,-5.482189371364e+01,5.482189371364e+01,-6.668026193726e+01,4.284757873019e+01,-6.684244502868e+01,5.646595527748e+01,1.000000000000e+00,-1.248522449394
2094,17250,6317138671.875000,-1.644656811409e+02,-3.837532559955e+02,-8.090690039814e+01,-4.191102504845e+02,-1.859704779774e+02,-3.797214439686e+02,1.000000000000e+00,-1.271989119372
2095,17251,6317504882.812500,-3.837532559955e+02,-3.837532559955e+02,-3.004330477853e+02,-4.667029083928e+02,-4.053229993740e+02,-3.752338183101e+02,1.000000000000e+00,-1.295449696713
2096,17252,6317871093.750000,-3.837532559955e+02,-5.482189371364e+01,-3.719267764297e+02,-1.376989215657e+02,-3.981407011270e+02,-4.660048558176e+01,1.000000000000e+00,-1.318904265003
2097,17253,6318237304.687500,-5.482189371364e+01,2.741094685682e+02,-1.136312723044e+02,2.624381933243e+02,-6.148198563132e+01,2.746964168208e+02,1.000000000000e+00,-1.342352908032
2098,17254,6318603515.625000,5.482189371364e+01,-1.644656811409e+02,8.980892361093e+01,-1.528898794769e+02,3.767185632510e+01,-1.667438081836e+02,1.000000000000e+00,-1.365795709790
2099,17255,6318969726.562500,-5.482189371364e+01,3.837532559955e+02,-1.356992132137e+02,3.724444983382e+02,-5.767589480886e+01,3.837126841032e+02,1.000000000000e+00,-1.389232754462
2100,17256,6319335937.500000,-5.482189371364e+01,-2.741094685682e+02,2.608249710267e+00,-2.859244833907e+02,-7.504779202252e+01,-2.740836191324e+02,1.000000000000e+00,-1.412664126421
2101,17257,6319702148.437500,-1.644656811409e+02,-3.837532559955e+02,-8.457529255649e+01,-4.187712963545e+02,-1.877453873264e+02,-3.810948983200e+02,1.000000000000e+00,-1.436089910221
2102,17258,6320068359.375000,-1.644656811409e+02,5.482189371364e+01,-1.762158169102e+02,2.068384007086e+01,-1.757200273841e+02,5.728257946065e+01,1.000000000000e+00,-1.459510190596
2103,17259,6320434570.312500,-2.741094685682e+02,1.644656811409e+02,-3.087084254837e+02,1.075855373414e+02,-2.821957880631e+02,1.693942344846e+02,1.000000000000e+00,-1.482925052448
2104,17260,6320800781.250000,5.482189371364e+01,3.837532559955e+02,-2.508181940661e+01,3.953629331250e+02,5.225460608901e+01,3.792567320681e+02,1.000000000000e+00,-1.506334580850
2105,17261,6321166992.187500,5.482189371364e+01,-3.837532559955e+02,1.348504727785e+02,-3.724378098842e+02,3.258411911007e+01,-3.874981127924e+02,1.000000000000e+00,-1.529738861031
2106,17262,6321533203.125000,3.837532559955e+02,2.741094685682e+02,3.267794927413e+02,3.545033813280e+02,3.778908256317e+02,2.613461086848e+02,1.000000000000e+00,-1.553137978379
2107,17263,6321899414.062500,-1.644656811409e+02,-5.482189371364e+01,-1.531936008587e+02,-8.932629113186e+01,-1.779236636117e+02,-5.427450962757e+01,1.000000000000e+00,-1.576532018431
2108,17264,6322265625.000000,-1.644656811409e+02,1.644656811409e+02,-1.993070736697e+02,1.302216730795e+02,-1.728648221329e+02,1.646695600908e+02,1.000000000000e+00,-1.599921066870
2109,17265,6322631835.937500,-2.741094685682e+02,5.482189371364e+01,-2.863239194073e+02,-2.817889508358e+00,-2.851888799007e+02,5.696875107057e+01,1.000000000000e+00,-1.623305209519
2110,17266,6322998046.875000,1.644656811409e+02,2.741094685682e+02,1.069863923964e+02,3.097153400155e+02,1.586411762191e+02,2.671551379893e+02,1.000000000000e+00,-1.646684532335
2111,17267,6323364257.812500,-5.482189371364e+01,3.837532559955e+02,-1.355777759963e+02,3.732818193895e+02,-5.834103012608e+01,3.811199235909e+02,1.000000000000e+00,-1.670059121406
2112,17268,6323730468.750000,-1.644656811409e+02,3.837532559955e+02,-2.449137665137e+02,3.503810610057e+02,-1.675885825758e+02,3.831430203312e+02,1.000000000000e+00,-1.693429062945
2113,17269,6324096679.687500,5.482189371364e+01,-1.644656811409e+02,8.912482190986e+01,-1.534786585752e+02,3.980966026386e+01,-1.705991176014e+02,1.000000000000e+00,-1.716794443286
2114,17270,6324462890.625000,2.741094685682e+02,5.482189371364e+01,2.635758962998e+02,1.121955132356e+02,2.645357185491e+02,4.407008522345e+01,1.000000000000e+00,-1.740155348876
2115,17271,6324829101.562500,2.741094685682e+02,-3.837532559955e+02,3.556610853222e+02,-3.279098937971e+02,2.561159380286e+02,-3.955135934992e+02,1.000000000000e+00,-1.763511866275
2116,17272,6325195312.500000,-3.837532559955e+02,3.837532559955e+02,-4.660893189032e+02,3.052306296126e+02,-3.884215020761e+02,3.871883035918e+02,1.000000000000e+00,-1.786864082149
2117,17273,6325561523.437500,1.644656811409e+02,2.741094685682e+02,1.081543189550e+02,3.100392540215e+02,1.599035061723e+02,2.663053040295e+02,1.000000000000e+00,-1.810212083262
2118,17274,6325927734.375000,5.482189371364e+01,-2.741094685682e+02,1.122435254785e+02,-2.644861404200e+02,3.901314578874e+01,-2.823482063067e+02,1.000000000000e+00,-1.833555956477
2119,17275,6326293945.312500,2.741094685682e+02,3.837532559955e+02,1.966216760100e+02,4.425253907455e+02,2.730084375916e+02,3.732361668136e+02,1.000000000000e+00,-1.856895788749
2120,17276,6326660156.250000,-1.644656811409e+02,-5.482189371364e+01,-1.541063172789e+02,-8.860731068665e+01,-1.762542373345e+02,-5.739794399976e+01,1.000000000000e+00,-1.880231667120
2121,17277,6327026367.187500,3.837532559955e+02,1.644656811409e+02,3.521575359470e+02,2.424946102076e+02,3.781353629161e+02,1.488942254095e+02,1.000000000000e+00,-1.903563678715
2122,17278,6327392578.125000,1.644656811409e+02,5.482189371364e+01,1.541472142358e+02,8.821503347358e+01,1.562040862460e+02,4.438966573315e+01,1.000000000000e+00,-1.926891910735
2123,17279,6327758789.062500,-2.741094685682e+02,-3.837532559955e+02,-1.980975674495e+02,-4.408474444041e+02,-2.931322826652e+02,-3.847561929838e+02,1.000000000000e+00,-1.950216450458
2124,17280,6328125000.000000,-2.741094685682e+02,-5.482189371364e+01,-2.644614786178e+02,-1.102730476278e+02,-2.852829825434e+02,-5.552334045086e+01,1.000000000000e+00,-1.973537385231
2125,17281,6328491210.937500,2.741094685682e+02,1.644656811409e+02,2.424777553977e+02,2.202817911006e+02,2.691708195106e+02,1.513317352775e+02,1.000000000000e+00,-1.996854802465
2126,17282,6328857421.875000,-5.482189371364e+01,3.837532559955e+02,-1.318377590029e+02,3.746731453158e+02,-5.502929916423e+01,3.783547152557e+02,1.000000000000e+00,-2.020168789633
2127,17283,6329223632.812500,-5.482189371364e+01,3.837532559955e+02,-1.315714910799e+02,3.745503989175e+02,-5.482239998256e+01,3.780072805030e+02,1.000000000000e+00,-2.043479434263
2128,17284,6329589843.750000,-5.482189371364e+01,1.644656811409e+02,-8.771809822156e+01,1.542081692084e+02,-5.964846561565e+01,1.582425615925e+02,1.000000000000e+00,-2.066786823938
2129,17285,6329956054.687500,-3.837532559955e+02,-3.837532559955e+02,-3.089784352429e+02,-4.610221467555e+02,-4.006935060796e+02,-3.824855156377e+02,1.000000000000e+00,-2.090091046287
2130,17286,6330322265.625000,-1.644656811409e+02,-1.644656811409e+02,-1.325870903993e+02,-1.977070400289e+02,-1.763895979035e+02,-1.686101481615e+02,1.000000000000e+00,-2.113392188984
2131,17287,6330688476.562500,1.644656811409e+02,-5.482189371364e+01,1.761781745868e+02,-2.255908446754e+01,1.555364015409e+02,-6.645546428855e+01,1.000000000000e+00,-2.136690339743
2132,17288,6331054687.500000,3.837532559955e+02,3.837532559955e+02,3.101546156454e+02,4.620892047253e+02,3.852615679591e+02,3.682855120750e+02,1.000000000000e+00,-2.159985586313
2133,17289,6331420898.437500,2.741094685682e+02,3.837532559955e+02,1.995782520376e+02,4.405366667366e+02,2.751362885032e+02,3.709300651563e+02,1.000000000000e+00,-2.183278016477
2134,17290,6331787109.375000,3.837532559955e+02,-2.741094685682e+02,4.406890894975e+02,-1.993223983288e+02,3.721316796759e+02,-2.904438326152e+02,1.000000000000e+00,-2.206567718042
2135,17291,6332153320.312500,1.644656811409e+02,-1.644656811409e+02,1.982796545860e+02,-1.326615217715e+02,1.547849242491e+02,-1.762627217849e+02,1.000000000000e+00,-2.229854778843
2136,17292,6332519531.250000,5.482189371364e+01,5.482189371364e+01,4.424241631269e+01,6.609042135358e+01,4.910331450731e+01,4.556123303320e+01,1.000000000000e+00,-2.253139286733
2137,17293,6332885742.187500,2.741094685682e+02,-3.837532559955e+02,3.522615137727e+02,-3.316737043680e+02,2.614634548132e+02,-3.982264054026e+02,1.000000000000e+00,-2.276421329579
2138,17294,6333251953.125000,3.837532559955e+02,-1.644656811409e+02,4.186485218301e+02,-8.992893909053e+01,3.751706443007e+02,-1.807707382872e+02,1.000000000000e+00,-2.299700995264
2139,17295,6333618164.062500,-1.644656811409e+02,1.644656811409e+02,-1.974646321395e+02,1.335933281516e+02,-1.675085703432e+02,1.596011079947e+02,1.000000000000e+00,-2.322978371674
2140,17296,6333984375.000000,-5.482189371364e+01,-3.837532559955e+02,1.825431017226e+01,-3.967091871251e+02,-6.977784915523e+01,-3.917089426514e+02,1.000000000000e+00,-2.346253546705
2141,17297,6334350585.937500,2.741094685682e+02,5.482189371364e+01,2.652180078489e+02,1.077502177474e+02,2.698244409342e+02,4.008054960123e+01,1.000000000000e+00,-2.369526608249
2142,17298,6334716796.875000,-3.837532559955e+02,1.644656811409e+02,-4.175193271633e+02,9.144400217022e+01,-3.861690467288e+02,1.636217848137e+02,1.000000000000e+00,-2.392797644196
2143,17299,6335083007.812500,-5.482189371364e+01,-5.482189371364e+01,-4.450523501085e+01,-6.569681388201e+01,-6.121905023951e+01,-6.267640126450e+01,1.000000000000e+00,-2.416066742429
2144,17300,6335449218.750000,3.837532559955e+02,2.741094685682e+02,3.326605099471e+02,3.499158400551e+02,3.839177378602e+02,2.584372445989e+02,1.000000000000e+00,-2.439333990820
2145,17301,6335815429.687500,-3.837532559955e+02,2.741094685682e+02,-4.390967422171e+02,2.010506233041e+02,-3.843579990283e+02,2.719860508439e+02,1.000000000000e+00,-2.462599477226
2146,17302,6336181640.625000,5.482189371364e+01,-5.482189371364e+01,6.576201172387e+01,-4.450588313952e+01,4.930071303362e+01,-6.479969906654e+01,1.000000000000e+00,-2.485863289486
2147,17303,6336547851.562500,3.837532559955e+02,2.741094685682e+02,3.332782161929e+02,3.496400523211e+02,3.845978250198e+02,2.586991719049e+02,1.000000000000e+00,-2.509125515415
2148,17304,6336914062.500000,-1.644656811409e+02,1.644656811409e+02,-1.969491200284e+02,1.340545055785e+02,-1.659038951622e+02,1.586502672598e+02,1.000000000000e+00,-2.532386242806
2149,17305,6337280273.437500,1.644656811409e+02,-2.741094685682e+02,2.174400650386e+02,-2.449670214696e+02,1.552612760775e+02,-2.868598662727e+02,1.000000000000e+00,-2.555645559417
2150,17306,6337646484.375000,5.482189371364e+01,-2.741094685682e+02,1.063925596054e+02,-2.660813416449e+02,4.515213456620e+01,-2.849040796346e+02,1.000000000000e+00,-2.578903552978
2151,17307,6338012695.312500,-1.644656811409e+02,-2.741094685682e+02,-1.154339726979e+02,-3.068450317646e+02,-1.749132021925e+02,-2.799447246185e+02,1.000000000000e+00,-2.602160311179
2152,17308,6338378906.250000,5.482189371364e+01,2.741094685682e+02,4.243899981866e+00,2.866279790872e+02,5.729679124969e+01,2.645691437751e+02,1.000000000000e+00,-2.625415921670
2153,17309,6338745117.187500,-5.482189371364e+01,2.741094685682e+02,-1.068431851958e+02,2.659738704175e+02,-5.312199122454e+01,2.667143405932e+02,1.000000000000e+00,-2.648670472058
2154,17310,6339111328.125000,-3.837532559955e+02,-5.482189371364e+01,-3.763428961206e+02,-1.278860826422e+02,-3.885325643758e+02,-5.762479680520e+01,1.000000000000e+00,-2.671924049900
2155,17311,6339477539.062500,1.644656811409e+02,2.741094685682e+02,1.141638568372e+02,3.072985374941e+02,1.667169782169e+02,2.630201853592e+02,1.000000000000e+00,-2.695176742703
2156,17312,6339843750.000000,5.482189371364e+01,2.741094685682e+02,3.911067052781e+00,2.866880067319e+02,5.709515605286e+01,2.649166658472e+02,1.000000000000e+00,-2.718428637918
2157,17313,6340209960.937500,1.644656811409e+02,-2.741094685682e+02,2.168616122193e+02,-2.457681233296e+02,1.576130242241e+02,-2.865961684135e+02,1.000000000000e+00,-2.741679822940
2158,17314,6340576171.875000,2.741094685682e+02,1.644656811409e+02,2.458934586090e+02,2.163870932198e+02,2.753890257951e+02,1.507854527878e+02,1.000000000000e+00,-2.764930385098
2159,17315,6340942382.812500,2.741094685682e+02,1.644656811409e+02,2.460180963201e+02,2.159127439834e+02,2.755038213728e+02,1.505255542911e+02,1.000000000000e+00,-2.788180411658
2160,17316,6341308593.750000,-2.741094685682e+02,3.837532559955e+02,-3.466625047091e+02,3.368675436131e+02,-2.692145977498e+02,3.808357520493e+02,1.000000000000e+00,-2.811429989814
2161,17317,6341674804.687500,-5.482189371364e+01,1.644656811409e+02,-8.545405310465e+01,1.560590233545e+02,-5.358698636943e+01,1.572331445921e+02,1.000000000000e+00,-2.834679206690
2162,17318,6342041015.625000,-1.644656811409e+02,3.837532559955e+02,-2.364918610008e+02,3.579124964556e+02,-1.596986704213e+02,3.796853631694e+02,1.000000000000e+00,-2.857928149331
2163,17319,6342407226.562500,-5.482189371364e+01,5.482189371364e+01,-6.545384146838e+01,4.539860907605e+01,-5.537266215201e+01,4.734829867716e+01,1.000000000000e+00,-2.881176904703
2164,17320,6342773437.500000,-3.837532559955e+02,1.644656811409e+02,-4.180441187297e+02,9.609059015273e+01,-3.837386719195e+02,1.630205525175e+02,1.000000000000e+00,-2.904425559687
2165,17321,6343139648.437500,5.482189371364e+01,-5.482189371364e+01,6.542220271954e+01,-4.541982479765e+01,5.321807151024e+01,-6.450457990872e+01,1.000000000000e+00,-2.927674201077
2166,17322,6343505859.375000,3.837532559955e+02,-2.741094685682e+02,4.376203126267e+02,-2.075115142984e+02,3.798428435346e+02,-2.901874388410e+02,1.000000000000e+00,-2.950922915578
2167,17323,6343872070.312500,-5.482189371364e+01,-5.482189371364e+01,-4.553629462538e+01,-6.529185416664e+01,-5.657335353109e+01,-6.247174800860e+01,1.000000000000e+00,-2.974171789798
2168,17324,6344238281.250000,1.644656811409e+02,1.644656811409e+02,1.367100391469e+02,1.957093519630e+02,1.674584102776e+02,1.538053702978e+02,1.000000000000e+00,-2.997420910247
2169,17325,6344604492.187500,-1.644656811409e+02,-3.837532559955e+02,-9.758031072433e+01,-4.171128373984e+02,-1.719256695179e+02,-3.902760890041e+02,1.000000000000e+00,-3.020670363335
2170,17326,6344970703.125000,3.837532559955e+02,-5.482189371364e+01,3.973784347335e+02,1.296409685473e+01,3.836694113265e+02,-6.979272402310e+01,1.000000000000e+00,-3.043920235364
2171,17327,6345336914.062500,1.644656811409e+02,-1.644656811409e+02,1.953058268954e+02,-1.371588047919e+02,1.620045567640e+02,-1.760207503705e+02,1.000000000000e+00,-3.067170612530
2172,17328,6345703125.000000,-3.837532559955e+02,-3.837532559955e+02,-3.208499549772e+02,-4.554819586390e+02,-3.921853834626e+02,-3.858519439171e+02,1.000000000000e+00,-3.090421580915
2173,17329,6346069335.937500,1.644656811409e+02,3.837532559955e+02,9.957434471302e+01,4.170391946940e+02,1.728537332439e+02,3.741209079248e+02,1.000000000000e+00,-3.113673226482
2174,17330,6346435546.875000,-2.741094685682e+02,-2.741094685682e+02,-2.296325855255e+02,-3.250278521338e+02,-2.798445401806e+02,-2.776856542669e+02,1.000000000000e+00,-3.136925635080
2175,17331,6346801757.812500,-1.644656811409e+02,5.482189371364e+01,-1.758738660259e+02,2.687240306024e+01,-1.634141524959e+02,5.032107208549e+01,1.000000000000e+00,3.123006414752
2176,17332,6347167968.750000,2.741094685682e+02,-5.482189371364e+01,2.867275813691e+02,-7.954124026860e+00,2.746240065162e+02,-6.764250356887e+01,1.000000000000e+00,3.099752223057
2177,17333,6347534179.687500,1.644656811409e+02,-1.644656811409e+02,1.947385117911e+02,-1.380077862488e+02,1.627432311494e+02,-1.755480862882e+02,1.000000000000e+00,3.076497011553
2178,17334,6347900390.625000,1.644656811409e+02,2.741094685682e+02,1.193492927997e+02,3.055835636424e+02,1.710274352750e+02,2.644916264601e+02,1.000000000000e+00,3.053240694910
2179,17335,6348266601.562500,5.482189371364e+01,3.837532559955e+02,-1.030557599672e+01,3.978803440029e+02,6.308154932854e+01,3.768273790910e+02,1.000000000000e+00,3.029983187937
2180,17336,6348632812.500000,2.741094685682e+02,5.482189371364e+01,2.682521655473e+02,1.025342896821e+02,2.773921897433e+02,4.296346255151e+01,1.000000000000e+00,3.006724405585
2181,17337,6348999023.437500,-1.644656811409e+02,-2.741094685682e+02,-1.196866867834e+02,-3.060235425246e+02,-1.687409218772e+02,-2.797222209265e+02,1.000000000000e+00,2.983464262952
2182,17338,6349365234.375000,-1.644656811409e+02,-3.837532559955e+02,-1.008825507143e+02,-4.169781627260e+02,-1.702554649319e+02,-3.897349012258e+02,1.000000000000e+00,2.960202675285
2183,17339,6349731445.312500,2.741094685682e+02,-1.644656811409e+02,3.057601028216e+02,-1.196475654441e+02,2.740137710384e+02,-1.764607116289e+02,1.000000000000e+00,2.936939557983
2184,17340,6350097656.250000,-5.482189371364e+01,-1.644656811409e+02,-2.744969958750e+01,-1.759136574354e+02,-5.613408711189e+01,-1.710369816506e+02,1.000000000000e+00,2.913674826604
2185,17341,6350463867.187500,-5.482189371364e+01,5.482189371364e+01,-6.484528067739e+01,4.628801700885e+01,-5.253303533479e+01,4.930593861795e+01,1.000000000000e+00,2.890408396866
2186,17342,6350830078.125000,-3.837532559955e+02,-1.644656811409e+02,-3.616969655710e+02,-2.312472758798e+02,-3.869449353692e+02,-1.650845125220e+02,1.000000000000e+00,2.867140184653
2187,17343,6351196289.062500,-2.741094685682e+02,3.837532559955e+02,-3.422037876708e+02,3.435484497573e+02,-2.668784036307e+02,3.841409736955e+02,1.000000000000e+00,2.843870106017
2188,17344,6351562500.000000,-5.482189371364e+01,-3.837532559955e+02,8.430250530727e+00,-3.982687929773e+02,-5.988934905876e+01,-3.909047912466e+02,1.000000000000e+00,2.820598077182
2189,17345,6351928710.937500,5.482189371364e+01,-3.837532559955e+02,1.194917560841e+02,-3.797753094423e+02,5.048381802776e+01,-3.924540434808e+02,1.000000000000e+00,2.797324014549
2190,17346,6352294921.875000,-5.482189371364e+01,2.741094685682e+02,-1.010181633122e+02,2.687514822861e+02,-4.840020088685e+01,2.700014591031e+02,1.000000000000e+00,2.774047834701
2191,17347,6352661132.812500,-3.837532559955e+02,3.837532559955e+02,-4.523894014678e+02,3.258424350790e+02,-3.766739689225e+02,3.859978550399e+02,1.000000000000e+00,2.750769454403
2192,17348,6353027343.750000,-1.644656811409e+02,5.482189371364e+01,-1.758110096128e+02,2.861237153664e+01,-1.621358848673e+02,5.201856572609e+01,1.000000000000e+00,2.727488790610
2193,17349,6353393554.687500,-2.741094685682e+02,1.644656811409e+02,-3.051223802840e+02,1.213952798726e+02,-2.705700082779e+02,1.636084487888e+02,1.000000000000e+00,2.704205760470
2194,17350,6353759765.625000,3.837532559955e+02,5.482189371364e+01,3.797765760271e+02,1.195623963911e+02,3.882517481289e+02,4.411771700197e+01,1.000000000000e+00,2.680920281326
2195,17351,6354125976.562500,2.741094685682e+02,2.741094685682e+02,2.318951919613e+02,3.236536649901e+02,2.808614422499e+02,2.662312066054e+02,1.000000000000e+00,2.657632270722
2196,17352,6354492187.500000,-2.741094685682e+02,5.482189371364e+01,-2.870456173818e+02,9.923861234585e+00,-2.723688432994e+02,5.303352497699e+01,1.000000000000e+00,2.634341646409
2197,17353,6354858398.437500,3.837532559955e+02,-2.741094685682e+02,4.347128967570e+02,-2.144394627195e+02,3.843711395565e+02,-2.857768463078e+02,1.000000000000e+00,2.611048326343
2198,17354,6355224609.375000,-1.644656811409e+02,1.644656811409e+02,-1.939762187370e+02,1.397775054448e+02,-1.607513095655e+02,1.621705074648e+02,1.000000000000e+00,2.587752228697
2199,17355,6355590820.312500,-5.482189371364e+01,2.741094685682e+02,-1.004923516307e+02,2.691902186519e+02,-4.894298891923e+01,2.710072257063e+02,1.000000000000e+00,2.564453271858
2200,17356,6355957031.250000,-5.482189371364e+01,-2.741094685682e+02,-1.108499093146e+01,-2.871069659957e+02,-5.661582486636e+01,-2.797327767496e+02,1.000000000000e+00,2.541151374437
2201,17357,6356323242.187500,-2.741094685682e+02,-3.837532559955e+02,-2.162462140993e+02,-4.336625190538e+02,-2.786259605317e+02,-3.864119940674e+02,1.000000000000e+00,2.517846455269
2202,17358,6356689453.125000,-1.644656811409e+02,5.482189371364e+01,-1.756575948348e+02,2.928499147031e+01,-1.618866265723e+02,5.268122745474e+01,1.000000000000e+00,2.494538433421
2203,17359,6357055664.062500,5.482189371364e+01,-3.837532559955e+02,1.166581055432e+02,-3.806632630311e+02,5.139611446514e+01,-3.909624469032e+02,1.000000000000e+00,2.471227228193
2204,17360,6357421875.000000,-2.741094685682e+02,-2.741094685682e+02,-2.349487705636e+02,-3.217526593509e+02,-2.773500697558e+02,-2.756931617826e+02,1.000000000000e+00,2.447912759125
2205,17361,6357788085.937500,1.644656811409e+02,-5.482189371364e+01,1.757846584984e+02,-2.978872604047e+01,1.669065302690e+02,-6.241573454066e+01,1.000000000000e+00,2.424594945998
2206,17362,6358154296.875000,3.837532559955e+02,2.741094685682e+02,3.472007506110e+02,3.390150818027e+02,3.929666317070e+02,2.648952987428e+02,1.000000000000e+00,2.401273708844
2207,17363,6358520507.812500,-5.482189371364e+01,-5.482189371364e+01,-4.718766919529e+01,-6.435898401978e+01,-5.359688455437e+01,-5.871334103851e+01,1.000000000000e+00,2.377948967946
2208,17364,6358886718.750000,-1.644656811409e+02,-1.644656811409e+02,-1.417053617952e+02,-1.930762507003e+02,-1.657593940822e+02,-1.672390993548e+02,1.000000000000e+00,2.354620643841
2209,17365,6359252929.687500,3.837532559955e+02,1.644656811409e+02,3.649416731649e+02,2.272279988215e+02,3.913478839381e+02,1.551574653313e+02,1.000000000000e+00,2.331288657333
2210,17366,6359619140.625000,2.741094685682e+02,3.837532559955e+02,2.191762252816e+02,4.332111568563e+02,2.842559408582e+02,3.777554250455e+02,1.000000000000e+00,2.307952929487
2211,17367,6359985351.562500,-3.837532559955e+02,-2.741094685682e+02,-3.478136147656e+02,-3.385968137958e+02,-3.878275930026e+02,-2.741495315206e+02,1.000000000000e+00,2.284613381641
2212,17368,6360351562.500000,3.837532559955e+02,1.644656811409e+02,3.645278682984e+02,2.268950858404e+02,3.906008812367e+02,1.557806837301e+02,1.000000000000e+00,2.261269935407
2213,17369,6360717773.437500,3.837532559955e+02,2.741094685682e+02,3.471127687454e+02,3.381109589647e+02,3.916304688387e+02,2.661170824559e+02,1.000000000000e+00,2.237922512680
2214,17370,6361083984.375000,5.482189371364e+01,-3.837532559955e+02,1.153079912127e+02,-3.810544741415e+02,5.238814519500e+01,-3.899238679005e+02,1.000000000000e+00,2.214571035636
2215,17371,6361450195.312500,5.482189371364e+01,5.482189371364e+01,4.722257493445e+01,6.419185214790e+01,5.820561483126e+01,5.050094341098e+01,1.000000000000e+00,2.191215426745
2216,17372,6361816406.250000,5.482189371364e+01,3.837532559955e+02,-3.369560834640e+00,3.987717021132e+02,6.275768009553e+01,3.813915189169e+02,1.000000000000e+00,2.167855608767
2217,17373,6362182617.187500,2.741094685682e+02,3.837532559955e+02,2.198347846944e+02,4.327141438622e+02,2.832458334721e+02,3.787154668598e+02,1.000000000000e+00,2.144491504765
2218,17374,6362548828.125000,-5.482189371364e+01,-5.482189371364e+01,-4.731335992908e+01,-6.425362942333e+01,-5.351457854002e+01,-5.815836436164e+01,1.000000000000e+00,2.121123038105
2219,17375,6362915039.062500,2.741094685682e+02,3.837532559955e+02,2.194183414597e+02,4.329562889634e+02,2.824339309564e+02,3.794182658840e+02,1.000000000000e+00,2.097750132463
2220,17376,6363281250.000000,-1.644656811409e+02,5.482189371364e+01,-1.758156802274e+02,3.031495482366e+01,-1.625965223861e+02,5.338303071278e+01,1.000000000000e+00,2.074372711831
2221,17377,6363647460.937500,-3.837532559955e+02,3.837532559955e+02,-4.496473324955e+02,3.311452728613e+02,-3.796403722541e+02,3.866523966391e+02,1.000000000000e+00,2.050990700517
2222,17378,6364013671.875000,3.837532559955e+02,-1.644656811409e+02,4.156877069412e+02,-1.082114329190e+02,3.864378913983e+02,-1.730034791697e+02,1.000000000000e+00,2.027604023158
2223,17379,6364379882.812500,3.837532559955e+02,-5.482189371364e+01,3.988626365538e+02,3.016164337170e+00,3.876197140690e+02,-6.279303683991e+01,1.000000000000e+00,2.004212604718
2224,17380,6364746093.750000,5.482189371364e+01,-3.837532559955e+02,1.143000703008e+02,-3.822038856491e+02,5.301069843387e+01,-3.901026161230e+02,1.000000000000e+00,1.980816370498
2225,17381,6365112304.687500,-2.741094685682e+02,1.644656811409e+02,-3.038798287563e+02,1.258849843324e+02,-2.716701538111e+02,1.652861318588e+02,1.000000000000e+00,1.957415246140
2226,17382,6365478515.625000,1.644656811409e+02,-3.837532559955e+02,2.247518182943e+02,-3.657517053927e+02,1.625057073513e+02,-3.911889807685e+02,1.000000000000e+00,1.934009157631
2227,17383,6365844726.562500,-5.482189371364e+01,1.644656811409e+02,-8.008047771610e+01,1.591040226515e+02,-5.070458572052e+01,1.626386879684e+02,1.000000000000e+00,1.910598031308
2228,17384,6366210937.500000,3.837532559955e+02,-2.741094685682e+02,4.305870983411e+02,-2.219473884357e+02,3.836668287905e+02,-2.837803151335e+02,1.000000000000e+00,1.887181793869
2229,17385,6366577148.437500,-3.837532559955e+02,1.644656811409e+02,-4.145224745833e+02,1.101967977382e+02,-3.813521319872e+02,1.666684681313e+02,1.000000000000e+00,1.863760372371
2230,17386,6366943359.375000,-2.741094685682e+02,-2.741094685682e+02,-2.377272170325e+02,-3.195644101808e+02,-2.764109822306e+02,-2.755166416873e+02,1.000000000000e+00,1.840333694239
2231,17387,6367309570.312500,-2.741094685682e+02,-1.644656811409e+02,-2.542559445894e+02,-2.081119373149e+02,-2.752934503432e+02,-1.654796254740e+02,1.000000000000e+00,1.816901687274
2232,17388,6367675781.250000,3.837532559955e+02,-5.482189371364e+01,3.986203961025e+02,1.245174131880e+00,3.871109062185e+02,-6.258598743940e+01,1.000000000000e+00,1.793464279654
2233,17389,6368041992.187500,-2.741094685682e+02,3.837532559955e+02,-3.359130252776e+02,3.499979228667e+02,-2.695245482564e+02,3.857203271038e+02,1.000000000000e+00,1.770021399941
2234,17390,6368408203.125000,-5.482189371364e+01,1.644656811409e+02,-8.019644872820e+01,1.592106117811e+02,-5.153730769267e+01,1.626873349444e+02,1.000000000000e+00,1.746572977092
2235,17391,6368774414.062500,-2.741094685682e+02,-5.482189371364e+01,-2.706560728272e+02,-9.650442192984e+01,-2.741393785208e+02,-5.566873727290e+01,1.000000000000e+00,1.723118940455
2236,17392,6369140625.000000,1.644656811409e+02,1.644656811409e+02,1.428454408594e+02,1.917438074633e+02,1.686282814067e+02,1.605692418876e+02,1.000000000000e+00,1.699659219785
2237,17393,6369506835.937500,3.837532559955e+02,3.837532559955e+02,3.337257338598e+02,4.476164387273e+02,3.912777884636e+02,3.792543715006e+02,1.000000000000e+00,1.676193745243
2238,17394,6369873046.875000,5.482189371364e+01,-5.482189371364e+01,6.397581208453e+01,-4.773512162211e+01,5.646590660148e+01,-5.890182839110e+01,1.000000000000e+00,1.652722447405
2239,17395,6370239257.812500,2.741094685682e+02,1.644656811409e+02,2.550103756837e+02,2.081390256515e+02,2.791766918922e+02,1.598953673507e+02,1.000000000000e+00,1.629245257266
2240,17396,6370605468.750000,5.482189371364e+01,1.644656811409e+02,3.157096909803e+01,1.756761886128e+02,5.835173875513e+01,1.618254063318e+02,1.000000000000e+00,1.605762106249
2241,17397,6370971679.687500,-1.644656811409e+02,1.644656811409e+02,-1.918143195830e+02,1.433049223739e+02,-1.624061740272e+02,1.636517555033e+02,1.000000000000e+00,1.582272926209
2242,17398,6371337890.625000,3.837532559955e+02,5.482189371364e+01,3.831087653636e+02,1.116563349531e+02,3.884662117479e+02,4.801399954163e+01,1.000000000000e+00,1.558777649440
2243,17399,6371704101.562500,-1.644656811409e+02,-1.644656811409e+02,-1.441179225014e+02,-1.911927069924e+02,-1.657772774858e+02,-1.668396976267e+02,1.000000000000e+00,1.535276208681
2244,17400,6372070312.500000,-5.482189371364e+01,1.644656811409e+02,-7.916900731548e+01,1.599161142183e+02,-5.132357078434e+01,1.628922296824e+02,1.000000000000e+00,1.511768537121
2245,17401,6372436523.437500,2.741094685682e+02,1.644656811409e+02,2.557961387646e+02,2.067151311979e+02,2.792504197970e+02,1.589577870082e+02,1.000000000000e+00,1.488254568408
2246,17402,6372802734.375000,2.741094685682e+02,-3.837532559955e+02,3.343999306550e+02,-3.512560555705e+02,2.735355627374e+02,-3.918392886668e+02,1.000000000000e+00,1.464734236654
2247,17403,6373168945.312500,1.644656811409e+02,3.837532559955e+02,1.121270513865e+02,4.145085994290e+02,1.705541029595e+02,3.809575314304e+02,1.000000000000e+00,1.441207476440
2248,17404,6373535156.250000,5.482189371364e+01,-3.837532559955e+02,1.107908008064e+02,-3.833055318562e+02,5.296608214269e+01,-3.901274990216e+02,1.000000000000e+00,1.417674222827
2249,17405,6373901367.187500,-5.482189371364e+01,5.482189371364e+01,-6.371213863266e+01,4.814900485822e+01,-5.294407539242e+01,5.234875331340e+01,1.000000000000e+00,1.394134411357
2250,17406,6374267578.125000,-5.482189371364e+01,1.644656811409e+02,-7.910197423701e+01,1.600519508124e+02,-5.162556386557e+01,1.627231495837e+02,1.000000000000e+00,1.370587978062
2251,17407,6374633789.062500,-1.644656811409e+02,5.482189371364e+01,-1.753720238168e+02,3.288456550723e+01,-1.631490741687e+02,5.362556018453e+01,1.000000000000e+00,1.347034859474
2252,17408,6375000000.000000,-2.741094685682e+02,-3.837532559955e+02,-2.260433854543e+02,-4.292119425424e+02,-2.788153747439e+02,-3.859959575738e+02,1.000000000000e+00,1.323474992625
2253,17409,6375366210.937500,5.482189371364e+01,2.741094685682e+02,1.749030804137e+01,2.871622516643e+02,5.993369638088e+01,2.715760762480e+02,1.000000000000e+00,1.299908315059
2254,17410,6375732421.875000,5.482189371364e+01,1.644656811409e+02,3.268577096716e+01,1.754982875317e+02,5.851699444580e+01,1.613858194477e+02,1.000000000000e+00,1.276334764838
2255,17411,6376098632.812500,-2.741094685682e+02,2.741094685682e+02,-3.187142762781e+02,2.406737256219e+02,-2.720240153303e+02,2.747556943391e+02,1.000000000000e+00,1.252754280547
2256,17412,6376464843.750000,2.741094685682e+02,-3.837532559955e+02,3.347740642912e+02,-3.524167720796e+02,2.751212224886e+02,-3.924438012315e+02,1.000000000000e+00,1.229166801302
2257,17413,6376831054.687500,-1.644656811409e+02,-5.482189371364e+01,-1.600153813838e+02,-7.969756879801e+01,-1.643798666710e+02,-5.801051383402e+01,1.000000000000e+00,1.205572266758
2258,17414,6377197265.625000,-1.644656811409e+02,-5.482189371364e+01,-1.599988611865e+02,-7.969350810705e+01,-1.643210605863e+02,-5.810085321125e+01,1.000000000000e+00,1.181970617115
2259,17415,6377563476.562500,-5.482189371364e+01,-1.644656811409e+02,-3.235014097163e+01,-1.756960753059e+02,-5.444998360312e+01,-1.692007172244e+02,1.000000000000e+00,1.158361793124
2260,17416,6377929687.500000,2.741094685682e+02,3.837532559955e+02,2.248462820491e+02,4.305357238409e+02,2.804387016211e+02,3.806737840648e+02,1.000000000000e+00,1.134745736097
2261,17417,6378295898.437500,2.741094685682e+02,-3.837532559955e+02,3.344867229355e+02,-3.524841931650e+02,2.755400521376e+02,-3.922913350648e+02,1.000000000000e+00,1.111122387910
2262,17418,6378662109.375000,-2.741094685682e+02,3.837532559955e+02,-3.347703838379e+02,3.526707105430e+02,-2.720779836574e+02,3.845178910202e+02,1.000000000000e+00,1.087491691017
2263,17419,6379028320.312500,3.837532559955e+02,2.741094685682e+02,3.528503123041e+02,3.349834095331e+02,3.906025187285e+02,2.702583176244e+02,1.000000000000e+00,1.063853588449
2264,17420,6379394531.250000,-3.837532559955e+02,1.644656811409e+02,-4.151860076892e+02,1.134731536856e+02,-3.836838862710e+02,1.641992252737e+02,1.000000000000e+00,1.040208023827
2265,17421,6379760742.187500,1.644656811409e+02,-1.644656811409e+02,1.909741146155e+02,-1.446906554615e+02,1.664854274173e+02,-1.709632077108e+02,1.000000000000e+00,1.016554941369
2266,17422,6380126953.125000,-3.837532559955e+02,5.482189371364e+01,-3.990950706596e+02,2.252278498895e+00,-3.837100999166e+02,5.405613278997e+01,1.000000000000e+00,0.992894285894
2267,17423,6380493164.062500,2.741094685682e+02,-5.482189371364e+01,2.871939316992e+02,-1.763445500579e+01,2.775832768418e+02,-6.152517736484e+01,1.000000000000e+00,0.969226002833
2268,17424,6380859375.000000,2.741094685682e+02,-5.482189371364e+01,2.871296929995e+02,-1.768345576121e+01,2.775862710821e+02,-6.154506615039e+01,1.000000000000e+00,0.945550038236
2269,17425,6381225585.937500,5.482189371364e+01,5.482189371364e+01,4.818223386867e+01,6.355509993374e+01,5.780070546498e+01,5.047870375195e+01,1.000000000000e+00,0.921866338777
2270,17426,6381591796.875000,-3.837532559955e+02,1.644656811409e+02,-4.140934062320e+02,1.131331579658e+02,-3.825542214457e+02,1.629438090693e+02,1.000000000000e+00,0.898174851765
2271,17427,6381958007.812500,-2.741094685682e+02,-3.837532559955e+02,-2.240423540674e+02,-4.297314940283e+02,-2.742693109206e+02,-3.889877619256e+02,1.000000000000e+00,0.874475525149
2272,17428,6382324218.750000,3.837532559955e+02,-5.482189371364e+01,3.986219484025e+02,-1.681451739176e+00,3.880240379125e+02,-6.151587387669e+01,1.000000000000e+00,0.850768307528
2273,17429,6382690429.687500,-5.482189371364e+01,1.644656811409e+02,-7.872683163003e+01,1.601073596373e+02,-5.135087282412e+01,1.614485394617e+02,1.000000000000e+00,0.827053148157
2274,17430,6383056640.625000,-3.837532559955e+02,1.644656811409e+02,-4.142455544131e+02,1.152729221519e+02,-3.822310680507e+02,1.646018041102e+02,1.000000000000e+00,0.803329996955
2275,17431,6383422851.562500,1.644656811409e+02,5.482189371364e+01,1.602223009452e+02,7.881684812754e+01,1.687338203541e+02,4.954982385308e+01,1.000000000000e+00,0.779598804513
2276,17432,6383789062.500000,3.837532559955e+02,-1.644656811409e+02,4.147674372570e+02,-1.136972874855e+02,3.884931042566e+02,-1.720377683814e+02,1.000000000000e+00,0.755859522103
2277,17433,6384155273.437500,-2.741094685682e+02,3.837532559955e+02,-3.336680100378e+02,3.527779761424e+02,-2.711991781724e+02,3.830411563762e+02,1.000000000000e+00,0.732112101686
2278,17434,6384521484.375000,1.644656811409e+02,2.741094685682e+02,1.297791132366e+02,3.020780834167e+02,1.703782856621e+02,2.698302721593e+02,1.000000000000e+00,0.708356495915
2279,17435,6384887695.312500,-2.741094685682e+02,5.482189371364e+01,-2.865723076727e+02,1.877719551859e+01,-2.716714138843e+02,5.313815759093e+01,1.000000000000e+00,0.684592658151
2280,17436,6385253906.250000,-3.837532559955e+02,5.482189371364e+01,-3.984017149931e+02,4.026794689551e+00,-3.818554912067e+02,5.423818885473e+01,1.000000000000e+00,0.660820542463
2281,17437,6385620117.187500,-5.482189371364e+01,3.837532559955e+02,-1.081614671849e+02,3.839115826906e+02,-4.845169200206e+01,3.818441087471e+02,1.000000000000e+00,0.637040103645
2282,17438,6385986328.125000,3.837532559955e+02,3.837532559955e+02,3.390822864388e+02,4.444263644575e+02,3.928454505513e+02,3.787686565357e+02,1.000000000000e+00,0.613251297214
2283,17439,6386352539.062500,-1.644656811409e+02,-2.741094685682e+02,-1.299933754797e+02,-3.026515631206e+02,-1.639912791077e+02,-2.797411485636e+02,1.000000000000e+00,0.589454079425
2284,17440,6386718750.000000,-1.644656811409e+02,2.741094685682e+02,-2.062225651991e+02,2.569891768202e+02,-1.606332168415e+02,2.724254819235e+02,1.000000000000e+00,0.565648407278
2285,17441,6387084960.937500,1.644656811409e+02,-2.741094685682e+02,2.063902995617e+02,-2.568914928215e+02,1.681748490593e+02,-2.817578658448e+02,1.000000000000e+00,0.541834238525
2286,17442,6387451171.875000,-2.741094685682e+02,-5.482189371364e+01,-2.721542112195e+02,-9.404431457388e+01,-2.725239371457e+02,-5.834081564472e+01,1.000000000000e+00,0.518011531677
2287,17443,6387817382.812500,-3.837532559955e+02,-5.482189371364e+01,-3.838869326225e+02,-1.087797199837e+02,-3.825843791818e+02,-5.727296209299e+01,1.000000000000e+00,0.494180246015
2288,17444,6388183593.750000,-5.482189371364e+01,-2.741094685682e+02,-1.830654633164e+01,-2.870043585840e+02,-5.306361177333e+01,-2.800203679658e+02,1.000000000000e+00,0.470340341598
2289,17445,6388549804.687500,5.482189371364e+01,-1.644656811409e+02,7.844053162235e+01,-1.601427192188e+02,5.813694781986e+01,-1.704992357680e+02,1.000000000000e+00,0.446491779267
2290,17446,6388916015.625000,3.837532559955e+02,-5.482189371364e+01,3.986533768372e+02,-3.253049851676e+00,3.897645174651e+02,-6.256951328666e+01,1.000000000000e+00,0.422634520660
2291,17447,6389282226.562500,5.482189371364e+01,-1.644656811409e+02,7.855940122175e+01,-1.600712294226e+02,5.851875537073e+01,-1.704212666634e+02,1.000000000000e+00,0.398768528215
2292,17448,6389648437.500000,3.837532559955e+02,-3.837532559955e+02,4.444861919768e+02,-3.378529813838e+02,3.884749825619e+02,-3.927035846249e+02,1.000000000000e+00,0.374893765181
2293,17449,6390014648.437500,5.482189371364e+01,-3.837532559955e+02,1.095701616716e+02,-3.835318949964e+02,5.813887375404e+01,-3.909488241930e+02,1.000000000000e+00,0.351010195622
2294,17450,6390380859.375000,-2.741094685682e+02,-5.482189371364e+01,-2.718674947503e+02,-9.409532764749e+01,-2.712595215595e+02,-5.841948937359e+01,1.000000000000e+00,0.327117784434
2295,17451,6390747070.312500,5.482189371364e+01,2.741094685682e+02,1.787451814247e+01,2.871918275556e+02,6.165128294025e+01,2.709493835744e+02,1.000000000000e+00,0.303216497344
2296,17452,6391113281.250000,5.482189371364e+01,3.837532559955e+02,2.691920179690e+00,3.990176874294e+02,6.243189519959e+01,3.813123655850e+02,1.000000000000e+00,0.279306300924
2297,17453,6391479492.187500,-3.837532559955e+02,3.837532559955e+02,-4.447517632688e+02,3.375774920492e+02,-3.789854666185e+02,3.832740893940e+02,1.000000000000e+00,0.255387162597
2298,17454,6391845703.125000,3.837532559955e+02,5.482189371364e+01,3.832079250699e+02,1.097944692559e+02,3.913588450008e+02,4.919155172370e+01,1.000000000000e+00,0.231459050647
2299,17455,6392211914.062500,3.837532559955e+02,-2.741094685682e+02,4.297139094569e+02,-2.250774161544e+02,3.905358409631e+02,-2.813172674560e+02,1.000000000000e+00,0.207521934225
2300,17456,6392578125.000000,3.837532559955e+02,3.837532559955e+02,3.369334414334e+02,4.457015346363e+02,3.929726570035e+02,3.807611212509e+02,1.000000000000e+00,0.183575783360
2301,17457,6392944335.937500,3.837532559955e+02,3.837532559955e+02,3.370763362506e+02,4.462024186758e+02,3.933369313205e+02,3.812580775304e+02,1.000000000000e+00,0.159620568965
2302,17458,6393310546.875000,-3.837532559955e+02,5.482189371364e+01,-3.994935573452e+02,1.299204193906e+00,-3.806374701501e+02,5.189094170471e+01,1.000000000000e+00,0.135656262848
2303,17459,6393676757.812500,-5.482189371364e+01,-3.837532559955e+02,-1.221373064198e+00,-3.995016224830e+02,-5.011317198502e+01,-3.907523722237e+02,1.000000000000e+00,0.111682837717
2304,17460,6394042968.750000,-3.837532559955e+02,3.837532559955e+02,-4.464561643663e+02,3.368916691290e+02,-3.796305789309e+02,3.833843273232e+02,1.000000000000e+00,0.087700267190
2305,17461,6394409179.687500,-3.837532559955e+02,1.644656811409e+02,-4.150280791309e+02,1.132204286708e+02,-3.798414475053e+02,1.626669408381e+02,1.000000000000e+00,0.063708525806
2306,17462,6394775390.625000,-3.837532559955e+02,2.741094685682e+02,-4.304620816544e+02,2.252393828730e+02,-3.791905394153e+02,2.733371294367e+02,1.000000000000e+00,0.039707589028
2307,17463,6395141601.562500,-5.482189371364e+01,1.644656811409e+02,-7.921296922447e+01,1.600011487080e+02,-4.804795989003e+01,1.618727015747e+02,1.000000000000e+00,0.015697433256
2308,17464,6395507812.500000,3.837532559955e+02,2.741094685682e+02,3.524234709796e+02,3.337885624246e+02,3.938710351857e+02,2.705879628222e+02,1.000000000000e+00,-0.008321964170
2309,17465,6395874023.437500,-5.482189371364e+01,-3.837532559955e+02,-1.535326179382e+00,-3.987783170846e+02,-4.976615044779e+01,-3.894923321572e+02,1.000000000000e+00,-0.032350624955
2310,17466,6396240234.375000,5.482189371364e+01,2.741094685682e+02,1.696813600388e+01,2.870835824299e+02,6.308004136663e+01,2.718635294961e+02,1.000000000000e+00,-0.056388569846
2311,17467,6396606445.312500,-1.644656811409e+02,-5.482189371364e+01,-1.598310504583e+02,-7.929963479610e+01,-1.585869463124e+02,-5.816084024204e+01,1.000000000000e+00,-0.080435818622
2312,17468,6396972656.250000,1.644656811409e+02,-1.644656811409e+02,1.911978167946e+02,-1.441876869299e+02,1.722667462660e+02,-1.694832770078e+02,1.000000000000e+00,-0.104492390085
2313,17469,6397338867.187500,-3.837532559955e+02,-5.482189371364e+01,-3.836202930602e+02,-1.103084207600e+02,-3.792312754312e+02,-5.684328442189e+01,1.000000000000e+00,-0.128558302055
2314,17470,6397705078.125000,-3.837532559955e+02,-5.482189371364e+01,-3.837980285322e+02,-1.098214392978e+02,-3.792195916324e+02,-5.616278274392e+01,1.000000000000e+00,-0.152633571357
2315,17471,6398071289.062500,-3.837532559955e+02,-2.741094685682e+02,-3.532674134454e+02,-3.333137280988e+02,-3.806544779694e+02,-2.764980621689e+02,1.000000000000e+00,-0.176718213818
2316,17472,6398437500.000000,-2.741094685682e+02,1.644656811409e+02,-3.029156351917e+02,1.289959776794e+02,-2.674525282639e+02,1.640672561719e+02,1.000000000000e+00,-0.200812244257
2317,17473,6398803710.937500,-1.644656811409e+02,1.644656811409e+02,-1.913212789839e+02,1.441886147099e+02,-1.571917800531e+02,1.633855456682e+02,1.000000000000e+00,-0.224915676473
2318,17474,6399169921.875000,1.644656811409e+02,5.482189371364e+01,1.597477398593e+02,7.966865083791e+01,1.736560620995e+02,5.206844027097e+01,1.000000000000e+00,-0.249028523246
2319,17475,6399536132.812500,-2.741094685682e+02,-3.837532559955e+02,-2.234695034151e+02,-4.307351682260e+02,-2.684525364345e+02,-3.880737904646e+02,1.000000000000e+00,-0.273150796320
2320,17476,6399902343.750000,5.482189371364e+01,3.837532559955e+02,-2.270464060678e-01,3.985884583491e+02,6.382364908250e+01,3.832785005195e+02,1.000000000000e+00,-0.297282506401
2321,17477,6400268554.687500,5.482189371364e+01,2.741094685682e+02,1.596331317287e+01,2.870701354153e+02,6.403345752743e+01,2.732398963120e+02,1.000000000000e+00,-0.321423663147
2322,17478,6400634765.625000,-2.741094685682e+02,3.837532559955e+02,-3.347248671252e+02,3.515008016642e+02,-2.660224159464e+02,3.850414977639e+02,1.000000000000e+00,-0.345574275162
2323,17479,6401000976.562500,2.741094685682e+02,2.741094685682e+02,2.402914144761e+02,3.188413309023e+02,2.858930503968e+02,2.726461551072e+02,1.000000000000e+00,-0.369734349984
2324,17480,6401367187.500000,2.741094685682e+02,1.644656811409e+02,2.558931929378e+02,2.069484325486e+02,2.853645182372e+02,1.622790201077e+02,1.000000000000e+00,-0.393903894084
2325,17481,6401733398.437500,-5.482189371364e+01,-5.482189371364e+01,-4.801520506678e+01,-6.372435610648e+01,-4.677904198588e+01,-5.649470452128e+01,1.000000000000e+00,-0.418082912853
2326,17482,6402099609.375000,-5.482189371364e+01,3.837532559955e+02,-1.108650663501e+02,3.831351257369e+02,-4.416690759431e+01,3.848687129127e+02,1.000000000000e+00,-0.442271410597
2327,17483,6402465820.312500,3.837532559955e+02,-3.837532559955e+02,4.461624161484e+02,-3.359398104406e+02,3.927314928008e+02,-3.896224811534e+02,1.000000000000e+00,-0.466469390530
2328,17484,6402832031.250000,-5.482189371364e+01,-3.837532559955e+02,-6.588786706529e-01,-3.989966547861e+02,-4.847455012325e+01,-3.869652432450e+02,1.000000000000e+00,-0.490676854765
2329,17485,6403198242.187500,5.482189371364e+01,-1.644656811409e+02,7.965822301477e+01,-1.597362591989e+02,6.329302076382e+01,-1.668052046849e+02,1.000000000000e+00,-0.514893804309
2330,17486,6403564453.125000,-1.644656811409e+02,-1.644656811409e+02,-1.437818111288e+02,-1.916512622667e+02,-1.573533169986e+02,-1.655656773956e+02,1.000000000000e+00,-0.539120239055
2331,17487,6403930664.062500,1.644656811409e+02,5.482189371364e+01,1.597402577940e+02,8.002238497521e+01,1.751317530300e+02,5.393144846176e+01,1.000000000000e+00,-0.563356157772
2332,17488,6404296875.000000,1.644656811409e+02,5.482189371364e+01,1.596126092944e+02,8.011297437103e+01,1.751073937928e+02,5.416988091966e+01,1.000000000000e+00,-0.587601558104
2333,17489,6404663085.937500,5.482189371364e+01,-3.837532559955e+02,1.126185716718e+02,-3.828733423597e+02,6.309151184941e+01,-3.866491574131e+02,1.000000000000e+00,-0.611856436558
2334,17490,6405029296.875000,5.482189371364e+01,-5.482189371364e+01,6.396029734669e+01,-4.766951584806e+01,6.433242479354e+01,-5.531754942804e+01,1.000000000000e+00,-0.636120788503
2335,17491,6405395507.812500,-3.837532559955e+02,5.482189371364e+01,-3.986615324326e+02,-1.472452781115e+00,-3.762682859578e+02,5.646438599958e+01,1.000000000000e+00,-0.660394608154
2336,17492,6405761718.750000,3.837532559955e+02,5.482189371364e+01,3.820467750236e+02,1.132447089338e+02,3.952774998638e+02,5.448322983768e+01,1.000000000000e+00,-0.684677888576
2337,17493,6406127929.687500,-5.482189371364e+01,2.741094685682e+02,-9.690841684258e+01,2.705160700407e+02,-4.484001481467e+01,2.762459600297e+02,1.000000000000e+00,-0.708970621672
2338,17494,6406494140.625000,-3.837532559955e+02,3.837532559955e+02,-4.481726440919e+02,3.330734331340e+02,-3.751505249770e+02,3.881788337987e+02,1.000000000000e+00,-0.733272798176
2339,17495,6406860351.562500,-3.837532559955e+02,-2.741094685682e+02,-3.499446862900e+02,-3.367619394509e+02,-3.779558517906e+02,-2.733340365921e+02,1.000000000000e+00,-0.757584407649
2340,17496,6407226562.500000,-3.837532559955e+02,-2.741094685682e+02,-3.500062442524e+02,-3.364819777468e+02,-3.780644523560e+02,-2.726774075629e+02,1.000000000000e+00,-0.781905438473
2341,17497,6407592773.437500,5.482189371364e+01,1.644656811409e+02,3.137782257972e+01,1.755062057307e+02,6.576202281354e+01,1.664831799099e+02,1.000000000000e+00,-0.806235877846
2342,17498,6407958984.375000,-5.482189371364e+01,2.741094685682e+02,-9.620690776904e+01,2.705822995253e+02,-4.343643626321e+01,2.773828331369e+02,1.000000000000e+00,-0.830575711772
2343,17499,6408325195.312500,-2.741094685682e+02,1.644656811409e+02,-3.031446441718e+02,1.261822280792e+02,-2.646533442637e+02,1.686855399246e+02,1.000000000000e+00,-0.854924925060
2344,17500,6408691406.250000,-1.644656811409e+02,-1.644656811409e+02,-1.421676303477e+02,-1.920099977684e+02,-1.562239971482e+02,-1.623402741062e+02,1.000000000000e+00,-0.879283501315
2345,17501,6409057617.187500,1.644656811409e+02,-2.741094685682e+02,2.090691342682e+02,-2.532071237504e+02,1.739831378383e+02,-2.734500664056e+02,1.000000000000e+00,-0.903651422938
2346,17502,6409423828.125000,-5.482189371364e+01,3.837532559955e+02,-1.145029526357e+02,3.814866200083e+02,-4.404074162308e+01,3.882520011488e+02,1.000000000000e+00,-0.928028671113
2347,17503,6409790039.062500,1.644656811409e+02,3.837532559955e+02,1.083544196642e+02,4.151827055567e+02,1.764919464111e+02,3.876796251697e+02,1.000000000000e+00,-0.952415225809
2348,17504,6410156250.000000,-5.482189371364e+01,-5.482189371364e+01,-4.732237427094e+01,-6.409515612010e+01,-4.574336636693e+01,-5.180300911676e+01,1.000000000000e+00,-0.976811065770
2349,17505,6410522460.937500,2.741094685682e+02,-3.837532559955e+02,3.369453680780e+02,-3.479382710838e+02,2.826131592221e+02,-3.836652623121e+02,1.000000000000e+00,-1.001216168514
2350,17506,6410888671.875000,-2.741094685682e+02,-3.837532559955e+02,-2.198633150968e+02,-4.312609138853e+02,-2.680505934146e+02,-3.798498576701e+02,1.000000000000e+00,-1.025630510326
2351,17507,6411254882.812500,1.644656811409e+02,-5.482189371364e+01,1.754576376777e+02,-3.047448964368e+01,1.743418189151e+02,-5.237622908506e+01,1.000000000000e+00,-1.050054066255
2352,17508,6411621093.750000,-1.644656811409e+02,5.482189371364e+01,-1.757417995917e+02,3.023868713411e+01,-1.556604060410e+02,5.987219039807e+01,1.000000000000e+00,-1.074486810110
2353,17509,6411987304.687500,1.644656811409e+02,5.482189371364e+01,1.588219077486e+02,8.161381533981e+01,1.752451267934e+02,5.867904735703e+01,1.000000000000e+00,-1.098928714454
2354,17510,6412353515.625000,2.741094685682e+02,1.644656811409e+02,2.528476865477e+02,2.104708644955e+02,2.857642972146e+02,1.688175049191e+02,1.000000000000e+00,-1.123379750601
2355,17511,6412719726.562500,-5.482189371364e+01,2.741094685682e+02,-9.909095104760e+01,2.698052263246e+02,-4.487327966318e+01,2.803286980954e+02,1.000000000000e+00,-1.147839888614
2356,17512,6413085937.500000,-3.837532559955e+02,1.644656811409e+02,-4.156843561700e+02,1.060129793753e+02,-3.757227663163e+02,1.713487921141e+02,1.000000000000e+00,-1.172309097298
2357,17513,6413452148.437500,1.644656811409e+02,-5.482189371364e+01,1.756522454501e+02,-2.954539790802e+01,1.741138254412e+02,-5.071237212630e+01,1.000000000000e+00,-1.196787344200
2358,17514,6413818359.375000,-3.837532559955e+02,5.482189371364e+01,-3.982346225846e+02,-5.230568512674e+00,-3.761514761429e+02,6.215590773517e+01,1.000000000000e+00,-1.221274595605
2359,17515,6414184570.312500,3.837532559955e+02,2.741094685682e+02,3.458253964873e+02,3.394372190577e+02,3.957248286698e+02,2.790810057396e+02,1.000000000000e+00,-1.245770816532
2360,17516,6414550781.250000,-2.741094685682e+02,-5.482189371364e+01,-2.694122423497e+02,-9.983460732627e+01,-2.667786306850e+02,-4.842460857442e+01,1.000000000000e+00,-1.270275970731
2361,17517,6414916992.187500,5.482189371364e+01,1.644656811409e+02,2.885660547490e+01,1.758858006306e+02,6.427328639767e+01,1.710928034537e+02,1.000000000000e+00,-1.294790020683
2362,17518,6415283203.125000,-2.741094685682e+02,-1.644656811409e+02,-2.513956876114e+02,-2.115559955798e+02,-2.673194730022e+02,-1.582868170517e+02,1.000000000000e+00,-1.319312927593
2363,17519,6415649414.062500,2.741094685682e+02,3.837532559955e+02,2.157972159476e+02,4.338121720429e+02,2.854966763435e+02,3.906470886494e+02,1.000000000000e+00,-1.343844651395
2364,17520,6416015625.000000,-5.482189371364e+01,1.644656811409e+02,-8.221244974244e+01,1.579253881335e+02,-4.576022944416e+01,1.719804084996e+02,1.000000000000e+00,-1.368385150741
2365,17521,6416381835.937500,-1.644656811409e+02,1.644656811409e+02,-1.935933221535e+02,1.400436034828e+02,-1.560688159690e+02,1.727746713696e+02,1.000000000000e+00,-1.392934383008
2366,17522,6416748046.875000,5.482189371364e+01,-2.741094685682e+02,1.005071291801e+02,-2.690884550284e+02,6.190918181547e+01,-2.686711016683e+02,1.000000000000e+00,-1.417492304292
2367,17523,6417114257.812500,-1.644656811409e+02,-2.741094685682e+02,-1.217066084561e+02,-3.050613626641e+02,-1.584959840872e+02,-2.674002500682e+02,1.000000000000e+00,-1.442058869405
2368,17524,6417480468.750000,-1.644656811409e+02,-5.482189371364e+01,-1.576025964310e+02,-8.263417100305e+01,-1.574676180371e+02,-4.681457230431e+01,1.000000000000e+00,-1.466634031879
2369,17525,6417846679.687500,-1.644656811409e+02,5.482189371364e+01,-1.755037226171e+02,2.836523561467e+01,-1.568907657932e+02,6.341762759516e+01,1.000000000000e+00,-1.491217743962
2370,17526,6418212890.625000,2.741094685682e+02,1.644656811409e+02,2.502436943107e+02,2.117248384036e+02,2.833034310172e+02,1.710590730757e+02,1.000000000000e+00,-1.515809956616
2371,17527,6418579101.562500,-1.644656811409e+02,3.837532559955e+02,-2.300549834181e+02,3.613735359900e+02,-1.551891613730e+02,3.939410814679e+02,1.000000000000e+00,-1.540410619521
2372,17528,6418945312.500000,-2.741094685682e+02,3.837532559955e+02,-3.413636066599e+02,3.433565320533e+02,-2.653209900474e+02,3.951809734575e+02,1.000000000000e+00,-1.565019681072
2373,17529,6419311523.437500,2.741094685682e+02,2.741094685682e+02,2.320533798802e+02,3.233465296174e+02,2.840438233866e+02,2.815936502030e+02,1.000000000000e+00,-1.589637088379
2374,17530,6419677734.375000,3.837532559955e+02,2.741094685682e+02,3.428482502871e+02,3.418396312191e+02,3.938809891370e+02,2.810153934173e+02,1.000000000000e+00,-1.614262787269
2375,17531,6420043945.312500,1.644656811409e+02,3.837532559955e+02,1.020709902770e+02,4.162621885063e+02,1.743258967788e+02,3.926991863895e+02,1.000000000000e+00,-1.638896722284
2376,17532,6420410156.250000,5.482189371364e+01,3.837532559955e+02,-9.245625682447e+00,3.978187015548e+02,6.410772002415e+01,3.935948405855e+02,1.000000000000e+00,-1.663538836686
2377,17533,6420776367.187500,-1.644656811409e+02,3.837532559955e+02,-2.315314789911e+02,3.606405554685e+02,-1.561374489955e+02,3.952466964351e+02,1.000000000000e+00,-1.688189072455
2378,17534,6421142578.125000,-3.837532559955e+02,5.482189371364e+01,-3.978626932167e+02,-9.835179267655e+00,-3.787281924861e+02,6.681802151498e+01,1.000000000000e+00,-1.712847370290
2379,17535,6421508789.062500,2.741094685682e+02,5.482189371364e+01,2.682330988168e+02,1.024624661515e+02,2.815117018779e+02,6.252605586722e+01,1.000000000000e+00,-1.737513669613
2380,17536,6421875000.000000,-5.482189371364e+01,1.644656811409e+02,-8.386781535690e+01,1.571914791867e+02,-4.832962677826e+01,1.750791612018e+02,1.000000000000e+00,-1.762187908569
2381,17537,6422241210.937500,1.644656811409e+02,2.741094685682e+02,1.192740096647e+02,3.060029725783e+02,1.725727287123e+02,2.837849496220e+02,1.000000000000e+00,-1.786870024032
2382,17538,6422607421.875000,5.482189371364e+01,2.741094685682e+02,8.180968620032e+00,2.868830461335e+02,6.236109718704e+01,2.844646401802e+02,1.000000000000e+00,-1.811559951600
2383,17539,6422973632.812500,1.644656811409e+02,-5.482189371364e+01,1.757945028360e+02,-2.706007197861e+01,1.695053206145e+02,-4.648247312362e+01,1.000000000000e+00,-1.836257625605
2384,17540,6423339843.750000,5.482189371364e+01,1.644656811409e+02,2.721682036486e+01,1.758357313121e+02,6.142430073686e+01,1.744822767809e+02,1.000000000000e+00,-1.860962979113
2385,17541,6423706054.687500,2.741094685682e+02,-5.482189371364e+01,2.869008828737e+02,-8.644753492639e+00,2.790479162137e+02,-4.812503504960e+01,1.000000000000e+00,-1.885675943927
2386,17542,6424072265.625000,3.837532559955e+02,-3.837532559955e+02,4.541734562457e+02,-3.230893622200e+02,3.846854439084e+02,-3.799545658680e+02,1.000000000000e+00,-1.910396450592
2387,17543,6424438476.562500,-3.837532559955e+02,-5.482189371364e+01,-3.786373525992e+02,-1.219891870926e+02,-3.815319897613e+02,-4.046812258552e+01,1.000000000000e+00,-1.935124428398
2388,17544,6424804687.500000,-1.644656811409e+02,-3.837532559955e+02,-9.860058352998e+01,-4.165965185282e+02,-1.645127416831e+02,-3.727588735703e+02,1.000000000000e+00,-1.959859805382
2389,17545,6425170898.437500,3.837532559955e+02,-1.644656811409e+02,4.166097600606e+02,-9.793395430560e+01,3.867671296662e+02,-1.574652195227e+02,1.000000000000e+00,-1.984602508338
2390,17546,6425537109.375000,2.741094685682e+02,5.482189371364e+01,2.670393054180e+02,1.040594952636e+02,2.785603824621e+02,6.311448438778e+01,1.000000000000e+00,-2.009352462816
2391,17547,6425903320.312500,-5.482189371364e+01,-3.837532559955e+02,1.289969961338e+01,-3.973142683772e+02,-5.562306248935e+01,-3.734767509462e+02,1.000000000000e+00,-2.034109593130
2392,17548,6426269531.250000,3.837532559955e+02,-1.644656811409e+02,4.168829184405e+02,-9.723319366413e+01,3.859613717886e+02,-1.575840351706e+02,1.000000000000e+00,-2.058873822362
2393,17549,6426635742.187500,-5.482189371364e+01,1.644656811409e+02,-8.508665781456e+01,1.559959757154e+02,-5.103496148277e+01,1.761171012322e+02,1.000000000000e+00,-2.083645072368
2394,17550,6427001953.125000,-2.741094685682e+02,-2.741094685682e+02,-2.262391655058e+02,-3.264825097922e+02,-2.742943804516e+02,-2.616804019625e+02,1.000000000000e+00,-2.108423263787
2395,17551,6427368164.062500,5.482189371364e+01,2.741094685682e+02,5.125412627392e+00,2.863503733869e+02,5.914875955081e+01,2.850923086595e+02,1.000000000000e+00,-2.133208316040
2396,17552,6427734375.000000,-5.482189371364e+01,3.837532559955e+02,-1.254760649550e+02,3.767669313157e+02,-4.973669505432e+01,3.958413724335e+02,1.000000000000e+00,-2.158000147343
2397,17553,6428100585.937500,-3.837532559955e+02,3.837532559955e+02,-4.570625223382e+02,3.164744883072e+02,-3.791423801488e+02,3.990515812567e+02,1.000000000000e+00,-2.182798674710
2398,17554,6428466796.875000,1.644656811409e+02,5.482189371364e+01,1.556999761494e+02,8.547235016224e+01,1.665093035922e+02,6.436545138918e+01,1.000000000000e+00,-2.207603813964
2399,17555,6428833007.812500,-5.482189371364e+01,-5.482189371364e+01,-4.516041000175e+01,-6.536326425154e+01,-5.453112300824e+01,-4.322999816590e+01,1.000000000000e+00,-2.232415479739
2400,17556,6429199218.750000,3.837532559955e+02,-5.482189371364e+01,3.970327749680e+02,1.557277347203e+01,3.846280013826e+02,-4.802302344822e+01,1.000000000000e+00,-2.257233585491
2401,17557,6429565429.687500,-5.482189371364e+01,1.644656811409e+02,-8.568492434331e+01,1.557385253934e+02,-5.259046656804e+01,1.766535484501e+02,1.000000000000e+00,-2.282058043507
2402,17558,6429931640.625000,3.837532559955e+02,3.837532559955e+02,3.161521260584e+02,4.581459818880e+02,3.897802366343e+02,3.910987735365e+02,1.000000000000e+00,-2.306888764911
2403,17559,6430297851.562500,-3.837532559955e+02,-2.741094685682e+02,-3.359787150588e+02,-3.478520906278e+02,-3.882477353908e+02,-2.588883877974e+02,1.000000000000e+00,-2.331725659671
2404,17560,6430664062.500000,1.644656811409e+02,-1.644656811409e+02,1.965932026320e+02,-1.349346106136e+02,1.624646311190e+02,-1.556676122494e+02,1.000000000000e+00,-2.356568636612
2405,17561,6431030273.437500,5.482189371364e+01,2.741094685682e+02,3.501198800067e+00,2.864740390907e+02,5.745240444386e+01,2.851204722219e+02,1.000000000000e+00,-2.381417603424
2406,17562,6431396484.375000,5.482189371364e+01,1.644656811409e+02,2.411834567988e+01,1.760209093084e+02,5.599200032669e+01,1.751939569207e+02,1.000000000000e+00,-2.406272466668
2407,17563,6431762695.312500,5.482189371364e+01,-2.741094685682e+02,1.071516817861e+02,-2.656638526139e+02,5.021515214385e+01,-2.642504565776e+02,1.000000000000e+00,-2.431133131789
2408,17564,6432128906.250000,-3.837532559955e+02,-2.741094685682e+02,-3.343343646767e+02,-3.487819949542e+02,-3.894968277287e+02,-2.583719014136e+02,1.000000000000e+00,-2.455999503128
2409,17565,6432495117.187500,1.644656811409e+02,1.644656811409e+02,1.342560773831e+02,1.966799360951e+02,1.652043682032e+02,1.732312110575e+02,1.000000000000e+00,-2.480871483925
2410,17566,6432861328.125000,5.482189371364e+01,-2.741094685682e+02,1.071455450219e+02,-2.651920882510e+02,4.868932060285e+01,-2.640959979208e+02,1.000000000000e+00,-2.505748976337
2411,17567,6433227539.062500,5.482189371364e+01,1.644656811409e+02,2.382818955237e+01,1.758151504967e+02,5.512966170222e+01,1.745255944974e+02,1.000000000000e+00,-2.530631881447
2412,17568,6433593750.000000,-1.644656811409e+02,3.837532559955e+02,-2.388271813477e+02,3.547049717025e+02,-1.610939484704e+02,3.976078364946e+02,1.000000000000e+00,-2.555520099272
2413,17569,6433959960.937500,2.741094685682e+02,-5.482189371364e+01,2.865080750388e+02,-2.590731728521e+00,2.709461613208e+02,-4.870900771247e+01,1.000000000000e+00,-2.580413528778
2414,17570,6434326171.875000,-5.482189371364e+01,-5.482189371364e+01,-4.457378046315e+01,-6.570222360463e+01,-5.884591597866e+01,-4.338440960872e+01,1.000000000000e+00,-2.605312067890
2415,17571,6434692382.812500,1.644656811409e+02,-2.741094685682e+02,2.182354062428e+02,-2.435147991669e+02,1.566543194149e+02,-2.662824896970e+02,1.000000000000e+00,-2.630215613506
2416,17572,6435058593.750000,1.644656811409e+02,3.837532559955e+02,9.041212137781e+01,4.170708654715e+02,1.669713247639e+02,3.911867367476e+02,1.000000000000e+00,-2.655124061507
2417,17573,6435424804.687500,-5.482189371364e+01,-2.741094685682e+02,-1.168999275516e+00,-2.859988385369e+02,-6.287471262287e+01,-2.630177924634e+02,1.000000000000e+00,-2.680037306770
2418,17574,6435791015.625000,1.644656811409e+02,-3.837532559955e+02,2.414574761877e+02,-3.528677055141e+02,1.550049558703e+02,-3.763911214728e+02,1.000000000000e+00,-2.704955243184
2419,17575,6436157226.562500,-5.482189371364e+01,-3.837532559955e+02,2.174145165664e+01,-3.964024199516e+02,-6.460167366585e+01,-3.733716888372e+02,1.000000000000e+00,-2.729877763658
2420,17576,6436523437.500000,2.741094685682e+02,2.741094685682e+02,2.198655073984e+02,3.299742880240e+02,2.733794469695e+02,2.801599967879e+02,1.000000000000e+00,-2.754804760139
2421,17577,6436889648.437500,2.741094685682e+02,3.837532559955e+02,1.971838344606e+02,4.395939794346e+02,2.743751389988e+02,3.891749701012e+02,1.000000000000e+00,-2.779736123624
2422,17578,6437255859.375000,1.644656811409e+02,3.837532559955e+02,8.730030380305e+01,4.175914723739e+02,1.649843544106e+02,3.905146491215e+02,1.000000000000e+00,-2.804671744175
2423,17579,6437622070.312500,-1.644656811409e+02,-2.741094685682e+02,-1.095487344007e+02,-3.079954811726e+02,-1.741222909114e+02,-2.618642565828e+02,1.000000000000e+00,-2.829611510929
2424,17580,6437988281.250000,5.482189371364e+01,-5.482189371364e+01,6.607319195225e+01,-4.393596829857e+01,4.838726101524e+01,-4.645301346267e+01,1.000000000000e+00,-2.854555312120
2425,17581,6438354492.187500,2.741094685682e+02,-1.644656811409e+02,3.084247565131e+02,-1.094096946653e+02,2.657156748401e+02,-1.601854541675e+02,1.000000000000e+00,-2.879503035089
2426,17582,6438720703.125000,-2.741094685682e+02,-3.837532559955e+02,-1.968020785676e+02,-4.410127327620e+02,-2.870589569803e+02,-3.703383502452e+02,1.000000000000e+00,-2.904454566298
2427,17583,6439086914.062500,3.837532559955e+02,1.644656811409e+02,3.514496123594e+02,2.436670540904e+02,3.810001386668e+02,1.667037532522e+02,1.000000000000e+00,-2.929409791350
2428,17584,6439453125.000000,-2.741094685682e+02,2.741094685682e+02,-3.313658629753e+02,2.188972003903e+02,-2.757962603234e+02,2.882431035987e+02,1.000000000000e+00,-2.954368595000
2429,17585,6439819335.937500,2.741094685682e+02,-5.482189371364e+01,2.864283043214e+02,1.287556730046e+00,2.669139881358e+02,-5.173776765666e+01,1.000000000000e+00,-2.979330861175
2430,17586,6440185546.875000,-5.482189371364e+01,5.482189371364e+01,-6.630318407888e+01,4.375986957451e+01,-6.057128499945e+01,6.429836498684e+01,1.000000000000e+00,-3.004296472986
2431,17587,6440551757.812500,-2.741094685682e+02,2.741094685682e+02,-3.314620370101e+02,2.187635678351e+02,-2.756119305862e+02,2.884229370659e+02,1.000000000000e+00,-3.029265312747
2432,17588,6440917968.750000,1.644656811409e+02,-2.741094685682e+02,2.213810996845e+02,-2.412640074443e+02,1.513724580832e+02,-2.702504544313e+02,1.000000000000e+00,-3.054237261992
2433,17589,6441284179.687500,2.741094685682e+02,3.837532559955e+02,1.955717901081e+02,4.416059171004e+02,2.755633822515e+02,3.857412573798e+02,1.000000000000e+00,-3.079212201490
2434,17590,6441650390.625000,1.644656811409e+02,-1.644656811409e+02,1.991584829339e+02,-1.305840169320e+02,1.535521075106e+02,-1.606883792805e+02,1.000000000000e+00,-3.104190011264
2435,17591,6442016601.562500,-3.837532559955e+02,-5.482189371364e+01,-3.729729573088e+02,-1.355567591067e+02,-3.928264425843e+02,-3.957670813429e+01,1.000000000000e+00,-3.129170570606
2436,17592,6442382812.500000,1.644656811409e+02,3.837532559955e+02,8.371611167593e+01,4.191864964340e+02,1.648054693363e+02,3.876146386449e+02,1.000000000000e+00,3.129031549083
2437,17593,6442749023.437500,2.741094685682e+02,3.837532559955e+02,1.931111528898e+02,4.426025206388e+02,2.744208640749e+02,3.851265103656e+02,1.000000000000e+00,3.104045855558
2438,17594,6443115234.375000,5.482189371364e+01,1.644656811409e+02,1.975085548212e+01,1.764204384090e+02,5.013150175180e+01,1.700443093683e+02,1.000000000000e+00,3.079057778788
2439,17595,6443481445.312500,-5.482189371364e+01,-2.741094685682e+02,4.311065495342e+00,-2.861713602514e+02,-6.851351741517e+01,-2.669331960137e+02,1.000000000000e+00,3.054067442222
2440,17596,6443847656.250000,-5.482189371364e+01,-3.837532559955e+02,2.884802711286e+01,-3.957843285573e+02,-7.036309638790e+01,-3.769154949654e+02,1.000000000000e+00,3.029074969949
2441,17597,6444213867.187500,-2.741094685682e+02,-2.741094685682e+02,-2.139018945732e+02,-3.340548283769e+02,-2.877591187760e+02,-2.633087145681e+02,1.000000000000e+00,3.004080486678
2442,17598,6444580078.125000,2.741094685682e+02,3.837532559955e+02,1.895381609927e+02,4.434708736742e+02,2.726141316296e+02,3.840203456126e+02,1.000000000000e+00,2.979084117721
2443,17599,6444946289.062500,1.644656811409e+02,3.837532559955e+02,7.977030639825e+01,4.191863554359e+02,1.630229153884e+02,3.855137200158e+02,1.000000000000e+00,2.954085988974
2444,17600,6445312500.000000,3.837532559955e+02,2.741094685682e+02,3.228524588795e+02,3.582216263166e+02,3.802969922381e+02,2.712252996373e+02,1.000000000000e+00,2.929086226897
2445,17601,6445678710.937500,5.482189371364e+01,-3.837532559955e+02,1.393976145249e+02,-3.713886667984e+02,3.761584383843e+01,-3.801828892049e+02,1.000000000000e+00,2.904084958494
2446,17602,6446044921.875000,3.837532559955e+02,5.482189371364e+01,3.716001219619e+02,1.395978058420e+02,3.762408936708e+02,5.090408653519e+01,1.000000000000e+00,2.879082311297
2447,17603,6446411132.812500,5.482189371364e+01,-1.644656811409e+02,9.138154433815e+01,-1.522631809455e+02,4.209302584626e+01,-1.615531945436e+02,1.000000000000e+00,2.854078413341
2448,17604,6446777343.750000,-2.741094685682e+02,3.837532559955e+02,-3.599433083909e+02,3.224040664693e+02,-2.753865274253e+02,3.944011539676e+02,1.000000000000e+00,2.829073393150
2449,17605,6447143554.687500,-2.741094685682e+02,5.482189371364e+01,-2.863107412638e+02,-6.709313348580e+00,-2.825846296348e+02,6.479670309805e+01,1.000000000000e+00,2.804067379711
2450,17606,6447509765.625000,1.644656811409e+02,3.837532559955e+02,7.831866216799e+01,4.201451283370e+02,1.642225614113e+02,3.836096388700e+02,1.000000000000e+00,2.779060502460
2451,17607,6447875976.562500,1.644656811409e+02,-5.482189371364e+01,1.764003371705e+02,-1.794476152934e+01,1.536145729741e+02,-5.562811576173e+01,1.000000000000e+00,2.754052891256
2452,17608,6448242187.500000,1.644656811409e+02,-2.741094685682e+02,2.254312013111e+02,-2.364258339331e+02,1.478959547220e+02,-2.749227848355e+02,1.000000000000e+00,2.729044676365
2453,17609,6448608398.437500,1.644656811409e+02,-3.837532559955e+02,2.502692579312e+02,-3.451289966143e+02,1.450579160206e+02,-3.843537947220e+02,1.000000000000e+00,2.704035988438
2454,17610,6448974609.375000,-5.482189371364e+01,-1.644656811409e+02,-1.728895724100e+01,-1.760282770431e+02,-6.826999326411e+01,-1.601881193051e+02,1.000000000000e+00,2.679026958489
2455,17611,6449340820.312500,2.741094685682e+02,3.837532559955e+02,1.856645524812e+02,4.441615782051e+02,2.736396762584e+02,3.781134325479e+02,1.000000000000e+00,2.654017717875
2456,17612,6449707031.250000,-1.644656811409e+02,5.482189371364e+01,-1.762455262421e+02,1.715613725794e+01,-1.723358838875e+02,6.093895325919e+01,1.000000000000e+00,2.629008398277
