{
  "combo": {
    "tap_num": 80,
    "regularization": 0.001,
    "coeff_total_bits": 16,
    "coeff_frac_bits": 12,
    "format": "Q4.12"
  },
  "source_run_dir": "D:\\桌面\\Rigol\\L1-08_sim\\data\\h1_full_combined_random_20260528_023143",
  "source_graph_dir": "D:\\桌面\\Rigol\\L1-08_sim\\results\\h1_full_combined_random_20260528_023143",
  "copied_data_dir": "D:\\桌面\\Rigol\\sweep_result\\h1_1366789340_behavior_1224877734_qam_1756070480\\tap080_reg1em03_q4_12\\data",
  "copied_graph_dir": "D:\\桌面\\Rigol\\sweep_result\\h1_1366789340_behavior_1224877734_qam_1756070480\\tap080_reg1em03_q4_12\\graph",
  "metrics": {
    "run_name": "h1_full_combined_random_20260528_023143",
    "h1_ripple_db": 0.6345468328855539,
    "float_dense_ripple_db": 0.08176133976853436,
    "float_dense_pass_0p1db": true,
    "max_abs_coeff": 0.1718382597957648,
    "fixed_saturation_count": 0,
    "fixed_dense_ripple_db": 0.08343733690906135,
    "fixed_dense_pass_0p1db": true,
    "behavior_float_ripple_db": 0.06153429602582058,
    "behavior_fixed_ripple_db": 0.06311848537638938,
    "behavior_fixed_pass_0p1db": true,
    "qam_float_magnitude_only_evm_percent": 0.1338027009432446,
    "qam_fixed_magnitude_only_evm_percent": 0.143082519278496
  }
}
