{
  "combo": {
    "tap_num": 64,
    "regularization": 0.001,
    "coeff_total_bits": 16,
    "coeff_frac_bits": 13,
    "format": "Q3.13"
  },
  "source_run_dir": "D:\\桌面\\Rigol\\L1-08_sim\\data\\h1_full_combined_random_20260528_023548",
  "source_graph_dir": "D:\\桌面\\Rigol\\L1-08_sim\\results\\h1_full_combined_random_20260528_023548",
  "copied_data_dir": "D:\\桌面\\Rigol\\sweep_result\\h1_533121161_behavior_1688039438_qam_254967343\\tap064_reg1em03_q3_13\\data",
  "copied_graph_dir": "D:\\桌面\\Rigol\\sweep_result\\h1_533121161_behavior_1688039438_qam_254967343\\tap064_reg1em03_q3_13\\graph",
  "metrics": {
    "run_name": "h1_full_combined_random_20260528_023548",
    "h1_ripple_db": 0.44592536838376234,
    "float_dense_ripple_db": 0.14999735724020685,
    "float_dense_pass_0p1db": false,
    "max_abs_coeff": 0.5750187750365792,
    "fixed_saturation_count": 0,
    "fixed_dense_ripple_db": 0.15480313114949001,
    "fixed_dense_pass_0p1db": false,
    "behavior_float_ripple_db": 0.1314664246859677,
    "behavior_fixed_ripple_db": 0.13652889315021308,
    "behavior_fixed_pass_0p1db": false,
    "qam_float_magnitude_only_evm_percent": 0.43908211898213806,
    "qam_fixed_magnitude_only_evm_percent": 0.4413106125848737
  }
}
