{
  "combo": {
    "tap_num": 64,
    "regularization": 0.0001,
    "coeff_total_bits": 16,
    "coeff_frac_bits": 12,
    "format": "Q4.12"
  },
  "source_run_dir": "D:\\桌面\\Rigol\\L1-08_sim\\data\\h1_full_combined_random_20260528_024045",
  "source_graph_dir": "D:\\桌面\\Rigol\\L1-08_sim\\results\\h1_full_combined_random_20260528_024045",
  "copied_data_dir": "D:\\桌面\\Rigol\\sweep_result\\h1_286476255_behavior_1813889189_qam_417471910\\tap064_reg1em04_q4_12\\data",
  "copied_graph_dir": "D:\\桌面\\Rigol\\sweep_result\\h1_286476255_behavior_1813889189_qam_417471910\\tap064_reg1em04_q4_12\\graph",
  "metrics": {
    "run_name": "h1_full_combined_random_20260528_024045",
    "h1_ripple_db": 0.7584381726751868,
    "float_dense_ripple_db": 0.19185256781440246,
    "float_dense_pass_0p1db": false,
    "max_abs_coeff": 1.3469269256486682,
    "fixed_saturation_count": 0,
    "fixed_dense_ripple_db": 0.19080457456390953,
    "fixed_dense_pass_0p1db": false,
    "behavior_float_ripple_db": 0.17982041021367673,
    "behavior_fixed_ripple_db": 0.17857732119616038,
    "behavior_fixed_pass_0p1db": false,
    "qam_float_magnitude_only_evm_percent": 0.3703197541353163,
    "qam_fixed_magnitude_only_evm_percent": 0.37705519336543053
  }
}
