freq_hz,float_abs,fixed_abs,fixed_abs_error_db,float_phase_rad,fixed_phase_rad,phase_error_rad,original_group_delay_ns,float_allpass_group_delay_ns,fixed_allpass_group_delay_ns,float_compensated_group_delay_ns,fixed_compensated_group_delay_ns
5500000000.000000,1.000000000000e+00,1.000000000000e+00,1.928654933107e-15,1.719432219255,1.720216103397,7.838841416716e-04,5.366460933,10.148941420,10.148597616,15.515402353,15.515058549
5501000000.000000,1.000000000000e+00,1.000000000000e+00,-5.882397545975e-14,1.655664539642,1.656450583967,7.860443246990e-04,5.091426382,10.162715361,10.162378509,15.254141743,15.253804891
5502000000.000000,1.000000000000e+00,1.000000000000e+00,3.278713386281e-14,1.591723771577,1.592511888724,7.881171467328e-04,4.435169442,10.190234959,10.189912331,14.625404401,14.625081773
5503000000.000000,1.000000000000e+00,1.000000000000e+00,-7.425321492460e-14,1.527610270505,1.528400369083,7.900985780975e-04,4.311575322,10.217686752,10.217378991,14.529262074,14.528954313
5504000000.000000,1.000000000000e+00,1.000000000000e+00,1.542923946485e-14,1.463324533034,1.464116517613,7.919845792022e-04,4.928859399,10.245047940,10.244755689,15.173907339,15.173615088
5505000000.000000,1.000000000000e+00,1.000000000000e+00,-2.314385919728e-14,1.398867201129,1.399660972238,7.937711091306e-04,5.312538106,10.272295067,10.272018968,15.584833173,15.584557074
5506000000.000000,1.000000000000e+00,1.000000000000e+00,-6.171695785941e-14,1.334239066165,1.335034520299,7.954541347199e-04,4.652374759,10.299404042,10.299144736,14.951778801,14.951519495
5507000000.000000,1.000000000000e+00,1.000000000000e+00,3.857309866213e-14,1.269441072829,1.270238102469,7.970296402104e-04,4.386769065,10.326350169,10.326108293,14.713119234,14.712877358
5508000000.000000,1.000000000000e+00,1.000000000000e+00,1.735789439796e-13,1.204474322842,1.205272816480,7.984936372765e-04,4.810233633,10.353108176,10.352884362,15.163341809,15.163117995
5509000000.000000,1.000000000000e+00,1.000000000000e+00,3.471578879592e-14,1.139340078474,1.140139920650,7.998421755824e-04,4.908565848,10.379652249,10.379447120,15.288218097,15.288012968
5510000000.000000,1.000000000000e+00,1.000000000000e+00,-2.989415146315e-14,1.074039765838,1.074840837192,8.010713537574e-04,4.708817384,10.405956068,10.405770242,15.114773452,15.114587626
5511000000.000000,1.000000000000e+00,1.000000000000e+00,-4.339473599490e-14,1.008574977931,1.009377155262,8.021773307463e-04,4.570888631,10.431992853,10.431826935,15.002881484,15.002715566
5512000000.000000,1.000000000000e+00,1.000000000000e+00,1.272912255850e-13,0.942947477403,0.943750633741,8.031563375996e-04,4.425065694,10.457735406,10.457589990,14.882801100,14.882655684
5513000000.000000,1.000000000000e+00,1.000000000000e+00,-1.224695882523e-13,0.877159199028,0.877963203717,8.040046895308e-04,4.185673031,10.483156163,10.483031827,14.668829194,14.668704858
5514000000.000000,1.000000000000e+00,1.000000000000e+00,-8.775379945635e-14,0.811212251848,0.812016970646,8.047187983231e-04,4.648370535,10.508227244,10.508124550,15.156597779,15.156495085
5515000000.000000,1.000000000000e+00,1.000000000000e+00,-2.507251413039e-14,0.745108920980,0.745914216165,8.052951849314e-04,4.789926336,10.532920512,10.532840004,15.322846848,15.322766340
5516000000.000000,1.000000000000e+00,1.000000000000e+00,-2.796549653005e-14,0.678851669044,0.679657399537,8.057304923336e-04,4.346628864,10.557207633,10.557149835,14.903836497,14.903778699
5517000000.000000,1.000000000000e+00,1.000000000000e+00,-1.398274826502e-13,0.612443137207,0.613249158706,8.060214984706e-04,4.797216842,10.581060142,10.581025555,15.378276984,15.378242397
5518000000.000000,1.000000000000e+00,1.000000000000e+00,-1.456134474495e-13,0.545886145806,0.546692310935,8.061651292938e-04,4.886094483,10.604449507,10.604438607,15.490543990,15.490533090
5519000000.000000,1.000000000000e+00,1.000000000000e+00,1.330771903844e-13,0.479183694543,0.479989853015,8.061584718068e-04,4.376370007,10.627347202,10.627360439,15.003717209,15.003730446
5520000000.000000,1.000000000000e+00,1.000000000000e+00,7.907485225737e-14,0.412338962220,0.413144961007,8.059987870372e-04,4.460563825,10.649724781,10.649762576,15.110288606,15.110326401
5521000000.000000,1.000000000000e+00,1.000000000000e+00,3.471578879592e-14,0.345355306007,0.346160989530,8.056835229148e-04,4.680859931,10.671553953,10.671616696,15.352413884,15.352476627
5522000000.000000,1.000000000000e+00,1.000000000000e+00,-2.603684159694e-14,0.278236260219,0.279041470546,8.052103268852e-04,4.905235698,10.692806662,10.692894712,15.598042360,15.598130410
5523000000.000000,1.000000000000e+00,1.000000000000e+00,8.486081705669e-14,0.210985534585,0.211790111643,8.045770582863e-04,4.169568733,10.713455168,10.713568847,14.883023901,14.883137580
5524000000.000000,1.000000000000e+00,1.000000000000e+00,5.400233812698e-14,0.143607012013,0.144410793813,8.037818003062e-04,4.229174579,10.733472130,10.733611724,14.962646709,14.962786303
5525000000.000000,1.000000000000e+00,1.000000000000e+00,1.774362538458e-13,0.076104745818,0.076907568689,8.028228715424e-04,4.895822484,10.752830689,10.752996446,15.648653173,15.648818930
5526000000.000000,1.000000000000e+00,1.000000000000e+00,2.314385919728e-14,0.008482956425,0.009284655262,8.016988369652e-04,4.384643305,10.771504553,10.771696681,15.156147858,15.156339986
5527000000.000000,1.000000000000e+00,1.000000000000e+00,-3.857309866213e-15,-0.059253972471,-0.058453563953,8.004085183295e-04,4.695427663,10.789468086,10.789686752,15.484895749,15.485114415
5528000000.000000,1.000000000000e+00,1.000000000000e+00,5.593099306009e-14,-0.127101498281,-0.126302547277,7.989510038308e-04,4.591626595,10.806696391,10.806941718,15.398322986,15.398568313
5529000000.000000,1.000000000000e+00,1.000000000000e+00,6.364561279252e-14,-0.195054924440,-0.194257598783,7.973256570293e-04,4.192611940,10.823165395,10.823437461,15.015777335,15.016049401
5530000000.000000,1.000000000000e+00,1.000000000000e+00,7.136023252494e-14,-0.263109405858,-0.262313873733,7.955321248595e-04,4.426634262,10.838851936,10.839150774,15.265486198,15.265785036
5531000000.000000,1.000000000000e+00,1.000000000000e+00,1.350058453175e-13,-0.331259954898,-0.330466384553,7.935703447943e-04,4.119601214,10.853733843,10.854059440,14.973335057,14.973660654
5532000000.000000,1.000000000000e+00,1.000000000000e+00,-6.364561279252e-14,-0.399501447877,-0.398710007326,7.914405509203e-04,4.403525813,10.867790021,10.868142316,15.271315834,15.271668129
5533000000.000000,1.000000000000e+00,1.000000000000e+00,-1.243982431854e-13,-0.467828632063,-0.467039488784,7.891432790287e-04,4.551686209,10.881000528,10.881379410,15.432686737,15.433065619
5534000000.000000,1.000000000000e+00,1.000000000000e+00,2.372245567721e-13,-0.536236133163,-0.535449453792,7.866793705137e-04,4.624814454,10.893346648,10.893751961,15.518161102,15.518566415
5535000000.000000,1.000000000000e+00,1.000000000000e+00,-7.714619732426e-14,-0.604718463278,-0.603934413303,7.840499751826e-04,4.331547537,10.904810971,10.905242505,15.236358508,15.236790042
5536000000.000000,1.000000000000e+00,1.000000000000e+00,1.060760213209e-13,-0.673270029300,-0.672488772747,7.812565527670e-04,4.208207207,10.915377451,10.915834950,15.123584658,15.124042157
5537000000.000000,1.000000000000e+00,1.000000000000e+00,-2.025087679762e-14,-0.741885141727,-0.741106840854,7.783008732529e-04,4.870176436,10.925031481,10.925514638,15.795207917,15.795691074
5538000000.000000,1.000000000000e+00,1.000000000000e+00,-9.450409172222e-14,-0.810558023863,-0.809782838847,7.751850158921e-04,4.454012923,10.933759943,10.934268404,15.387772866,15.388281327
5539000000.000000,1.000000000000e+00,1.000000000000e+00,-1.031830389212e-13,-0.879282821378,-0.878510910011,7.719113669451e-04,4.139768514,10.941551267,10.942084627,15.081319781,15.081853141
5540000000.000000,1.000000000000e+00,1.000000000000e+00,-3.471578879592e-14,-0.948053612185,-0.947285129568,7.684826161203e-04,3.992483018,10.948395479,10.948953286,14.940878497,14.941436304
5541000000.000000,1.000000000000e+00,1.000000000000e+00,8.871812692290e-14,-1.016864416598,-1.016099514846,7.649017517066e-04,4.156052329,10.954284239,10.954865995,15.110336568,15.110918324
5542000000.000000,1.000000000000e+00,1.000000000000e+00,4.435906346145e-14,-1.085709207743,-1.084948035689,7.611720544376e-04,4.989578302,10.959210881,10.959816040,15.948789183,15.949394342
5543000000.000000,1.000000000000e+00,1.000000000000e+00,-6.075263039286e-14,-1.154581922165,-1.153824625075,7.572970900940e-04,4.547955583,10.963170439,10.963798413,15.511126022,15.511753996
5544000000.000000,1.000000000000e+00,1.000000000000e+00,3.085847892971e-14,-1.223476470594,-1.222723189893,7.532807008601e-04,3.981671389,10.966159673,10.966809829,14.947831062,14.948481218
5545000000.000000,1.000000000000e+00,1.000000000000e+00,2.507251413039e-14,-1.292386748836,-1.291637621840,7.491269955342e-04,4.321048245,10.968177078,10.968848741,15.289225323,15.289896986
5546000000.000000,1.000000000000e+00,1.000000000000e+00,-1.301842079847e-13,-1.361306648726,-1.360561808387,7.448403385624e-04,4.543928996,10.969222897,10.969915353,15.513151893,15.513844349
5547000000.000000,1.000000000000e+00,1.000000000000e+00,-3.857309866213e-14,-1.430230069116,-1.429489643778,7.404253380492e-04,4.595782565,10.969299119,10.970011617,15.565081684,15.565794182
5548000000.000000,1.000000000000e+00,1.000000000000e+00,-1.417561375833e-13,-1.499150926839,-1.498415040007,7.358868327292e-04,4.331845115,10.968409474,10.969141225,15.300254589,15.300986340
5549000000.000000,1.000000000000e+00,1.000000000000e+00,5.014502826077e-14,-1.568063167611,-1.567331937733,7.312298780342e-04,4.441066701,10.966559415,10.967309600,15.407626116,15.408376301
5550000000.000000,1.000000000000e+00,1.000000000000e+00,1.928654933107e-14,-1.636960776819,-1.636234317088,7.264597313452e-04,4.561925468,10.963756106,10.964523873,15.525681574,15.526449341
5551000000.000000,1.000000000000e+00,1.000000000000e+00,4.435906346145e-14,-1.705837790166,-1.705116208329,7.215818364272e-04,4.191622282,10.960008384,10.960792853,15.151630666,15.152415135
5552000000.000000,1.000000000000e+00,1.000000000000e+00,-8.196783465703e-14,-1.774688304108,-1.773971702300,7.166018073153e-04,4.581384984,10.955326730,10.956126995,15.536711714,15.537511979
5553000000.000000,1.000000000000e+00,1.000000000000e+00,-1.118619861202e-13,-1.843506486062,-1.842794960650,7.115254115513e-04,4.402935282,10.949723230,10.950538362,15.352658512,15.353473644
5554000000.000000,1.000000000000e+00,1.000000000000e+00,-1.089690037205e-13,-1.912286584336,-1.911580225783,7.063585530238e-04,4.234427078,10.943211520,10.944040571,15.177638598,15.178467649
5555000000.000000,1.000000000000e+00,1.000000000000e+00,6.750292265873e-14,-1.981022937739,-1.980321830485,7.011072544576e-04,4.721727905,10.935806744,10.936648747,15.657534649,15.658376652
5556000000.000000,1.000000000000e+00,1.000000000000e+00,-8.968245438946e-14,-2.049709984851,-2.049014207212,6.957776396668e-04,4.618772218,10.927525487,10.928379459,15.546297705,15.547151677
5557000000.000000,1.000000000000e+00,1.000000000000e+00,8.293216212358e-14,-2.118342272903,-2.117651896987,6.903759156418e-04,4.124205026,10.918385714,10.919250664,15.042590740,15.043455690
5558000000.000000,1.000000000000e+00,1.000000000000e+00,-1.350058453175e-14,-2.186914466247,-2.186229557893,6.849083546614e-04,4.309567388,10.908406707,10.909281633,15.217974095,15.218849021
5559000000.000000,1.000000000000e+00,1.000000000000e+00,-2.700116906349e-14,-2.255421354395,-2.254741973119,6.793812764307e-04,4.474019645,10.897608987,10.898492879,15.371628632,15.372512524
5560000000.000000,1.000000000000e+00,1.000000000000e+00,2.507251413039e-14,-2.323857859585,-2.323184058554,6.738010304206e-04,4.563288219,10.886014242,10.886906090,15.449302461,15.450194309
5561000000.000000,1.000000000000e+00,1.000000000000e+00,9.643274665533e-15,-2.392219043869,-2.391550869891,6.681739784593e-04,4.430801078,10.873645249,10.874544041,15.304446327,15.305345119
5562000000.000000,1.000000000000e+00,1.000000000000e+00,0.000000000000e+00,-2.460500115708,-2.459837609230,6.625064776888e-04,4.155403338,10.860525792,10.861430517,15.015929130,15.016833855
5563000000.000000,1.000000000000e+00,1.000000000000e+00,-9.161110932256e-14,-2.528696436035,-2.528039631171,6.568048639659e-04,4.653413368,10.846680580,10.847590234,15.500093948,15.501003602
5564000000.000000,1.000000000000e+00,1.000000000000e+00,-8.196783465703e-14,-2.596803523817,-2.596152448381,6.510754357856e-04,4.757050426,10.832135165,10.833048748,15.589185591,15.590099174
5565000000.000000,1.000000000000e+00,1.000000000000e+00,7.521754239116e-14,-2.664817061061,-2.664171736622,6.453244387918e-04,4.264982470,10.816915850,10.817832375,15.081898320,15.082814845
5566000000.000000,1.000000000000e+00,1.000000000000e+00,2.892982399660e-14,-2.732732897299,-2.732093339248,6.395580509531e-04,4.258850309,10.801049614,10.801968102,15.059899923,15.060818411
5567000000.000000,1.000000000000e+00,1.000000000000e+00,1.928654933107e-14,-2.800547053529,-2.799913271161,6.337823684599e-04,4.505174493,10.784564015,10.785483505,15.289738508,15.290657998
5568000000.000000,1.000000000000e+00,1.000000000000e+00,-7.618186985771e-14,-2.868255725620,-2.867627722227,6.280033923898e-04,4.592976933,10.767487113,10.768406659,15.360464046,15.361383592
5569000000.000000,1.000000000000e+00,1.000000000000e+00,5.207368319388e-14,-2.935855287182,-2.935233060166,6.222270161804e-04,4.884621518,10.749847386,10.750766058,15.634468904,15.635387576
5570000000.000000,1.000000000000e+00,1.000000000000e+00,-3.471578879592e-14,-3.003342291919,-3.002725832905,6.164590139397e-04,4.277409881,10.731673640,10.732590531,15.009083521,15.010000412
5571000000.000000,1.000000000000e+00,1.000000000000e+00,1.465777749161e-13,-3.070713475457,-3.070102770427,6.107050296538e-04,4.239945113,10.712994936,10.713909158,14.952940049,14.953854271
5572000000.000000,1.000000000000e+00,1.000000000000e+00,4.243040852834e-14,-3.137965756676,-3.137360786109,6.049705672737e-04,4.776634331,10.693840507,10.694751195,15.470474838,15.471385526
5573000000.000000,1.000000000000e+00,1.000000000000e+00,3.085847892971e-14,-3.205096238553,-3.204496977571,5.992609817298e-04,4.771442001,10.674239680,10.675145996,15.445681681,15.446587997
5574000000.000000,1.000000000000e+00,1.000000000000e+00,-6.557426772562e-14,-3.272102208524,-3.271508627053,5.935814708007e-04,4.526843545,10.654221808,10.655122937,15.181065353,15.181966482
5575000000.000000,1.000000000000e+00,1.000000000000e+00,7.521754239116e-14,-3.338981138403,-3.338393201335,5.879370679946e-04,4.234516018,10.633816194,10.634711347,14.868332212,14.869227365
5576000000.000000,1.000000000000e+00,1.000000000000e+00,6.171695785941e-14,-3.405730683856,-3.405148351220,5.823326362213e-04,4.700908794,10.613052023,10.613940442,15.313960817,15.314849236
5577000000.000000,1.000000000000e+00,1.000000000000e+00,3.857309866213e-14,-3.472348683468,-3.471771910605,5.767728624533e-04,4.534497410,10.591958301,10.592839255,15.126455711,15.127336665
5578000000.000000,1.000000000000e+00,1.000000000000e+00,9.257543678912e-14,-3.538833157404,-3.538261895151,5.712622532124e-04,4.419619197,10.570563795,10.571436579,14.990182992,14.991055776
5579000000.000000,1.000000000000e+00,1.000000000000e+00,-4.339473599490e-14,-3.605182305718,-3.604616500587,5.658051309214e-04,5.027305196,10.548896969,10.549760912,15.576202165,15.577066108
5580000000.000000,1.000000000000e+00,1.000000000000e+00,1.157192959864e-13,-3.671394506295,-3.670834100664,5.604056310684e-04,4.614300204,10.526985939,10.527840397,15.141286143,15.142140601
5581000000.000000,1.000000000000e+00,1.000000000000e+00,1.330771903844e-13,-3.737468312484,-3.736913244784,5.550677001884e-04,4.601395111,10.504858418,10.505702778,15.106253529,15.107097889
5582000000.000000,1.000000000000e+00,1.000000000000e+00,2.892982399660e-14,-3.803402450427,-3.802852655332,5.497950945759e-04,4.847338244,10.482541671,10.483375350,15.329879915,15.330713594
5583000000.000000,1.000000000000e+00,1.000000000000e+00,1.041473663878e-13,-3.869195816106,-3.868651224726,5.445913797657e-04,4.421983696,10.460062476,10.460884922,14.882046172,14.882868618
5584000000.000000,1.000000000000e+00,1.000000000000e+00,1.928654933107e-14,-3.934847472150,-3.934308012220,5.394599306281e-04,4.872988955,10.437447082,10.438257773,15.310436037,15.311246728
5585000000.000000,1.000000000000e+00,1.000000000000e+00,-5.014502826077e-14,-4.000356644407,-3.999822240474,5.344039321735e-04,4.914611105,10.414721177,10.415519622,15.329332282,15.330130727
5586000000.000000,1.000000000000e+00,1.000000000000e+00,-3.568011626247e-14,-4.065722718310,-4.065193291929,5.294263809397e-04,4.386241615,10.391909858,10.392695594,14.778151473,14.778937209
5587000000.000000,1.000000000000e+00,1.000000000000e+00,1.928654933107e-14,-4.130945235075,-4.130420704988,5.245300868832e-04,4.851016716,10.369037601,10.369810195,15.220054317,15.220826911
5588000000.000000,1.000000000000e+00,1.000000000000e+00,6.943157759184e-14,-4.196023887722,-4.195504170046,5.197176758651e-04,4.816280290,10.346128241,10.346887291,15.162408531,15.163167581
5589000000.000000,1.000000000000e+00,1.000000000000e+00,3.471578879592e-14,-4.260958516978,-4.260443525386,5.149915925724e-04,4.759739670,10.323204950,10.323950079,15.082944620,15.083689749
5590000000.000000,1.000000000000e+00,1.000000000000e+00,-8.968245438946e-14,-4.325749107052,-4.325238752948,5.103541038443e-04,4.801771737,10.300290220,10.301021083,15.102061957,15.102792820
5591000000.000000,1.000000000000e+00,1.000000000000e+00,-5.882397545975e-14,-4.390395781319,-4.389889974017,5.058073024067e-04,4.820610373,10.277405851,10.278122128,15.098016224,15.098732501
5592000000.000000,1.000000000000e+00,1.000000000000e+00,3.664444372902e-14,-4.454898797934,-4.454397444823,5.013531109395e-04,4.954171862,10.254572940,10.255274337,15.208744802,15.209446199
5593000000.000000,1.000000000000e+00,1.000000000000e+00,-3.085847892971e-14,-4.519258545377,-4.518761552090,4.969932864691e-04,4.824767791,10.231811872,10.232498123,15.056579663,15.057265914
5594000000.000000,1.000000000000e+00,1.000000000000e+00,-4.821637332766e-15,-4.583475537972,-4.582982808547,4.927294249768e-04,4.971632151,10.209142316,10.209813179,15.180774467,15.181445330
5595000000.000000,1.000000000000e+00,1.000000000000e+00,-2.989415146315e-14,-4.647550411372,-4.647061848406,4.885629662681e-04,4.895171205,10.186583223,10.187238482,15.081754428,15.082409687
5596000000.000000,1.000000000000e+00,1.000000000000e+00,1.639356693141e-13,-4.711483918043,-4.710999422844,4.844951990073e-04,4.558686814,10.164152825,10.164792286,14.722839639,14.723479100
5597000000.000000,1.000000000000e+00,1.000000000000e+00,6.943157759184e-14,-4.775276922751,-4.774796395485,4.805272659363e-04,5.256939844,10.141868638,10.142492130,15.398808482,15.399431974
5598000000.000000,1.000000000000e+00,1.000000000000e+00,1.542923946485e-14,-4.838930398070,-4.838453737901,4.766601691335e-04,5.249931413,10.119747466,10.120354840,15.369678879,15.370286253
5599000000.000000,1.000000000000e+00,1.000000000000e+00,-9.643274665533e-16,-4.902445419928,-4.901972525152,4.728947754931e-04,4.950806466,10.097805405,10.098396534,15.048611871,15.049203000
5600000000.000000,1.000000000000e+00,1.000000000000e+00,-9.546841918878e-14,-4.965823163184,-4.965353931361,4.692318221355e-04,5.013799604,10.076057856,10.076632632,15.089857460,15.090432236
5601000000.000000,1.000000000000e+00,1.000000000000e+00,1.137906410533e-13,-5.029064897275,-5.028599225353,4.656719219014e-04,4.378788147,10.054519527,10.055077863,14.433307674,14.433866010
5602000000.000000,1.000000000000e+00,1.000000000000e+00,8.293216212358e-14,-5.092171981914,-5.091709766345,4.622155688807e-04,4.907675606,10.033204452,10.033746277,14.940880058,14.941421883
5603000000.000000,1.000000000000e+00,1.000000000000e+00,7.136023252494e-14,-5.155145862870,-5.154686999726,4.588631438773e-04,5.524341814,10.012125996,10.012651259,15.536467810,15.536993073
5604000000.000000,1.000000000000e+00,1.000000000000e+00,-4.628771839456e-14,-5.217988067816,-5.217532452896,4.556149198800e-04,5.107896934,9.991296872,9.991805537,15.099193806,15.099702471
5605000000.000000,1.000000000000e+00,1.000000000000e+00,-6.846725012528e-14,-5.280700202277,-5.280247731210,4.524710674207e-04,5.011326279,9.970729154,9.971221202,14.982055433,14.982547481
5606000000.000000,1.000000000000e+00,1.000000000000e+00,1.446491199830e-13,-5.343283945660,-5.342834514000,4.494316599395e-04,5.306094577,9.950434294,9.950909720,15.256528871,15.257004297
5607000000.000000,1.000000000000e+00,1.000000000000e+00,5.400233812698e-14,-5.405741047386,-5.405294550707,4.464966789843e-04,5.145686151,9.930423134,9.930881949,15.076109285,15.076568100
5608000000.000000,1.000000000000e+00,1.000000000000e+00,3.471578879592e-14,-5.468073323120,-5.467629657101,4.436660193630e-04,4.736546544,9.910705927,9.911148154,14.647252471,14.647694698
5609000000.000000,1.000000000000e+00,1.000000000000e+00,-1.861152010448e-13,-5.530282651112,-5.529841711618,4.409394941352e-04,5.054294852,9.891292350,9.891718024,14.945587202,14.946012876
5610000000.000000,1.000000000000e+00,1.000000000000e+00,-6.364561279252e-14,-5.592370968641,-5.591932651801,4.383168395412e-04,5.375599702,9.872191523,9.872600693,15.247791225,15.248200395
5611000000.000000,1.000000000000e+00,1.000000000000e+00,3.278713386281e-14,-5.654340268568,-5.653904470848,4.357977197058e-04,5.197668503,9.853412029,9.853804752,15.051080532,15.051473255
5612000000.000000,1.000000000000e+00,1.000000000000e+00,-2.796549653005e-14,-5.716192596010,-5.715759214278,4.333817313134e-04,4.990123422,9.834961927,9.835338273,14.825085349,14.825461695
5613000000.000000,1.000000000000e+00,1.000000000000e+00,5.785964799320e-14,-5.777930045115,-5.777498976707,4.310684080151e-04,5.376517073,9.816848773,9.817208822,15.193365846,15.193725895
5614000000.000000,1.000000000000e+00,1.000000000000e+00,7.907485225737e-14,-5.839554755961,-5.839125898736,4.288572247964e-04,5.443165105,9.799079641,9.799423480,15.242244746,15.242588585
5615000000.000000,1.000000000000e+00,1.000000000000e+00,3.085847892971e-14,-5.901068911564,-5.900642163962,4.267476020914e-04,5.255227395,9.781661134,9.781988860,15.036888529,15.037216255
5616000000.000000,1.000000000000e+00,1.000000000000e+00,2.700116906349e-14,-5.962474735000,-5.962049996090,4.247389097944e-04,5.053509208,9.764599409,9.764911125,14.818108617,14.818420333
5617000000.000000,1.000000000000e+00,1.000000000000e+00,2.700116906349e-14,-6.023774486642,-6.023351656171,4.228304711065e-04,5.137149440,9.747900191,9.748196008,14.885049631,14.885345448
5618000000.000000,1.000000000000e+00,1.000000000000e+00,1.022187114546e-13,-6.084970461508,-6.084549439942,4.210215661580e-04,5.697301362,9.731568790,9.731848826,15.428870152,15.429150188
5619000000.000000,1.000000000000e+00,1.000000000000e+00,7.328888745805e-14,-6.146064986721,-6.145645675285,4.193114355706e-04,5.548285388,9.715610124,9.715874503,15.263895512,15.264159891
5620000000.000000,1.000000000000e+00,1.000000000000e+00,-8.196783465703e-14,-6.207060419075,-6.206642719792,4.176992837417e-04,5.172939104,9.700028730,9.700277581,14.872967834,14.873216685
5621000000.000000,1.000000000000e+00,1.000000000000e+00,2.892982399660e-14,-6.267959142715,-6.267542958433,4.161842820460e-04,5.441855516,9.684828784,9.685062242,15.126684300,15.126917758
5622000000.000000,1.000000000000e+00,1.000000000000e+00,-7.328888745805e-14,-6.328763566914,-6.328348801343,4.147655718594e-04,5.508067030,9.670014118,9.670232320,15.178081148,15.178299350
5623000000.000000,1.000000000000e+00,1.000000000000e+00,0.000000000000e+00,-6.389476123963,-6.389062681696,4.134422673658e-04,5.076564009,9.655588233,9.655791324,14.732152242,14.732355333
5624000000.000000,1.000000000000e+00,1.000000000000e+00,-9.932572905499e-14,-6.450099267150,-6.449687053692,4.122134583096e-04,5.355242932,9.641554320,9.641742446,14.996797252,14.996985378
5625000000.000000,1.000000000000e+00,1.000000000000e+00,-6.653859519218e-14,-6.510635468848,-6.510224390636,4.110782124771e-04,5.542668639,9.627915271,9.628088582,15.170583910,15.170757221
5626000000.000000,1.000000000000e+00,1.000000000000e+00,-3.857309866213e-14,-6.571087218695,-6.570677183116,4.100355781205e-04,5.243178139,9.614673697,9.614832344,14.857851836,14.858010483
5627000000.000000,1.000000000000e+00,1.000000000000e+00,-7.907485225737e-14,-6.631457021858,-6.631047937272,4.090845861793e-04,5.310068474,9.601831938,9.601976079,14.911900412,14.912044553
5628000000.000000,1.000000000000e+00,1.000000000000e+00,-1.350058453175e-14,-6.691747397403,-6.691339173151,4.082242523644e-04,5.532395659,9.589392083,9.589521874,15.121787742,15.121917533
5629000000.000000,1.000000000000e+00,1.000000000000e+00,2.507251413039e-14,-6.751960876739,-6.751553423159,4.074535791307e-04,5.539184127,9.577355979,9.577471581,15.116540106,15.116655708
5630000000.000000,1.000000000000e+00,1.000000000000e+00,8.293216212358e-14,-6.812100002146,-6.811693230588,4.067715574481e-04,5.401767480,9.565725247,9.565826821,14.967492727,14.967594301
5631000000.000000,1.000000000000e+00,1.000000000000e+00,1.330771903844e-13,-6.872167325392,-6.871761148224,4.061771685180e-04,5.637668558,9.554501292,9.554589000,15.192169850,15.192257558
5632000000.000000,1.000000000000e+00,1.000000000000e+00,-6.943157759184e-14,-6.932165406421,-6.931759737036,4.056693852954e-04,5.826450886,9.543685317,9.543759324,15.370136203,15.370210210
5633000000.000000,1.000000000000e+00,1.000000000000e+00,3.857309866213e-14,-6.992096812115,-6.991691564941,4.052471739122e-04,5.531495466,9.533278333,9.533338803,15.064773799,15.064834269
5634000000.000000,1.000000000000e+00,1.000000000000e+00,8.678947198980e-14,-7.051964115127,-7.051559205632,4.049094949785e-04,5.384205551,9.523281172,9.523328272,14.907486723,14.907533823
5635000000.000000,1.000000000000e+00,1.000000000000e+00,-2.892982399660e-14,-7.111769892790,-7.111365237485,4.046553047603e-04,5.520553517,9.513694496,9.513728391,15.034248013,15.034281908
5636000000.000000,1.000000000000e+00,1.000000000000e+00,-3.664444372902e-14,-7.171516726077,-7.171112242520,4.044835562400e-04,5.739478015,9.504518807,9.504539665,15.243996822,15.244017680
5637000000.000000,1.000000000000e+00,1.000000000000e+00,-8.486081705669e-14,-7.231207198633,-7.230802805433,4.043932000934e-04,5.759001638,9.495754459,9.495762446,15.254756097,15.254764084
5638000000.000000,1.000000000000e+00,1.000000000000e+00,-9.643274665533e-15,-7.290843895865,-7.290439512680,4.043831854990e-04,5.268973367,9.487401662,9.487396946,14.756375029,14.756370313
5639000000.000000,1.000000000000e+00,1.000000000000e+00,7.328888745805e-14,-7.350429404082,-7.350024951621,4.044524609350e-04,5.370737445,9.479460497,9.479443245,14.850197942,14.850180690
5640000000.000000,1.000000000000e+00,1.000000000000e+00,-6.171695785941e-14,-7.409966309691,-7.409561709717,4.045999747788e-04,5.808727582,9.471930919,9.471901299,15.280658501,15.280628881
5641000000.000000,1.000000000000e+00,1.000000000000e+00,1.060760213209e-13,-7.469457198445,-7.469052373769,4.048246759201e-04,5.630313581,9.464812768,9.464770947,15.095126349,15.095084528
5642000000.000000,1.000000000000e+00,1.000000000000e+00,-8.293216212358e-14,-7.528904654730,-7.528499529215,4.051255141597e-04,5.653526406,9.458105774,9.458051918,15.111632180,15.111578324
5643000000.000000,1.000000000000e+00,1.000000000000e+00,-7.714619732426e-15,-7.588311260905,-7.587905759464,4.055014406363e-04,5.560270965,9.451809563,9.451743841,15.012080528,15.012014806
5644000000.000000,1.000000000000e+00,1.000000000000e+00,1.735789439796e-14,-7.647679596678,-7.647273645270,4.059514081032e-04,5.605551079,9.445923668,9.445846245,15.051474747,15.051397324
5645000000.000000,1.000000000000e+00,1.000000000000e+00,-8.100350719048e-14,-7.707012238517,-7.706605764145,4.064743711316e-04,5.823648869,9.440447530,9.440358572,15.264096399,15.264007441
5646000000.000000,1.000000000000e+00,1.000000000000e+00,-6.750292265873e-15,-7.766311759102,-7.765904689815,4.070692862701e-04,5.679583010,9.435380503,9.435280177,15.114963513,15.114863187
5647000000.000000,1.000000000000e+00,1.000000000000e+00,2.700116906349e-14,-7.825580726807,-7.825172991695,4.077351120708e-04,5.739337615,9.430721865,9.430610335,15.170059480,15.169947950
5648000000.000000,1.000000000000e+00,1.000000000000e+00,-1.031830389212e-13,-7.884821705213,-7.884413234404,4.084708090968e-04,5.640272351,9.426470814,9.426348247,15.066743165,15.066620598
5649000000.000000,1.000000000000e+00,1.000000000000e+00,-6.750292265873e-14,-7.944037252644,-7.943627977304,4.092753398695e-04,5.362777199,9.422626481,9.422493041,14.785403680,14.785270240
5650000000.000000,1.000000000000e+00,1.000000000000e+00,7.714619732426e-14,-8.003229921735,-8.002819774066,4.101476686564e-04,5.817358946,9.419187926,9.419043778,15.236546872,15.236402724
5651000000.000000,1.000000000000e+00,1.000000000000e+00,9.643274665533e-14,-8.062402259013,-8.061991172252,4.110867613374e-04,5.650653895,9.416154147,9.415999455,15.066808042,15.066653350
5652000000.000000,1.000000000000e+00,1.000000000000e+00,-8.968245438946e-14,-8.121556804511,-8.121144712926,4.120915850834e-04,5.481195374,9.413524079,9.413359008,14.894719453,14.894554382
5653000000.000000,1.000000000000e+00,1.000000000000e+00,1.735789439796e-14,-8.180696091381,-8.180282930273,4.131611080407e-04,5.690315839,9.411296599,9.411121313,15.101612438,15.101437152
5654000000.000000,1.000000000000e+00,1.000000000000e+00,5.400233812698e-14,-8.239822645541,-8.239408351242,4.142942989702e-04,5.604189415,9.409470528,9.409285190,15.013659943,15.013474605
5655000000.000000,1.000000000000e+00,1.000000000000e+00,2.314385919728e-14,-8.298938985320,-8.298523495193,4.154901267714e-04,5.926931099,9.408044630,9.407849406,15.334975729,15.334780505
5656000000.000000,1.000000000000e+00,1.000000000000e+00,-5.400233812698e-14,-8.358047621121,-8.357630873561,4.167475600187e-04,5.890508681,9.407017619,9.406812672,15.297526300,15.297321353
5657000000.000000,1.000000000000e+00,1.000000000000e+00,-1.928654933107e-15,-8.417151055094,-8.416732989527,4.180655664197e-04,5.454347094,9.406388154,9.406173648,14.860735248,14.860520742
5658000000.000000,1.000000000000e+00,1.000000000000e+00,1.118619861202e-13,-8.476251780801,-8.475832337689,4.194431122180e-04,5.541987661,9.406154843,9.405930944,14.948142504,14.947918605
5659000000.000000,1.000000000000e+00,1.000000000000e+00,7.136023252494e-14,-8.535352282907,-8.534931403745,4.208791615579e-04,5.858861489,9.406316245,9.406083118,15.265177734,15.264944607
5660000000.000000,1.000000000000e+00,1.000000000000e+00,-2.700116906349e-14,-8.594455036849,-8.594032664173,4.223726758248e-04,5.935966544,9.406870866,9.406628675,15.342837410,15.342595219
5661000000.000000,1.000000000000e+00,1.000000000000e+00,-6.846725012528e-14,-8.653562508526,-8.653138585913,4.239226128941e-04,5.735265122,9.407817161,9.407566074,15.143082283,15.142831196
5662000000.000000,1.000000000000e+00,1.000000000000e+00,1.928654933107e-14,-8.712677153968,-8.712251626041,4.255279264047e-04,5.623373064,9.409153535,9.408893718,15.032526599,15.032266782
5663000000.000000,1.000000000000e+00,1.000000000000e+00,-1.330771903844e-13,-8.771801419013,-8.771374231448,4.271875649255e-04,5.841124586,9.410878338,9.410609960,15.252002924,15.251734546
5664000000.000000,1.000000000000e+00,1.000000000000e+00,2.892982399660e-14,-8.830937738974,-8.830508838503,4.289004711389e-04,5.634485355,9.412989869,9.412713097,15.047475224,15.047198452
5665000000.000000,1.000000000000e+00,1.000000000000e+00,-8.196783465703e-14,-8.890088538292,-8.889657872712,4.306655809678e-04,5.689539255,9.415486368,9.415201373,15.105025623,15.104740628
5666000000.000000,1.000000000000e+00,1.000000000000e+00,4.628771839456e-14,-8.949256230190,-8.948823748367,4.324818226351e-04,5.519201570,9.418366022,9.418072975,14.937567592,14.937274545
5667000000.000000,1.000000000000e+00,1.000000000000e+00,7.136023252494e-14,-9.008443216301,-9.008008868185,4.343481157605e-04,5.554989439,9.421626955,9.421326029,14.976616394,14.976315468
5668000000.000000,1.000000000000e+00,1.000000000000e+00,7.136023252494e-14,-9.067651886292,-9.067215622922,4.362633703590e-04,5.955940251,9.425267232,9.424958601,15.381207483,15.380898852
5669000000.000000,1.000000000000e+00,1.000000000000e+00,4.243040852834e-14,-9.126884617472,-9.126446390986,4.382264858602e-04,5.739653208,9.429284852,9.428968692,15.168938060,15.168621900
5670000000.000000,1.000000000000e+00,1.000000000000e+00,2.121520426417e-14,-9.186143774371,-9.185703538021,4.402363500535e-04,5.889846598,9.433677748,9.433354238,15.323524346,15.323200836
5671000000.000000,1.000000000000e+00,1.000000000000e+00,8.486081705669e-14,-9.245431708316,-9.244989416478,4.422918380413e-04,5.628303210,9.438443783,9.438113102,15.066746993,15.066416312
5672000000.000000,1.000000000000e+00,1.000000000000e+00,7.714619732426e-14,-9.304750756968,-9.304306365157,4.443918111523e-04,5.520802093,9.443580742,9.443243073,14.964382835,14.964045166
5673000000.000000,1.000000000000e+00,1.000000000000e+00,-9.353976425567e-14,-9.364103243852,-9.363656708736,4.465351158345e-04,5.604398477,9.449086338,9.448741865,15.053484815,15.053140342
5674000000.000000,1.000000000000e+00,1.000000000000e+00,-1.253625706519e-14,-9.423491477853,-9.423042757270,4.487205825328e-04,5.415161005,9.454958196,9.454607107,14.870119201,14.869768112
5675000000.000000,1.000000000000e+00,1.000000000000e+00,1.350058453175e-14,-9.482917752683,-9.482466805658,4.509470245289e-04,6.139419855,9.461193858,9.460836344,15.600613713,15.600256199
5676000000.000000,1.000000000000e+00,1.000000000000e+00,2.700116906349e-14,-9.542384346330,-9.541931133094,4.532132367796e-04,5.872427961,9.467790776,9.467427030,15.340218737,15.339854991
5677000000.000000,1.000000000000e+00,1.000000000000e+00,-1.253625706519e-14,-9.601893520471,-9.601438002476,4.555179947268e-04,5.199608382,9.474746303,9.474376521,14.674354685,14.673984903
5678000000.000000,1.000000000000e+00,1.000000000000e+00,-9.353976425567e-14,-9.661447519850,-9.660989659796,4.578600531211e-04,5.478352985,9.482057693,9.481682076,14.960410678,14.960035061
5679000000.000000,1.000000000000e+00,1.000000000000e+00,1.099333311871e-13,-9.721048571630,-9.720588333485,4.602381447860e-04,5.670145192,9.489722094,9.489340844,15.159867286,15.159486036
5680000000.000000,1.000000000000e+00,1.000000000000e+00,6.364561279252e-14,-9.780698884711,-9.780236233732,4.626509794132e-04,5.813054238,9.497736541,9.497349867,15.310790779,15.310404105
5681000000.000000,1.000000000000e+00,1.000000000000e+00,-4.821637332766e-14,-9.840400649006,-9.839935551763,4.650972423619e-04,5.927283498,9.506097953,9.505706064,15.433381451,15.432989562
5682000000.000000,1.000000000000e+00,1.000000000000e+00,-8.775379945635e-14,-9.900156034682,-9.899688459088,4.675755933672e-04,5.578282149,9.514803123,9.514406236,15.093085272,15.092688385
5683000000.000000,1.000000000000e+00,1.000000000000e+00,-6.943157759184e-14,-9.959967191367,-9.959497106702,4.700846653733e-04,5.092281488,9.523848715,9.523447051,14.616130203,14.615728539
5684000000.000000,1.000000000000e+00,1.000000000000e+00,-8.003917972392e-14,-10.019836247315,-10.019363624251,4.726230632759e-04,5.660805625,9.533231259,9.532825040,15.194036884,15.193630665
5685000000.000000,1.000000000000e+00,1.000000000000e+00,4.628771839456e-14,-10.079765308523,-10.079290119160,4.751893626924e-04,6.009298278,9.542947139,9.542536595,15.552245417,15.551834873
5686000000.000000,1.000000000000e+00,1.000000000000e+00,-4.821637332766e-14,-10.139756457817,-10.139278675708,4.777821087494e-04,5.242879361,9.552992590,9.552577956,14.795871951,14.795457317
5687000000.000000,1.000000000000e+00,1.000000000000e+00,8.678947198980e-14,-10.199811753888,-10.199331354073,4.803998148919e-04,4.871452933,9.563363691,9.562945205,14.434816624,14.434398138
5688000000.000000,1.000000000000e+00,1.000000000000e+00,7.714619732426e-15,-10.259933230284,-10.259450189323,4.830409616758e-04,5.702705611,9.574056357,9.573634264,15.276761968,15.276339875
5689000000.000000,1.000000000000e+00,1.000000000000e+00,1.928654933107e-15,-10.320122894358,-10.319637190362,4.857039955795e-04,6.114440493,9.585066331,9.584640881,15.699506824,15.699081374
5690000000.000000,1.000000000000e+00,1.000000000000e+00,1.157192959864e-14,-10.380382726169,-10.379894338841,4.883873279056e-04,5.599712612,9.596389179,9.595960627,15.196101791,15.195673239
5691000000.000000,1.000000000000e+00,1.000000000000e+00,5.207368319388e-14,-10.440714677338,-10.440223588004,4.910893335985e-04,5.441299257,9.608020278,9.607588887,15.049319535,15.048888144
5692000000.000000,1.000000000000e+00,1.000000000000e+00,3.857309866213e-15,-10.501120669852,-10.500626861502,4.938083501997e-04,5.730011868,9.619954814,9.619520851,15.349966682,15.349532719
5693000000.000000,1.000000000000e+00,1.000000000000e+00,-8.968245438946e-14,-10.561602594827,-10.561106052150,4.965426767853e-04,5.392379947,9.632187771,9.631751510,15.024567718,15.024131457
5694000000.000000,1.000000000000e+00,1.000000000000e+00,-5.882397545975e-14,-10.622162311214,-10.621663020641,4.992905729146e-04,5.241132247,9.644713924,9.644275644,14.885846171,14.885407891
5695000000.000000,1.000000000000e+00,1.000000000000e+00,1.157192959864e-14,-10.682801644460,-10.682299594203,5.020502577224e-04,5.352802031,9.657527829,9.657087818,15.010329860,15.009889849
5696000000.000000,1.000000000000e+00,1.000000000000e+00,-3.857309866213e-14,-10.743522385126,-10.743017565217,5.048199089774e-04,5.420986220,9.670623819,9.670182371,15.091610039,15.091168591
5697000000.000000,1.000000000000e+00,1.000000000000e+00,7.136023252494e-14,-10.804326287441,-10.803818689779,5.075976622191e-04,5.731499095,9.683995995,9.683553409,15.415495090,15.415052504
5698000000.000000,1.000000000000e+00,1.000000000000e+00,2.507251413039e-14,-10.865215067824,-10.864704686214,5.103816099830e-04,5.088772094,9.697638216,9.697194799,14.786410310,14.785966893
5699000000.000000,1.000000000000e+00,1.000000000000e+00,4.628771839456e-14,-10.926190403344,-10.925677233543,5.131698010903e-04,5.359397758,9.711544094,9.711100160,15.070941852,15.070497918
5700000000.000000,1.000000000000e+00,1.000000000000e+00,-2.700116906349e-14,-10.987253930142,-10.986737969902,5.159602399782e-04,5.855537935,9.725706984,9.725262856,15.581244919,15.580800791
5701000000.000000,1.000000000000e+00,1.000000000000e+00,-3.857309866213e-15,-11.048407241794,-11.047888490908,5.187508861670e-04,5.095097130,9.740119980,9.739675985,14.835217110,14.834773115
5702000000.000000,1.000000000000e+00,1.000000000000e+00,1.928654933107e-14,-11.109651887643,-11.109130347989,5.215396537697e-04,5.120983072,9.754775904,9.754332377,14.875758976,14.875315449
5703000000.000000,1.000000000000e+00,1.000000000000e+00,2.892982399660e-14,-11.170989371069,-11.170465046657,5.243244111526e-04,5.411017147,9.769667301,9.769224585,15.180684448,15.180241732
5704000000.000000,1.000000000000e+00,1.000000000000e+00,-5.882397545975e-14,-11.232421147726,-11.231894044745,5.271029806515e-04,5.306661475,9.784786430,9.784344877,15.091447905,15.091006352
5705000000.000000,1.000000000000e+00,1.000000000000e+00,-5.689532052664e-14,-11.293948623733,-11.293418750595,5.298731384009e-04,5.343356386,9.800125261,9.799685227,15.143481647,15.143041613
5706000000.000000,1.000000000000e+00,1.000000000000e+00,-8.582514452324e-14,-11.355573153825,-11.355040521211,5.326326143535e-04,5.192107578,9.815675465,9.815237315,15.007783043,15.007344893
5707000000.000000,1.000000000000e+00,1.000000000000e+00,-5.689532052664e-14,-11.417296039461,-11.416760660369,5.353790923248e-04,5.296810460,9.831428411,9.830992518,15.128238871,15.127802978
5708000000.000000,1.000000000000e+00,1.000000000000e+00,5.400233812698e-14,-11.479118526903,-11.478580416693,5.381102102682e-04,5.130347794,9.847375156,9.846941899,14.977722950,14.977289693
5709000000.000000,1.000000000000e+00,1.000000000000e+00,-9.643274665533e-16,-11.541041805255,-11.540500981694,5.408235606161e-04,5.346215549,9.863506447,9.863076213,15.209721996,15.209291762
5710000000.000000,1.000000000000e+00,1.000000000000e+00,-8.003917972392e-14,-11.603067004473,-11.602523487782,5.435166908399e-04,5.497571187,9.879812708,9.879385891,15.377383895,15.376957078
5711000000.000000,1.000000000000e+00,1.000000000000e+00,1.350058453175e-14,-11.665195193349,-11.664649006245,5.461871041064e-04,5.038628477,9.896284044,9.895861044,14.934912521,14.934489521
5712000000.000000,1.000000000000e+00,1.000000000000e+00,-6.750292265873e-15,-11.727427377470,-11.726878545210,5.488322601561e-04,5.201235209,9.912910229,9.912491455,15.114145438,15.113726664
5713000000.000000,1.000000000000e+00,1.000000000000e+00,-3.182280639626e-14,-11.789764497154,-11.789213047577,5.514495763332e-04,4.960341793,9.929680712,9.929266577,14.890022505,14.889608370
5714000000.000000,1.000000000000e+00,1.000000000000e+00,3.857309866213e-14,-11.852207425373,-11.851653388944,5.540364287668e-04,5.116249945,9.946584606,9.946175532,15.062834551,15.062425477
5715000000.000000,1.000000000000e+00,1.000000000000e+00,-2.507251413039e-14,-11.914756965665,-11.914200375512,5.565901538134e-04,5.317254515,9.963610696,9.963207109,15.280865211,15.280461624
5716000000.000000,1.000000000000e+00,1.000000000000e+00,1.446491199830e-13,-11.977413850035,-11.976854741985,5.591080496323e-04,5.206763683,9.980747428,9.980349762,15.187511111,15.187113445
5717000000.000000,1.000000000000e+00,1.000000000000e+00,4.050175359524e-14,-12.040178736856,-12.039617149478,5.615873779767e-04,5.137607399,9.997982918,9.997591610,15.135590317,15.135199009
5718000000.000000,1.000000000000e+00,1.000000000000e+00,-8.293216212358e-14,-12.103052208776,-12.102488183410,5.640253662325e-04,5.090717009,10.015304947,10.014920442,15.106021956,15.105637451
5719000000.000000,1.000000000000e+00,1.000000000000e+00,-2.410818666383e-14,-12.166034770632,-12.165468351422,5.664192096120e-04,4.993823978,10.032700966,10.032323713,15.026524944,15.026147691
5720000000.000000,1.000000000000e+00,1.000000000000e+00,-5.785964799320e-15,-12.229126847380,-12.228558081307,5.687660736236e-04,4.921963373,10.050158100,10.049788551,14.972121473,14.971751924
5721000000.000000,1.000000000000e+00,1.000000000000e+00,8.486081705669e-14,-12.292328782048,-12.291757718951,5.710630967126e-04,5.158964316,10.067663148,10.067301761,15.226627464,15.226266077
5722000000.000000,1.000000000000e+00,1.000000000000e+00,4.628771839456e-14,-12.355640833714,-12.355067526321,5.733073931911e-04,5.488307151,10.085202591,10.084849827,15.573509742,15.573156978
5723000000.000000,1.000000000000e+00,1.000000000000e+00,-6.460994025907e-14,-12.419063175528,-12.418487679472,5.754960563280e-04,5.042167781,10.102762599,10.102418923,15.144930380,15.144586704
5724000000.000000,1.000000000000e+00,1.000000000000e+00,6.750292265873e-14,-12.482595892768,-12.482018266606,5.776261617374e-04,4.879796332,10.120329038,10.119994914,15.000125370,14.999791246
5725000000.000000,1.000000000000e+00,1.000000000000e+00,-1.031830389212e-13,-12.546238980953,-12.545659286182,5.796947709467e-04,4.885155621,10.137887474,10.137563373,15.023043095,15.022718994
5726000000.000000,1.000000000000e+00,1.000000000000e+00,-9.836140158844e-14,-12.609992344012,-12.609410645077,5.816989352549e-04,4.536143448,10.155423191,10.155109582,14.691566639,14.691253030
5727000000.000000,1.000000000000e+00,1.000000000000e+00,-3.182280639626e-14,-12.673855792522,-12.673272156822,5.836356997495e-04,4.927323532,10.172921198,10.172618551,15.100244730,15.099942083
5728000000.000000,1.000000000000e+00,1.000000000000e+00,1.022187114546e-13,-12.737829042018,-12.737243539911,5.855021076311e-04,5.090139741,10.190366240,10.190075026,15.280505981,15.280214767
5729000000.000000,1.000000000000e+00,1.000000000000e+00,6.364561279252e-14,-12.801911711394,-12.801324416189,5.872952046921e-04,5.164075631,10.207742816,10.207463504,15.371818447,15.371539135
5730000000.000000,1.000000000000e+00,1.000000000000e+00,-9.161110932256e-14,-12.866103321384,-12.865514309340,5.890120440988e-04,5.054665182,10.225035192,10.224768250,15.279700374,15.279433432
5731000000.000000,1.000000000000e+00,1.000000000000e+00,7.714619732426e-15,-12.930403293159,-12.929812643468,5.906496912846e-04,4.557687570,10.242227417,10.241973312,14.799914987,14.799660882
5732000000.000000,1.000000000000e+00,1.000000000000e+00,-1.118619861202e-13,-12.994810947024,-12.994218741795,5.922052291609e-04,4.850048759,10.259303345,10.259062538,15.109352104,15.109111297
5733000000.000000,1.000000000000e+00,1.000000000000e+00,5.400233812698e-14,-13.059325501237,-13.058731825474,5.936757634171e-04,5.006188236,10.276246651,10.276019600,15.282434887,15.282207836
5734000000.000000,1.000000000000e+00,1.000000000000e+00,-7.811052479082e-14,-13.123946070961,-13.123351012533,5.950584281109e-04,4.490753885,10.293040853,10.292828013,14.783794738,14.783581898
5735000000.000000,1.000000000000e+00,1.000000000000e+00,1.832222186451e-13,-13.188671667342,-13.188075316950,5.963503913300e-04,4.778986738,10.309669336,10.309471153,15.088656074,15.088457891
5736000000.000000,1.000000000000e+00,1.000000000000e+00,4.628771839456e-14,-13.253501196746,-13.252903647884,5.975488611281e-04,5.111380378,10.326115374,10.325932290,15.437495752,15.437312668
5737000000.000000,1.000000000000e+00,1.000000000000e+00,1.812935637120e-13,-13.318433460141,-13.317834809049,5.986510914582e-04,4.795710007,10.342362158,10.342194605,15.138072165,15.137904612
5738000000.000000,1.000000000000e+00,1.000000000000e+00,1.215052607857e-13,-13.383467152647,-13.382867498259,5.996543883811e-04,4.782793516,10.358392818,10.358241221,15.141186334,15.141034737
5739000000.000000,1.000000000000e+00,1.000000000000e+00,-7.136023252494e-14,-13.448600863257,-13.448000307141,6.005561162912e-04,4.911360820,10.374190455,10.374055228,15.285551275,15.285416048
5740000000.000000,1.000000000000e+00,1.000000000000e+00,-6.750292265873e-15,-13.513833074731,-13.513231721027,6.013537042300e-04,4.444377877,10.389738170,10.389619716,14.834116047,14.833997593
5741000000.000000,1.000000000000e+00,1.000000000000e+00,-9.643274665533e-16,-13.579162163688,-13.578560119036,6.020446523092e-04,4.611471338,10.405019091,10.404917802,15.016490429,15.016389140
5742000000.000000,1.000000000000e+00,1.000000000000e+00,3.857309866213e-14,-13.644586400881,-13.643983774343,6.026265381323e-04,5.095972220,10.420016408,10.419932663,15.515988628,15.515904883
5743000000.000000,1.000000000000e+00,1.000000000000e+00,-1.301842079847e-13,-13.710103951679,-13.709500854656,6.030970232604e-04,4.774503335,10.434713403,10.434647567,15.209216738,15.209150902
5744000000.000000,1.000000000000e+00,1.000000000000e+00,-1.205409333192e-13,-13.775712876753,-13.775109422894,6.034538596325e-04,4.711815624,10.449093483,10.449045906,15.160909107,15.160861530
5745000000.000000,1.000000000000e+00,1.000000000000e+00,8.293216212358e-14,-13.841411132976,-13.840807438080,6.036948959842e-04,4.669845195,10.463140219,10.463111235,15.132985414,15.132956430
5746000000.000000,1.000000000000e+00,1.000000000000e+00,6.171695785941e-14,-13.907196574533,-13.906592756449,6.038180841870e-04,4.378515551,10.476837372,10.476827299,14.855352923,14.855342850
5747000000.000000,1.000000000000e+00,1.000000000000e+00,-5.303801066043e-14,-13.973066954264,-13.972463132779,6.038214854609e-04,4.763171255,10.490168938,10.490178075,15.253340193,15.253349330
5748000000.000000,1.000000000000e+00,1.000000000000e+00,1.735789439796e-13,-14.039019925221,-14.038416221944,6.037032765214e-04,4.938216749,10.503119177,10.503147804,15.441335926,15.441364553
5749000000.000000,1.000000000000e+00,1.000000000000e+00,4.243040852834e-14,-14.105053042452,-14.104449580697,6.034617555084e-04,4.567478113,10.515672652,10.515721029,15.083150765,15.083199142
5750000000.000000,1.000000000000e+00,1.000000000000e+00,-1.832222186451e-14,-14.171163765023,-14.170560669675,6.030953477740e-04,4.353414239,10.527814264,10.527882632,14.881228503,14.881296871
5751000000.000000,1.000000000000e+00,1.000000000000e+00,-4.628771839456e-14,-14.237349458252,-14.236746855641,6.026026114245e-04,4.497436434,10.539529291,10.539617869,15.036965725,15.037054303
5752000000.000000,1.000000000000e+00,1.000000000000e+00,-8.196783465703e-14,-14.303607396193,-14.303005413950,6.019822426104e-04,4.965123257,10.550803421,10.550912405,15.515926678,15.516035662
5753000000.000000,1.000000000000e+00,1.000000000000e+00,1.697216341134e-13,-14.369934764326,-14.369333531245,6.012330805731e-04,4.603928407,10.561622792,10.561752355,15.165551199,15.165680762
5754000000.000000,1.000000000000e+00,1.000000000000e+00,-4.050175359524e-14,-14.436328662488,-14.435728308375,6.003541123398e-04,4.367487395,10.571974022,10.572124313,14.939461417,14.939611708
5755000000.000000,1.000000000000e+00,1.000000000000e+00,8.100350719048e-14,-14.502786108016,-14.502186763539,5.993444770969e-04,5.062914768,10.581844250,10.582015393,15.644759018,15.644930161
5756000000.000000,1.000000000000e+00,1.000000000000e+00,1.542923946485e-14,-14.569304039117,-14.568705835647,5.982034702114e-04,4.517559753,10.591221165,10.591413260,15.108780918,15.108973013
5757000000.000000,1.000000000000e+00,1.000000000000e+00,-1.832222186451e-14,-14.635879318438,-14.635282387891,5.969305468252e-04,4.312656740,10.600093044,10.600306164,14.912749784,14.912962904
5758000000.000000,1.000000000000e+00,1.000000000000e+00,5.207368319388e-14,-14.702508736851,-14.701913211526,5.955253250676e-04,4.777467731,10.608448779,10.608682972,15.385916510,15.386150703
5759000000.000000,1.000000000000e+00,1.000000000000e+00,-1.060760213209e-14,-14.769189017434,-14.768595029846,5.939875888270e-04,4.300748951,10.616277912,10.616533200,14.917026863,14.917282151
5760000000.000000,1.000000000000e+00,1.000000000000e+00,-3.182280639626e-14,-14.835916819643,-14.835324502353,5.923172899802e-04,4.627218268,10.623570665,10.623847041,15.250788933,15.251065309
5761000000.000000,1.000000000000e+00,1.000000000000e+00,5.785964799320e-14,-14.902688743657,-14.902098229107,5.905145502787e-04,4.880016491,10.630317962,10.630615393,15.510334453,15.510631884
5762000000.000000,1.000000000000e+00,1.000000000000e+00,5.978830292630e-14,-14.969501334904,-14.968912755241,5.885796626188e-04,4.313410115,10.636511462,10.636829888,14.949921577,14.950240003
5763000000.000000,1.000000000000e+00,1.000000000000e+00,2.314385919728e-14,-15.036351088735,-15.035764575643,5.865130918465e-04,4.782589551,10.642143579,10.642482913,15.424733130,15.425072464
5764000000.000000,1.000000000000e+00,1.000000000000e+00,-2.507251413039e-14,-15.103234455255,-15.102650139780,5.843154750469e-04,4.839604043,10.647207507,10.647567632,15.486811550,15.487171675
5765000000.000000,1.000000000000e+00,1.000000000000e+00,5.785964799320e-15,-15.170147844273,-15.169565856652,5.819876212669e-04,4.460997531,10.651697236,10.652078011,15.112694767,15.113075542
5766000000.000000,1.000000000000e+00,1.000000000000e+00,-2.603684159694e-14,-15.237087630390,-15.236508099879,5.795305107323e-04,4.324094797,10.655607574,10.656008830,14.979702371,14.980103627
5767000000.000000,1.000000000000e+00,1.000000000000e+00,7.714619732426e-14,-15.304050158171,-15.303473212877,5.769452935223e-04,4.657965775,10.658934162,10.659355702,15.316899937,15.317321477
5768000000.000000,1.000000000000e+00,1.000000000000e+00,-8.678947198980e-14,-15.371031747426,-15.370457514138,5.742332876739e-04,4.508604357,10.661673485,10.662115086,15.170277842,15.170719443
5769000000.000000,1.000000000000e+00,1.000000000000e+00,1.060760213209e-13,-15.438028698552,-15.437457302575,5.713959767846e-04,4.300613259,10.663822883,10.664284296,14.964436142,14.964897555
5770000000.000000,1.000000000000e+00,1.000000000000e+00,1.041473663878e-13,-15.505037297940,-15.504468862933,5.684350070716e-04,4.533555133,10.665380561,10.665861511,15.198935694,15.199416644
5771000000.000000,1.000000000000e+00,1.000000000000e+00,7.714619732426e-15,-15.572053823423,-15.571488471239,5.653521839140e-04,4.473716412,10.666345592,10.666845779,15.140062004,15.140562191
5772000000.000000,1.000000000000e+00,1.000000000000e+00,3.857309866213e-15,-15.639074549745,-15.638512400277,5.621494678891e-04,4.704301341,10.666717920,10.667237021,15.371019261,15.371538362
5773000000.000000,1.000000000000e+00,1.000000000000e+00,1.157192959864e-14,-15.706095754046,-15.705536925076,5.588289703251e-04,4.554095636,10.666498363,10.667036030,15.220593999,15.221131666
5774000000.000000,1.000000000000e+00,1.000000000000e+00,-3.278713386281e-14,-15.773113721333,-15.772558328385,5.553929483675e-04,4.293000662,10.665688606,10.666244468,14.958689268,14.959245130
5775000000.000000,1.000000000000e+00,1.000000000000e+00,7.714619732426e-14,-15.840124749928,-15.839572906128,5.518437996397e-04,4.470673991,10.664291198,10.664864864,15.134965189,15.135538855
5776000000.000000,1.000000000000e+00,1.000000000000e+00,-5.882397545975e-14,-15.907125156872,-15.906576972816,5.481840564112e-04,4.839539417,10.662309545,10.662900601,15.501848962,15.502440018
5777000000.000000,1.000000000000e+00,1.000000000000e+00,-1.041473663878e-13,-15.974111283281,-15.973566866901,5.444163794390e-04,4.536510290,10.659747898,10.660355910,15.196258188,15.196866200
5778000000.000000,1.000000000000e+00,1.000000000000e+00,-1.340415178509e-13,-16.041079499609,-16.040538956057,5.405435514021e-04,4.779745046,10.656611338,10.657235854,15.436356384,15.436980900
5779000000.000000,1.000000000000e+00,1.000000000000e+00,-1.022187114546e-13,-16.108026210843,-16.107489642373,5.365684700038e-04,4.496433732,10.652905766,10.653546317,15.149339498,15.149980049
5780000000.000000,1.000000000000e+00,1.000000000000e+00,-6.364561279252e-14,-16.174947861578,-16.174415367437,5.324941407885e-04,4.267918945,10.648637880,10.649293980,14.916556825,14.917212925
5781000000.000000,1.000000000000e+00,1.000000000000e+00,7.521754239116e-14,-16.241840940980,-16.241312617311,5.283236696663e-04,4.846236533,10.643815159,10.644486306,15.490051692,15.490722839
5782000000.000000,1.000000000000e+00,1.000000000000e+00,8.871812692290e-14,-16.308701987612,-16.308177927357,5.240602552092e-04,4.500104665,10.638445836,10.639131515,15.138550501,15.139236180
5783000000.000000,1.000000000000e+00,1.000000000000e+00,-5.303801066043e-14,-16.375527594119,-16.375007886938,5.197071807466e-04,4.435548431,10.632538880,10.633238561,15.068087311,15.068786992
5784000000.000000,1.000000000000e+00,1.000000000000e+00,-3.375146132937e-14,-16.442314411748,-16.441799143942,5.152678063283e-04,4.568336625,10.626103963,10.626817106,15.194440588,15.195153731
5785000000.000000,1.000000000000e+00,1.000000000000e+00,1.137906410533e-13,-16.509059154707,-16.508548409146,5.107455605042e-04,4.453285264,10.619151438,10.619877493,15.072436702,15.073162757
5786000000.000000,1.000000000000e+00,1.000000000000e+00,-2.796549653005e-14,-16.575758604334,-16.575252460402,5.061439320642e-04,4.659799219,10.611692307,10.612430714,15.271491526,15.272229933
5787000000.000000,1.000000000000e+00,1.000000000000e+00,2.121520426417e-14,-16.642409613085,-16.641908146623,5.014664617136e-04,4.580483908,10.603738189,10.604488382,15.184222097,15.184972290
5788000000.000000,1.000000000000e+00,1.000000000000e+00,7.714619732426e-14,-16.709009108319,-16.708512391585,4.967167337142e-04,4.892233517,10.595301291,10.596062695,15.487534808,15.488296212
5789000000.000000,1.000000000000e+00,1.000000000000e+00,1.022187114546e-13,-16.775554095876,-16.775062197508,4.918983675779e-04,4.743870308,10.586394371,10.587166409,15.330264679,15.331036717
5790000000.000000,1.000000000000e+00,1.000000000000e+00,-6.268128532596e-14,-16.842041663448,-16.841554648438,4.870150097709e-04,4.099294035,10.577030706,10.577812797,14.676324741,14.677106832
5791000000.000000,1.000000000000e+00,1.000000000000e+00,1.928654933107e-14,-16.908468983731,-16.907986913405,4.820703255533e-04,4.579337325,10.567224060,10.568015618,15.146561385,15.147352943
5792000000.000000,1.000000000000e+00,1.000000000000e+00,7.136023252494e-14,-16.974833317348,-16.974356249357,4.770679909001e-04,5.013531595,10.556988640,10.557789082,15.570520235,15.571320677
5793000000.000000,1.000000000000e+00,1.000000000000e+00,-4.339473599490e-14,-17.041132015558,-17.040660003873,4.720116846073e-04,4.593977497,10.546339070,10.547147809,15.140316567,15.141125306
5794000000.000000,1.000000000000e+00,1.000000000000e+00,3.664444372902e-14,-17.107362522729,-17.106895617648,4.669050805113e-04,4.623366734,10.535290347,10.536106799,15.158657081,15.159473533
5795000000.000000,1.000000000000e+00,1.000000000000e+00,2.507251413039e-14,-17.173522378585,-17.173060626745,4.617518399961e-04,4.712060002,10.523857807,10.524681392,15.235917809,15.236741394
5796000000.000000,1.000000000000e+00,1.000000000000e+00,-7.907485225737e-14,-17.239609220225,-17.239152664620,4.565556046678e-04,4.167881565,10.512057091,10.512887231,14.679938656,14.680768796
5797000000.000000,1.000000000000e+00,1.000000000000e+00,1.350058453175e-13,-17.305620783910,-17.305169463920,4.513199892884e-04,4.618043805,10.499904105,10.500740228,15.117947910,15.118784033
5798000000.000000,1.000000000000e+00,1.000000000000e+00,2.121520426417e-14,-17.371554906627,-17.371108858052,4.460485750251e-04,5.032067799,10.487414987,10.488256526,15.519482786,15.520324325
5799000000.000000,1.000000000000e+00,1.000000000000e+00,-6.268128532596e-14,-17.437409527427,-17.436968782524,4.407449029245e-04,4.689744540,10.474606070,10.475452464,15.164350610,15.165197004
5800000000.000000,1.000000000000e+00,1.000000000000e+00,-1.485064298492e-13,-17.503182688539,-17.502747276071,4.354124677128e-04,4.610874249,10.461493846,10.462344544,15.072368095,15.073218793
5801000000.000000,1.000000000000e+00,1.000000000000e+00,-1.060760213209e-14,-17.568872536271,-17.568442481559,4.300547119769e-04,4.588525476,10.448094934,10.448949393,15.036620410,15.037474869
5802000000.000000,1.000000000000e+00,1.000000000000e+00,4.628771839456e-14,-17.634477321697,-17.634052646677,4.246750205503e-04,4.716260080,10.434426048,10.435283734,15.150686128,15.151543814
5803000000.000000,1.000000000000e+00,1.000000000000e+00,-9.353976425567e-14,-17.699995401137,-17.699576124421,4.192767153519e-04,4.808786944,10.420503959,10.421364348,15.229290903,15.230151292
5804000000.000000,1.000000000000e+00,1.000000000000e+00,3.664444372902e-14,-17.765425236431,-17.765011373381,4.138630505039e-04,4.836840695,10.406345468,10.407208049,15.243186163,15.244048744
5805000000.000000,1.000000000000e+00,1.000000000000e+00,-8.293216212358e-14,-17.830765395031,-17.830356957824,4.084372078381e-04,4.799591192,10.391967376,10.392831648,15.191558568,15.192422840
5806000000.000000,1.000000000000e+00,1.000000000000e+00,9.643274665533e-15,-17.896014549893,-17.895611547601,4.030022927175e-04,4.613945894,10.377386452,10.378251927,14.991332346,14.992197821
5807000000.000000,1.000000000000e+00,1.000000000000e+00,-1.928654933107e-14,-17.961171479195,-17.960773917864,3.975613302423e-04,4.781441657,10.362619406,10.363485609,15.144061063,15.144927266
5808000000.000000,1.000000000000e+00,1.000000000000e+00,-9.450409172222e-14,-18.026235065881,-18.025842948619,3.921172617787e-04,5.004036564,10.347682863,10.348549333,15.351719427,15.352585897
5809000000.000000,1.000000000000e+00,1.000000000000e+00,1.060760213209e-13,-18.091204297048,-18.090817624106,3.866729418682e-04,4.549590950,10.332593337,10.333459628,14.882184287,14.883050578
5810000000.000000,1.000000000000e+00,1.000000000000e+00,1.041473663878e-13,-18.156078263166,-18.155697032030,3.812311354423e-04,4.640573073,10.317367209,10.318232887,14.957940282,14.958805960
5811000000.000000,1.000000000000e+00,1.000000000000e+00,-1.600783594478e-13,-18.220856157161,-18.220480362645,3.757945154383e-04,5.151368634,10.302020700,10.302885347,15.453389334,15.454253981
5812000000.000000,1.000000000000e+00,1.000000000000e+00,-3.664444372902e-14,-18.285537273357,-18.285166907696,3.703656606575e-04,4.938565965,10.286569853,10.287433067,15.225135818,15.225999032
5813000000.000000,1.000000000000e+00,1.000000000000e+00,1.735789439796e-14,-18.350121006288,-18.349756059234,3.649470540168e-04,4.775289893,10.271030515,10.271891907,15.046320408,15.047181800
5814000000.000000,1.000000000000e+00,1.000000000000e+00,-3.760877119558e-14,-18.414606849394,-18.414247308313,3.595410810924e-04,4.591396770,10.255418312,10.256277512,14.846815082,14.847674282
5815000000.000000,1.000000000000e+00,1.000000000000e+00,8.293216212358e-14,-18.478994393599,-18.478640243570,3.541500289437e-04,4.896906475,10.239748639,10.240605291,15.136655114,15.137511766
5816000000.000000,1.000000000000e+00,1.000000000000e+00,2.892982399660e-14,-18.543283325795,-18.542934549709,3.487760852643e-04,5.149304772,10.224036643,10.224890405,15.373341415,15.374195177
5817000000.000000,1.000000000000e+00,1.000000000000e+00,-7.328888745805e-14,-18.607473427227,-18.607130005889,3.434213377709e-04,5.111512621,10.208297204,10.209147753,15.319809825,15.320660374
5818000000.000000,1.000000000000e+00,1.000000000000e+00,-8.100350719048e-14,-18.671564571798,-18.671226484024,3.380877738905e-04,4.769012340,10.192544928,10.193391955,14.961557268,14.962404295
5819000000.000000,1.000000000000e+00,1.000000000000e+00,-7.714619732426e-14,-18.735556724292,-18.735223947012,3.327772806898e-04,4.645840707,10.176794133,10.177637346,14.822634840,14.823478053
5820000000.000000,1.000000000000e+00,1.000000000000e+00,1.080046762540e-13,-18.799449938536,-18.799122446891,3.274916450273e-04,5.162803812,10.161058839,10.161897962,15.323862651,15.324701774
5821000000.000000,1.000000000000e+00,1.000000000000e+00,-2.700116906349e-14,-18.863244355498,-18.862922122944,3.222325539340e-04,5.388251303,10.145352760,10.146187532,15.533604063,15.534438835
5822000000.000000,1.000000000000e+00,1.000000000000e+00,-8.293216212358e-14,-18.926940201336,-18.926623199741,3.170015952172e-04,5.285661103,10.129689296,10.130519472,15.415350399,15.416180575
5823000000.000000,1.000000000000e+00,1.000000000000e+00,8.293216212358e-14,-18.990537785401,-18.990225985143,3.118002582703e-04,4.785232096,10.114081525,10.114906876,14.899313621,14.900138972
5824000000.000000,1.000000000000e+00,1.000000000000e+00,-1.542923946485e-14,-19.054037498206,-19.053730868271,3.066299350003e-04,4.886348505,10.098542201,10.099362512,14.984890706,14.985711017
5825000000.000000,1.000000000000e+00,1.000000000000e+00,-5.207368319388e-14,-19.117439809363,-19.117138317442,3.014919209967e-04,5.072573615,10.083083747,10.083898820,15.155657362,15.156472435
5826000000.000000,1.000000000000e+00,1.000000000000e+00,7.521754239116e-14,-19.180745265501,-19.180448878084,2.963874168422e-04,4.980307209,10.067718252,10.068527905,15.048025461,15.048835114
5827000000.000000,1.000000000000e+00,1.000000000000e+00,6.750292265873e-14,-19.243954488162,-19.243663170633,2.913175294808e-04,4.901294068,10.052457473,10.053261535,14.953751541,14.954555603
5828000000.000000,1.000000000000e+00,1.000000000000e+00,-3.953742612868e-14,-19.307068171695,-19.306781888421,2.862832738266e-04,5.075503558,10.037312828,10.038111146,15.112816386,15.113614704
5829000000.000000,1.000000000000e+00,1.000000000000e+00,-3.953742612868e-14,-19.370087081136,-19.369805795562,2.812855744097e-04,5.044523418,10.022295400,10.023087833,15.066818818,15.067611251
5830000000.000000,1.000000000000e+00,1.000000000000e+00,8.678947198980e-14,-19.433012050100,-19.432735724833,2.763252671514e-04,4.880553020,10.007415935,10.008202358,14.887968955,14.888755378
5831000000.000000,1.000000000000e+00,1.000000000000e+00,-1.195766058526e-13,-19.495843978672,-19.495572575571,2.714031012054e-04,5.342012281,9.992684846,9.993465145,15.334697127,15.335477426
5832000000.000000,1.000000000000e+00,1.000000000000e+00,-5.400233812698e-14,-19.558583831310,-19.558317311569,2.665197409222e-04,5.413457351,9.978112213,9.978886289,15.391569564,15.392343640
5833000000.000000,1.000000000000e+00,1.000000000000e+00,-9.546841918878e-14,-19.621232634768,-19.620970959000,2.616757677885e-04,5.269827607,9.963707785,9.964475553,15.233535392,15.234303160
5834000000.000000,1.000000000000e+00,1.000000000000e+00,6.364561279252e-14,-19.683791476033,-19.683534604350,2.568716825238e-04,4.868587140,9.949480989,9.950242375,14.818068129,14.818829515
5835000000.000000,1.000000000000e+00,1.000000000000e+00,2.700116906349e-14,-19.746261500291,-19.746009392384,2.521079071585e-04,5.006507161,9.935440926,9.936195869,14.941948087,14.942703030
5836000000.000000,1.000000000000e+00,1.000000000000e+00,7.907485225737e-14,-19.808643908920,-19.808396524133,2.473847871407e-04,5.208437028,9.921596382,9.922344833,15.130033410,15.130781861
5837000000.000000,1.000000000000e+00,1.000000000000e+00,-9.643274665533e-15,-19.870939957508,-19.870697254914,2.427025935070e-04,5.119669238,9.907955830,9.908697751,15.027625068,15.028366989
5838000000.000000,1.000000000000e+00,1.000000000000e+00,-2.603684159694e-14,-19.933150953909,-19.932912892384,2.380615250388e-04,5.497209977,9.894527437,9.895262803,15.391737414,15.392472780
5839000000.000000,1.000000000000e+00,1.000000000000e+00,5.593099306009e-14,-19.995278256336,-19.995044794626,2.334617104474e-04,5.300112962,9.881319069,9.882047865,15.181432031,15.182160827
5840000000.000000,1.000000000000e+00,1.000000000000e+00,1.928654933107e-14,-20.057323271491,-20.057094368280,2.289032105196e-04,5.375018934,9.868338298,9.869060518,15.243357232,15.244079452
5841000000.000000,1.000000000000e+00,1.000000000000e+00,-1.928654933107e-14,-20.119287452732,-20.119063066712,2.243860203173e-04,5.063602250,9.855592406,9.856308057,14.919194656,14.919910307
5842000000.000000,1.000000000000e+00,1.000000000000e+00,3.471578879592e-14,-20.181172298290,-20.180952388219,2.199100712978e-04,5.279921881,9.843088397,9.843797495,15.123010278,15.123719376
5843000000.000000,1.000000000000e+00,1.000000000000e+00,-1.041473663878e-13,-20.242979349522,-20.242763874289,2.154752334675e-04,5.512179400,9.830833000,9.831535570,15.343012400,15.343714970
5844000000.000000,1.000000000000e+00,1.000000000000e+00,-8.389648959014e-14,-20.304710189215,-20.304499107897,2.110813175022e-04,5.256253382,9.818832676,9.819528753,15.075086058,15.075782135
5845000000.000000,1.000000000000e+00,1.000000000000e+00,-7.618186985771e-14,-20.366366439933,-20.366159711856,2.067280767903e-04,5.210650313,9.807093630,9.807783257,15.017743943,15.018433570
5846000000.000000,1.000000000000e+00,1.000000000000e+00,-1.928654933107e-14,-20.427949762414,-20.427747347204,2.024152095146e-04,5.168392489,9.795621811,9.796305041,14.964014300,14.964697530
5847000000.000000,1.000000000000e+00,1.000000000000e+00,-1.080046762540e-13,-20.489461854013,-20.489263711653,1.981423606381e-04,5.606125314,9.784422930,9.785099822,15.390548244,15.391225136
5848000000.000000,1.000000000000e+00,1.000000000000e+00,6.171695785941e-14,-20.550904447195,-20.550710538071,1.939091238867e-04,5.580428926,9.773502456,9.774173081,15.353931382,15.354602007
5849000000.000000,1.000000000000e+00,1.000000000000e+00,-9.643274665533e-14,-20.612279308076,-20.612089593032,1.897150436356e-04,5.037417447,9.762865634,9.763530067,14.800283081,14.800947514
5850000000.000000,1.000000000000e+00,1.000000000000e+00,-1.253625706519e-14,-20.673588235011,-20.673402675394,1.855596168490e-04,5.087315310,9.752517487,9.753175811,14.839832797,14.840491121
5851000000.000000,1.000000000000e+00,1.000000000000e+00,-1.735789439796e-14,-20.734833057240,-20.734651614945,1.814422948350e-04,5.706319962,9.742462825,9.743115132,15.448782787,15.449435094
5852000000.000000,1.000000000000e+00,1.000000000000e+00,7.714619732426e-14,-20.796015633568,-20.795838271083,1.773624850614e-04,5.467139554,9.732706254,9.733352641,15.199845808,15.200492195
5853000000.000000,1.000000000000e+00,1.000000000000e+00,2.082947327755e-13,-20.857137851110,-20.856964531557,1.733195528644e-04,5.230774871,9.723252183,9.723892754,14.954027054,14.954667625
5854000000.000000,1.000000000000e+00,1.000000000000e+00,-7.521754239116e-14,-20.918201624072,-20.918032311249,1.693128230933e-04,5.338951178,9.714104830,9.714739697,15.053056008,15.053690875
5855000000.000000,1.000000000000e+00,1.000000000000e+00,3.085847892971e-14,-20.979208892589,-20.979043551007,1.653415817664e-04,5.555981358,9.705268233,9.705897511,15.261249591,15.261878869
5856000000.000000,1.000000000000e+00,1.000000000000e+00,-3.471578879592e-14,-21.040161621599,-21.040000216521,1.614050775629e-04,5.351981294,9.696746255,9.697370067,15.048727549,15.049351361
5857000000.000000,1.000000000000e+00,1.000000000000e+00,6.364561279252e-14,-21.101061799777,-21.100904297254,1.575025233720e-04,5.555909255,9.688542591,9.689161065,15.244451846,15.245070320
5858000000.000000,1.000000000000e+00,1.000000000000e+00,8.678947198980e-14,-21.161911438507,-21.161757805410,1.536330976997e-04,5.534411560,9.680660777,9.681274047,15.215072337,15.215685607
5859000000.000000,1.000000000000e+00,1.000000000000e+00,-8.678947198980e-15,-21.222712570898,-21.222562774952,1.497959460508e-04,5.349544892,9.673104198,9.673712402,15.022649090,15.023257294
5860000000.000000,1.000000000000e+00,1.000000000000e+00,-7.039590505839e-14,-21.283467250847,-21.283321260665,1.459901822756e-04,5.527332647,9.665876089,9.666479370,15.193208736,15.193812017
5861000000.000000,1.000000000000e+00,1.000000000000e+00,-1.668286517137e-13,-21.344177552145,-21.344035337255,1.422148897881e-04,5.277753743,9.658979549,9.659578056,14.936733292,14.937331799
5862000000.000000,1.000000000000e+00,1.000000000000e+00,5.978830292630e-14,-21.404845567621,-21.404707098498,1.384691228381e-04,5.672674404,9.652417545,9.653011430,15.325091949,15.325685834
5863000000.000000,1.000000000000e+00,1.000000000000e+00,-1.928654933107e-14,-21.465473408334,-21.465338656427,1.347519076234e-04,5.737972669,9.646192914,9.646782335,15.384165583,15.384755004
5864000000.000000,1.000000000000e+00,1.000000000000e+00,9.450409172222e-14,-21.526063202796,-21.525932140553,1.310622433941e-04,5.455478716,9.640308377,9.640893495,15.095787093,15.096372211
5865000000.000000,1.000000000000e+00,1.000000000000e+00,-8.100350719048e-14,-21.586617096238,-21.586489697135,1.273991035120e-04,5.361145612,9.634766539,9.635347519,14.995912151,14.996493131
5866000000.000000,1.000000000000e+00,1.000000000000e+00,6.943157759184e-14,-21.647137249911,-21.647013488475,1.237614364271e-04,5.495854308,9.629569897,9.630146909,15.125424205,15.126001217
5867000000.000000,1.000000000000e+00,1.000000000000e+00,8.871812692290e-14,-21.707625840426,-21.707505692260,1.201481666406e-04,5.637600308,9.624720846,9.625294062,15.262321154,15.262894370
5868000000.000000,1.000000000000e+00,1.000000000000e+00,0.000000000000e+00,-21.768085059123,-21.767968500928,1.165581955824e-04,5.533978586,9.620221682,9.620791279,15.154200268,15.154769865
5869000000.000000,1.000000000000e+00,1.000000000000e+00,1.350058453175e-13,-21.828517111475,-21.828404121073,1.129904024459e-04,5.650249393,9.616074610,9.616640768,15.266324003,15.266890161
5870000000.000000,1.000000000000e+00,1.000000000000e+00,-1.928654933107e-15,-21.888924216526,-21.888814772881,1.094436450089e-04,5.429235394,9.612281747,9.612844649,15.041517141,15.042080043
5871000000.000000,1.000000000000e+00,1.000000000000e+00,8.293216212358e-14,-21.949308606354,-21.949202689593,1.059167603756e-04,5.204578096,9.608845127,9.609404961,14.813423223,14.813983057
5872000000.000000,1.000000000000e+00,1.000000000000e+00,-2.121520426417e-14,-22.009672525564,-22.009570116999,1.024085656596e-04,5.949973509,9.605766706,9.606323661,15.555740215,15.556297170
5873000000.000000,1.000000000000e+00,1.000000000000e+00,1.137906410533e-13,-22.070018230813,-22.069919312954,9.891785868987e-05,5.897159456,9.603048365,9.603602634,15.500207821,15.500762090
5874000000.000000,1.000000000000e+00,1.000000000000e+00,-5.785964799320e-14,-22.130347990349,-22.130252546931,9.544341861201e-05,5.332921421,9.600691916,9.601243695,14.933613337,14.934165116
5875000000.000000,1.000000000000e+00,1.000000000000e+00,9.450409172222e-14,-22.190664083587,-22.190572099581,9.198400647747e-05,5.535747697,9.598699103,9.599248590,15.134446800,15.134996287
5876000000.000000,1.000000000000e+00,1.000000000000e+00,-3.182280639626e-14,-22.250968800696,-22.250880262330,8.853836579803e-05,5.453601458,9.597071607,9.597619003,15.050673065,15.051220461
5877000000.000000,1.000000000000e+00,1.000000000000e+00,-6.557426772562e-14,-22.311264442211,-22.311179336988,8.510522307503e-05,5.387937811,9.595811048,9.596356558,14.983748859,14.984294369
5878000000.000000,1.000000000000e+00,1.000000000000e+00,1.369345002506e-13,-22.371553318668,-22.371471635380,8.168328826130e-05,5.601965462,9.594918990,9.595462819,15.196884452,15.197428281
5879000000.000000,1.000000000000e+00,1.000000000000e+00,-1.350058453175e-14,-22.431837750249,-22.431759478994,7.827125523363e-05,5.681410395,9.594396941,9.594939300,15.275807336,15.276349695
5880000000.000000,1.000000000000e+00,1.000000000000e+00,1.234339157188e-13,-22.492120066447,-22.492045198645,7.486780221910e-05,5.642663627,9.594246357,9.594787457,15.236909984,15.237451084
5881000000.000000,1.000000000000e+00,1.000000000000e+00,-6.364561279252e-14,-22.552402605742,-22.552331134150,7.147159219656e-05,5.637504844,9.594468646,9.595008700,15.231973490,15.232513544
5882000000.000000,1.000000000000e+00,1.000000000000e+00,7.136023252494e-14,-22.612687715295,-22.612619634022,6.808127326607e-05,5.582167493,9.595065163,9.595604389,15.177232656,15.177771882
5883000000.000000,1.000000000000e+00,1.000000000000e+00,-4.821637332766e-14,-22.672977750645,-22.672913055166,6.469547903976e-05,5.734148247,9.596037219,9.596575835,15.330185466,15.330724082
5884000000.000000,1.000000000000e+00,1.000000000000e+00,7.328888745805e-14,-22.733275075422,-22.733213762593,6.131282892952e-05,5.691401994,9.597386080,9.597924307,15.288788074,15.289326301
5885000000.000000,1.000000000000e+00,1.000000000000e+00,-3.375146132937e-14,-22.793582061061,-22.793524129132,5.793192852366e-05,5.088216506,9.599112966,9.599651026,14.687329472,14.687867532
5886000000.000000,1.000000000000e+00,1.000000000000e+00,3.664444372902e-14,-22.853901086525,-22.853846535155,5.455136987109e-05,5.213433845,9.601219053,9.601757172,14.814652898,14.815191017
5887000000.000000,1.000000000000e+00,1.000000000000e+00,3.664444372902e-14,-22.914234538032,-22.914183368300,5.116973176911e-05,5.591927986,9.603705474,9.604243878,15.195633460,15.196171864
5888000000.000000,1.000000000000e+00,1.000000000000e+00,1.118619861202e-13,-22.974584808782,-22.974537023202,4.778558009022e-05,5.563940452,9.606573318,9.607112238,15.170513770,15.171052690
5889000000.000000,1.000000000000e+00,1.000000000000e+00,-3.182280639626e-14,-23.034954298683,-23.034909901215,4.439746804508e-05,5.672213206,9.609823632,9.610363298,15.282036838,15.282576504
5890000000.000000,1.000000000000e+00,1.000000000000e+00,-1.215052607857e-13,-23.095345414080,-23.095304410144,4.100393646667e-05,5.631140967,9.613457417,9.613998063,15.244598384,15.245139030
5891000000.000000,1.000000000000e+00,1.000000000000e+00,-7.521754239116e-14,-23.155760567473,-23.155722963959,3.760351409099e-05,5.628859417,9.617475631,9.618017492,15.246335048,15.246876909
5892000000.000000,1.000000000000e+00,1.000000000000e+00,7.907485225737e-14,-23.216202177238,-23.216167982520,3.419471783772e-05,5.472485044,9.621879186,9.622422498,15.094364230,15.094907542
5893000000.000000,1.000000000000e+00,1.000000000000e+00,8.486081705669e-14,-23.276672667330,-23.276641891276,3.077605312996e-05,5.654726390,9.626668945,9.627213948,15.281395335,15.281940338
5894000000.000000,1.000000000000e+00,1.000000000000e+00,-5.785964799320e-14,-23.337174466987,-23.337147120973,2.734601416066e-05,5.675456909,9.631845726,9.632392659,15.307302635,15.307849568
5895000000.000000,1.000000000000e+00,1.000000000000e+00,-1.002900565215e-13,-23.397710010418,-23.397686107334,2.390308420885e-05,5.391449448,9.637410292,9.637959398,15.028859740,15.029408846
5896000000.000000,1.000000000000e+00,1.000000000000e+00,-9.643274665533e-14,-23.458281736474,-23.458261290738,2.044573596649e-05,5.435888650,9.643363355,9.643914879,15.079252005,15.079803529
5897000000.000000,1.000000000000e+00,1.000000000000e+00,1.542923946485e-14,-23.518892088306,-23.518875115875,1.697243188659e-05,5.589029992,9.649705572,9.650259758,15.238735564,15.239289750
5898000000.000000,1.000000000000e+00,1.000000000000e+00,4.243040852834e-14,-23.579543513012,-23.579530031388,1.348162454562e-05,5.366841794,9.656437540,9.656994636,15.023279334,15.023836430
5899000000.000000,1.000000000000e+00,1.000000000000e+00,-4.435906346145e-14,-23.640238461252,-23.640228489495,9.971757027216e-06,5.239772823,9.663559795,9.664120049,14.903332618,14.903892872
5900000000.000000,1.000000000000e+00,1.000000000000e+00,-1.735789439796e-14,-23.700979386849,-23.700972945586,6.441263330714e-06,5.610551982,9.671072806,9.671636468,15.281624788,15.282188450
5901000000.000000,1.000000000000e+00,1.000000000000e+00,4.050175359524e-14,-23.761768746366,-23.761765857797,2.888568829462e-06,5.418360870,9.678976973,9.679544294,15.097337843,15.097905164
5902000000.000000,1.000000000000e+00,1.000000000000e+00,4.050175359524e-14,-23.822608998654,-23.822609686563,-6.879092531165e-07,5.399185520,9.687272621,9.687843855,15.086458141,15.087029375
5903000000.000000,1.000000000000e+00,1.000000000000e+00,-8.871812692290e-14,-23.883502604369,-23.883506894130,-4.289761314169e-06,5.555934134,9.695959999,9.696535398,15.251894133,15.252469532
5904000000.000000,1.000000000000e+00,1.000000000000e+00,-2.989415146315e-14,-23.944452025467,-23.944459944052,-7.918584824296e-06,5.514466368,9.705039269,9.705619088,15.219505637,15.220085456
5905000000.000000,1.000000000000e+00,1.000000000000e+00,-8.003917972392e-14,-24.005459724654,-24.005471300638,-1.157598371293e-05,5.272089039,9.714510505,9.715095000,14.986599544,14.987184039
5906000000.000000,1.000000000000e+00,1.000000000000e+00,-2.700116906349e-14,-24.066528164811,-24.066543428379,-1.526356770043e-05,5.022909074,9.724373685,9.724963113,14.747282759,14.747872187
5907000000.000000,1.000000000000e+00,1.000000000000e+00,7.907485225737e-14,-24.127659808374,-24.127678791326,-1.898295159819e-05,5.325148082,9.734628686,9.735223304,15.059776768,15.060371386
5908000000.000000,1.000000000000e+00,1.000000000000e+00,3.857309866213e-14,-24.188857116676,-24.188879852430,-2.273575452350e-05,5.434917163,9.745275277,9.745875343,15.180192440,15.180792506
5909000000.000000,1.000000000000e+00,1.000000000000e+00,-1.060760213209e-13,-24.250122549246,-24.250149072845,-2.652359906108e-05,5.327162764,9.756313111,9.756918883,15.083475875,15.084081647
5910000000.000000,1.000000000000e+00,1.000000000000e+00,-4.918070079422e-14,-24.311458563062,-24.311488911172,-3.034811039626e-05,5.524025539,9.767741720,9.768353457,15.291767259,15.292378996
5911000000.000000,1.000000000000e+00,1.000000000000e+00,5.785964799320e-14,-24.372867611759,-24.372901822674,-3.421091529177e-05,5.457514629,9.779560502,9.780178464,15.237075131,15.237693093
5912000000.000000,1.000000000000e+00,1.000000000000e+00,1.215052607857e-13,-24.434352144780,-24.434390258421,-3.811364106454e-05,5.232949966,9.791768721,9.792393166,15.024718687,15.025343132
5913000000.000000,1.000000000000e+00,1.000000000000e+00,1.562210495816e-13,-24.495914606481,-24.495956664395,-4.205791445955e-05,5.484573087,9.804365491,9.804996677,15.288938578,15.289569764
5914000000.000000,1.000000000000e+00,1.000000000000e+00,-3.664444372902e-14,-24.557557435174,-24.557603480535,-4.604536042763e-05,5.280583890,9.817349768,9.817987955,15.097933658,15.098571845
5915000000.000000,1.000000000000e+00,1.000000000000e+00,-1.215052607857e-13,-24.619283062119,-24.619333139720,-5.007760080744e-05,5.135846614,9.830720346,9.831365790,14.966566960,14.967212404
5916000000.000000,1.000000000000e+00,1.000000000000e+00,9.836140158843e-14,-24.681093910446,-24.681148066699,-5.415625296123e-05,5.194968728,9.844475840,9.845128799,15.039444568,15.040097527
5917000000.000000,1.000000000000e+00,1.000000000000e+00,4.821637332766e-14,-24.742992394024,-24.743050676953,-5.828292823296e-05,5.054194815,9.858614680,9.859275409,14.912809495,14.913470224
5918000000.000000,1.000000000000e+00,1.000000000000e+00,-6.075263039286e-14,-24.804980916254,-24.805043375484,-6.245923038506e-05,5.086789117,9.873135099,9.873803854,14.959924216,14.960592971
5919000000.000000,1.000000000000e+00,1.000000000000e+00,1.890081834444e-13,-24.867061868798,-24.867128555552,-6.668675385413e-05,5.149832494,9.888035122,9.888712155,15.037867616,15.038544649
5920000000.000000,1.000000000000e+00,1.000000000000e+00,4.821637332766e-14,-24.929237630240,-24.929308597322,-7.096708196030e-05,5.121498939,9.903312554,9.903998117,15.024811493,15.025497056
5921000000.000000,1.000000000000e+00,1.000000000000e+00,-8.486081705669e-14,-24.991510564667,-24.991585866452,-7.530178493553e-05,5.439287096,9.918964971,9.919659311,15.358252067,15.358946407
5922000000.000000,1.000000000000e+00,1.000000000000e+00,1.022187114546e-13,-25.053883020178,-25.053962712596,-7.969241788786e-05,5.154463722,9.934989702,9.935693066,15.089453424,15.090156788
5923000000.000000,1.000000000000e+00,1.000000000000e+00,8.293216212358e-14,-25.116357327313,-25.116441467831,-8.414051860939e-05,4.976956865,9.951383821,9.952096452,14.928340686,14.929053317
5924000000.000000,1.000000000000e+00,1.000000000000e+00,3.857309866213e-14,-25.178935797400,-25.179024445005,-8.864760523863e-05,5.219823616,9.968144133,9.968866271,15.187967749,15.188689887
5925000000.000000,1.000000000000e+00,1.000000000000e+00,-3.857309866213e-14,-25.241620720823,-25.241713935997,-9.321517380911e-05,4.988859438,9.985267159,9.985999040,14.974126597,14.974858478
5926000000.000000,1.000000000000e+00,1.000000000000e+00,2.121520426417e-14,-25.304414365203,-25.304512209899,-9.784469570562e-05,5.175574747,10.002749125,10.003490981,15.178323872,15.179065728
5927000000.000000,1.000000000000e+00,1.000000000000e+00,-7.811052479082e-14,-25.367318973486,-25.367421511100,-1.025376148753e-04,4.975746709,10.020585944,10.021338003,14.996332653,14.997084712
5928000000.000000,1.000000000000e+00,1.000000000000e+00,-1.311485354512e-13,-25.430336761951,-25.430444057296,-1.072953449643e-04,5.210120543,10.038773207,10.039535691,15.248893750,15.249656234
5929000000.000000,1.000000000000e+00,1.000000000000e+00,5.207368319388e-14,-25.493469918124,-25.493582037391,-1.121192663369e-04,4.950078009,10.057306165,10.058079290,15.007384174,15.008157299
5930000000.000000,1.000000000000e+00,1.000000000000e+00,1.215052607857e-13,-25.556720598598,-25.556837609321,-1.170107228425e-04,4.896770758,10.076179712,10.076963689,14.972950470,14.973734447
5931000000.000000,1.000000000000e+00,1.000000000000e+00,2.507251413039e-14,-25.620090926759,-25.620212897777,-1.219710185474e-04,5.321453542,10.095388376,10.096183409,15.416841918,15.417636951
5932000000.000000,1.000000000000e+00,1.000000000000e+00,-2.044374229093e-13,-25.683582990421,-25.683709991835,-1.270014142172e-04,4.958076700,10.114926299,10.115732586,15.073002999,15.073809286
5933000000.000000,1.000000000000e+00,1.000000000000e+00,-7.714619732426e-14,-25.747198839363,-25.747330942487,-1.321031237254e-04,4.918063351,10.134787224,10.135604954,15.052850575,15.053668305
5934000000.000000,1.000000000000e+00,1.000000000000e+00,-1.089690037205e-13,-25.810940482774,-25.811077760084,-1.372773102446e-04,4.709756489,10.154964480,10.155793833,14.864720969,14.865550322
5935000000.000000,1.000000000000e+00,1.000000000000e+00,-1.928654933107e-15,-25.874809886592,-25.874952411674,-1.425250823388e-04,4.893887832,10.175450964,10.176292112,15.069338796,15.070179944
5936000000.000000,1.000000000000e+00,1.000000000000e+00,-3.278713386281e-14,-25.938808970757,-25.938956818247,-1.478474898526e-04,4.992304544,10.196239130,10.197092235,15.188543674,15.189396779
5937000000.000000,1.000000000000e+00,1.000000000000e+00,-1.928654933107e-14,-26.002939606369,-26.003092851888,-1.532455197086e-04,4.772688959,10.217320969,10.218186183,14.990009928,14.990875142
5938000000.000000,1.000000000000e+00,1.000000000000e+00,-9.739707412188e-14,-26.067203612738,-26.067362332830,-1.587200915161e-04,4.678770939,10.238687998,10.239565462,14.917458937,14.918336401
5939000000.000000,1.000000000000e+00,1.000000000000e+00,4.821637332766e-14,-26.131602754359,-26.131767026412,-1.642720530519e-04,4.425129260,10.260331244,10.261221086,14.685460504,14.686350346
5940000000.000000,1.000000000000e+00,1.000000000000e+00,3.085847892971e-14,-26.196138737780,-26.196308639955,-1.699021756387e-04,4.740731875,10.282241229,10.283143565,15.022973104,15.023875440
5941000000.000000,1.000000000000e+00,1.000000000000e+00,-1.340415178509e-13,-26.260813208387,-26.260988819536,-1.756111493343e-04,5.086952527,10.304407955,10.305322889,15.391360482,15.392275416
5942000000.000000,1.000000000000e+00,1.000000000000e+00,1.735789439796e-14,-26.325627747107,-26.325809146685,-1.813995780502e-04,4.871784861,10.326820894,10.327748515,15.198605755,15.199533376
5943000000.000000,1.000000000000e+00,1.000000000000e+00,-5.978830292630e-14,-26.390583867014,-26.390771134989,-1.872679745567e-04,5.018286487,10.349468972,10.350409353,15.367755459,15.368695840
5944000000.000000,1.000000000000e+00,1.000000000000e+00,8.678947198980e-14,-26.455683009874,-26.455876226629,-1.932167553527e-04,4.728143299,10.372340557,10.373293757,15.100483856,15.101437056
5945000000.000000,1.000000000000e+00,1.000000000000e+00,-5.110935572732e-14,-26.520926542596,-26.521125788831,-1.992462354856e-04,4.396070159,10.395423449,10.396389509,14.791493608,14.792459668
5946000000.000000,1.000000000000e+00,1.000000000000e+00,-1.157192959864e-14,-26.586315753628,-26.586521110251,-2.053566232938e-04,4.407873618,10.418704867,10.419683812,14.826578485,14.827557430
5947000000.000000,1.000000000000e+00,1.000000000000e+00,-5.110935572732e-14,-26.651851849281,-26.652063397296,-2.115480150806e-04,4.455229719,10.442171443,10.443163278,14.897401162,14.898392997
5948000000.000000,1.000000000000e+00,1.000000000000e+00,-3.760877119558e-14,-26.717535950001,-26.717753770391,-2.178203897394e-04,5.063860617,10.465809209,10.466813922,15.529669826,15.530674539
5949000000.000000,1.000000000000e+00,1.000000000000e+00,2.121520426417e-14,-26.783369086585,-26.783593260189,-2.241736033852e-04,4.711680120,10.489603594,10.490621151,15.201283714,15.202301271
5950000000.000000,1.000000000000e+00,1.000000000000e+00,-1.157192959864e-14,-26.849352196360,-26.849582803744,-2.306073839513e-04,4.230399960,10.513539414,10.514569761,14.743939374,14.744969721
5951000000.000000,1.000000000000e+00,1.000000000000e+00,1.022187114546e-13,-26.915486119328,-26.915723240654,-2.371213258598e-04,4.442760174,10.537600871,10.538643932,14.980361045,14.981404106
5952000000.000000,1.000000000000e+00,1.000000000000e+00,-2.796549653005e-14,-26.981771594286,-26.982015309171,-2.437148846681e-04,4.609582058,10.561771547,10.562827226,15.171353605,15.172409284
5953000000.000000,1.000000000000e+00,1.000000000000e+00,8.678947198980e-14,-27.048209254934,-27.048459642306,-2.503873718567e-04,4.537880721,10.586034407,10.587102581,15.123915128,15.124983302
5954000000.000000,1.000000000000e+00,1.000000000000e+00,6.171695785941e-14,-27.114799625983,-27.115056763932,-2.571379496601e-04,4.441994838,10.610371795,10.611452318,15.052366633,15.053447156
5955000000.000000,1.000000000000e+00,1.000000000000e+00,5.785964799320e-15,-27.181543119268,-27.181807084894,-2.639656260826e-04,4.567246700,10.634765440,10.635858142,15.202012140,15.203104842
5956000000.000000,1.000000000000e+00,1.000000000000e+00,6.750292265873e-14,-27.248440029895,-27.248710899145,-2.708692500271e-04,4.256004120,10.659196458,10.660301143,14.915200578,14.916305263
5957000000.000000,1.000000000000e+00,1.000000000000e+00,8.100350719048e-14,-27.315490532413,-27.315768379919,-2.778475066414e-04,4.244086120,10.683645363,10.684761808,14.927731483,14.928847928
5958000000.000000,1.000000000000e+00,1.000000000000e+00,6.364561279252e-14,-27.382694677043,-27.382979575956,-2.848989128879e-04,4.511765682,10.708092073,10.709220029,15.219857755,15.220985711
5959000000.000000,1.000000000000e+00,1.000000000000e+00,-4.339473599490e-14,-27.450052385979,-27.450344407792,-2.920218134115e-04,4.712888322,10.732515923,10.733655112,15.445404245,15.446543434
5960000000.000000,1.000000000000e+00,1.000000000000e+00,1.928654933107e-14,-27.517563449761,-27.517862664138,-2.992143766036e-04,4.829855653,10.756895681,10.758045796,15.586751334,15.587901449
5961000000.000000,1.000000000000e+00,1.000000000000e+00,-8.003917972392e-14,-27.585227523761,-27.585533998352,-3.064745911665e-04,4.202441420,10.781209561,10.782370269,14.983650981,14.984811689
5962000000.000000,1.000000000000e+00,1.000000000000e+00,-5.978830292630e-14,-27.653044124771,-27.653357925034,-3.138002629086e-04,3.940621566,10.805435248,10.806606185,14.746056814,14.747227751
5963000000.000000,1.000000000000e+00,1.000000000000e+00,-4.435906346145e-14,-27.721012627742,-27.721333816754,-3.211890120340e-04,4.283190447,10.829549921,10.830730692,15.112740368,15.113921139
5964000000.000000,1.000000000000e+00,1.000000000000e+00,4.821637332766e-14,-27.789132262663,-27.789460900934,-3.286382708687e-04,4.392036246,10.853530273,10.854720455,15.245566519,15.246756701
5965000000.000000,1.000000000000e+00,1.000000000000e+00,3.664444372902e-14,-27.857402111623,-27.857738256905,-3.361452820982e-04,3.799515292,10.877352546,10.878551685,14.676867838,14.678066977
5966000000.000000,1.000000000000e+00,1.000000000000e+00,-5.978830292630e-14,-27.925821106058,-27.926164813155,-3.437070975068e-04,4.643882575,10.900992561,10.902200173,15.544875136,15.546082748
5967000000.000000,1.000000000000e+00,1.000000000000e+00,-1.735789439796e-14,-27.994388024214,-27.994739344791,-3.513205773338e-04,4.583759552,10.924425755,10.925641324,15.508185307,15.509400876
5968000000.000000,1.000000000000e+00,1.000000000000e+00,-3.568011626247e-14,-28.063101488840,-28.063460471230,-3.589823902104e-04,3.781312771,10.947627214,10.948850195,14.728939985,14.730162966
5969000000.000000,1.000000000000e+00,1.000000000000e+00,-7.328888745805e-14,-28.131959965128,-28.132326654142,-3.666890137559e-04,4.486054421,10.970571721,10.971801539,15.456626142,15.457855960
5970000000.000000,1.000000000000e+00,1.000000000000e+00,-1.234339157188e-13,-28.200961758935,-28.201336195671,-3.744367358571e-04,4.398978794,10.993233798,10.994469846,15.392212592,15.393448640
5971000000.000000,1.000000000000e+00,1.000000000000e+00,-1.292198805181e-13,-28.270105015281,-28.270487236938,-3.822216566718e-04,3.820876604,11.015587753,11.016829396,14.836464357,14.837706000
5972000000.000000,1.000000000000e+00,1.000000000000e+00,-9.064678185601e-14,-28.339387717170,-28.339777756862,-3.900396913536e-04,4.015901603,11.037607731,11.038854306,15.053509334,15.054755909
5973000000.000000,1.000000000000e+00,1.000000000000e+00,-1.176479509195e-13,-28.408807684730,-28.409205571303,-3.978865735554e-04,4.487632320,11.059267771,11.060518583,15.546900091,15.548150903
5974000000.000000,1.000000000000e+00,1.000000000000e+00,-8.003917972392e-14,-28.478362574700,-28.478768332560,-4.057578597632e-04,4.011064431,11.080541855,11.081796184,15.091606286,15.092860615
5975000000.000000,1.000000000000e+00,1.000000000000e+00,8.293216212358e-14,-28.548049880291,-28.548463529225,-4.136489343800e-04,3.892269710,11.101403977,11.102661074,14.993673687,14.994930784
5976000000.000000,1.000000000000e+00,1.000000000000e+00,-2.603684159694e-14,-28.617866931409,-28.618288486425,-4.215550156665e-04,4.198980318,11.121828194,11.123087287,15.320808512,15.322067605
5977000000.000000,1.000000000000e+00,1.000000000000e+00,5.593099306009e-14,-28.687810895289,-28.688240366452,-4.294711625299e-04,4.161574078,11.141788701,11.143048990,15.303362779,15.304623068
5978000000.000000,1.000000000000e+00,1.000000000000e+00,-7.618186985771e-14,-28.757878777527,-28.758316169809,-4.373922821550e-04,3.972228621,11.161259886,11.162520550,15.133488507,15.134749171
5979000000.000000,1.000000000000e+00,1.000000000000e+00,-1.070403487874e-13,-28.828067423535,-28.828512736673,-4.453131384103e-04,4.067455278,11.180216406,11.181476601,15.247671684,15.248931879
5980000000.000000,1.000000000000e+00,1.000000000000e+00,-8.871812692290e-14,-28.898373520431,-28.898826748792,-4.532283611773e-04,4.188399297,11.198633253,11.199892114,15.387032550,15.388291411
5981000000.000000,1.000000000000e+00,1.000000000000e+00,-1.243982431854e-13,-28.968793599364,-28.969254731820,-4.611324564507e-04,4.089786362,11.216485824,11.217742468,15.306272186,15.307528830
5982000000.000000,1.000000000000e+00,1.000000000000e+00,-1.542923946485e-14,-29.039324038287,-29.039793058104,-4.690198172206e-04,3.995974482,11.233749994,11.235003521,15.229724476,15.230978003
5983000000.000000,1.000000000000e+00,1.000000000000e+00,-8.389648959014e-14,-29.109961065181,-29.110437949916,-4.768847351428e-04,3.760937399,11.250402188,11.251651681,15.011339587,15.012589080
5984000000.000000,1.000000000000e+00,1.000000000000e+00,-3.857309866213e-14,-29.180700761739,-29.181185483152,-4.847214129882e-04,4.212834660,11.266419450,11.267663982,15.479254110,15.480498642
5985000000.000000,1.000000000000e+00,1.000000000000e+00,-8.968245438946e-14,-29.251539067491,-29.252031591469,-4.925239777158e-04,4.074620837,11.281779522,11.283018151,15.356400359,15.357638988
5986000000.000000,1.000000000000e+00,1.000000000000e+00,-5.303801066043e-14,-29.322471784397,-29.322972070891,-5.002864942583e-04,3.960672747,11.296460906,11.297692686,15.257133653,15.258365433
5987000000.000000,1.000000000000e+00,1.000000000000e+00,-1.234339157188e-13,-29.393494581872,-29.394002584852,-5.080029798705e-04,4.343307113,11.310442946,11.311666921,15.653750059,15.654974034
5988000000.000000,1.000000000000e+00,1.000000000000e+00,7.714619732426e-14,-29.464603002265,-29.465118669684,-5.156674190587e-04,3.658033291,11.323705885,11.324921097,14.981739176,14.982954388
5989000000.000000,1.000000000000e+00,1.000000000000e+00,-1.369345002506e-13,-29.535792466757,-29.536315740536,-5.232737789598e-04,3.652466040,11.336230944,11.337436432,14.988696984,14.989902472
5990000000.000000,1.000000000000e+00,1.000000000000e+00,8.871812692290e-14,-29.607058281682,-29.607589097707,-5.308160251118e-04,3.842306751,11.348000379,11.349195184,15.190307130,15.191501935
5991000000.000000,1.000000000000e+00,1.000000000000e+00,1.080046762540e-13,-29.678395645252,-29.678933933389,-5.382881376086e-04,4.065666683,11.358997547,11.360180713,15.424664230,15.425847396
5992000000.000000,1.000000000000e+00,1.000000000000e+00,1.716502890465e-13,-29.749799654662,-29.750345338790,-5.456841274523e-04,4.074529550,11.369206965,11.370377543,15.443736515,15.444907093
5993000000.000000,1.000000000000e+00,1.000000000000e+00,1.118619861202e-13,-29.821265313568,-29.821818311621,-5.529980531094e-04,3.913341968,11.378614368,11.379771418,15.291956336,15.293113386
5994000000.000000,1.000000000000e+00,1.000000000000e+00,-4.725204586111e-14,-29.892787539894,-29.893347763931,-5.602240371410e-04,3.935956738,11.387206760,11.388349351,15.323163498,15.324306089
5995000000.000000,1.000000000000e+00,1.000000000000e+00,-7.425321492460e-14,-29.964361173974,-29.964928530257,-5.673562828115e-04,3.844642217,11.394972460,11.396099679,15.239614677,15.240741896
5996000000.000000,1.000000000000e+00,1.000000000000e+00,6.943157759184e-14,-30.035980986970,-30.036555376061,-5.743890906018e-04,3.893643496,11.401901152,11.403012101,15.295544648,15.296655597
5997000000.000000,1.000000000000e+00,1.000000000000e+00,1.002900565215e-13,-30.107641689560,-30.108223006434,-5.813168745625e-04,3.887056244,11.407983918,11.409077718,15.295040162,15.296133962
5998000000.000000,1.000000000000e+00,1.000000000000e+00,5.593099306009e-14,-30.179337940851,-30.179926075029,-5.881341783365e-04,4.071431598,11.413213277,11.414289070,15.484644875,15.485720668
5999000000.000000,1.000000000000e+00,1.000000000000e+00,1.176479509195e-13,-30.251064357496,-30.251659193187,-5.948356908334e-04,3.720943044,11.417583209,11.418640163,15.138526253,15.139583207
6000000000.000000,1.000000000000e+00,1.000000000000e+00,-7.714619732426e-15,-30.322815522970,-30.323416939232,-6.014162614569e-04,3.926342143,11.421089182,11.422126492,15.347431325,15.348468635
6001000000.000000,1.000000000000e+00,1.000000000000e+00,1.118619861202e-13,-30.394585996979,-30.395193867894,-6.078709147204e-04,4.082670595,11.423728170,11.424745059,15.506398765,15.507415654
6002000000.000000,1.000000000000e+00,1.000000000000e+00,4.050175359524e-14,-30.466370324958,-30.466984519822,-6.141948643190e-04,3.520010259,11.425498663,11.426494385,14.945508922,14.946504644
6003000000.000000,1.000000000000e+00,1.000000000000e+00,9.836140158843e-14,-30.538163047629,-30.538783431155,-6.203835263960e-04,3.862885356,11.426400671,11.427374513,15.289286027,15.290259869
6004000000.000000,1.000000000000e+00,1.000000000000e+00,6.750292265873e-14,-30.609958710575,-30.610585143107,-6.264325320693e-04,4.172572603,11.426435729,11.427387015,15.599008332,15.599959618
6005000000.000000,1.000000000000e+00,1.000000000000e+00,-8.196783465703e-14,-30.681751873801,-30.682384211540,-6.323377391233e-04,3.766293666,11.425606889,11.426534978,15.191900555,15.192828644
6006000000.000000,1.000000000000e+00,1.000000000000e+00,-4.725204586111e-14,-30.753537121231,-30.754175216473,-6.380952427172e-04,3.947638598,11.423918705,11.424822996,15.371557303,15.372461594
6007000000.000000,1.000000000000e+00,1.000000000000e+00,1.022187114546e-13,-30.825309070121,-30.825952771506,-6.437013851617e-04,4.106348160,11.421377223,11.422257152,15.527725383,15.528605312
6008000000.000000,1.000000000000e+00,1.000000000000e+00,1.581497045147e-13,-30.897062380339,-30.897711533104,-6.491527646908e-04,3.553200054,11.417989949,11.418844997,14.971190003,14.972045051
6009000000.000000,1.000000000000e+00,1.000000000000e+00,1.369345002506e-13,-30.968791763485,-30.969446209728,-6.544462431037e-04,3.632210712,11.413765826,11.414595515,15.045976538,15.046806227
6010000000.000000,1.000000000000e+00,1.000000000000e+00,7.907485225737e-14,-31.040491991809,-31.041151570762,-6.595789523836e-04,3.812296635,11.408715199,11.409519095,15.221011834,15.221815730
6011000000.000000,1.000000000000e+00,1.000000000000e+00,-2.025087679762e-14,-31.112157906904,-31.112822455204,-6.645483001577e-04,4.200755195,11.402849774,11.403627487,15.603604969,15.604382682
6012000000.000000,1.000000000000e+00,1.000000000000e+00,1.002900565215e-13,-31.183784428134,-31.184453780108,-6.693519740253e-04,4.155195638,11.396182579,11.396933762,15.551378217,15.552129400
6013000000.000000,1.000000000000e+00,1.000000000000e+00,-1.648999967806e-13,-31.255366560775,-31.256040548719,-6.739879447828e-04,3.493150150,11.388727907,11.389452260,14.881878057,14.882602410
6014000000.000000,1.000000000000e+00,1.000000000000e+00,-3.085847892971e-14,-31.326899403837,-31.327577858306,-6.784544684351e-04,3.878932787,11.380501273,11.381198542,15.259434060,15.260131329
6015000000.000000,1.000000000000e+00,1.000000000000e+00,-8.100350719048e-14,-31.398378157549,-31.399060907636,-6.827500871616e-04,4.051574856,11.371519352,11.372189328,15.423094208,15.423764184
6016000000.000000,1.000000000000e+00,1.000000000000e+00,-3.760877119558e-14,-31.469798130468,-31.470485004097,-6.868736291139e-04,4.118511546,11.361799922,11.362442440,15.480311468,15.480953986
6017000000.000000,1.000000000000e+00,1.000000000000e+00,-4.050175359524e-14,-31.541154746215,-31.541845570422,-6.908242071511e-04,3.830261453,11.351361799,11.351976740,15.181623252,15.182238193
6018000000.000000,1.000000000000e+00,1.000000000000e+00,1.928654933107e-15,-31.612443549807,-31.613138151023,-6.946012165123e-04,4.131629177,11.340224773,11.340812065,15.471853950,15.472441242
6019000000.000000,1.000000000000e+00,1.000000000000e+00,-1.186122783861e-13,-31.683660213561,-31.684358417893,-6.982043314672e-04,4.153440699,11.328409542,11.328969154,15.481850241,15.482409853
6020000000.000000,1.000000000000e+00,1.000000000000e+00,-1.330771903844e-13,-31.754800542585,-31.755502176086,-7.016335010235e-04,3.678844583,11.315937641,11.316469586,14.994782224,14.995314169
6021000000.000000,1.000000000000e+00,1.000000000000e+00,-1.070403487874e-13,-31.825860479810,-31.826565368754,-7.048889436625e-04,3.816871073,11.302831372,11.303335705,15.119702445,15.120206778
6022000000.000000,1.000000000000e+00,1.000000000000e+00,-1.012543839881e-13,-31.896836110593,-31.897544081734,-7.079711412743e-04,3.717398574,11.289113730,11.289590550,15.006512304,15.006989124
6023000000.000000,1.000000000000e+00,1.000000000000e+00,5.978830292630e-14,-31.967723666855,-31.968434547687,-7.108808322158e-04,4.204938401,11.274808337,11.275257780,15.479746738,15.480196181
6024000000.000000,1.000000000000e+00,1.000000000000e+00,5.785964799320e-15,-32.038519530768,-32.039233149771,-7.136190036974e-04,3.957245141,11.259939364,11.260361606,15.217184505,15.217606747
6025000000.000000,1.000000000000e+00,1.000000000000e+00,8.678947198980e-14,-32.109220237992,-32.109936424875,-7.161868834089e-04,4.000545024,11.244531458,11.244926714,15.245076482,15.245471738
6026000000.000000,1.000000000000e+00,1.000000000000e+00,-2.314385919728e-14,-32.179822480457,-32.180541066387,-7.185859306205e-04,4.226236395,11.228609678,11.228978197,15.454846073,15.455214592
6027000000.000000,1.000000000000e+00,1.000000000000e+00,-9.932572905499e-14,-32.250323108694,-32.251043926521,-7.208178266609e-04,3.616810721,11.212199417,11.212541484,14.829010138,14.829352205
6028000000.000000,1.000000000000e+00,1.000000000000e+00,1.620070143810e-13,-32.320719133737,-32.321442018202,-7.228844649916e-04,3.960687954,11.195326336,11.195642267,15.156014290,15.156330221
6029000000.000000,1.000000000000e+00,1.000000000000e+00,-1.041473663878e-13,-32.391007728578,-32.391732516519,-7.247879407970e-04,4.539999248,11.178016294,11.178306439,15.718015542,15.718305687
6030000000.000000,1.000000000000e+00,1.000000000000e+00,-1.388631551837e-13,-32.461186229218,-32.461912759758,-7.265305403124e-04,3.909893044,11.160295285,11.160560022,15.070188329,15.070453066
6031000000.000000,1.000000000000e+00,1.000000000000e+00,-6.846725012528e-14,-32.531252135291,-32.531980250021,-7.281147298599e-04,3.626718172,11.142189371,11.142429107,14.768907543,14.769147279
6032000000.000000,1.000000000000e+00,1.000000000000e+00,-5.978830292630e-14,-32.601203110313,-32.601932653457,-7.295431446508e-04,4.035966232,11.123724624,11.123939790,15.159690856,15.159906022
6033000000.000000,1.000000000000e+00,1.000000000000e+00,-3.760877119558e-14,-32.671036981531,-32.671767800108,-7.308185774875e-04,4.511166915,11.104927062,11.105118114,15.616093977,15.616285029
6034000000.000000,1.000000000000e+00,1.000000000000e+00,-3.375146132937e-14,-32.740751739421,-32.741483683389,-7.319439673878e-04,4.076919387,11.085822596,11.085990012,15.162741983,15.162909399
6035000000.000000,1.000000000000e+00,1.000000000000e+00,2.314385919728e-14,-32.810345536837,-32.811078459226,-7.329223881314e-04,3.958612626,11.066436975,11.066581254,15.025049601,15.025193880
6036000000.000000,1.000000000000e+00,1.000000000000e+00,7.328888745805e-14,-32.879816687825,-32.880550444862,-7.337570369614e-04,4.206758077,11.046795734,11.046917395,15.253553811,15.253675472
6037000000.000000,1.000000000000e+00,1.000000000000e+00,-3.568011626247e-14,-32.949163666133,-32.949898117356,-7.344512232450e-04,4.036669750,11.026924150,11.027023727,15.063593900,15.063693477
6038000000.000000,1.000000000000e+00,1.000000000000e+00,-6.268128532596e-14,-33.018385103426,-33.019120111783,-7.350083573527e-04,3.972841497,11.006847191,11.006925234,14.979688688,14.979766731
6039000000.000000,1.000000000000e+00,1.000000000000e+00,-1.282555530516e-13,-33.087479787233,-33.088215219173,-7.354319397095e-04,4.231288358,10.986589482,10.986646554,15.217877840,15.217934912
6040000000.000000,1.000000000000e+00,1.000000000000e+00,2.507251413039e-14,-33.156446658639,-33.157182384189,-7.357255500580e-04,4.321604596,10.966175258,10.966211935,15.287779854,15.287816531
6041000000.000000,1.000000000000e+00,1.000000000000e+00,-3.278713386281e-14,-33.225284809742,-33.226020702579,-7.358928369499e-04,3.924680130,10.945628335,10.945645202,14.870308465,14.870325332
6042000000.000000,1.000000000000e+00,1.000000000000e+00,4.243040852834e-14,-33.293993480905,-33.294729418413,-7.359375076277e-04,4.223375014,10.924972077,10.924969728,15.148347091,15.148344742
6043000000.000000,1.000000000000e+00,1.000000000000e+00,1.022187114546e-13,-33.362572057811,-33.363307921129,-7.358633181198e-04,4.401061639,10.904229363,10.904208398,15.305291002,15.305270037
6044000000.000000,1.000000000000e+00,1.000000000000e+00,4.435906346145e-14,-33.431020068340,-33.431755742404,-7.356740637618e-04,4.299347874,10.883422564,10.883383591,15.182770438,15.182731465
6045000000.000000,1.000000000000e+00,1.000000000000e+00,1.350058453175e-14,-33.499337179300,-33.500072552870,-7.353735700377e-04,4.140589820,10.862573520,10.862517149,15.003163340,15.003106969
6046000000.000000,1.000000000000e+00,1.000000000000e+00,2.700116906349e-14,-33.567523193016,-33.568258158700,-7.349656838542e-04,4.349989973,10.841703518,10.841630363,15.191693491,15.191620336
6047000000.000000,1.000000000000e+00,1.000000000000e+00,8.678947198980e-14,-33.635578043804,-33.636312498069,-7.344542651637e-04,4.352866622,10.820833278,10.820743952,15.173699900,15.173610574
6048000000.000000,1.000000000000e+00,1.000000000000e+00,-4.821637332766e-14,-33.703501794340,-33.704235637519,-7.338431790984e-04,4.389339815,10.799982931,10.799878050,15.189322746,15.189217865
6049000000.000000,1.000000000000e+00,1.000000000000e+00,1.407918101168e-13,-33.771294631950,-33.772027768238,-7.331362883960e-04,4.326595244,10.779172018,10.779052195,15.105767262,15.105647439
6050000000.000000,1.000000000000e+00,1.000000000000e+00,-5.014502826077e-14,-33.838956864830,-33.839689202276,-7.323374463155e-04,4.359157145,10.758419468,10.758285317,15.117576613,15.117442462
6051000000.000000,1.000000000000e+00,1.000000000000e+00,3.857309866213e-14,-33.906488918213,-33.907220368703,-7.314504900862e-04,4.370755505,10.737743602,10.737595730,15.108499107,15.108351235
6052000000.000000,1.000000000000e+00,1.000000000000e+00,-8.003917972392e-14,-33.973891330498,-33.974621809732,-7.304792345408e-04,4.520721267,10.717162121,10.717001134,15.237883388,15.237722401
6053000000.000000,1.000000000000e+00,1.000000000000e+00,1.465777749161e-13,-34.041164749355,-34.041894176822,-7.294274664602e-04,4.678946080,10.696692104,10.696518601,15.375638184,15.375464681
6054000000.000000,1.000000000000e+00,1.000000000000e+00,1.928654933107e-15,-34.108309927820,-34.109038226760,-7.282989391015e-04,4.093562571,10.676350010,10.676164586,14.769912581,14.769727157
6055000000.000000,1.000000000000e+00,1.000000000000e+00,-6.943157759184e-14,-34.175327720387,-34.176054817755,-7.270973673030e-04,4.349917666,10.656151677,10.655954920,15.006069343,15.005872586
6056000000.000000,1.000000000000e+00,1.000000000000e+00,6.557426772562e-14,-34.242219079115,-34.242944905538,-7.258264229080e-04,4.204341898,10.636112325,10.635904816,14.840454223,14.840246714
6057000000.000000,1.000000000000e+00,1.000000000000e+00,-7.811052479082e-14,-34.308985049756,-34.309709539487,-7.244897306222e-04,4.141410137,10.616246560,10.616028871,14.757656697,14.757439008
6058000000.000000,1.000000000000e+00,1.000000000000e+00,3.278713386281e-14,-34.375626767917,-34.376349858782,-7.230908642626e-04,4.635679424,10.596568380,10.596341076,15.232247804,15.232020500
6059000000.000000,1.000000000000e+00,1.000000000000e+00,8.100350719048e-14,-34.442145455262,-34.442867088605,-7.216333433746e-04,4.591972238,10.577091184,10.576854820,15.169063422,15.168827058
6060000000.000000,1.000000000000e+00,1.000000000000e+00,3.278713386281e-14,-34.508542415758,-34.509262536388,-7.201206301488e-04,4.730226802,10.557827777,10.557582900,15.288054579,15.287809702
6061000000.000000,1.000000000000e+00,1.000000000000e+00,3.664444372902e-14,-34.574819031987,-34.575537588114,-7.185561268344e-04,4.648259020,10.538790381,10.538537527,15.187049401,15.186796547
6062000000.000000,1.000000000000e+00,1.000000000000e+00,-1.157192959864e-13,-34.640976761513,-34.641693704686,-7.169431733232e-04,4.483171722,10.519990647,10.519730343,15.003162369,15.002902065
6063000000.000000,1.000000000000e+00,1.000000000000e+00,-3.085847892971e-14,-34.707017133319,-34.707732418364,-7.152850451320e-04,4.701914426,10.501439665,10.501172426,15.203354091,15.203086852
6064000000.000000,1.000000000000e+00,1.000000000000e+00,-7.136023252494e-14,-34.772941744323,-34.773655329274,-7.135849517041e-04,4.530073328,10.483147974,10.482874306,15.013221302,15.012947634
6065000000.000000,1.000000000000e+00,1.000000000000e+00,2.507251413039e-14,-34.838752255963,-34.839464101998,-7.118460349602e-04,4.353690612,10.465125579,10.464845977,14.818816191,14.818536589
6066000000.000000,1.000000000000e+00,1.000000000000e+00,-9.836140158844e-14,-34.904450390874,-34.905160462243,-7.100713681041e-04,4.538618995,10.447381962,10.447096909,14.986000957,14.985715904
6067000000.000000,1.000000000000e+00,1.000000000000e+00,-1.051116938543e-13,-34.970037929645,-34.970746193600,-7.082639547491e-04,4.750847498,10.429926095,10.429636064,15.180773593,15.180483562
6068000000.000000,1.000000000000e+00,1.000000000000e+00,-2.102233877086e-13,-35.035516707662,-35.036223134390,-7.064267282217e-04,4.596824132,10.412766456,10.412471908,15.009590588,15.009296040
6069000000.000000,1.000000000000e+00,1.000000000000e+00,3.085847892971e-14,-35.100888612051,-35.101593174602,-7.045625511282e-04,4.619554882,10.395911043,10.395612427,15.015465925,15.015167309
6070000000.000000,1.000000000000e+00,1.000000000000e+00,1.002900565215e-13,-35.166155578700,-35.166858252915,-7.026742150984e-04,5.257001829,10.379367388,10.379065144,15.636369217,15.636066973
6071000000.000000,1.000000000000e+00,1.000000000000e+00,4.821637332766e-14,-35.231319589388,-35.232020353829,-7.007644407651e-04,4.785061696,10.363142573,10.362837128,15.148204269,15.147898824
6072000000.000000,1.000000000000e+00,1.000000000000e+00,-1.436847925164e-13,-35.296382668998,-35.297081504876,-6.988358778770e-04,4.514329324,10.347243244,10.346935014,14.861572568,14.861264338
6073000000.000000,1.000000000000e+00,1.000000000000e+00,-1.253625706519e-14,-35.361346882827,-35.362043773933,-6.968911055978e-04,4.612942094,10.331675627,10.331365017,14.944617721,14.944307111
6074000000.000000,1.000000000000e+00,1.000000000000e+00,2.507251413039e-14,-35.426214333998,-35.426909266631,-6.949326330172e-04,4.847924268,10.316445544,10.316132947,15.164369812,15.164057215
6075000000.000000,1.000000000000e+00,1.000000000000e+00,-5.978830292630e-14,-35.490987160953,-35.491680123853,-6.929628996488e-04,4.565306438,10.301558424,10.301244223,14.866864862,14.866550661
6076000000.000000,1.000000000000e+00,1.000000000000e+00,5.978830292630e-14,-35.555667535054,-35.556358519330,-6.909842762397e-04,4.361189493,10.287019322,10.286703890,14.648208815,14.647893383
6077000000.000000,1.000000000000e+00,1.000000000000e+00,8.678947198980e-14,-35.620257658268,-35.620946657333,-6.889990655310e-04,5.001030391,10.272832933,10.272516630,15.273863324,15.273547021
6078000000.000000,1.000000000000e+00,1.000000000000e+00,3.857309866213e-14,-35.684759760944,-35.685446770447,-6.870095032525e-04,4.984794031,10.259003604,10.258686782,15.243797635,15.243480813
6079000000.000000,1.000000000000e+00,1.000000000000e+00,-8.775379945635e-14,-35.749176099687,-35.749861117446,-6.850177591176e-04,4.974053640,10.245535352,10.245218350,15.219588992,15.219271990
6080000000.000000,1.000000000000e+00,1.000000000000e+00,2.507251413039e-14,-35.813508955316,-35.814191981254,-6.830259379385e-04,4.529050665,10.232431874,10.232115023,14.761482539,14.761165688
6081000000.000000,1.000000000000e+00,1.000000000000e+00,1.407918101168e-13,-35.877760630908,-35.878441666988,-6.810360808203e-04,4.784905949,10.219696566,10.219380184,15.004602515,15.004286133
6082000000.000000,1.000000000000e+00,1.000000000000e+00,-7.714619732426e-14,-35.941933449930,-35.942612500096,-6.790501663616e-04,5.233122462,10.207332529,10.207016928,15.440454991,15.440139390
6083000000.000000,1.000000000000e+00,1.000000000000e+00,6.943157759184e-14,-36.006029754456,-36.006706824568,-6.770701120260e-04,5.176444663,10.195342590,10.195028069,15.371787253,15.371472732
6084000000.000000,1.000000000000e+00,1.000000000000e+00,4.821637332766e-14,-36.070051903461,-36.070727001236,-6.750977753782e-04,4.830153042,10.183729309,10.183416160,15.013882351,15.013569202
6085000000.000000,1.000000000000e+00,1.000000000000e+00,-1.205409333192e-13,-36.134002271195,-36.134675406150,-6.731349555551e-04,4.804279606,10.172494994,10.172183498,14.976774600,14.976463104
6086000000.000000,1.000000000000e+00,1.000000000000e+00,-2.314385919728e-14,-36.197883245633,-36.198554429028,-6.711833946369e-04,4.807310014,10.161641713,10.161332142,14.968951727,14.968642156
6087000000.000000,1.000000000000e+00,1.000000000000e+00,1.157192959864e-13,-36.261697227005,-36.262366471784,-6.692447790257e-04,4.675110779,10.151171302,10.150863922,14.826282081,14.825974701
6088000000.000000,1.000000000000e+00,1.000000000000e+00,1.272912255850e-13,-36.325446626386,-36.326113947127,-6.673207409804e-04,5.223382717,10.141085383,10.140780449,15.364468100,15.364163166
6089000000.000000,1.000000000000e+00,1.000000000000e+00,4.821637332766e-14,-36.389133864362,-36.389799277222,-6.654128599948e-04,4.927474060,10.131385369,10.131083127,15.058859429,15.058557187
6090000000.000000,1.000000000000e+00,1.000000000000e+00,-6.171695785941e-14,-36.452761369767,-36.453424892431,-6.635226642757e-04,4.614411632,10.122072475,10.121773166,14.736484107,14.736184798
6091000000.000000,1.000000000000e+00,1.000000000000e+00,-9.836140158844e-14,-36.516331578469,-36.516993230101,-6.616516322424e-04,5.188229853,10.113147731,10.112851586,15.301377584,15.301081439
6092000000.000000,1.000000000000e+00,1.000000000000e+00,8.100350719048e-14,-36.579846932232,-36.580506733426,-6.598011939118e-04,5.076463837,10.104611988,10.104319231,15.181075825,15.180783068
6093000000.000000,1.000000000000e+00,1.000000000000e+00,9.450409172222e-14,-36.643309877630,-36.643967850362,-6.579727323697e-04,5.057640888,10.096465930,10.096176777,15.154106818,15.153817665
6094000000.000000,1.000000000000e+00,1.000000000000e+00,-1.639356693141e-14,-36.706722865010,-36.707379032595,-6.561675852410e-04,5.058388364,10.088710080,10.088424741,15.147098444,15.146813105
6095000000.000000,1.000000000000e+00,1.000000000000e+00,1.022187114546e-13,-36.770088347521,-36.770742734567,-6.543870460050e-04,5.129497676,10.081344810,10.081063486,15.210842486,15.210561162
6096000000.000000,1.000000000000e+00,1.000000000000e+00,-4.050175359524e-14,-36.833408780185,-36.834061412550,-6.526323654725e-04,5.128254635,10.074370347,10.074093235,15.202624982,15.202347870
6097000000.000000,1.000000000000e+00,1.000000000000e+00,-1.051116938543e-13,-36.896686619014,-36.897337523767,-6.509047531225e-04,4.885007975,10.067786784,10.067514073,14.952794759,14.952522048
6098000000.000000,1.000000000000e+00,1.000000000000e+00,-8.678947198980e-15,-36.959924320177,-36.960573525555,-6.492053784086e-04,5.335239875,10.061594081,10.061325954,15.396833956,15.396565829
6099000000.000000,1.000000000000e+00,1.000000000000e+00,1.735789439796e-14,-37.023124339207,-37.023771874579,-6.475353721385e-04,5.045809915,10.055792078,10.055528712,15.101601993,15.101338627
6100000000.000000,1.000000000000e+00,1.000000000000e+00,-3.953742612868e-14,-37.086289130247,-37.086935026075,-6.458958276738e-04,4.839923557,10.050380496,10.050122063,14.890304053,14.890045620
6101000000.000000,1.000000000000e+00,1.000000000000e+00,-9.161110932256e-14,-37.149421145337,-37.150065433139,-6.442878022241e-04,5.085029606,10.045358947,10.045105611,15.130388553,15.130135217
6102000000.000000,1.000000000000e+00,1.000000000000e+00,4.243040852834e-14,-37.212522833725,-37.213165546043,-6.427123180117e-04,5.077729754,10.040726934,10.040478856,15.118456688,15.118208610
6103000000.000000,1.000000000000e+00,1.000000000000e+00,1.542923946485e-14,-37.275596641226,-37.276237811589,-6.411703635294e-04,5.114833943,10.036483862,10.036241196,15.151317805,15.151075139
6104000000.000000,1.000000000000e+00,1.000000000000e+00,-8.775379945635e-14,-37.338645009597,-37.339284672492,-6.396628945353e-04,4.840742976,10.032629038,10.032391934,14.873372014,14.873134910
6105000000.000000,1.000000000000e+00,1.000000000000e+00,-4.532339092800e-14,-37.401670375948,-37.402308566783,-6.381908352893e-04,5.060472363,10.029161676,10.028930279,15.089634039,15.089402642
6106000000.000000,1.000000000000e+00,1.000000000000e+00,1.620070143810e-13,-37.464675172169,-37.465311927248,-6.367550794764e-04,5.297633966,10.026080903,10.025855353,15.323714869,15.323489319
6107000000.000000,1.000000000000e+00,1.000000000000e+00,0.000000000000e+00,-37.527661824389,-37.528297180881,-6.353564912871e-04,5.171773779,10.023385761,10.023166193,15.195159540,15.194939972
6108000000.000000,1.000000000000e+00,1.000000000000e+00,4.243040852834e-14,-37.590632752453,-37.591266748359,-6.339959063411e-04,5.162331143,10.021075208,10.020861753,15.183406351,15.183192896
6109000000.000000,1.000000000000e+00,1.000000000000e+00,-2.507251413039e-14,-37.653590369406,-37.654223043539,-6.326741326603e-04,4.873145252,10.019148124,10.018940907,14.892293376,14.892086159
6110000000.000000,1.000000000000e+00,1.000000000000e+00,-1.243982431854e-13,-37.716537081013,-37.717168472965,-6.313919514227e-04,4.879362057,10.017603310,10.017402456,14.896965367,14.896764513
6111000000.000000,1.000000000000e+00,1.000000000000e+00,-3.664444372902e-14,-37.779475285273,-37.780105435391,-6.301501179422e-04,5.420869030,10.016439496,10.016245121,15.437308526,15.437114151
6112000000.000000,1.000000000000e+00,1.000000000000e+00,7.521754239116e-14,-37.842407371953,-37.843036321316,-6.289493623015e-04,5.259356370,10.015655333,10.015467552,15.275011703,15.274823922
6113000000.000000,1.000000000000e+00,1.000000000000e+00,7.521754239116e-14,-37.905335722136,-37.905963512526,-6.277903901690e-04,4.907478526,10.015249405,10.015068328,14.922727931,14.922546854
6114000000.000000,1.000000000000e+00,1.000000000000e+00,7.521754239116e-14,-37.968262707766,-37.968889381649,-6.266738834597e-04,5.571948080,10.015220220,10.015045954,15.587168300,15.586994034
6115000000.000000,1.000000000000e+00,1.000000000000e+00,-7.618186985771e-14,-38.031190691204,-38.031816291705,-6.256005009249e-04,5.340912416,10.015566219,10.015398867,15.356478635,15.356311283
6116000000.000000,1.000000000000e+00,1.000000000000e+00,5.014502826077e-14,-38.094122024788,-38.094746595666,-6.245708788271e-04,4.986660454,10.016285772,10.016125433,15.002946226,15.002785887
6117000000.000000,1.000000000000e+00,1.000000000000e+00,-5.978830292630e-14,-38.157059050390,-38.157682636021,-6.235856313666e-04,4.905862039,10.017377177,10.017223948,14.923239216,14.923085987
6118000000.000000,1.000000000000e+00,1.000000000000e+00,5.593099306009e-14,-38.220004098977,-38.220626744328,-6.226453512497e-04,4.831096340,10.018838664,10.018692638,14.849935004,14.849788978
6119000000.000000,1.000000000000e+00,1.000000000000e+00,-6.653859519218e-14,-38.282959490166,-38.283581240776,-6.217506100583e-04,5.304140666,10.020668391,10.020529656,15.324809057,15.324670322
6120000000.000000,1.000000000000e+00,1.000000000000e+00,8.100350719048e-14,-38.345927531777,-38.346548433736,-6.209019587047e-04,5.216736035,10.022864443,10.022733086,15.239600478,15.239469121
6121000000.000000,1.000000000000e+00,1.000000000000e+00,2.507251413039e-14,-38.408910519376,-38.409530619304,-6.200999276800e-04,5.199388036,10.025424834,10.025300938,15.224812870,15.224688974
6122000000.000000,1.000000000000e+00,1.000000000000e+00,1.253625706519e-13,-38.471910735814,-38.472530080841,-6.193450274026e-04,5.367338567,10.028347504,10.028231147,15.395686071,15.395569714
6123000000.000000,1.000000000000e+00,1.000000000000e+00,-9.643274665533e-15,-38.534930450755,-38.535549088504,-6.186377484312e-04,5.044702806,10.031630313,10.031521573,15.076333119,15.076224379
6124000000.000000,1.000000000000e+00,1.000000000000e+00,-4.918070079422e-14,-38.597971920193,-38.598589898755,-6.179785616425e-04,4.935561927,10.035271047,10.035169998,14.970832974,14.970731925
6125000000.000000,1.000000000000e+00,1.000000000000e+00,5.785964799320e-14,-38.661037385952,-38.661654753871,-6.173679183519e-04,5.323717771,10.039267411,10.039174122,15.362985182,15.362891893
6126000000.000000,1.000000000000e+00,1.000000000000e+00,-8.100350719048e-14,-38.724129075179,-38.724745881429,-6.168062504130e-04,5.107167826,10.043617026,10.043531564,15.150784852,15.150699390
6127000000.000000,1.000000000000e+00,1.000000000000e+00,6.171695785941e-14,-38.787249199811,-38.787865493781,-6.162939702037e-04,4.746061098,10.048317428,10.048239858,14.794378526,14.794300956
6128000000.000000,1.000000000000e+00,1.000000000000e+00,-4.243040852834e-14,-38.850399956034,-38.851015787505,-6.158314706681e-04,5.073450003,10.053366066,10.053296448,15.126816069,15.126746451
6129000000.000000,1.000000000000e+00,1.000000000000e+00,1.735789439796e-14,-38.913583523714,-38.914198942839,-6.154191251895e-04,5.162564102,10.058760294,10.058698687,15.221324396,15.221262789
6130000000.000000,1.000000000000e+00,1.000000000000e+00,-9.643274665533e-16,-38.976802065813,-38.977417123101,-6.150572874830e-04,5.349097456,10.064497375,10.064443833,15.413594831,15.413541289
6131000000.000000,1.000000000000e+00,1.000000000000e+00,1.407918101168e-13,-39.040057727781,-39.040672474073,-6.147462914043e-04,4.857177282,10.070574472,10.070529046,14.927751754,14.927706328
6132000000.000000,1.000000000000e+00,1.000000000000e+00,8.486081705669e-14,-39.103352636922,-39.103967123373,-6.144864507576e-04,4.420646682,10.076988642,10.076951382,14.497635324,14.497598064
6133000000.000000,1.000000000000e+00,1.000000000000e+00,8.293216212358e-14,-39.166688901738,-39.167303179796,-6.142780589684e-04,5.578239367,10.083736841,10.083707790,15.661976208,15.661947157
6134000000.000000,1.000000000000e+00,1.000000000000e+00,1.350058453175e-14,-39.230068611244,-39.230682732633,-6.141213887929e-04,5.315259603,10.090815910,10.090795111,15.406075513,15.406054714
6135000000.000000,1.000000000000e+00,1.000000000000e+00,-5.593099306009e-14,-39.293493834262,-39.294107850953,-6.140166919266e-04,4.681303681,10.098222575,10.098210067,14.779526256,14.779513748
6136000000.000000,1.000000000000e+00,1.000000000000e+00,3.857309866213e-14,-39.356966618673,-39.357580582872,-6.139641985641e-04,5.269657927,10.105953445,10.105949261,15.375611372,15.375607188
6137000000.000000,1.000000000000e+00,1.000000000000e+00,-8.196783465703e-14,-39.420488990657,-39.421102954774,-6.139641169227e-04,5.048779701,10.114004999,10.114009171,15.162784700,15.162788872
6138000000.000000,1.000000000000e+00,1.000000000000e+00,3.278713386281e-14,-39.484062953883,-39.484676970516,-6.140166327455e-04,4.988957865,10.122373590,10.122386146,15.111331455,15.111344011
6139000000.000000,1.000000000000e+00,1.000000000000e+00,-1.610426869144e-13,-39.547690488684,-39.548304610592,-6.141219086615e-04,5.165054363,10.131055434,10.131076399,15.296109797,15.296130762
6140000000.000000,1.000000000000e+00,1.000000000000e+00,-4.725204586111e-14,-39.611373551185,-39.611987831269,-6.142800836528e-04,4.762759104,10.140046608,10.140076001,14.902805712,14.902835105
6141000000.000000,1.000000000000e+00,1.000000000000e+00,-1.735789439796e-14,-39.675114072411,-39.675728563683,-6.144912722732e-04,4.883592248,10.149343042,10.149380880,15.032935290,15.032973128
6142000000.000000,1.000000000000e+00,1.000000000000e+00,7.907485225737e-14,-39.738913957345,-39.739528712909,-6.147555640368e-04,5.089244574,10.158940515,10.158986809,15.248185089,15.248231383
6143000000.000000,1.000000000000e+00,1.000000000000e+00,2.892982399660e-14,-39.802775083967,-39.803390156989,-6.150730225656e-04,4.978195663,10.168834648,10.168889406,15.147030311,15.147085069
6144000000.000000,1.000000000000e+00,1.000000000000e+00,-1.041473663878e-13,-39.866699302243,-39.867314745927,-6.154436848433e-04,4.944078048,10.179020900,10.179084127,15.123098948,15.123162175
6145000000.000000,1.000000000000e+00,1.000000000000e+00,2.700116906349e-14,-39.930688433085,-39.931304300645,-6.158675603345e-04,5.123982730,10.189494562,10.189566256,15.313477292,15.313548986
6146000000.000000,1.000000000000e+00,1.000000000000e+00,-9.257543678912e-14,-39.994744267276,-39.995360611906,-6.163446301102e-04,4.785484780,10.200250748,10.200330906,14.985735528,14.985815686
6147000000.000000,1.000000000000e+00,1.000000000000e+00,1.716502890465e-13,-40.058868564349,-40.059485439195,-6.168748458890e-04,4.609787152,10.211284396,10.211373005,14.821071548,14.821160157
6148000000.000000,1.000000000000e+00,1.000000000000e+00,5.400233812698e-14,-40.123063051440,-40.123680509569,-6.174581291063e-04,5.277346510,10.222590252,10.222687299,15.499936762,15.500033809
6149000000.000000,1.000000000000e+00,1.000000000000e+00,-1.060760213209e-14,-40.187329422093,-40.187947516463,-6.180943698553e-04,5.114273090,10.234162873,10.234268337,15.348435963,15.348541427
6150000000.000000,1.000000000000e+00,1.000000000000e+00,-4.532339092800e-14,-40.251669335034,-40.252288118460,-6.187834258782e-04,4.766942371,10.245996618,10.246110473,15.012938989,15.013052844
6151000000.000000,1.000000000000e+00,1.000000000000e+00,8.100350719048e-14,-40.316084412906,-40.316703938028,-6.195251215289e-04,4.827452592,10.258085639,10.258207856,15.085538231,15.085660448
6152000000.000000,1.000000000000e+00,1.000000000000e+00,9.836140158843e-14,-40.380576240968,-40.381196560214,-6.203192465577e-04,4.836190101,10.270423880,10.270554422,15.106613981,15.106744523
6153000000.000000,1.000000000000e+00,1.000000000000e+00,-5.207368319388e-14,-40.445146365753,-40.445767531308,-6.211655550814e-04,5.006664081,10.283005069,10.283143894,15.289669150,15.289807975
6154000000.000000,1.000000000000e+00,1.000000000000e+00,-5.496666559354e-14,-40.509796293697,-40.510418357462,-6.220637643963e-04,5.055442427,10.295822712,10.295969771,15.351265139,15.351412198
6155000000.000000,1.000000000000e+00,1.000000000000e+00,-3.085847892971e-14,-40.574527489728,-40.575150503282,-6.230135537990e-04,4.602272870,10.308870087,10.309025326,14.911142957,14.911298196
6156000000.000000,1.000000000000e+00,1.000000000000e+00,-3.375146132937e-14,-40.639341375821,-40.639965390384,-6.240145633569e-04,4.925340193,10.322140240,10.322303600,15.247480433,15.247643793
6157000000.000000,1.000000000000e+00,1.000000000000e+00,8.678947198980e-14,-40.704239329521,-40.704864395914,-6.250663927574e-04,5.160587853,10.335625982,10.335797394,15.496213835,15.496385247
6158000000.000000,1.000000000000e+00,1.000000000000e+00,5.400233812698e-14,-40.769222682436,-40.769848851036,-6.261686000357e-04,4.766452302,10.349319876,10.349499269,15.115772178,15.115951571
6159000000.000000,1.000000000000e+00,1.000000000000e+00,-7.811052479082e-14,-40.834292718696,-40.834920039396,-6.273207004099e-04,4.311872903,10.363214244,10.363401535,14.675087147,14.675274438
6160000000.000000,1.000000000000e+00,1.000000000000e+00,1.350058453175e-14,-40.899450673384,-40.900079195549,-6.285221649733e-04,4.854937840,10.377301152,10.377496253,15.232238992,15.232434093
6161000000.000000,1.000000000000e+00,1.000000000000e+00,7.521754239116e-14,-40.964697730946,-40.965327503366,-6.297724195221e-04,5.028055294,10.391572411,10.391775228,15.419627705,15.419830522
6162000000.000000,1.000000000000e+00,1.000000000000e+00,-7.811052479082e-14,-41.030035023566,-41.030666094410,-6.310708433404e-04,4.428492081,10.406019574,10.406230004,14.834511655,14.834722085
6163000000.000000,1.000000000000e+00,1.000000000000e+00,3.857309866213e-15,-41.095463629529,-41.096096046297,-6.324167679495e-04,5.033258830,10.420633929,10.420851863,15.453892759,15.454110693
6164000000.000000,1.000000000000e+00,1.000000000000e+00,5.593099306009e-14,-41.160984571556,-41.161618381032,-6.338094759712e-04,4.996243701,10.435406501,10.435631819,15.431650202,15.431875520
6165000000.000000,1.000000000000e+00,1.000000000000e+00,-1.735789439796e-14,-41.226598815129,-41.227234063329,-6.352481999485e-04,4.380896679,10.450328044,10.450560621,14.831224723,14.831457300
6166000000.000000,1.000000000000e+00,1.000000000000e+00,1.542923946485e-14,-41.292307266801,-41.292943998922,-6.367321211940e-04,4.709269377,10.465389044,10.465628745,15.174658421,15.174898122
6167000000.000000,1.000000000000e+00,1.000000000000e+00,-7.425321492460e-14,-41.358110772486,-41.358749032855,-6.382603687172e-04,4.858390408,10.480579715,10.480826397,15.338970123,15.339216805
6168000000.000000,1.000000000000e+00,1.000000000000e+00,-9.643274665533e-14,-41.424010115758,-41.424649947777,-6.398320181944e-04,4.475273704,10.495889999,10.496143510,14.971163703,14.971417214
6169000000.000000,1.000000000000e+00,1.000000000000e+00,-1.513994122489e-13,-41.490006016135,-41.490647462226,-6.414460908957e-04,4.534463600,10.511309563,10.511569744,15.045773163,15.046033344
6170000000.000000,1.000000000000e+00,1.000000000000e+00,6.364561279252e-14,-41.556099127365,-41.556742228918,-6.431015528392e-04,4.685427536,10.526827805,10.527094487,15.212255341,15.212522023
6171000000.000000,1.000000000000e+00,1.000000000000e+00,-1.166836234529e-13,-41.622290035723,-41.622934833037,-6.447973138179e-04,4.439673732,10.542433851,10.542706855,14.982107583,14.982380587
6172000000.000000,1.000000000000e+00,1.000000000000e+00,-3.085847892971e-14,-41.688579258312,-41.689225790538,-6.465322266749e-04,4.629993953,10.558116558,10.558395698,15.188110511,15.188389651
6173000000.000000,1.000000000000e+00,1.000000000000e+00,5.785964799320e-14,-41.754967241379,-41.755615546466,-6.483050865000e-04,5.089671516,10.573864517,10.574149595,15.663536033,15.663821111
6174000000.000000,1.000000000000e+00,1.000000000000e+00,3.085847892971e-14,-41.821454358656,-41.822104473286,-6.501146300621e-04,4.284161313,10.589666056,10.589956867,14.873827369,14.874118180
6175000000.000000,1.000000000000e+00,1.000000000000e+00,-5.207368319388e-14,-41.888040909715,-41.888692869250,-6.519595352117e-04,4.318569281,10.605509244,10.605805573,14.924078525,14.924374854
6176000000.000000,1.000000000000e+00,1.000000000000e+00,-6.171695785941e-14,-41.954727118364,-41.955380956785,-6.538384204831e-04,4.840659571,10.621381897,10.621683520,15.462041468,15.462343091
6177000000.000000,1.000000000000e+00,1.000000000000e+00,8.486081705669e-14,-42.021513131072,-42.022168880917,-6.557498447251e-04,4.203574543,10.637271586,10.637578268,14.840846129,14.841152811
6178000000.000000,1.000000000000e+00,1.000000000000e+00,-9.836140158844e-14,-42.088399015438,-42.089056707745,-6.576923069304e-04,4.203183062,10.653165639,10.653477137,14.856348701,14.856660199
6179000000.000000,1.000000000000e+00,1.000000000000e+00,-1.099333311871e-13,-42.155384758705,-42.156044422951,-6.596642461147e-04,4.831353831,10.669051153,10.669367214,15.500404984,15.500721045
6180000000.000000,1.000000000000e+00,1.000000000000e+00,4.628771839456e-14,-42.222470266335,-42.223131930377,-6.616640414023e-04,4.768537119,10.684915004,10.685235365,15.453452123,15.453772484
6181000000.000000,1.000000000000e+00,1.000000000000e+00,-8.678947198980e-14,-42.289655360635,-42.290319050647,-6.636900122103e-04,4.273966945,10.700743854,10.701068242,14.974710799,14.975035187
6182000000.000000,1.000000000000e+00,1.000000000000e+00,-4.532339092800e-14,-42.356939779454,-42.357605519872,-6.657404185830e-04,4.623613101,10.716524162,10.716852296,15.340137263,15.340465397
6183000000.000000,1.000000000000e+00,1.000000000000e+00,-1.215052607857e-13,-42.424323174958,-42.424990988420,-6.678134617388e-04,4.497410594,10.732242201,10.732573790,15.229652795,15.229984384
6184000000.000000,1.000000000000e+00,1.000000000000e+00,1.542923946485e-14,-42.491805112477,-42.492475019762,-6.699072846459e-04,4.128900738,10.747884066,10.748218809,14.876784804,14.877119547
6185000000.000000,1.000000000000e+00,1.000000000000e+00,1.350058453175e-14,-42.559385069445,-42.560057089418,-6.720199730026e-04,4.350441954,10.763435689,10.763773278,15.113877643,15.114215232
6186000000.000000,1.000000000000e+00,1.000000000000e+00,-2.025087679762e-14,-42.627062434432,-42.627736583988,-6.741495560973e-04,4.356075136,10.778882860,10.779222977,15.134957996,15.135298113
6187000000.000000,1.000000000000e+00,1.000000000000e+00,-3.568011626247e-14,-42.694836506273,-42.695512800281,-6.762940081302e-04,4.353211575,10.794211236,10.794553554,15.147422811,15.147765129
6188000000.000000,1.000000000000e+00,1.000000000000e+00,-2.314385919728e-14,-42.762706493314,-42.763384944563,-6.784512495202e-04,4.410003326,10.809406364,10.809750548,15.219409690,15.219753874
6189000000.000000,1.000000000000e+00,1.000000000000e+00,-1.967228031769e-13,-42.830671512762,-42.831352131911,-6.806191485325e-04,4.761260799,10.824453697,10.824799403,15.585714496,15.586060202
6190000000.000000,1.000000000000e+00,1.000000000000e+00,3.471578879592e-14,-42.898730590165,-42.899413385688,-6.827955229909e-04,4.377737914,10.839338615,10.839685492,15.217076529,15.217423406
6191000000.000000,1.000000000000e+00,1.000000000000e+00,3.857309866213e-14,-42.966882659008,-42.967567637150,-6.849781423170e-04,4.314210551,10.854046445,10.854394135,15.168256996,15.168604686
6192000000.000000,1.000000000000e+00,1.000000000000e+00,-1.205409333192e-13,-43.035126560456,-43.035813725186,-6.871647296691e-04,4.332818487,10.868562484,10.868910621,15.201380971,15.201729108
6193000000.000000,1.000000000000e+00,1.000000000000e+00,-8.678947198980e-14,-43.103461043230,-43.104150396194,-6.893529642582e-04,4.083334171,10.882872021,10.883220233,14.966206192,14.966554404
6194000000.000000,1.000000000000e+00,1.000000000000e+00,-1.060760213209e-14,-43.171884763624,-43.172576304108,-6.915404840129e-04,4.458421480,10.896960360,10.897308267,15.355381840,15.355729747
6195000000.000000,1.000000000000e+00,1.000000000000e+00,-8.003917972392e-14,-43.240396285688,-43.241090010576,-6.937248882863e-04,4.160077040,10.910812846,10.911160063,15.070889886,15.071237103
6196000000.000000,1.000000000000e+00,1.000000000000e+00,9.643274665533e-14,-43.308994081551,-43.309689985292,-6.959037408265e-04,4.261379993,10.924414888,10.924761025,15.185794881,15.186141018
6197000000.000000,1.000000000000e+00,1.000000000000e+00,-1.533280671820e-13,-43.377676531917,-43.378374606490,-6.980745729521e-04,4.566304889,10.937751988,10.938096650,15.504056877,15.504401539
6198000000.000000,1.000000000000e+00,1.000000000000e+00,1.022187114546e-13,-43.446441926722,-43.447142161609,-7.002348868994e-04,4.137728845,10.950809766,10.951152553,15.088538611,15.088881398
6199000000.000000,1.000000000000e+00,1.000000000000e+00,-1.253625706519e-14,-43.515288465964,-43.515990848123,-7.023821593606e-04,4.309168782,10.963573987,10.963914496,15.272742769,15.273083278
6200000000.000000,1.000000000000e+00,1.000000000000e+00,-1.764719263793e-13,-43.584214260700,-43.584918774545,-7.045138451929e-04,4.251453466,10.976030590,10.976368414,15.227484056,15.227821880
6201000000.000000,1.000000000000e+00,1.000000000000e+00,-1.639356693141e-14,-43.653217334229,-43.653923961611,-7.066273813123e-04,4.214289713,10.988165715,10.988500445,15.202455428,15.202790158
6202000000.000000,1.000000000000e+00,1.000000000000e+00,4.243040852834e-14,-43.722295623446,-43.723004343637,-7.087201907225e-04,3.903145749,10.999965733,11.000296959,14.903111482,14.903442708
6203000000.000000,1.000000000000e+00,1.000000000000e+00,1.562210495816e-13,-43.791446980376,-43.792157770063,-7.107896866998e-04,4.065775641,11.011417274,11.011744583,15.077192915,15.077520224
6204000000.000000,1.000000000000e+00,1.000000000000e+00,1.157192959864e-13,-43.860669173897,-43.861382007175,-7.128332771771e-04,4.683489478,11.022507255,11.022830234,15.705996733,15.706319712
6205000000.000000,1.000000000000e+00,1.000000000000e+00,6.557426772562e-14,-43.929959891638,-43.930674740007,-7.148483691708e-04,4.212045215,11.033222910,11.033541148,15.245268125,15.245586363
6206000000.000000,1.000000000000e+00,1.000000000000e+00,3.085847892971e-14,-43.999316742056,-44.000033574429,-7.168323733495e-04,4.409416615,11.043551820,11.043864905,15.452968435,15.453281520
6207000000.000000,1.000000000000e+00,1.000000000000e+00,-7.714619732426e-14,-44.068737256705,-44.069456039413,-7.187827087165e-04,4.437963943,11.053481938,11.053789460,15.491445881,15.491753403
6208000000.000000,1.000000000000e+00,1.000000000000e+00,2.314385919728e-14,-44.138218892669,-44.138939589477,-7.206968073774e-04,3.751516071,11.063001621,11.063303173,14.814517692,14.814819244
6209000000.000000,1.000000000000e+00,1.000000000000e+00,4.243040852834e-14,-44.207759035185,-44.208481607304,-7.225721193365e-04,3.820961320,11.072099656,11.072394833,14.893060976,14.893356153
6210000000.000000,1.000000000000e+00,1.000000000000e+00,-2.892982399660e-14,-44.277355000425,-44.278079406543,-7.244061174063e-04,4.191504746,11.080765286,11.081053689,15.272270032,15.272558435
6211000000.000000,1.000000000000e+00,1.000000000000e+00,-9.353976425567e-14,-44.347004038459,-44.347730234761,-7.261963020611e-04,4.200122284,11.088988239,11.089269473,15.289110523,15.289391757
6212000000.000000,1.000000000000e+00,1.000000000000e+00,1.350058453175e-14,-44.416703336371,-44.417431276578,-7.279402063816e-04,4.424516355,11.096758751,11.097032426,15.521275106,15.521548781
6213000000.000000,1.000000000000e+00,1.000000000000e+00,-4.146608106179e-14,-44.486450021544,-44.487179656945,-7.296354009370e-04,3.974238038,11.104067594,11.104333327,15.078305632,15.078571365
6214000000.000000,1.000000000000e+00,1.000000000000e+00,4.243040852834e-14,-44.556241165087,-44.556972444585,-7.312794986802e-04,3.899884000,11.110906096,11.111163510,15.010790096,15.011047510
6215000000.000000,1.000000000000e+00,1.000000000000e+00,1.002900565215e-13,-44.626073785408,-44.626806655568,-7.328701597515e-04,4.560857165,11.117266165,11.117514892,15.678123330,15.678372057
6216000000.000000,1.000000000000e+00,1.000000000000e+00,-4.435906346145e-14,-44.695944851933,-44.696679257029,-7.344050962530e-04,3.966859415,11.123140310,11.123379991,15.089999725,15.090239406
6217000000.000000,1.000000000000e+00,1.000000000000e+00,-1.157192959864e-14,-44.765851288941,-44.766587171018,-7.358820769028e-04,4.101894858,11.128521662,11.128751946,15.230416520,15.230646804
6218000000.000000,1.000000000000e+00,1.000000000000e+00,7.714619732426e-15,-44.835789979523,-44.836527278455,-7.372989316039e-04,4.060887421,11.133403988,11.133624535,15.194291409,15.194511956
6219000000.000000,1.000000000000e+00,1.000000000000e+00,8.678947198980e-14,-44.905757769655,-44.906496423211,-7.386535558638e-04,3.818515786,11.137781714,11.137992195,14.956297500,14.956507981
6220000000.000000,1.000000000000e+00,1.000000000000e+00,-1.282555530516e-13,-44.975751472358,-44.976491416273,-7.399439150859e-04,4.349824088,11.141649932,11.141850029,15.491474020,15.491674117
6221000000.000000,1.000000000000e+00,1.000000000000e+00,-7.232455999150e-14,-45.045767871961,-45.046509040009,-7.411680486982e-04,4.456390139,11.145004422,11.145193829,15.601394561,15.601583968
6222000000.000000,1.000000000000e+00,1.000000000000e+00,-1.648999967806e-13,-45.115803728425,-45.116546052499,-7.423240740110e-04,4.355495943,11.147841655,11.148020079,15.503337598,15.503516022
6223000000.000000,1.000000000000e+00,1.000000000000e+00,-7.714619732426e-14,-45.185855781747,-45.186599191937,-7.434101900259e-04,3.990914009,11.150158807,11.150325968,15.141072816,15.141239977
6224000000.000000,1.000000000000e+00,1.000000000000e+00,-1.205409333192e-13,-45.255920756403,-45.256665181084,-7.444246808817e-04,4.041377505,11.151953766,11.152109398,15.193331271,15.193486903
6225000000.000000,1.000000000000e+00,1.000000000000e+00,2.314385919728e-14,-45.325995365842,-45.326740731761,-7.453659191299e-04,4.297262073,11.153225135,11.153368987,15.450487208,15.450631060
6226000000.000000,1.000000000000e+00,1.000000000000e+00,-5.207368319388e-14,-45.396076317000,-45.396822549369,-7.462323687903e-04,4.081733816,11.153972240,11.154104074,15.235706056,15.235837890
6227000000.000000,1.000000000000e+00,1.000000000000e+00,-6.653859519218e-14,-45.466160314835,-45.466907337423,-7.470225880439e-04,3.966402623,11.154195126,11.154314720,15.120597749,15.120717343
6228000000.000000,1.000000000000e+00,1.000000000000e+00,5.978830292630e-14,-45.536244066860,-45.536991802092,-7.477352317622e-04,4.160762225,11.153894560,11.154001708,15.314656785,15.314763933
6229000000.000000,1.000000000000e+00,1.000000000000e+00,9.257543678912e-14,-45.606324287667,-45.607072656721,-7.483690536674e-04,3.981518769,11.153072026,11.153166538,15.134590795,15.134685307
6230000000.000000,1.000000000000e+00,1.000000000000e+00,1.099333311871e-13,-45.676397703426,-45.677146626335,-7.489229082580e-04,4.150124117,11.151729722,11.151811425,15.301853839,15.301935542
6231000000.000000,1.000000000000e+00,1.000000000000e+00,7.714619732426e-14,-45.746461056351,-45.747210452103,-7.493957524076e-04,4.186110254,11.149870554,11.149939288,15.335980808,15.336049542
6232000000.000000,1.000000000000e+00,1.000000000000e+00,9.257543678912e-14,-45.816511109111,-45.817260895757,-7.497866466650e-04,4.111230976,11.147498123,11.147553748,15.258729099,15.258784724
6233000000.000000,1.000000000000e+00,1.000000000000e+00,4.628771839456e-14,-45.886544649189,-45.887294743945,-7.500947562278e-04,4.128738313,11.144616719,11.144659110,15.273355032,15.273397423
6234000000.000000,1.000000000000e+00,1.000000000000e+00,-1.243982431854e-13,-45.956558493159,-45.957308812510,-7.503193516172e-04,4.353601851,11.141231306,11.141260356,15.494833157,15.494862207
6235000000.000000,1.000000000000e+00,1.000000000000e+00,-1.639356693141e-14,-46.026549490884,-46.027299950693,-7.504598090975e-04,4.444955687,11.137347509,11.137363127,15.582303196,15.582318814
6236000000.000000,1.000000000000e+00,1.000000000000e+00,-7.328888745805e-14,-46.096514529620,-46.097265045230,-7.505156106404e-04,3.819087772,11.132971596,11.132973708,14.952059368,14.952061480
6237000000.000000,1.000000000000e+00,1.000000000000e+00,5.978830292630e-14,-46.166450538003,-46.167201024347,-7.504863437902e-04,4.019158378,11.128110463,11.128099011,15.147268841,15.147257389
6238000000.000000,1.000000000000e+00,1.000000000000e+00,7.714619732426e-15,-46.236354489936,-46.237104861637,-7.503717010167e-04,4.324538251,11.122771612,11.122746556,15.447309863,15.447284807
6239000000.000000,1.000000000000e+00,1.000000000000e+00,9.643274665533e-15,-46.306223408340,-46.306973579819,-7.501714789200e-04,4.059427358,11.116963133,11.116924448,15.176390491,15.176351806
6240000000.000000,1.000000000000e+00,1.000000000000e+00,-1.639356693141e-14,-46.376054368768,-46.376804254345,-7.498855770933e-04,4.301811977,11.110693679,11.110641358,15.412505656,15.412453335
6241000000.000000,1.000000000000e+00,1.000000000000e+00,-7.618186985771e-14,-46.445844502887,-46.446594016884,-7.495139967020e-04,4.226393443,11.103972445,11.103906496,15.330365888,15.330299939
6242000000.000000,1.000000000000e+00,1.000000000000e+00,8.293216212358e-14,-46.515591001803,-46.516340058642,-7.490568388135e-04,3.969654661,11.096809144,11.096729591,15.066463805,15.066384252
6243000000.000000,1.000000000000e+00,1.000000000000e+00,-7.521754239116e-14,-46.585291119227,-46.586039633529,-7.485143024581e-04,4.182527638,11.089213979,11.089120861,15.271741617,15.271648499
6244000000.000000,1.000000000000e+00,1.000000000000e+00,7.714619732426e-14,-46.654942174485,-46.655690061167,-7.478866824187e-04,4.265388301,11.081197619,11.081090990,15.346585920,15.346479291
6245000000.000000,1.000000000000e+00,1.000000000000e+00,3.471578879592e-14,-46.724541555357,-46.725288729724,-7.471743669001e-04,4.335715640,11.072771171,11.072651100,15.408486811,15.408366740
6246000000.000000,1.000000000000e+00,1.000000000000e+00,-3.182280639626e-14,-46.794086720743,-46.794833098578,-7.463778347940e-04,4.237594972,11.063946151,11.063812723,15.301541123,15.301407695
6247000000.000000,1.000000000000e+00,1.000000000000e+00,1.446491199830e-13,-46.863575203151,-46.864320700804,-7.454976529644e-04,4.059865713,11.054734460,11.054587770,15.114600173,15.114453483
6248000000.000000,1.000000000000e+00,1.000000000000e+00,-8.582514452324e-14,-46.933004611013,-46.933749145486,-7.445344731281e-04,4.030625490,11.045148351,11.044988509,15.075773841,15.075613999
6249000000.000000,1.000000000000e+00,1.000000000000e+00,-3.375146132937e-14,-47.002372630814,-47.003116119843,-7.434890287641e-04,4.298882863,11.035200400,11.035027530,15.334083263,15.333910393
6250000000.000000,1.000000000000e+00,1.000000000000e+00,-6.075263039286e-14,-47.071677029040,-47.072419391172,-7.423621317173e-04,4.065320609,11.024903481,11.024717718,15.090224090,15.090038327
6251000000.000000,1.000000000000e+00,1.000000000000e+00,5.593099306009e-14,-47.140915653942,-47.141656808611,-7.411546687734e-04,4.178800685,11.014270733,11.014072225,15.193071418,15.192872910
6252000000.000000,1.000000000000e+00,1.000000000000e+00,1.041473663878e-13,-47.210086437123,-47.210826304721,-7.398675980355e-04,4.452117132,11.003315534,11.003104437,15.455432666,15.455221569
6253000000.000000,1.000000000000e+00,1.000000000000e+00,-1.282555530516e-13,-47.279187394933,-47.279925896878,-7.385019452641e-04,4.046737888,10.992051469,10.991827952,15.038789357,15.038565840
6254000000.000000,1.000000000000e+00,1.000000000000e+00,4.050175359524e-14,-47.348216629691,-47.348953688491,-7.370588000981e-04,4.045241985,10.980492302,10.980256543,15.025734287,15.025498528
6255000000.000000,1.000000000000e+00,1.000000000000e+00,-2.507251413039e-14,-47.417172330728,-47.417907870040,-7.355393122239e-04,4.222357028,10.968651951,10.968404138,15.191008979,15.190761166
6256000000.000000,1.000000000000e+00,1.000000000000e+00,9.643274665533e-14,-47.486052775247,-47.486786719934,-7.339446874610e-04,4.781553527,10.956544456,10.956284785,15.738097983,15.737838312
6257000000.000000,1.000000000000e+00,1.000000000000e+00,-7.521754239116e-14,-47.554856329018,-47.555588605202,-7.322761838608e-04,4.476634117,10.944183955,10.943912630,15.420818072,15.420546747
6258000000.000000,1.000000000000e+00,1.000000000000e+00,9.257543678912e-14,-47.623581446902,-47.624311982009,-7.305351077633e-04,3.790017203,10.931584656,10.931301887,14.721601859,14.721319090
6259000000.000000,1.000000000000e+00,1.000000000000e+00,-9.546841918878e-14,-47.692226673205,-47.692955396014,-7.287228098249e-04,4.078142250,10.918760809,10.918466816,14.996903059,14.996609066
6260000000.000000,1.000000000000e+00,1.000000000000e+00,-7.907485225737e-14,-47.760790641879,-47.761517482561,-7.268406811178e-04,4.230058581,10.905726687,10.905421693,15.135785268,15.135480274
6261000000.000000,1.000000000000e+00,1.000000000000e+00,-7.618186985771e-14,-47.829272076567,-47.829996966716,-7.248901491863e-04,4.499216972,10.892496554,10.892180790,15.391713526,15.391397762
6262000000.000000,1.000000000000e+00,1.000000000000e+00,-8.775379945635e-14,-47.897669790487,-47.898392663161,-7.228726741886e-04,4.462660042,10.879084648,10.878758348,15.341744690,15.341418390
6263000000.000000,1.000000000000e+00,1.000000000000e+00,8.293216212358e-14,-47.965982686192,-47.966703475937,-7.207897450456e-04,4.154695227,10.865505155,10.865168558,15.020200382,15.019863785
6264000000.000000,1.000000000000e+00,1.000000000000e+00,8.100350719048e-14,-48.034209755174,-48.034928398049,-7.186428756754e-04,4.700415720,10.851772189,10.851425538,15.552187909,15.551841258
6265000000.000000,1.000000000000e+00,1.000000000000e+00,-1.301842079847e-13,-48.102350077344,-48.103066510945,-7.164336013545e-04,4.680016153,10.837899772,10.837543312,15.517915925,15.517559465
6266000000.000000,1.000000000000e+00,1.000000000000e+00,-1.427204650499e-13,-48.170402820388,-48.171116983863,-7.141634750099e-04,4.276064173,10.823901812,10.823535792,15.099965985,15.099599965
6267000000.000000,1.000000000000e+00,1.000000000000e+00,9.064678185601e-14,-48.238367239002,-48.239079073066,-7.118340637433e-04,4.245196985,10.809792087,10.809416757,15.054989072,15.054613742
6268000000.000000,1.000000000000e+00,1.000000000000e+00,-1.745432714461e-13,-48.306242674014,-48.306952120959,-7.094469454074e-04,4.142569137,10.795584227,10.795199840,14.938153364,14.937768977
6269000000.000000,1.000000000000e+00,1.000000000000e+00,-1.089690037205e-13,-48.374028551400,-48.374735555106,-7.070037052443e-04,4.522682363,10.781291699,10.780898506,15.303974062,15.303580869
6270000000.000000,1.000000000000e+00,1.000000000000e+00,-1.542923946485e-13,-48.441724381210,-48.442428887143,-7.045059327169e-04,4.424084701,10.766927790,10.766526044,15.191012491,15.190610745
6271000000.000000,1.000000000000e+00,1.000000000000e+00,3.664444372902e-14,-48.509329756388,-48.510031711606,-7.019552183749e-04,4.476203608,10.752505593,10.752095547,15.228709201,15.228299155
6272000000.000000,1.000000000000e+00,1.000000000000e+00,1.388631551837e-13,-48.576844351519,-48.577543704670,-6.993531508925e-04,4.454750133,10.738037994,10.737619902,15.192788127,15.192370035
6273000000.000000,1.000000000000e+00,1.000000000000e+00,-5.882397545975e-14,-48.644267921495,-48.644964622809,-6.967013141974e-04,4.352317132,10.723537664,10.723111776,15.075854796,15.075428908
6274000000.000000,1.000000000000e+00,1.000000000000e+00,-1.832222186451e-13,-48.711600300105,-48.712294301389,-6.940012847707e-04,4.257601549,10.709017042,10.708583609,14.966618591,14.966185158
6275000000.000000,1.000000000000e+00,1.000000000000e+00,-3.471578879592e-14,-48.778841398565,-48.779532653194,-6.912546290394e-04,4.566587130,10.694488330,10.694047599,15.261075460,15.260634729
6276000000.000000,1.000000000000e+00,1.000000000000e+00,1.253625706519e-13,-48.845991203988,-48.846679666889,-6.884629009107e-04,5.065198234,10.679963480,10.679515699,15.745161714,15.744713933
6277000000.000000,1.000000000000e+00,1.000000000000e+00,1.832222186451e-13,-48.913049777804,-48.913735405444,-6.856276394274e-04,4.426502765,10.665454191,10.664999602,15.091956956,15.091502367
6278000000.000000,1.000000000000e+00,1.000000000000e+00,9.643274665533e-15,-48.980017254128,-48.980700004494,-6.827503666216e-04,4.104337349,10.650971899,10.650510743,14.755309248,14.754848092
6279000000.000000,1.000000000000e+00,1.000000000000e+00,6.750292265873e-14,-49.046893838092,-49.047573670677,-6.798325853623e-04,4.266086044,10.636527771,10.636060286,14.902613815,14.902146330
6280000000.000000,1.000000000000e+00,1.000000000000e+00,-4.146608106179e-14,-49.113679804146,-49.114356679923,-6.768757774935e-04,4.866499054,10.622132701,10.621659120,15.488631755,15.488158174
6281000000.000000,1.000000000000e+00,1.000000000000e+00,-1.350058453175e-14,-49.180375494322,-49.181049375724,-6.738814020082e-04,4.717701436,10.607797305,10.607317860,15.325498741,15.325019296
6282000000.000000,1.000000000000e+00,1.000000000000e+00,-3.278713386281e-14,-49.246981316480,-49.247652167374,-6.708508933642e-04,4.260171948,10.593531920,10.593046836,14.853703868,14.853218784
6283000000.000000,1.000000000000e+00,1.000000000000e+00,-3.857309866213e-15,-49.313497742537,-49.314165528197,-6.677856599424e-04,4.404332404,10.579346597,10.578856096,14.983679001,14.983188500
6284000000.000000,1.000000000000e+00,1.000000000000e+00,1.060760213209e-13,-49.379925306674,-49.380589993757,-6.646870826330e-04,4.557683863,10.565251104,10.564755404,15.122934967,15.122439267
6285000000.000000,1.000000000000e+00,1.000000000000e+00,-2.603684159694e-14,-49.446264603544,-49.446926160058,-6.615565134993e-04,4.786872614,10.551254922,10.550754236,15.338127536,15.337626850
6286000000.000000,1.000000000000e+00,1.000000000000e+00,5.978830292630e-14,-49.512516286467,-49.513174681742,-6.583952746340e-04,4.646243608,10.537367244,10.536861779,15.183610852,15.183105387
6287000000.000000,1.000000000000e+00,1.000000000000e+00,-8.775379945635e-14,-49.578681065631,-49.579336270288,-6.552046570576e-04,4.618939013,10.523596978,10.523086938,15.142535991,15.142025951
6288000000.000000,1.000000000000e+00,1.000000000000e+00,-5.593099306009e-14,-49.644759706292,-49.645411692211,-6.519859197880e-04,4.716651476,10.509952746,10.509438328,15.226604222,15.226089804
6289000000.000000,1.000000000000e+00,1.000000000000e+00,-3.182280639626e-14,-49.710753026979,-49.711401767268,-6.487402889448e-04,4.491297648,10.496442885,10.495924282,14.987740533,14.987221930
6290000000.000000,1.000000000000e+00,1.000000000000e+00,-4.435906346145e-14,-49.776661897717,-49.777307366674,-6.454689570532e-04,4.852972807,10.483075450,10.482552848,15.336048257,15.335525655
6291000000.000000,1.000000000000e+00,1.000000000000e+00,-1.031830389212e-13,-49.842487238256,-49.843129411338,-6.421730823618e-04,4.770313127,10.469858214,10.469331796,15.240171341,15.239644923
6292000000.000000,1.000000000000e+00,1.000000000000e+00,2.892982399660e-14,-49.908230016315,-49.908868870103,-6.388537882742e-04,4.178549615,10.456798676,10.456268617,14.635348291,14.634818232
6293000000.000000,1.000000000000e+00,1.000000000000e+00,-7.907485225737e-14,-49.973891245855,-49.974526758018,-6.355121629298e-04,4.766596916,10.443904057,10.443370528,15.210500973,15.209967444
6294000000.000000,1.000000000000e+00,1.000000000000e+00,1.195766058526e-13,-50.039471985361,-50.040104134620,-6.321492587915e-04,5.153919150,10.431181311,10.430644476,15.585100461,15.584563626
6295000000.000000,1.000000000000e+00,1.000000000000e+00,-3.182280639626e-14,-50.104973336156,-50.105602102248,-6.287660923618e-04,4.590585826,10.418637122,10.418097140,15.009222948,15.008682966
6296000000.000000,1.000000000000e+00,1.000000000000e+00,-3.278713386281e-14,-50.170396440734,-50.171021804378,-6.253636439482e-04,4.749189117,10.406277913,10.405734937,15.155467030,15.154924054
6297000000.000000,1.000000000000e+00,1.000000000000e+00,9.643274665533e-15,-50.235742481129,-50.236364423987,-6.219428575633e-04,4.909318608,10.394109849,10.393564027,15.303428457,15.302882635
6298000000.000000,1.000000000000e+00,1.000000000000e+00,-1.832222186451e-14,-50.301012677302,-50.301631181943,-6.185046407978e-04,4.686513447,10.382138840,10.381590313,15.068652287,15.068103760
6299000000.000000,1.000000000000e+00,1.000000000000e+00,-8.775379945635e-14,-50.366208285565,-50.366823335430,-6.150498648481e-04,4.673500164,10.370370550,10.369819454,15.043870714,15.043319618
6300000000.000000,1.000000000000e+00,1.000000000000e+00,-9.643274665533e-16,-50.431330597037,-50.431942176401,-6.115793645449e-04,4.734925663,10.358810396,10.358256861,15.093736059,15.093182524
6301000000.000000,1.000000000000e+00,1.000000000000e+00,1.928654933107e-14,-50.496380936125,-50.496989030063,-6.080939384745e-04,4.979335242,10.347463560,10.346907710,15.326798802,15.326242952
6302000000.000000,1.000000000000e+00,1.000000000000e+00,-1.832222186451e-14,-50.561360659050,-50.561965253399,-6.045943491557e-04,4.614216184,10.336334989,10.335776943,14.950551173,14.949993127
6303000000.000000,1.000000000000e+00,1.000000000000e+00,5.014502826077e-14,-50.626271152394,-50.626872233718,-6.010813232180e-04,4.788440167,10.325429404,10.324869274,15.113869571,15.113309441
6304000000.000000,1.000000000000e+00,1.000000000000e+00,-1.542923946485e-14,-50.691113831693,-50.691711387245,-5.975555516926e-04,5.025192699,10.314751302,10.314189196,15.339944001,15.339381895
6305000000.000000,1.000000000000e+00,1.000000000000e+00,-7.714619732426e-14,-50.755890140054,-50.756484157745,-5.940176902968e-04,4.458179851,10.304304966,10.303740985,14.762484817,14.761920836
6306000000.000000,1.000000000000e+00,1.000000000000e+00,-7.232455999150e-14,-50.820601546817,-50.821192015177,-5.904683597606e-04,4.742027976,10.294094465,10.293528706,15.036122441,15.035556682
6307000000.000000,1.000000000000e+00,1.000000000000e+00,-5.882397545975e-14,-50.885249546243,-50.885836454389,-5.869081462535e-04,5.203567798,10.284123666,10.283556218,15.487691464,15.487124016
6308000000.000000,1.000000000000e+00,1.000000000000e+00,-1.128263135867e-13,-50.949835656247,-50.950418993849,-5.833376017250e-04,4.913793365,10.274396234,10.273827183,15.188189599,15.187620548
6309000000.000000,1.000000000000e+00,1.000000000000e+00,-1.552567221151e-13,-51.014361417158,-51.014941174402,-5.797572444024e-04,4.506276401,10.264915641,10.264345067,14.771192042,14.770621468
6310000000.000000,1.000000000000e+00,1.000000000000e+00,-9.643274665533e-15,-51.078828390514,-51.079404558073,-5.761675592240e-04,5.155060281,10.255685169,10.255113147,15.410745450,15.410173428
6311000000.000000,1.000000000000e+00,1.000000000000e+00,-6.943157759184e-14,-51.143238157900,-51.143810726899,-5.725689983507e-04,4.716489895,10.246707920,10.246134518,14.963197815,14.962624413
6312000000.000000,1.000000000000e+00,1.000000000000e+00,-3.953742612868e-14,-51.207592319811,-51.208161281792,-5.689619816494e-04,4.709176591,10.237986814,10.237412097,14.947163405,14.946588688
6313000000.000000,1.000000000000e+00,1.000000000000e+00,5.785964799320e-14,-51.271892494549,-51.272457841446,-5.653468972611e-04,5.197436819,10.229524602,10.228948629,15.426961421,15.426385448
6314000000.000000,1.000000000000e+00,1.000000000000e+00,-2.796549653005e-14,-51.336140317162,-51.336702041264,-5.617241021270e-04,4.558674415,10.221323865,10.220746692,14.779998280,14.779421107
6315000000.000000,1.000000000000e+00,1.000000000000e+00,5.978830292630e-14,-51.400337438405,-51.400895532328,-5.580939225496e-04,4.947814764,10.213387024,10.212808699,15.161201788,15.160623463
6316000000.000000,1.000000000000e+00,1.000000000000e+00,4.435906346145e-14,-51.464485523738,-51.465039980393,-5.544566548110e-04,4.921319964,10.205716343,10.205136911,15.127036307,15.126456875
6317000000.000000,1.000000000000e+00,1.000000000000e+00,-5.882397545975e-14,-51.528586252354,-51.529137064920,-5.508125657272e-04,4.854579221,10.198313931,10.197733432,15.052893152,15.052312653
6318000000.000000,1.000000000000e+00,1.000000000000e+00,-1.002900565215e-13,-51.592641316237,-51.593188478130,-5.471618932162e-04,5.336417498,10.191181752,10.190600222,15.527599250,15.527017720
6319000000.000000,1.000000000000e+00,1.000000000000e+00,-5.593099306009e-14,-51.656652419247,-51.657195924094,-5.435048470090e-04,5.369505580,10.184321626,10.183739096,15.553827206,15.553244676
6320000000.000000,1.000000000000e+00,1.000000000000e+00,1.542923946485e-14,-51.720621276240,-51.721161117849,-5.398416091680e-04,4.928363137,10.177735233,10.177151731,15.106098370,15.105514868
6321000000.000000,1.000000000000e+00,1.000000000000e+00,8.293216212358e-14,-51.784549612205,-51.785085784540,-5.361723347619e-04,4.660819228,10.171424122,10.170839669,14.832243350,14.831658897
6322000000.000000,1.000000000000e+00,1.000000000000e+00,1.137906410533e-13,-51.848439161436,-51.848971658588,-5.324971524843e-04,4.572081383,10.165389709,10.164804324,14.737471092,14.736885707
6323000000.000000,1.000000000000e+00,1.000000000000e+00,-4.725204586111e-14,-51.912291666726,-51.912820482891,-5.288161652572e-04,4.932923345,10.159633284,10.159046981,15.092556629,15.091970326
6324000000.000000,1.000000000000e+00,1.000000000000e+00,-2.796549653005e-14,-51.976108878584,-51.976634008035,-5.251294508994e-04,4.910488088,10.154156014,10.153568804,15.064644102,15.064056892
6325000000.000000,1.000000000000e+00,1.000000000000e+00,-7.714619732426e-14,-52.039892554477,-52.040413991540,-5.214370627584e-04,4.799678607,10.148958950,10.148370839,14.948637557,14.948049446
6326000000.000000,1.000000000000e+00,1.000000000000e+00,-7.136023252494e-14,-52.103644458094,-52.104162197124,-5.177390303359e-04,5.397315347,10.144043022,10.143454014,15.541358369,15.540769361
6327000000.000000,1.000000000000e+00,1.000000000000e+00,-7.521754239116e-14,-52.167366358626,-52.167880393986,-5.140353599344e-04,5.240732712,10.139409054,10.138819146,15.380141766,15.379551858
6328000000.000000,1.000000000000e+00,1.000000000000e+00,1.022187114546e-13,-52.231060030075,-52.231570356111,-5.103260352755e-04,4.923137615,10.135057755,10.134466945,15.058195370,15.057604560
6329000000.000000,1.000000000000e+00,1.000000000000e+00,5.207368319388e-14,-52.294727250574,-52.295233861592,-5.066110181744e-04,5.005264962,10.130989731,10.130398010,15.136254693,15.135662972
6330000000.000000,1.000000000000e+00,1.000000000000e+00,-9.450409172222e-14,-52.358369801724,-52.358872691973,-5.028902491659e-04,4.931287294,10.127205482,10.126612839,15.058492776,15.057900133
6331000000.000000,1.000000000000e+00,1.000000000000e+00,3.085847892971e-14,-52.421989467953,-52.422488631601,-4.991636481151e-04,4.693482448,10.123705409,10.123111830,14.817187857,14.816594278
6332000000.000000,1.000000000000e+00,1.000000000000e+00,-9.546841918878e-14,-52.485588035884,-52.486083466999,-4.954311149135e-04,4.690057746,10.120489811,10.119895279,14.810547557,14.809953025
6333000000.000000,1.000000000000e+00,1.000000000000e+00,6.171695785941e-14,-52.549167293720,-52.549658986250,-4.916925300407e-04,5.411951716,10.117558893,10.116963386,15.529510609,15.528915102
6334000000.000000,1.000000000000e+00,1.000000000000e+00,2.314385919728e-14,-52.612729030641,-52.613216978396,-4.879477552748e-04,5.189693508,10.114912761,10.114316257,15.304606269,15.304009765
6335000000.000000,1.000000000000e+00,1.000000000000e+00,-2.025087679762e-14,-52.676275036210,-52.676759232844,-4.841966342823e-04,4.504164663,10.112551432,10.111953904,14.616716095,14.616118567
6336000000.000000,1.000000000000e+00,1.000000000000e+00,0.000000000000e+00,-52.739807099793,-52.740287538786,-4.804389932573e-04,4.961300756,10.110474828,10.109876247,15.071775584,15.071177003
6337000000.000000,1.000000000000e+00,1.000000000000e+00,-1.060760213209e-13,-52.803327009984,-52.803803684626,-4.766746415683e-04,5.609370634,10.108682781,10.108083115,15.718053415,15.717453749
6338000000.000000,1.000000000000e+00,1.000000000000e+00,-4.243040852834e-14,-52.866836554041,-52.867309457414,-4.729033724189e-04,4.888080700,10.107175034,10.106574250,14.995255734,14.994654950
6339000000.000000,1.000000000000e+00,1.000000000000e+00,-9.932572905499e-14,-52.930337517325,-52.930806642289,-4.691249634234e-04,4.545146471,10.105951241,10.105349302,14.651097712,14.650495773
6340000000.000000,1.000000000000e+00,1.000000000000e+00,-4.339473599490e-14,-52.993831682748,-52.994297021925,-4.653391772891e-04,5.268619545,10.105010969,10.104407835,15.373630514,15.373027380
6341000000.000000,1.000000000000e+00,1.000000000000e+00,-9.643274665533e-16,-53.057320830220,-53.057782375983,-4.615457624269e-04,5.114091854,10.104353696,10.103749327,15.218445550,15.217841181
6342000000.000000,1.000000000000e+00,1.000000000000e+00,4.435906346145e-14,-53.120806736107,-53.121264480561,-4.577444536267e-04,4.828141815,10.103978814,10.103373167,14.932120629,14.931514982
6343000000.000000,1.000000000000e+00,1.000000000000e+00,-2.507251413039e-14,-53.184291172680,-53.184745107653,-4.539349726898e-04,5.006179008,10.103885630,10.103278659,15.110064638,15.109457667
6344000000.000000,1.000000000000e+00,1.000000000000e+00,1.677929791803e-13,-53.247775907575,-53.248226024604,-4.501170290183e-04,5.125562206,10.104073361,10.103465019,15.229635567,15.229027225
6345000000.000000,1.000000000000e+00,1.000000000000e+00,-4.339473599490e-14,-53.311262703244,-53.311708993565,-4.462903203475e-04,5.204847851,10.104541139,10.103931377,15.309388990,15.308779228
6346000000.000000,1.000000000000e+00,1.000000000000e+00,-1.407918101168e-13,-53.374753316411,-53.375195770945,-4.424545333208e-04,5.122217137,10.105288008,10.104676775,15.227505145,15.226893912
6347000000.000000,1.000000000000e+00,1.000000000000e+00,-9.643274665533e-16,-53.438249497519,-53.438688106863,-4.386093442434e-04,4.983182310,10.106312926,10.105700170,15.089495236,15.088882480
6348000000.000000,1.000000000000e+00,1.000000000000e+00,-1.610426869144e-13,-53.501752990178,-53.502187744598,-4.347544196079e-04,4.961520716,10.107614759,10.107000426,15.069135475,15.068521142
6349000000.000000,1.000000000000e+00,1.000000000000e+00,6.750292265873e-14,-53.565265530605,-53.565696420022,-4.308894168972e-04,4.808918091,10.109192286,10.108576322,14.918110377,14.917494413
6350000000.000000,1.000000000000e+00,1.000000000000e+00,6.943157759184e-14,-53.628788847059,-53.629215861045,-4.270139851812e-04,5.115224323,10.111044196,10.110426543,15.226268519,15.225650866
6351000000.000000,1.000000000000e+00,1.000000000000e+00,-5.400233812698e-14,-53.692324659269,-53.692747787035,-4.231277658207e-04,5.123058840,10.113169084,10.112549685,15.236227924,15.235608525
6352000000.000000,1.000000000000e+00,1.000000000000e+00,8.293216212358e-14,-53.755874677851,-53.756293908244,-4.192303931632e-04,5.002657122,10.115565453,10.114944249,15.118222575,15.117601371
6353000000.000000,1.000000000000e+00,1.000000000000e+00,3.857309866213e-15,-53.819440603720,-53.819855925215,-4.153214952183e-04,4.683640166,10.118231711,10.117608643,14.801871877,14.801248809
6354000000.000000,1.000000000000e+00,1.000000000000e+00,-3.471578879592e-14,-53.883024127490,-53.883435528184,-4.114006944249e-04,4.662784586,10.121166170,10.120541177,14.783950756,14.783325763
6355000000.000000,1.000000000000e+00,1.000000000000e+00,-4.339473599490e-14,-53.946626928859,-53.947034396468,-4.074676082837e-04,5.191191247,10.124367043,10.123740065,15.315558290,15.314931312
6356000000.000000,1.000000000000e+00,1.000000000000e+00,3.085847892971e-14,-54.010250675990,-54.010654197840,-4.035218501812e-04,5.251091694,10.127832444,10.127203418,15.378924138,15.378295112
6357000000.000000,1.000000000000e+00,1.000000000000e+00,-6.943157759184e-14,-54.073897024869,-54.074296587899,-3.995630300579e-04,5.187143527,10.131560382,10.130929246,15.318703909,15.318072773
6358000000.000000,1.000000000000e+00,1.000000000000e+00,4.050175359524e-14,-54.137567618656,-54.137963209411,-3.955907552182e-04,5.046529677,10.135548764,10.134915455,15.182078441,15.181445132
6359000000.000000,1.000000000000e+00,1.000000000000e+00,2.121520426417e-14,-54.201264087020,-54.201655691651,-3.916046310550e-04,4.904862008,10.139795388,10.139159843,15.044657396,15.044021851
6360000000.000000,1.000000000000e+00,1.000000000000e+00,-4.050175359524e-14,-54.264988045455,-54.265375649717,-3.876042618955e-04,4.767483426,10.144297942,10.143660099,14.911781368,14.911143525
6361000000.000000,1.000000000000e+00,1.000000000000e+00,-3.278713386281e-14,-54.328741094584,-54.329124683835,-3.835892517259e-04,4.909892247,10.149054003,10.148413797,15.058946250,15.058306044
6362000000.000000,1.000000000000e+00,1.000000000000e+00,7.714619732426e-15,-54.392524819439,-54.392904378644,-3.795592050579e-04,4.835073699,10.154061030,10.153418401,14.989134729,14.988492100
6363000000.000000,1.000000000000e+00,1.000000000000e+00,-3.278713386281e-14,-54.456340788734,-54.456716302462,-3.755137277537e-04,4.744544555,10.159316368,10.158671251,14.903860923,14.903215806
6364000000.000000,1.000000000000e+00,1.000000000000e+00,1.620070143810e-13,-54.520190554106,-54.520562006534,-3.714524278422e-04,5.018669981,10.164817236,10.164169570,15.183487217,15.182839551
6365000000.000000,1.000000000000e+00,1.000000000000e+00,-7.328888745805e-14,-54.584075649349,-54.584443024265,-3.673749164292e-04,5.275649130,10.170560732,10.169910455,15.446209862,15.445559585
6366000000.000000,1.000000000000e+00,1.000000000000e+00,1.735789439796e-14,-54.647997589617,-54.648360870426,-3.632808085285e-04,4.947308727,10.176543824,10.175890876,15.123852551,15.123199603
6367000000.000000,1.000000000000e+00,1.000000000000e+00,-5.593099306009e-14,-54.711957870617,-54.712317040341,-3.591697240424e-04,4.713175220,10.182763352,10.182107672,14.895938572,14.895282892
6368000000.000000,1.000000000000e+00,1.000000000000e+00,-1.157192959864e-13,-54.775957967773,-54.776313009062,-3.550412885787e-04,4.821585756,10.189216018,10.188557547,15.010801774,15.010143303
6369000000.000000,1.000000000000e+00,1.000000000000e+00,-6.846725012528e-14,-54.839999335373,-54.840350230508,-3.508951344813e-04,4.796740179,10.195898390,10.195237071,14.992638569,14.991977250
6370000000.000000,1.000000000000e+00,1.000000000000e+00,1.292198805181e-13,-54.904083405694,-54.904430136596,-3.467309017253e-04,4.890026772,10.202806893,10.202142669,15.092833665,15.092169441
6371000000.000000,1.000000000000e+00,1.000000000000e+00,-2.796549653005e-14,-54.968211588103,-54.968554136342,-3.425482389474e-04,5.290310436,10.209937808,10.209270623,15.500248244,15.499581059
6372000000.000000,1.000000000000e+00,1.000000000000e+00,-3.953742612868e-14,-55.032385268137,-55.032723614941,-3.383468043978e-04,4.964983568,10.217287266,10.216617067,15.182270834,15.181600635
6373000000.000000,1.000000000000e+00,1.000000000000e+00,-1.735789439796e-14,-55.096605806563,-55.096939932830,-3.341262669849e-04,4.751533265,10.224851249,10.224177984,14.976384514,14.975711249
6374000000.000000,1.000000000000e+00,1.000000000000e+00,-7.039590505839e-14,-55.160874538412,-55.161204424719,-3.298863073056e-04,5.227829252,10.232625583,10.231949202,15.460454835,15.459778454
6375000000.000000,1.000000000000e+00,1.000000000000e+00,2.121520426417e-14,-55.225192771992,-55.225518398610,-3.256266186895e-04,4.731333873,10.240605933,10.239926389,14.971939806,14.971260262
6376000000.000000,1.000000000000e+00,1.000000000000e+00,-3.760877119558e-14,-55.289561787880,-55.289883134789,-3.213469083079e-04,4.352633000,10.248787805,10.248105052,14.601420805,14.600738052
6377000000.000000,1.000000000000e+00,1.000000000000e+00,-5.496666559354e-14,-55.353982837893,-55.354299884791,-3.170468981963e-04,4.733624169,10.257166536,10.256480532,14.990790705,14.990104701
6378000000.000000,1.000000000000e+00,1.000000000000e+00,3.857309866213e-14,-55.418457144029,-55.418769870356,-3.127263264702e-04,4.886955194,10.265737297,10.265048001,15.152692491,15.152003195
6379000000.000000,1.000000000000e+00,1.000000000000e+00,5.400233812698e-14,-55.482985897401,-55.483294282350,-3.083849483687e-04,4.968796187,10.274495085,10.273802459,15.243291272,15.242598646
6380000000.000000,1.000000000000e+00,1.000000000000e+00,1.118619861202e-13,-55.547570257137,-55.547874279674,-3.040225374278e-04,5.043291173,10.283434719,10.282738729,15.326725892,15.326029902
6381000000.000000,1.000000000000e+00,1.000000000000e+00,2.314385919728e-14,-55.612211349266,-55.612510988153,-2.996388866379e-04,4.489214315,10.292550842,10.291851457,14.781765157,14.781065772
6382000000.000000,1.000000000000e+00,1.000000000000e+00,4.050175359524e-14,-55.676910265584,-55.677205499394,-2.952338096378e-04,4.978118314,10.301837914,10.301135106,15.279956228,15.279253420
6383000000.000000,1.000000000000e+00,1.000000000000e+00,6.557426772562e-14,-55.741668062502,-55.741958869644,-2.908071418659e-04,4.879007602,10.311290210,10.310583954,15.190297812,15.189591556
6384000000.000000,1.000000000000e+00,1.000000000000e+00,-1.928654933107e-14,-55.806485759872,-55.806772118614,-2.863587418034e-04,4.931591683,10.320901816,10.320192093,15.252493499,15.251783776
6385000000.000000,1.000000000000e+00,1.000000000000e+00,7.328888745805e-14,-55.871364339800,-55.871646228293,-2.818884921467e-04,5.148316874,10.330666631,10.329953422,15.478983505,15.478270296
6386000000.000000,1.000000000000e+00,1.000000000000e+00,3.471578879592e-14,-55.936304745447,-55.936582141748,-2.773963010441e-04,4.330817758,10.340578357,10.339861652,14.671396115,14.670679410
6387000000.000000,1.000000000000e+00,1.000000000000e+00,-2.892982399660e-14,-56.001307879804,-56.001580761907,-2.728821033102e-04,4.768865852,10.350630505,10.349910294,15.119496357,15.118776146
6388000000.000000,1.000000000000e+00,1.000000000000e+00,1.350058453175e-14,-56.066374604470,-56.066642950332,-2.683458616630e-04,5.000591887,10.360816388,10.360092668,15.361408275,15.360684555
6389000000.000000,1.000000000000e+00,1.000000000000e+00,-7.521754239116e-14,-56.131505738405,-56.131769525973,-2.637875679596e-04,4.553083988,10.371129120,10.370401892,14.924213108,14.923485880
6390000000.000000,1.000000000000e+00,1.000000000000e+00,-2.603684159694e-14,-56.196702056683,-56.196961263928,-2.592072443974e-04,4.681398303,10.381561616,10.380830886,15.062959919,15.062229189
6391000000.000000,1.000000000000e+00,1.000000000000e+00,9.450409172222e-14,-56.261964289233,-56.262218894177,-2.546049447503e-04,4.676634503,10.392106591,10.391372371,15.068741094,15.068006874
6392000000.000000,1.000000000000e+00,1.000000000000e+00,-2.892982399660e-14,-56.327293119573,-56.327543100329,-2.499807556262e-04,4.479608907,10.402756558,10.402018863,14.882365465,14.881627770
6393000000.000000,1.000000000000e+00,1.000000000000e+00,1.060760213209e-13,-56.392689183552,-56.392934518349,-2.453347975830e-04,4.653593127,10.413503828,10.412762681,15.067096955,15.066355808
6394000000.000000,1.000000000000e+00,1.000000000000e+00,9.643274665533e-14,-56.458153068071,-56.458393735298,-2.406672264428e-04,4.812538119,10.424340511,10.423595940,15.236878630,15.236134059
6395000000.000000,1.000000000000e+00,1.000000000000e+00,-1.272912255850e-13,-56.523685309828,-56.523921288063,-2.359782343504e-04,4.844489605,10.435258517,10.434510554,15.279748122,15.279000159
6396000000.000000,1.000000000000e+00,1.000000000000e+00,-6.171695785941e-14,-56.589286394050,-56.589517662101,-2.312680510244e-04,4.660714810,10.446249553,10.445498239,15.106964363,15.106213049
6397000000.000000,1.000000000000e+00,1.000000000000e+00,7.521754239116e-14,-56.654956753239,-56.655183290184,-2.265369448367e-04,4.952606261,10.457305129,10.456550510,15.409911390,15.409156771
6398000000.000000,1.000000000000e+00,1.000000000000e+00,2.121520426417e-14,-56.720696765933,-56.720918551157,-2.217852239355e-04,4.673184873,10.468416559,10.467658687,15.141601432,15.140843560
6399000000.000000,1.000000000000e+00,1.000000000000e+00,1.581497045147e-13,-56.786506755469,-56.786723768706,-2.170132373038e-04,4.218081999,10.479574961,10.478813894,14.697656960,14.696895893
6400000000.000000,1.000000000000e+00,1.000000000000e+00,1.022187114546e-13,-56.852386988768,-56.852599210144,-2.122213758042e-04,4.842739047,10.490771259,10.490007064,15.333510306,15.332746111
6401000000.000000,1.000000000000e+00,1.000000000000e+00,-5.207368319388e-14,-56.918337675145,-56.918545085218,-2.074100731733e-04,5.005488348,10.501996194,10.501228942,15.507484542,15.506717290
6402000000.000000,1.000000000000e+00,1.000000000000e+00,4.435906346145e-14,-56.984358965130,-56.984561544936,-2.025798069525e-04,4.706749306,10.513240317,10.512470089,15.219989623,15.219219395
6403000000.000000,1.000000000000e+00,1.000000000000e+00,5.014502826077e-14,-57.050450949325,-57.050648680425,-1.977310993695e-04,4.520512541,10.524494002,10.523720884,15.045006543,15.044233425
6404000000.000000,1.000000000000e+00,1.000000000000e+00,-4.821637332766e-14,-57.116613657293,-57.116806521811,-1.928645182261e-04,4.410576118,10.535747449,10.534971535,14.946323567,14.945547653
6405000000.000000,1.000000000000e+00,1.000000000000e+00,-8.389648959014e-14,-57.182847056468,-57.183035037145,-1.879806776017e-04,4.460399301,10.546990686,10.546212078,15.007389987,15.006611379
6406000000.000000,1.000000000000e+00,1.000000000000e+00,-3.760877119558e-14,-57.249151051121,-57.249334131359,-1.830802386209e-04,4.691605643,10.558213581,10.557432388,15.249819224,15.249038031
6407000000.000000,1.000000000000e+00,1.000000000000e+00,-6.075263039286e-14,-57.315525481354,-57.315703645264,-1.781639100429e-04,4.972634109,10.569405846,10.568622183,15.542039955,15.541256292
6408000000.000000,1.000000000000e+00,1.000000000000e+00,1.022187114546e-13,-57.381970122151,-57.382143354600,-1.732324488373e-04,4.453061208,10.580557043,10.579771037,15.033618251,15.032832245
6409000000.000000,1.000000000000e+00,1.000000000000e+00,3.278713386281e-14,-57.448484682469,-57.448652969129,-1.682866606671e-04,4.339039499,10.591656599,10.590868380,14.930696098,14.929907879
6410000000.000000,1.000000000000e+00,1.000000000000e+00,1.581497045147e-13,-57.515068804392,-57.515232131792,-1.633274002373e-04,4.857988274,10.602693806,10.601903515,15.460682080,15.459891789
6411000000.000000,1.000000000000e+00,1.000000000000e+00,3.278713386281e-14,-57.581722062345,-57.581880417917,-1.583555716422e-04,4.495896916,10.613657838,10.612865623,15.109554754,15.108762539
6412000000.000000,1.000000000000e+00,1.000000000000e+00,2.892982399660e-14,-57.648443962362,-57.648597334490,-1.533721285085e-04,4.250464604,10.624537759,10.623743775,14.875002363,14.874208379
6413000000.000000,1.000000000000e+00,1.000000000000e+00,1.330771903844e-13,-57.715233941432,-57.715382319506,-1.483780741012e-04,4.609303232,10.635322533,10.634526944,15.244625765,15.243830176
6414000000.000000,1.000000000000e+00,1.000000000000e+00,4.243040852834e-14,-57.782091366913,-57.782234741374,-1.433744613379e-04,4.426074676,10.646001036,10.645204014,15.072075712,15.071278690
6415000000.000000,1.000000000000e+00,1.000000000000e+00,-1.176479509195e-13,-57.849015536018,-57.849153898410,-1.383623925975e-04,4.515086064,10.656562073,10.655763796,15.171648137,15.170849860
6416000000.000000,1.000000000000e+00,1.000000000000e+00,4.628771839456e-14,-57.916005675392,-57.916139018411,-1.333430195345e-04,4.674118607,10.666994382,10.666195038,15.341112989,15.340313645
6417000000.000000,1.000000000000e+00,1.000000000000e+00,4.628771839456e-14,-57.983060940762,-57.983189258305,-1.283175426607e-04,4.492306635,10.677286658,10.676486442,15.169593293,15.168793077
6418000000.000000,1.000000000000e+00,1.000000000000e+00,8.293216212358e-14,-58.050180416687,-58.050303703898,-1.232872108758e-04,4.644149798,10.687427560,10.686626674,15.331577358,15.330776472
6419000000.000000,1.000000000000e+00,1.000000000000e+00,1.118619861202e-13,-58.117363116391,-58.117481369711,-1.182533208492e-04,4.555605058,10.697405730,10.696604385,15.253010788,15.252209443
6420000000.000000,1.000000000000e+00,1.000000000000e+00,-7.328888745805e-14,-58.184607981697,-58.184721198913,-1.132172162599e-04,4.450794384,10.707209806,10.706408220,15.158004190,15.157202604
6421000000.000000,1.000000000000e+00,1.000000000000e+00,-7.136023252494e-14,-58.251913883064,-58.252022063351,-1.081802868867e-04,4.424980365,10.716828443,10.716026839,15.141808808,15.141007204
6422000000.000000,1.000000000000e+00,1.000000000000e+00,9.064678185601e-14,-58.319279619723,-58.319382763691,-1.031439676424e-04,4.549519980,10.726250323,10.725448934,15.275770303,15.274968914
6423000000.000000,1.000000000000e+00,1.000000000000e+00,-4.146608106179e-14,-58.386703919924,-58.386802029661,-9.810973733693e-05,4.938062069,10.735464177,10.734663241,15.673526246,15.672725310
6424000000.000000,1.000000000000e+00,1.000000000000e+00,-2.892982399660e-15,-58.454185441286,-58.454278520403,-9.307911743406e-05,4.378982119,10.744458801,10.743658565,15.123440920,15.122640684
6425000000.000000,1.000000000000e+00,1.000000000000e+00,3.085847892971e-14,-58.521722771272,-58.521810824942,-8.805367058784e-05,4.143870998,10.753223077,10.752423791,14.897094075,14.896294789
6426000000.000000,1.000000000000e+00,1.000000000000e+00,-1.099333311871e-13,-58.589314427766,-58.589397462765,-8.303499907214e-05,4.332740560,10.761745985,10.760947908,15.094486545,15.093688468
6427000000.000000,1.000000000000e+00,1.000000000000e+00,4.821637332766e-14,-58.656958859779,-58.657036884522,-7.802474303276e-05,4.351434009,10.770016630,10.769220026,15.121450639,15.120654035
6428000000.000000,1.000000000000e+00,1.000000000000e+00,-4.821637332766e-14,-58.724654448265,-58.724727472844,-7.302457868263e-05,4.640568236,10.778024256,10.777229394,15.418592492,15.417797630
6429000000.000000,1.000000000000e+00,1.000000000000e+00,4.435906346145e-14,-58.792399507068,-58.792467543284,-6.803621625551e-05,4.629904952,10.785758265,10.784965420,15.415663217,15.414870372
6430000000.000000,1.000000000000e+00,1.000000000000e+00,-8.678947198980e-14,-58.860192283978,-58.860255345376,-6.306139790269e-05,4.441610623,10.793208240,10.792417692,15.234818863,15.234028315
6431000000.000000,1.000000000000e+00,1.000000000000e+00,1.735789439796e-14,-58.928030961926,-58.928089063822,-5.810189546196e-05,4.382981049,10.800363962,10.799575994,15.183345011,15.182557043
6432000000.000000,1.000000000000e+00,1.000000000000e+00,-4.146608106179e-14,-58.995913660289,-58.995966819797,-5.315950802753e-05,4.650212720,10.807215430,10.806430331,15.457428150,15.456643051
6433000000.000000,1.000000000000e+00,1.000000000000e+00,-4.435906346145e-14,-59.063838436325,-59.063886672385,-4.823605947024e-05,4.595531425,10.813752882,10.812970945,15.409284307,15.408502370
6434000000.000000,1.000000000000e+00,1.000000000000e+00,-3.857309866213e-14,-59.131803286732,-59.131846620128,-4.333339584406e-05,4.412570131,10.819966812,10.819188332,15.232536943,15.231758463
6435000000.000000,1.000000000000e+00,1.000000000000e+00,1.581497045147e-13,-59.199806149324,-59.199844602706,-3.845338260788e-05,4.143942177,10.825847993,10.825073267,14.969790170,14.969015444
6436000000.000000,1.000000000000e+00,1.000000000000e+00,-4.146608106179e-14,-59.267844904831,-59.267878502733,-3.359790184021e-05,4.150835543,10.831387492,10.830616822,14.982223035,14.981452365
6437000000.000000,1.000000000000e+00,1.000000000000e+00,1.060760213209e-13,-59.335917378821,-59.335946147670,-2.876884927616e-05,4.586385860,10.836576692,10.835810379,15.422962552,15.422196239
6438000000.000000,1.000000000000e+00,1.000000000000e+00,-9.257543678912e-14,-59.404021343734,-59.404045311865,-2.396813133032e-05,4.578866971,10.841407308,10.840645657,15.420274279,15.419512628
6439000000.000000,1.000000000000e+00,1.000000000000e+00,2.892982399660e-14,-59.472154521031,-59.472173718693,-1.919766197744e-05,4.494296017,10.845871406,10.845114722,15.340167423,15.339410739
6440000000.000000,1.000000000000e+00,1.000000000000e+00,-4.532339092800e-14,-59.540314583457,-59.540329042817,-1.445935961186e-05,4.708744446,10.849961422,10.849210010,15.558705868,15.557954456
6441000000.000000,1.000000000000e+00,1.000000000000e+00,-8.775379945635e-14,-59.608499157410,-59.608508912554,-9.755143814516e-06,4.400332951,10.853670176,10.852924342,15.254003127,15.253257293
6442000000.000000,1.000000000000e+00,1.000000000000e+00,-1.137906410533e-13,-59.676705825410,-59.676710912342,-5.086932077347e-06,4.168898394,10.856990889,10.856250937,15.025889283,15.025149331
6443000000.000000,1.000000000000e+00,1.000000000000e+00,1.542923946485e-14,-59.744932128674,-59.744932585311,-4.566365348069e-07,4.059951349,10.859917199,10.859183434,14.919868548,14.919134783
6444000000.000000,1.000000000000e+00,1.000000000000e+00,-6.653859519218e-14,-59.813175569779,-59.813171435940,4.133839411224e-06,4.184563584,10.862443177,10.861715899,15.047006761,15.046279483
6445000000.000000,1.000000000000e+00,1.000000000000e+00,0.000000000000e+00,-59.881433615415,-59.881424932811,8.682604438093e-06,4.631776263,10.864563336,10.863842846,15.496339599,15.495619109
6446000000.000000,1.000000000000e+00,1.000000000000e+00,-5.882397545975e-14,-59.949703699224,-59.949690511441,1.318778260639e-05,4.450764521,10.866272648,10.865559243,15.317037169,15.316323764
6447000000.000000,1.000000000000e+00,1.000000000000e+00,9.064678185601e-14,-60.017983224711,-60.017965577195,1.764751676347e-05,4.530318694,10.867566555,10.866860529,15.397885249,15.397179223
6448000000.000000,1.000000000000e+00,1.000000000000e+00,-7.714619732426e-15,-60.086269568233,-60.086247508261,2.205997182614e-05,4.528185255,10.868440978,10.867742620,15.396626233,15.395927875
6449000000.000000,1.000000000000e+00,1.000000000000e+00,9.257543678912e-14,-60.154560082039,-60.154533658701,2.642333808467e-05,4.391856126,10.868892327,10.868201924,15.260748453,15.260058050
6450000000.000000,1.000000000000e+00,1.000000000000e+00,8.486081705669e-14,-60.222852097383,-60.222821361549,3.073583443580e-05,4.483663336,10.868917512,10.868235344,15.352580848,15.351898680
6451000000.000000,1.000000000000e+00,1.000000000000e+00,-9.353976425567e-14,-60.291142927672,-60.291107931961,3.499571161569e-05,4.409056878,10.868513947,10.867840290,15.277570825,15.276897168
6452000000.000000,1.000000000000e+00,1.000000000000e+00,4.435906346145e-14,-60.359429871666,-60.359390670411,3.920125527657e-05,4.402877497,10.867679557,10.867014681,15.270557054,15.269892178
6453000000.000000,1.000000000000e+00,1.000000000000e+00,-9.739707412188e-14,-60.427710216704,-60.427666865915,4.335078901363e-05,4.074386293,10.866412784,10.865756953,14.940799077,14.940143246
6454000000.000000,1.000000000000e+00,1.000000000000e+00,1.022187114546e-13,-60.495981241960,-60.495933799283,4.744267734225e-05,4.646787513,10.864712590,10.864066059,15.511500103,15.510853572
6455000000.000000,1.000000000000e+00,1.000000000000e+00,6.750292265873e-14,-60.564240221724,-60.564188746395,5.147532857563e-05,4.812367515,10.862578457,10.861941477,15.674945972,15.674308992
6456000000.000000,1.000000000000e+00,1.000000000000e+00,-2.507251413039e-14,-60.632484428675,-60.632428981477,5.544719748229e-05,4.534654718,10.860010391,10.859383205,15.394665109,15.394037923
6457000000.000000,1.000000000000e+00,1.000000000000e+00,-7.811052479082e-14,-60.700711137175,-60.700651780387,5.935678793634e-05,4.549899497,10.857008922,10.856391762,15.406908419,15.406291259
6458000000.000000,1.000000000000e+00,1.000000000000e+00,7.714619732426e-15,-60.768917626548,-60.768854423893,6.320265540438e-05,4.181358742,10.853575097,10.852968190,15.034933839,15.034326932
6459000000.000000,1.000000000000e+00,1.000000000000e+00,-7.232455999150e-14,-60.837101184341,-60.837034200932,6.698340925482e-05,4.173521728,10.849710486,10.849114048,15.023232214,15.022635776
6460000000.000000,1.000000000000e+00,1.000000000000e+00,1.157192959864e-14,-60.905259109569,-60.905188411854,7.069771497470e-05,4.762835524,10.845417167,10.844831406,15.608252691,15.607666930
6461000000.000000,1.000000000000e+00,1.000000000000e+00,8.486081705669e-14,-60.973388715928,-60.973314371632,7.434429618058e-05,4.513344864,10.840697730,10.840122845,15.354042594,15.353467709
6462000000.000000,1.000000000000e+00,1.000000000000e+00,1.118619861202e-13,-61.041487334965,-61.041409413029,7.792193648726e-05,4.281617446,10.835555266,10.834991445,15.117172712,15.116608891
6463000000.000000,1.000000000000e+00,1.000000000000e+00,-6.075263039286e-14,-61.109552319212,-61.109470889731,8.142948119172e-05,4.315231364,10.829993358,10.829440780,15.145224722,15.144672144
6464000000.000000,1.000000000000e+00,1.000000000000e+00,1.407918101168e-13,-61.177581045251,-61.177496179412,8.486583885770e-05,4.318123391,10.824016074,10.823474908,15.142139465,15.141598299
6465000000.000000,1.000000000000e+00,1.000000000000e+00,8.678947198980e-14,-61.245570916737,-61.245482686754,8.822998258751e-05,4.734502896,10.817627958,10.817098361,15.552130854,15.551601257
6466000000.000000,1.000000000000e+00,1.000000000000e+00,1.504350847823e-13,-61.313519367337,-61.313427846386,9.152095125842e-05,4.444058511,10.810834014,10.810316134,15.254892525,15.254374645
6467000000.000000,1.000000000000e+00,1.000000000000e+00,-1.677929791803e-13,-61.381423863605,-61.381329125754,9.473785045344e-05,4.463770137,10.803639698,10.803133673,15.267409835,15.266903810
6468000000.000000,1.000000000000e+00,1.000000000000e+00,-1.041473663878e-13,-61.449281907772,-61.449184027918,9.787985328558e-05,4.855409696,10.796050905,10.795556860,15.651460601,15.650966556
6469000000.000000,1.000000000000e+00,1.000000000000e+00,1.755075989127e-13,-61.517091040453,-61.516990094251,1.009462010231e-04,4.646088570,10.788073951,10.787592002,15.434162521,15.433680572
6470000000.000000,1.000000000000e+00,1.000000000000e+00,0.000000000000e+00,-61.584848843258,-61.584744907054,1.039362035158e-04,4.284264084,10.779715561,10.779245812,15.063979645,15.063509896
6471000000.000000,1.000000000000e+00,1.000000000000e+00,-1.253625706519e-14,-61.652552941310,-61.652446092070,1.068492394154e-04,4.472884802,10.770982852,10.770525397,15.243867654,15.243410199
6472000000.000000,1.000000000000e+00,1.000000000000e+00,7.136023252494e-14,-61.720201005659,-61.720091320902,1.096847562820e-04,4.665516658,10.761883318,10.761438239,15.427399976,15.426954897
6473000000.000000,1.000000000000e+00,1.000000000000e+00,-7.907485225737e-14,-61.787790755590,-61.787678313320,1.124422704635e-04,4.642945397,10.752424810,10.751992178,15.395370207,15.394937575
6474000000.000000,1.000000000000e+00,1.000000000000e+00,4.821637332766e-14,-61.855319960826,-61.855204839459,1.151213668038e-04,4.026905124,10.742615522,10.742195399,14.769520646,14.769100523
6475000000.000000,1.000000000000e+00,1.000000000000e+00,7.521754239116e-14,-61.922786443608,-61.922668721910,1.177216981674e-04,4.483770387,10.732463969,10.732056404,15.216234356,15.215826791
6476000000.000000,1.000000000000e+00,1.000000000000e+00,-1.475421023827e-13,-61.990188080669,-61.990067837684,1.202429848846e-04,4.880911057,10.721978972,10.721584004,15.602890029,15.602495061
6477000000.000000,1.000000000000e+00,1.000000000000e+00,1.928654933107e-15,-62.057522805087,-62.057400120073,1.226850138778e-04,4.651490205,10.711169635,10.710787293,15.362659840,15.362277498
6478000000.000000,1.000000000000e+00,1.000000000000e+00,3.857309866213e-14,-62.124788608011,-62.124663560374,1.250476378090e-04,4.653854427,10.700045329,10.699675631,15.353899756,15.353530058
6479000000.000000,1.000000000000e+00,1.000000000000e+00,-9.450409172222e-14,-62.191983540278,-62.191856209504,1.273307739709e-04,4.350273584,10.688615671,10.688258626,15.038889255,15.038532210
6480000000.000000,1.000000000000e+00,1.000000000000e+00,2.892982399660e-14,-62.259105713890,-62.258976179487,1.295344030439e-04,4.537600154,10.676890506,10.676546111,15.214490660,15.214146265
6481000000.000000,1.000000000000e+00,1.000000000000e+00,9.450409172222e-14,-62.326153303387,-62.326021644819,1.316585677884e-04,4.600519368,10.664879885,10.664548129,15.265399253,15.265067497
6482000000.000000,1.000000000000e+00,1.000000000000e+00,2.700116906349e-14,-62.393124547076,-62.392990843705,1.337033715458e-04,4.440795887,10.652594045,10.652274906,15.093389932,15.093070793
6483000000.000000,1.000000000000e+00,1.000000000000e+00,-1.321128629178e-13,-62.460017748155,-62.459882079179,1.356689766538e-04,4.636921451,10.640043392,10.639736842,15.276964843,15.276658293
6484000000.000000,1.000000000000e+00,1.000000000000e+00,-8.678947198980e-14,-62.526831275699,-62.526693720096,1.375556027270e-04,4.999197779,10.627238482,10.626944480,15.626436261,15.626142259
6485000000.000000,1.000000000000e+00,1.000000000000e+00,-7.136023252494e-14,-62.593563565532,-62.593424202007,1.393635249087e-04,4.559047528,10.614189997,10.613908495,15.173237525,15.172956023
6486000000.000000,1.000000000000e+00,1.000000000000e+00,9.836140158843e-14,-62.660213120978,-62.660072027906,1.410930719530e-04,4.287202176,10.600908731,10.600639672,14.888110907,14.887841848
6487000000.000000,1.000000000000e+00,1.000000000000e+00,3.085847892971e-14,-62.726778513492,-62.726635768868,1.427446242346e-04,4.523031526,10.587405567,10.587148886,15.110437093,15.110180412
6488000000.000000,1.000000000000e+00,1.000000000000e+00,-3.953742612868e-14,-62.793258383172,-62.793114064561,1.443186118095e-04,4.868196369,10.573691462,10.573447088,15.441887831,15.441643457
6489000000.000000,1.000000000000e+00,1.000000000000e+00,-1.176479509195e-13,-62.859651439160,-62.859505623647,1.458155121838e-04,4.875979704,10.559777427,10.559545281,15.435757131,15.435524985
6490000000.000000,1.000000000000e+00,1.000000000000e+00,-9.836140158844e-14,-62.925956459927,-62.925809224079,1.472358482815e-04,4.261943569,10.545674512,10.545454506,14.807618081,14.807398075
6491000000.000000,1.000000000000e+00,1.000000000000e+00,-2.314385919728e-14,-62.992172293458,-62.992023713272,1.485801861563e-04,4.399087450,10.531393785,10.531185827,14.930481235,14.930273277
6492000000.000000,1.000000000000e+00,1.000000000000e+00,-1.166836234529e-13,-63.058297857320,-63.058148008187,1.498491327965e-04,4.683958812,10.516946319,10.516750308,15.200905131,15.200709120
6493000000.000000,1.000000000000e+00,1.000000000000e+00,-2.796549653005e-14,-63.124332138634,-63.124181095301,1.510433338723e-04,4.784238847,10.502343173,10.502159004,15.286582020,15.286397851
6494000000.000000,1.000000000000e+00,1.000000000000e+00,1.427204650499e-13,-63.190274193951,-63.190122030480,1.521634714194e-04,4.823444156,10.487595379,10.487422941,15.311039535,15.310867097
6495000000.000000,1.000000000000e+00,1.000000000000e+00,-1.282555530516e-13,-63.256123149025,-63.255969938763,1.532102615869e-04,4.425354994,10.472713927,10.472553103,14.898068921,14.897908097
6496000000.000000,1.000000000000e+00,1.000000000000e+00,-6.364561279252e-14,-63.321878198500,-63.321724014048,1.541844522848e-04,4.694927528,10.457709750,10.457560418,15.152637278,15.152487946
6497000000.000000,1.000000000000e+00,1.000000000000e+00,-6.171695785941e-14,-63.387538605515,-63.387383518694,1.550868209179e-04,5.024917730,10.442593708,10.442455743,15.467511438,15.467373473
6498000000.000000,1.000000000000e+00,1.000000000000e+00,-7.328888745805e-14,-63.453103701214,-63.452947783042,1.559181720765e-04,4.861947757,10.427376583,10.427249854,15.289324340,15.289197611
6499000000.000000,1.000000000000e+00,1.000000000000e+00,1.234339157188e-13,-63.518572884188,-63.518416204852,1.566793353192e-04,4.749513835,10.412069056,10.411953431,15.161582891,15.161467266
6500000000.000000,1.000000000000e+00,1.000000000000e+00,-7.521754239116e-14,-63.583945619837,-63.583788248675,1.573711628282e-04,4.575015145,10.404394022,10.404283914,14.979409167,14.979299059
