{
  "combo": {
    "tap_num": 64,
    "regularization": 0.0001,
    "coeff_total_bits": 16,
    "coeff_frac_bits": 12,
    "format": "Q4.12"
  },
  "source_run_dir": "D:\\桌面\\Rigol\\L1-08_sim\\data\\h1_full_combined_random_20260528_023430",
  "source_graph_dir": "D:\\桌面\\Rigol\\L1-08_sim\\results\\h1_full_combined_random_20260528_023430",
  "copied_data_dir": "D:\\桌面\\Rigol\\sweep_result\\h1_533121161_behavior_1688039438_qam_254967343\\tap064_reg1em04_q4_12\\data",
  "copied_graph_dir": "D:\\桌面\\Rigol\\sweep_result\\h1_533121161_behavior_1688039438_qam_254967343\\tap064_reg1em04_q4_12\\graph",
  "metrics": {
    "run_name": "h1_full_combined_random_20260528_023430",
    "h1_ripple_db": 0.44592536838376234,
    "float_dense_ripple_db": 0.12658240777603907,
    "float_dense_pass_0p1db": false,
    "max_abs_coeff": 1.9020135348320044,
    "fixed_saturation_count": 0,
    "fixed_dense_ripple_db": 0.12486440714383587,
    "fixed_dense_pass_0p1db": false,
    "behavior_float_ripple_db": 0.09872071365848833,
    "behavior_fixed_ripple_db": 0.10180348174330396,
    "behavior_fixed_pass_0p1db": false,
    "qam_float_magnitude_only_evm_percent": 0.3510108558406703,
    "qam_fixed_magnitude_only_evm_percent": 0.35555627573761706
  }
}
