{
  "combo": {
    "tap_num": 64,
    "regularization": 0.001,
    "coeff_total_bits": 16,
    "coeff_frac_bits": 14,
    "format": "Q2.14"
  },
  "source_run_dir": "D:\\桌面\\Rigol\\L1-08_sim\\data\\h1_full_combined_random_20260528_022907",
  "source_graph_dir": "D:\\桌面\\Rigol\\L1-08_sim\\results\\h1_full_combined_random_20260528_022907",
  "copied_data_dir": "D:\\桌面\\Rigol\\sweep_result\\h1_1366789340_behavior_1224877734_qam_1756070480\\tap064_reg1em03_q2_14\\data",
  "copied_graph_dir": "D:\\桌面\\Rigol\\sweep_result\\h1_1366789340_behavior_1224877734_qam_1756070480\\tap064_reg1em03_q2_14\\graph",
  "metrics": {
    "run_name": "h1_full_combined_random_20260528_022907",
    "h1_ripple_db": 0.6345468328855539,
    "float_dense_ripple_db": 0.10312177115306664,
    "float_dense_pass_0p1db": false,
    "max_abs_coeff": 0.20479132441205739,
    "fixed_saturation_count": 0,
    "fixed_dense_ripple_db": 0.10397059524041208,
    "fixed_dense_pass_0p1db": false,
    "behavior_float_ripple_db": 0.08388303420943417,
    "behavior_fixed_ripple_db": 0.08466246073189954,
    "behavior_fixed_pass_0p1db": true,
    "qam_float_magnitude_only_evm_percent": 0.1671723217248317,
    "qam_fixed_magnitude_only_evm_percent": 0.1679710373765067
  }
}
