subcarrier_index,fft_bin,freq_hz,reference_i,reference_q,after_l1_08_equalized_i,after_l1_08_equalized_q,after_l1_08_plus_l1_09_equalized_i,after_l1_08_plus_l1_09_equalized_q,allpass_abs,allpass_phase_rad
0,15156,5550292968.750000,-2.741094685682e+02,5.482189371364e+01,-2.823474963983e+02,-5.122663246075e+01,-2.462207983744e+02,6.301167420630e+01,1.000000000000e+00,-1.656416945598
1,15157,5550659179.687500,3.837532559955e+02,-3.837532559955e+02,5.116442384753e+02,-2.208930605431e+02,4.059689722251e+02,-3.887500315007e+02,1.000000000000e+00,-1.681642530555
2,15158,5551025390.625000,-3.837532559955e+02,-5.482189371364e+01,-3.453950182960e+02,-1.981050770275e+02,-3.583985565693e+02,-4.362400709603e+01,1.000000000000e+00,-1.706864843804
3,15159,5551391601.562500,5.482189371364e+01,3.837532559955e+02,-9.409552838255e+01,3.867686554415e+02,9.011227790800e+01,3.889239308969e+02,1.000000000000e+00,-1.732083596212
4,15160,5551757812.500000,5.482189371364e+01,-5.482189371364e+01,7.320439807815e+01,-3.122328484465e+01,8.201086959771e+01,-5.066655976163e+01,1.000000000000e+00,-1.757298499923
5,15161,5552124023.437500,1.644656811409e+02,-1.644656811409e+02,2.196002166769e+02,-9.344679145235e+01,1.898993285127e+02,-1.620931320751e+02,1.000000000000e+00,-1.782509268427
6,15162,5552490234.375000,1.644656811409e+02,-1.644656811409e+02,2.193877129751e+02,-9.357112803255e+01,1.894313667863e+02,-1.617434719452e+02,1.000000000000e+00,-1.807715616624
7,15163,5552856445.312500,-5.482189371364e+01,-3.837532559955e+02,9.424820559530e+01,-3.859285259825e+02,-3.572116970637e+01,-3.760322848878e+02,1.000000000000e+00,-1.832917260888
8,15164,5553222656.250000,-5.482189371364e+01,5.482189371364e+01,-7.308379095886e+01,3.113863019198e+01,-2.571527834959e+01,6.387178277976e+01,1.000000000000e+00,-1.858113919133
9,15165,5553588867.187500,3.837532559955e+02,-3.837532559955e+02,5.121968195491e+02,-2.167110962010e+02,4.039297525974e+02,-3.844323274128e+02,1.000000000000e+00,-1.883305310876
10,15166,5553955078.125000,-2.741094685682e+02,1.644656811409e+02,-3.238092486768e+02,4.985659243927e+01,-2.434192930017e+02,1.792893850406e+02,1.000000000000e+00,-1.908491157296
11,15167,5554321289.062500,5.482189371364e+01,3.837532559955e+02,-9.679336862421e+01,3.854755343188e+02,9.094299571077e+01,3.928933310609e+02,1.000000000000e+00,-1.933671181300
12,15168,5554687500.000000,5.482189371364e+01,1.644656811409e+02,-1.174608300190e+01,1.774206602954e+02,8.636370982339e+01,1.737160904967e+02,1.000000000000e+00,-1.958845107580
13,15169,5555053710.937500,2.741094685682e+02,-1.644656811409e+02,3.241601009501e+02,-4.984323425091e+01,2.984306367159e+02,-1.608606996555e+02,1.000000000000e+00,-1.984012662673
14,15170,5555419921.875000,5.482189371364e+01,-3.837532559955e+02,2.010685937890e+02,-3.431525688611e+02,7.272328318252e+01,-3.749082232965e+02,1.000000000000e+00,-2.009173575021
15,15171,5555786132.812500,-2.741094685682e+02,5.482189371364e+01,-2.815850912968e+02,-5.444618369222e+01,-2.461537955422e+02,7.402371703672e+01,1.000000000000e+00,-2.034327575031
16,15172,5556152343.750000,5.482189371364e+01,-1.644656811409e+02,1.159805549816e+02,-1.348045756368e+02,7.762802964077e+01,-1.538899338087e+02,1.000000000000e+00,-2.059474395124
17,15173,5556518554.687500,-3.837532559955e+02,-3.837532559955e+02,-2.147615602997e+02,-5.133175754802e+02,-3.682718151024e+02,-3.607611804350e+02,1.000000000000e+00,-2.084613769798
18,15174,5556884765.625000,-5.482189371364e+01,3.837532559955e+02,-2.013316670814e+02,3.424658562244e+02,-1.712129405333e+01,3.995597420721e+02,1.000000000000e+00,-2.109745435681
19,15175,5557250976.562500,-3.837532559955e+02,2.741094685682e+02,-4.705351888327e+02,1.095785492967e+02,-3.499478081054e+02,2.994294392964e+02,1.000000000000e+00,-2.134869131582
20,15176,5557617187.500000,2.741094685682e+02,-1.644656811409e+02,3.238852973934e+02,-4.776707796338e+01,2.963531826176e+02,-1.571152222323e+02,1.000000000000e+00,-2.159984598546
21,15177,5557983398.437500,-1.644656811409e+02,-3.837532559955e+02,-3.570084619292e+00,-4.274669198278e+02,-1.481573331260e+02,-3.644554720309e+02,1.000000000000e+00,-2.185091579903
22,15178,5558349609.375000,-5.482189371364e+01,-5.482189371364e+01,-3.014071109855e+01,-7.350179659965e+01,-3.046005462749e+01,-3.745067161820e+01,1.000000000000e+00,-2.210189821322
23,15179,5558715820.312500,-3.837532559955e+02,-1.644656811409e+02,-2.980803785337e+02,-3.073467435863e+02,-3.636214432631e+02,-1.373364725328e+02,1.000000000000e+00,-2.235279070856
24,15180,5559082031.250000,-3.837532559955e+02,3.837532559955e+02,-5.150807363244e+02,2.114387278683e+02,-3.479807668960e+02,4.132450123681e+02,1.000000000000e+00,-2.260359078991
25,15181,5559448242.187500,-5.482189371364e+01,-1.644656811409e+02,1.347862307143e+01,-1.772065596680e+02,-3.457396129222e+01,-1.454989716012e+02,1.000000000000e+00,-2.285429598696
26,15182,5559814453.125000,5.482189371364e+01,-1.644656811409e+02,1.172524813681e+02,-1.333619813759e+02,7.504184663225e+01,-1.479583221564e+02,1.000000000000e+00,-2.310490385462
27,15183,5560180664.062500,-1.644656811409e+02,-5.482189371364e+01,-1.333007036430e+02,-1.173146846704e+02,-1.417016384230e+02,-3.131950747012e+01,1.000000000000e+00,-2.335541197355
28,15184,5560546875.000000,3.837532559955e+02,2.741094685682e+02,2.532699067226e+02,4.117590231496e+02,4.171119060192e+02,2.820000678911e+02,1.000000000000e+00,-2.360581795050
29,15185,5560913085.937500,5.482189371364e+01,-5.482189371364e+01,7.364758123178e+01,-3.002705699360e+01,7.700930274208e+01,-3.689530195562e+01,1.000000000000e+00,-2.385611941879
30,15186,5561279296.875000,3.837532559955e+02,-3.837532559955e+02,5.155694252276e+02,-2.092248089313e+02,3.955006479121e+02,-3.765260907518e+02,1.000000000000e+00,-2.410631403869
31,15187,5561645507.812500,-3.837532559955e+02,-2.741094685682e+02,-2.517433983019e+02,-4.122148965057e+02,-3.694663662895e+02,-2.414502327583e+02,1.000000000000e+00,-2.435639949782
32,15188,5562011718.750000,5.482189371364e+01,-5.482189371364e+01,7.364676247195e+01,-2.948136688850e+01,7.596539695559e+01,-3.501291527555e+01,1.000000000000e+00,-2.460637351155
33,15189,5562377929.687500,1.644656811409e+02,-3.837532559955e+02,3.094647665493e+02,-2.946345259016e+02,1.751499238734e+02,-3.668733824381e+02,1.000000000000e+00,-2.485623382332
34,15190,5562744140.625000,2.741094685682e+02,-1.644656811409e+02,3.242496259290e+02,-4.402323903633e+01,2.910623998736e+02,-1.506264327013e+02,1.000000000000e+00,-2.510597820504
35,15191,5563110351.562500,1.644656811409e+02,-3.837532559955e+02,3.098771341203e+02,-2.945825311715e+02,1.738952395748e+02,-3.663291200562e+02,1.000000000000e+00,-2.535560445741
36,15192,5563476562.500000,-5.482189371364e+01,-3.837532559955e+02,1.036758771273e+02,-3.835232312272e+02,-4.638016692419e+01,-3.590675700845e+02,1.000000000000e+00,-2.560511041027
37,15193,5563842773.437500,-3.837532559955e+02,-1.644656811409e+02,-2.949830021965e+02,-3.104323631991e+02,-3.694437679958e+02,-1.278982596323e+02,1.000000000000e+00,-2.585449392288
38,15194,5564208984.375000,-1.644656811409e+02,-5.482189371364e+01,-1.327941975386e+02,-1.183114820121e+02,-1.464840780796e+02,-2.482806864449e+01,1.000000000000e+00,-2.610375288426
39,15195,5564575195.312500,-1.644656811409e+02,5.482189371364e+01,-1.771867647982e+02,-1.496026708144e+01,-1.430110289979e+02,8.569742690437e+01,1.000000000000e+00,-2.635288521346
40,15196,5564941406.250000,-5.482189371364e+01,2.741094685682e+02,-1.626479845106e+02,2.360534105069e+02,-2.540024588060e+01,3.019467074981e+02,1.000000000000e+00,-2.660188885984
41,15197,5565307617.187500,5.482189371364e+01,-1.644656811409e+02,1.184930843448e+02,-1.324959791615e+02,6.787461169700e+01,-1.410196392245e+02,1.000000000000e+00,-2.685076180336
42,15198,5565673828.125000,-2.741094685682e+02,-5.482189371364e+01,-2.352685603004e+02,-1.636233102728e+02,-2.580758483476e+02,-1.926964009399e+01,1.000000000000e+00,-2.709950205478
43,15199,5566040039.062500,5.482189371364e+01,-5.482189371364e+01,7.400866052564e+01,-2.896106053117e+01,7.096822724213e+01,-3.018956124312e+01,1.000000000000e+00,-2.734810765593
44,15200,5566406250.000000,-5.482189371364e+01,2.741094685682e+02,-1.641613062827e+02,2.349949786448e+02,-2.809134169013e+01,3.035065578382e+02,1.000000000000e+00,-2.759657667995
45,15201,5566772460.937500,1.644656811409e+02,-1.644656811409e+02,2.221926253691e+02,-8.696093133820e+01,1.758759292962e+02,-1.433280195419e+02,1.000000000000e+00,-2.784490723148
46,15202,5567138671.875000,5.482189371364e+01,-5.482189371364e+01,7.409876180736e+01,-2.896172727459e+01,6.932344412451e+01,-2.919895686363e+01,1.000000000000e+00,-2.809309744686
47,15203,5567504882.812500,3.837532559955e+02,-1.644656811409e+02,4.284696170372e+02,3.920072138849e+00,3.947383413068e+02,-1.504839218838e+02,1.000000000000e+00,-2.834114549431
48,15204,5567871093.750000,1.644656811409e+02,-3.837532559955e+02,3.133783371055e+02,-2.923084013033e+02,1.666402315151e+02,-3.622042182913e+02,1.000000000000e+00,-2.858904957414
49,15205,5568237304.687500,1.644656811409e+02,-1.644656811409e+02,2.225220085618e+02,-8.629801152039e+01,1.736523203562e+02,-1.420043198519e+02,1.000000000000e+00,-2.883680791887
50,15206,5568603515.625000,1.644656811409e+02,1.644656811409e+02,8.635029307652e+01,2.223740959125e+02,1.850461354994e+02,1.878119572885e+02,1.000000000000e+00,-2.908441879340
51,15207,5568969726.562500,5.482189371364e+01,5.482189371364e+01,2.880081411638e+01,7.407537479261e+01,7.055483567466e+01,8.225114189246e+01,1.000000000000e+00,-2.933188049515
52,15208,5569335937.500000,-3.837532559955e+02,5.482189371364e+01,-3.828897909638e+02,-1.070210360364e+02,-3.693642480810e+02,9.985849015214e+01,1.000000000000e+00,-2.957919135416
53,15209,5569702148.437500,1.644656811409e+02,-2.741094685682e+02,2.677194340630e+02,-1.895273597580e+02,1.661340697162e+02,-2.513650068137e+02,1.000000000000e+00,-2.982634973324
54,15210,5570068359.375000,5.482189371364e+01,1.644656811409e+02,-1.651649146739e+01,1.771732997869e+02,7.346516839265e+01,1.930005370255e+02,1.000000000000e+00,-3.007335402802
55,15211,5570434570.312500,-2.741094685682e+02,-3.837532559955e+02,-9.759449594176e+01,-4.737082947026e+02,-2.785572825258e+02,-3.431074300645e+02,1.000000000000e+00,-3.032020266709
56,15212,5570800781.250000,-2.741094685682e+02,-1.644656811409e+02,-1.879073177476e+02,-2.683161733924e+02,-2.700728746229e+02,-1.234692084496e+02,1.000000000000e+00,-3.056689411204
57,15213,5571166992.187500,2.741094685682e+02,-1.644656811409e+02,3.251105905841e+02,-3.909121452463e+01,2.781625626187e+02,-1.436739917549e+02,1.000000000000e+00,-3.081342685753
58,15214,5571533203.125000,-2.741094685682e+02,-3.837532559955e+02,-9.572030191707e+01,-4.735983474765e+02,-2.795657268307e+02,-3.424489469670e+02,1.000000000000e+00,-3.105979943135
59,15215,5571899414.062500,-5.482189371364e+01,2.741094685682e+02,-1.660402527818e+02,2.334231896177e+02,-3.566492557172e+01,3.080572259905e+02,1.000000000000e+00,-3.130601039446
60,15216,5572265625.000000,-2.741094685682e+02,3.837532559955e+02,-4.170562964667e+02,2.441986089705e+02,-2.513313424832e+02,4.266711878266e+02,1.000000000000e+00,3.127979473078
61,15217,5572631835.937500,-1.644656811409e+02,-2.741094685682e+02,-3.911527904172e+01,-3.252487572176e+02,-1.682103435891e+02,-2.359316823009e+02,1.000000000000e+00,3.103391117341
62,15218,5572998046.875000,2.741094685682e+02,3.837532559955e+02,9.583684575446e+01,4.736979868762e+02,2.968299025086e+02,4.050700852415e+02,1.000000000000e+00,3.078819334465
63,15219,5573364257.812500,5.482189371364e+01,5.482189371364e+01,2.833851773142e+01,7.423242627616e+01,6.326945485919e+01,8.484247290468e+01,1.000000000000e+00,3.054264255068
64,15220,5573730468.750000,5.482189371364e+01,1.644656811409e+02,-1.757278036430e+01,1.768115463310e+02,6.724588133445e+01,1.947229653434e+02,1.000000000000e+00,3.029726006450
65,15221,5574096679.687500,-5.482189371364e+01,3.837532559955e+02,-2.120652481024e+02,3.359700126215e+02,-3.387827317962e+01,4.189851414860e+02,1.000000000000e+00,3.005204712593
66,15222,5574462890.625000,2.741094685682e+02,-2.741094685682e+02,3.712852686331e+02,-1.411220416779e+02,2.670627217751e+02,-2.532129218497e+02,1.000000000000e+00,2.980700494164
67,15223,5574829101.562500,-5.482189371364e+01,3.837532559955e+02,-2.126442907200e+02,3.353672611832e+02,-3.550180659923e+01,4.189569181780e+02,1.000000000000e+00,2.956213468521
68,15224,5575195312.500000,-5.482189371364e+01,-2.741094685682e+02,6.446589884895e+01,-2.790427625114e+02,-6.317666681193e+01,-2.393469094693e+02,1.000000000000e+00,2.931743749719
69,15225,5575561523.437500,-1.644656811409e+02,2.741094685682e+02,-2.695930426528e+02,1.862255477310e+02,-1.516051866562e+02,3.138444231420e+02,1.000000000000e+00,2.907291448513
70,15226,5575927734.375000,1.644656811409e+02,-3.837532559955e+02,3.165874381215e+02,-2.882557054090e+02,1.513464533542e+02,-3.579961769673e+02,1.000000000000e+00,2.882856672370
71,15227,5576293945.312500,-3.837532559955e+02,2.741094685682e+02,-4.743503510069e+02,9.297678377740e+01,-3.724368003166e+02,3.227293199693e+02,1.000000000000e+00,2.858439525475
72,15228,5576660156.250000,-1.644656811409e+02,-3.837532559955e+02,8.841796973751e+00,-4.275291779425e+02,-1.803447473036e+02,-3.441773546295e+02,1.000000000000e+00,2.834040108742
73,15229,5577026367.187500,-5.482189371364e+01,2.741094685682e+02,-1.667278763883e+02,2.325176858300e+02,-4.351906883887e+01,3.093176427972e+02,1.000000000000e+00,2.809658519822
74,15230,5577392578.125000,2.741094685682e+02,2.741094685682e+02,1.392794824607e+02,3.717074860981e+02,2.843370964702e+02,2.957787917412e+02,1.000000000000e+00,2.785294853115
75,15231,5577758789.062500,-5.482189371364e+01,2.741094685682e+02,-1.678970965848e+02,2.319821543981e+02,-4.585391124204e+01,3.093618723842e+02,1.000000000000e+00,2.760949199784
76,15232,5578125000.000000,3.837532559955e+02,3.837532559955e+02,1.933576458681e+02,5.215028285806e+02,3.965942607801e+02,4.021954411546e+02,1.000000000000e+00,2.736621647764
77,15233,5578491210.937500,-3.837532559955e+02,1.644656811409e+02,-4.279138571941e+02,-1.063724655668e+01,-3.809652384591e+02,2.127391241673e+02,1.000000000000e+00,2.712312281780
78,15234,5578857421.875000,3.837532559955e+02,-3.837532559955e+02,5.216626987212e+02,-1.941245521824e+02,3.650362470948e+02,-3.674235500660e+02,1.000000000000e+00,2.688021183357
79,15235,5579223632.812500,3.837532559955e+02,-5.482189371364e+01,3.813634430066e+02,1.124171153782e+02,3.777174227892e+02,-3.833049806667e+01,1.000000000000e+00,2.663748430841
80,15236,5579589843.750000,5.482189371364e+01,-3.837532559955e+02,2.144594769953e+02,-3.346900329369e+02,3.341551224773e+01,-3.542193799790e+02,1.000000000000e+00,2.639494099408
81,15237,5579956054.687500,2.741094685682e+02,-1.644656811409e+02,3.256312451183e+02,-3.697011067936e+01,2.615407830890e+02,-1.442615193017e+02,1.000000000000e+00,2.615258261087
82,15238,5580322265.625000,3.837532559955e+02,5.482189371364e+01,3.343585683597e+02,2.144755923340e+02,3.800302123493e+02,7.069005144779e+01,1.000000000000e+00,2.591040984772
83,15239,5580688476.562500,5.482189371364e+01,1.644656811409e+02,-1.913919196887e+01,1.765236950195e+02,5.464140228193e+01,1.943460081787e+02,1.000000000000e+00,2.566842336247
84,15240,5581054687.500000,-3.837532559955e+02,-3.837532559955e+02,-1.929384866987e+02,-5.210764872580e+02,-4.072714067954e+02,-3.361420652441e+02,1.000000000000e+00,2.542662378196
85,15241,5581420898.437500,1.644656811409e+02,2.741094685682e+02,3.600409244436e+01,3.254783722219e+02,1.676825431233e+02,2.991603860065e+02,1.000000000000e+00,2.518501170231
86,15242,5581787109.375000,1.644656811409e+02,-1.644656811409e+02,2.234728744258e+02,-8.301618318348e+01,1.486522646849e+02,-1.401135004811e+02,1.000000000000e+00,2.494358768906
87,15243,5582153320.312500,-1.644656811409e+02,1.644656811409e+02,-2.234922914024e+02,8.308383918729e+01,-1.672165940431e+02,2.031242366431e+02,1.000000000000e+00,2.470235227740
88,15244,5582519531.250000,-5.482189371364e+01,2.741094685682e+02,-1.680868501623e+02,2.319719299666e+02,-5.330029669232e+01,3.078743290371e+02,1.000000000000e+00,2.446130597239
89,15245,5582885742.187500,5.482189371364e+01,-3.837532559955e+02,2.148773384949e+02,-3.339725587384e+02,2.744130919696e+01,-3.554750069153e+02,1.000000000000e+00,2.422044924917
90,15246,5583251953.125000,3.837532559955e+02,1.644656811409e+02,2.868680460213e+02,3.173147315230e+02,3.795343121994e+02,1.790198480579e+02,1.000000000000e+00,2.397978255317
91,15247,5583618164.062500,2.741094685682e+02,5.482189371364e+01,2.315460417134e+02,1.687090224573e+02,2.645917350249e+02,7.402673867676e+01,1.000000000000e+00,2.373930630038
92,15248,5583984375.000000,-3.837532559955e+02,-2.741094685682e+02,-2.389005048727e+02,-4.203217470533e+02,-4.079030766389e+02,-2.291715818260e+02,1.000000000000e+00,2.349902087752
93,15249,5584350585.937500,-3.837532559955e+02,-5.482189371364e+01,-3.336897108518e+02,-2.156977109428e+02,-3.997826643551e+02,-9.110394441603e+00,1.000000000000e+00,2.325892664234
94,15250,5584716796.875000,3.837532559955e+02,-5.482189371364e+01,3.808713319911e+02,1.128878392960e+02,3.678682548823e+02,-4.208300667225e+01,1.000000000000e+00,2.301902392383
95,15251,5585083007.812500,-2.741094685682e+02,-1.644656811409e+02,-1.853699190182e+02,-2.700686874028e+02,-2.961500703214e+02,-1.231099740663e+02,1.000000000000e+00,2.277931302248
96,15252,5585449218.750000,5.482189371364e+01,-1.644656811409e+02,1.213946843926e+02,-1.298301998006e+02,3.271195921221e+01,-1.382231355164e+02,1.000000000000e+00,2.253979421051
97,15253,5585815429.687500,-3.837532559955e+02,3.837532559955e+02,-5.221863083586e+02,1.930325564063e+02,-3.837767614131e+02,4.293793722786e+02,1.000000000000e+00,2.230046773217
98,15254,5586181640.625000,3.837532559955e+02,-3.837532559955e+02,5.223340065405e+02,-1.925627365954e+02,3.524305332153e+02,-3.723265468297e+02,1.000000000000e+00,2.206133380396
99,15255,5586547851.562500,-3.837532559955e+02,5.482189371364e+01,-3.807019035054e+02,-1.139508197664e+02,-3.986971605393e+02,9.848439069549e+01,1.000000000000e+00,2.182239261490
100,15256,5586914062.500000,5.482189371364e+01,-3.837532559955e+02,2.160286709767e+02,-3.332419711701e+02,2.212823451079e+01,-3.588344838352e+02,1.000000000000e+00,2.158364432680
101,15257,5587280273.437500,3.837532559955e+02,-3.837532559955e+02,5.218471896851e+02,-1.920939156997e+02,3.506417551421e+02,-3.728023575232e+02,1.000000000000e+00,2.134508907455
102,15258,5587646484.375000,3.837532559955e+02,-3.837532559955e+02,5.218801751523e+02,-1.926432279800e+02,3.499351806049e+02,-3.736702631641e+02,1.000000000000e+00,2.110672696635
103,15259,5588012695.312500,5.482189371364e+01,-3.837532559955e+02,2.154483161428e+02,-3.340467822104e+02,1.979124595530e+01,-3.604616783301e+02,1.000000000000e+00,2.086855808404
104,15260,5588378906.250000,-1.644656811409e+02,-5.482189371364e+01,-1.295565747802e+02,-1.215123844137e+02,-1.861287939415e+02,-2.215050449639e+01,1.000000000000e+00,2.063058248333
105,15261,5588745117.187500,-2.741094685682e+02,5.482189371364e+01,-2.783187793820e+02,-6.661019369326e+01,-2.915920090580e+02,9.147346758715e+01,1.000000000000e+00,2.039280019409
106,15262,5589111328.125000,-3.837532559955e+02,-3.837532559955e+02,-1.919229389589e+02,-5.212271486529e+02,-4.194379301082e+02,-3.431309495578e+02,1.000000000000e+00,2.015521122066
107,15263,5589477539.062500,-1.644656811409e+02,-2.741094685682e+02,-3.545051866409e+01,-3.255252078532e+02,-1.964936901782e+02,-2.430110294742e+02,1.000000000000e+00,1.991781554211
108,15264,5589843750.000000,2.741094685682e+02,2.741094685682e+02,1.378109107490e+02,3.727828844266e+02,2.648313441790e+02,2.871681083849e+02,1.000000000000e+00,1.968061311253
109,15265,5590209960.937500,-5.482189371364e+01,-3.837532559955e+02,1.134295611369e+02,-3.809299998398e+02,-9.234547808728e+01,-3.584955393564e+02,1.000000000000e+00,1.944360386133
110,15266,5590576171.875000,3.837532559955e+02,3.837532559955e+02,1.925716016542e+02,5.217199473338e+02,3.777890391989e+02,3.916427948316e+02,1.000000000000e+00,1.920678769352
111,15267,5590942382.812500,1.644656811409e+02,5.482189371364e+01,1.294177121704e+02,1.215473042766e+02,1.443464804319e+02,7.090676977531e+01,1.000000000000e+00,1.897016449000
112,15268,5591308593.750000,3.837532559955e+02,-3.837532559955e+02,5.214860064632e+02,-1.925114572737e+02,3.457576826589e+02,-3.772895808228e+02,1.000000000000e+00,1.873373410787
113,15269,5591674804.687500,-1.644656811409e+02,1.644656811409e+02,-2.234941706969e+02,8.269108433194e+01,-1.810998311600e+02,1.929327602809e+02,1.000000000000e+00,1.849749638070
114,15270,5592041015.625000,5.482189371364e+01,-1.644656811409e+02,1.213716795374e+02,-1.297331491955e+02,2.455786784296e+01,-1.457668388327e+02,1.000000000000e+00,1.826145111884
115,15271,5592407226.562500,3.837532559955e+02,-2.741094685682e+02,4.744442508311e+02,-9.124882589050e+01,3.489133845679e+02,-2.693981580295e+02,1.000000000000e+00,1.802559810973
116,15272,5592773437.500000,3.837532559955e+02,-5.482189371364e+01,3.806473217988e+02,1.128547441510e+02,3.574257601822e+02,-5.036162021087e+01,1.000000000000e+00,1.778993711816
117,15273,5593139648.437500,5.482189371364e+01,-3.837532559955e+02,2.148128362240e+02,-3.337453530979e+02,1.469078089377e+01,-3.664868926264e+02,1.000000000000e+00,1.755446788659
118,15274,5593505859.375000,2.741094685682e+02,5.482189371364e+01,2.316455860859e+02,1.679241240820e+02,2.513067887865e+02,6.282687061656e+01,1.000000000000e+00,1.731919013546
119,15275,5593872070.312500,-5.482189371364e+01,-1.644656811409e+02,1.911418769568e+01,-1.763416897245e+02,-8.663955761026e+01,-1.437165952820e+02,1.000000000000e+00,1.708410356345
120,15276,5594238281.250000,5.482189371364e+01,1.644656811409e+02,-1.901589655476e+01,1.763655288921e+02,3.580024483735e+01,1.801356052078e+02,1.000000000000e+00,1.684920784782
121,15277,5594604492.187500,-2.741094685682e+02,-2.741094685682e+02,-1.386713107579e+02,-3.717493799695e+02,-3.110371000135e+02,-2.456045574292e+02,1.000000000000e+00,1.661450264469
122,15278,5594970703.125000,5.482189371364e+01,3.837532559955e+02,-1.118437064466e+02,3.808065410514e+02,4.433128504168e+01,3.984036288594e+02,1.000000000000e+00,1.637998758933
123,15279,5595336914.062500,3.837532559955e+02,-3.837532559955e+02,5.207060567086e+02,-1.946280512136e+02,3.421331502302e+02,-3.831592884389e+02,1.000000000000e+00,1.614566229646
124,15280,5595703125.000000,5.482189371364e+01,5.482189371364e+01,2.780052339268e+01,7.442598117162e+01,3.037525188554e+01,6.841579185870e+01,1.000000000000e+00,1.591152636057
125,15281,5596069335.937500,-1.644656811409e+02,1.644656811409e+02,-2.233964009442e+02,8.336521351894e+01,-1.852613460636e+02,1.862226615271e+02,1.000000000000e+00,1.567757935618
126,15282,5596435546.875000,-1.644656811409e+02,-1.644656811409e+02,-8.321808700047e+01,-2.235159785419e+02,-1.980696169782e+02,-1.440459769091e+02,1.000000000000e+00,1.544382083817
127,15283,5596801757.812500,-3.837532559955e+02,-2.741094685682e+02,-2.406867854660e+02,-4.195806055294e+02,-4.218450207198e+02,-2.468272570958e+02,1.000000000000e+00,1.521025034206
128,15284,5597167968.750000,-3.837532559955e+02,3.837532559955e+02,-5.215884977520e+02,1.943219367773e+02,-3.980489845194e+02,4.119908634301e+02,1.000000000000e+00,1.497686738429
129,15285,5597534179.687500,-3.837532559955e+02,-2.741094685682e+02,-2.422176718059e+02,-4.183957755478e+02,-4.227503611512e+02,-2.467273658030e+02,1.000000000000e+00,1.474367146255
130,15286,5597900390.625000,5.482189371364e+01,-2.741094685682e+02,1.664659199591e+02,-2.330921782144e+02,1.562498870770e+01,-2.643893461309e+02,1.000000000000e+00,1.451066205604
131,15287,5598266601.562500,-2.741094685682e+02,-3.837532559955e+02,-9.498264192399e+01,-4.741125505062e+02,-3.183554541538e+02,-3.614524940389e+02,1.000000000000e+00,1.427783862579
132,15288,5598632812.500000,3.837532559955e+02,-1.644656811409e+02,4.284558545147e+02,7.894283967966e+00,3.500583046316e+02,-1.690527416411e+02,1.000000000000e+00,1.404520061492
133,15289,5598999023.437500,2.741094685682e+02,3.837532559955e+02,9.443538221851e+01,4.752559665012e+02,2.614954325794e+02,3.852143038519e+02,1.000000000000e+00,1.381274744894
134,15290,5599365234.375000,-2.741094685682e+02,-3.837532559955e+02,-9.510597502446e+01,-4.746180945909e+02,-3.183461382298e+02,-3.641670766444e+02,1.000000000000e+00,1.358047853606
135,15291,5599731445.312500,3.837532559955e+02,3.837532559955e+02,1.983913330879e+02,5.199069768672e+02,3.712103854302e+02,3.783368274772e+02,1.000000000000e+00,1.334839326745
136,15292,5600097656.250000,-3.837532559955e+02,-3.837532559955e+02,-1.988196279285e+02,-5.193800006877e+02,-4.283049594956e+02,-3.599297658151e+02,1.000000000000e+00,1.311649101753
137,15293,5600463867.187500,2.741094685682e+02,-5.482189371364e+01,2.795161646915e+02,6.335844091215e+01,2.436825115542e+02,-5.751276716177e+01,1.000000000000e+00,1.288477114427
138,15294,5600830078.125000,1.644656811409e+02,-3.837532559955e+02,3.148065247938e+02,-2.904092303268e+02,1.214700460209e+02,-3.832969100763e+02,1.000000000000e+00,1.265323298943
139,15295,5601196289.062500,-1.644656811409e+02,5.482189371364e+01,-1.769807993620e+02,-1.775241552219e+01,-1.917210184273e+02,6.789118219367e+01,1.000000000000e+00,1.242187587890
140,15296,5601562500.000000,3.837532559955e+02,-1.644656811409e+02,4.282171772702e+02,7.765122268332e+00,3.501441234536e+02,-1.715843051615e+02,1.000000000000e+00,1.219069912293
141,15297,5601928710.937500,2.741094685682e+02,-1.644656811409e+02,3.256484410187e+02,-3.797721103556e+01,2.405356025971e+02,-1.678216974653e+02,1.000000000000e+00,1.195970201643
142,15298,5602294921.875000,-1.644656811409e+02,-2.741094685682e+02,-3.838770474557e+01,-3.254680648812e+02,-2.026059623753e+02,-2.640262424089e+02,1.000000000000e+00,1.172888383923
143,15299,5602661132.812500,-3.837532559955e+02,-1.644656811409e+02,-2.900120230859e+02,-3.145533483380e+02,-4.187094382034e+02,-1.471229320353e+02,1.000000000000e+00,1.149824385635
144,15300,5603027343.750000,-1.644656811409e+02,5.482189371364e+01,-1.767429309773e+02,-1.727270392162e+01,-1.916156237802e+02,6.464625659301e+01,1.000000000000e+00,1.126778131830
145,15301,5603393554.687500,1.644656811409e+02,-3.837532559955e+02,3.135943555306e+02,-2.911334953156e+02,1.222345479027e+02,-3.866090228112e+02,1.000000000000e+00,1.103749546131
146,15302,5603759765.625000,2.741094685682e+02,3.837532559955e+02,9.804166780129e+01,4.735393350044e+02,2.596199707212e+02,3.775180994972e+02,1.000000000000e+00,1.080738550762
147,15303,5604125976.562500,3.837532559955e+02,-3.837532559955e+02,5.188028282271e+02,-2.014158722850e+02,3.418187498293e+02,-3.960113110751e+02,1.000000000000e+00,1.057745066574
148,15304,5604492187.500000,1.644656811409e+02,1.644656811409e+02,8.625293556344e+01,2.221541253405e+02,1.417141644686e+02,1.606509839822e+02,1.000000000000e+00,1.034769013068
149,15305,5604858398.437500,5.482189371364e+01,1.644656811409e+02,-1.653154891891e+01,1.767044229814e+02,3.182252176531e+01,1.638746710673e+02,1.000000000000e+00,1.011810308427
150,15306,5605224609.375000,1.644656811409e+02,-5.482189371364e+01,1.767147061274e+02,1.641148627856e+01,1.340798859586e+02,-5.974558745441e+01,1.000000000000e+00,0.988868869536
151,15307,5605590820.312500,-1.644656811409e+02,-5.482189371364e+01,-1.317242440323e+02,-1.190766980106e+02,-1.949452318668e+02,-4.911130202704e+01,1.000000000000e+00,0.965944612011
152,15308,5605957031.250000,-3.837532559955e+02,1.644656811409e+02,-4.278545773165e+02,-3.113410485505e+00,-4.069941902024e+02,1.774338073336e+02,1.000000000000e+00,0.943037450221
153,15309,5606323242.187500,3.837532559955e+02,2.741094685682e+02,2.482530375364e+02,4.144087481568e+02,3.653333539661e+02,2.601294269801e+02,1.000000000000e+00,0.920147297317
154,15310,5606689453.125000,-2.741094685682e+02,-1.644656811409e+02,-1.903973635140e+02,-2.661722192252e+02,-3.080502194347e+02,-1.564181930452e+02,1.000000000000e+00,0.897274065253
155,15311,5607055664.062500,-5.482189371364e+01,2.741094685682e+02,-1.628420944833e+02,2.351795521042e+02,-7.316343300759e+01,2.739869032381e+02,1.000000000000e+00,0.874417664811
156,15312,5607421875.000000,3.837532559955e+02,-2.741094685682e+02,4.718844538586e+02,-1.017543804322e+02,3.465689268284e+02,-2.898900166935e+02,1.000000000000e+00,0.851578005628
157,15313,5607788085.937500,-2.741094685682e+02,-3.837532559955e+02,-1.019518128976e+02,-4.719867593693e+02,-3.148317536827e+02,-3.777491162118e+02,1.000000000000e+00,0.828754996216
158,15314,5608154296.875000,1.644656811409e+02,-2.741094685682e+02,2.658974001839e+02,-1.909759135431e+02,1.281644861885e+02,-2.832264646729e+02,1.000000000000e+00,0.805948543988
159,15315,5608520507.812500,3.837532559955e+02,-1.644656811409e+02,4.276098423214e+02,1.339312485263e+00,3.516826635577e+02,-1.805590432569e+02,1.000000000000e+00,0.783158555282
160,15316,5608886718.750000,1.644656811409e+02,2.741094685682e+02,4.305893763736e+01,3.245780106491e+02,1.455694148967e+02,2.649922410362e+02,1.000000000000e+00,0.760384935381
161,15317,5609252929.687500,2.741094685682e+02,-2.741094685682e+02,3.691269118187e+02,-1.465653585423e+02,2.395020283300e+02,-2.875337035895e+02,1.000000000000e+00,0.737627588539
162,15318,5609619140.625000,1.644656811409e+02,-2.741094685682e+02,2.657316245766e+02,-1.916262431256e+02,1.298029233437e+02,-2.849985358579e+02,1.000000000000e+00,0.714886418003
163,15319,5609985351.562500,2.741094685682e+02,-1.644656811409e+02,3.246765412951e+02,-4.463695903355e+01,2.431089381680e+02,-1.791821102121e+02,1.000000000000e+00,0.692161326032
164,15320,5610351562.500000,-5.482189371364e+01,3.837532559955e+02,-2.061014263070e+02,3.402055503485e+02,-6.950681161438e+01,3.800048455172e+02,1.000000000000e+00,0.669452213924
165,15321,5610717773.437500,2.741094685682e+02,5.482189371364e+01,2.370654869352e+02,1.619098049554e+02,2.507517584249e+02,3.978363847935e+01,1.000000000000e+00,0.646758982035
166,15322,5611083984.375000,3.837532559955e+02,-1.644656811409e+02,4.289561396120e+02,-1.741097721575e+00,3.545962904869e+02,-1.840527048771e+02,1.000000000000e+00,0.624081529801
167,15323,5611450195.312500,3.837532559955e+02,2.741094685682e+02,2.532928715247e+02,4.124714424132e+02,3.675797348033e+02,2.556748224872e+02,1.000000000000e+00,0.601419755759
168,15324,5611816406.250000,-5.482189371364e+01,5.482189371364e+01,-7.362816037907e+01,2.996974467828e+01,-7.855714574122e+01,4.829107000627e+01,1.000000000000e+00,0.578773557567
169,15325,5612182617.187500,-1.644656811409e+02,3.837532559955e+02,-3.079528586693e+02,2.971687260505e+02,-1.786860167040e+02,3.804558880801e+02,1.000000000000e+00,0.556142832027
170,15326,5612548828.125000,5.482189371364e+01,-1.644656811409e+02,1.172250153586e+02,-1.336400944784e+02,2.571858100684e+01,-1.754331356817e+02,1.000000000000e+00,0.533527475103
171,15327,5612915039.062500,-2.741094685682e+02,-5.482189371364e+01,-2.373653030388e+02,-1.608905799141e+02,-3.006674074429e+02,-5.728846823759e+01,1.000000000000e+00,0.510927381944
172,15328,5613281250.000000,2.741094685682e+02,2.741094685682e+02,1.508202092390e+02,3.676970492464e+02,2.579408402507e+02,2.573184781747e+02,1.000000000000e+00,0.488342446900
173,15329,5613647460.937500,3.837532559955e+02,-2.741094685682e+02,4.706893088124e+02,-1.086584347288e+02,3.525286154401e+02,-2.956377781777e+02,1.000000000000e+00,0.465772563544
174,15330,5614013671.875000,-1.644656811409e+02,-2.741094685682e+02,-4.880360555647e+01,-3.235040272947e+02,-1.961842284912e+02,-2.799533812765e+02,1.000000000000e+00,0.443217624692
175,15331,5614379882.812500,-5.482189371364e+01,3.837532559955e+02,-2.013307055668e+02,3.418424476454e+02,-6.700782547591e+01,3.743187084034e+02,1.000000000000e+00,0.420677522419
176,15332,5614746093.750000,5.482189371364e+01,-1.644656811409e+02,1.158830798224e+02,-1.343349444274e+02,2.737212380328e+01,-1.774429859005e+02,1.000000000000e+00,0.398152148082
177,15333,5615112304.687500,5.482189371364e+01,-5.482189371364e+01,7.320080308275e+01,-3.061908423255e+01,3.076693429962e+01,-6.811523590759e+01,1.000000000000e+00,0.375641392333
178,15334,5615478515.625000,1.644656811409e+02,1.644656811409e+02,9.231010427146e+01,2.195053417666e+02,1.468540663603e+02,1.478686967832e+02,1.000000000000e+00,0.353145145143
179,15335,5615844726.562500,5.482189371364e+01,2.741094685682e+02,-5.350864465376e+01,2.812493001029e+02,4.066877537566e+01,2.603360491854e+02,1.000000000000e+00,0.330663295815
180,15336,5616210937.500000,-2.741094685682e+02,1.644656811409e+02,-3.234295377827e+02,5.069629829982e+01,-2.914738621130e+02,1.592614651270e+02,1.000000000000e+00,0.308195733006
181,15337,5616577148.437500,2.741094685682e+02,-2.741094685682e+02,3.655693131533e+02,-1.544986308365e+02,2.461408523300e+02,-2.943039102629e+02,1.000000000000e+00,0.285742344740
182,15338,5616943359.375000,5.482189371364e+01,1.644656811409e+02,-1.141743240162e+01,1.770632049481e+02,3.772863102628e+01,1.498209182737e+02,1.000000000000e+00,0.263303018427
183,15339,5617309570.312500,-2.741094685682e+02,1.644656811409e+02,-3.236155664316e+02,5.093873328439e+01,-2.912685232049e+02,1.574378263452e+02,1.000000000000e+00,0.240877640883
184,15340,5617675781.250000,-2.741094685682e+02,-2.741094685682e+02,-1.562018937950e+02,-3.659786230766e+02,-3.018910462393e+02,-2.823717377337e+02,1.000000000000e+00,0.218466098340
185,15341,5618041992.187500,5.482189371364e+01,-5.482189371364e+01,7.322447598047e+01,-3.144845427232e+01,3.384017174969e+01,-7.076756356528e+01,1.000000000000e+00,0.196068276468
186,15342,5618408203.125000,-3.837532559955e+02,5.482189371364e+01,-3.871762903248e+02,-9.305404144191e+01,-4.033753167175e+02,5.026815605050e+01,1.000000000000e+00,0.173684060389
187,15343,5618774414.062500,5.482189371364e+01,-2.741094685682e+02,1.556216496064e+02,-2.410982272140e+02,2.872998856929e+01,-2.912913913351e+02,1.000000000000e+00,0.151313334692
188,15344,5619140625.000000,-1.644656811409e+02,5.482189371364e+01,-1.776196409233e+02,-9.280634397469e+00,-1.822520120195e+02,4.419043775065e+01,1.000000000000e+00,0.128955983450
189,15345,5619506835.937500,2.741094685682e+02,-2.741094685682e+02,3.640909922825e+02,-1.595698824911e+02,2.490845484831e+02,-2.972912533652e+02,1.000000000000e+00,0.106611890233
190,15346,5619873046.875000,3.837532559955e+02,-1.644656811409e+02,4.276936423478e+02,-1.461588084622e+01,3.620390434394e+02,-1.904597344066e+02,1.000000000000e+00,0.084280938127
191,15347,5620239257.812500,5.482189371364e+01,-2.741094685682e+02,1.539047006477e+02,-2.414889879771e+02,3.021405328463e+01,-2.916534544897e+02,1.000000000000e+00,0.061963009744
192,15348,5620605468.750000,3.837532559955e+02,3.837532559955e+02,2.243446885389e+02,5.083177077034e+02,3.759482095512e+02,3.587145010743e+02,1.000000000000e+00,0.039657987239
193,15349,5620971679.687500,-3.837532559955e+02,-1.644656811409e+02,-3.053695007930e+02,-2.987294036271e+02,-4.044770209050e+02,-1.719783461522e+02,1.000000000000e+00,0.017365752326
194,15350,5621337890.625000,-3.837532559955e+02,1.644656811409e+02,-4.273444415727e+02,1.625718967063e+01,-3.968542148615e+02,1.573615879596e+02,1.000000000000e+00,-0.004913813711
195,15351,5621704101.562500,1.644656811409e+02,1.644656811409e+02,9.756445301908e+01,2.176673317943e+02,1.527674244882e+02,1.441056254522e+02,1.000000000000e+00,-0.027180830006
196,15352,5622070312.500000,-1.644656811409e+02,-3.837532559955e+02,-1.854166945245e+01,-4.281437359990e+02,-1.907492749871e+02,-3.975258456276e+02,1.000000000000e+00,-0.049435416089
197,15353,5622436523.437500,-5.482189371364e+01,-2.741094685682e+02,4.671619898965e+01,-2.828873637600e+02,-7.720359594817e+01,-2.904109029432e+02,1.000000000000e+00,-0.071677691884
198,15354,5622802734.375000,-2.741094685682e+02,-1.644656811409e+02,-2.034260598327e+02,-2.568370727143e+02,-2.935765085833e+02,-1.754292679512e+02,1.000000000000e+00,-0.093907777687
199,15355,5623168945.312500,5.482189371364e+01,-3.837532559955e+02,1.910290797544e+02,-3.482614061146e+02,3.150726424202e+01,-4.028773593130e+02,1.000000000000e+00,-0.116125794158
200,15356,5623535156.250000,1.644656811409e+02,3.837532559955e+02,1.965328142049e+01,4.274680927898e+02,1.587723896233e+02,3.634299590546e+02,1.000000000000e+00,-0.138331862307
201,15357,5623901367.187500,3.837532559955e+02,3.837532559955e+02,2.305784947673e+02,5.063513772312e+02,3.786110955250e+02,3.589409117825e+02,1.000000000000e+00,-0.160526103481
202,15358,5624267578.125000,-5.482189371364e+01,-5.482189371364e+01,-3.303702322687e+01,-7.224787593508e+01,-6.966301087849e+01,-7.147165647448e+01,1.000000000000e+00,-0.182708639352
203,15359,5624633789.062500,-1.644656811409e+02,-1.644656811409e+02,-9.943129620631e+01,-2.163930428502e+02,-1.812806328655e+02,-1.789860524680e+02,1.000000000000e+00,-0.204879591909
204,15360,5625000000.000000,-2.741094685682e+02,1.644656811409e+02,-3.213063180610e+02,6.098677669664e+01,-2.835484046169e+02,1.522836734088e+02,1.000000000000e+00,-0.227039083440
205,15361,5625366210.937500,-1.644656811409e+02,-5.482189371364e+01,-1.388061180418e+02,-1.106190425759e+02,-1.782546097118e+02,-6.945485297523e+01,1.000000000000e+00,-0.249187236524
206,15362,5625732421.875000,-5.482189371364e+01,3.837532559955e+02,-1.873719471913e+02,3.501986927801e+02,-5.901904793356e+01,3.673352405375e+02,1.000000000000e+00,-0.271324174021
207,15363,5626098632.812500,2.741094685682e+02,2.741094685682e+02,1.683318335001e+02,3.599941354342e+02,2.685239890252e+02,2.508172333409e+02,1.000000000000e+00,-0.293450019058
208,15364,5626464843.750000,2.741094685682e+02,-5.482189371364e+01,2.834045350973e+02,4.287753602520e+01,2.622517935248e+02,-7.852671747672e+01,1.000000000000e+00,-0.315564895020
209,15365,5626831054.687500,-1.644656811409e+02,2.741094685682e+02,-2.542399630873e+02,2.069779709041e+02,-1.710484144312e+02,2.593673997583e+02,1.000000000000e+00,-0.337668925539
210,15366,5627197265.625000,5.482189371364e+01,-5.482189371364e+01,7.193633503315e+01,-3.383192926618e+01,4.327204060304e+01,-7.434636882963e+01,1.000000000000e+00,-0.359762234485
211,15367,5627563476.562500,1.644656811409e+02,1.644656811409e+02,1.018753950016e+02,2.154775820194e+02,1.572749177538e+02,1.433500458731e+02,1.000000000000e+00,-0.381844945954
212,15368,5627929687.500000,5.482189371364e+01,-2.741094685682e+02,1.469761709393e+02,-2.456844897519e+02,3.998034939656e+01,-2.939535806786e+02,1.000000000000e+00,-0.403917184258
213,15369,5628295898.437500,3.837532559955e+02,2.741094685682e+02,2.770774294308e+02,3.960907703384e+02,3.796474433171e+02,2.493034898304e+02,1.000000000000e+00,-0.425979073916
214,15370,5628662109.375000,-3.837532559955e+02,5.482189371364e+01,-3.901191049958e+02,-7.776568452329e+01,-3.933395047831e+02,4.296596562973e+01,1.000000000000e+00,-0.448030739645
215,15371,5629028320.312500,-2.741094685682e+02,1.644656811409e+02,-3.216106528513e+02,6.629548139594e+01,-2.814659706627e+02,1.511180526099e+02,1.000000000000e+00,-0.470072306350
216,15372,5629394531.250000,1.644656811409e+02,-2.741094685682e+02,2.521054884076e+02,-2.103322365816e+02,1.517780318819e+02,-2.967218926724e+02,1.000000000000e+00,-0.492103899115
217,15373,5629760742.187500,-1.644656811409e+02,2.741094685682e+02,-2.516338547523e+02,2.108212687438e+02,-1.686867051806e+02,2.593000976969e+02,1.000000000000e+00,-0.514125643193
218,15374,5630126953.125000,2.741094685682e+02,-2.741094685682e+02,3.576145898865e+02,-1.745320540733e+02,2.623899090739e+02,-2.984619712431e+02,1.000000000000e+00,-0.536137663998
219,15375,5630493164.062500,-3.837532559955e+02,2.741094685682e+02,-4.635117957363e+02,1.381850872200e+02,-3.880368107172e+02,2.622152802183e+02,1.000000000000e+00,-0.558140087099
220,15376,5630859375.000000,-5.482189371364e+01,-2.741094685682e+02,3.777675689365e+01,-2.839372854116e+02,-6.635269606872e+01,-2.924987678251e+02,1.000000000000e+00,-0.580133038206
221,15377,5631225585.937500,-3.837532559955e+02,3.837532559955e+02,-4.986055186970e+02,2.457921431490e+02,-3.854377639659e+02,3.713792059947e+02,1.000000000000e+00,-0.602116643166
222,15378,5631591796.875000,-2.741094685682e+02,-5.482189371364e+01,-2.482346168380e+02,-1.426723245175e+02,-2.820731510402e+02,-6.909892884910e+01,1.000000000000e+00,-0.624091027955
223,15379,5631958007.812500,-1.644656811409e+02,1.644656811409e+02,-2.129958297083e+02,1.066713432391e+02,-1.681552311739e+02,1.488548827929e+02,1.000000000000e+00,-0.646056318667
224,15380,5632324218.750000,2.741094685682e+02,-5.482189371364e+01,2.841493759959e+02,3.478821532319e+01,2.673324864603e+02,-7.841233719928e+01,1.000000000000e+00,-0.668012641510
225,15381,5632690429.687500,-2.741094685682e+02,1.644656811409e+02,-3.192320012879e+02,7.236496500743e+01,-2.773177516033e+02,1.507248488922e+02,1.000000000000e+00,-0.689960122794
226,15382,5633056640.625000,-3.837532559955e+02,5.482189371364e+01,-3.909495321249e+02,-6.867059343192e+01,-3.886822346345e+02,4.281933997506e+01,1.000000000000e+00,-0.711898888928
227,15383,5633422851.562500,-3.837532559955e+02,-3.837532559955e+02,-2.524572860902e+02,-4.952577905371e+02,-3.959846059005e+02,-3.963333799097e+02,1.000000000000e+00,-0.733829066412
228,15384,5633789062.500000,2.741094685682e+02,3.837532559955e+02,1.465142905581e+02,4.604613940802e+02,2.760852430280e+02,3.611813919928e+02,1.000000000000e+00,-0.755750781828
229,15385,5634155273.437500,-1.644656811409e+02,3.837532559955e+02,-2.807259164324e+02,3.229231674296e+02,-1.631463794106e+02,3.686049598746e+02,1.000000000000e+00,-0.777664161832
230,15386,5634521484.375000,-2.741094685682e+02,1.644656811409e+02,-3.189465048227e+02,7.492880362389e+01,-2.764712509808e+02,1.504984097102e+02,1.000000000000e+00,-0.799569333152
231,15387,5634887695.312500,3.837532559955e+02,2.741094685682e+02,2.894119266110e+02,3.871663038644e+02,3.843857203057e+02,2.506832186931e+02,1.000000000000e+00,-0.821466422578
232,15388,5635253906.250000,-3.837532559955e+02,1.644656811409e+02,-4.260876714916e+02,4.199788050488e+01,-3.861582834954e+02,1.520024340804e+02,1.000000000000e+00,-0.843355556955
233,15389,5635620117.187500,1.644656811409e+02,-3.837532559955e+02,2.789834296781e+02,-3.251591317106e+02,1.557508678971e+02,-4.057486544481e+02,1.000000000000e+00,-0.865236863179
234,15390,5635986328.125000,1.644656811409e+02,-2.741094685682e+02,2.449158094147e+02,-2.185512474593e+02,1.576343893804e+02,-2.959518828131e+02,1.000000000000e+00,-0.887110468190
235,15391,5636352539.062500,-3.837532559955e+02,3.837532559955e+02,-4.928951142101e+02,2.601599661908e+02,-3.824365038720e+02,3.728802415711e+02,1.000000000000e+00,-0.908976498964
236,15392,5636718750.000000,3.837532559955e+02,2.741094685682e+02,2.942174830771e+02,3.847433041718e+02,3.866918382485e+02,2.511785786432e+02,1.000000000000e+00,-0.930835082510
237,15393,5637084960.937500,1.644656811409e+02,5.482189371364e+01,1.451763933388e+02,1.030507712037e+02,1.634195922069e+02,3.440190005692e+01,1.000000000000e+00,-0.952686345863
238,15394,5637451171.875000,-2.741094685682e+02,1.644656811409e+02,-3.180761414142e+02,8.033311042845e+01,-2.746847119163e+02,1.512941329257e+02,1.000000000000e+00,-0.974530416078
239,15395,5637817382.812500,2.741094685682e+02,-2.741094685682e+02,3.498802737912e+02,-1.888184256602e+02,2.683158303768e+02,-2.972481721917e+02,1.000000000000e+00,-0.996367420226
240,15396,5638183593.750000,-3.837532559955e+02,-3.837532559955e+02,-2.648005477553e+02,-4.893315793726e+02,-3.922921080497e+02,-3.966186943414e+02,1.000000000000e+00,-1.018197485384
241,15397,5638549804.687500,2.741094685682e+02,1.644656811409e+02,2.211330788575e+02,2.417968384337e+02,2.752394172628e+02,1.434009026000e+02,1.000000000000e+00,-1.040020738638
242,15398,5638916015.625000,-2.741094685682e+02,3.837532559955e+02,-3.816001305854e+02,2.966217163695e+02,-2.718747129817e+02,3.696823575592e+02,1.000000000000e+00,-1.061837307069
243,15399,5639282226.562500,-3.837532559955e+02,-2.741094685682e+02,-2.975448817376e+02,-3.810176106988e+02,-3.887051063328e+02,-2.882020370546e+02,1.000000000000e+00,-1.083647317755
244,15400,5639648437.500000,-5.482189371364e+01,1.644656811409e+02,-1.013037301482e+02,1.460853820194e+02,-5.393475630874e+01,1.479118755321e+02,1.000000000000e+00,-1.105450897761
245,15401,5640014648.437500,3.837532559955e+02,3.837532559955e+02,2.687356164187e+02,4.875514655748e+02,3.889809029161e+02,3.624549157870e+02,1.000000000000e+00,-1.127248174139
246,15402,5640380859.375000,2.741094685682e+02,-5.482189371364e+01,2.859076804814e+02,2.362271347866e+01,2.738416323892e+02,-7.584029203179e+01,1.000000000000e+00,-1.149039273917
247,15403,5640747070.312500,2.741094685682e+02,1.644656811409e+02,2.242874147090e+02,2.396237112266e+02,2.768314812380e+02,1.444058743278e+02,1.000000000000e+00,-1.170824324102
248,15404,5641113281.250000,5.482189371364e+01,-3.837532559955e+02,1.616208896804e+02,-3.638596636675e+02,5.041671507306e+01,-4.032630543258e+02,1.000000000000e+00,-1.192603451670
249,15405,5641479492.187500,-5.482189371364e+01,2.741094685682e+02,-1.303642323705e+02,2.557846908285e+02,-5.167708665451e+01,2.586413417436e+02,1.000000000000e+00,-1.214376783562
250,15406,5641845703.125000,-2.741094685682e+02,-1.644656811409e+02,-2.258249969854e+02,-2.382739778457e+02,-2.768505763127e+02,-1.790015931961e+02,1.000000000000e+00,-1.236144446683
251,15407,5642211914.062500,-1.644656811409e+02,1.644656811409e+02,-2.077631638830e+02,1.177513992473e+02,-1.626519029607e+02,1.499577414728e+02,1.000000000000e+00,-1.257906567895
252,15408,5642578125.000000,-5.482189371364e+01,1.644656811409e+02,-9.894179425787e+01,1.478947137975e+02,-5.242815736522e+01,1.486774373655e+02,1.000000000000e+00,-1.279663274015
253,15409,5642944335.937500,5.482189371364e+01,-5.482189371364e+01,6.905675271310e+01,-3.948836528740e+01,5.523797386922e+01,-7.251648441541e+01,1.000000000000e+00,-1.301414691808
254,15410,5643310546.875000,3.837532559955e+02,3.837532559955e+02,2.773051659388e+02,4.829775348070e+02,3.902265243602e+02,3.639787330356e+02,1.000000000000e+00,-1.323160947986
255,15411,5643676757.812500,2.741094685682e+02,-1.644656811409e+02,3.155175434294e+02,-9.002859332145e+01,2.745567223514e+02,-1.846569164481e+02,1.000000000000e+00,-1.344902169205
256,15412,5644042968.750000,3.837532559955e+02,-1.644656811409e+02,4.241996734114e+02,-6.159562490587e+01,3.849128276709e+02,-1.856218564284e+02,1.000000000000e+00,-1.366638482056
257,15413,5644409179.687500,1.644656811409e+02,2.741094685682e+02,9.131698345562e+01,3.153711330136e+02,1.694684338886e+02,2.569909528608e+02,1.000000000000e+00,-1.388370013067
258,15414,5644775390.625000,-5.482189371364e+01,-3.837532559955e+02,4.552932342131e+01,-3.957061434892e+02,-5.717751912305e+01,-4.014616436615e+02,1.000000000000e+00,-1.410096888697
259,15415,5645141601.562500,5.482189371364e+01,-3.837532559955e+02,1.536481887152e+02,-3.675127190110e+02,5.306064636197e+01,-4.025141463760e+02,1.000000000000e+00,-1.431819235333
260,15416,5645507812.500000,3.837532559955e+02,-5.482189371364e+01,3.957515166500e+02,4.349502296190e+01,3.867877870411e+02,-7.553632048976e+01,1.000000000000e+00,-1.453537179286
261,15417,5645874023.437500,3.837532559955e+02,-1.644656811409e+02,4.233628529667e+02,-6.669876227487e+01,3.854804314823e+02,-1.856757741387e+02,1.000000000000e+00,-1.475250846788
262,15418,5646240234.375000,-3.837532559955e+02,-3.837532559955e+02,-2.856843212380e+02,-4.780409733823e+02,-3.868147073585e+02,-3.969770489292e+02,1.000000000000e+00,-1.496960363991
263,15419,5646606445.312500,1.644656811409e+02,-3.837532559955e+02,2.592626117153e+02,-3.409248181120e+02,1.635435831840e+02,-4.027053983159e+02,1.000000000000e+00,-1.518665856958
264,15420,5646972656.250000,2.741094685682e+02,1.644656811409e+02,2.320843363873e+02,2.315456793090e+02,2.790844793577e+02,1.462106658894e+02,1.000000000000e+00,-1.540367451668
265,15421,5647338867.187500,2.741094685682e+02,1.644656811409e+02,2.326526211340e+02,2.307744217932e+02,2.792289818828e+02,1.460187691675e+02,1.000000000000e+00,-1.562065274004
266,15422,5647705078.125000,-5.482189371364e+01,-2.741094685682e+02,1.160420863928e+01,-2.861992761721e+02,-5.494387536794e+01,-2.899252127597e+02,1.000000000000e+00,-1.583759449759
267,15423,5648071289.062500,2.741094685682e+02,-1.644656811409e+02,3.123368294674e+02,-9.837096983890e+01,2.757715693809e+02,-1.837107299484e+02,1.000000000000e+00,-1.605450104626
268,15424,5648437500.000000,-3.837532559955e+02,-1.644656811409e+02,-3.434095541789e+02,-2.552522430816e+02,-3.828830407947e+02,-1.766739435279e+02,1.000000000000e+00,-1.627137364197
269,15425,5648803710.937500,-1.644656811409e+02,1.644656811409e+02,-2.030407986491e+02,1.250731241306e+02,-1.599454360916e+02,1.505874909276e+02,1.000000000000e+00,-1.648821353965
270,15426,5649169921.875000,-2.741094685682e+02,2.741094685682e+02,-3.381693355805e+02,2.089379380847e+02,-2.689993246596e+02,2.613397789522e+02,1.000000000000e+00,-1.670502199312
271,15427,5649536132.812500,-1.644656811409e+02,5.482189371364e+01,-1.769918316305e+02,1.624423832674e+01,-1.607129892444e+02,4.057899204728e+01,1.000000000000e+00,-1.692180025517
272,15428,5649902343.750000,2.741094685682e+02,2.741094685682e+02,2.100218805119e+02,3.373087527500e+02,2.805026809889e+02,2.571685033599e+02,1.000000000000e+00,-1.713854957743
273,15429,5650268554.687500,5.482189371364e+01,-5.482189371364e+01,6.737439587359e+01,-4.220573168065e+01,5.853893410461e+01,-7.088766366870e+01,1.000000000000e+00,-1.735527121042
274,15430,5650634765.625000,-2.741094685682e+02,-2.741094685682e+02,-2.122042012563e+02,-3.364296932690e+02,-2.731706854042e+02,-2.880902059780e+02,1.000000000000e+00,-1.757196640350
275,15431,5651000976.562500,-5.482189371364e+01,2.741094685682e+02,-1.162395566739e+02,2.624193333349e+02,-4.817805504370e+01,2.602607784191e+02,1.000000000000e+00,-1.778863640482
276,15432,5651367187.500000,3.837532559955e+02,1.644656811409e+02,3.478318398892e+02,2.501693492240e+02,3.907579897418e+02,1.465467957171e+02,1.000000000000e+00,-1.800528246135
277,15433,5651733398.437500,3.837532559955e+02,-5.482189371364e+01,3.964630622185e+02,3.009412584796e+01,3.889947806231e+02,-7.288708419304e+01,1.000000000000e+00,-1.822190581878
278,15434,5652099609.375000,5.482189371364e+01,1.644656811409e+02,1.870274978813e+01,1.767497261605e+02,6.061784727104e+01,1.492812356522e+02,1.000000000000e+00,-1.843850772158
279,15435,5652465820.312500,1.644656811409e+02,-1.644656811409e+02,2.005359431013e+02,-1.289294855281e+02,1.686617911805e+02,-1.809933971921e+02,1.000000000000e+00,-1.865508941292
280,15436,5652832031.250000,2.741094685682e+02,-2.741094685682e+02,3.336549735486e+02,-2.156083020853e+02,2.779391175656e+02,-2.914381211975e+02,1.000000000000e+00,-1.887165213464
281,15437,5653198242.187500,2.741094685682e+02,2.741094685682e+02,2.163948032865e+02,3.333316664609e+02,2.814739636839e+02,2.580086809357e+02,1.000000000000e+00,-1.908819712728
282,15438,5653564453.125000,-3.837532559955e+02,-5.482189371364e+01,-3.737179932268e+02,-1.362341652685e+02,-3.800358941976e+02,-6.790209821037e+01,1.000000000000e+00,-1.930472563000
283,15439,5653930664.062500,2.741094685682e+02,-5.482189371364e+01,2.870909262409e+02,2.397026799443e+00,2.803421749235e+02,-7.151430711030e+01,1.000000000000e+00,-1.952123888062
284,15440,5654296875.000000,1.644656811409e+02,2.741094685682e+02,1.084173812878e+02,3.098436797984e+02,1.720159057803e+02,2.594077902193e+02,1.000000000000e+00,-1.973773811551
285,15441,5654663085.937500,1.644656811409e+02,1.644656811409e+02,1.315391200889e+02,1.992501652950e+02,1.714945834265e+02,1.493591214863e+02,1.000000000000e+00,-1.995422456966
286,15442,5655029296.875000,5.482189371364e+01,-3.837532559955e+02,1.333238231054e+02,-3.747952969731e+02,5.912817302567e+01,-4.001466983837e+02,1.000000000000e+00,-2.017069947660
287,15443,5655395507.812500,5.482189371364e+01,5.482189371364e+01,4.422773310951e+01,6.620706930998e+01,6.131607951919e+01,3.988120692694e+01,1.000000000000e+00,-2.038716406838
288,15444,5655761718.750000,-2.741094685682e+02,1.644656811409e+02,-3.089105197960e+02,1.118417429915e+02,-2.681971609831e+02,1.522857472851e+02,1.000000000000e+00,-2.060361957560
289,15445,5656127929.687500,-3.837532559955e+02,5.482189371364e+01,-3.980107730707e+02,-1.924718796194e+01,-3.789932968580e+02,4.312725529754e+01,1.000000000000e+00,-2.082006722733
290,15446,5656494140.625000,-2.741094685682e+02,5.482189371364e+01,-2.870740452346e+02,2.563275173891e+00,-2.684370223959e+02,4.216903215216e+01,1.000000000000e+00,-2.103650825109
291,15447,5656860351.562500,2.741094685682e+02,-5.482189371364e+01,2.868097027239e+02,-3.063179315292e+00,2.811868254111e+02,-7.143656102456e+01,1.000000000000e+00,-2.125294387289
292,15448,5657226562.500000,1.644656811409e+02,-3.837532559955e+02,2.382901512777e+02,-3.558375705472e+02,1.694964807842e+02,-4.004331548410e+02,1.000000000000e+00,-2.146937531715
293,15449,5657592773.437500,2.741094685682e+02,3.837532559955e+02,2.045001692269e+02,4.383920374126e+02,2.835766044592e+02,3.689062196926e+02,1.000000000000e+00,-2.168580380668
294,15450,5657958984.375000,1.644656811409e+02,-2.741094685682e+02,2.169043003161e+02,-2.459166848341e+02,1.708977741816e+02,-2.901474239658e+02,1.000000000000e+00,-2.190223056271
295,15451,5658325195.312500,-2.741094685682e+02,3.837532559955e+02,-3.474930267206e+02,3.371164669081e+02,-2.665198975531e+02,3.716097311123e+02,1.000000000000e+00,-2.211865680480
296,15452,5658691406.250000,-1.644656811409e+02,5.482189371364e+01,-1.763043756483e+02,2.549286712089e+01,-1.576838833894e+02,4.112423572094e+01,1.000000000000e+00,-2.233508375089
297,15453,5659057617.187500,-2.741094685682e+02,3.837532559955e+02,-3.465782007080e+02,3.392153474382e+02,-2.666887918312e+02,3.722971124164e+02,1.000000000000e+00,-2.255151261720
298,15454,5659423828.125000,-2.741094685682e+02,-5.482189371364e+01,-2.679575478600e+02,-1.040600622622e+02,-2.681401419420e+02,-6.843332706017e+01,1.000000000000e+00,-2.276794461831
299,15455,5659790039.062500,1.644656811409e+02,-5.482189371364e+01,1.762246169075e+02,-2.692006880247e+01,1.729156095945e+02,-7.035467900395e+01,1.000000000000e+00,-2.298438096701
300,15456,5660156250.000000,-2.741094685682e+02,5.482189371364e+01,-2.871958779918e+02,8.602368189972e+00,-2.671551161648e+02,4.213253085506e+01,1.000000000000e+00,-2.320082287442
301,15457,5660522460.937500,1.644656811409e+02,-3.837532559955e+02,2.312860439674e+02,-3.609701311481e+02,1.711545909782e+02,-4.005351412246e+02,1.000000000000e+00,-2.341727154985
302,15458,5660888671.875000,2.741094685682e+02,-5.482189371364e+01,2.865727436298e+02,-1.002335461763e+01,2.829352656285e+02,-7.091226677637e+01,1.000000000000e+00,-2.363372820084
303,15459,5661254882.812500,5.482189371364e+01,-1.644656811409e+02,8.239883823556e+01,-1.574757192426e+02,6.254935480754e+01,-1.794604480431e+02,1.000000000000e+00,-2.385019403314
304,15460,5661621093.750000,2.741094685682e+02,-1.644656811409e+02,3.039737148983e+02,-1.221288177845e+02,2.824662898562e+02,-1.805146757342e+02,1.000000000000e+00,-2.406667025065
305,15461,5661987304.687500,-3.837532559955e+02,1.644656811409e+02,-4.145641004454e+02,1.051690485033e+02,-3.746114467850e+02,1.524140327250e+02,1.000000000000e+00,-2.428315805546
306,15462,5662353515.625000,-2.741094685682e+02,-5.482189371364e+01,-2.690617432587e+02,-9.877978463415e+01,-2.659584467965e+02,-6.783874066977e+01,1.000000000000e+00,-2.449965864774
307,15463,5662719726.562500,2.741094685682e+02,5.482189371364e+01,2.695189762263e+02,9.833815388590e+01,2.845651827658e+02,3.961257971796e+01,1.000000000000e+00,-2.471617322582
308,15464,5663085937.500000,-1.644656811409e+02,-1.644656811409e+02,-1.417298831720e+02,-1.922965626132e+02,-1.564223947113e+02,-1.785147536284e+02,1.000000000000e+00,-2.493270298607
309,15465,5663452148.437500,2.741094685682e+02,-2.741094685682e+02,3.197561293710e+02,-2.371260965001e+02,2.834335362656e+02,-2.906993732375e+02,1.000000000000e+00,-2.514924912297
310,15466,5663818359.375000,2.741094685682e+02,5.482189371364e+01,2.704263028486e+02,9.619590700060e+01,2.853453420262e+02,3.938962904386e+01,1.000000000000e+00,-2.536581282900
311,15467,5664184570.312500,-2.741094685682e+02,-2.741094685682e+02,-2.386383162850e+02,-3.185058493728e+02,-2.666266057551e+02,-2.875614988857e+02,1.000000000000e+00,-2.558239529469
312,15468,5664550781.250000,-5.482189371364e+01,1.644656811409e+02,-7.950069933661e+01,1.592237525149e+02,-4.402885551722e+01,1.513817314884e+02,1.000000000000e+00,-2.579899770853
313,15469,5664916992.187500,-1.644656811409e+02,1.644656811409e+02,-1.907665528889e+02,1.435530261047e+02,-1.540467587223e+02,1.517093497786e+02,1.000000000000e+00,-2.601562125703
314,15470,5665283203.125000,3.837532559955e+02,-5.482189371364e+01,3.980150217283e+02,-1.714541625854e+00,3.956930375866e+02,-7.028593219099e+01,1.000000000000e+00,-2.623226712461
315,15471,5665649414.062500,3.837532559955e+02,-2.741094685682e+02,4.283415017550e+02,-2.261955896489e+02,3.949686042049e+02,-2.908320314275e+02,1.000000000000e+00,-2.644893649361
316,15472,5666015625.000000,3.837532559955e+02,2.741094685682e+02,3.540340526148e+02,3.308621218299e+02,3.981301503112e+02,2.595269741391e+02,1.000000000000e+00,-2.666563054430
317,15473,5666381835.937500,2.741094685682e+02,1.644656811409e+02,2.570932518285e+02,2.043069730816e+02,2.872131149873e+02,1.505601578068e+02,1.000000000000e+00,-2.688235045481
318,15474,5666748046.875000,3.837532559955e+02,-3.837532559955e+02,4.421825811626e+02,-3.393617005563e+02,3.962719226743e+02,-3.995321783978e+02,1.000000000000e+00,-2.709909740110
319,15475,5667114257.812500,5.482189371364e+01,2.741094685682e+02,1.945264077887e+01,2.864228066409e+02,6.697775379973e+01,2.616835600109e+02,1.000000000000e+00,-2.731587255697
320,15476,5667480468.750000,2.741094685682e+02,-3.837532559955e+02,3.289651569830e+02,-3.556244564431e+02,2.866167473018e+02,-3.993234919435e+02,1.000000000000e+00,-2.753267709403
321,15477,5667846679.687500,-5.482189371364e+01,-2.741094685682e+02,-2.138620575849e+01,-2.864285633368e+02,-4.364187444925e+01,-2.885602989425e+02,1.000000000000e+00,-2.774951218165
322,15478,5668212890.625000,-5.482189371364e+01,3.837532559955e+02,-1.032267216560e+02,3.847282625085e+02,-4.134592713141e+01,3.724322412325e+02,1.000000000000e+00,-2.796637898692
323,15479,5668579101.562500,-2.741094685682e+02,2.741094685682e+02,-3.128784215025e+02,2.464884685882e+02,-2.617863209442e+02,2.630455232595e+02,1.000000000000e+00,-2.818327867468
324,15480,5668945312.500000,1.644656811409e+02,2.741094685682e+02,1.352359441818e+02,2.992956836700e+02,1.789858981419e+02,2.617216019801e+02,1.000000000000e+00,-2.840021240745
325,15481,5669311523.437500,3.837532559955e+02,-3.837532559955e+02,4.360961986997e+02,-3.467012832831e+02,3.970741046644e+02,-3.994024015055e+02,1.000000000000e+00,-2.861718134540
326,15482,5669677734.375000,-5.482189371364e+01,-3.837532559955e+02,-1.214426232608e+01,-3.973638554429e+02,-4.286077320617e+01,-3.974966505193e+02,1.000000000000e+00,-2.883418664635
327,15483,5670043945.312500,-3.837532559955e+02,5.482189371364e+01,-3.970415720831e+02,1.309393049153e+01,-3.706315578698e+02,4.350102357309e+01,1.000000000000e+00,-2.905122946570
328,15484,5670410156.250000,-1.644656811409e+02,3.837532559955e+02,-2.094894262946e+02,3.736166624560e+02,-1.494392775197e+02,3.729044113263e+02,1.000000000000e+00,-2.926831095643
329,15485,5670776367.187500,-5.482189371364e+01,-1.644656811409e+02,-3.858155352174e+01,-1.738280169617e+02,-4.169730920351e+01,-1.774778247927e+02,1.000000000000e+00,-2.948543226908
330,15486,5671142578.125000,-1.644656811409e+02,2.741094685682e+02,-1.966075514989e+02,2.631843882211e+02,-1.495201606025e+02,2.637224190736e+02,1.000000000000e+00,-2.970259455168
331,15487,5671508789.062500,2.741094685682e+02,-2.741094685682e+02,3.083333156562e+02,-2.520910163792e+02,2.889414619171e+02,-2.887307493771e+02,1.000000000000e+00,-2.991979894975
332,15488,5671875000.000000,-5.482189371364e+01,-1.644656811409e+02,-3.936019525720e+01,-1.736582524191e+02,-4.060295287969e+01,-1.772298737301e+02,1.000000000000e+00,-3.013704660625
333,15489,5672241210.937500,2.741094685682e+02,5.482189371364e+01,2.747708063693e+02,8.329779476039e+01,2.905594543395e+02,4.226373574987e+01,1.000000000000e+00,-3.035433866157
334,15490,5672607421.875000,5.482189371364e+01,5.482189371364e+01,5.074260543373e+01,6.138765239654e+01,7.062553283784e+01,4.295762134017e+01,1.000000000000e+00,-3.057167625346
335,15491,5672973632.812500,2.741094685682e+02,5.482189371364e+01,2.752341132577e+02,8.205709248202e+01,2.911731659838e+02,4.248672212931e+01,1.000000000000e+00,-3.078906051705
336,15492,5673339843.750000,5.482189371364e+01,2.741094685682e+02,3.057379696789e+01,2.856039496576e+02,7.162857941815e+01,2.635863839293e+02,1.000000000000e+00,-3.100649258474
337,15493,5673706054.687500,3.837532559955e+02,1.644656811409e+02,3.777352132799e+02,2.034734502164e+02,4.020261066650e+02,1.531049552128e+02,1.000000000000e+00,-3.122397358624
338,15494,5674072265.625000,2.741094685682e+02,-1.644656811409e+02,2.954257408344e+02,-1.437035518845e+02,2.917100799913e+02,-1.768699733146e+02,1.000000000000e+00,3.139034842329
339,15495,5674438476.562500,-5.482189371364e+01,-1.644656811409e+02,-4.156774754792e+01,-1.732386426249e+02,-3.840881443789e+01,-1.763952838170e+02,1.000000000000e+00,3.117276617613
340,15496,5674804687.500000,-1.644656811409e+02,1.644656811409e+02,-1.827147871813e+02,1.540769120303e+02,-1.483130652643e+02,1.541702109458e+02,1.000000000000e+00,3.095513162274
341,15497,5675170898.437500,-3.837532559955e+02,5.482189371364e+01,-3.976008850709e+02,2.392784601870e+01,-3.682400754608e+02,4.445786836337e+01,1.000000000000e+00,3.073744364468
342,15498,5675537109.375000,-5.482189371364e+01,-3.837532559955e+02,-2.586464422776e+01,-3.974529030598e+02,-3.881703035874e+01,-3.959310626856e+02,1.000000000000e+00,3.051970112642
343,15499,5675903320.312500,3.837532559955e+02,1.644656811409e+02,3.810802856183e+02,1.969090116360e+02,4.042258109682e+02,1.524477243137e+02,1.000000000000e+00,3.030190295535
344,15500,5676269531.250000,1.644656811409e+02,-5.482189371364e+01,1.725107088196e+02,-4.426056842190e+01,1.829275550194e+02,-6.616866954262e+01,1.000000000000e+00,3.008404802189
345,15501,5676635742.187500,-3.837532559955e+02,2.741094685682e+02,-4.130394638332e+02,2.531515727101e+02,-3.661612819419e+02,2.666042648379e+02,1.000000000000e+00,2.986613521944
346,15502,5677001953.125000,-3.837532559955e+02,2.741094685682e+02,-4.129567401305e+02,2.532201516342e+02,-3.663938253798e+02,2.660744799380e+02,1.000000000000e+00,2.964816344453
347,15503,5677368164.062500,3.837532559955e+02,-2.741094685682e+02,4.123292613244e+02,-2.538464143899e+02,4.037001922798e+02,-2.852050305040e+02,1.000000000000e+00,2.943013159674
348,15504,5677734375.000000,-5.482189371364e+01,5.482189371364e+01,-5.988472269627e+01,5.239267701880e+01,-3.587360231062e+01,4.571791682330e+01,1.000000000000e+00,2.921203857887
349,15505,5678100585.937500,-3.837532559955e+02,3.837532559955e+02,-4.185131980640e+02,3.674109711059e+02,-3.654496199801e+02,3.761107404695e+02,1.000000000000e+00,2.899388329687
350,15506,5678466796.875000,-2.741094685682e+02,-2.741094685682e+02,-2.630474400287e+02,-2.987384897085e+02,-2.555652760938e+02,-2.840450191531e+02,1.000000000000e+00,2.877566465996
351,15507,5678833007.812500,-1.644656811409e+02,5.482189371364e+01,-1.721468575543e+02,4.575582762007e+01,-1.453903902547e+02,4.636425757215e+01,1.000000000000e+00,2.855738158067
352,15508,5679199218.750000,-5.482189371364e+01,-1.644656811409e+02,-4.612678068523e+01,-1.720685880257e+02,-3.487346649020e+01,-1.736024572619e+02,1.000000000000e+00,2.833903297483
353,15509,5679565429.687500,-2.741094685682e+02,-3.837532559955e+02,-2.585919830650e+02,-4.096556484782e+02,-2.549475047536e+02,-3.934720258474e+02,1.000000000000e+00,2.812061776169
354,15510,5679931640.625000,-1.644656811409e+02,2.741094685682e+02,-1.839775077661e+02,2.718662720365e+02,-1.443300826407e+02,2.675149125033e+02,1.000000000000e+00,2.790213486391
355,15511,5680297851.562500,5.482189371364e+01,3.837532559955e+02,3.564397003379e+01,3.966360405655e+02,7.624917164947e+01,3.778724626256e+02,1.000000000000e+00,2.768358320767
356,15512,5680664062.500000,-1.644656811409e+02,-3.837532559955e+02,-1.490710549668e+02,-4.024226936231e+02,-1.445421289588e+02,-3.927060683519e+02,1.000000000000e+00,2.746496172265
357,15513,5681030273.437500,-2.741094685682e+02,3.837532559955e+02,-3.004504885023e+02,3.806787927112e+02,-2.537934900023e+02,3.792169714924e+02,1.000000000000e+00,2.724626934214
358,15514,5681396484.375000,-1.644656811409e+02,5.482189371364e+01,-1.713920762139e+02,4.873520094417e+01,-1.435574812602e+02,4.885791443372e+01,1.000000000000e+00,2.702750500306
359,15515,5681762695.312500,-3.837532559955e+02,1.644656811409e+02,-4.009100243809e+02,1.524466095713e+02,-3.630375163763e+02,1.602336662566e+02,1.000000000000e+00,2.680866764603
360,15516,5682128906.250000,-1.644656811409e+02,-5.482189371364e+01,-1.665659985907e+02,-6.289014880272e+01,-1.432928378449e+02,-6.040626327835e+01,1.000000000000e+00,2.658975621540
361,15517,5682495117.187500,-2.741094685682e+02,5.482189371364e+01,-2.834942608401e+02,4.536074605187e+01,-2.528383343534e+02,5.002670757308e+01,1.000000000000e+00,2.637076965935
362,15518,5682861328.125000,-5.482189371364e+01,-2.741094685682e+02,-4.551491705016e+01,-2.834840049264e+02,-3.278108536966e+01,-2.805233322032e+02,1.000000000000e+00,2.615170692989
363,15519,5683227539.062500,-3.837532559955e+02,-2.741094685682e+02,-3.832732806599e+02,-2.960220823159e+02,-3.624635101682e+02,-2.803063922508e+02,1.000000000000e+00,2.593256698297
364,15520,5683593750.000000,3.837532559955e+02,2.741094685682e+02,3.834187894111e+02,2.955522812075e+02,4.076944623158e+02,2.710147422795e+02,1.000000000000e+00,2.571334877850
365,15521,5683959960.937500,-3.837532559955e+02,-3.837532559955e+02,-3.795704111034e+02,-4.075247400352e+02,-3.609421454098e+02,-3.901856027452e+02,1.000000000000e+00,2.549405128042
366,15522,5684326171.875000,3.837532559955e+02,-5.482189371364e+01,3.955141313224e+02,-4.340577496091e+01,4.085215377258e+02,-5.835023781642e+01,1.000000000000e+00,2.527467345677
367,15523,5684692382.812500,-1.644656811409e+02,2.741094685682e+02,-1.770729396323e+02,2.763455982860e+02,-1.416170033262e+02,2.715981620453e+02,1.000000000000e+00,2.505521427975
368,15524,5685058593.750000,-2.741094685682e+02,-5.482189371364e+01,-2.799455994629e+02,-6.371213864026e+01,-2.515569796746e+02,-5.794530665921e+01,1.000000000000e+00,2.483567272576
369,15525,5685424804.687500,3.837532559955e+02,1.644656811409e+02,3.901544020836e+02,1.783273605930e+02,4.096600851530e+02,1.618871065966e+02,1.000000000000e+00,2.461604777549
370,15526,5685791015.625000,-3.837532559955e+02,5.482189371364e+01,-3.955528591299e+02,4.794740825155e+01,-3.614181588198e+02,5.355755266261e+01,1.000000000000e+00,2.439633841398
371,15527,5686157226.562500,-3.837532559955e+02,5.482189371364e+01,-3.955364200404e+02,4.846621286706e+01,-3.613232575223e+02,5.372764330082e+01,1.000000000000e+00,2.417654363067
372,15528,5686523437.500000,-3.837532559955e+02,-5.482189371364e+01,-3.931670759345e+02,-6.435460604239e+01,-3.611028793554e+02,-5.692573788200e+01,1.000000000000e+00,2.395666241949
373,15529,5686889648.437500,-5.482189371364e+01,-2.741094685682e+02,-5.048086284924e+01,-2.827499062517e+02,-2.962240106891e+01,-2.766470414007e+02,1.000000000000e+00,2.373669377889
374,15530,5687255859.375000,-1.644656811409e+02,3.837532559955e+02,-1.770387452269e+02,3.910332742355e+02,-1.422750025119e+02,3.842877266095e+02,1.000000000000e+00,2.351663671196
375,15531,5687622070.312500,5.482189371364e+01,-2.741094685682e+02,6.187716266187e+01,-2.809353119994e+02,8.158255281754e+01,-2.757486649851e+02,1.000000000000e+00,2.329649022645
376,15532,5687988281.250000,2.741094685682e+02,3.837532559955e+02,2.749720903985e+02,4.004642492677e+02,2.985665170871e+02,3.884330224889e+02,1.000000000000e+00,2.307625333488
377,15533,5688354492.187500,-2.741094685682e+02,2.741094685682e+02,-2.863265130452e+02,2.777609206758e+02,-2.519863299279e+02,2.749978078349e+02,1.000000000000e+00,2.285592505459
378,15534,5688720703.125000,3.837532559955e+02,5.482189371364e+01,3.938052352264e+02,6.098090017253e+01,4.107979002862e+02,5.748043036278e+01,1.000000000000e+00,2.263550440782
379,15535,5689086914.062500,-2.741094685682e+02,-2.741094685682e+02,-2.791672999324e+02,-2.839261219148e+02,-2.493051657383e+02,-2.743100479582e+02,1.000000000000e+00,2.241499042177
380,15536,5689453125.000000,-3.837532559955e+02,-5.482189371364e+01,-3.938550027515e+02,-5.856170901537e+01,-3.598012637417e+02,-5.350413475530e+01,1.000000000000e+00,2.219438212872
381,15537,5689819335.937500,-2.741094685682e+02,5.482189371364e+01,-2.817277952857e+02,5.547616527367e+01,-2.496663346568e+02,5.744469314087e+01,1.000000000000e+00,2.197367856604
382,15538,5690185546.875000,5.482189371364e+01,-2.741094685682e+02,5.661517368120e+01,-2.815111669456e+02,8.079409664882e+01,-2.723706420403e+02,1.000000000000e+00,2.175287877633
383,15539,5690551757.812500,-3.837532559955e+02,3.837532559955e+02,-3.942181165077e+02,3.942284724892e+02,-3.599511288628e+02,3.884945662276e+02,1.000000000000e+00,2.153198180745
384,15540,5690917968.750000,-2.741094685682e+02,3.837532559955e+02,-2.811728684427e+02,3.945546938423e+02,-2.500512540109e+02,3.888928131558e+02,1.000000000000e+00,2.131098671265
385,15541,5691284179.687500,2.741094685682e+02,5.482189371364e+01,2.818907625855e+02,5.552888183912e+01,3.012780802430e+02,5.986481462958e+01,1.000000000000e+00,2.108989255059
386,15542,5691650390.625000,3.837532559955e+02,-2.741094685682e+02,3.932480110348e+02,-2.838180305269e+02,4.121568767361e+02,-2.702450347416e+02,1.000000000000e+00,2.086869838549
387,15543,5692016601.562500,-5.482189371364e+01,2.741094685682e+02,-5.444679168295e+01,2.824126051200e+02,-2.941433676983e+01,2.810219791444e+02,1.000000000000e+00,2.064740328715
388,15544,5692382812.500000,2.741094685682e+02,5.482189371364e+01,2.824635210076e+02,5.375076837979e+01,3.016815541481e+02,6.108060616348e+01,1.000000000000e+00,2.042600633109
389,15545,5692749023.437500,2.741094685682e+02,-1.644656811409e+02,2.798607178838e+02,-1.724250002911e+02,3.015980806032e+02,-1.590750366967e+02,1.000000000000e+00,2.020450659859
390,15546,5693115234.375000,-3.837532559955e+02,1.644656811409e+02,-3.921665819000e+02,1.744019748414e+02,-3.595527934688e+02,1.722905609576e+02,1.000000000000e+00,1.998290317680
391,15547,5693481445.312500,1.644656811409e+02,-1.644656811409e+02,1.666212407794e+02,-1.713586294205e+02,1.914654523355e+02,-1.577095657264e+02,1.000000000000e+00,1.976119515885
392,15548,5693847656.250000,3.837532559955e+02,5.482189371364e+01,3.949761376867e+02,5.060320058767e+01,4.113518540629e+02,6.378494270783e+01,1.000000000000e+00,1.953938164387
393,15549,5694213867.187500,-2.741094685682e+02,2.741094685682e+02,-2.771132333236e+02,2.859346227982e+02,-2.499657612690e+02,2.829400540877e+02,1.000000000000e+00,1.931746173718
394,15550,5694580078.125000,3.837532559955e+02,5.482189371364e+01,3.951702619666e+02,4.946119385513e+01,4.113179637439e+02,6.502276301753e+01,1.000000000000e+00,1.909543455028
395,15551,5694946289.062500,-3.837532559955e+02,-1.644656811409e+02,-3.974750008440e+02,-1.614345755147e+02,-3.591097948600e+02,-1.567853341699e+02,1.000000000000e+00,1.887329920102
396,15552,5695312500.000000,5.482189371364e+01,-3.837532559955e+02,4.834822013937e+01,-3.952405721208e+02,8.221663665167e+01,-3.752257450767e+02,1.000000000000e+00,1.865105481366
397,15553,5695678710.937500,-2.741094685682e+02,3.837532559955e+02,-2.730438724545e+02,3.998775163834e+02,-2.508149600865e+02,3.946476364095e+02,1.000000000000e+00,1.842870051896
398,15554,5696044921.875000,-3.837532559955e+02,-5.482189371364e+01,-3.950855749421e+02,-4.749787852297e+01,-3.591166368830e+02,-4.570012354645e+01,1.000000000000e+00,1.820623545430
399,15555,5696411132.812500,5.482189371364e+01,-2.741094685682e+02,4.949653162181e+01,-2.830503909035e+02,8.190106713977e+01,-2.636763920989e+02,1.000000000000e+00,1.798365876376
400,15556,5696777343.750000,2.741094685682e+02,-2.741094685682e+02,2.746325604470e+02,-2.894753469895e+02,3.024477274269e+02,-2.627301952221e+02,1.000000000000e+00,1.776096959823
401,15557,5697143554.687500,-1.644656811409e+02,-2.741094685682e+02,-1.773555759964e+02,-2.773705915576e+02,-1.392747690105e+02,-2.638822799694e+02,1.000000000000e+00,1.753816711548
402,15558,5697509765.625000,-3.837532559955e+02,-3.837532559955e+02,-4.069606766059e+02,-3.825711148679e+02,-3.598977426423e+02,-3.738603072879e+02,1.000000000000e+00,1.731525048032
403,15559,5697875976.562500,-2.741094685682e+02,1.644656811409e+02,-2.761271286451e+02,1.784344145851e+02,-2.506675008211e+02,1.786641292031e+02,1.000000000000e+00,1.709221886465
404,15560,5698242187.500000,3.837532559955e+02,-2.741094685682e+02,3.847900807464e+02,-2.947904801339e+02,4.114898472039e+02,-2.600870334130e+02,1.000000000000e+00,1.686907144759
405,15561,5698608398.437500,2.741094685682e+02,1.644656811409e+02,2.869428502684e+02,1.597018736059e+02,2.993017587514e+02,1.814534758050e+02,1.000000000000e+00,1.664580741555
406,15562,5698974609.375000,3.837532559955e+02,5.482189371364e+01,3.956015360199e+02,4.380283807152e+01,4.094936944313e+02,7.338915320246e+01,1.000000000000e+00,1.642242596241
407,15563,5699340820.312500,-5.482189371364e+01,1.644656811409e+02,-5.037116354199e+01,1.707897461093e+02,-3.153123024026e+01,1.806673483202e+02,1.000000000000e+00,1.619892628953
408,15564,5699707031.250000,-2.741094685682e+02,-1.644656811409e+02,-2.879724354744e+02,-1.580020796599e+02,-2.503819168403e+02,-1.499398057532e+02,1.000000000000e+00,1.597530760595
409,15565,5700073242.187500,3.837532559955e+02,2.741094685682e+02,4.058447967408e+02,2.650067812955e+02,4.090892256831e+02,2.932571718196e+02,1.000000000000e+00,1.575156912843
410,15566,5700439453.125000,-3.837532559955e+02,5.482189371364e+01,-3.914337903371e+02,7.326739962607e+01,-3.616737772265e+02,7.154639174790e+01,1.000000000000e+00,1.552771008159
411,15567,5700805664.062500,2.741094685682e+02,-1.644656811409e+02,2.736663281851e+02,-1.812249990102e+02,2.992635864207e+02,-1.464035410742e+02,1.000000000000e+00,1.530372969804
412,15568,5701171875.000000,3.837532559955e+02,-2.741094685682e+02,3.808681121224e+02,-2.989825605420e+02,4.095382393399e+02,-2.553678358011e+02,1.000000000000e+00,1.507962721845
413,15569,5701538085.937500,1.644656811409e+02,-2.741094685682e+02,1.559696032613e+02,-2.889296801755e+02,1.895842814752e+02,-2.554693726561e+02,1.000000000000e+00,1.485540189170
414,15570,5701904296.875000,-2.741094685682e+02,1.644656811409e+02,-2.736697955261e+02,1.816532809036e+02,-2.534901504494e+02,1.831154009768e+02,1.000000000000e+00,1.463105297496
415,15571,5702270507.812500,2.741094685682e+02,3.837532559955e+02,2.997618140510e+02,3.807461923789e+02,2.955178133626e+02,4.073087782272e+02,1.000000000000e+00,1.440657973386
416,15572,5702636718.750000,-3.837532559955e+02,1.644656811409e+02,-3.856736840046e+02,1.877614718715e+02,-3.642155200197e+02,1.833492016416e+02,1.000000000000e+00,1.418198144255
417,15573,5703002929.687500,-2.741094685682e+02,5.482189371364e+01,-2.784386808258e+02,7.022012718205e+01,-2.536649207086e+02,7.442219545354e+01,1.000000000000e+00,1.395725738384
418,15574,5703369140.625000,2.741094685682e+02,2.741094685682e+02,2.957161735737e+02,2.669248169701e+02,2.953441642802e+02,2.986711041911e+02,1.000000000000e+00,1.373240684933
419,15575,5703735351.562500,2.741094685682e+02,3.837532559955e+02,3.021525303330e+02,3.791516815246e+02,2.944658372246e+02,4.094549543087e+02,1.000000000000e+00,1.350742913953
420,15576,5704101562.500000,5.482189371364e+01,-3.837532559955e+02,3.500486853713e+01,-3.970178514317e+02,7.841786553960e+01,-3.628280859431e+02,1.000000000000e+00,1.328232356395
421,15577,5704467773.437500,2.741094685682e+02,-2.741094685682e+02,2.657426283119e+02,-2.966773041768e+02,2.977235990892e+02,-2.504931832530e+02,1.000000000000e+00,1.305708944125
422,15578,5704833984.375000,-2.741094685682e+02,3.837532559955e+02,-2.589765115078e+02,4.091454285653e+02,-2.575826043709e+02,4.068794128506e+02,1.000000000000e+00,1.283172609938
423,15579,5705200195.312500,5.482189371364e+01,5.482189371364e+01,5.940241573694e+01,5.295799179571e+01,7.447022980315e+01,7.941433389276e+01,1.000000000000e+00,1.260623287564
424,15580,5705566406.250000,-5.482189371364e+01,5.482189371364e+01,-5.286015937156e+01,5.949007060411e+01,-3.594178367705e+01,7.914819162151e+01,1.000000000000e+00,1.238060911689
425,15581,5705932617.187500,-2.741094685682e+02,-3.837532559955e+02,-3.047032921108e+02,-3.761507640306e+02,-2.536650926906e+02,-3.618648938505e+02,1.000000000000e+00,1.215485417959
426,15582,5706298828.125000,1.644656811409e+02,-3.837532559955e+02,1.445651671236e+02,-4.038528510304e+02,1.864844067426e+02,-3.588907471875e+02,1.000000000000e+00,1.192896742999
427,15583,5706665039.062500,5.482189371364e+01,-1.644656811409e+02,4.589335017418e+01,-1.722988221765e+02,7.461047846742e+01,-1.390734305021e+02,1.000000000000e+00,1.170294824425
428,15584,5707031250.000000,1.644656811409e+02,-5.482189371364e+01,1.655048227439e+02,-6.680411358610e+01,1.837410167791e+02,-2.741703232346e+01,1.000000000000e+00,1.147679600851
429,15585,5707397460.937500,5.482189371364e+01,-2.741094685682e+02,3.825458472107e+01,-2.851177628620e+02,7.460973226729e+01,-2.486057139884e+02,1.000000000000e+00,1.125051011910
430,15586,5707763671.875000,5.482189371364e+01,2.741094685682e+02,7.491110046940e+01,2.776282736044e+02,6.998408436359e+01,3.032248533130e+02,1.000000000000e+00,1.102408998262
431,15587,5708129882.812500,1.644656811409e+02,3.837532559955e+02,1.953060568035e+02,3.823490813613e+02,1.789274782287e+02,4.145631893116e+02,1.000000000000e+00,1.079753501608
432,15588,5708496093.750000,-5.482189371364e+01,2.741094685682e+02,-3.739929365414e+01,2.849508940060e+02,-4.169818041024e+01,3.030164735102e+02,1.000000000000e+00,1.057084464704
433,15589,5708862304.687500,-1.644656811409e+02,-1.644656811409e+02,-1.798979351889e+02,-1.574565908516e+02,-1.482113212624e+02,-1.386121329381e+02,1.000000000000e+00,1.034401831374
434,15590,5709228515.625000,1.644656811409e+02,-1.644656811409e+02,1.571348926515e+02,-1.801743093446e+02,1.817162168050e+02,-1.348538010015e+02,1.000000000000e+00,1.011705546520
435,15591,5709594726.562500,5.482189371364e+01,2.741094685682e+02,7.629256110964e+01,2.770451486537e+02,6.719368110615e+01,3.050736435412e+02,1.000000000000e+00,0.988995556142
436,15592,5709960937.500000,3.837532559955e+02,-5.482189371364e+01,3.892480093535e+02,-8.555133051551e+01,3.998103607794e+02,-2.325970970233e+01,1.000000000000e+00,0.966271807345
437,15593,5710327148.437500,-2.741094685682e+02,-2.741094685682e+02,-3.023091676161e+02,-2.600604288607e+02,-2.606315009918e+02,-2.476224136024e+02,1.000000000000e+00,0.943534248357
438,15594,5710693359.375000,5.482189371364e+01,1.644656811409e+02,6.899392300592e+01,1.645777487250e+02,6.658586754070e+01,1.961619462147e+02,1.000000000000e+00,0.920782828539
439,15595,5711059570.312500,5.482189371364e+01,-2.741094685682e+02,3.498576000211e+01,-2.857505483302e+02,6.959890180043e+01,-2.449542283641e+02,1.000000000000e+00,0.898017498400
440,15596,5711425781.250000,3.837532559955e+02,-2.741094685682e+02,3.722798356737e+02,-3.115553298338e+02,4.000528081644e+02,-2.417001690313e+02,1.000000000000e+00,0.875238209612
441,15597,5711791992.187500,-3.837532559955e+02,1.644656811409e+02,-3.805329054441e+02,1.993138428812e+02,-3.764687072959e+02,1.933529632411e+02,1.000000000000e+00,0.852444915021
442,15598,5712158203.125000,1.644656811409e+02,1.644656811409e+02,1.818926748383e+02,1.553346022721e+02,1.742934608452e+02,1.982920794683e+02,1.000000000000e+00,0.829637568662
443,15599,5712524414.062500,3.837532559955e+02,-2.741094685682e+02,3.708168572664e+02,-3.122185717504e+02,3.978085294781e+02,-2.402921690645e+02,1.000000000000e+00,0.806816125775
444,15600,5712890625.000000,-1.644656811409e+02,-2.741094685682e+02,-1.910829432997e+02,-2.671135376268e+02,-1.536098493322e+02,-2.446966767165e+02,1.000000000000e+00,0.783980542812
445,15601,5713256835.937500,1.644656811409e+02,-5.482189371364e+01,1.638923030646e+02,-6.977948855426e+01,1.742859711738e+02,-2.113064780153e+01,1.000000000000e+00,0.761130777460
446,15602,5713623046.875000,3.837532559955e+02,5.482189371364e+01,3.976938971282e+02,2.437910408605e+01,3.929435426681e+02,9.183588227301e+01,1.000000000000e+00,0.738266788647
447,15603,5713989257.812500,-5.482189371364e+01,5.482189371364e+01,-5.164684131146e+01,6.072081737671e+01,-4.846102833587e+01,8.729293390527e+01,1.000000000000e+00,0.715388536558
448,15604,5714355468.750000,-3.837532559955e+02,-1.644656811409e+02,-4.070119444773e+02,-1.360882988277e+02,-3.771136315199e+02,-1.365329546676e+02,1.000000000000e+00,0.692495982654
449,15605,5714721679.687500,5.482189371364e+01,-5.482189371364e+01,5.141554072770e+01,-6.085872685502e+01,6.167401683594e+01,-2.121164643986e+01,1.000000000000e+00,0.669589089676
450,15606,5715087890.625000,1.644656811409e+02,2.741094685682e+02,1.923670972921e+02,2.661688505108e+02,1.677956622186e+02,3.104456852783e+02,1.000000000000e+00,0.646667821669
451,15607,5715454101.562500,-1.644656811409e+02,-5.482189371364e+01,-1.731638520346e+02,-4.155546422480e+01,-1.598888582734e+02,-2.306082257391e+01,1.000000000000e+00,0.623732143987
452,15608,5715820312.500000,-5.482189371364e+01,-1.644656811409e+02,-7.078039382986e+01,-1.633843259516e+02,-4.929779877416e+01,-1.318635279500e+02,1.000000000000e+00,0.600782023315
453,15609,5716186523.437500,-5.482189371364e+01,3.837532559955e+02,-2.142314344367e+01,3.975960535204e+02,-5.559067704021e+01,4.187925055951e+02,1.000000000000e+00,0.577817427676
454,15610,5716552734.375000,3.837532559955e+02,-2.741094685682e+02,3.675983642034e+02,-3.156426153647e+02,3.908969921562e+02,-2.373518813030e+02,1.000000000000e+00,0.554838326448
455,15611,5716918945.312500,1.644656811409e+02,-1.644656811409e+02,1.530600115363e+02,-1.835883853886e+02,1.688656444419e+02,-1.293674553473e+02,1.000000000000e+00,0.531844690378
456,15612,5717285156.250000,-3.837532559955e+02,-1.644656811409e+02,-4.082399891260e+02,-1.324808751205e+02,-3.826836196013e+02,-1.347062932882e+02,1.000000000000e+00,0.508836491595
457,15613,5717651367.187500,3.837532559955e+02,5.482189371364e+01,3.981334480482e+02,2.003838736846e+01,3.859086144874e+02,9.355129417860e+01,1.000000000000e+00,0.485813703624
458,15614,5718017578.125000,5.482189371364e+01,-5.482189371364e+01,5.096775503271e+01,-6.134602077667e+01,5.569720281832e+01,-1.997877671072e+01,1.000000000000e+00,0.462776301400
459,15615,5718383789.062500,5.482189371364e+01,-3.837532559955e+02,1.946044924989e+01,-3.985771788836e+02,5.849009685616e+01,-3.509839091754e+02,1.000000000000e+00,0.439724261281
460,15616,5718750000.000000,-2.741094685682e+02,-2.741094685682e+02,-3.076409566096e+02,-2.545899699908e+02,-2.746126628340e+02,-2.441922650676e+02,1.000000000000e+00,0.416657561060
461,15617,5719116210.937500,-2.741094685682e+02,2.741094685682e+02,-2.543786190974e+02,3.078127865316e+02,-2.810323010625e+02,3.079021191868e+02,1.000000000000e+00,0.393576179983
462,15618,5719482421.875000,-1.644656811409e+02,-3.837532559955e+02,-2.057814373554e+02,-3.769317211492e+02,-1.638802339785e+02,-3.529745992607e+02,1.000000000000e+00,0.370480098760
463,15619,5719848632.812500,-5.482189371364e+01,-2.741094685682e+02,-8.272723146322e+01,-2.749256609094e+02,-5.528526000718e+01,-2.411095464414e+02,1.000000000000e+00,0.347369299576
464,15620,5720214843.750000,3.837532559955e+02,3.837532559955e+02,4.297369943541e+02,3.547518611945e+02,3.762691879875e+02,4.246915896655e+02,1.000000000000e+00,0.324243766109
465,15621,5720581054.687500,-5.482189371364e+01,-2.741094685682e+02,-8.303927102489e+01,-2.749268711984e+02,-5.657800896551e+01,-2.412529949061e+02,1.000000000000e+00,0.301103483540
466,15622,5720947265.625000,3.837532559955e+02,2.741094685682e+02,4.198262567841e+02,2.424315972756e+02,3.765903614929e+02,3.149840880932e+02,1.000000000000e+00,0.277948438567
467,15623,5721313476.562500,1.644656811409e+02,5.482189371364e+01,1.736264827805e+02,3.957401706557e+01,1.581518680651e+02,9.170029840667e+01,1.000000000000e+00,0.254778619420
468,15624,5721679687.500000,-2.741094685682e+02,2.741094685682e+02,-2.521697290569e+02,3.076676916975e+02,-2.852523434916e+02,3.063551431785e+02,1.000000000000e+00,0.231594015870
469,15625,5722045898.437500,5.482189371364e+01,-1.644656811409e+02,3.907939422521e+01,-1.734068258845e+02,4.902915395486e+01,-1.297620698715e+02,1.000000000000e+00,0.208394619246
470,15626,5722412109.375000,5.482189371364e+01,-3.837532559955e+02,1.576051167172e+01,-3.972567272319e+02,5.021112454888e+01,-3.498561826569e+02,1.000000000000e+00,0.185180422446
471,15627,5722778320.312500,-1.644656811409e+02,5.482189371364e+01,-1.619357024193e+02,7.351354749383e+01,-1.745577523166e+02,8.790529061129e+01,1.000000000000e+00,0.161951419949
472,15628,5723144531.250000,3.837532559955e+02,-1.644656811409e+02,3.739579127530e+02,-2.092941612944e+02,3.765128689994e+02,-1.278836340069e+02,1.000000000000e+00,0.138707607828
473,15629,5723510742.187500,-3.837532559955e+02,5.482189371364e+01,-3.862952593539e+02,9.713615696310e+01,-3.965893196376e+02,8.543761467533e+01,1.000000000000e+00,0.115448983766
474,15630,5723876953.125000,2.741094685682e+02,3.837532559955e+02,3.212529047521e+02,3.634817260287e+02,2.601682238176e+02,4.227303385352e+02,1.000000000000e+00,0.092175547060
475,15631,5724243164.062500,-5.482189371364e+01,3.837532559955e+02,-1.503404508192e+01,3.984897896723e+02,-7.130271936480e+01,4.189661835691e+02,1.000000000000e+00,0.068887298642
476,15632,5724609375.000000,-2.741094685682e+02,-2.741094685682e+02,-3.099825317813e+02,-2.505707535894e+02,-2.854342794330e+02,-2.448783168323e+02,1.000000000000e+00,0.045584241087
477,15633,5724975585.937500,-5.482189371364e+01,-3.837532559955e+02,-9.814202802286e+01,-3.861319890807e+02,-6.487873846339e+01,-3.528708620337e+02,1.000000000000e+00,0.022266378624
478,15634,5725341796.875000,-3.837532559955e+02,-2.741094685682e+02,-4.219498910854e+02,-2.382253231475e+02,-3.966234394647e+02,-2.464027341973e+02,1.000000000000e+00,-0.001066282851
479,15635,5725708007.812500,-5.482189371364e+01,-3.837532559955e+02,-9.747593689341e+01,-3.860840094940e+02,-6.517803598905e+01,-3.532797344463e+02,1.000000000000e+00,-0.024413735763
480,15636,5726074218.750000,-2.741094685682e+02,5.482189371364e+01,-2.740992020324e+02,8.541033698713e+01,-2.913495183678e+02,8.389374656206e+01,1.000000000000e+00,-0.047775970848
481,15637,5726440429.687500,-1.644656811409e+02,-2.741094685682e+02,-1.973896408261e+02,-2.624249169673e+02,-1.774046943122e+02,-2.453567532732e+02,1.000000000000e+00,-0.071152977141
482,15638,5726806640.625000,3.837532559955e+02,3.837532559955e+02,4.331850975796e+02,3.511072104231e+02,3.630530970941e+02,4.230091973785e+02,1.000000000000e+00,-0.094544741966
483,15639,5727172851.562500,5.482189371364e+01,5.482189371364e+01,6.189036225216e+01,5.012956143184e+01,3.682818614228e+01,8.748251824867e+01,1.000000000000e+00,-0.117951250923
484,15640,5727539062.500000,-1.644656811409e+02,-3.837532559955e+02,-2.094228659880e+02,-3.740244859417e+02,-1.776150629186e+02,-3.562472443983e+02,1.000000000000e+00,-0.141372487879
485,15641,5727905273.437500,3.837532559955e+02,5.482189371364e+01,3.975312337996e+02,1.409234229526e+01,3.654749979070e+02,9.129039456449e+01,1.000000000000e+00,-0.164808434960
486,15642,5728271484.375000,2.741094685682e+02,-5.482189371364e+01,2.737500001298e+02,-8.603399770952e+01,2.564635790318e+02,-2.065043473837e+01,1.000000000000e+00,-0.188259072535
487,15643,5728637695.312500,-1.644656811409e+02,5.482189371364e+01,-1.619160166086e+02,7.414238958451e+01,-1.859029626215e+02,8.304780472344e+01,1.000000000000e+00,-0.211724379213
488,15644,5729003906.250000,1.644656811409e+02,-1.644656811409e+02,1.498125419195e+02,-1.863312992040e+02,1.468651970941e+02,-1.332013091348e+02,1.000000000000e+00,-0.235204331829
489,15645,5729370117.187500,3.837532559955e+02,1.644656811409e+02,4.103047118041e+02,1.248602627124e+02,3.620565424797e+02,1.994564961907e+02,1.000000000000e+00,-0.258698905435
490,15646,5729736328.125000,2.741094685682e+02,1.644656811409e+02,2.983182537601e+02,1.366945038868e+02,2.512983471946e+02,1.973077484238e+02,1.000000000000e+00,-0.282208073293
491,15647,5730102539.062500,-5.482189371364e+01,2.741094685682e+02,-2.455293015833e+01,2.857435639753e+02,-8.050492121990e+01,3.029438542470e+02,1.000000000000e+00,-0.305731806862
492,15648,5730468750.000000,-2.741094685682e+02,-2.741094685682e+02,-3.107652933170e+02,-2.480682792710e+02,-2.947877487329e+02,-2.498349041044e+02,1.000000000000e+00,-0.329270075797
493,15649,5730834960.937500,3.837532559955e+02,3.837532559955e+02,4.349987897039e+02,3.472050180899e+02,3.565930723487e+02,4.169933829075e+02,1.000000000000e+00,-0.352822847931
494,15650,5731201171.875000,-5.482189371364e+01,-2.741094685682e+02,-8.710610221225e+01,-2.732179890314e+02,-7.573011924026e+01,-2.483261620720e+02,1.000000000000e+00,-0.376390089274
495,15651,5731567382.812500,-1.644656811409e+02,-3.837532559955e+02,-2.111491627622e+02,-3.730013869038e+02,-1.844684855526e+02,-3.606437684903e+02,1.000000000000e+00,-0.399971764006
496,15652,5731933593.750000,-3.837532559955e+02,-1.644656811409e+02,-4.103129250896e+02,-1.249922390875e+02,-4.082166452664e+02,-1.447554438307e+02,1.000000000000e+00,-0.423567834462
497,15653,5732299804.687500,-2.741094685682e+02,-2.741094685682e+02,-3.107652483925e+02,-2.488707639964e+02,-2.970734273898e+02,-2.534333546260e+02,1.000000000000e+00,-0.447178261132
498,15654,5732666015.625000,5.482189371364e+01,-3.837532559955e+02,1.207764618979e+01,-3.977478998790e+02,3.379226186702e+01,-3.590873941349e+02,1.000000000000e+00,-0.470803002654
499,15655,5733032226.562500,5.482189371364e+01,-5.482189371364e+01,4.956266819582e+01,-6.222412841409e+01,2.874679593237e+01,-2.955766663446e+01,1.000000000000e+00,-0.494442015803
500,15656,5733398437.500000,3.837532559955e+02,5.482189371364e+01,3.976701120639e+02,1.170009378155e+01,3.568635460926e+02,8.422484774534e+01,1.000000000000e+00,-0.518095255487
501,15657,5733764648.437500,-1.644656811409e+02,-5.482189371364e+01,-1.740667787492e+02,-3.702212120382e+01,-1.922361057035e+02,-3.359941485460e+01,1.000000000000e+00,-0.541762674745
502,15658,5734130859.375000,1.644656811409e+02,5.482189371364e+01,1.740578264402e+02,3.711903995857e+01,1.358431197080e+02,8.046988107183e+01,1.000000000000e+00,-0.565444224735
503,15659,5734497070.312500,-3.837532559955e+02,-1.644656811409e+02,-4.101015452868e+02,-1.242718414644e+02,-4.113690720792e+02,-1.484674770913e+02,1.000000000000e+00,-0.589139854735
504,15660,5734863281.250000,2.741094685682e+02,2.741094685682e+02,3.103701894258e+02,2.487942304374e+02,2.410183182583e+02,3.014669038765e+02,1.000000000000e+00,-0.612849512133
505,15661,5735229492.187500,-1.644656811409e+02,1.644656811409e+02,-1.492478836688e+02,1.862921634976e+02,-1.975335586395e+02,1.835976314430e+02,1.000000000000e+00,-0.636573142428
506,15662,5735595703.125000,1.644656811409e+02,3.837532559955e+02,2.114511878857e+02,3.728656261718e+02,1.287841058779e+02,4.084654186868e+02,1.000000000000e+00,-0.660310689223
507,15663,5735961914.062500,3.837532559955e+02,-3.837532559955e+02,3.476150195401e+02,-4.357258035299e+02,3.603556263522e+02,-3.594836435192e+02,1.000000000000e+00,-0.684062094220
508,15664,5736328125.000000,3.837532559955e+02,1.644656811409e+02,4.104150812152e+02,1.234943328285e+02,3.516785452338e+02,1.900538270245e+02,1.000000000000e+00,-0.707827297220
509,15665,5736694335.937500,-1.644656811409e+02,-5.482189371364e+01,-1.739984541742e+02,-3.683062193848e+01,-1.956300789630e+02,-3.843020965347e+01,1.000000000000e+00,-0.731606236120
510,15666,5737060546.875000,-5.482189371364e+01,-3.837532559955e+02,-1.004362820690e+02,-3.845967115748e+02,-8.153658259340e+01,-3.672270027404e+02,1.000000000000e+00,-0.755398846910
511,15667,5737426757.812500,-1.644656811409e+02,3.837532559955e+02,-1.231587575432e+02,4.100584269954e+02,-2.025116647881e+02,3.999306462554e+02,1.000000000000e+00,-0.779205063668
512,15668,5737792968.750000,1.644656811409e+02,-3.837532559955e+02,1.233447748751e+02,-4.100435741296e+02,1.379925881381e+02,-3.654391443104e+02,1.000000000000e+00,-0.803024818565
513,15669,5738159179.687500,-2.741094685682e+02,-2.741094685682e+02,-3.110121546302e+02,-2.477873338129e+02,-3.036924225447e+02,-2.627086493137e+02,1.000000000000e+00,-0.826858041859
514,15670,5738525390.625000,1.644656811409e+02,-3.837532559955e+02,1.232271143998e+02,-4.103385527671e+02,1.373090631177e+02,-3.670644725476e+02,1.000000000000e+00,-0.850704661896
515,15671,5738891601.562500,-2.741094685682e+02,-2.741094685682e+02,-3.114839749159e+02,-2.476651963147e+02,-3.047599158177e+02,-2.640312403353e+02,1.000000000000e+00,-0.874564605108
516,15672,5739257812.500000,-2.741094685682e+02,3.837532559955e+02,-2.349039896738e+02,4.235794066028e+02,-3.142392303196e+02,3.957279090414e+02,1.000000000000e+00,-0.898437796019
517,15673,5739624023.437500,-5.482189371364e+01,-2.741094685682e+02,-8.803002492866e+01,-2.734317748111e+02,-8.541102455606e+01,-2.626262016778e+02,1.000000000000e+00,-0.922324157238
518,15674,5739990234.375000,2.741094685682e+02,1.644656811409e+02,2.992617668913e+02,1.358676249888e+02,2.390102473810e+02,1.817450935712e+02,1.000000000000e+00,-0.946223609466
519,15675,5740356445.312500,-5.482189371364e+01,-5.482189371364e+01,-6.229504763663e+01,-4.963526539445e+01,-8.877834470201e+01,-4.380955547187e+01,1.000000000000e+00,-0.970136071496
520,15676,5740722656.250000,1.644656811409e+02,5.482189371364e+01,1.740253131135e+02,3.723495516016e+01,1.293695817132e+02,6.909772198255e+01,1.000000000000e+00,-0.994061460213
521,15677,5741088867.187500,5.482189371364e+01,-2.741094685682e+02,2.504935637076e+01,-2.856795361312e+02,2.482357050538e+01,-2.632849364746e+02,1.000000000000e+00,-1.017999690602
522,15678,5741455078.125000,-2.741094685682e+02,3.837532559955e+02,-2.358865821952e+02,4.223242295071e+02,-3.163692179342e+02,3.901702643442e+02,1.000000000000e+00,-1.041950675744
523,15679,5741821289.062500,3.837532559955e+02,-1.644656811409e+02,3.722978842209e+02,-2.115336893185e+02,3.519718526692e+02,-1.497237097543e+02,1.000000000000e+00,-1.065914326826
524,15680,5742187500.000000,3.837532559955e+02,-1.644656811409e+02,3.721477092092e+02,-2.118167187032e+02,3.516920867706e+02,-1.507760212230e+02,1.000000000000e+00,-1.089890553143
525,15681,5742553710.937500,3.837532559955e+02,5.482189371364e+01,3.974866713999e+02,1.144047858221e+01,3.484305995670e+02,6.811025289336e+01,1.000000000000e+00,-1.113879262100
526,15682,5742919921.875000,1.644656811409e+02,-5.482189371364e+01,1.612693163523e+02,-7.502669369714e+01,1.299420894878e+02,-4.578311350321e+01,1.000000000000e+00,-1.137880359221
527,15683,5743286132.812500,2.741094685682e+02,-5.482189371364e+01,2.729267593992e+02,-8.766300077056e+01,2.396804510147e+02,-4.497392267579e+01,1.000000000000e+00,-1.161893748153
528,15684,5743652343.750000,5.482189371364e+01,-3.837532559955e+02,1.153850708014e+01,-3.970844800954e+02,2.434102365304e+01,-3.781533337161e+02,1.000000000000e+00,-1.185919330673
529,15685,5744018554.687500,5.482189371364e+01,-1.644656811409e+02,3.690756099389e+01,-1.736647562016e+02,2.122412439059e+01,-1.590854184687e+02,1.000000000000e+00,-1.209957006693
530,15686,5744384765.625000,-5.482189371364e+01,-1.644656811409e+02,-7.474145998439e+01,-1.611055459495e+02,-8.869039308787e+01,-1.614274440660e+02,1.000000000000e+00,-1.234006674269
531,15687,5744750976.562500,-1.644656811409e+02,-5.482189371364e+01,-1.737938992658e+02,-3.683273264038e+01,-2.001365388521e+02,-5.383324942490e+01,1.000000000000e+00,-1.258068229607
532,15688,5745117187.500000,-3.837532559955e+02,3.837532559955e+02,-3.464929424989e+02,4.350797725461e+02,-4.257304810878e+02,3.819181552947e+02,1.000000000000e+00,-1.282141567074
533,15689,5745483398.437500,-5.482189371364e+01,-2.741094685682e+02,-8.722949583864e+01,-2.727638273567e+02,-8.723840020685e+01,-2.734588636681e+02,1.000000000000e+00,-1.306226579205
534,15690,5745849609.375000,1.644656811409e+02,-1.644656811409e+02,1.486563303422e+02,-1.860985662869e+02,1.308875643971e+02,-1.611951431360e+02,1.000000000000e+00,-1.330323156713
535,15691,5746215820.312500,2.741094685682e+02,-3.837532559955e+02,2.356709472182e+02,-4.215312329684e+02,2.441140081449e+02,-3.796800600293e+02,1.000000000000e+00,-1.354431188496
536,15692,5746582031.250000,2.741094685682e+02,-1.644656811409e+02,2.607064405054e+02,-1.981161022120e+02,2.410508915995e+02,-1.607056349749e+02,1.000000000000e+00,-1.378550561653
537,15693,5746948242.187500,2.741094685682e+02,2.741094685682e+02,3.095771840622e+02,2.488397563352e+02,2.339499607714e+02,2.780198084401e+02,1.000000000000e+00,-1.402681161493
538,15694,5747314453.125000,-2.741094685682e+02,1.644656811409e+02,-2.609167037585e+02,1.981431843296e+02,-3.131456923603e+02,1.585707505084e+02,1.000000000000e+00,-1.426822871542
539,15695,5747680664.062500,-3.837532559955e+02,-1.644656811409e+02,-4.095710916828e+02,-1.243571490364e+02,-4.180259974654e+02,-1.730113056992e+02,1.000000000000e+00,-1.450975573561
540,15696,5748046875.000000,5.482189371364e+01,3.837532559955e+02,9.945440774129e+01,3.848759296410e+02,1.410991359706e+01,3.821122464921e+02,1.000000000000e+00,-1.475139147558
541,15697,5748413085.937500,5.482189371364e+01,5.482189371364e+01,6.208206625426e+01,4.965883728623e+01,1.864920648118e+01,5.163685514325e+01,1.000000000000e+00,-1.499313471796
542,15698,5748779296.875000,-3.837532559955e+02,2.741094685682e+02,-3.600986936276e+02,3.227259005080e+02,-4.237518321963e+02,2.648654659579e+02,1.000000000000e+00,-1.523498422814
543,15699,5749145507.812500,-5.482189371364e+01,-5.482189371364e+01,-6.204200082464e+01,-4.969541426558e+01,-8.947423806474e+01,-6.117604901531e+01,1.000000000000e+00,-1.547693875437
544,15700,5749511718.750000,-3.837532559955e+02,5.482189371364e+01,-3.849503373351e+02,9.881618313179e+01,-4.204621205597e+02,4.343553406128e+01,1.000000000000e+00,-1.571899702791
545,15701,5749877929.687500,-3.837532559955e+02,-2.741094685682e+02,-4.215762845096e+02,-2.366695096148e+02,-4.155925077421e+02,-2.870609615180e+02,1.000000000000e+00,-1.596115776319
546,15702,5750244140.625000,1.644656811409e+02,-1.644656811409e+02,1.494646183413e+02,-1.856839780538e+02,1.325420137866e+02,-1.699228202218e+02,1.000000000000e+00,-1.620341965798
547,15703,5750610351.562500,1.644656811409e+02,-5.482189371364e+01,1.615548729419e+02,-7.373368846598e+01,1.311042906237e+02,-6.059768008307e+01,1.000000000000e+00,-1.644578139354
548,15704,5750976562.500000,1.644656811409e+02,-1.644656811409e+02,1.497862450472e+02,-1.851426518083e+02,1.331463319075e+02,-1.708566346825e+02,1.000000000000e+00,-1.668824163482
549,15705,5751342773.437500,1.644656811409e+02,-2.741094685682e+02,1.380024033177e+02,-2.967195058105e+02,1.351298772106e+02,-2.812764770749e+02,1.000000000000e+00,-1.693079903058
550,15706,5751708984.375000,-1.644656811409e+02,5.482189371364e+01,-1.615237311938e+02,7.345820548070e+01,-1.991208280151e+02,4.186867947206e+01,1.000000000000e+00,-1.717345221364
551,15707,5752075195.312500,-3.837532559955e+02,-1.644656811409e+02,-4.083261068537e+02,-1.261487799641e+02,-4.148444160279e+02,-1.815300457533e+02,1.000000000000e+00,-1.741619980101
552,15708,5752441406.250000,5.482189371364e+01,-1.644656811409e+02,3.799722426995e+01,-1.735129590966e+02,2.415660904869e+01,-1.756214298433e+02,1.000000000000e+00,-1.765904039411
553,15709,5752807617.187500,-1.644656811409e+02,-5.482189371364e+01,-1.737133859465e+02,-3.787483624460e+01,-1.969585566105e+02,-6.940741335645e+01,1.000000000000e+00,-1.790197257898
554,15710,5753173828.125000,2.741094685682e+02,-1.644656811409e+02,2.615509616773e+02,-1.976727663463e+02,2.444950677935e+02,-1.743436846892e+02,1.000000000000e+00,-1.814499492646
555,15711,5753540039.062500,3.837532559955e+02,2.741094685682e+02,4.204775080416e+02,2.380532401174e+02,3.484178812483e+02,2.663573670266e+02,1.000000000000e+00,-1.838810599241
556,15712,5753906250.000000,-2.741094685682e+02,-2.741094685682e+02,-3.080337983637e+02,-2.501052232174e+02,-3.018147196235e+02,-2.926890054839e+02,1.000000000000e+00,-1.863130431791
557,15713,5754272460.937500,1.644656811409e+02,1.644656811409e+02,1.847795470235e+02,1.502012817019e+02,1.306993042567e+02,1.523092689695e+02,1.000000000000e+00,-1.887458842950
558,15714,5754638671.875000,2.741094685682e+02,-3.837532559955e+02,2.390391085415e+02,-4.198593997998e+02,2.493687854726e+02,-3.956001958619e+02,1.000000000000e+00,-1.911795683940
559,15715,5755004882.812500,1.644656811409e+02,-1.644656811409e+02,1.504585417168e+02,-1.849726769554e+02,1.366932002915e+02,-1.784003888876e+02,1.000000000000e+00,-1.936140804572
560,15716,5755371093.750000,1.644656811409e+02,-5.482189371364e+01,1.619616263415e+02,-7.345952071582e+01,1.354811151466e+02,-6.946847092847e+01,1.000000000000e+00,-1.960494053273
561,15717,5755737304.687500,-3.837532559955e+02,5.482189371364e+01,-3.858136780873e+02,9.748149037373e+01,-4.154602193954e+02,3.363595357200e+01,1.000000000000e+00,-1.984855277107
562,15718,5756103515.625000,-5.482189371364e+01,1.644656811409e+02,-3.811996756772e+01,1.738726664762e+02,-8.599463213154e+01,1.467868700844e+02,1.000000000000e+00,-2.009224321799
563,15719,5756469726.562500,2.741094685682e+02,1.644656811409e+02,2.970675712682e+02,1.388312557141e+02,2.440049698955e+02,1.500080678818e+02,1.000000000000e+00,-2.033601031764
564,15720,5756835937.500000,-3.837532559955e+02,-3.837532559955e+02,-4.307671820576e+02,-3.518080727602e+02,-4.072750585504e+02,-4.088615541222e+02,1.000000000000e+00,-2.057985250129
565,15721,5757202148.437500,1.644656811409e+02,1.644656811409e+02,1.844119863801e+02,1.508802495579e+02,1.343393244454e+02,1.477899785310e+02,1.000000000000e+00,-2.082376818759
566,15722,5757568359.375000,1.644656811409e+02,1.644656811409e+02,1.845166218792e+02,1.507860416416e+02,1.350195789658e+02,1.471148064800e+02,1.000000000000e+00,-2.106775578284
567,15723,5757934570.312500,-5.482189371364e+01,-3.837532559955e+02,-9.546987015996e+01,-3.855436395142e+02,-7.696939979822e+01,-4.054640401189e+02,1.000000000000e+00,-2.131181368128
568,15724,5758300781.250000,3.837532559955e+02,-1.644656811409e+02,3.744115220392e+02,-2.071713140297e+02,3.601323425816e+02,-1.808380233112e+02,1.000000000000e+00,-2.155594026532
569,15725,5758666992.187500,-5.482189371364e+01,3.837532559955e+02,-1.666396161264e+01,3.970816290301e+02,-8.568517466517e+01,3.625933952243e+02,1.000000000000e+00,-2.180013390587
570,15726,5759033203.125000,-5.482189371364e+01,1.644656811409e+02,-3.922150833761e+01,1.734088952312e+02,-8.243832049441e+01,1.423876205215e+02,1.000000000000e+00,-2.204439296256
571,15727,5759399414.062500,-2.741094685682e+02,-1.644656811409e+02,-2.962150228545e+02,-1.404361378301e+02,-2.973927552618e+02,-1.909081171291e+02,1.000000000000e+00,-2.228871578409
572,15728,5759765625.000000,-1.644656811409e+02,-2.741094685682e+02,-1.948501143628e+02,-2.636176596913e+02,-1.851187250399e+02,-2.999206414864e+02,1.000000000000e+00,-2.253310070848
573,15729,5760131835.937500,-5.482189371364e+01,2.741094685682e+02,-2.917887708700e+01,2.851114741221e+02,-8.280790099551e+01,2.508015656478e+02,1.000000000000e+00,-2.277754606337
574,15730,5760498046.875000,-5.482189371364e+01,3.837532559955e+02,-1.807954274507e+01,3.968060185196e+02,-8.327460487282e+01,3.601601928885e+02,1.000000000000e+00,-2.302205016632
575,15731,5760864257.812500,5.482189371364e+01,2.741094685682e+02,8.315444311522e+01,2.739317973325e+02,2.898955329798e+01,2.511752244273e+02,1.000000000000e+00,-2.326661132514
576,15732,5761230468.750000,1.644656811409e+02,1.644656811409e+02,1.840854961695e+02,1.513148348541e+02,1.408190662472e+02,1.422970220250e+02,1.000000000000e+00,-2.351122783816
577,15733,5761596679.687500,3.837532559955e+02,-5.482189371364e+01,3.862623705807e+02,-9.405319538527e+01,3.638896278313e+02,-7.532472853979e+01,1.000000000000e+00,-2.375589799454
578,15734,5761962890.625000,1.644656811409e+02,5.482189371364e+01,1.734691927638e+02,3.974781934900e+01,1.435702257512e+02,3.183730248413e+01,1.000000000000e+00,-2.400062007461
579,15735,5762329101.562500,-3.837532559955e+02,3.837532559955e+02,-3.548102119030e+02,4.295282024609e+02,-4.100137905579e+02,3.551811124874e+02,1.000000000000e+00,-2.424539235018
580,15736,5762695312.500000,-1.644656811409e+02,1.644656811409e+02,-1.523494019504e+02,1.838133860549e+02,-1.868623803107e+02,1.372305707922e+02,1.000000000000e+00,-2.449021308484
581,15737,5763061523.437500,5.482189371364e+01,1.644656811409e+02,7.155959773848e+01,1.628633822164e+02,3.369256434125e+01,1.397685447591e+02,1.000000000000e+00,-2.473508053430
582,15738,5763427734.375000,2.741094685682e+02,3.837532559955e+02,3.165338541449e+02,3.651488889390e+02,2.518254537958e+02,3.612701638741e+02,1.000000000000e+00,-2.497999294674
583,15739,5763793945.312500,-3.837532559955e+02,-1.644656811409e+02,-4.069693223139e+02,-1.300162743982e+02,-4.002789390612e+02,-1.944709433656e+02,1.000000000000e+00,-2.522494856307
584,15740,5764160156.250000,5.482189371364e+01,5.482189371364e+01,6.117740587936e+01,5.042774991103e+01,3.715902310973e+01,2.846896029802e+01,1.000000000000e+00,-2.546994561736
585,15741,5764526367.187500,-3.837532559955e+02,5.482189371364e+01,-3.854689242739e+02,9.291485120920e+01,-4.008125135291e+02,2.445300957075e+01,1.000000000000e+00,-2.571498233707
586,15742,5764892578.125000,2.741094685682e+02,2.741094685682e+02,3.053387354816e+02,2.531134813812e+02,2.556098385641e+02,2.495373308029e+02,1.000000000000e+00,-2.596005694348
587,15743,5765258789.062500,1.644656811409e+02,-1.644656811409e+02,1.519652412193e+02,-1.831608147359e+02,1.507376302779e+02,-1.904431612833e+02,1.000000000000e+00,-2.620516765199
588,15744,5765625000.000000,1.644656811409e+02,-2.741094685682e+02,1.415854774089e+02,-2.948861917651e+02,1.522489858947e+02,-3.004381427064e+02,1.000000000000e+00,-2.645031267243
589,15745,5765991210.937500,2.741094685682e+02,1.644656811409e+02,2.949029393231e+02,1.416042664428e+02,2.588635804213e+02,1.389560105063e+02,1.000000000000e+00,-2.669549020948
590,15746,5766357421.875000,-1.644656811409e+02,-5.482189371364e+01,-1.726410997359e+02,-4.059787612921e+01,-1.773688588785e+02,-8.438089531006e+01,1.000000000000e+00,-2.694069846296
591,15747,5766723632.812500,-2.741094685682e+02,-2.741094685682e+02,-3.040561460975e+02,-2.543546718472e+02,-2.838132951662e+02,-3.051571141660e+02,1.000000000000e+00,-2.718593562819
592,15748,5767089843.750000,-3.837532559955e+02,1.644656811409e+02,-3.761458781184e+02,2.018460724667e+02,-3.975741466894e+02,1.317468905411e+02,1.000000000000e+00,-2.743119989637
593,15749,5767456054.687500,-2.741094685682e+02,-1.644656811409e+02,-2.942541916861e+02,-1.426110795526e+02,-2.840685405989e+02,-1.954000729914e+02,1.000000000000e+00,-2.767648945488
594,15750,5767822265.625000,2.741094685682e+02,1.644656811409e+02,2.946070835489e+02,1.422343113909e+02,2.622580038322e+02,1.380235160958e+02,1.000000000000e+00,-2.792180248768
595,15751,5768188476.562500,5.482189371364e+01,1.644656811409e+02,7.099468310751e+01,1.625785455485e+02,4.348960073584e+01,1.363618243540e+02,1.000000000000e+00,-2.816713717567
596,15752,5768554687.500000,2.741094685682e+02,-1.644656811409e+02,2.646011770887e+02,-1.919880312359e+02,2.660398321606e+02,-1.905460856699e+02,1.000000000000e+00,-2.841249169699
597,15753,5768920898.437500,-1.644656811409e+02,-2.741094685682e+02,-1.911537300549e+02,-2.649563225311e+02,-1.701296842015e+02,-3.044293292957e+02,1.000000000000e+00,-2.865786422743
598,15754,5769287109.375000,-2.741094685682e+02,-3.837532559955e+02,-3.123126653546e+02,-3.673058125857e+02,-2.780695805722e+02,-4.152352217433e+02,1.000000000000e+00,-2.890325294079
599,15755,5769653320.312500,-2.741094685682e+02,3.837532559955e+02,-2.460643327734e+02,4.149139069485e+02,-2.854052879218e+02,3.523759101076e+02,1.000000000000e+00,-2.914865600919
600,15756,5770019531.250000,5.482189371364e+01,-2.741094685682e+02,3.197491266044e+01,-2.842809331993e+02,5.022109124291e+01,-3.025351602296e+02,1.000000000000e+00,-2.939407160350
601,15757,5770385742.187500,-3.837532559955e+02,1.644656811409e+02,-3.770716364700e+02,2.004713470390e+02,-3.916370447696e+02,1.320629203149e+02,1.000000000000e+00,-2.963949789364
602,15758,5770751953.125000,3.837532559955e+02,-2.741094685682e+02,3.680071833777e+02,-3.114638658308e+02,3.807201839874e+02,-2.986507201771e+02,1.000000000000e+00,-2.988493304898
603,15759,5771118164.062500,-1.644656811409e+02,3.837532559955e+02,-1.357697670519e+02,4.045622279917e+02,-1.735718642727e+02,3.529856980478e+02,1.000000000000e+00,-3.013037523867
604,15760,5771484375.000000,-1.644656811409e+02,5.482189371364e+01,-1.630586297968e+02,6.954256417541e+01,-1.693928966594e+02,2.453931590162e+01,1.000000000000e+00,-3.037582263204
605,15761,5771850585.937500,-1.644656811409e+02,1.644656811409e+02,-1.539613359687e+02,1.814065365181e+02,-1.697813136531e+02,1.344389167573e+02,1.000000000000e+00,-3.062127339892
606,15762,5772216796.875000,-5.482189371364e+01,3.837532559955e+02,-2.397131628184e+01,3.959353764807e+02,-6.134097073417e+01,3.549485594933e+02,1.000000000000e+00,-3.086672571005
607,15763,5772583007.812500,2.741094685682e+02,2.741094685682e+02,3.022631885880e+02,2.569491555123e+02,2.693314575384e+02,2.482156185177e+02,1.000000000000e+00,-3.111217773737
608,15764,5772949218.750000,5.482189371364e+01,5.482189371364e+01,6.043215562297e+01,5.143200912007e+01,5.242387765459e+01,2.706024391006e+01,1.000000000000e+00,-3.135762765447
609,15765,5773315429.687500,-1.644656811409e+02,-1.644656811409e+02,-1.812146466175e+02,-1.543634495994e+02,-1.645721646072e+02,-1.940540888665e+02,1.000000000000e+00,3.122877943493
610,15766,5773681640.625000,-1.644656811409e+02,2.741094685682e+02,-1.455185978281e+02,2.929798687836e+02,-1.675109430721e+02,2.449284384677e+02,1.000000000000e+00,3.098333920938
611,15767,5774047851.562500,-3.837532559955e+02,-1.644656811409e+02,-4.047236884584e+02,-1.368478574869e+02,-3.827782045577e+02,-1.954287678709e+02,1.000000000000e+00,3.073790656016
612,15768,5774414062.500000,3.837532559955e+02,2.741094685682e+02,4.132343166330e+02,2.495000209531e+02,3.819324896997e+02,2.501222744816e+02,1.000000000000e+00,3.049248330370
613,15769,5774780273.437500,2.741094685682e+02,5.482189371364e+01,2.840779500802e+02,3.486204007565e+01,2.748000007033e+02,3.019449413711e+01,1.000000000000e+00,3.024707125304
614,15770,5775146484.375000,5.482189371364e+01,-3.837532559955e+02,2.676972482260e+01,-3.958986974240e+02,6.044735054290e+01,-4.107394370823e+02,1.000000000000e+00,3.000167221749
615,15771,5775512695.312500,-1.644656811409e+02,-3.837532559955e+02,-1.970218553594e+02,-3.787443693471e+02,-1.586659578322e+02,-4.122623347089e+02,1.000000000000e+00,2.975628800224
616,15772,5775878906.250000,1.644656811409e+02,-1.644656811409e+02,1.549053914474e+02,-1.801431228762e+02,1.683044192415e+02,-1.897210805508e+02,1.000000000000e+00,2.951092040806
617,15773,5776245117.187500,-2.741094685682e+02,1.644656811409e+02,-2.665338773045e+02,1.885498531327e+02,-2.717321877591e+02,1.354941779190e+02,1.000000000000e+00,2.926557123090
618,15774,5776611328.125000,1.644656811409e+02,-2.741094685682e+02,1.465132842143e+02,-2.918706219913e+02,1.699895897295e+02,-2.989889520925e+02,1.000000000000e+00,2.902024226158
619,15775,5776977539.062500,5.482189371364e+01,-2.741094685682e+02,3.484562746388e+01,-2.835376388513e+02,6.087239424863e+01,-2.996227996509e+02,1.000000000000e+00,2.877493528542
620,15776,5777343750.000000,2.741094685682e+02,-2.741094685682e+02,2.586948672688e+02,-3.002294134953e+02,2.806778616056e+02,-2.979353927336e+02,1.000000000000e+00,2.852965208192
621,15777,5777709960.937500,-3.837532559955e+02,5.482189371364e+01,-3.873314217824e+02,8.461542957894e+01,-3.787707205342e+02,2.647427105460e+01,1.000000000000e+00,2.828439442439
622,15778,5778076171.875000,1.644656811409e+02,1.644656811409e+02,1.799971393090e+02,1.555870214947e+02,1.691356323859e+02,1.403861559607e+02,1.000000000000e+00,2.803916407966
623,15779,5778442382.812500,-3.837532559955e+02,1.644656811409e+02,-3.788469282378e+02,1.965323330875e+02,-3.780922739475e+02,1.372840179458e+02,1.000000000000e+00,2.779396280770
624,15780,5778808593.750000,5.482189371364e+01,-1.644656811409e+02,4.330797880250e+01,-1.717173504134e+02,6.220309151067e+01,-1.886959231065e+02,1.000000000000e+00,2.754879236129
625,15781,5779174804.687500,1.644656811409e+02,1.644656811409e+02,1.799942952202e+02,1.551025197667e+02,1.709288879973e+02,1.405548098842e+02,1.000000000000e+00,2.730365448572
626,15782,5779541015.625000,2.741094685682e+02,3.837532559955e+02,3.076791086819e+02,3.712033509697e+02,2.796351720156e+02,3.610787391471e+02,1.000000000000e+00,2.705855091846
627,15783,5779907226.562500,5.482189371364e+01,-2.741094685682e+02,3.646571055962e+01,-2.836789863399e+02,6.500901569668e+01,-2.974445411943e+02,1.000000000000e+00,2.681348338879
628,15784,5780273437.500000,3.837532559955e+02,-3.837532559955e+02,3.646442022945e+02,-4.187552796504e+02,3.952498983077e+02,-4.044083634297e+02,1.000000000000e+00,2.656845361754
629,15785,5780639648.437500,1.644656811409e+02,-1.644656811409e+02,1.562307351189e+02,-1.794114105844e+02,1.746184799804e+02,-1.863121480776e+02,1.000000000000e+00,2.632346331675
630,15786,5781005859.375000,-5.482189371364e+01,2.741094685682e+02,-3.661316319474e+01,2.834825411026e+02,-4.693886625175e+01,2.511451328075e+02,1.000000000000e+00,2.607851418934
631,15787,5781372070.312500,-2.741094685682e+02,3.837532559955e+02,-2.524941963269e+02,4.109665861349e+02,-2.661028739153e+02,3.601842563165e+02,1.000000000000e+00,2.583360792882
632,15788,5781738281.250000,-3.837532559955e+02,1.644656811409e+02,-3.799163725409e+02,1.951743713896e+02,-3.741823815775e+02,1.411574774837e+02,1.000000000000e+00,2.558874621899
633,15789,5782104492.187500,-2.741094685682e+02,1.644656811409e+02,-2.681559133105e+02,1.873800444940e+02,-2.641730952774e+02,1.421635062947e+02,1.000000000000e+00,2.534393073361
634,15790,5782470703.125000,-3.837532559955e+02,1.644656811409e+02,-3.806658220300e+02,1.946949953373e+02,-3.739346970092e+02,1.418856801545e+02,1.000000000000e+00,2.509916313613
635,15791,5782836914.062500,3.837532559955e+02,3.837532559955e+02,4.184479467030e+02,3.663551314251e+02,3.937012601564e+02,3.661032288932e+02,1.000000000000e+00,2.485444507939
636,15792,5783203125.000000,2.741094685682e+02,5.482189371364e+01,2.838861359420e+02,3.763204840872e+01,2.859770361709e+02,3.634979625473e+01,1.000000000000e+00,2.460977820532
637,15793,5783569335.937500,-3.837532559955e+02,3.837532559955e+02,-3.660599333122e+02,4.175970080110e+02,-3.737996746763e+02,3.621882450761e+02,1.000000000000e+00,2.436516414465
638,15794,5783935546.875000,-1.644656811409e+02,2.741094685682e+02,-1.493270524511e+02,2.905926357547e+02,-1.531720168172e+02,2.538535977132e+02,1.000000000000e+00,2.412060451666
639,15795,5784301757.812500,2.741094685682e+02,3.837532559955e+02,3.048885332808e+02,3.730579235900e+02,2.846673658189e+02,3.657540995280e+02,1.000000000000e+00,2.387610092887
640,15796,5784667968.750000,-5.482189371364e+01,2.741094685682e+02,-3.798948092013e+01,2.829736119596e+02,-4.316028346640e+01,2.550078174735e+02,1.000000000000e+00,2.363165497677
641,15797,5785034179.687500,3.837532559955e+02,-1.644656811409e+02,3.805344714755e+02,-1.922910917893e+02,3.973621515867e+02,-1.800094780829e+02,1.000000000000e+00,2.338726824358
642,15798,5785400390.625000,-1.644656811409e+02,-3.837532559955e+02,-1.922300045197e+02,-3.808513147057e+02,-1.485896367436e+02,-4.018010908726e+02,1.000000000000e+00,2.314294229996
643,15799,5785766601.562500,-2.741094685682e+02,-1.644656811409e+02,-2.901456457908e+02,-1.504425985734e+02,-2.592612188667e+02,-1.829734563358e+02,1.000000000000e+00,2.289867870376
644,15800,5786132812.500000,5.482189371364e+01,-3.837532559955e+02,3.173041224162e+01,-3.951366388196e+02,7.091075774946e+01,-3.999783359561e+02,1.000000000000e+00,2.265447899975
645,15801,5786499023.437500,1.644656811409e+02,-3.837532559955e+02,1.435725700371e+02,-4.018241943947e+02,1.804811261021e+02,-3.987979654502e+02,1.000000000000e+00,2.241034471941
646,15802,5786865234.375000,-5.482189371364e+01,-5.482189371364e+01,-5.934275331370e+01,-5.243855291086e+01,-3.999192773189e+01,-7.066562790414e+01,1.000000000000e+00,2.216627738067
647,15803,5787231445.312500,1.644656811409e+02,-1.644656811409e+02,1.574279332679e+02,-1.779623362736e+02,1.796974714495e+02,-1.787500221628e+02,1.000000000000e+00,2.192227848762
648,15804,5787597656.250000,-3.837532559955e+02,-2.741094685682e+02,-4.083916039926e+02,-2.560000697031e+02,-3.672559888923e+02,-2.904488002065e+02,1.000000000000e+00,2.167834953037
649,15805,5787963867.187500,-3.837532559955e+02,-1.644656811409e+02,-4.017158124062e+02,-1.445463018579e+02,-3.677299735783e+02,-1.806295426049e+02,1.000000000000e+00,2.143449198473
650,15806,5788330078.125000,5.482189371364e+01,2.741094685682e+02,7.298434234653e+01,2.765079634688e+02,6.914946431527e+01,2.605540480146e+02,1.000000000000e+00,2.119070731207
651,15807,5788696289.062500,3.837532559955e+02,-3.837532559955e+02,3.676588241115e+02,-4.163819673185e+02,3.999948124375e+02,-3.967424910214e+02,1.000000000000e+00,2.094699695902
652,15808,5789062500.000000,-1.644656811409e+02,-3.837532559955e+02,-1.927800824623e+02,-3.815388982927e+02,-1.490352233703e+02,-3.970148665241e+02,1.000000000000e+00,2.070336235731
653,15809,5789428710.937500,3.837532559955e+02,1.644656811409e+02,4.024217862562e+02,1.439106734842e+02,3.995123582249e+02,1.526941852991e+02,1.000000000000e+00,2.045980492356
654,15810,5789794921.875000,-5.482189371364e+01,-5.482189371364e+01,-5.936532217027e+01,-5.264328084821e+01,-3.896151427033e+01,-6.686951109758e+01,1.000000000000e+00,2.021632605905
655,15811,5790161132.812500,1.644656811409e+02,-2.741094685682e+02,1.516017147326e+02,-2.897725586051e+02,1.812877603502e+02,-2.850296634599e+02,1.000000000000e+00,1.997292714954
656,15812,5790527343.750000,1.644656811409e+02,3.837532559955e+02,1.901931723147e+02,3.822220916575e+02,1.786353963641e+02,3.734467666802e+02,1.000000000000e+00,1.972960956508
657,15813,5790893554.687500,-1.644656811409e+02,-5.482189371364e+01,-1.709306411792e+02,-4.666100618945e+01,-1.480130993155e+02,-6.617404988913e+01,1.000000000000e+00,1.948637465983
658,15814,5791259765.625000,5.482189371364e+01,-1.644656811409e+02,4.665028804093e+01,-1.709174534862e+02,7.170051559561e+01,-1.740317467277e+02,1.000000000000e+00,1.924322377184
659,15815,5791625976.562500,5.482189371364e+01,2.741094685682e+02,7.162234087459e+01,2.765761730605e+02,6.977500290893e+01,2.645989153023e+02,1.000000000000e+00,1.900015822293
660,15816,5791992187.500000,-3.837532559955e+02,-1.644656811409e+02,-4.011379789699e+02,-1.456065648366e+02,-3.668476594005e+02,-1.745489101000e+02,1.000000000000e+00,1.875717931849
661,15817,5792358398.437500,5.482189371364e+01,-2.741094685682e+02,3.993222304059e+01,-2.828201041047e+02,7.152292432115e+01,-2.822924864961e+02,1.000000000000e+00,1.851428834731
662,15818,5792724609.375000,1.644656811409e+02,-1.644656811409e+02,1.580473217525e+02,-1.773743135134e+02,1.806321545483e+02,-1.721369636902e+02,1.000000000000e+00,1.827148658143
663,15819,5793090820.312500,-3.837532559955e+02,-1.644656811409e+02,-4.009382756670e+02,-1.451374798833e+02,-3.668528103401e+02,-1.722471632202e+02,1.000000000000e+00,1.802877527600
664,15820,5793457031.250000,1.644656811409e+02,3.837532559955e+02,1.898681760165e+02,3.820414676421e+02,1.797439307191e+02,3.764733916643e+02,1.000000000000e+00,1.778615566910
665,15821,5793823242.187500,-1.644656811409e+02,-1.644656811409e+02,-1.771476125230e+02,-1.586253244503e+02,-1.478303278634e+02,-1.715812143129e+02,1.000000000000e+00,1.754362898164
666,15822,5794189453.125000,1.644656811409e+02,-5.482189371364e+01,1.648754113351e+02,-6.519540030751e+01,1.806589430854e+02,-6.067370144181e+01,1.000000000000e+00,1.730119641717
667,15823,5794555664.062500,3.837532559955e+02,2.741094685682e+02,4.074464202715e+02,2.582292540213e+02,3.992981909048e+02,2.689485606194e+02,1.000000000000e+00,1.705885916181
668,15824,5794921875.000000,5.482189371364e+01,2.741094685682e+02,7.167350679623e+01,2.768555749531e+02,7.053790759956e+01,2.688063196486e+02,1.000000000000e+00,1.681661838407
669,15825,5795288085.937500,1.644656811409e+02,3.837532559955e+02,1.898352226658e+02,3.828785637964e+02,1.800333955134e+02,3.792383588033e+02,1.000000000000e+00,1.657447523477
670,15826,5795654296.875000,-2.741094685682e+02,3.837532559955e+02,-2.588857269758e+02,4.077690076413e+02,-2.593184792489e+02,3.792795919863e+02,1.000000000000e+00,1.633243084688
671,15827,5796020507.812500,-3.837532559955e+02,2.741094685682e+02,-3.776046943286e+02,3.015865244451e+02,-3.693951243909e+02,2.696523079686e+02,1.000000000000e+00,1.609048633547
672,15828,5796386718.750000,1.644656811409e+02,-3.837532559955e+02,1.478300972722e+02,-4.010604915576e+02,1.816589269456e+02,-3.871736468056e+02,1.000000000000e+00,1.584864279756
673,15829,5796752929.687500,-3.837532559955e+02,-1.644656811409e+02,-4.003983766121e+02,-1.484700814168e+02,-3.673973144865e+02,-1.698695908509e+02,1.000000000000e+00,1.560690131204
674,15830,5797119140.625000,-3.837532559955e+02,-2.741094685682e+02,-4.055348815793e+02,-2.607086734742e+02,-3.665514416136e+02,-2.792050231167e+02,1.000000000000e+00,1.536526293957
675,15831,5797485351.562500,-5.482189371364e+01,-5.482189371364e+01,-5.880274553030e+01,-5.318240016471e+01,-3.939521052942e+01,-5.755115163785e+01,1.000000000000e+00,1.512372872250
676,15832,5797851562.500000,-3.837532559955e+02,-2.741094685682e+02,-4.064625184754e+02,-2.598739255531e+02,-3.679386030892e+02,-2.774566176958e+02,1.000000000000e+00,1.488229968479
677,15833,5798217773.437500,-5.482189371364e+01,-1.644656811409e+02,-6.470214583586e+01,-1.650384236650e+02,-3.956196148339e+01,-1.662592316609e+02,1.000000000000e+00,1.464097683190
678,15834,5798583984.375000,-1.644656811409e+02,-2.741094685682e+02,-1.822891804547e+02,-2.709275599886e+02,-1.489694956038e+02,-2.754597484034e+02,1.000000000000e+00,1.439976115079
679,15835,5798950195.312500,1.644656811409e+02,-5.482189371364e+01,1.647176421799e+02,-6.456228767279e+01,1.786924574607e+02,-5.531837029039e+01,1.000000000000e+00,1.415865360978
680,15836,5799316406.250000,-1.644656811409e+02,3.837532559955e+02,-1.475357798602e+02,3.999779039211e+02,-1.507219527520e+02,3.821479858953e+02,1.000000000000e+00,1.391765515851
681,15837,5799682617.187500,-1.644656811409e+02,-2.741094685682e+02,-1.821855703657e+02,-2.711557106925e+02,-1.495991951734e+02,-2.744936214931e+02,1.000000000000e+00,1.367676672793
682,15838,5800048828.125000,5.482189371364e+01,1.644656811409e+02,6.453962611663e+01,1.651229528356e+02,6.829116543528e+01,1.646675952999e+02,1.000000000000e+00,1.343598923018
683,15839,5800415039.062500,-1.644656811409e+02,5.482189371364e+01,-1.651310516399e+02,6.446665053742e+01,-1.508995106875e+02,5.479781417047e+01,1.000000000000e+00,1.319532355859
684,15840,5800781250.000000,-2.741094685682e+02,-5.482189371364e+01,-2.827097509232e+02,-4.196015068987e+01,-2.603998466707e+02,-5.484164540560e+01,1.000000000000e+00,1.295477058762
685,15841,5801147460.937500,-5.482189371364e+01,3.837532559955e+02,-3.651753017644e+01,3.946896728204e+02,-4.282350177328e+01,3.845348430399e+02,1.000000000000e+00,1.271433117284
686,15842,5801513671.875000,5.482189371364e+01,-2.741094685682e+02,4.221732451141e+01,-2.828008105525e+02,6.874601694498e+01,-2.725435754763e+02,1.000000000000e+00,1.247400615088
687,15843,5801879882.812500,3.837532559955e+02,-3.837532559955e+02,3.730650290125e+02,-4.113566962820e+02,3.980848163293e+02,-3.807668360944e+02,1.000000000000e+00,1.223379633943
688,15844,5802246093.750000,3.837532559955e+02,2.741094685682e+02,4.057815851742e+02,2.609459721851e+02,3.952636117087e+02,2.775490591021e+02,1.000000000000e+00,1.199370253718
689,15845,5802612304.687500,3.837532559955e+02,-3.837532559955e+02,3.726968103739e+02,-4.110933590095e+02,3.971144097877e+02,-3.800411838795e+02,1.000000000000e+00,1.175372552386
690,15846,5802978515.625000,-2.741094685682e+02,-3.837532559955e+02,-2.990303041640e+02,-3.779185420086e+02,-2.607184910921e+02,-3.817276109969e+02,1.000000000000e+00,1.151386606017
691,15847,5803344726.562500,-3.837532559955e+02,-2.741094685682e+02,-4.056396608063e+02,-2.606356795895e+02,-3.710913016827e+02,-2.723755900754e+02,1.000000000000e+00,1.127412488780
692,15848,5803710937.500000,5.482189371364e+01,2.741094685682e+02,6.978683460348e+01,2.773132249657e+02,6.539116211373e+01,2.773452116292e+02,1.000000000000e+00,1.103450272945
693,15849,5804077148.437500,1.644656811409e+02,-3.837532559955e+02,1.488025394746e+02,-4.005556939187e+02,1.767656845158e+02,-3.802374653195e+02,1.000000000000e+00,1.079500028879
694,15850,5804443359.375000,-5.482189371364e+01,-5.482189371364e+01,-5.882176239695e+01,-5.326675796598e+01,-4.391402422652e+01,-5.149541095269e+01,1.000000000000e+00,1.055561825049
695,15851,5804809570.312500,3.837532559955e+02,3.837532559955e+02,4.119111390802e+02,3.727736171305e+02,3.937423637867e+02,3.886157252034e+02,1.000000000000e+00,1.031635728024
696,15852,5805175781.250000,1.644656811409e+02,3.837532559955e+02,1.877451832377e+02,3.839384476407e+02,1.740173249964e+02,3.883289737395e+02,1.000000000000e+00,1.007721802475
697,15853,5805541992.187500,-3.837532559955e+02,3.837532559955e+02,-3.727664992556e+02,4.118238151517e+02,-3.749599023810e+02,3.872767330722e+02,1.000000000000e+00,0.983820111176
698,15854,5805908203.125000,-5.482189371364e+01,3.837532559955e+02,-3.657875905182e+01,3.950314644311e+02,-4.617537037990e+01,3.881457140295e+02,1.000000000000e+00,0.959930715010
699,15855,5806274414.062500,-3.837532559955e+02,-1.644656811409e+02,-4.005592716132e+02,-1.488427589815e+02,-3.742227146527e+02,-1.611962645698e+02,1.000000000000e+00,0.936053672967
700,15856,5806640625.000000,3.837532559955e+02,3.837532559955e+02,4.114424463572e+02,3.732909247389e+02,3.917179065503e+02,3.900422221395e+02,1.000000000000e+00,0.912189042154
701,15857,5807006835.937500,-2.741094685682e+02,-2.741094685682e+02,-2.937941363471e+02,-2.668283885378e+02,-2.645892787344e+02,-2.706691886672e+02,1.000000000000e+00,0.888336877789
702,15858,5807373046.875000,-5.482189371364e+01,1.644656811409e+02,-4.786348959888e+01,1.708853354151e+02,-4.708132947386e+01,1.693521695313e+02,1.000000000000e+00,0.864497233216
703,15859,5807739257.812500,-2.741094685682e+02,-2.741094685682e+02,-2.940201145631e+02,-2.663962382244e+02,-2.654317224824e+02,-2.700198878499e+02,1.000000000000e+00,0.840670159900
704,15860,5808105468.750000,-1.644656811409e+02,-5.482189371364e+01,-1.709005437299e+02,-4.765435034818e+01,-1.567018258575e+02,-5.006255084544e+01,1.000000000000e+00,0.816855707438
705,15861,5808471679.687500,-5.482189371364e+01,-2.741094685682e+02,-7.014681553717e+01,-2.773794470152e+02,-4.688567542775e+01,-2.690994027126e+02,1.000000000000e+00,0.793053923560
706,15862,5808837890.625000,-5.482189371364e+01,-1.644656811409e+02,-6.459146836597e+01,-1.652852036876e+02,-4.750568044805e+01,-1.592807257583e+02,1.000000000000e+00,0.769264854138
707,15863,5809204101.562500,-5.482189371364e+01,-2.741094685682e+02,-7.010836137456e+01,-2.773810873505e+02,-4.743022716773e+01,-2.689259161474e+02,1.000000000000e+00,0.745488543190
708,15864,5809570312.500000,-1.644656811409e+02,2.741094685682e+02,-1.544295213559e+02,2.883124942967e+02,-1.592061333381e+02,2.790933326182e+02,1.000000000000e+00,0.721725032885
709,15865,5809936523.437500,-5.482189371364e+01,-2.741094685682e+02,-6.923296136915e+01,-2.774103382401e+02,-4.714322678359e+01,-2.687828301715e+02,1.000000000000e+00,0.697974363553
710,15866,5810302734.375000,-3.837532559955e+02,2.741094685682e+02,-3.788501101301e+02,2.988625601789e+02,-3.795850479869e+02,2.778250431899e+02,1.000000000000e+00,0.674236573688
711,15867,5810668945.312500,-2.741094685682e+02,2.741094685682e+02,-2.666615961379e+02,2.939111899242e+02,-2.701671904479e+02,2.788045678284e+02,1.000000000000e+00,0.650511699958
712,15868,5811035156.250000,2.741094685682e+02,-3.837532559955e+02,2.609648259361e+02,-4.064460924201e+02,2.811366281623e+02,-3.774176947958e+02,1.000000000000e+00,0.626799777210
713,15869,5811401367.187500,-5.482189371364e+01,-3.837532559955e+02,-7.583915247858e+01,-3.896645869143e+02,-4.879930392529e+01,-3.786054069325e+02,1.000000000000e+00,0.603100838483
714,15870,5811767578.125000,-5.482189371364e+01,2.741094685682e+02,-4.170099741172e+01,2.831679324003e+02,-5.110165677724e+01,2.800521174810e+02,1.000000000000e+00,0.579414915007
715,15871,5812133789.062500,2.741094685682e+02,1.644656811409e+02,2.889443687594e+02,1.536461997043e+02,2.781558345908e+02,1.710602234286e+02,1.000000000000e+00,0.555742036223
716,15872,5812500000.000000,3.837532559955e+02,2.741094685682e+02,4.067480854964e+02,2.599258511559e+02,3.871691181690e+02,2.811198821831e+02,1.000000000000e+00,0.532082229779
717,15873,5812866210.937500,1.644656811409e+02,-5.482189371364e+01,1.651951422652e+02,-6.470083534388e+01,1.682814725366e+02,-4.858768037099e+01,1.000000000000e+00,0.508435521550
718,15874,5813232421.875000,-5.482189371364e+01,1.644656811409e+02,-4.734034788873e+01,1.709439573479e+02,-5.211197725711e+01,1.700819266746e+02,1.000000000000e+00,0.484801935642
719,15875,5813598632.812500,-2.741094685682e+02,-2.741094685682e+02,-2.945124670061e+02,-2.655382417287e+02,-2.702563605085e+02,-2.693707850294e+02,1.000000000000e+00,0.461181494400
720,15876,5813964843.750000,-2.741094685682e+02,-2.741094685682e+02,-2.944773922720e+02,-2.654518761039e+02,-2.704481451895e+02,-2.694142241023e+02,1.000000000000e+00,0.437574218422
721,15877,5814331054.687500,-1.644656811409e+02,-2.741094685682e+02,-1.823083354952e+02,-2.714660887727e+02,-1.608393730929e+02,-2.693255420747e+02,1.000000000000e+00,0.413980126565
722,15878,5814697265.625000,3.837532559955e+02,1.644656811409e+02,4.005934338253e+02,1.484300879866e+02,3.849781848152e+02,1.723263844872e+02,1.000000000000e+00,0.390399235958
723,15879,5815063476.562500,-5.482189371364e+01,5.482189371364e+01,-5.326201703047e+01,5.882032343104e+01,-5.345541873557e+01,5.992399389990e+01,1.000000000000e+00,0.366831562012
724,15880,5815429687.500000,-3.837532559955e+02,-2.741094685682e+02,-4.066876791554e+02,-2.602096800668e+02,-3.810758357702e+02,-2.711616442539e+02,1.000000000000e+00,0.343277118429
725,15881,5815795898.437500,5.482189371364e+01,5.482189371364e+01,5.901291334753e+01,5.311326757772e+01,5.585177933532e+01,6.038347080988e+01,1.000000000000e+00,0.319735917213
726,15882,5816162109.375000,-5.482189371364e+01,1.644656811409e+02,-4.705231073086e+01,1.711870055234e+02,-5.459095071832e+01,1.695967910521e+02,1.000000000000e+00,0.296207968684
727,15883,5816528320.312500,-5.482189371364e+01,5.482189371364e+01,-5.302811896599e+01,5.905940557724e+01,-5.442520883427e+01,5.968026441140e+01,1.000000000000e+00,0.272693281486
728,15884,5816894531.250000,-3.837532559955e+02,3.837532559955e+02,-3.709854745243e+02,4.133812735623e+02,-3.851830815173e+02,3.872892316898e+02,1.000000000000e+00,0.249191862600
729,15885,5817260742.187500,1.644656811409e+02,2.741094685682e+02,1.834250922402e+02,2.707541328748e+02,1.636735495832e+02,2.795267767723e+02,1.000000000000e+00,0.225703717354
730,15886,5817626953.125000,1.644656811409e+02,5.482189371364e+01,1.710780585061e+02,4.650066757896e+01,1.641845582003e+02,5.987621787350e+01,1.000000000000e+00,0.202228849439
731,15887,5817993164.062500,1.644656811409e+02,-2.741094685682e+02,1.516819103625e+02,-2.894204467688e+02,1.644950408341e+02,-2.691711942505e+02,1.000000000000e+00,0.178767260914
732,15888,5818359375.000000,-3.837532559955e+02,3.837532559955e+02,-3.698072390350e+02,4.140667009101e+02,-3.857175873567e+02,3.867843907006e+02,1.000000000000e+00,0.155318952224
733,15889,5818725585.937500,-3.837532559955e+02,-5.482189371364e+01,-3.953534469336e+02,-3.441470308662e+01,-3.846113691061e+02,-5.273747662352e+01,1.000000000000e+00,0.131883922212
734,15890,5819091796.875000,-1.644656811409e+02,-3.837532559955e+02,-1.895007098316e+02,-3.832995511047e+02,-1.631884927152e+02,-3.813254395322e+02,1.000000000000e+00,0.108462168127
735,15891,5819458007.812500,-1.644656811409e+02,-5.482189371364e+01,-1.711435147083e+02,-4.676200838636e+01,-1.654624994100e+02,-5.207625898858e+01,1.000000000000e+00,0.085053685641
736,15892,5819824218.750000,1.644656811409e+02,-2.741094685682e+02,1.522968185727e+02,-2.892616736822e+02,1.646196664734e+02,-2.694448086115e+02,1.000000000000e+00,0.061658468859
737,15893,5820190429.687500,2.741094685682e+02,-5.482189371364e+01,2.767286152181e+02,-7.187114603837e+01,2.727393484827e+02,-4.984850258847e+01,1.000000000000e+00,0.038276510333
738,15894,5820556640.625000,5.482189371364e+01,-2.741094685682e+02,3.983293454935e+01,-2.833904428278e+02,5.441376561028e+01,-2.708402202274e+02,1.000000000000e+00,0.014907801075
739,15895,5820922851.562500,-2.741094685682e+02,-2.741094685682e+02,-2.969003338513e+02,-2.638898786267e+02,-2.753863581951e+02,-2.728450201424e+02,1.000000000000e+00,-0.008447669430
740,15896,5821289062.500000,2.741094685682e+02,2.741094685682e+02,2.972608022112e+02,2.633362704457e+02,2.713595094907e+02,2.783219136296e+02,1.000000000000e+00,-0.031789913213
741,15897,5821655273.437500,1.644656811409e+02,-1.644656811409e+02,1.575911288354e+02,-1.785412685697e+02,1.626211839141e+02,-1.616587945387e+02,1.000000000000e+00,-0.055118943803
742,15898,5822021484.375000,5.482189371364e+01,2.741094685682e+02,7.392369891112e+01,2.763560831663e+02,5.199710746333e+01,2.766960087882e+02,1.000000000000e+00,-0.078434776219
743,15899,5822387695.312500,-1.644656811409e+02,-1.644656811409e+02,-1.789399492222e+02,-1.572106497334e+02,-1.671752635058e+02,-1.627025292737e+02,1.000000000000e+00,-0.101737426953
744,15900,5822753906.250000,-5.482189371364e+01,1.644656811409e+02,-4.509318468796e+01,1.718408289900e+02,-5.796034996439e+01,1.666368016410e+02,1.000000000000e+00,-0.125026913959
745,15901,5823120117.187500,3.837532559955e+02,-1.644656811409e+02,3.815475915281e+02,-1.939270352970e+02,3.819031654418e+02,-1.625412063213e+02,1.000000000000e+00,-0.148303256637
746,15902,5823486328.125000,1.644656811409e+02,-3.837532559955e+02,1.426959744630e+02,-4.033392605351e+02,1.627168164653e+02,-3.825719599115e+02,1.000000000000e+00,-0.171566475822
747,15903,5823852539.062500,-5.482189371364e+01,-1.644656811409e+02,-6.687328929429e+01,-1.645083725498e+02,-5.747861596813e+01,-1.637146271052e+02,1.000000000000e+00,-0.194816593767
748,15904,5824218750.000000,-1.644656811409e+02,-5.482189371364e+01,-1.716915820174e+02,-4.511911127929e+01,-1.677431991606e+02,-5.460109187703e+01,1.000000000000e+00,-0.218053634132
749,15905,5824584960.937500,2.741094685682e+02,2.741094685682e+02,2.984445956842e+02,2.615403459109e+02,2.698974729064e+02,2.760658311699e+02,1.000000000000e+00,-0.241277621971
750,15906,5824951171.875000,1.644656811409e+02,-1.644656811409e+02,1.566904962803e+02,-1.791748132378e+02,1.616068721514e+02,-1.635402503380e+02,1.000000000000e+00,-0.264488583715
751,15907,5825317382.812500,-2.741094685682e+02,5.482189371364e+01,-2.762823894352e+02,7.488627435056e+01,-2.782025856022e+02,5.408777669061e+01,1.000000000000e+00,-0.287686547160
752,15908,5825683593.750000,5.482189371364e+01,2.741094685682e+02,7.504406935687e+01,2.764711151196e+02,5.018855634984e+01,2.747994592171e+02,1.000000000000e+00,-0.310871541454
753,15909,5826049804.687500,3.837532559955e+02,2.741094685682e+02,4.117444296108e+02,2.536917920771e+02,3.798648515434e+02,2.761657905028e+02,1.000000000000e+00,-0.334043597080
754,15910,5826416015.625000,-3.837532559955e+02,3.837532559955e+02,-3.656158801990e+02,4.196151800024e+02,-3.902150757737e+02,3.824668369951e+02,1.000000000000e+00,-0.357202745847
755,15911,5826782226.562500,1.644656811409e+02,-5.482189371364e+01,1.643656644872e+02,-6.776018013691e+01,1.613561788875e+02,-5.505317283711e+01,1.000000000000e+00,-0.380349020871
756,15912,5827148437.500000,5.482189371364e+01,-2.741094685682e+02,3.651378652450e+01,-2.842450822771e+02,5.249589261951e+01,-2.755729191282e+02,1.000000000000e+00,-0.403482456563
757,15913,5827514648.437500,5.482189371364e+01,1.644656811409e+02,6.774581832184e+01,1.641637915909e+02,5.011772716529e+01,1.636610119301e+02,1.000000000000e+00,-0.426603088617
758,15914,5827880859.375000,1.644656811409e+02,-5.482189371364e+01,1.640375449700e+02,-6.769288942741e+01,1.610993615889e+02,-5.542076872892e+01,1.000000000000e+00,-0.449710953994
759,15915,5828247070.312500,-5.482189371364e+01,1.644656811409e+02,-4.408008092816e+01,1.717930515307e+02,-5.973395597402e+01,1.622449930439e+02,1.000000000000e+00,-0.472806090908
760,15916,5828613281.250000,-2.741094685682e+02,-2.741094685682e+02,-2.997397645104e+02,-2.594134936932e+02,-2.762900723692e+02,-2.777984379728e+02,1.000000000000e+00,-0.495888538812
761,15917,5828979492.187500,3.837532559955e+02,-5.482189371364e+01,3.870824996508e+02,-8.465389363074e+01,3.799555519431e+02,-5.521594105208e+01,1.000000000000e+00,-0.518958338385
762,15918,5829345703.125000,-3.837532559955e+02,-1.644656811409e+02,-4.039716857905e+02,-1.390662217149e+02,-3.867048752930e+02,-1.695804320053e+02,1.000000000000e+00,-0.542015531518
763,15919,5829711914.062500,1.644656811409e+02,-3.837532559955e+02,1.392963017638e+02,-4.044469979874e+02,1.637228547269e+02,-3.861766402776e+02,1.000000000000e+00,-0.565060161300
764,15920,5830078125.000000,-3.837532559955e+02,-2.741094685682e+02,-4.130562564127e+02,-2.515565399339e+02,-3.862638936180e+02,-2.810996494583e+02,1.000000000000e+00,-0.588092272004
765,15921,5830444335.937500,-2.741094685682e+02,1.644656811409e+02,-2.678512301842e+02,1.889294250169e+02,-2.797750915619e+02,1.591464082683e+02,1.000000000000e+00,-0.611111909071
766,15922,5830810546.875000,-3.837532559955e+02,-1.644656811409e+02,-4.049108941076e+02,-1.388468743686e+02,-3.868400921080e+02,-1.718180760466e+02,1.000000000000e+00,-0.634119119102
767,15923,5831176757.812500,-3.837532559955e+02,1.644656811409e+02,-3.794990663203e+02,1.979269705418e+02,-3.894303156347e+02,1.577615208276e+02,1.000000000000e+00,-0.657113949837
768,15924,5831542968.750000,-5.482189371364e+01,1.644656811409e+02,-4.291988344901e+01,1.724489241152e+02,-5.949762825775e+01,1.601960520942e+02,1.000000000000e+00,-0.680096450148
769,15925,5831909179.687500,2.741094685682e+02,5.482189371364e+01,2.845488828638e+02,3.361717432219e+01,2.710475946512e+02,5.206104739156e+01,1.000000000000e+00,-0.703066670021
770,15926,5832275390.625000,-1.644656811409e+02,3.837532559955e+02,-1.361517423568e+02,4.056022962016e+02,-1.701361015191e+02,3.788016506813e+02,1.000000000000e+00,-0.726024660542
771,15927,5832641601.562500,1.644656811409e+02,5.482189371364e+01,1.725188160617e+02,4.216869212453e+01,1.613178819702e+02,5.083692475495e+01,1.000000000000e+00,-0.748970473887
772,15928,5833007812.500000,1.644656811409e+02,-3.837532559955e+02,1.352649156760e+02,-4.056273708723e+02,1.638227278402e+02,-3.885512916894e+02,1.000000000000e+00,-0.771904163308
773,15929,5833374023.437500,-2.741094685682e+02,-1.644656811409e+02,-2.940380909855e+02,-1.442503248456e+02,-2.765583096183e+02,-1.716291675252e+02,1.000000000000e+00,-0.794825783114
774,15930,5833740234.375000,3.837532559955e+02,2.741094685682e+02,4.159376046135e+02,2.462823497469e+02,3.805223146846e+02,2.708622808083e+02,1.000000000000e+00,-0.817735388666
775,15931,5834106445.312500,-5.482189371364e+01,-2.741094685682e+02,-8.023870024876e+01,-2.751712540535e+02,-5.608908723612e+01,-2.809931483310e+02,1.000000000000e+00,-0.840633036357
776,15932,5834472656.250000,-3.837532559955e+02,3.837532559955e+02,-3.585517897381e+02,4.257544428305e+02,-3.899038989845e+02,3.759409053482e+02,1.000000000000e+00,-0.863518783601
777,15933,5834838867.187500,-1.644656811409e+02,1.644656811409e+02,-1.538601627766e+02,1.823802176239e+02,-1.686556897285e+02,1.571184035066e+02,1.000000000000e+00,-0.886392688823
778,15934,5835205078.125000,5.482189371364e+01,3.837532559955e+02,8.960767033843e+01,3.875374398529e+02,4.937579342000e+01,3.788953035439e+02,1.000000000000e+00,-0.909254811440
779,15935,5835571289.062500,1.644656811409e+02,-2.741094685682e+02,1.436164373567e+02,-2.949432806605e+02,1.654250251175e+02,-2.804147621730e+02,1.000000000000e+00,-0.932105211852
780,15936,5835937500.000000,-3.837532559955e+02,-2.741094685682e+02,-4.173833532004e+02,-2.451218677529e+02,-3.847151213680e+02,-2.849034455035e+02,1.000000000000e+00,-0.954943951427
781,15937,5836303710.937500,5.482189371364e+01,1.644656811409e+02,7.112596047115e+01,1.630324039269e+02,5.215770051067e+01,1.582453018403e+02,1.000000000000e+00,-0.977771092493
782,15938,5836669921.875000,2.741094685682e+02,3.837532559955e+02,3.152331909444e+02,3.667903359410e+02,2.700191395073e+02,3.799024553626e+02,1.000000000000e+00,-1.000586698316
783,15939,5837036132.812500,-3.837532559955e+02,-2.741094685682e+02,-4.170705197775e+02,-2.445563721395e+02,-3.829512359696e+02,-2.861290896015e+02,1.000000000000e+00,-1.023390833097
784,15940,5837402343.750000,-3.837532559955e+02,5.482189371364e+01,-3.870216828477e+02,9.198870456925e+01,-3.863843827900e+02,4.359254921560e+01,1.000000000000e+00,-1.046183561953
785,15941,5837768554.687500,1.644656811409e+02,2.741094685682e+02,1.943533293961e+02,2.646557347850e+02,1.620042736715e+02,2.688880995866e+02,1.000000000000e+00,-1.068964950907
786,15942,5838134765.625000,-1.644656811409e+02,5.482189371364e+01,-1.629233895543e+02,7.205265991708e+01,-1.661048605887e+02,4.559845827609e+01,1.000000000000e+00,-1.091735066876
787,15943,5838500976.562500,5.482189371364e+01,-3.837532559955e+02,1.808769719968e+01,-3.977023980121e+02,5.794608823946e+01,-3.930677413776e+02,1.000000000000e+00,-1.114493977657
788,15944,5838867187.500000,1.644656811409e+02,3.837532559955e+02,2.066328203642e+02,3.754242714586e+02,1.622969956070e+02,3.779386365272e+02,1.000000000000e+00,-1.137241751916
789,15945,5839233398.437500,3.837532559955e+02,2.741094685682e+02,4.198226639631e+02,2.408940732314e+02,3.833536752918e+02,2.694115399062e+02,1.000000000000e+00,-1.159978459177
790,15946,5839599609.375000,2.741094685682e+02,5.482189371364e+01,2.856209107921e+02,2.792013750758e+01,2.752617688679e+02,4.859052126585e+01,1.000000000000e+00,-1.182704169806
791,15947,5839965820.312500,-1.644656811409e+02,1.644656811409e+02,-1.510772340717e+02,1.849965739594e+02,-1.656777633975e+02,1.549710721604e+02,1.000000000000e+00,-1.205418955003
792,15948,5840332031.250000,3.837532559955e+02,1.644656811409e+02,4.092979613354e+02,1.276393343656e+02,3.851028046468e+02,1.592135066678e+02,1.000000000000e+00,-1.228122886789
793,15949,5840698242.187500,2.741094685682e+02,5.482189371364e+01,2.858119932316e+02,2.655419716710e+01,2.761837686495e+02,4.792339691409e+01,1.000000000000e+00,-1.250816037995
794,15950,5841064453.125000,-3.837532559955e+02,5.482189371364e+01,-3.857732625699e+02,9.779963413664e+01,-3.838747078650e+02,4.353691784265e+01,1.000000000000e+00,-1.273498482247
795,15951,5841430664.062500,2.741094685682e+02,3.837532559955e+02,3.210648912477e+02,3.617827748277e+02,2.735844761325e+02,3.779465568966e+02,1.000000000000e+00,-1.296170293960
796,15952,5841796875.000000,5.482189371364e+01,-2.741094685682e+02,2.648804984790e+01,-2.852172813558e+02,5.997365942945e+01,-2.832586364093e+02,1.000000000000e+00,-1.318831548321
797,15953,5842163085.937500,3.837532559955e+02,-1.644656811409e+02,3.732325168992e+02,-2.090860583286e+02,3.886681684394e+02,-1.699588713575e+02,1.000000000000e+00,-1.341482321282
798,15954,5842529296.875000,-5.482189371364e+01,2.741094685682e+02,-2.534194533851e+01,2.856179948319e+02,-5.459897596832e+01,2.650403646986e+02,1.000000000000e+00,-1.364122689547
799,15955,5842895507.812500,-3.837532559955e+02,3.837532559955e+02,-3.475299203987e+02,4.356548483409e+02,-3.848290160746e+02,3.731940321054e+02,1.000000000000e+00,-1.386752730561
800,15956,5843261718.750000,1.644656811409e+02,-2.741094685682e+02,1.360713549584e+02,-2.988411579908e+02,1.704820903551e+02,-2.835715894686e+02,1.000000000000e+00,-1.409372522500
801,15957,5843627929.687500,-2.741094685682e+02,5.482189371364e+01,-2.733964785462e+02,8.782008965681e+01,-2.720576164573e+02,4.333813228487e+01,1.000000000000e+00,-1.431982144257
802,15958,5843994140.625000,1.644656811409e+02,5.482189371364e+01,1.742516999101e+02,3.678851120128e+01,1.686469497155e+02,4.704080275807e+01,1.000000000000e+00,-1.454581675436
803,15959,5844360351.562500,1.644656811409e+02,2.741094685682e+02,2.001898228133e+02,2.600575893192e+02,1.670215273219e+02,2.669860386408e+02,1.000000000000e+00,-1.477171196340
804,15960,5844726562.500000,5.482189371364e+01,-3.837532559955e+02,9.663175776513e+00,-3.976182545625e+02,6.257769139811e+01,-3.940521240076e+02,1.000000000000e+00,-1.499750787955
805,15961,5845092773.437500,-1.644656811409e+02,1.644656811409e+02,-1.474598669242e+02,1.875440476286e+02,-1.613028583774e+02,1.541241474046e+02,1.000000000000e+00,-1.522320531950
806,15962,5845458984.375000,3.837532559955e+02,-2.741094685682e+02,3.576686359126e+02,-3.261881870082e+02,3.927464917659e+02,-2.811596109067e+02,1.000000000000e+00,-1.544880510658
807,15963,5845825195.312500,1.644656811409e+02,-5.482189371364e+01,1.610406503674e+02,-7.600351092653e+01,1.712202307538e+02,-6.287074875028e+01,1.000000000000e+00,-1.567430807067
808,15964,5846191406.250000,-2.741094685682e+02,2.741094685682e+02,-2.457558591104e+02,3.132552358982e+02,-2.723479878106e+02,2.628421049958e+02,1.000000000000e+00,-1.589971504816
809,15965,5846557617.187500,1.644656811409e+02,1.644656811409e+02,1.880606659675e+02,1.469987154120e+02,1.694420002155e+02,1.572591576596e+02,1.000000000000e+00,-1.612502688178
810,15966,5846923828.125000,5.482189371364e+01,1.644656811409e+02,7.659678589672e+01,1.604184034634e+02,5.976883450449e+01,1.560313096656e+02,1.000000000000e+00,-1.635024442055
811,15967,5847290039.062500,1.644656811409e+02,3.837532559955e+02,2.167731570486e+02,3.694426227166e+02,1.681652983160e+02,3.771005464497e+02,1.000000000000e+00,-1.657536851964
812,15968,5847656250.000000,-3.837532559955e+02,5.482189371364e+01,-3.836656836941e+02,1.060610725263e+02,-3.786692992767e+02,4.251680013269e+01,1.000000000000e+00,-1.680040004033
813,15969,5848022460.937500,2.741094685682e+02,-3.837532559955e+02,2.282516184526e+02,-4.275250206171e+02,2.857704388788e+02,-3.925606187364e+02,1.000000000000e+00,-1.702533984987
814,15970,5848388671.875000,1.644656811409e+02,-5.482189371364e+01,1.600973040880e+02,-7.798207580857e+01,1.732403711741e+02,-6.287687993056e+01,1.000000000000e+00,-1.725018882139
815,15971,5848754882.812500,2.741094685682e+02,-5.482189371364e+01,2.714792621806e+02,-9.316183719744e+01,2.835221794164e+02,-6.198271036466e+01,1.000000000000e+00,-1.747494783385
816,15972,5849121093.750000,-2.741094685682e+02,5.482189371364e+01,-2.713624553354e+02,9.341614031538e+01,-2.672952277304e+02,4.400756808310e+01,1.000000000000e+00,-1.769961777189
817,15973,5849487304.687500,2.741094685682e+02,1.644656811409e+02,3.015962071800e+02,1.299004230258e+02,2.822517738710e+02,1.590897982370e+02,1.000000000000e+00,-1.792419952579
818,15974,5849853515.625000,2.741094685682e+02,-3.837532559955e+02,2.268273835600e+02,-4.283985015702e+02,2.887619171734e+02,-3.910582187378e+02,1.000000000000e+00,-1.814869399135
819,15975,5850219726.562500,-1.644656811409e+02,1.644656811409e+02,-1.448940603951e+02,1.901502015057e+02,-1.580911173782e+02,1.547866330135e+02,1.000000000000e+00,-1.837310206984
820,15976,5850585937.500000,-1.644656811409e+02,-5.482189371364e+01,-1.750456894130e+02,-3.286665916108e+01,-1.550915283009e+02,-6.531412382614e+01,1.000000000000e+00,-1.859742466784
821,15977,5850952148.437500,-3.837532559955e+02,-1.644656811409e+02,-4.135579708875e+02,-1.130552733605e+02,-3.736568388800e+02,-1.776006273128e+02,1.000000000000e+00,-1.882166269725
822,15978,5851318359.375000,-1.644656811409e+02,2.741094685682e+02,-1.278688907508e+02,3.024171328944e+02,-1.579680836428e+02,2.655318564033e+02,1.000000000000e+00,-1.904581707515
823,15979,5851684570.312500,-2.741094685682e+02,5.482189371364e+01,-2.707653997215e+02,9.584514090637e+01,-2.655611345987e+02,4.464626884296e+01,1.000000000000e+00,-1.926988872371
824,15980,5852050781.250000,-5.482189371364e+01,1.644656811409e+02,-3.132836686899e+01,1.754139155990e+02,-4.593978796543e+01,1.571347672899e+02,1.000000000000e+00,-1.949387857014
825,15981,5852416992.187500,-1.644656811409e+02,5.482189371364e+01,-1.590797028472e+02,8.031845197522e+01,-1.549385694164e+02,4.607754909404e+01,1.000000000000e+00,-1.971778754660
826,15982,5852783203.125000,2.741094685682e+02,-1.644656811409e+02,2.540756013112e+02,-2.084246830106e+02,2.882976565437e+02,-1.697573200315e+02,1.000000000000e+00,-1.994161659012
827,15983,5853149414.062500,-5.482189371364e+01,5.482189371364e+01,-4.745012993356e+01,6.402491428390e+01,-4.428186787829e+01,4.745479159825e+01,1.000000000000e+00,-2.016536664250
828,15984,5853515625.000000,5.482189371364e+01,2.741094685682e+02,9.748594906281e+01,2.701314498122e+02,6.372843189113e+01,2.690733217473e+02,1.000000000000e+00,-2.038903865028
829,15985,5853881835.937500,-5.482189371364e+01,-5.482189371364e+01,-6.408579686506e+01,-4.723025522965e+01,-4.251654560788e+01,-6.224286369432e+01,1.000000000000e+00,-2.061263356462
830,15986,5854248046.875000,-2.741094685682e+02,5.482189371364e+01,-2.696726706363e+02,9.812563037822e+01,-2.635638009425e+02,4.554632468699e+01,1.000000000000e+00,-2.083615234125
831,15987,5854614257.812500,-3.837532559955e+02,3.837532559955e+02,-3.293424796599e+02,4.493083179040e+02,-3.771529057860e+02,3.745253677660e+02,1.000000000000e+00,-2.105959594040
832,15988,5854980468.750000,5.482189371364e+01,-2.741094685682e+02,1.240324150333e+01,-2.866474298035e+02,7.089969816874e+01,-2.802673634742e+02,1.000000000000e+00,-2.128296532669
833,15989,5855346679.687500,1.644656811409e+02,-3.837532559955e+02,1.054226619397e+02,-4.155382027250e+02,1.822450524255e+02,-3.889997697400e+02,1.000000000000e+00,-2.150626146912
834,15990,5855712890.625000,-5.482189371364e+01,-3.837532559955e+02,-1.179326676002e+02,-3.803476530468e+02,-3.797297426332e+01,-3.913090561888e+02,1.000000000000e+00,-2.172948534095
835,15991,5856079101.562500,1.644656811409e+02,3.837532559955e+02,2.298957973363e+02,3.621939895056e+02,1.746477447024e+02,3.820701151432e+02,1.000000000000e+00,-2.195263791965
836,15992,5856445312.500000,1.644656811409e+02,-1.644656811409e+02,1.396544474608e+02,-1.938199140811e+02,1.805211418327e+02,-1.680744868468e+02,1.000000000000e+00,-2.217572018684
837,15993,5856811523.437500,3.837532559955e+02,2.741094685682e+02,4.340935855585e+02,2.144665904908e+02,3.954452993972e+02,2.754392118150e+02,1.000000000000e+00,-2.239873312821
838,15994,5857177734.375000,-5.482189371364e+01,-5.482189371364e+01,-6.469862099574e+01,-4.641024353984e+01,-4.044488889836e+01,-5.993597961318e+01,1.000000000000e+00,-2.262167773346
839,15995,5857543945.312500,-5.482189371364e+01,-1.644656811409e+02,-8.358889062124e+01,-1.574095378357e+02,-3.922729505263e+01,-1.698011609826e+02,1.000000000000e+00,-2.284455499623
840,15996,5857910156.250000,-1.644656811409e+02,-1.644656811409e+02,-1.954078076867e+02,-1.382427079723e+02,-1.496919488836e+02,-1.705747563919e+02,1.000000000000e+00,-2.306736591405
841,15997,5858276367.187500,1.644656811409e+02,5.482189371364e+01,1.762536710580e+02,2.683204737692e+01,1.792756660672e+02,5.342137794282e+01,1.000000000000e+00,-2.329011148826
842,15998,5858642578.125000,3.837532559955e+02,1.644656811409e+02,4.171315477353e+02,9.941647047347e+01,3.981174795403e+02,1.664197715967e+02,1.000000000000e+00,-2.351279272396
843,15999,5859008789.062500,-5.482189371364e+01,-3.837532559955e+02,-1.224871419834e+02,-3.783137402055e+02,-3.543337199862e+01,-3.881700220047e+02,1.000000000000e+00,-2.373541062997
844,16000,5859375000.000000,5.482189371364e+01,-2.741094685682e+02,6.811176170895e+00,-2.867472760739e+02,7.310680525593e+01,-2.766474958492e+02,1.000000000000e+00,-2.395796621871
845,16001,5859741210.937500,1.644656811409e+02,5.482189371364e+01,1.760479533452e+02,2.582967285222e+01,1.794908848810e+02,5.480556503711e+01,1.000000000000e+00,-2.418046050621
846,16002,5860107421.875000,2.741094685682e+02,3.837532559955e+02,3.468275616143e+02,3.379609950033e+02,2.863358483761e+02,3.864683209203e+02,1.000000000000e+00,-2.440289451203
847,16003,5860473632.812500,-2.741094685682e+02,-3.837532559955e+02,-3.475171194116e+02,-3.379114149613e+02,-2.558572034587e+02,-3.899553081265e+02,1.000000000000e+00,-2.462526925916
848,16004,5860839843.750000,1.644656811409e+02,2.741094685682e+02,2.170122716948e+02,2.471063312029e+02,1.776277688659e+02,2.766590964592e+02,1.000000000000e+00,-2.484758577404
849,16005,5861206054.687500,-1.644656811409e+02,-1.644656811409e+02,-1.969524985216e+02,-1.358982444464e+02,-1.478773525431e+02,-1.680281710723e+02,1.000000000000e+00,-2.506984508645
850,16006,5861572265.625000,1.644656811409e+02,-3.837532559955e+02,9.459101268283e+01,-4.186631350371e+02,1.857474463773e+02,-3.838543918621e+02,1.000000000000e+00,-2.529204822948
851,16007,5861938476.562500,1.644656811409e+02,-2.741094685682e+02,1.145909368536e+02,-3.077390401188e+02,1.844356735845e+02,-2.730304165371e+02,1.000000000000e+00,-2.551419623948
852,16008,5862304687.500000,-3.837532559955e+02,-1.644656811409e+02,-4.187744616217e+02,-9.290619211050e+01,-3.676789160635e+02,-1.693542706368e+02,1.000000000000e+00,-2.573629015598
853,16009,5862670898.437500,-2.741094685682e+02,1.644656811409e+02,-2.448393368380e+02,2.190572710718e+02,-2.613532925716e+02,1.630977466401e+02,1.000000000000e+00,-2.595833102168
854,16010,5863037109.375000,5.482189371364e+01,3.837532559955e+02,1.306806457021e+02,3.764713588695e+02,6.722595512848e+01,3.874207661111e+02,1.000000000000e+00,-2.618031988239
855,16011,5863403320.312500,-1.644656811409e+02,3.837532559955e+02,-8.991935607189e+01,4.195963787893e+02,-1.531326714015e+02,3.855408161792e+02,1.000000000000e+00,-2.640225778695
856,16012,5863769531.250000,-1.644656811409e+02,-1.644656811409e+02,-1.986002605367e+02,-1.329846961118e+02,-1.475863624279e+02,-1.649385328408e+02,1.000000000000e+00,-2.662414578723
857,16013,5864135742.187500,-5.482189371364e+01,5.482189371364e+01,-4.421208909925e+01,6.625260791205e+01,-3.961382639910e+01,5.682234710813e+01,1.000000000000e+00,-2.684598493803
858,16014,5864501953.125000,5.482189371364e+01,1.644656811409e+02,8.850420402006e+01,1.544779002149e+02,6.936113524018e+01,1.683849754246e+02,1.000000000000e+00,-2.706777629708
859,16015,5864868164.062500,-5.482189371364e+01,-3.837532559955e+02,-1.334612409342e+02,-3.748992030042e+02,-3.496610002171e+01,-3.826326238381e+02,1.000000000000e+00,-2.728952092500
860,16016,5865234375.000000,3.837532559955e+02,5.482189371364e+01,3.974334967229e+02,-2.367909507103e+01,4.007429815877e+02,6.268866668814e+01,1.000000000000e+00,-2.751121988519
861,16017,5865600585.937500,2.741094685682e+02,-2.741094685682e+02,2.193495618213e+02,-3.327262301254e+02,2.946597436009e+02,-2.684998479053e+02,1.000000000000e+00,-2.773287424387
862,16018,5865966796.875000,5.482189371364e+01,5.482189371364e+01,6.665966334259e+01,4.383626426373e+01,7.047216158703e+01,6.002801920121e+01,1.000000000000e+00,-2.795448506997
863,16019,5866333007.812500,-1.644656811409e+02,-1.644656811409e+02,-2.001813487770e+02,-1.310384895020e+02,-1.475067395061e+02,-1.627347256735e+02,1.000000000000e+00,-2.817605343514
864,16020,5866699218.750000,-3.837532559955e+02,2.741094685682e+02,-3.278519304286e+02,3.572265305823e+02,-3.729108317345e+02,2.761543507416e+02,1.000000000000e+00,-2.839758041367
865,16021,5867065429.687500,1.644656811409e+02,1.644656811409e+02,2.005683239252e+02,1.300536870935e+02,1.793057711276e+02,1.723898744429e+02,1.000000000000e+00,-2.861906708248
866,16022,5867431640.625000,2.741094685682e+02,3.837532559955e+02,3.584254511753e+02,3.263704373983e+02,2.870713601141e+02,3.943398217164e+02,1.000000000000e+00,-2.884051452104
867,16023,5867797851.562500,-3.837532559955e+02,-5.482189371364e+01,-3.974981594939e+02,2.859784273813e+01,-3.693853561867e+02,-5.314810648238e+01,1.000000000000e+00,-2.906192381140
868,16024,5868164062.500000,5.482189371364e+01,-5.482189371364e+01,4.302412479186e+01,-6.713593389817e+01,7.134406721790e+01,-4.804674638906e+01,1.000000000000e+00,-2.928329603808
869,16025,5868530273.437500,-3.837532559955e+02,3.837532559955e+02,-3.005861260947e+02,4.708296350298e+02,-3.747896765474e+02,3.888335700731e+02,1.000000000000e+00,-2.950463228806
870,16026,5868896484.375000,1.644656811409e+02,3.837532559955e+02,2.512190593709e+02,3.490601253145e+02,1.768557750103e+02,3.954697560714e+02,1.000000000000e+00,-2.972593365077
871,16027,5869262695.312500,3.837532559955e+02,-2.741094685682e+02,3.237026733149e+02,-3.621102062721e+02,4.045901463281e+02,-2.643520100659e+02,1.000000000000e+00,-2.994720121803
872,16028,5869628906.250000,5.482189371364e+01,-1.644656811409e+02,1.751926499080e+01,-1.775961334876e+02,7.199963561514e+01,-1.569993107125e+02,1.000000000000e+00,-3.016843608399
873,16029,5869995117.187500,3.837532559955e+02,5.482189371364e+01,3.974424881261e+02,-3.340540374591e+01,4.005449828155e+02,6.708635122429e+01,1.000000000000e+00,-3.038963934515
874,16030,5870361328.125000,3.837532559955e+02,-2.741094685682e+02,3.213902878122e+02,-3.634462617384e+02,4.037404352217e+02,-2.629775368412e+02,1.000000000000e+00,-3.061081210030
875,16031,5870727539.062500,-5.482189371364e+01,-5.482189371364e+01,-6.764688453428e+01,-4.224239206566e+01,-3.974119940463e+01,-4.670938737049e+01,1.000000000000e+00,-3.083195545045
876,16032,5871093750.000000,-2.741094685682e+02,2.741094685682e+02,-2.108737817014e+02,3.383396726552e+02,-2.644149433721e+02,2.815849714888e+02,1.000000000000e+00,-3.105307049889
877,16033,5871459960.937500,2.741094685682e+02,-2.741094685682e+02,2.103097640876e+02,-3.384102135689e+02,2.933993149015e+02,-2.621122086673e+02,1.000000000000e+00,-3.127415835107
878,16034,5871826171.875000,-3.837532559955e+02,-2.741094685682e+02,-4.481250578194e+02,-1.839991455253e+02,-3.674369242654e+02,-2.703092518823e+02,1.000000000000e+00,3.133663295720
879,16035,5872192382.812500,-1.644656811409e+02,3.837532559955e+02,-7.317591212939e+01,4.225863636420e+02,-1.558852820312e+02,3.937770632756e+02,1.000000000000e+00,3.111559617258
880,16036,5872558593.750000,5.482189371364e+01,2.741094685682e+02,1.210641589012e+02,2.605522635183e+02,6.616644102753e+01,2.867697921521e+02,1.000000000000e+00,3.089458325501
881,16037,5872924804.687500,1.644656811409e+02,-1.644656811409e+02,1.237288261498e+02,-2.046948722291e+02,1.802638679181e+02,-1.529467533192e+02,1.000000000000e+00,3.067359309056
882,16038,5873291015.625000,1.644656811409e+02,5.482189371364e+01,1.778330601362e+02,1.396272845428e+01,1.784361190940e+02,6.789867705935e+01,1.000000000000e+00,3.045262456327
883,16039,5873657226.562500,5.482189371364e+01,-2.741094685682e+02,-1.353643697849e+01,-2.874801589338e+02,7.074249201563e+01,-2.636471626143e+02,1.000000000000e+00,3.023167655516
884,16040,5874023437.500000,2.741094685682e+02,-2.741094685682e+02,2.052665510113e+02,-3.425393850427e+02,2.915851938805e+02,-2.613926037307e+02,1.000000000000e+00,3.001074794625
885,16041,5874389648.437500,1.644656811409e+02,-5.482189371364e+01,1.505226912603e+02,-9.623083344728e+01,1.789432578087e+02,-4.123683360554e+01,1.000000000000e+00,2.978983761461
886,16042,5874755859.375000,-1.644656811409e+02,-3.837532559955e+02,-2.616841260644e+02,-3.417332145692e+02,-1.494907891218e+02,-3.756777711199e+02,1.000000000000e+00,2.956894443638
887,16043,5875122070.312500,1.644656811409e+02,3.837532559955e+02,2.622851527157e+02,3.413211834786e+02,1.741365520213e+02,4.014694494024e+02,1.000000000000e+00,2.934806728576
888,16044,5875488281.250000,-3.837532559955e+02,-5.482189371364e+01,-3.970464392783e+02,4.401115132075e+01,-3.741363426721e+02,-4.569385939575e+01,1.000000000000e+00,2.912720503509
889,16045,5875854492.187500,-3.837532559955e+02,-5.482189371364e+01,-3.967680095925e+02,4.477786237667e+01,-3.742360241028e+02,-4.531127236583e+01,1.000000000000e+00,2.890635655487
890,16046,5876220703.125000,1.644656811409e+02,-3.837532559955e+02,6.384797595684e+01,-4.249788309934e+02,1.807143125402e+02,-3.706429760972e+02,1.000000000000e+00,2.868552071372
891,16047,5876586914.062500,-5.482189371364e+01,-5.482189371364e+01,-6.885867739362e+01,-4.020352408924e+01,-4.344149700048e+01,-4.154771394077e+01,1.000000000000e+00,2.846469637848
892,16048,5876953125.000000,1.644656811409e+02,5.482189371364e+01,1.777865433306e+02,1.133166115386e+01,1.754052502789e+02,7.134895115179e+01,1.000000000000e+00,2.824388241420
893,16049,5877319335.937500,-5.482189371364e+01,5.482189371364e+01,-3.997675587922e+01,6.890982865435e+01,-4.520302233581e+01,6.912342581085e+01,1.000000000000e+00,2.802307768416
894,16050,5877685546.875000,5.482189371364e+01,5.482189371364e+01,6.898177979387e+01,3.986346481279e+01,6.462674873724e+01,7.064349420170e+01,1.000000000000e+00,2.780228104991
895,16051,5878051757.812500,5.482189371364e+01,5.482189371364e+01,6.905487570409e+01,3.974474498620e+01,6.430962016462e+01,7.089378010223e+01,1.000000000000e+00,2.758149137126
896,16052,5878417968.750000,5.482189371364e+01,5.482189371364e+01,6.913574267719e+01,3.959365041511e+01,6.400240008364e+01,7.110797723624e+01,1.000000000000e+00,2.736070750636
897,16053,5878784179.687500,5.482189371364e+01,2.741094685682e+02,1.287640696839e+02,2.567597655277e+02,6.127539511590e+01,2.915996225760e+02,1.000000000000e+00,2.713992831164
898,16054,5879150390.625000,5.482189371364e+01,3.837532559955e+02,1.593800817088e+02,3.652484070331e+02,5.986919820914e+01,4.021216724026e+02,1.000000000000e+00,2.691915264193
899,16055,5879516601.562500,-3.837532559955e+02,-3.837532559955e+02,-4.864562733530e+02,-2.745309051448e+02,-3.735563906897e+02,-3.740971021562e+02,1.000000000000e+00,2.669837935038
900,16056,5879882812.500000,2.741094685682e+02,2.741094685682e+02,3.482839937381e+02,1.956138530593e+02,2.815241924489e+02,2.952323626503e+02,1.000000000000e+00,2.647760728856
901,16057,5880249023.437500,1.644656811409e+02,2.741094685682e+02,2.400509734445e+02,2.257591594964e+02,1.708324005810e+02,2.943802763225e+02,1.000000000000e+00,2.625683530644
902,16058,5880615234.375000,-1.644656811409e+02,5.482189371364e+01,-1.475661864256e+02,1.008196724913e+02,-1.588013275459e+02,7.026493025923e+01,1.000000000000e+00,2.603606225243
903,16059,5880981445.312500,1.644656811409e+02,-3.837532559955e+02,5.379000782646e+01,-4.270486480066e+02,1.766640738941e+02,-3.683318197493e+02,1.000000000000e+00,2.581528697336
904,16060,5881347656.250000,-1.644656811409e+02,2.741094685682e+02,-8.426010802509e+01,3.182745068617e+02,-1.614555758806e+02,2.914231680156e+02,1.000000000000e+00,2.559450831456
905,16061,5881713867.187500,2.741094685682e+02,-1.644656811409e+02,2.234120783293e+02,-2.413916237926e+02,2.836851292752e+02,-1.457162321284e+02,1.000000000000e+00,2.537372511985
906,16062,5882080078.125000,1.644656811409e+02,5.482189371364e+01,1.781332394203e+02,6.442586182303e+00,1.708551051381e+02,7.392673236778e+01,1.000000000000e+00,2.515293623154
907,16063,5882446289.062500,-1.644656811409e+02,2.741094685682e+02,-8.232713438062e+01,3.182951776413e+02,-1.622607376322e+02,2.915195738408e+02,1.000000000000e+00,2.493214049048
908,16064,5882812500.000000,3.837532559955e+02,1.644656811409e+02,4.266470458130e+02,4.965310768190e+01,3.897044475568e+02,1.866077140456e+02,1.000000000000e+00,2.471133673607
909,16065,5883178710.937500,-2.741094685682e+02,1.644656811409e+02,-2.215417347882e+02,2.430505821229e+02,-2.722759578006e+02,1.806317388739e+02,1.000000000000e+00,2.449052380626
910,16066,5883544921.875000,1.644656811409e+02,-3.837532559955e+02,4.753575957458e+01,-4.267784044762e+02,1.730172650689e+02,-3.667350320543e+02,1.000000000000e+00,2.426970053760
911,16067,5883911132.812500,2.741094685682e+02,5.482189371364e+01,2.860166706235e+02,-2.849375916348e+01,2.792964949277e+02,7.499101523504e+01,1.000000000000e+00,2.404886576523
912,16068,5884277343.750000,-2.741094685682e+02,1.644656811409e+02,-2.196620063822e+02,2.445314906460e+02,-2.729980504664e+02,1.813598268016e+02,1.000000000000e+00,2.382801832293
913,16069,5884643554.687500,-1.644656811409e+02,1.644656811409e+02,-1.115970935827e+02,2.115739259353e+02,-1.632332345540e+02,1.822070082674e+02,1.000000000000e+00,2.360715704309
914,16070,5885009765.625000,3.837532559955e+02,-2.741094685682e+02,2.931864524737e+02,-3.864334276715e+02,3.910103267904e+02,-2.544790694839e+02,1.000000000000e+00,2.338628075679
915,16071,5885375976.562500,-1.644656811409e+02,-5.482189371364e+01,-1.782417816730e+02,-3.618812808812e+00,-1.622376025183e+02,-3.849643508454e+01,1.000000000000e+00,2.316538829376
916,16072,5885742187.500000,1.644656811409e+02,1.644656811409e+02,2.116712114743e+02,1.112764897637e+02,1.655925261592e+02,1.854816757995e+02,1.000000000000e+00,2.294447848244
917,16073,5886108398.437500,-1.644656811409e+02,-2.741094685682e+02,-2.452742689324e+02,-2.187915741221e+02,-1.600193008804e+02,-2.593185918146e+02,1.000000000000e+00,2.272355014997
918,16074,5886474609.375000,-2.741094685682e+02,-5.482189371364e+01,-2.859613857031e+02,3.062392410082e+01,-2.736158680431e+02,-4.022190158725e+01,1.000000000000e+00,2.250260212223
919,16075,5886840820.312500,-1.644656811409e+02,3.837532559955e+02,-4.235988212248e+01,4.277175540974e+02,-1.692082148389e+02,4.025716087184e+02,1.000000000000e+00,2.228163322383
920,16076,5887207031.250000,5.482189371364e+01,-1.644656811409e+02,2.446534964376e+00,-1.784773967907e+02,5.778211449385e+01,-1.464933747655e+02,1.000000000000e+00,2.206064227816
921,16077,5887573242.187500,-3.837532559955e+02,-2.741094685682e+02,-4.622338520800e+02,-1.483289805595e+02,-3.826147973490e+02,-2.621571624257e+02,1.000000000000e+00,2.183962810740
922,16078,5887939453.125000,3.837532559955e+02,2.741094685682e+02,4.623823213495e+02,1.475149890019e+02,3.825232588587e+02,2.989055640370e+02,1.000000000000e+00,2.161858953251
923,16079,5888305664.062500,-3.837532559955e+02,-2.741094685682e+02,-4.628625242022e+02,-1.466886638735e+02,-3.834906835408e+02,-2.622244627803e+02,1.000000000000e+00,2.139752537328
924,16080,5888671875.000000,-5.482189371364e+01,-2.741094685682e+02,-1.412605386453e+02,-2.509417678145e+02,-5.288105719438e+01,-2.583717422854e+02,1.000000000000e+00,2.117643444834
925,16081,5889038085.937500,-5.482189371364e+01,-3.837532559955e+02,-1.770797424676e+02,-3.581310496673e+02,-5.205334469079e+01,-3.689887352443e+02,1.000000000000e+00,2.095531557518
926,16082,5889404296.875000,-5.482189371364e+01,2.741094685682e+02,3.507054800471e+01,2.858041099521e+02,-6.009661520659e+01,2.936751770493e+02,1.000000000000e+00,2.073416757014
927,16083,5889770507.812500,5.482189371364e+01,-1.644656811409e+02,1.220167311464e-02,-1.784851648794e+02,5.484716886167e+01,-1.467194084674e+02,1.000000000000e+00,2.051298924848
928,16084,5890136718.750000,5.482189371364e+01,2.741094685682e+02,1.432655299789e+02,2.495736176653e+02,4.969611698867e+01,2.946087985154e+02,1.000000000000e+00,2.029177942436
929,16085,5890502929.687500,-5.482189371364e+01,-1.644656811409e+02,-1.076804089000e+02,-1.424589571720e+02,-5.635217268495e+01,-1.481319855962e+02,1.000000000000e+00,2.007053691086
930,16086,5890869140.625000,1.644656811409e+02,5.482189371364e+01,1.786827910198e+02,-9.871955027485e-01,1.618383390298e+02,7.500813328992e+01,1.000000000000e+00,1.984926052002
931,16087,5891235351.562500,1.644656811409e+02,1.644656811409e+02,2.152107836899e+02,1.055792052679e+02,1.603135648498e+02,1.853434733362e+02,1.000000000000e+00,1.962794906286
932,16088,5891601562.500000,2.741094685682e+02,1.644656811409e+02,3.221433589923e+02,6.830233036943e+01,2.703566789024e+02,1.862028014944e+02,1.000000000000e+00,1.940660134934
933,16089,5891967773.437500,-3.837532559955e+02,5.482189371364e+01,-3.548655386299e+02,1.827506911448e+02,-3.912585905915e+02,6.919446148988e+01,1.000000000000e+00,1.918521618849
934,16090,5892333984.375000,3.837532559955e+02,-1.644656811409e+02,3.174856023269e+02,-2.897277973197e+02,3.831144311291e+02,-1.440124871739e+02,1.000000000000e+00,1.896379238832
935,16091,5892700195.312500,2.741094685682e+02,-5.482189371364e+01,2.477672509624e+02,-1.462646358094e+02,2.712608588970e+02,-3.470824433175e+01,1.000000000000e+00,1.874232875589
936,16092,5893066406.250000,2.741094685682e+02,-1.644656811409e+02,2.101745714138e+02,-2.530622016674e+02,2.721005938100e+02,-1.450468639038e+02,1.000000000000e+00,1.852082409736
937,16093,5893432617.187500,3.837532559955e+02,3.837532559955e+02,5.040139044718e+02,2.404173654350e+02,3.763281741349e+02,4.070412392496e+02,1.000000000000e+00,1.829927721792
938,16094,5893798828.125000,-1.644656811409e+02,5.482189371364e+01,-1.403432308567e+02,1.100684892206e+02,-1.721242151562e+02,7.074817773125e+01,1.000000000000e+00,1.807768692193
939,16095,5894165039.062500,2.741094685682e+02,-5.482189371364e+01,2.462426336304e+02,-1.485791308902e+02,2.695837938407e+02,-3.600563545340e+01,1.000000000000e+00,1.785605201284
940,16096,5894531250.000000,-5.482189371364e+01,2.741094685682e+02,4.277735894080e+01,2.844488728693e+02,-6.448583416247e+01,2.919833587329e+02,1.000000000000e+00,1.763437129326
941,16097,5894897460.937500,5.482189371364e+01,-3.837532559955e+02,-8.157646970081e+01,-3.905383587370e+02,5.150882353137e+01,-3.690725670105e+02,1.000000000000e+00,1.741264356496
942,16098,5895263671.875000,5.482189371364e+01,-5.482189371364e+01,3.369927824299e+01,-7.232626621472e+01,4.809414208072e+01,-3.827943499901e+01,1.000000000000e+00,1.719086762894
943,16099,5895629882.812500,-2.741094685682e+02,-2.741094685682e+02,-3.618829643465e+02,-1.678611372103e+02,-2.810660317799e+02,-2.622240352055e+02,1.000000000000e+00,1.696904228537
944,16100,5895996093.750000,3.837532559955e+02,5.482189371364e+01,3.900421423923e+02,-8.349968735902e+01,3.772762279970e+02,7.478832059762e+01,1.000000000000e+00,1.674716633371
945,16101,5896362304.687500,2.741094685682e+02,-2.741094685682e+02,1.667804976276e+02,-3.624667620711e+02,2.699820645645e+02,-2.573390512012e+02,1.000000000000e+00,1.652523857264
946,16102,5896728515.625000,2.741094685682e+02,2.741094685682e+02,3.628004171739e+02,1.663369450310e+02,2.642260763682e+02,2.942702502542e+02,1.000000000000e+00,1.630325780016
947,16103,5897094726.562500,-3.837532559955e+02,-2.741094685682e+02,-4.690118090374e+02,-1.263269720634e+02,-3.927522223096e+02,-2.646266964203e+02,1.000000000000e+00,1.608122281357
948,16104,5897460937.500000,3.837532559955e+02,-1.644656811409e+02,3.105631342307e+02,-2.978184200816e+02,3.787577672466e+02,-1.469090792662e+02,1.000000000000e+00,1.585913240950
949,16105,5897827148.437500,2.741094685682e+02,-1.644656811409e+02,2.042921872810e+02,-2.587105624893e+02,2.680452378173e+02,-1.484941594484e+02,1.000000000000e+00,1.563698538396
950,16106,5898193359.375000,5.482189371364e+01,2.741094685682e+02,1.532591739626e+02,2.440786465523e+02,4.268386569393e+01,2.914457359952e+02,1.000000000000e+00,1.541478053234
951,16107,5898559570.312500,1.644656811409e+02,2.741094685682e+02,2.587478812991e+02,2.036277605600e+02,1.523958873744e+02,2.921687746624e+02,1.000000000000e+00,1.519251664944
952,16108,5898925781.250000,5.482189371364e+01,1.644656811409e+02,1.129672172040e+02,1.380747055335e+02,4.260030726014e+01,1.802670247827e+02,1.000000000000e+00,1.497019252952
953,16109,5899291992.187500,2.741094685682e+02,-1.644656811409e+02,2.029178555101e+02,-2.588369849801e+02,2.668243641681e+02,-1.482266559037e+02,1.000000000000e+00,1.474780696630
954,16110,5899658203.125000,3.837532559955e+02,2.741094685682e+02,4.697906064479e+02,1.214228155851e+02,3.716428844895e+02,2.939091104863e+02,1.000000000000e+00,1.452535875300
955,16111,5900024414.062500,5.482189371364e+01,-5.482189371364e+01,3.225407663509e+01,-7.296317793292e+01,4.441319205508e+01,-4.112350468512e+01,1.000000000000e+00,1.430284668236
956,16112,5900390625.000000,-3.837532559955e+02,3.837532559955e+02,-2.247867108804e+02,5.113207241848e+02,-4.020395354162e+02,3.949206691867e+02,1.000000000000e+00,1.408026954669
957,16113,5900756835.937500,3.837532559955e+02,-5.482189371364e+01,3.472665796540e+02,-1.966012767141e+02,3.749486473372e+02,-3.817639254676e+01,1.000000000000e+00,1.385762613790
958,16114,5901123046.875000,1.644656811409e+02,-3.837532559955e+02,1.287933405670e+01,-4.296843830167e+02,1.576038183527e+02,-3.719409052322e+02,1.000000000000e+00,1.363491524749
959,16115,5901489257.812500,2.741094685682e+02,5.482189371364e+01,2.832734975285e+02,-5.110145187234e+01,2.630098162825e+02,7.061069758806e+01,1.000000000000e+00,1.341213566663
960,16116,5901855468.750000,1.644656811409e+02,3.837532559955e+02,3.029054750364e+02,3.051484700409e+02,1.484100998400e+02,4.003401053992e+02,1.000000000000e+00,1.318928618617
961,16117,5902221679.687500,-2.741094685682e+02,-5.482189371364e+01,-2.830186589761e+02,5.178687504765e+01,-2.878652955388e+02,-4.679118292687e+01,1.000000000000e+00,1.296636559669
962,16118,5902587890.625000,-3.837532559955e+02,-1.644656811409e+02,-4.291847506910e+02,-1.054431490457e+01,-3.967447041645e+02,-1.584432532725e+02,1.000000000000e+00,1.274337268848
963,16119,5902954101.562500,2.741094685682e+02,-1.644656811409e+02,1.982347892430e+02,-2.617994851280e+02,2.640548786776e+02,-1.509219300003e+02,1.000000000000e+00,1.252030625167
964,16120,5903320312.500000,3.837532559955e+02,2.741094685682e+02,4.711521672047e+02,1.134346561911e+02,3.691320029120e+02,2.905285703365e+02,1.000000000000e+00,1.229716507617
965,16121,5903686523.437500,1.644656811409e+02,-1.644656811409e+02,9.306594178799e+01,-2.202779138388e+02,1.536876400348e+02,-1.529463362083e+02,1.000000000000e+00,1.207394795177
966,16122,5904052734.375000,-2.741094685682e+02,-3.837532559955e+02,-4.101718124339e+02,-2.589969246203e+02,-2.850138290910e+02,-3.787424707948e+02,1.000000000000e+00,1.185065366815
967,16123,5904418945.312500,-2.741094685682e+02,2.741094685682e+02,-1.539873414935e+02,3.680035189140e+02,-2.925480835309e+02,2.826791526436e+02,1.000000000000e+00,1.162728101492
968,16124,5904785156.250000,1.644656811409e+02,5.482189371364e+01,1.780549025766e+02,-1.232506070699e+01,1.510070271035e+02,6.653040971562e+01,1.000000000000e+00,1.140382878165
969,16125,5905151367.187500,-2.741094685682e+02,3.837532559955e+02,-1.097803671056e+02,4.728499119663e+02,-2.941311852920e+02,3.924376871681e+02,1.000000000000e+00,1.118029575796
970,16126,5905517578.125000,-5.482189371364e+01,-2.741094685682e+02,-1.599277111874e+02,-2.388201255048e+02,-6.604335808606e+01,-2.672195967743e+02,1.000000000000e+00,1.095668073349
971,16127,5905883789.062500,1.644656811409e+02,-3.837532559955e+02,5.002346573222e+00,-4.287911648665e+02,1.557557908188e+02,-3.745399984605e+02,1.000000000000e+00,1.073298249798
972,16128,5906250000.000000,-1.644656811409e+02,-3.837532559955e+02,-3.073185107333e+02,-2.992410993552e+02,-1.743226292203e+02,-3.793649924842e+02,1.000000000000e+00,1.050919984132
973,16129,5906616210.937500,2.741094685682e+02,-1.644656811409e+02,1.952347955728e+02,-2.644568646333e+02,2.634088954886e+02,-1.532626904923e+02,1.000000000000e+00,1.028533155357
974,16130,5906982421.875000,-3.837532559955e+02,-1.644656811409e+02,-4.297064625550e+02,-4.226434274792e+00,-3.982134547767e+02,-1.637931678854e+02,1.000000000000e+00,1.006137642504
975,16131,5907348632.812500,-3.837532559955e+02,2.741094685682e+02,-2.552109146453e+02,4.129053975469e+02,-4.050904278821e+02,2.773263611318e+02,1.000000000000e+00,0.983733324628
976,16132,5907714843.750000,-3.837532559955e+02,3.837532559955e+02,-2.105748462146e+02,5.173908879392e+02,-4.066739473019e+02,3.875068850660e+02,1.000000000000e+00,0.961320080818
977,16133,5908081054.687500,1.644656811409e+02,-3.837532559955e+02,1.828091456985e+00,-4.297543040299e+02,1.561420332527e+02,-3.770176149694e+02,1.000000000000e+00,0.938897790200
978,16134,5908447265.625000,-5.482189371364e+01,-2.741094685682e+02,-1.623108508729e+02,-2.376794360014e+02,-6.609942609410e+01,-2.702849260213e+02,1.000000000000e+00,0.916466331941
979,16135,5908813476.562500,-2.741094685682e+02,-1.644656811409e+02,-3.261040108632e+02,-4.513635769908e+01,-2.885244655533e+02,-1.636461385079e+02,1.000000000000e+00,0.894025585256
980,16136,5909179687.500000,2.741094685682e+02,-5.482189371364e+01,2.373293077011e+02,-1.629095469823e+02,2.616649983181e+02,-4.517973522042e+01,1.000000000000e+00,0.871575429411
981,16137,5909545898.437500,2.741094685682e+02,-2.741094685682e+02,1.479229917831e+02,-3.705791113240e+02,2.648634752827e+02,-2.661274387120e+02,1.000000000000e+00,0.849115743728
982,16138,5909912109.375000,3.837532559955e+02,5.482189371364e+01,3.848908015572e+02,-1.045184726398e+02,3.699172897438e+02,6.618384737610e+01,1.000000000000e+00,0.826646407595
983,16139,5910278320.312500,-5.482189371364e+01,5.482189371364e+01,-2.931517330302e+01,7.415817548124e+01,-7.117353807779e+01,5.914598985247e+01,1.000000000000e+00,0.804167300465
984,16140,5910644531.250000,2.741094685682e+02,-1.644656811409e+02,1.908290307433e+02,-2.676388941027e+02,2.626247427541e+02,-1.568943879818e+02,1.000000000000e+00,0.781678301866
985,16141,5911010742.187500,1.644656811409e+02,-2.741094685682e+02,4.176880043478e+01,-3.259651203733e+02,1.537500966631e+02,-2.690267374214e+02,1.000000000000e+00,0.759179291407
986,16142,5911376953.125000,2.741094685682e+02,1.644656811409e+02,3.261946312822e+02,4.142021331455e+01,2.580637073647e+02,1.730926930112e+02,1.000000000000e+00,0.736670148780
987,16143,5911743164.062500,-3.837532559955e+02,5.482189371364e+01,-3.386297878659e+02,2.109630083613e+02,-4.021692024508e+02,5.332553365563e+01,1.000000000000e+00,0.714150753771
988,16144,5912109375.000000,3.837532559955e+02,2.741094685682e+02,4.754551070256e+02,9.831006928936e+01,3.669833072339e+02,2.846913746250e+02,1.000000000000e+00,0.691620986261
989,16145,5912475585.937500,2.741094685682e+02,2.741094685682e+02,3.722513590249e+02,1.435485581875e+02,2.564644005570e+02,2.828216511248e+02,1.000000000000e+00,0.669080726239
990,16146,5912841796.875000,1.644656811409e+02,-5.482189371364e+01,1.317109218815e+02,-1.202861920199e+02,1.509976165137e+02,-4.997173226647e+01,1.000000000000e+00,0.646529853800
991,16147,5913208007.812500,-1.644656811409e+02,1.644656811409e+02,-8.549186896639e+01,2.235138948267e+02,-1.830706660986e+02,1.653808446529e+02,1.000000000000e+00,0.623968249158
992,16148,5913574218.750000,-2.741094685682e+02,-5.482189371364e+01,-2.804146341067e+02,6.417399375130e+01,-2.901992334269e+02,-5.683357077971e+01,1.000000000000e+00,0.601395792653
993,16149,5913940429.687500,1.644656811409e+02,-1.644656811409e+02,8.449547895187e+01,-2.239889784509e+02,1.524272776798e+02,-1.615958964591e+02,1.000000000000e+00,0.578812364752
994,16150,5914306640.625000,1.644656811409e+02,1.644656811409e+02,2.238754484780e+02,8.434507771911e+01,1.480187935822e+02,1.691203643034e+02,1.000000000000e+00,0.556217846062
995,16151,5914672851.562500,-2.741094685682e+02,-3.837532559955e+02,-4.193004253233e+02,-2.430894418636e+02,-2.847473492216e+02,-3.884070769562e+02,1.000000000000e+00,0.533612117335
996,16152,5915039062.500000,2.741094685682e+02,-2.741094685682e+02,1.402492246617e+02,-3.725769690448e+02,2.645395920431e+02,-2.698862389631e+02,1.000000000000e+00,0.510995059473
997,16153,5915405273.437500,-5.482189371364e+01,5.482189371364e+01,-2.792786588834e+01,7.456021456416e+01,-7.082983282601e+01,5.483564617660e+01,1.000000000000e+00,0.488366553541
998,16154,5915771484.375000,2.741094685682e+02,-1.644656811409e+02,1.858281200172e+02,-2.706135613112e+02,2.628017138084e+02,-1.605710580760e+02,1.000000000000e+00,0.465726480769
999,16155,5916137695.312500,-3.837532559955e+02,3.837532559955e+02,-1.941085132520e+02,5.226286619168e+02,-4.060389073153e+02,3.796148652208e+02,1.000000000000e+00,0.443074722562
1000,16156,5916503906.250000,2.741094685682e+02,-5.482189371364e+01,2.326654049763e+02,-1.687518950265e+02,2.616836628771e+02,-5.082389659403e+01,1.000000000000e+00,0.420411160511
1001,16157,5916870117.187500,5.482189371364e+01,2.741094685682e+02,1.689798072654e+02,2.328188965939e+02,3.582654505352e+01,2.762657568631e+02,1.000000000000e+00,0.397735676394
1002,16158,5917236328.125000,2.741094685682e+02,1.644656811409e+02,3.269884548669e+02,3.586019305349e+01,2.583013447527e+02,1.695709720215e+02,1.000000000000e+00,0.375048152193
1003,16159,5917602539.062500,3.837532559955e+02,5.482189371364e+01,3.819895411496e+02,-1.141050547763e+02,3.703719998205e+02,6.099439442171e+01,1.000000000000e+00,0.352348470095
1004,16160,5917968750.000000,3.837532559955e+02,2.741094685682e+02,4.762480050922e+02,9.015704619557e+01,3.662854197455e+02,2.811011676629e+02,1.000000000000e+00,0.329636512504
1005,16161,5918334960.937500,5.482189371364e+01,1.644656811409e+02,1.221767021037e+02,1.297285134548e+02,3.778294698816e+01,1.648375020424e+02,1.000000000000e+00,0.306912162051
1006,16162,5918701171.875000,3.837532559955e+02,2.741094685682e+02,4.764892696408e+02,8.970958818792e+01,3.662448901722e+02,2.812102106544e+02,1.000000000000e+00,0.284175301601
1007,16163,5919067382.812500,2.741094685682e+02,3.837532559955e+02,4.218399425815e+02,2.391637990688e+02,2.538781166837e+02,3.892346625691e+02,1.000000000000e+00,0.261425814261
1008,16164,5919433593.750000,1.644656811409e+02,1.644656811409e+02,2.246748817659e+02,8.184556902344e+01,1.481398433954e+02,1.663650542179e+02,1.000000000000e+00,0.238663583392
1009,16165,5919799804.687500,1.644656811409e+02,1.644656811409e+02,2.247382942818e+02,8.154440002420e+01,1.482586994349e+02,1.660825061850e+02,1.000000000000e+00,0.215888492620
1010,16166,5920166015.625000,-3.837532559955e+02,3.837532559955e+02,-1.898204846450e+02,5.245469266251e+02,-4.068176492512e+02,3.753680621216e+02,1.000000000000e+00,0.193100425839
1011,16167,5920532226.562500,5.482189371364e+01,5.482189371364e+01,7.495956292750e+01,2.709653132002e+01,4.044786284665e+01,5.339947921275e+01,1.000000000000e+00,0.170299267229
1012,16168,5920898437.500000,-3.837532559955e+02,-3.837532559955e+02,-5.248869927516e+02,-1.895308858793e+02,-3.909192085219e+02,-3.969192475723e+02,1.000000000000e+00,0.147484901258
1013,16169,5921264648.437500,2.741094685682e+02,-2.741094685682e+02,1.346088192487e+02,-3.752204323229e+02,2.678467826638e+02,-2.732051597753e+02,1.000000000000e+00,0.124657212701
1014,16170,5921630859.375000,-2.741094685682e+02,-2.741094685682e+02,-3.755881549332e+02,-1.335816449519e+02,-2.835454750958e+02,-2.840800332215e+02,1.000000000000e+00,0.101816086642
1015,16171,5921997070.312500,-5.482189371364e+01,1.644656811409e+02,2.216922945181e+01,1.768919416031e+02,-7.085321552450e+01,1.607649089724e+02,1.000000000000e+00,0.078961408492
1016,16172,5922363281.250000,3.837532559955e+02,-5.482189371364e+01,3.316473288552e+02,-2.208051075756e+02,3.737680801602e+02,-5.166767365458e+01,1.000000000000e+00,0.056093063995
1017,16173,5922729492.187500,-1.644656811409e+02,-1.644656811409e+02,-2.251836908826e+02,-7.987571115575e+01,-1.743849852231e+02,-1.725854405505e+02,1.000000000000e+00,0.033210939239
1018,16174,5923095703.125000,-1.644656811409e+02,-5.482189371364e+01,-1.767529677550e+02,2.177378975952e+01,-1.764494520265e+02,-6.286976599692e+01,1.000000000000e+00,0.010314920673
1019,16175,5923461914.062500,1.644656811409e+02,3.837532559955e+02,3.230273608454e+02,2.831248570276e+02,1.449071540432e+02,3.850216480691e+02,1.000000000000e+00,-0.012595104891
1020,16176,5923828125.000000,2.741094685682e+02,-3.837532559955e+02,8.320855736018e+01,-4.787385659616e+02,2.716249033975e+02,-3.854979873419e+02,1.000000000000e+00,-0.035519250257
1021,16177,5924194335.937500,2.741094685682e+02,5.482189371364e+01,2.790236089966e+02,-7.176627706374e+01,2.629853572815e+02,5.606427187994e+01,1.000000000000e+00,-0.058457627839
1022,16178,5924560546.875000,-1.644656811409e+02,5.482189371364e+01,-1.280380973440e+02,1.244153503263e+02,-1.786001239440e+02,4.686633337580e+01,1.000000000000e+00,-0.081410349646
1023,16179,5924926757.812500,1.644656811409e+02,-5.482189371364e+01,1.279146781936e+02,-1.243338728175e+02,1.548694397197e+02,-5.657988844200e+01,1.000000000000e+00,-0.104377527271
1024,16180,5925292968.750000,5.482189371364e+01,-3.837532559955e+02,-1.210057781554e+02,-3.800147831709e+02,5.197575513346e+01,-3.898677018804e+02,1.000000000000e+00,-0.127359271881
1025,16181,5925659179.687500,2.741094685682e+02,3.837532559955e+02,4.258970338671e+02,2.324033005970e+02,2.557898558425e+02,3.866196610059e+02,1.000000000000e+00,-0.150355694197
1026,16182,5926025390.625000,-2.741094685682e+02,5.482189371364e+01,-2.290733478582e+02,1.738861641188e+02,-2.881078918052e+02,4.364613015845e+01,1.000000000000e+00,-0.173366904489
1027,16183,5926391601.562500,2.741094685682e+02,-3.837532559955e+02,8.083437431308e+01,-4.785345548653e+02,2.730284387764e+02,-3.855970011201e+02,1.000000000000e+00,-0.196393012558
1028,16184,5926757812.500000,-1.644656811409e+02,-3.837532559955e+02,-3.253627168807e+02,-2.807818835851e+02,-1.680634487953e+02,-3.953940428520e+02,1.000000000000e+00,-0.219434127724
1029,16185,5927124023.437500,1.644656811409e+02,5.482189371364e+01,1.768697072355e+02,-2.363116218256e+01,1.535072138469e+02,5.292624297727e+01,1.000000000000e+00,-0.242490358814
1030,16186,5927490234.375000,5.482189371364e+01,3.837532559955e+02,2.239633583409e+02,3.299041848149e+02,3.577881712043e+01,3.811248491224e+02,1.000000000000e+00,-0.265561814146
1031,16187,5927856445.312500,5.482189371364e+01,5.482189371364e+01,7.537116979354e+01,2.589665169414e+01,4.335633379635e+01,5.031406964954e+01,1.000000000000e+00,-0.288648601514
1032,16188,5928222656.250000,-3.837532559955e+02,5.482189371364e+01,-3.293109055215e+02,2.241312317696e+02,-3.969723390411e+02,3.999253503841e+01,1.000000000000e+00,-0.311750828178
1033,16189,5928588867.187500,3.837532559955e+02,1.644656811409e+02,4.283809871641e+02,-2.268037944298e+01,3.717098950905e+02,1.672924608898e+02,1.000000000000e+00,-0.334868600847
1034,16190,5928955078.125000,2.741094685682e+02,-2.741094685682e+02,1.273607201936e+02,-3.773363464458e+02,2.709588083555e+02,-2.760049021828e+02,1.000000000000e+00,-0.358002025661
1035,16191,5929321289.062500,-2.741094685682e+02,5.482189371364e+01,-2.275478855780e+02,1.753017804896e+02,-2.862928306937e+02,4.253016787928e+01,1.000000000000e+00,-0.381151208182
1036,16192,5929687500.000000,-5.482189371364e+01,-3.837532559955e+02,-2.248660886193e+02,-3.289194022140e+02,-5.541153781500e+01,-3.933931945044e+02,1.000000000000e+00,-0.404316253377
1037,16193,5930053710.937500,-5.482189371364e+01,-2.741094685682e+02,-1.749234518309e+02,-2.280281978976e+02,-5.748815897877e+01,-2.834750358961e+02,1.000000000000e+00,-0.427497265600
1038,16194,5930419921.875000,5.482189371364e+01,-5.482189371364e+01,2.557880722188e+01,-7.551806813931e+01,4.717087706634e+01,-6.047300290860e+01,1.000000000000e+00,-0.450694348578
1039,16195,5930786132.812500,-5.482189371364e+01,-1.644656811409e+02,-1.257285568173e+02,-1.264814193888e+02,-6.039605819140e+01,-1.734365224185e+02,1.000000000000e+00,-0.473907605396
1040,16196,5931152343.750000,-2.741094685682e+02,-1.644656811409e+02,-3.277627060101e+02,-2.574576316006e+01,-2.807876539887e+02,-1.784044942369e+02,1.000000000000e+00,-0.497137138481
1041,16197,5931518554.687500,5.482189371364e+01,2.741094685682e+02,1.761355366835e+02,2.268913288458e+02,4.006656210570e+01,2.696151656315e+02,1.000000000000e+00,-0.520383049584
1042,16198,5931884765.625000,5.482189371364e+01,-2.741094685682e+02,-7.544270890292e+01,-2.768706328682e+02,5.253857070008e+01,-2.807929501501e+02,1.000000000000e+00,-0.543645439764
1043,16199,5932250976.562500,5.482189371364e+01,5.482189371364e+01,7.554295718112e+01,2.517160430010e+01,4.529685313802e+01,4.924132411601e+01,1.000000000000e+00,-0.566924409374
1044,16200,5932617187.500000,-5.482189371364e+01,1.644656811409e+02,2.525830796175e+01,1.764468946710e+02,-6.725113049933e+01,1.569089587747e+02,1.000000000000e+00,-0.590220058038
1045,16201,5932983398.437500,-1.644656811409e+02,-2.741094685682e+02,-2.776711439341e+02,-1.765198398906e+02,-1.671436502983e+02,-2.868096604076e+02,1.000000000000e+00,-0.613532484641
1046,16202,5933349609.375000,3.837532559955e+02,-5.482189371364e+01,3.275982092615e+02,-2.272629767073e+02,3.790572114419e+02,-5.318759669734e+01,1.000000000000e+00,-0.636861787305
1047,16203,5933715820.312500,2.741094685682e+02,2.741094685682e+02,3.781176576053e+02,1.254226375116e+02,2.609323858355e+02,2.746133861630e+02,1.000000000000e+00,-0.660208063377
1048,16204,5934082031.250000,2.741094685682e+02,5.482189371364e+01,2.768265703590e+02,-7.600081790770e+01,2.660787643165e+02,5.435271490825e+01,1.000000000000e+00,-0.683571409406
1049,16205,5934448242.187500,5.482189371364e+01,2.741094685682e+02,1.764013814984e+02,2.263784674762e+02,4.046570592121e+01,2.691334487453e+02,1.000000000000e+00,-0.706951921128
1050,16206,5934814453.125000,1.644656811409e+02,-1.644656811409e+02,7.546477064665e+01,-2.264862544273e+02,1.619148755217e+02,-1.679363025193e+02,1.000000000000e+00,-0.730349693446
1051,16207,5935180664.062500,1.644656811409e+02,-5.482189371364e+01,1.257832965109e+02,-1.258826610959e+02,1.591596188274e+02,-5.794870667024e+01,1.000000000000e+00,-0.753764820415
1052,16208,5935546875.000000,-5.482189371364e+01,-5.482189371364e+01,-7.557980562753e+01,-2.504612290007e+01,-6.077274818176e+01,-6.384417668023e+01,1.000000000000e+00,-0.777197395216
1053,16209,5935913085.937500,1.644656811409e+02,-5.482189371364e+01,1.255604324053e+02,-1.263442668702e+02,1.594990344130e+02,-5.834648393208e+01,1.000000000000e+00,-0.800647510145
1054,16210,5936279296.875000,-2.741094685682e+02,-3.837532559955e+02,-4.292114015956e+02,-2.254841348810e+02,-2.725632122522e+02,-4.000108934359e+02,1.000000000000e+00,-0.824115256588
1055,16211,5936645507.812500,5.482189371364e+01,-3.837532559955e+02,-1.271834367236e+02,-3.779552634093e+02,5.840440941860e+01,-3.918476822287e+02,1.000000000000e+00,-0.847600725002
1056,16212,5937011718.750000,-1.644656811409e+02,-2.741094685682e+02,-2.780447663673e+02,-1.759462897232e+02,-1.647136242159e+02,-2.876513913405e+02,1.000000000000e+00,-0.871104004900
1057,16213,5937377929.687500,5.482189371364e+01,3.837532559955e+02,2.280107709155e+02,3.273239381160e+02,3.826872498296e+01,3.799436076412e+02,1.000000000000e+00,-0.894625184825
1058,16214,5937744140.625000,3.837532559955e+02,1.644656811409e+02,4.287005971011e+02,-2.661053055988e+01,3.750117373842e+02,1.682152200889e+02,1.000000000000e+00,-0.918164352332
1059,16215,5938110351.562500,1.644656811409e+02,2.741094685682e+02,2.779633454060e+02,1.756190946632e+02,1.515671856488e+02,2.725295501140e+02,1.000000000000e+00,-0.941721593970
1060,16216,5938476562.500000,-3.837532559955e+02,-5.482189371364e+01,-3.779183793470e+02,1.270180304439e+02,-3.903313495033e+02,-7.349968364900e+01,1.000000000000e+00,-0.965296995258
1061,16217,5938842773.437500,3.837532559955e+02,-2.741094685682e+02,2.261840975938e+02,-4.290237370777e+02,3.877022905626e+02,-2.717025582427e+02,1.000000000000e+00,-0.988890640665
1062,16218,5939208984.375000,3.837532559955e+02,-3.837532559955e+02,1.759792935886e+02,-5.295769431545e+02,3.913893722919e+02,-3.814188391806e+02,1.000000000000e+00,-1.012502613591
1063,16219,5939575195.312500,-5.482189371364e+01,-3.837532559955e+02,-2.268834599176e+02,-3.276440315483e+02,-4.877747448793e+01,-3.947795656185e+02,1.000000000000e+00,-1.036132996341
1064,16220,5939941406.250000,-3.837532559955e+02,3.837532559955e+02,-1.767788554216e+02,5.290837305471e+02,-4.037073059700e+02,3.653832466123e+02,1.000000000000e+00,-1.059781870109
1065,16221,5940307617.187500,-2.741094685682e+02,-2.741094685682e+02,-3.777949280454e+02,-1.260417579899e+02,-2.719192926102e+02,-2.915967715486e+02,1.000000000000e+00,-1.083449314953
1066,16222,5940673828.125000,5.482189371364e+01,-3.837532559955e+02,-1.260376816281e+02,-3.775755173433e+02,6.174250832852e+01,-3.908291737220e+02,1.000000000000e+00,-1.107135409774
1067,16223,5941040039.062500,-5.482189371364e+01,1.644656811409e+02,2.536172221718e+01,1.761158702907e+02,-6.558097972614e+01,1.557181053130e+02,1.000000000000e+00,-1.130840232293
1068,16224,5941406250.000000,-1.644656811409e+02,3.837532559955e+02,2.597575625469e+01,4.277274853177e+02,-1.821171343165e+02,3.723177566522e+02,1.000000000000e+00,-1.154563859029
1069,16225,5941772460.937500,1.644656811409e+02,-3.837532559955e+02,-2.630653607909e+01,-4.277043303114e+02,1.713011092256e+02,-3.874369470223e+02,1.000000000000e+00,-1.178306365279
1070,16226,5942138671.875000,2.741094685682e+02,3.837532559955e+02,4.285180344096e+02,2.251973528268e+02,2.583101322513e+02,3.856710207073e+02,1.000000000000e+00,-1.202067825090
1071,16227,5942504882.812500,-3.837532559955e+02,-3.837532559955e+02,-5.291746196952e+02,-1.747824686570e+02,-3.784976533345e+02,-4.042522222087e+02,1.000000000000e+00,-1.225848311242
1072,16228,5942871093.750000,2.741094685682e+02,3.837532559955e+02,4.287005853982e+02,2.256225949424e+02,2.583524098539e+02,3.861894531764e+02,1.000000000000e+00,-1.249647895221
1073,16229,5943237304.687500,-2.741094685682e+02,2.741094685682e+02,-1.246667667819e+02,3.781181447708e+02,-2.882656642564e+02,2.594020583854e+02,1.000000000000e+00,-1.273466647195
1074,16230,5943603515.625000,1.644656811409e+02,-1.644656811409e+02,7.443506913949e+01,-2.268679861426e+02,1.648768881290e+02,-1.677628071014e+02,1.000000000000e+00,-1.297304635995
1075,16231,5943969726.562500,-3.837532559955e+02,3.837532559955e+02,-1.728305783230e+02,5.293505410959e+02,-4.000233743950e+02,3.669091721834e+02,1.000000000000e+00,-1.321161929088
1076,16232,5944335937.500000,2.741094685682e+02,-5.482189371364e+01,2.255955511181e+02,-1.772023536844e+02,2.717919214455e+02,-5.459846047095e+01,1.000000000000e+00,-1.345038592554
1077,16233,5944702148.437500,-2.741094685682e+02,-5.482189371364e+01,-2.765842559566e+02,7.636873845288e+01,-2.779126616847e+02,-7.074759248043e+01,1.000000000000e+00,-1.368934691061
1078,16234,5945068359.375000,2.741094685682e+02,1.644656811409e+02,3.272609426028e+02,2.458021657699e+01,2.652486772805e+02,1.662101346683e+02,1.000000000000e+00,-1.392850287843
1079,16235,5945434570.312500,2.741094685682e+02,-5.482189371364e+01,2.262350466561e+02,-1.765872324997e+02,2.722530564864e+02,-5.377192147646e+01,1.000000000000e+00,-1.416785444675
1080,16236,5945800781.250000,3.837532559955e+02,5.482189371364e+01,3.773659099116e+02,-1.264780499619e+02,3.788521308500e+02,5.971363517481e+01,1.000000000000e+00,-1.440740221847
1081,16237,5946166992.187500,-5.482189371364e+01,3.837532559955e+02,1.261964735301e+02,3.774838264311e+02,-7.178768199158e+01,3.758084817855e+02,1.000000000000e+00,-1.464714678142
1082,16238,5946533203.125000,-1.644656811409e+02,2.741094685682e+02,-2.540562576169e+01,3.272628444114e+02,-1.786050883190e+02,2.620226164405e+02,1.000000000000e+00,-1.488708870809
1083,16239,5946899414.062500,-3.837532559955e+02,-1.644656811409e+02,-4.280807325348e+02,2.419974313890e+01,-3.834989000154e+02,-1.860241541654e+02,1.000000000000e+00,-1.512722855541
1084,16240,5947265625.000000,-1.644656811409e+02,-5.482189371364e+01,-1.762944554400e+02,2.471383398012e+01,-1.672575550088e+02,-6.828437726696e+01,1.000000000000e+00,-1.536756686446
1085,16241,5947631835.937500,2.741094685682e+02,2.741094685682e+02,3.772584121189e+02,1.267940521827e+02,2.611737804678e+02,2.771929932161e+02,1.000000000000e+00,-1.560810416027
1086,16242,5947998046.875000,-5.482189371364e+01,3.837532559955e+02,1.249513860444e+02,3.778040864111e+02,-7.247697883372e+01,3.755511896161e+02,1.000000000000e+00,-1.584884095153
1087,16243,5948364257.812500,-1.644656811409e+02,-3.837532559955e+02,-3.270500346306e+02,-2.773699266241e+02,-1.562471022727e+02,-3.981010605279e+02,1.000000000000e+00,-1.608977773035
1088,16244,5948730468.750000,2.741094685682e+02,-5.482189371364e+01,2.267518414184e+02,-1.763946493918e+02,2.730354303681e+02,-5.370731766429e+01,1.000000000000e+00,-1.633091497201
1089,16245,5949096679.687500,-1.644656811409e+02,-1.644656811409e+02,-2.268626405090e+02,-7.547118615315e+01,-1.640044470939e+02,-1.778177374899e+02,1.000000000000e+00,-1.657225313470
1090,16246,5949462890.625000,1.644656811409e+02,1.644656811409e+02,2.265756524446e+02,7.574909397384e+01,1.558056376267e+02,1.629640944406e+02,1.000000000000e+00,-1.681379265928
1091,16247,5949829101.562500,2.741094685682e+02,-2.741094685682e+02,1.267105302898e+02,-3.771472396756e+02,2.802770562819e+02,-2.731202066719e+02,1.000000000000e+00,-1.705553396901
1092,16248,5950195312.500000,1.644656811409e+02,-5.482189371364e+01,1.262649720807e+02,-1.253603468651e+02,1.630020979463e+02,-5.675826395235e+01,1.000000000000e+00,-1.729747746930
1093,16249,5950561523.437500,-2.741094685682e+02,-2.741094685682e+02,-3.771016889170e+02,-1.276270858263e+02,-2.691473335596e+02,-2.922479798220e+02,1.000000000000e+00,-1.753962354744
1094,16250,5950927734.375000,3.837532559955e+02,5.482189371364e+01,3.786247668474e+02,-1.238623819511e+02,3.795874935459e+02,6.137100308408e+01,1.000000000000e+00,-1.778197257237
1095,16251,5951293945.312500,3.837532559955e+02,2.741094685682e+02,4.783071350516e+02,7.855919800382e+01,3.717074086583e+02,2.816726355915e+02,1.000000000000e+00,-1.802452489441
1096,16252,5951660156.250000,5.482189371364e+01,-1.644656811409e+02,-2.401871102485e+01,-1.765662550015e+02,5.737169567181e+01,-1.707153869724e+02,1.000000000000e+00,-1.826728084500
1097,16253,5952026367.187500,3.837532559955e+02,-1.644656811409e+02,2.795541445828e+02,-3.256116716242e+02,3.877626970353e+02,-1.587194810438e+02,1.000000000000e+00,-1.851024073644
1098,16254,5952392578.125000,-1.644656811409e+02,-1.644656811409e+02,-2.261940474351e+02,-7.726458448570e+01,-1.627670460515e+02,-1.787008654863e+02,1.000000000000e+00,-1.875340486164
1099,16255,5952758789.062500,2.741094685682e+02,1.644656811409e+02,3.272726901558e+02,2.769031734325e+01,2.656639250275e+02,1.673867865326e+02,1.000000000000e+00,-1.899677349388
1100,16256,5953125000.000000,5.482189371364e+01,-1.644656811409e+02,-2.375857499015e+01,-1.764732290461e+02,5.741382639759e+01,-1.707136529861e+02,1.000000000000e+00,-1.924034688650
1101,16257,5953491210.937500,-3.837532559955e+02,-5.482189371364e+01,-3.786345216205e+02,1.224750732972e+02,-3.864088838762e+02,-7.662695650711e+01,1.000000000000e+00,-1.948412527271
1102,16258,5953857421.875000,5.482189371364e+01,-5.482189371364e+01,2.588896056508e+01,-7.521603180670e+01,5.350232057532e+01,-6.064225647510e+01,1.000000000000e+00,-1.972810886529
1103,16259,5954223632.812500,1.644656811409e+02,-1.644656811409e+02,7.782876593635e+01,-2.255802017571e+02,1.675001420571e+02,-1.665160075699e+02,1.000000000000e+00,-1.997229785635
1104,16260,5954589843.750000,-2.741094685682e+02,5.482189371364e+01,-2.283929708037e+02,1.735881034164e+02,-2.802656558480e+02,3.703828271584e+01,1.000000000000e+00,-2.021669241709
1105,16261,5954956054.687500,-5.482189371364e+01,-2.741094685682e+02,-1.734817125990e+02,-2.285703650962e+02,-4.815091260713e+01,-2.847510462943e+02,1.000000000000e+00,-2.046129269749
1106,16262,5955322265.625000,3.837532559955e+02,1.644656811409e+02,4.282477455629e+02,-1.998435334203e+01,3.755937758224e+02,1.713240486964e+02,1.000000000000e+00,-2.070609882615
1107,16263,5955688476.562500,-3.837532559955e+02,-1.644656811409e+02,-4.283872845808e+02,1.987954955657e+01,-3.823939952140e+02,-1.869766128247e+02,1.000000000000e+00,-2.095111090994
1108,16264,5956054687.500000,2.741094685682e+02,-1.644656811409e+02,1.798769830914e+02,-2.747621839557e+02,2.778860690578e+02,-1.630031965081e+02,1.000000000000e+00,-2.119632903382
1109,16265,5956420898.437500,3.837532559955e+02,2.741094685682e+02,4.771164768778e+02,8.269691102580e+01,3.713440268081e+02,2.815642861335e+02,1.000000000000e+00,-2.144175326058
1110,16266,5956787109.375000,-2.741094685682e+02,-1.644656811409e+02,-3.266056258617e+02,-3.075641508093e+01,-2.715165971970e+02,-1.836961645400e+02,1.000000000000e+00,-2.168738363056
1111,16267,5957153320.312500,-3.837532559955e+02,5.482189371364e+01,-3.311285253882e+02,2.203067209026e+02,-3.899635818409e+02,3.151903724913e+01,1.000000000000e+00,-2.193322016142
1112,16268,5957519531.250000,-5.482189371364e+01,-5.482189371364e+01,-7.498748767271e+01,-2.657132642838e+01,-5.588428241073e+01,-6.524846214511e+01,1.000000000000e+00,-2.217926284791
1113,16269,5957885742.187500,5.482189371364e+01,5.482189371364e+01,7.499047582656e+01,2.659890291927e+01,4.975490121718e+01,4.894328034359e+01,1.000000000000e+00,-2.242551166163
1114,16270,5958251953.125000,2.741094685682e+02,3.837532559955e+02,4.232102788446e+02,2.348951828452e+02,2.567942170162e+02,3.872962871325e+02,1.000000000000e+00,-2.267196655077
1115,16271,5958618164.062500,-3.837532559955e+02,-1.644656811409e+02,-4.282208796577e+02,1.631758032086e+01,-3.813084688596e+02,-1.882706444044e+02,1.000000000000e+00,-2.291862743987
1116,16272,5958984375.000000,5.482189371364e+01,-3.837532559955e+02,-1.176666745485e+02,-3.800988071093e+02,6.715099816522e+01,-3.909923064377e+02,1.000000000000e+00,-2.316549422960
1117,16273,5959350585.937500,1.644656811409e+02,-3.837532559955e+02,-1.618259819803e+01,-4.282974549446e+02,1.766533472201e+02,-3.870310208566e+02,1.000000000000e+00,-2.341256679655
1118,16274,5959716796.875000,-5.482189371364e+01,3.837532559955e+02,1.181392582584e+02,3.800646655473e+02,-7.185501974658e+01,3.744836025647e+02,1.000000000000e+00,-2.365984499293
1119,16275,5960083007.812500,-3.837532559955e+02,-3.837532559955e+02,-5.250593035551e+02,-1.867564658802e+02,-3.742513679338e+02,-4.071056406575e+02,1.000000000000e+00,-2.390732864642
1120,16276,5960449218.750000,5.482189371364e+01,-3.837532559955e+02,-1.182011792707e+02,-3.801750215660e+02,6.563502333213e+01,-3.917825806203e+02,1.000000000000e+00,-2.415501755989
1121,16277,5960815429.687500,3.837532559955e+02,-3.837532559955e+02,1.871669880448e+02,-5.251107084367e+02,3.956312263630e+02,-3.806941256564e+02,1.000000000000e+00,-2.440291151122
1122,16278,5961181640.625000,-1.644656811409e+02,1.644656811409e+02,-8.050701702322e+01,2.249461614439e+02,-1.733768251084e+02,1.506536766041e+02,1.000000000000e+00,-2.465101025303
1123,16279,5961547851.562500,-3.837532559955e+02,2.741094685682e+02,-2.369241556817e+02,4.224575493113e+02,-3.975019616995e+02,2.524758643236e+02,1.000000000000e+00,-2.489931351254
1124,16280,5961914062.500000,-5.482189371364e+01,5.482189371364e+01,-2.716886423044e+01,7.483755200297e+01,-5.953698965197e+01,4.409398145877e+01,1.000000000000e+00,-2.514782099127
1125,16281,5962280273.437500,5.482189371364e+01,5.482189371364e+01,7.476277020282e+01,2.728649006855e+01,5.047166236473e+01,4.812687138488e+01,1.000000000000e+00,-2.539653236493
1126,16282,5962646484.375000,1.644656811409e+02,-3.837532559955e+02,-1.242934510395e+01,-4.282141220178e+02,1.772889920395e+02,-3.873572533844e+02,1.000000000000e+00,-2.564544728313
1127,16283,5963012695.312500,2.741094685682e+02,3.837532559955e+02,4.201967262680e+02,2.395544435767e+02,2.573984060451e+02,3.861229452499e+02,1.000000000000e+00,-2.589456536923
1128,16284,5963378906.250000,-3.837532559955e+02,-2.741094685682e+02,-4.752908617018e+02,-9.069171708122e+01,-3.762772365251e+02,-2.987583545123e+02,1.000000000000e+00,-2.614388622014
1129,16285,5963745117.187500,-2.741094685682e+02,5.482189371364e+01,-2.321081523206e+02,1.686649960286e+02,-2.791079555106e+02,3.523447249457e+01,1.000000000000e+00,-2.639340940611
1130,16286,5964111328.125000,-3.837532559955e+02,1.644656811409e+02,-2.876209609493e+02,3.177289363557e+02,-3.931763348651e+02,1.410242067755e+02,1.000000000000e+00,-2.664313447056
1131,16287,5964477539.062500,1.644656811409e+02,1.644656811409e+02,2.236449793278e+02,8.321980067431e+01,1.566220672523e+02,1.617158916397e+02,1.000000000000e+00,-2.689306092991
1132,16288,5964843750.000000,1.644656811409e+02,3.837532559955e+02,3.167945794615e+02,2.879710287016e+02,1.483280396557e+02,3.812193259390e+02,1.000000000000e+00,-2.714318827338
1133,16289,5965209960.937500,2.741094685682e+02,2.741094685682e+02,3.721447160043e+02,1.399375228885e+02,2.621061168741e+02,2.758530045783e+02,1.000000000000e+00,-2.739351596283
1134,16290,5965576171.875000,1.644656811409e+02,-1.644656811409e+02,8.479290360827e+01,-2.231712073566e+02,1.700059286849e+02,-1.676919858704e+02,1.000000000000e+00,-2.764404343261
1135,16291,5965942382.812500,5.482189371364e+01,1.644656811409e+02,1.201605362522e+02,1.314331863516e+02,4.618313336066e+01,1.577292833992e+02,1.000000000000e+00,-2.789477008938
1136,16292,5966308593.750000,-3.837532559955e+02,3.837532559955e+02,-1.988475471916e+02,5.209037836649e+02,-4.022895015324e+02,3.597622117193e+02,1.000000000000e+00,-2.814569531194
1137,16293,5966674804.687500,5.482189371364e+01,5.482189371364e+01,7.449769261811e+01,2.819540639988e+01,5.159554112435e+01,4.720083258766e+01,1.000000000000e+00,-2.839681845114
1138,16294,5967041015.625000,-5.482189371364e+01,-5.482189371364e+01,-7.455547564242e+01,-2.803703362944e+01,-5.453664159496e+01,-6.677180058106e+01,1.000000000000e+00,-2.864813882969
1139,16295,5967407226.562500,1.644656811409e+02,-3.837532559955e+02,-7.334517028638e+00,-4.286923970757e+02,1.775027949596e+02,-3.891648220160e+02,1.000000000000e+00,-2.889965574202
1140,16296,5967773437.500000,-3.837532559955e+02,5.482189371364e+01,-3.370933748736e+02,2.114313492600e+02,-3.880408679443e+02,3.028791003869e+01,1.000000000000e+00,-2.915136845419
1141,16297,5968139648.437500,2.741094685682e+02,-1.644656811409e+02,1.892147254199e+02,-2.680373120416e+02,2.803391841796e+02,-1.642333301008e+02,1.000000000000e+00,-2.940327620373
1142,16298,5968505859.375000,3.837532559955e+02,2.741094685682e+02,4.740726777024e+02,9.877128335685e+01,3.734044031091e+02,2.797282778366e+02,1.000000000000e+00,-2.965537819955
1143,16299,5968872070.312500,-3.837532559955e+02,5.482189371364e+01,-3.382703383782e+02,2.101495441015e+02,-3.880156041935e+02,2.996463235123e+01,1.000000000000e+00,-2.990767362181
1144,16300,5969238281.250000,-3.837532559955e+02,5.482189371364e+01,-3.382438136408e+02,2.098549835226e+02,-3.876883838166e+02,3.017007832495e+01,1.000000000000e+00,-3.016016162182
1145,16301,5969604492.187500,-1.644656811409e+02,3.837532559955e+02,3.449777523950e+00,4.283062073137e+02,-1.794678792160e+02,3.681751328246e+02,1.000000000000e+00,-3.041284132199
1146,16302,5969970703.125000,2.741094685682e+02,3.837532559955e+02,4.150588146754e+02,2.477055217201e+02,2.603776575558e+02,3.836300364178e+02,1.000000000000e+00,-3.066571181565
1147,16303,5970336914.062500,3.837532559955e+02,-2.741094685682e+02,2.484102479834e+02,-4.151252215408e+02,3.941545413806e+02,-2.716193460236e+02,1.000000000000e+00,-3.091877216707
1148,16304,5970703125.000000,-5.482189371364e+01,-2.741094685682e+02,-1.638424821884e+02,-2.356963907609e+02,-4.538620774073e+01,-2.875788083137e+02,1.000000000000e+00,-3.117202141133
1149,16305,5971069335.937500,1.644656811409e+02,-5.482189371364e+01,1.327327388124e+02,-1.188361586894e+02,1.671283098423e+02,-5.985871161409e+01,1.000000000000e+00,3.140639451754
1150,16306,5971435546.875000,-2.741094685682e+02,-5.482189371364e+01,-2.809955840587e+02,5.928967149686e+01,-2.729059331935e+02,-7.598584136182e+01,1.000000000000e+00,3.115277049939
1151,16307,5971801757.812500,-1.644656811409e+02,-5.482189371364e+01,-1.774725719894e+02,1.431272303645e+01,-1.625569928552e+02,-7.220160678136e+01,1.000000000000e+00,3.089896065884
1152,16308,5972167968.750000,1.644656811409e+02,1.644656811409e+02,2.212493705711e+02,8.966074022004e+01,1.589318944208e+02,1.605184380363e+02,1.000000000000e+00,3.064496607807
1153,16309,5972534179.687500,1.644656811409e+02,-2.741094685682e+02,4.586337977522e+01,-3.245389931729e+02,1.758060179167e+02,-2.792292420247e+02,1.000000000000e+00,3.039078786868
1154,16310,5972900390.625000,-3.837532559955e+02,-2.741094685682e+02,-4.713494068005e+02,-1.056823682642e+02,-3.731679237047e+02,-2.993897207264e+02,1.000000000000e+00,3.013642717170
1155,16311,5973266601.562500,-5.482189371364e+01,-1.644656811409e+02,-1.172153313553e+02,-1.334693349686e+02,-4.800950200672e+01,-1.776234429959e+02,1.000000000000e+00,2.988188515762
1156,16312,5973632812.500000,-2.741094685682e+02,2.741094685682e+02,-1.501990216623e+02,3.680678216443e+02,-2.832605123131e+02,2.538949728690e+02,1.000000000000e+00,2.962716302639
1157,16313,5973999023.437500,2.741094685682e+02,1.644656811409e+02,3.247231505328e+02,4.689312038670e+01,2.704368551932e+02,1.633978801669e+02,1.000000000000e+00,2.937226200739
1158,16314,5974365234.375000,-2.741094685682e+02,-3.837532559955e+02,-4.112136845114e+02,-2.555701904265e+02,-2.597895785464e+02,-4.058660355752e+02,1.000000000000e+00,2.911718335945
1159,16315,5974731445.312500,5.482189371364e+01,-2.741094685682e+02,-5.549185316360e+01,-2.816502909713e+02,6.667540040952e+01,-2.841687736636e+02,1.000000000000e+00,2.886192837080
1160,16316,5975097656.250000,-2.741094685682e+02,3.837532559955e+02,-1.106723352540e+02,4.714321843189e+02,-2.875185077305e+02,3.635747915184e+02,1.000000000000e+00,2.860649835905
1161,16317,5975463867.187500,-1.644656811409e+02,5.482189371364e+01,-1.348585531333e+02,1.158964658852e+02,-1.648828092332e+02,3.762135846772e+01,1.000000000000e+00,2.835089467116
1162,16318,5975830078.125000,-5.482189371364e+01,3.837532559955e+02,9.625095660373e+01,3.853318358256e+02,-6.688219210940e+01,3.708817296903e+02,1.000000000000e+00,2.809511868334
1163,16319,5976196289.062500,-3.837532559955e+02,5.482189371364e+01,-3.431509095084e+02,1.998034370665e+02,-3.837358070678e+02,2.961393174996e+01,1.000000000000e+00,2.783917180106
1164,16320,5976562500.000000,-5.482189371364e+01,2.741094685682e+02,5.322159801998e+01,2.815071356518e+02,-6.222594099611e+01,2.612393079458e+02,1.000000000000e+00,2.758305545890
1165,16321,5976928710.937500,-1.644656811409e+02,-2.741094685682e+02,-2.614957826488e+02,-1.976598129625e+02,-1.524092592728e+02,-2.917331930513e+02,1.000000000000e+00,2.732677112053
1166,16322,5977294921.875000,2.741094685682e+02,1.644656811409e+02,3.236380765079e+02,5.185007711194e+01,2.717224325002e+02,1.630974525218e+02,1.000000000000e+00,2.707032027857
1167,16323,5977661132.812500,-5.482189371364e+01,2.741094685682e+02,5.200492658150e+01,2.817943712007e+02,-6.143299923237e+01,2.613281063609e+02,1.000000000000e+00,2.681370445453
1168,16324,5978027343.750000,-1.644656811409e+02,3.837532559955e+02,-1.142106791952e+01,4.277645655267e+02,-1.748360545257e+02,3.672615097857e+02,1.000000000000e+00,2.655692519866
1169,16325,5978393554.687500,5.482189371364e+01,2.741094685682e+02,1.555922265463e+02,2.408350989876e+02,4.876834409646e+01,2.653423028123e+02,1.000000000000e+00,2.629998408985
1170,16326,5978759765.625000,2.741094685682e+02,-3.837532559955e+02,1.179107852506e+02,-4.695081397639e+02,2.921449681466e+02,-3.864804315962e+02,1.000000000000e+00,2.604288273547
1171,16327,5979125976.562500,3.837532559955e+02,-5.482189371364e+01,3.465378549820e+02,-1.958292849489e+02,3.907957723171e+02,-5.273584113394e+01,1.000000000000e+00,2.578562277126
1172,16328,5979492187.500000,-3.837532559955e+02,-1.644656811409e+02,-4.282289323512e+02,-1.441734264369e+01,-3.750583813038e+02,-1.894646115004e+02,1.000000000000e+00,2.552820586114
1173,16329,5979858398.437500,2.741094685682e+02,3.837532559955e+02,4.044646576011e+02,2.653044656431e+02,2.659265715416e+02,3.826941637750e+02,1.000000000000e+00,2.527063369706
1174,16330,5980224609.375000,2.741094685682e+02,5.482189371364e+01,2.825464642901e+02,-4.886519629020e+01,2.773607989464e+02,5.292401227422e+01,1.000000000000e+00,2.501290799882
1175,16331,5980590820.312500,3.837532559955e+02,1.644656811409e+02,4.281619848146e+02,1.614365849590e+01,3.840435973819e+02,1.664371952190e+02,1.000000000000e+00,2.475503051389
1176,16332,5980957031.250000,-1.644656811409e+02,-2.741094685682e+02,-2.583461236162e+02,-2.024205525533e+02,-1.512114768724e+02,-2.914934707293e+02,1.000000000000e+00,2.449700301719
1177,16333,5981323242.187500,2.741094685682e+02,3.837532559955e+02,4.030962663157e+02,2.678215164553e+02,2.675344026747e+02,3.825947729546e+02,1.000000000000e+00,2.423882731088
1178,16334,5981689453.125000,-2.741094685682e+02,-2.741094685682e+02,-3.625307903776e+02,-1.631912682068e+02,-2.606609068887e+02,-2.945255819037e+02,1.000000000000e+00,2.398050522419
1179,16335,5982055664.062500,5.482189371364e+01,-2.741094685682e+02,-4.658673872977e+01,-2.827146815045e+02,6.909155540559e+01,-2.837926796716e+02,1.000000000000e+00,2.372203861311
1180,16336,5982421875.000000,2.741094685682e+02,-1.644656811409e+02,2.037995738410e+02,-2.564282324595e+02,2.853499175488e+02,-1.669166552034e+02,1.000000000000e+00,2.346342936020
1181,16337,5982788085.937500,-5.482189371364e+01,1.644656811409e+02,6.251933054371e+00,1.774722255914e+02,-5.419059979035e+01,1.520397170564e+02,1.000000000000e+00,2.320467937430
1182,16338,5983154296.875000,5.482189371364e+01,5.482189371364e+01,7.217486220520e+01,3.316067503011e+01,5.921921805403e+01,4.584153516066e+01,1.000000000000e+00,2.294579059033
1183,16339,5983520507.812500,-1.644656811409e+02,-5.482189371364e+01,-1.776627395344e+02,5.366768029200e+00,-1.566980805605e+02,-7.099896464744e+01,1.000000000000e+00,2.268676496892
1184,16340,5983886718.750000,1.644656811409e+02,3.837532559955e+02,2.932846447572e+02,3.122580277661e+02,1.585691029577e+02,3.796159033248e+02,1.000000000000e+00,2.242760449619
1185,16341,5984252929.687500,5.482189371364e+01,5.482189371364e+01,7.206678531343e+01,3.365754678924e+01,5.989261743940e+01,4.617426214469e+01,1.000000000000e+00,2.216831118344
1186,16342,5984619140.625000,-5.482189371364e+01,-5.482189371364e+01,-7.203353760613e+01,-3.362397232777e+01,-4.640592875003e+01,-6.701589146753e+01,1.000000000000e+00,2.190888706683
1187,16343,5984985351.562500,5.482189371364e+01,-2.741094685682e+02,-4.322931871329e+01,-2.831816590514e+02,6.953912769302e+01,-2.833707157864e+02,1.000000000000e+00,2.164933420706
1188,16344,5985351562.500000,5.482189371364e+01,3.837532559955e+02,1.861671399515e+02,3.511201561323e+02,5.120389822625e+01,3.758120003340e+02,1.000000000000e+00,2.138965468904
1189,16345,5985717773.437500,-1.644656811409e+02,-1.644656811409e+02,-2.155176637651e+02,-1.022985934031e+02,-1.524183896206e+02,-1.799325347140e+02,1.000000000000e+00,2.112985062156
1190,16346,5986083984.375000,3.837532559955e+02,1.644656811409e+02,4.274628981929e+02,2.797992508978e+01,3.874202205010e+02,1.666392879475e+02,1.000000000000e+00,2.086992413694
1191,16347,5986450195.312500,5.482189371364e+01,-5.482189371364e+01,3.432285683258e+01,-7.175084278245e+01,6.442887166327e+01,-6.328813868175e+01,1.000000000000e+00,2.060987739063
1192,16348,5986816406.250000,5.482189371364e+01,1.644656811409e+02,1.091202873695e+02,1.404135957202e+02,5.858764158984e+01,1.565795703556e+02,1.000000000000e+00,2.034971256088
1193,16349,5987182617.187500,5.482189371364e+01,-3.837532559955e+02,-7.741265960361e+01,-3.898572228075e+02,7.313622078508e+01,-3.927949102990e+02,1.000000000000e+00,2.008943184836
1194,16350,5987548828.125000,-5.482189371364e+01,-1.644656811409e+02,-1.086268470930e+02,-1.405365306540e+02,-4.227180722725e+01,-1.755994003259e+02,1.000000000000e+00,1.982903747571
1195,16351,5987915039.062500,-3.837532559955e+02,-3.837532559955e+02,-5.001451128128e+02,-2.420696543806e+02,-3.658441289733e+02,-4.029131170578e+02,1.000000000000e+00,1.956853168721
1196,16352,5988281250.000000,-1.644656811409e+02,-2.741094685682e+02,-2.505986134624e+02,-2.105588597771e+02,-1.487150977708e+02,-2.877690074844e+02,1.000000000000e+00,1.930791674831
1197,16353,5988647460.937500,5.482189371364e+01,1.644656811409e+02,1.074447387831e+02,1.413764865972e+02,5.944244912600e+01,1.570469787504e+02,1.000000000000e+00,1.904719494522
1198,16354,5989013671.875000,-2.741094685682e+02,2.741094685682e+02,-1.765796197126e+02,3.557866294525e+02,-2.730409714022e+02,2.578222836222e+02,1.000000000000e+00,1.878636858450
1199,16355,5989379882.812500,-3.837532559955e+02,3.837532559955e+02,-2.480964184630e+02,4.977999686629e+02,-3.856469162198e+02,3.649730093793e+02,1.000000000000e+00,1.852543999259
1200,16356,5989746093.750000,3.837532559955e+02,-2.741094685682e+02,2.844833649546e+02,-3.908573860013e+02,4.014408031705e+02,-2.727634430613e+02,1.000000000000e+00,1.826441151538
1201,16357,5990112304.687500,-1.644656811409e+02,-1.644656811409e+02,-2.130942858058e+02,-1.071673961782e+02,-1.507102315066e+02,-1.776813300958e+02,1.000000000000e+00,1.800328551771
1202,16358,5990478515.625000,-3.837532559955e+02,3.837532559955e+02,-2.515674464117e+02,4.970010443866e+02,-3.855827534334e+02,3.662284266350e+02,1.000000000000e+00,1.774206438294
1203,16359,5990844726.562500,-3.837532559955e+02,5.482189371364e+01,-3.575208468623e+02,1.754108607317e+02,-3.767833465338e+02,3.634854106634e+01,1.000000000000e+00,1.748075051246
1204,16360,5991210937.500000,-2.741094685682e+02,3.837532559955e+02,-1.466359728411e+02,4.617528133876e+02,-2.753762522706e+02,3.700449747190e+02,1.000000000000e+00,1.721934632519
1205,16361,5991577148.437500,-2.741094685682e+02,-5.482189371364e+01,-2.851073173152e+02,3.285300145129e+01,-2.633344336232e+02,-6.962138517860e+01,1.000000000000e+00,1.695785425708
1206,16362,5991943359.375000,-3.837532559955e+02,1.644656811409e+02,-3.230804102032e+02,2.812970880429e+02,-3.782631510213e+02,1.483752444610e+02,1.000000000000e+00,1.669627676062
1207,16363,5992309570.312500,-3.837532559955e+02,3.837532559955e+02,-2.551807918360e+02,4.947648337237e+02,-3.832078665567e+02,3.683969011770e+02,1.000000000000e+00,1.643461630431
1208,16364,5992675781.250000,-3.837532559955e+02,-2.741094685682e+02,-4.600727217947e+02,-1.491954400847e+02,-3.673566155175e+02,-2.910214983989e+02,1.000000000000e+00,1.617287537217
1209,16365,5993041992.187500,1.644656811409e+02,-2.741094685682e+02,7.669402473868e+01,-3.186674610064e+02,1.823115985147e+02,-2.776056016186e+02,1.000000000000e+00,1.591105646315
1210,16366,5993408203.125000,-2.741094685682e+02,1.644656811409e+02,-2.178530408203e+02,2.446535788736e+02,-2.673487230416e+02,1.517501511750e+02,1.000000000000e+00,1.564916209066
1211,16367,5993774414.062500,5.482189371364e+01,-5.482189371364e+01,3.694533044145e+01,-7.029161816108e+01,6.724493442059e+01,-6.009353745166e+01,1.000000000000e+00,1.538719478198
1212,16368,5994140625.000000,-3.837532559955e+02,2.741094685682e+02,-2.926455844669e+02,3.842709899446e+02,-3.788686573295e+02,2.598881266900e+02,1.000000000000e+00,1.512515707775
1213,16369,5994506835.937500,-5.482189371364e+01,-3.837532559955e+02,-1.689369721062e+02,-3.596548580416e+02,-3.516854850629e+01,-3.916675676515e+02,1.000000000000e+00,1.486305153135
1214,16370,5994873046.875000,3.837532559955e+02,3.837532559955e+02,4.910701857319e+02,2.623207959767e+02,3.878344646330e+02,3.874894713050e+02,1.000000000000e+00,1.460088070839
1215,16371,5995239257.812500,3.837532559955e+02,1.644656811409e+02,4.258984137031e+02,4.796063834991e+01,3.930643193725e+02,1.678385833116e+02,1.000000000000e+00,1.433864718614
1216,16372,5995605468.750000,3.837532559955e+02,-3.837532559955e+02,2.645282725760e+02,-4.906750867571e+02,4.050951435527e+02,-3.824331636977e+02,1.000000000000e+00,1.407635355290
1217,16373,5995971679.687500,2.741094685682e+02,5.482189371364e+01,2.860846698316e+02,-2.632443433847e+01,2.860019850900e+02,5.569525981427e+01,1.000000000000e+00,1.381400240748
1218,16374,5996337890.625000,2.741094685682e+02,-3.837532559955e+02,1.584492785879e+02,-4.576728371172e+02,2.948854943818e+02,-3.844157929312e+02,1.000000000000e+00,1.355159635857
1219,16375,5996704101.562500,-1.644656811409e+02,-2.741094685682e+02,-2.409762332018e+02,-2.225411145974e+02,-1.474520835589e+02,-2.828421109356e+02,1.000000000000e+00,1.328913802418
1220,16376,5997070312.500000,-5.482189371364e+01,1.644656811409e+02,-6.961713347649e+00,1.776284183581e+02,-4.626338350032e+01,1.594308076448e+02,1.000000000000e+00,1.302663003101
1221,16377,5997436523.437500,5.482189371364e+01,2.741094685682e+02,1.318703311265e+02,2.544516574619e+02,6.162671660675e+01,2.717172499481e+02,1.000000000000e+00,1.276407501387
1222,16378,5997802734.375000,3.837532559955e+02,2.741094685682e+02,4.555340762595e+02,1.618224075431e+02,3.914187779266e+02,2.781755456235e+02,1.000000000000e+00,1.250147561506
1223,16379,5998168945.312500,-1.644656811409e+02,-5.482189371364e+01,-1.774776095276e+02,-7.895144331452e+00,-1.515699345215e+02,-6.148467004594e+01,1.000000000000e+00,1.223883448378
1224,16380,5998535156.250000,-2.741094685682e+02,3.837532559955e+02,-1.630539023601e+02,4.546684784451e+02,-2.688745696106e+02,3.761720688665e+02,1.000000000000e+00,1.197615427550
1225,16381,5998901367.187500,3.837532559955e+02,-2.741094685682e+02,3.020658384372e+02,-3.766000971272e+02,4.007593842244e+02,-2.710860046970e+02,1.000000000000e+00,1.171343765133
1226,16382,5999267578.125000,1.644656811409e+02,-3.837532559955e+02,5.680360315240e+01,-4.237854002566e+02,1.833955786458e+02,-3.841915642165e+02,1.000000000000e+00,1.145068727744
1227,16383,5999633789.062500,1.644656811409e+02,-3.837532559955e+02,5.830473221228e+01,-4.238941854436e+02,1.839492451416e+02,-3.840259071724e+02,1.000000000000e+00,1.118790582441
1228,16384,6000000000.000000,3.837532559955e+02,1.644656811409e+02,4.239977069666e+02,5.980729095476e+01,3.939245089379e+02,1.699045421160e+02,1.000000000000e+00,1.092509596659
1229,16385,6000366210.937500,1.644656811409e+02,3.837532559955e+02,2.654940018894e+02,3.356512043987e+02,1.706002249757e+02,3.853197464072e+02,1.000000000000e+00,1.066226038152
1230,16386,6000732421.875000,-2.741094685682e+02,-5.482189371364e+01,-2.857420256650e+02,1.902872785491e+01,-2.613476887247e+02,-6.076890385990e+01,1.000000000000e+00,1.039940174924
1231,16387,6001098632.812500,5.482189371364e+01,-5.482189371364e+01,3.963441402466e+01,-6.881413742074e+01,6.798387227908e+01,-5.561841279014e+01,1.000000000000e+00,1.013652275174
1232,16388,6001464843.750000,-1.644656811409e+02,1.644656811409e+02,-1.195655411284e+02,2.062909774646e+02,-1.548055967591e+02,1.612956237914e+02,1.000000000000e+00,0.987362607224
1233,16389,6001831054.687500,-5.482189371364e+01,3.837532559955e+02,4.583360904396e+01,3.950779041837e+02,-4.820335777979e+01,3.831628186996e+02,1.000000000000e+00,0.961071439462
1234,16390,6002197265.625000,-3.837532559955e+02,-3.837532559955e+02,-4.803857165227e+02,-2.820416603502e+02,-3.670673130466e+02,-3.914723804024e+02,1.000000000000e+00,0.934779040277
1235,16391,6002563476.562500,2.741094685682e+02,-2.741094685682e+02,2.025136435335e+02,-3.425534257402e+02,2.915784783615e+02,-2.712397167239e+02,1.000000000000e+00,0.908485677996
1236,16392,6002929687.500000,1.644656811409e+02,2.741094685682e+02,2.328633096867e+02,2.312480356987e+02,1.728375104295e+02,2.775875364287e+02,1.000000000000e+00,0.882191620820
1237,16393,6003295898.437500,1.644656811409e+02,5.482189371364e+01,1.773894870727e+02,1.329320867791e+01,1.762998767140e+02,5.759691067312e+01,1.000000000000e+00,0.855897136762
1238,16394,6003662109.375000,-2.741094685682e+02,5.482189371364e+01,-2.589480355191e+02,1.229221029538e+02,-2.634330692320e+02,5.147544885101e+01,1.000000000000e+00,0.829602493582
1239,16395,6004028320.312500,-2.741094685682e+02,5.482189371364e+01,-2.589357197875e+02,1.225417271629e+02,-2.632648418915e+02,5.203737052607e+01,1.000000000000e+00,0.803307958730
1240,16396,6004394531.250000,5.482189371364e+01,-5.482189371364e+01,4.101552466159e+01,-6.805770325757e+01,6.756546235087e+01,-5.340293959450e+01,1.000000000000e+00,0.777013799273
1241,16397,6004760742.187500,-2.741094685682e+02,2.741094685682e+02,-2.056457405647e+02,3.400004726688e+02,-2.658414651497e+02,2.727469076125e+02,1.000000000000e+00,0.750720281842
1242,16398,6005126953.125000,5.482189371364e+01,-1.644656811409e+02,1.463233471468e+01,-1.771472119805e+02,6.856010809615e+01,-1.628816409598e+02,1.000000000000e+00,0.724427672566
1243,16399,6005493164.062500,5.482189371364e+01,1.644656811409e+02,9.418083657160e+01,1.508660918249e+02,6.482247534490e+01,1.672051149393e+02,1.000000000000e+00,0.698136237009
1244,16400,6005859375.000000,1.644656811409e+02,2.741094685682e+02,2.292937310519e+02,2.347100076141e+02,1.733472409773e+02,2.789335035316e+02,1.000000000000e+00,0.671846240111
1245,16401,6006225585.937500,3.837532559955e+02,1.644656811409e+02,4.220934262725e+02,7.385270578611e+01,3.947046448441e+02,1.715000955176e+02,1.000000000000e+00,0.645557946123
1246,16402,6006591796.875000,-2.741094685682e+02,1.644656811409e+02,-2.350992048967e+02,2.285769948447e+02,-2.650641804062e+02,1.646283442378e+02,1.000000000000e+00,0.619271618548
1247,16403,6006958007.812500,3.837532559955e+02,-1.644656811409e+02,3.445873953600e+02,-2.539140209752e+02,3.972639343118e+02,-1.591326259948e+02,1.000000000000e+00,0.592987520083
1248,16404,6007324218.750000,-3.837532559955e+02,1.644656811409e+02,-3.450561339647e+02,2.531372683074e+02,-3.746663689750e+02,1.646490943852e+02,1.000000000000e+00,0.566705912552
1249,16405,6007690429.687500,1.644656811409e+02,2.741094685682e+02,2.271584224183e+02,2.360654166483e+02,1.737163136201e+02,2.789852468124e+02,1.000000000000e+00,0.540427056853
1250,16406,6008056640.625000,-5.482189371364e+01,-2.741094685682e+02,-1.169853898796e+02,-2.614678866177e+02,-4.187861014924e+01,-2.717322068039e+02,1.000000000000e+00,0.514151212896
1251,16407,6008422851.562500,1.644656811409e+02,1.644656811409e+02,2.012229361458e+02,1.276752036193e+02,1.740732961942e+02,1.697015899015e+02,1.000000000000e+00,0.487878639541
1252,16408,6008789062.500000,-3.837532559955e+02,-2.741094685682e+02,-4.443280764330e+02,-1.897263031798e+02,-3.710922144298e+02,-2.744999582170e+02,1.000000000000e+00,0.461609594546
1253,16409,6009155273.437500,1.644656811409e+02,-1.644656811409e+02,1.288785851211e+02,-2.004370394034e+02,1.768348242472e+02,-1.591237018516e+02,1.000000000000e+00,0.435344334505
1254,16410,6009521484.375000,-5.482189371364e+01,5.482189371364e+01,-4.309988993294e+01,6.674831453274e+01,-4.515660312682e+01,5.857312847247e+01,1.000000000000e+00,0.409083114790
1255,16411,6009887695.312500,2.741094685682e+02,-1.644656811409e+02,2.396446558091e+02,-2.234958045337e+02,2.863353010668e+02,-1.579417534591e+02,1.000000000000e+00,0.382826189499
1256,16412,6010253906.250000,1.644656811409e+02,2.741094685682e+02,2.229930464350e+02,2.402154431735e+02,1.723205944528e+02,2.808463005629e+02,1.000000000000e+00,0.356573811396
1257,16413,6010620117.187500,-5.482189371364e+01,-3.837532559955e+02,-1.352862708831e+02,-3.738285565074e+02,-4.165553822928e+01,-3.804882513847e+02,1.000000000000e+00,0.330326231858
1258,16414,6010986328.125000,-1.644656811409e+02,-3.837532559955e+02,-2.445492933482e+02,-3.515824315741e+02,-1.517539792176e+02,-3.814111013430e+02,1.000000000000e+00,0.304083700818
1259,16415,6011352539.062500,5.482189371364e+01,-1.644656811409e+02,2.112199732097e+01,-1.764787223300e+02,6.553183935963e+01,-1.592999810724e+02,1.000000000000e+00,0.277846466715
1260,16416,6011718750.000000,-2.741094685682e+02,2.741094685682e+02,-2.186492083962e+02,3.316271232863e+02,-2.667870861019e+02,2.785589835394e+02,1.000000000000e+00,0.251614776437
1261,16417,6012084960.937500,3.837532559955e+02,-1.644656811409e+02,3.513900381984e+02,-2.438511805441e+02,3.939091952313e+02,-1.579035605146e+02,1.000000000000e+00,0.225388875273
1262,16418,6012451171.875000,-5.482189371364e+01,-5.482189371364e+01,-6.620634773622e+01,-4.397672138409e+01,-4.595236884120e+01,-4.948083351268e+01,1.000000000000e+00,0.199169006857
1263,16419,6012817382.812500,2.741094685682e+02,1.644656811409e+02,3.087260192373e+02,1.106099142226e+02,2.828181449664e+02,1.719361181387e+02,1.000000000000e+00,0.172955413120
1264,16420,6013183593.750000,2.741094685682e+02,5.482189371364e+01,2.868617803006e+02,1.131176913384e+00,2.831069390197e+02,6.230845709917e+01,1.000000000000e+00,0.146748334240
1265,16421,6013549804.687500,5.482189371364e+01,2.741094685682e+02,1.084314580505e+02,2.655483470533e+02,6.157698582283e+01,2.814308724563e+02,1.000000000000e+00,0.120548008592
1266,16422,6013916015.625000,1.644656811409e+02,-1.644656811409e+02,1.344093913695e+02,-1.971809682569e+02,1.739631364665e+02,-1.576094279632e+02,1.000000000000e+00,0.094354672700
1267,16423,6014282226.562500,3.837532559955e+02,5.482189371364e+01,3.972072457889e+02,-1.739239649662e+01,3.921718809207e+02,6.357744480291e+01,1.000000000000e+00,0.068168561192
1268,16424,6014648437.500000,5.482189371364e+01,-5.482189371364e+01,4.492369245828e+01,-6.557219803789e+01,6.263882713181e+01,-4.816849972734e+01,1.000000000000e+00,0.041989906751
1269,16425,6015014648.437500,1.644656811409e+02,2.741094685682e+02,2.170379527693e+02,2.453789791387e+02,1.711659665105e+02,2.817989229522e+02,1.000000000000e+00,0.015818940069
1270,16426,6015380859.375000,-1.644656811409e+02,-2.741094685682e+02,-2.163903296388e+02,-2.458263895689e+02,-1.568946148400e+02,-2.682995929533e+02,1.000000000000e+00,-0.010344110193
1271,16427,6015747070.312500,-5.482189371364e+01,-5.482189371364e+01,-6.524936947326e+01,-4.525568125470e+01,-4.798275783710e+01,-4.819259918762e+01,1.000000000000e+00,-0.036499017454
1272,16428,6016113281.250000,2.741094685682e+02,5.482189371364e+01,2.862019940769e+02,5.792911385355e+00,2.807658012299e+02,6.265462692646e+01,1.000000000000e+00,-0.062645557250
1273,16429,6016479492.187500,1.644656811409e+02,-3.837532559955e+02,9.679132128809e+01,-4.164957613334e+02,1.713900855166e+02,-3.769735231836e+02,1.000000000000e+00,-0.088783507282
1274,16430,6016845703.125000,1.644656811409e+02,3.837532559955e+02,2.346541759248e+02,3.575070406956e+02,1.708353559447e+02,3.913787310343e+02,1.000000000000e+00,-0.114912647451
1275,16431,6017211914.062500,-2.741094685682e+02,-3.837532559955e+02,-3.444049154685e+02,-3.386736932548e+02,-2.688332097873e+02,-3.769912530293e+02,1.000000000000e+00,-0.141032759898
1276,16432,6017578125.000000,5.482189371364e+01,-1.644656811409e+02,2.687002549668e+01,-1.755013535859e+02,6.058444039007e+01,-1.573056334314e+02,1.000000000000e+00,-0.167143629046
1277,16433,6017944335.937500,-2.741094685682e+02,-1.644656811409e+02,-3.046817515969e+02,-1.196868300538e+02,-2.687469192708e+02,-1.580662986169e+02,1.000000000000e+00,-0.193245041635
1278,16434,6018310546.875000,-3.837532559955e+02,3.837532559955e+02,-3.226185359421e+02,4.526808247517e+02,-3.795202475115e+02,3.915108190400e+02,1.000000000000e+00,-0.219336786758
1279,16435,6018676757.812500,3.837532559955e+02,1.644656811409e+02,4.157185239162e+02,1.008094810055e+02,3.895147400760e+02,1.712522470915e+02,1.000000000000e+00,-0.245418655898
1280,16436,6019042968.750000,5.482189371364e+01,2.741094685682e+02,1.021631767843e+02,2.676389305373e+02,6.071970021984e+01,2.818593331725e+02,1.000000000000e+00,-0.271490442961
1281,16437,6019409179.687500,-3.837532559955e+02,-1.644656811409e+02,-4.154532168883e+02,-1.022191623345e+02,-3.808544292220e+02,-1.559283029665e+02,1.000000000000e+00,-0.297551944308
1282,16438,6019775390.625000,1.644656811409e+02,3.837532559955e+02,2.290302261487e+02,3.613458708152e+02,1.694524737678e+02,3.916543944117e+02,1.000000000000e+00,-0.323602958790
1283,16439,6020141601.562500,-5.482189371364e+01,-1.644656811409e+02,-8.188762159201e+01,-1.576682202428e+02,-5.149432582390e+01,-1.571624310310e+02,1.000000000000e+00,-0.349643287779
1284,16440,6020507812.500000,-5.482189371364e+01,5.482189371364e+01,-4.680163787819e+01,6.425274857306e+01,-5.143869903132e+01,6.261969542200e+01,1.000000000000e+00,-0.375672735195
1285,16441,6020874023.437500,-1.644656811409e+02,-3.837532559955e+02,-2.272560873434e+02,-3.630007630793e+02,-1.628860442663e+02,-3.768440642677e+02,1.000000000000e+00,-0.401691107536
1286,16442,6021240234.375000,-1.644656811409e+02,1.644656811409e+02,-1.411422584306e+02,1.922149277526e+02,-1.615708567998e+02,1.728012807855e+02,1.000000000000e+00,-0.427698213906
1287,16443,6021606445.312500,-5.482189371364e+01,2.741094685682e+02,-1.383792592873e+01,2.859926773318e+02,-5.183943433079e+01,2.820969426004e+02,1.000000000000e+00,-0.453693866046
1288,16444,6021972656.250000,5.482189371364e+01,3.837532559955e+02,1.126585971460e+02,3.803456230515e+02,5.748328761030e+01,3.913656468993e+02,1.000000000000e+00,-0.479677878349
1289,16445,6022338867.187500,1.644656811409e+02,-3.837532559955e+02,1.102628446406e+02,-4.132126634869e+02,1.664776459170e+02,-3.770196345684e+02,1.000000000000e+00,-0.505650067897
1290,16446,6022705078.125000,-3.837532559955e+02,-5.482189371364e+01,-3.975492987483e+02,1.453544107395e-01,-3.829843012371e+02,-4.716786589139e+01,1.000000000000e+00,-0.531610254475
1291,16447,6023071289.062500,-3.837532559955e+02,5.482189371364e+01,-3.820595549175e+02,1.109048772050e+02,-3.833722567723e+02,6.290747697476e+01,1.000000000000e+00,-0.557558260596
1292,16448,6023437500.000000,-2.741094685682e+02,5.482189371364e+01,-2.703867207907e+02,9.481969800366e+01,-2.732054259907e+02,6.297374079328e+01,1.000000000000e+00,-0.583493911526
1293,16449,6023803710.937500,1.644656811409e+02,5.482189371364e+01,1.745314139906e+02,3.222801076893e+01,1.659239865558e+02,6.140517629731e+01,1.000000000000e+00,-0.609417035299
1294,16450,6024169921.875000,-3.837532559955e+02,-3.837532559955e+02,-4.427462599367e+02,-3.352044801862e+02,-3.847141108042e+02,-3.751360599781e+02,1.000000000000e+00,-0.635327462736
1295,16451,6024536132.812500,-3.837532559955e+02,-1.644656811409e+02,-4.118109983162e+02,-1.142058231788e+02,-3.839771499341e+02,-1.562859488884e+02,1.000000000000e+00,-0.661225027469
1296,16452,6024902343.750000,-5.482189371364e+01,2.741094685682e+02,-1.888623081098e+01,2.855957543518e+02,-5.390195608409e+01,2.814614162010e+02,1.000000000000e+00,-0.687109565950
1297,16453,6025268554.687500,2.741094685682e+02,5.482189371364e+01,2.857551693995e+02,1.923903416108e+01,2.748539030062e+02,6.091262622154e+01,1.000000000000e+00,-0.712980917472
1298,16454,6025634765.625000,5.482189371364e+01,-3.837532559955e+02,4.873382359693e+00,-3.974373923887e+02,5.311235141024e+01,-3.782057858178e+02,1.000000000000e+00,-0.738838924181
1299,16455,6026000976.562500,2.741094685682e+02,-2.741094685682e+02,2.427120266919e+02,-3.151309021860e+02,2.730104180733e+02,-2.699909117386e+02,1.000000000000e+00,-0.764683431092
1300,16456,6026367187.500000,2.741094685682e+02,2.741094685682e+02,3.143545819874e+02,2.430989717625e+02,2.757530483565e+02,2.795902469285e+02,1.000000000000e+00,-0.790514286099
1301,16457,6026733398.437500,-1.644656811409e+02,2.741094685682e+02,-1.320714297392e+02,2.995590766491e+02,-1.638740479563e+02,2.817638613016e+02,1.000000000000e+00,-0.816331339988
1302,16458,6027099609.375000,-3.837532559955e+02,-2.741094685682e+02,-4.242207857876e+02,-2.303318577622e+02,-3.865215082312e+02,-2.660300146253e+02,1.000000000000e+00,-0.842134446446
1303,16459,6027465820.312500,-2.741094685682e+02,-2.741094685682e+02,-3.121892825709e+02,-2.452587310142e+02,-2.767649877488e+02,-2.673154540457e+02,1.000000000000e+00,-0.867923462075
1304,16460,6027832031.250000,3.837532559955e+02,3.837532559955e+02,4.361522675624e+02,3.450064390595e+02,3.839701807958e+02,3.894050554768e+02,1.000000000000e+00,-0.893698246392
1305,16461,6028198242.187500,-2.741094685682e+02,5.482189371364e+01,-2.727151836117e+02,8.790364146924e+01,-2.761874817190e+02,6.139953040943e+01,1.000000000000e+00,-0.919458661846
1306,16462,6028564453.125000,1.644656811409e+02,-3.837532559955e+02,1.227423384652e+02,-4.100369485672e+02,1.614414178337e+02,-3.797164851258e+02,1.000000000000e+00,-0.945204573815
1307,16463,6028930664.062500,-1.644656811409e+02,-1.644656811409e+02,-1.866612595260e+02,-1.484133792923e+02,-1.677911333334e+02,-1.585454934720e+02,1.000000000000e+00,-0.970935850620
1308,16464,6029296875.000000,-1.644656811409e+02,-1.644656811409e+02,-1.865868165994e+02,-1.485423910912e+02,-1.681877309554e+02,-1.585421945807e+02,1.000000000000e+00,-0.996652363524
1309,16465,6029663085.937500,1.644656811409e+02,1.644656811409e+02,1.865023347404e+02,1.486802970879e+02,1.637969816837e+02,1.686246713249e+02,1.000000000000e+00,-1.022353986736
1310,16466,6030029296.875000,5.482189371364e+01,2.741094685682e+02,8.714562553276e+01,2.731052965674e+02,5.481727772887e+01,2.791802480265e+02,1.000000000000e+00,-1.048040597415
1311,16467,6030395507.812500,3.837532559955e+02,-3.837532559955e+02,3.486225705450e+02,-4.335920178677e+02,3.791042964232e+02,-3.827655617856e+02,1.000000000000e+00,-1.073712075671
1312,16468,6030761718.750000,-3.837532559955e+02,3.837532559955e+02,-3.499193887624e+02,4.322930352788e+02,-3.851576895463e+02,3.911293048456e+02,1.000000000000e+00,-1.099368304566
1313,16469,6031127929.687500,-1.644656811409e+02,-1.644656811409e+02,-1.848088781361e+02,-1.504595876505e+02,-1.685458189784e+02,-1.597524968036e+02,1.000000000000e+00,-1.125009170111
1314,16470,6031494140.625000,5.482189371364e+01,3.837532559955e+02,9.520130123284e+01,3.856545712915e+02,5.344316919617e+01,3.882301901747e+02,1.000000000000e+00,-1.150634561270
1315,16471,6031860351.562500,-5.482189371364e+01,-1.644656811409e+02,-7.242879346938e+01,-1.622338567748e+02,-5.892250937196e+01,-1.607644814199e+02,1.000000000000e+00,-1.176244369952
1316,16472,6032226562.500000,-5.482189371364e+01,-2.741094685682e+02,-8.300667860746e+01,-2.742307027991e+02,-5.953588494854e+01,-2.708784697828e+02,1.000000000000e+00,-1.201838491013
1317,16473,6032592773.437500,2.741094685682e+02,3.837532559955e+02,3.170902531874e+02,3.649226172651e+02,2.728918820997e+02,3.867101169853e+02,1.000000000000e+00,-1.227416822249
1318,16474,6032958984.375000,-1.644656811409e+02,5.482189371364e+01,-1.626196426102e+02,7.174207987131e+01,-1.682669547525e+02,5.884682914051e+01,1.000000000000e+00,-1.252979264392
1319,16475,6033325195.312500,2.741094685682e+02,-1.644656811409e+02,2.640584173812e+02,-1.942254047548e+02,2.699591590807e+02,-1.637850288453e+02,1.000000000000e+00,-1.278525721105
1320,16476,6033691406.250000,-2.741094685682e+02,-5.482189371364e+01,-2.851684174063e+02,-2.959838781003e+01,-2.791816018521e+02,-5.005875816620e+01,1.000000000000e+00,-1.304056098975
1321,16477,6034057617.187500,5.482189371364e+01,3.837532559955e+02,9.278561180257e+01,3.866601854096e+02,5.468959804273e+01,3.866968016381e+02,1.000000000000e+00,-1.329570307508
1322,16478,6034423828.125000,-2.741094685682e+02,1.644656811409e+02,-2.648106943508e+02,1.933371973549e+02,-2.776352137254e+02,1.691936785745e+02,1.000000000000e+00,-1.355068259119
1323,16479,6034790039.062500,3.837532559955e+02,-5.482189371364e+01,3.872294911020e+02,-9.014540826510e+01,3.803504237950e+02,-5.537430317605e+01,1.000000000000e+00,-1.380549869121
1324,16480,6035156250.000000,-5.482189371364e+01,-5.482189371364e+01,-6.077125252694e+01,-5.125576933430e+01,-5.943974449046e+01,-5.302716037812e+01,1.000000000000e+00,-1.406015055723
1325,16481,6035522460.937500,-2.741094685682e+02,-2.741094685682e+02,-3.036507881807e+02,-2.562790058111e+02,-2.807503206436e+02,-2.714829368250e+02,1.000000000000e+00,-1.431463740010
1326,16482,6035888671.875000,5.482189371364e+01,-2.741094685682e+02,3.238929093973e+01,-2.845787968426e+02,4.847807702562e+01,-2.738876393304e+02,1.000000000000e+00,-1.456895845943
1327,16483,6036254882.812500,1.644656811409e+02,1.644656811409e+02,1.817615042179e+02,1.540300629542e+02,1.616520701488e+02,1.642946636377e+02,1.000000000000e+00,-1.482311300337
1328,16484,6036621093.750000,-2.741094685682e+02,-3.837532559955e+02,-3.112820886077e+02,-3.692717447450e+02,-2.814620348144e+02,-3.817202523309e+02,1.000000000000e+00,-1.507710032857
1329,16485,6036987304.687500,-1.644656811409e+02,1.644656811409e+02,-1.547822150727e+02,1.809886677017e+02,-1.679813553875e+02,1.659876917269e+02,1.000000000000e+00,-1.533091975999
1330,16486,6037353515.625000,1.644656811409e+02,5.482189371364e+01,1.721836255685e+02,4.305268434200e+01,1.605974285621e+02,5.387596753045e+01,1.000000000000e+00,-1.558457065082
1331,16487,6037719726.562500,5.482189371364e+01,1.644656811409e+02,6.867765107950e+01,1.636369305714e+02,5.161503521335e+01,1.640297883508e+02,1.000000000000e+00,-1.583805238228
1332,16488,6038085937.500000,-5.482189371364e+01,3.837532559955e+02,-2.685553414456e+01,3.958967905660e+02,-5.661359244856e+01,3.839584374533e+02,1.000000000000e+00,-1.609136436353
1333,16489,6038452148.437500,-5.482189371364e+01,-2.741094685682e+02,-7.606562667158e+01,-2.759029084354e+02,-6.077711424855e+01,-2.747806119035e+02,1.000000000000e+00,-1.634450603149
1334,16490,6038818359.375000,-5.482189371364e+01,2.741094685682e+02,-3.663234473964e+01,2.838978758839e+02,-5.796031765559e+01,2.736865393393e+02,1.000000000000e+00,-1.659747685064
1335,16491,6039184570.312500,-2.741094685682e+02,3.837532559955e+02,-2.534820164758e+02,4.112167699006e+02,-2.769867878233e+02,3.843431618652e+02,1.000000000000e+00,-1.685027631295
1336,16492,6039550781.250000,3.837532559955e+02,3.837532559955e+02,4.190249333181e+02,3.656499389559e+02,3.825791353851e+02,3.805907077321e+02,1.000000000000e+00,-1.710290393762
1337,16493,6039916992.187500,-3.837532559955e+02,-2.741094685682e+02,-4.115830998875e+02,-2.536250085990e+02,-3.908603392095e+02,-2.735973263753e+02,1.000000000000e+00,-1.735535927095
1338,16494,6040283203.125000,3.837532559955e+02,-1.644656811409e+02,3.814393099590e+02,-1.943582449007e+02,3.793875521493e+02,-1.696943587841e+02,1.000000000000e+00,-1.760764188616
1339,16495,6040649414.062500,-5.482189371364e+01,3.837532559955e+02,-3.084693527892e+01,3.963497454060e+02,-5.653224077798e+01,3.828149934248e+02,1.000000000000e+00,-1.785975138316
1340,16496,6041015625.000000,2.741094685682e+02,1.644656811409e+02,2.910776641843e+02,1.509131925090e+02,2.718393986197e+02,1.608245180438e+02,1.000000000000e+00,-1.811168738844
1341,16497,6041381835.937500,2.741094685682e+02,3.837532559955e+02,3.042655910505e+02,3.757922863150e+02,2.728793910661e+02,3.804523021779e+02,1.000000000000e+00,-1.836344955480
1342,16498,6041748046.875000,-1.644656811409e+02,-5.482189371364e+01,-1.715645244388e+02,-4.621859070675e+01,-1.688126559724e+02,-5.723349164893e+01,1.000000000000e+00,-1.861503756119
1343,16499,6042114257.812500,-2.741094685682e+02,1.644656811409e+02,-2.707948953958e+02,1.843001223168e+02,-2.775253716929e+02,1.626697516989e+02,1.000000000000e+00,-1.886645111250
1344,16500,6042480468.750000,-1.644656811409e+02,-3.837532559955e+02,-1.904627325012e+02,-3.831769447165e+02,-1.702094315002e+02,-3.872742781748e+02,1.000000000000e+00,-1.911768993934
1345,16501,6042846679.687500,-1.644656811409e+02,2.741094685682e+02,-1.527010183668e+02,2.899235724973e+02,-1.667485007473e+02,2.717844535711e+02,1.000000000000e+00,-1.936875379786
1346,16502,6043212890.625000,-1.644656811409e+02,2.741094685682e+02,-1.530229829604e+02,2.899290220802e+02,-1.665961254588e+02,2.717289466482e+02,1.000000000000e+00,-1.961964246950
1347,16503,6043579101.562500,2.741094685682e+02,5.482189371364e+01,2.839277631693e+02,4.103934749071e+01,2.722382982225e+02,4.909249566361e+01,1.000000000000e+00,-1.987035576079
1348,16504,6043945312.500000,2.741094685682e+02,-2.741094685682e+02,2.662179946884e+02,-2.959936493569e+02,2.705632206233e+02,-2.814169682006e+02,1.000000000000e+00,-2.012089350313
1349,16505,6044311523.437500,-3.837532559955e+02,-3.837532559955e+02,-4.139126119736e+02,-3.731609178521e+02,-3.904047987822e+02,-3.876479675800e+02,1.000000000000e+00,-2.037125555257
1350,16506,6044677734.375000,-3.837532559955e+02,3.837532559955e+02,-3.735830603592e+02,4.133612176176e+02,-3.854792668085e+02,3.825243238191e+02,1.000000000000e+00,-2.062144178956
1351,16507,6045043945.312500,-5.482189371364e+01,5.482189371364e+01,-5.342816316566e+01,5.896535211839e+01,-5.712376417280e+01,5.014999366765e+01,1.000000000000e+00,-2.087145211874
1352,16508,6045410156.250000,5.482189371364e+01,2.741094685682e+02,6.951506385518e+01,2.780879282678e+02,5.415583858117e+01,2.691221017996e+02,1.000000000000e+00,-2.112128646870
1353,16509,6045776367.187500,-5.482189371364e+01,2.741094685682e+02,-4.322354767830e+01,2.831131198654e+02,-5.568419373679e+01,2.692202261451e+02,1.000000000000e+00,-2.137094479175
1354,16510,6046142578.125000,-2.741094685682e+02,1.644656811409e+02,-2.729441269905e+02,1.808571037272e+02,-2.755844405007e+02,1.601595087250e+02,1.000000000000e+00,-2.162042706368
1355,16511,6046508789.062500,-5.482189371364e+01,2.741094685682e+02,-4.363770394716e+01,2.832030968604e+02,-5.510032222058e+01,2.690102197396e+02,1.000000000000e+00,-2.186973328352
1356,16512,6046875000.000000,1.644656811409e+02,5.482189371364e+01,1.710403397148e+02,4.872087645245e+01,1.638755476361e+02,4.779924219654e+01,1.000000000000e+00,-2.211886347327
1357,16513,6047241210.937500,-1.644656811409e+02,5.482189371364e+01,-1.662267886656e+02,6.348504230823e+01,-1.658901805957e+02,4.963364737368e+01,1.000000000000e+00,-2.236781767771
1358,16514,6047607421.875000,2.741094685682e+02,-1.644656811409e+02,2.742220290227e+02,-1.803827498175e+02,2.733568213629e+02,-1.730775926096e+02,1.000000000000e+00,-2.261659596411
1359,16515,6047973632.812500,-3.837532559955e+02,2.741094685682e+02,-3.826900904204e+02,2.970164561014e+02,-3.848390969757e+02,2.703440010514e+02,1.000000000000e+00,-2.286519842201
1360,16516,6048339843.750000,1.644656811409e+02,2.741094685682e+02,1.798822854246e+02,2.745719063857e+02,1.661165431772e+02,2.674548336147e+02,1.000000000000e+00,-2.311362516293
1361,16517,6048706054.687500,1.644656811409e+02,-3.837532559955e+02,1.531421556072e+02,-4.002549680031e+02,1.624816863288e+02,-3.931197989298e+02,1.000000000000e+00,-2.336187632018
1362,16518,6049072265.625000,3.837532559955e+02,1.644656811409e+02,3.999987542291e+02,1.532544629696e+02,3.860727625024e+02,1.552822260192e+02,1.000000000000e+00,-2.360995204856
1363,16519,6049438476.562500,-5.482189371364e+01,5.482189371364e+01,-5.408373676459e+01,5.824915594740e+01,-5.431331200528e+01,4.797183786535e+01,1.000000000000e+00,-2.385785252412
1364,16520,6049804687.500000,2.741094685682e+02,-1.644656811409e+02,2.747333694951e+02,-1.782510177809e+02,2.744211963938e+02,-1.733682388677e+02,1.000000000000e+00,-2.410557794391
1365,16521,6050170898.437500,-1.644656811409e+02,-3.837532559955e+02,-1.817617976318e+02,-3.870859841765e+02,-1.654682352712e+02,-3.910973963537e+02,1.000000000000e+00,-2.435312852572
1366,16522,6050537109.375000,3.837532559955e+02,-5.482189371364e+01,3.910366058524e+02,-6.956829774049e+01,3.852873321273e+02,-6.455581471740e+01,1.000000000000e+00,-2.460050450783
1367,16523,6050903320.312500,-5.482189371364e+01,2.741094685682e+02,-4.654132525780e+01,2.826937359661e+02,-5.179704177550e+01,2.672600199415e+02,1.000000000000e+00,-2.484770614874
1368,16524,6051269531.250000,-3.837532559955e+02,1.644656811409e+02,-3.875829966577e+02,1.813978669058e+02,-3.818803276624e+02,1.591056380116e+02,1.000000000000e+00,-2.509473372696
1369,16525,6051635742.187500,-1.644656811409e+02,-3.837532559955e+02,-1.806583731524e+02,-3.879096085643e+02,-1.644479911345e+02,-3.917105893421e+02,1.000000000000e+00,-2.534158754066
1370,16526,6052001953.125000,-5.482189371364e+01,1.644656811409e+02,-5.126008994007e+01,1.701197995595e+02,-5.202572637932e+01,1.569977666723e+02,1.000000000000e+00,-2.558826790752
1371,16527,6052368164.062500,1.644656811409e+02,2.741094685682e+02,1.768158445044e+02,2.757049587344e+02,1.687403091274e+02,2.657486792206e+02,1.000000000000e+00,-2.583477516439
1372,16528,6052734375.000000,2.741094685682e+02,-2.741094685682e+02,2.720681687509e+02,-2.892368502025e+02,2.757569907639e+02,-2.843352037019e+02,1.000000000000e+00,-2.608110966707
1373,16529,6053100585.937500,5.482189371364e+01,3.837532559955e+02,6.823185516639e+01,3.911601766988e+02,6.097521120104e+01,3.757587123191e+02,1.000000000000e+00,-2.632727179006
1374,16530,6053466796.875000,2.741094685682e+02,-5.482189371364e+01,2.791158371102e+02,-6.448074350647e+01,2.778642730800e+02,-6.495761228324e+01,1.000000000000e+00,-2.657326192626
1375,16531,6053833007.812500,2.741094685682e+02,-1.644656811409e+02,2.761242692287e+02,-1.765580667567e+02,2.776505360917e+02,-1.747810252622e+02,1.000000000000e+00,-2.681908048676
1376,16532,6054199218.750000,5.482189371364e+01,3.837532559955e+02,6.676191132553e+01,3.917761976374e+02,6.127523948151e+01,3.761446738939e+02,1.000000000000e+00,-2.706472790056
1377,16533,6054565429.687500,-2.741094685682e+02,5.482189371364e+01,-2.793847738439e+02,6.316197912638e+01,-2.697987892465e+02,4.784157721072e+01,1.000000000000e+00,-2.731020461432
1378,16534,6054931640.625000,1.644656811409e+02,-2.741094685682e+02,1.619359977749e+02,-2.845235130964e+02,1.688171358790e+02,-2.831092023807e+02,1.000000000000e+00,-2.755551109209
1379,16535,6055297851.562500,-2.741094685682e+02,-5.482189371364e+01,-2.818437621663e+02,-4.975955262172e+01,-2.693129572914e+02,-6.221322781384e+01,1.000000000000e+00,-2.780064781506
1380,16536,6055664062.500000,1.644656811409e+02,2.741094685682e+02,1.746636252816e+02,2.766925319120e+02,1.711583734354e+02,2.655691132794e+02,1.000000000000e+00,-2.804561528134
1381,16537,6056030273.437500,2.741094685682e+02,-5.482189371364e+01,2.791961399781e+02,-6.239324785093e+01,2.799354782390e+02,-6.406496444761e+01,1.000000000000e+00,-2.829041400563
1382,16538,6056396484.375000,3.837532559955e+02,-5.482189371364e+01,3.916629921335e+02,-6.390814130158e+01,3.902004334458e+02,-6.368591323607e+01,1.000000000000e+00,-2.853504451905
1383,16539,6056762695.312500,-5.482189371364e+01,3.837532559955e+02,-4.935933082431e+01,3.938791644785e+02,-4.835592441469e+01,3.762091095249e+02,1.000000000000e+00,-2.877950736884
1384,16540,6057128906.250000,-3.837532559955e+02,1.644656811409e+02,-3.905024989211e+02,1.745428859548e+02,-3.777060954270e+02,1.563092654404e+02,1.000000000000e+00,-2.902380311810
1385,16541,6057495117.187500,5.482189371364e+01,-2.741094685682e+02,5.193779933053e+01,-2.818559516409e+02,6.246926909450e+01,-2.825299510236e+02,1.000000000000e+00,-2.926793234558
1386,16542,6057861328.125000,-3.837532559955e+02,-3.837532559955e+02,-3.995716462785e+02,-3.878394844603e+02,-3.770822529224e+02,-3.930206023598e+02,1.000000000000e+00,-2.951189564540
1387,16543,6058227539.062500,-2.741094685682e+02,3.837532559955e+02,-2.754400760575e+02,3.977542828717e+02,-2.673214235642e+02,3.770947851706e+02,1.000000000000e+00,-2.975569362682
1388,16544,6058593750.000000,-5.482189371364e+01,5.482189371364e+01,-5.539775435487e+01,5.699835790787e+01,-4.677510775888e+01,4.741239033753e+01,1.000000000000e+00,-2.999932691397
1389,16545,6058959960.937500,2.741094685682e+02,-1.644656811409e+02,2.784579111003e+02,-1.723820284556e+02,2.831647181081e+02,-1.719857939271e+02,1.000000000000e+00,-3.024279614563
1390,16546,6059326171.875000,2.741094685682e+02,2.741094685682e+02,2.845327279162e+02,2.769859916668e+02,2.832391383358e+02,2.674131285403e+02,1.000000000000e+00,-3.048610197496
1391,16547,6059692382.812500,1.644656811409e+02,5.482189371364e+01,1.691708081370e+02,5.396316450057e+01,1.738425467081e+02,4.790133919235e+01,1.000000000000e+00,-3.072924506930
1392,16548,6060058593.750000,-1.644656811409e+02,-3.837532559955e+02,-1.733931483345e+02,-3.908867144892e+02,-1.550072537848e+02,-3.912749635828e+02,1.000000000000e+00,-3.097222610988
1393,16549,6060424804.687500,-3.837532559955e+02,3.837532559955e+02,-3.879666544752e+02,3.981165568763e+02,-3.744186272417e+02,3.776225966229e+02,1.000000000000e+00,-3.121504579161
1394,16550,6060791015.625000,-1.644656811409e+02,-2.741094685682e+02,-1.721665236400e+02,-2.785404539651e+02,-1.548278195770e+02,-2.809501112338e+02,1.000000000000e+00,3.137414824896
1395,16551,6061157226.562500,-5.482189371364e+01,-2.741094685682e+02,-5.981215006288e+01,-2.800672530249e+02,-4.476043738791e+01,-2.808727429121e+02,1.000000000000e+00,3.113164914669
1396,16552,6061523437.500000,2.741094685682e+02,-2.741094685682e+02,2.774313782082e+02,-2.842609787392e+02,2.851919974967e+02,-2.809047795746e+02,1.000000000000e+00,3.088930923888
1397,16553,6061889648.437500,5.482189371364e+01,-1.644656811409e+02,5.427271451650e+01,-1.691719934429e+02,6.596307954329e+01,-1.707390607140e+02,1.000000000000e+00,3.064712777828
1398,16554,6062255859.375000,2.741094685682e+02,2.741094685682e+02,2.839271916554e+02,2.778998200181e+02,2.858984852421e+02,2.690134634447e+02,1.000000000000e+00,3.040510400515
1399,16555,6062622070.312500,5.482189371364e+01,5.482189371364e+01,5.676055721978e+01,5.560749546579e+01,6.651872056392e+01,4.946501394250e+01,1.000000000000e+00,3.016323714747
1400,16556,6062988281.250000,2.741094685682e+02,1.644656811409e+02,2.825776249847e+02,1.658043758499e+02,2.864535824880e+02,1.597388409152e+02,1.000000000000e+00,2.992152642118
1401,16557,6063354492.187500,-1.644656811409e+02,-3.837532559955e+02,-1.724426363186e+02,-3.915780627929e+02,-1.525017349406e+02,-3.895326722347e+02,1.000000000000e+00,2.967997103041
1402,16558,6063720703.125000,-1.644656811409e+02,-2.741094685682e+02,-1.713504341277e+02,-2.791602793026e+02,-1.523518151052e+02,-2.793133094522e+02,1.000000000000e+00,2.943857016767
1403,16559,6064086914.062500,5.482189371364e+01,-2.741094685682e+02,5.339118051502e+01,-2.814335426564e+02,6.758708494483e+01,-2.790822826761e+02,1.000000000000e+00,2.919732301410
1404,16560,6064453125.000000,3.837532559955e+02,5.482189371364e+01,3.939595802288e+02,5.280499140546e+01,3.976242857199e+02,5.112745646621e+01,1.000000000000e+00,2.895622873970
1405,16561,6064819335.937500,5.482189371364e+01,-2.741094685682e+02,5.416511773239e+01,-2.816433015294e+02,6.874231292296e+01,-2.787237371695e+02,1.000000000000e+00,2.871528650351
1406,16562,6065185546.875000,-1.644656811409e+02,-5.482189371364e+01,-1.691064903047e+02,-5.516031543549e+01,-1.513693402815e+02,-5.900957211778e+01,1.000000000000e+00,2.847449545384
1407,16563,6065551757.812500,-5.482189371364e+01,5.482189371364e+01,-5.589332493376e+01,5.654453567274e+01,-4.144210572416e+01,5.153182299797e+01,1.000000000000e+00,2.823385472852
1408,16564,6065917968.750000,2.741094685682e+02,-1.644656811409e+02,2.800831435588e+02,-1.700130081846e+02,2.892150658801e+02,-1.667295516038e+02,1.000000000000e+00,2.799336345504
1409,16565,6066284179.687500,3.837532559955e+02,5.482189371364e+01,3.936569587980e+02,5.435966248607e+01,3.985394929927e+02,5.388412031236e+01,1.000000000000e+00,2.775302075081
1410,16566,6066650390.625000,2.741094685682e+02,-3.837532559955e+02,2.794176105154e+02,-3.947371445514e+02,2.908363232486e+02,-3.858390878316e+02,1.000000000000e+00,2.751282572337
1411,16567,6067016601.562500,2.741094685682e+02,2.741094685682e+02,2.822940208228e+02,2.801028079317e+02,2.882243215306e+02,2.742545955326e+02,1.000000000000e+00,2.727277747055
1412,16568,6067382812.500000,-5.482189371364e+01,-1.644656811409e+02,-5.696609410954e+01,-1.685249262351e+02,-3.956059619789e+01,-1.667927102771e+02,1.000000000000e+00,2.703287508073
1413,16569,6067749023.437500,3.837532559955e+02,-2.741094685682e+02,3.926015507624e+02,-2.831313051202e+02,4.010576309933e+02,-2.748260741165e+02,1.000000000000e+00,2.679311763297
1414,16570,6068115234.375000,-2.741094685682e+02,-3.837532559955e+02,-2.830632641813e+02,-3.926145326231e+02,-2.584660141765e+02,-3.869541028822e+02,1.000000000000e+00,2.655350419727
1415,16571,6068481445.312500,3.837532559955e+02,3.837532559955e+02,3.948587019816e+02,3.922636868204e+02,3.981708586040e+02,3.861905569261e+02,1.000000000000e+00,2.631403383475
1416,16572,6068847656.250000,2.741094685682e+02,1.644656811409e+02,2.812720058721e+02,1.679297626823e+02,2.890775538313e+02,1.663358606263e+02,1.000000000000e+00,2.607470559783
1417,16573,6069213867.187500,-5.482189371364e+01,2.741094685682e+02,-5.561429839110e+01,2.809443754933e+02,-4.102817521701e+01,2.745324591459e+02,1.000000000000e+00,2.583551853040
1418,16574,6069580078.125000,-1.644656811409e+02,2.741094685682e+02,-1.678455813481e+02,2.812671382482e+02,-1.506176858471e+02,2.743535677769e+02,1.000000000000e+00,2.559647166807
1419,16575,6069946289.062500,-3.837532559955e+02,5.482189371364e+01,-3.930919552000e+02,5.728841814518e+01,-3.689296958728e+02,5.399335036523e+01,1.000000000000e+00,2.535756403829
1420,16576,6070312500.000000,3.837532559955e+02,1.644656811409e+02,3.940590296856e+02,1.668170847761e+02,3.998652538713e+02,1.677386546504e+02,1.000000000000e+00,2.511879466060
1421,16577,6070678710.937500,3.837532559955e+02,-1.644656811409e+02,3.923195533895e+02,-1.710492995198e+02,4.009603492568e+02,-1.621637388166e+02,1.000000000000e+00,2.488016254674
1422,16578,6071044921.875000,-2.741094685682e+02,-2.741094685682e+02,-2.831749194133e+02,-2.788830428423e+02,-2.584702829209e+02,-2.725818239205e+02,1.000000000000e+00,2.464166670088
1423,16579,6071411132.812500,2.741094685682e+02,-5.482189371364e+01,2.807705072605e+02,-5.787644829590e+01,2.911734622027e+02,-5.154262840407e+01,1.000000000000e+00,2.440330611980
1424,16580,6071777343.750000,1.644656811409e+02,3.837532559955e+02,1.703365744652e+02,3.929433974612e+02,1.795943799050e+02,3.887439466449e+02,1.000000000000e+00,2.416507979301
1425,16581,6072143554.687500,-3.837532559955e+02,2.741094685682e+02,-3.927594344350e+02,2.825108452224e+02,-3.699809525879e+02,2.765750962184e+02,1.000000000000e+00,2.392698670300
1426,16582,6072509765.625000,3.837532559955e+02,5.482189371364e+01,3.938751833486e+02,5.470807906952e+01,4.009860824527e+02,6.083421786099e+01,1.000000000000e+00,2.368902582533
1427,16583,6072875976.562500,1.644656811409e+02,-1.644656811409e+02,1.679439444828e+02,-1.694471872502e+02,1.820280706986e+02,-1.597412209562e+02,1.000000000000e+00,2.345119612888
1428,16584,6073242187.500000,-2.741094685682e+02,1.644656811409e+02,-2.804048145652e+02,1.696937159925e+02,-2.591716895650e+02,1.684263346485e+02,1.000000000000e+00,2.321349657593
1429,16585,6073608398.437500,3.837532559955e+02,3.837532559955e+02,3.942225548613e+02,3.922523362320e+02,3.984112405424e+02,3.923028783995e+02,1.000000000000e+00,2.297592612241
1430,16586,6073974609.375000,5.482189371364e+01,3.837532559955e+02,5.662177529276e+01,3.929431116023e+02,6.828730934292e+01,3.904846849770e+02,1.000000000000e+00,2.273848371800
1431,16587,6074340820.312500,-1.644656811409e+02,-1.644656811409e+02,-1.689949981755e+02,-1.680969528231e+02,-1.472948004459e+02,-1.595928449731e+02,1.000000000000e+00,2.250116830628
1432,16588,6074707031.250000,-2.741094685682e+02,3.837532559955e+02,-2.794234287726e+02,3.947858036344e+02,-2.604434443950e+02,3.901041406874e+02,1.000000000000e+00,2.226397882496
1433,16589,6075073242.187500,-1.644656811409e+02,5.482189371364e+01,-1.684831778265e+02,5.712167746490e+01,-1.489277351076e+02,6.143287042961e+01,1.000000000000e+00,2.202691420596
1434,16590,6075439453.125000,-2.741094685682e+02,-1.644656811409e+02,-2.816769570941e+02,-1.680379235308e+02,-2.574967305375e+02,-1.593593556019e+02,1.000000000000e+00,2.178997337560
1435,16591,6075805664.062500,2.741094685682e+02,-2.741094685682e+02,2.812288570921e+02,-2.811951893830e+02,2.938926248173e+02,-2.640697203319e+02,1.000000000000e+00,2.155315525474
1436,16592,6076171875.000000,-3.837532559955e+02,-1.644656811409e+02,-3.935397203778e+02,-1.691723593704e+02,-3.669256845375e+02,-1.608081616187e+02,1.000000000000e+00,2.131645875891
1437,16593,6076538085.937500,-1.644656811409e+02,2.741094685682e+02,-1.689002903867e+02,2.812548455410e+02,-1.519931886367e+02,2.822075147325e+02,1.000000000000e+00,2.107988279849
1438,16594,6076904296.875000,5.482189371364e+01,2.741094685682e+02,5.637408139831e+01,2.813886800806e+02,6.806060749394e+01,2.851156140014e+02,1.000000000000e+00,2.084342627885
1439,16595,6077270507.812500,-2.741094685682e+02,5.482189371364e+01,-2.814423677852e+02,5.651589557120e+01,-2.599685760820e+02,6.210059029808e+01,1.000000000000e+00,2.060708810044
1440,16596,6077636718.750000,-2.741094685682e+02,-2.741094685682e+02,-2.818801837616e+02,-2.812437762418e+02,-2.568175986746e+02,-2.677310972848e+02,1.000000000000e+00,2.037086715900
1441,16597,6078002929.687500,-1.644656811409e+02,1.644656811409e+02,-1.687296981225e+02,1.692318101487e+02,-1.513683612031e+02,1.743098436191e+02,1.000000000000e+00,2.013476234565
1442,16598,6078369140.625000,5.482189371364e+01,-5.482189371364e+01,5.614286416850e+01,-5.638202596817e+01,7.087897441634e+01,-4.324648861790e+01,1.000000000000e+00,1.989877254703
1443,16599,6078735351.562500,-5.482189371364e+01,-2.741094685682e+02,-5.697490120811e+01,-2.808342630828e+02,-3.718909396975e+01,-2.635608750249e+02,1.000000000000e+00,1.966289664546
1444,16600,6079101562.500000,-3.837532559955e+02,3.837532559955e+02,-3.917216666837e+02,3.943248040561e+02,-3.727934744402e+02,3.928059307704e+02,1.000000000000e+00,1.942713351902
1445,16601,6079467773.437500,2.741094685682e+02,2.741094685682e+02,2.816533970414e+02,2.796240764492e+02,2.866105404606e+02,2.894345070095e+02,1.000000000000e+00,1.919148204174
1446,16602,6079833984.375000,2.741094685682e+02,-3.837532559955e+02,2.790070976378e+02,-3.938646713004e+02,2.923955128656e+02,-3.684729773428e+02,1.000000000000e+00,1.895594108368
1447,16603,6080200195.312500,1.644656811409e+02,5.482189371364e+01,1.685074693620e+02,5.555434163159e+01,1.783338703042e+02,6.993887247546e+01,1.000000000000e+00,1.872050951107
1448,16604,6080566406.250000,5.482189371364e+01,1.644656811409e+02,5.643629017782e+01,1.682542959173e+02,6.698415308820e+01,1.790732533427e+02,1.000000000000e+00,1.848518618644
1449,16605,6080932617.187500,-1.644656811409e+02,2.741094685682e+02,-1.682639353135e+02,2.807395042381e+02,-1.545612011884e+02,2.863391428471e+02,1.000000000000e+00,1.824996996871
1450,16606,6081298828.125000,2.741094685682e+02,-1.644656811409e+02,2.807186811452e+02,-1.689740208080e+02,2.904312899066e+02,-1.465040704000e+02,1.000000000000e+00,1.801485971335
1451,16607,6081665039.062500,-2.741094685682e+02,3.837532559955e+02,-2.801662831549e+02,3.946491201193e+02,-2.663821944587e+02,3.967365315171e+02,1.000000000000e+00,1.777985427247
1452,16608,6082031250.000000,-5.482189371364e+01,5.482189371364e+01,-5.607940468382e+01,5.656519909780e+01,-4.265404971072e+01,6.991541978145e+01,1.000000000000e+00,1.754495249493
1453,16609,6082397460.937500,5.482189371364e+01,5.482189371364e+01,5.655941555256e+01,5.600031622835e+01,6.714311223167e+01,7.148543031574e+01,1.000000000000e+00,1.731015322649
1454,16610,6082763671.875000,5.482189371364e+01,-5.482189371364e+01,5.592124340993e+01,-5.655353657609e+01,6.797880842745e+01,-3.813875985178e+01,1.000000000000e+00,1.707545530986
1455,16611,6083129882.812500,-1.644656811409e+02,-1.644656811409e+02,-1.696804486756e+02,-1.674965884532e+02,-1.510392651661e+02,-1.498773007511e+02,1.000000000000e+00,1.684085758486
1456,16612,6083496093.750000,1.644656811409e+02,-2.741094685682e+02,1.663103897572e+02,-2.820829903113e+02,1.790696446485e+02,-2.559385209941e+02,1.000000000000e+00,1.660635888849
1457,16613,6083862304.687500,3.837532559955e+02,5.482189371364e+01,3.933279021938e+02,5.261499046956e+01,3.949877645231e+02,7.560011412633e+01,1.000000000000e+00,1.637195805507
1458,16614,6084228515.625000,-2.741094685682e+02,2.741094685682e+02,-2.782398560035e+02,2.831751535721e+02,-2.659512637081e+02,2.896193929472e+02,1.000000000000e+00,1.613765391633
1459,16615,6084594726.562500,-5.482189371364e+01,-3.837532559955e+02,-5.929130899538e+01,-3.929751589345e+02,-4.013189228420e+01,-3.671245838761e+02,1.000000000000e+00,1.590344530148
1460,16616,6084960937.500000,-3.837532559955e+02,-3.837532559955e+02,-3.965644007201e+02,-3.911195696086e+02,-3.700432832761e+02,-3.712843287510e+02,1.000000000000e+00,1.566933103735
1461,16617,6085327148.437500,5.482189371364e+01,-3.837532559955e+02,5.321887999939e+01,-3.944750108002e+02,6.948414891449e+01,-3.658102179943e+02,1.000000000000e+00,1.543530994848
1462,16618,6085693359.375000,-1.644656811409e+02,-3.837532559955e+02,-1.724512923923e+02,-3.926989872414e+02,-1.513451210441e+02,-3.681497686728e+02,1.000000000000e+00,1.520138085719
1463,16619,6086059570.312500,1.644656811409e+02,3.837532559955e+02,1.727987264729e+02,3.926667395787e+02,1.701040413745e+02,4.067070847746e+02,1.000000000000e+00,1.496754258371
1464,16620,6086425781.250000,-3.837532559955e+02,1.644656811409e+02,-3.925774958419e+02,1.723260891346e+02,-3.786025593394e+02,1.800500847262e+02,1.000000000000e+00,1.473379394624
1465,16621,6086791992.187500,5.482189371364e+01,-3.837532559955e+02,5.317899876358e+01,-3.942471341531e+02,6.857878914045e+01,-3.642242245533e+02,1.000000000000e+00,1.450013376108
1466,16622,6087158203.125000,5.482189371364e+01,3.837532559955e+02,5.919065236571e+01,3.932279874061e+02,5.714286346948e+01,4.059321719454e+02,1.000000000000e+00,1.426656084265
1467,16623,6087524414.062500,5.482189371364e+01,-3.837532559955e+02,5.308150837362e+01,-3.940612601821e+02,6.801205344162e+01,-3.634204754995e+02,1.000000000000e+00,1.403307400367
1468,16624,6087890625.000000,-5.482189371364e+01,-5.482189371364e+01,-5.670214604560e+01,-5.574716400128e+01,-4.723801950135e+01,-3.495073412380e+01,1.000000000000e+00,1.379967205516
1469,16625,6088256835.937500,5.482189371364e+01,-3.837532559955e+02,5.238661456990e+01,-3.941474227577e+02,6.684562459090e+01,-3.629382738297e+02,1.000000000000e+00,1.356635380658
1470,16626,6088623046.875000,2.741094685682e+02,5.482189371364e+01,2.818183152811e+02,5.304207172558e+01,2.801562735678e+02,7.989388322907e+01,1.000000000000e+00,1.333311806590
1471,16627,6088989257.812500,-3.837532559955e+02,-2.741094685682e+02,-3.973467309527e+02,-2.761152913384e+02,-3.761070505437e+02,-2.580359760902e+02,1.000000000000e+00,1.309996363965
1472,16628,6089355468.750000,-3.837532559955e+02,-1.644656811409e+02,-3.955981451831e+02,-1.638773776646e+02,-3.775299620105e+02,-1.483042453932e+02,1.000000000000e+00,1.286688933305
1473,16629,6089721679.687500,3.837532559955e+02,3.837532559955e+02,3.978264884738e+02,3.889426711659e+02,3.833660230190e+02,4.122890938386e+02,1.000000000000e+00,1.263389395005
1474,16630,6090087890.625000,-5.482189371364e+01,-5.482189371364e+01,-5.679045565665e+01,-5.559146006758e+01,-5.003263140727e+01,-3.365933151917e+01,1.000000000000e+00,1.240097629341
1475,16631,6090454101.562500,-5.482189371364e+01,3.837532559955e+02,-5.197438836265e+01,3.942619077143e+02,-5.785770477922e+01,4.062626093841e+02,1.000000000000e+00,1.216813516481
1476,16632,6090820312.500000,5.482189371364e+01,1.644656811409e+02,5.813583274509e+01,1.682258592387e+02,5.519606936677e+01,1.885047368235e+02,1.000000000000e+00,1.193536936487
1477,16633,6091186523.437500,-2.741094685682e+02,-5.482189371364e+01,-2.821669264970e+02,-5.293110602709e+01,-2.718004715624e+02,-3.697830949337e+01,1.000000000000e+00,1.170267769327
1478,16634,6091552734.375000,2.741094685682e+02,-2.741094685682e+02,2.775795281488e+02,-2.853111016700e+02,2.813866346730e+02,-2.480741372057e+02,1.000000000000e+00,1.147005894880
1479,16635,6091918945.312500,1.644656811409e+02,5.482189371364e+01,1.697105269232e+02,5.366095142293e+01,1.656933588895e+02,8.033149648535e+01,1.000000000000e+00,1.123751192940
1480,16636,6092285156.250000,-5.482189371364e+01,-2.741094685682e+02,-6.067205187107e+01,-2.805024604228e+02,-5.001959830089e+01,-2.528912658952e+02,1.000000000000e+00,1.100503543230
1481,16637,6092651367.187500,-3.837532559955e+02,-2.741094685682e+02,-3.982226648941e+02,-2.753635810394e+02,-3.803899096963e+02,-2.581159743665e+02,1.000000000000e+00,1.077262825402
1482,16638,6093017578.125000,1.644656811409e+02,2.741094685682e+02,1.730406340817e+02,2.788310668198e+02,1.601918057486e+02,3.010878163543e+02,1.000000000000e+00,1.054028919048
1483,16639,6093383789.062500,5.482189371364e+01,2.741094685682e+02,6.093383317351e+01,2.802622624194e+02,4.986691347649e+01,2.990940226076e+02,1.000000000000e+00,1.030801703702
1484,16640,6093750000.000000,2.741094685682e+02,1.644656811409e+02,2.841356134641e+02,1.634574084585e+02,2.710272441950e+02,1.923078579338e+02,1.000000000000e+00,1.007581058851
1485,16641,6094116210.937500,-1.644656811409e+02,-1.644656811409e+02,-1.718471188762e+02,-1.653010912395e+02,-1.642805771738e+02,-1.438285543146e+02,1.000000000000e+00,0.984366863939
1486,16642,6094482421.875000,-5.482189371364e+01,3.837532559955e+02,-4.871129740947e+01,3.945548994747e+02,-6.335886933506e+01,4.072883429172e+02,1.000000000000e+00,0.961158998371
1487,16643,6094848632.812500,-3.837532559955e+02,1.644656811409e+02,-3.904710145171e+02,1.760614035886e+02,-3.905604584186e+02,1.819744067640e+02,1.000000000000e+00,0.937957341523
1488,16644,6095214843.750000,-5.482189371364e+01,2.741094685682e+02,-5.069063234709e+01,2.823238481621e+02,-6.299211597330e+01,2.974923385672e+02,1.000000000000e+00,0.914761772747
1489,16645,6095581054.687500,-2.741094685682e+02,3.837532559955e+02,-2.726615989197e+02,3.998371899708e+02,-2.848359886506e+02,4.042771537965e+02,1.000000000000e+00,0.891572171373
1490,16646,6095947265.625000,-5.482189371364e+01,2.741094685682e+02,-4.956295431555e+01,2.825775626335e+02,-6.340969982067e+01,2.976527212257e+02,1.000000000000e+00,0.868388416719
1491,16647,6096313476.562500,2.741094685682e+02,-3.837532559955e+02,2.717795324934e+02,-4.002566402041e+02,2.752499705059e+02,-3.575507636550e+02,1.000000000000e+00,0.845210388094
1492,16648,6096679687.500000,5.482189371364e+01,-3.837532559955e+02,4.699631466718e+01,-3.947067077582e+02,5.515407279358e+01,-3.605298805463e+02,1.000000000000e+00,0.822037964804
1493,16649,6097045898.437500,1.644656811409e+02,3.837532559955e+02,1.776528466563e+02,3.893362110587e+02,1.521460179917e+02,4.104431430085e+02,1.000000000000e+00,0.798871026160
1494,16650,6097412109.375000,-1.644656811409e+02,1.644656811409e+02,-1.645287286713e+02,1.726493133754e+02,-1.744218586687e+02,1.852947824490e+02,1.000000000000e+00,0.775709451478
1495,16651,6097778320.312500,1.644656811409e+02,-2.741094685682e+02,1.616239139453e+02,-2.852864875387e+02,1.618999909578e+02,-2.491651626568e+02,1.000000000000e+00,0.752553120087
1496,16652,6098144531.250000,-5.482189371364e+01,-2.741094685682e+02,-6.360820371375e+01,-2.797363425674e+02,-5.869319612165e+01,-2.529469074982e+02,1.000000000000e+00,0.729401911335
1497,16653,6098510742.187500,3.837532559955e+02,1.644656811409e+02,3.986873679726e+02,1.578510803270e+02,3.743061406474e+02,1.935640303878e+02,1.000000000000e+00,0.706255704594
1498,16654,6098876953.125000,3.837532559955e+02,-3.837532559955e+02,3.825764798884e+02,-4.059343729651e+02,3.817780422619e+02,-3.576589865116e+02,1.000000000000e+00,0.683114379261
1499,16655,6099243164.062500,-5.482189371364e+01,3.837532559955e+02,-4.452268004162e+01,3.958644253862e+02,-7.021425951327e+01,4.072018952352e+02,1.000000000000e+00,0.659977814767
1500,16656,6099609375.000000,3.837532559955e+02,-2.741094685682e+02,3.856340238660e+02,-2.929835819199e+02,3.792929895686e+02,-2.469451137742e+02,1.000000000000e+00,0.636845890578
1501,16657,6099975585.937500,2.741094685682e+02,5.482189371364e+01,2.828258475334e+02,4.807596758670e+01,2.633313060410e+02,8.167801139948e+01,1.000000000000e+00,0.613718486206
1502,16658,6100341796.875000,-5.482189371364e+01,2.741094685682e+02,-4.790452560634e+01,2.829901810665e+02,-7.091263680210e+01,2.961037132164e+02,1.000000000000e+00,0.590595481205
1503,16659,6100708007.812500,-3.837532559955e+02,-1.644656811409e+02,-3.991985865059e+02,-1.568684039455e+02,-3.944390616440e+02,-1.499285849540e+02,1.000000000000e+00,0.567476755181
1504,16660,6101074218.750000,1.644656811409e+02,-1.644656811409e+02,1.636493868661e+02,-1.742005681521e+02,1.556298457330e+02,-1.409893656194e+02,1.000000000000e+00,0.544362187795
1505,16661,6101440429.687500,-3.837532559955e+02,-2.741094685682e+02,-4.028599967898e+02,-2.687697582634e+02,-3.934653993179e+02,-2.604543425899e+02,1.000000000000e+00,0.521251658767
1506,16662,6101806640.625000,5.482189371364e+01,-1.644656811409e+02,5.072775724332e+01,-1.705194977715e+02,4.439814219223e+01,-1.431045495097e+02,1.000000000000e+00,0.498145047880
1507,16663,6102172851.562500,2.741094685682e+02,-2.741094685682e+02,2.717431708990e+02,-2.904763509587e+02,2.657270591723e+02,-2.495854721433e+02,1.000000000000e+00,0.475042234986
1508,16664,6102539062.500000,1.644656811409e+02,3.837532559955e+02,1.821659601620e+02,3.880203626649e+02,1.440527531885e+02,4.083575749631e+02,1.000000000000e+00,0.451943100006
1509,16665,6102905273.437500,-1.644656811409e+02,-1.644656811409e+02,-1.747218862086e+02,-1.629751855761e+02,-1.772326403020e+02,-1.479065903977e+02,1.000000000000e+00,0.428847522938
1510,16666,6103271484.375000,-3.837532559955e+02,-3.837532559955e+02,-4.080007145207e+02,-3.799402039131e+02,-3.941580545365e+02,-3.722054447586e+02,1.000000000000e+00,0.405755383861
1511,16667,6103637695.312500,-5.482189371364e+01,3.837532559955e+02,-4.190272174501e+01,3.959354406592e+02,-7.753114308986e+01,4.037974480721e+02,1.000000000000e+00,0.382666562933
1512,16668,6104003906.250000,-5.482189371364e+01,-2.741094685682e+02,-6.675411628594e+01,-2.791839606685e+02,-6.670413239998e+01,-2.569867490087e+02,1.000000000000e+00,0.359580940402
1513,16669,6104370117.187500,1.644656811409e+02,-1.644656811409e+02,1.625812003773e+02,-1.750005498737e+02,1.513064951295e+02,-1.433062161301e+02,1.000000000000e+00,0.336498396608
1514,16670,6104736328.125000,2.741094685682e+02,2.741094685682e+02,2.915541035499e+02,2.711511990917e+02,2.524533899067e+02,2.990364658875e+02,1.000000000000e+00,0.313418811982
1515,16671,6105102539.062500,-2.741094685682e+02,-3.837532559955e+02,-2.956833196349e+02,-3.836423636008e+02,-2.850673416201e+02,-3.728759501237e+02,1.000000000000e+00,0.290342067056
1516,16672,6105468750.000000,5.482189371364e+01,5.482189371364e+01,5.839896892218e+01,5.409333589764e+01,3.575262836075e+01,7.371971482296e+01,1.000000000000e+00,0.267268042462
1517,16673,6105834960.937500,-5.482189371364e+01,2.741094685682e+02,-4.493654104347e+01,2.833722772984e+02,-7.868643359577e+01,2.912378718696e+02,1.000000000000e+00,0.244196618938
1518,16674,6106201171.875000,1.644656811409e+02,2.741094685682e+02,1.802478421823e+02,2.741000074441e+02,1.409708050652e+02,2.947785543339e+02,1.000000000000e+00,0.221127677331
1519,16675,6106567382.812500,2.741094685682e+02,-2.741094685682e+02,2.693031206274e+02,-2.928371475441e+02,2.605519984123e+02,-2.535576670189e+02,1.000000000000e+00,0.198061098598
1520,16676,6106933593.750000,-2.741094685682e+02,-3.837532559955e+02,-2.977703310581e+02,-3.815794909035e+02,-2.877257333513e+02,-3.741423026582e+02,1.000000000000e+00,0.174996763815
1521,16677,6107299804.687500,2.741094685682e+02,-2.741094685682e+02,2.688387977370e+02,-2.933438904815e+02,2.597824569781e+02,-2.544884152892e+02,1.000000000000e+00,0.151934554173
1522,16678,6107666015.625000,3.837532559955e+02,-1.644656811409e+02,3.859835727416e+02,-1.863300918959e+02,3.673813170125e+02,-1.431169570606e+02,1.000000000000e+00,0.128874350988
1523,16679,6108032226.562500,1.644656811409e+02,-5.482189371364e+01,1.660787092257e+02,-6.400115192413e+01,1.449917892734e+02,-3.753740923160e+01,1.000000000000e+00,0.105816035701
1524,16680,6108398437.500000,5.482189371364e+01,-5.482189371364e+01,5.358519558163e+01,-5.882687838279e+01,3.459582707263e+01,-3.989251566186e+01,1.000000000000e+00,0.082759489880
1525,16681,6108764648.437500,1.644656811409e+02,2.741094685682e+02,1.818108925421e+02,2.729940042120e+02,1.382641954854e+02,2.915622520946e+02,1.000000000000e+00,0.059704595226
1526,16682,6109130859.375000,-5.482189371364e+01,-3.837532559955e+02,-7.485655319501e+01,-3.906413357908e+02,-6.989805339847e+01,-3.727570148617e+02,1.000000000000e+00,0.036651233576
1527,16683,6109497070.312500,-5.482189371364e+01,-2.741094685682e+02,-6.954605787586e+01,-2.784083723160e+02,-7.204564400530e+01,-2.634678144441e+02,1.000000000000e+00,0.013599286903
1528,16684,6109863281.250000,5.482189371364e+01,1.644656811409e+02,6.423899214423e+01,1.660633607638e+02,2.897762309644e+01,1.783860879765e+02,1.000000000000e+00,-0.009451362678
1529,16685,6110229492.187500,-5.482189371364e+01,-5.482189371364e+01,-5.890806064447e+01,-5.354205417420e+01,-7.687000944305e+01,-4.453329424770e+01,1.000000000000e+00,-0.032500832906
1530,16686,6110595703.125000,-5.482189371364e+01,-5.482189371364e+01,-5.889151035275e+01,-5.346824699594e+01,-7.709640794746e+01,-4.503010725669e+01,1.000000000000e+00,-0.055549241376
1531,16687,6110961914.062500,-3.837532559955e+02,1.644656811409e+02,-3.847220339474e+02,1.875854738243e+02,-4.116356093471e+02,1.671239050878e+02,1.000000000000e+00,-0.078596705529
1532,16688,6111328125.000000,-1.644656811409e+02,-3.837532559955e+02,-1.885260734914e+02,-3.844481790941e+02,-1.809639455618e+02,-3.779702778156e+02,1.000000000000e+00,-0.101643342655
1533,16689,6111694335.937500,2.741094685682e+02,-5.482189371364e+01,2.778557239299e+02,-7.120862951144e+01,2.518967947419e+02,-4.041332642150e+01,1.000000000000e+00,-0.124689269887
1534,16690,6112060546.875000,1.644656811409e+02,3.837532559955e+02,1.904152020682e+02,3.839513865409e+02,1.340756711535e+02,3.968735892603e+02,1.000000000000e+00,-0.147734604198
1535,16691,6112426757.812500,-5.482189371364e+01,-5.482189371364e+01,-5.927989963299e+01,-5.306083122921e+01,-7.849043653254e+01,-4.761342197952e+01,1.000000000000e+00,-0.170779462399
1536,16692,6112792968.750000,-2.741094685682e+02,2.741094685682e+02,-2.652760208925e+02,2.962508598365e+02,-3.049085014668e+02,2.773527613082e+02,1.000000000000e+00,-0.193823961136
1537,16693,6113159179.687500,-5.482189371364e+01,5.482189371364e+01,-5.302304676103e+01,5.924420791920e+01,-8.095521063798e+01,6.111096157607e+01,1.000000000000e+00,-0.216868216888
1538,16694,6113525390.625000,-3.837532559955e+02,3.837532559955e+02,-3.706947650652e+02,4.148837136381e+02,-4.173306875763e+02,3.835341437546e+02,1.000000000000e+00,-0.239912345960
1539,16695,6113891601.562500,1.644656811409e+02,-3.837532559955e+02,1.458607949957e+02,-4.022489804647e+02,1.472227315012e+02,-3.750170380187e+02,1.000000000000e+00,-0.262956464485
1540,16696,6114257812.500000,1.644656811409e+02,2.741094685682e+02,1.849799176647e+02,2.705554139940e+02,1.343270980500e+02,2.833173760607e+02,1.000000000000e+00,-0.286000688419
1541,16697,6114624023.437500,5.482189371364e+01,5.482189371364e+01,5.963618228425e+01,5.264898168616e+01,2.855734619011e+01,6.084320057099e+01,1.000000000000e+00,-0.309045133537
1542,16698,6114990234.375000,-1.644656811409e+02,-2.741094685682e+02,-1.868111919179e+02,-2.699057065157e+02,-1.867063323628e+02,-2.732201548970e+02,1.000000000000e+00,-0.332089915432
1543,16699,6115356445.312500,2.741094685682e+02,5.482189371364e+01,2.846222823299e+02,3.794460930618e+01,2.486505528446e+02,6.311033031083e+01,1.000000000000e+00,-0.355135149513
1544,16700,6115722656.250000,-2.741094685682e+02,-1.644656811409e+02,-2.919806144109e+02,-1.504483807611e+02,-2.983935404482e+02,-1.666264179262e+02,1.000000000000e+00,-0.378180950997
1545,16701,6116088867.187500,3.837532559955e+02,1.644656811409e+02,4.045333761511e+02,1.431597819678e+02,3.567836967053e+02,1.745320826242e+02,1.000000000000e+00,-0.401227434912
1546,16702,6116455078.125000,3.837532559955e+02,3.837532559955e+02,4.196186501335e+02,3.675964434978e+02,3.530791161604e+02,3.941548304170e+02,1.000000000000e+00,-0.424274716091
1547,16703,6116821289.062500,-5.482189371364e+01,-5.482189371364e+01,-6.001690335932e+01,-5.244586875408e+01,-8.017168893944e+01,-5.463212249485e+01,1.000000000000e+00,-0.447322909170
1548,16704,6117187500.000000,5.482189371364e+01,5.482189371364e+01,6.002010471174e+01,5.241767188571e+01,2.810857863696e+01,5.680986175306e+01,1.000000000000e+00,-0.470372128585
1549,16705,6117553710.937500,-1.644656811409e+02,5.482189371364e+01,-1.648130808964e+02,6.748941187914e+01,-1.922216206202e+02,5.215023739385e+01,1.000000000000e+00,-0.493422488568
1550,16706,6117919921.875000,2.741094685682e+02,1.644656811409e+02,2.920235448871e+02,1.498511743479e+02,2.457594533682e+02,1.701839952976e+02,1.000000000000e+00,-0.516474103146
1551,16707,6118286132.812500,3.837532559955e+02,-1.644656811409e+02,3.816584180052e+02,-1.947164892779e+02,3.622931771081e+02,-1.581427698969e+02,1.000000000000e+00,-0.539527086137
1552,16708,6118652343.750000,3.837532559955e+02,2.741094685682e+02,4.117258820506e+02,2.538450065458e+02,3.531504817491e+02,2.810214078364e+02,1.000000000000e+00,-0.562581551147
1553,16709,6119018554.687500,-3.837532559955e+02,-1.644656811409e+02,-4.040513727709e+02,-1.412081918477e+02,-4.071465495231e+02,-1.748140047884e+02,1.000000000000e+00,-0.585637611565
1554,16710,6119384765.625000,3.837532559955e+02,-3.837532559955e+02,3.652813484896e+02,-4.205834732776e+02,3.666828658047e+02,-3.803245467377e+02,1.000000000000e+00,-0.608695380566
1555,16711,6119750976.562500,3.837532559955e+02,3.837532559955e+02,4.216885076044e+02,3.650770659249e+02,3.524812207799e+02,3.893741191139e+02,1.000000000000e+00,-0.631754971102
1556,16712,6120117187.500000,2.741094685682e+02,3.837532559955e+02,3.099472626567e+02,3.730210999869e+02,2.427442975209e+02,3.868554299607e+02,1.000000000000e+00,-0.654816495901
1557,16713,6120483398.437500,1.644656811409e+02,5.482189371364e+01,1.727018572849e+02,4.376859248776e+01,1.385811296582e+02,5.359074284559e+01,1.000000000000e+00,-0.677880067463
1558,16714,6120849609.375000,2.741094685682e+02,-5.482189371364e+01,2.765692352415e+02,-7.696648438950e+01,2.507389239707e+02,-5.494347342198e+01,1.000000000000e+00,-0.700945798062
1559,16715,6121215820.312500,1.644656811409e+02,-1.644656811409e+02,1.557754478570e+02,-1.811270222011e+02,1.428922228300e+02,-1.677620631943e+02,1.000000000000e+00,-0.724013799734
1560,16716,6121582031.250000,2.741094685682e+02,2.741094685682e+02,3.024875986292e+02,2.593635885795e+02,2.452115979482e+02,2.740999629040e+02,1.000000000000e+00,-0.747084184282
1561,16717,6121948242.187500,-5.482189371364e+01,-1.644656811409e+02,-6.941862948528e+01,-1.642593720673e+02,-7.726409734827e+01,-1.732367029451e+02,1.000000000000e+00,-0.770157063268
1562,16718,6122314453.125000,1.644656811409e+02,-1.644656811409e+02,1.551997434919e+02,-1.820288230108e+02,1.433074607471e+02,-1.699973034986e+02,1.000000000000e+00,-0.793232548013
1563,16719,6122680664.062500,-5.482189371364e+01,-2.741094685682e+02,-7.888553583850e+01,-2.763673311324e+02,-7.519179356610e+01,-2.844412390313e+02,1.000000000000e+00,-0.816310749591
1564,16720,6123046875.000000,-3.837532559955e+02,-1.644656811409e+02,-4.069585417257e+02,-1.362840143461e+02,-4.073789452902e+02,-1.801454926980e+02,1.000000000000e+00,-0.839391778827
1565,16721,6123413085.937500,5.482189371364e+01,-2.741094685682e+02,3.317031715457e+01,-2.855652568948e+02,3.559034411394e+01,-2.837683246536e+02,1.000000000000e+00,-0.862475746295
1566,16722,6123779296.875000,1.644656811409e+02,-5.482189371364e+01,1.640511991673e+02,-7.004118006023e+01,1.423991227946e+02,-6.186430113414e+01,1.000000000000e+00,-0.885562762311
1567,16723,6124145507.812500,-3.837532559955e+02,-5.482189371364e+01,-3.980943346721e+02,-2.384330231772e+01,-4.086697674798e+02,-7.246929550057e+01,1.000000000000e+00,-0.908652936936
1568,16724,6124511718.750000,-2.741094685682e+02,-1.644656811409e+02,-2.947084263626e+02,-1.451290990112e+02,-2.958095217294e+02,-1.810614205368e+02,1.000000000000e+00,-0.931746379964
1569,16725,6124877929.687500,3.837532559955e+02,-2.741094685682e+02,3.690668496605e+02,-3.132881736067e+02,3.669349372923e+02,-2.792132241350e+02,1.000000000000e+00,-0.954843200927
1570,16726,6125244140.625000,3.837532559955e+02,2.741094685682e+02,4.163336832093e+02,2.468618330508e+02,3.571498061657e+02,2.700761868599e+02,1.000000000000e+00,-0.977943509087
1571,16727,6125610351.562500,-5.482189371364e+01,1.644656811409e+02,-4.142668020962e+01,1.730896501808e+02,-8.045126858592e+01,1.518068593902e+02,1.000000000000e+00,-1.001047413431
1572,16728,6125976562.500000,-5.482189371364e+01,-2.741094685682e+02,-8.099165766774e+01,-2.753976638581e+02,-7.301525493811e+01,-2.888618511192e+02,1.000000000000e+00,-1.024155022674
1573,16729,6126342773.437500,-3.837532559955e+02,-1.644656811409e+02,-4.076413441786e+02,-1.334487414013e+02,-4.046497741763e+02,-1.849383399916e+02,1.000000000000e+00,-1.047266445248
1574,16730,6126708984.375000,-1.644656811409e+02,-1.644656811409e+02,-1.832818088743e+02,-1.534759077912e+02,-1.839906151905e+02,-1.819760786308e+02,1.000000000000e+00,-1.070381789302
1575,16731,6127075195.312500,5.482189371364e+01,2.741094685682e+02,8.094817677656e+01,2.757751655107e+02,2.859942137003e+01,2.622418035001e+02,1.000000000000e+00,-1.093501162699
1576,16732,6127441406.250000,3.837532559955e+02,-1.644656811409e+02,3.781390647490e+02,-2.032235412476e+02,3.679090993140e+02,-1.725839086028e+02,1.000000000000e+00,-1.116624673011
1577,16733,6127807617.187500,-2.741094685682e+02,2.741094685682e+02,-2.558753604202e+02,3.056343904870e+02,-3.016362820457e+02,2.547986567744e+02,1.000000000000e+00,-1.139752427515
1578,16734,6128173828.125000,3.837532559955e+02,-2.741094685682e+02,3.679919762519e+02,-3.158564737991e+02,3.710266366516e+02,-2.834378092536e+02,1.000000000000e+00,-1.162884533190
1579,16735,6128540039.062500,-2.741094685682e+02,3.837532559955e+02,-2.451562249385e+02,4.184850503954e+02,-3.029662825980e+02,3.642985934066e+02,1.000000000000e+00,-1.186021096712
1580,16736,6128906250.000000,-5.482189371364e+01,2.741094685682e+02,-3.036455847428e+01,2.859083982237e+02,-7.983010309505e+01,2.580198893008e+02,1.000000000000e+00,-1.209162224451
1581,16737,6129272460.937500,-1.644656811409e+02,-3.837532559955e+02,-2.046398490305e+02,-3.770874361601e+02,-1.768989422601e+02,-4.055640283087e+02,1.000000000000e+00,-1.232308022467
1582,16738,6129638671.875000,5.482189371364e+01,1.644656811409e+02,7.167412445538e+01,1.628482118849e+02,3.318249016747e+01,1.487119048062e+02,1.000000000000e+00,-1.255458596507
1583,16739,6130004882.812500,3.837532559955e+02,-5.482189371364e+01,3.864062840971e+02,-9.264868380441e+01,3.673731041991e+02,-6.518699521320e+01,1.000000000000e+00,-1.278614051997
1584,16740,6130371093.750000,5.482189371364e+01,-1.644656811409e+02,3.988995119906e+01,-1.733332052132e+02,4.018978626303e+01,-1.820728958263e+02,1.000000000000e+00,-1.301774494043
1585,16741,6130737304.687500,3.837532559955e+02,-3.837532559955e+02,3.537632082511e+02,-4.306255643894e+02,3.743203273601e+02,-3.972942265027e+02,1.000000000000e+00,-1.324940027423
1586,16742,6131103515.625000,1.644656811409e+02,5.482189371364e+01,1.737131979292e+02,3.939949984241e+01,1.474137012251e+02,3.891034185728e+01,1.000000000000e+00,-1.348110756584
1587,16743,6131469726.562500,5.482189371364e+01,1.644656811409e+02,7.240948857416e+01,1.626915084961e+02,3.552545994660e+01,1.469685885249e+02,1.000000000000e+00,-1.371286785639
1588,16744,6131835937.500000,-2.741094685682e+02,1.644656811409e+02,-2.641456537391e+02,1.949078868672e+02,-2.945991690253e+02,1.396994212353e+02,1.000000000000e+00,-1.394468218359
1589,16745,6132202148.437500,-2.741094685682e+02,2.741094685682e+02,-2.536208903519e+02,3.067784070979e+02,-2.968100200640e+02,2.490029355045e+02,1.000000000000e+00,-1.417655158174
1590,16746,6132568359.375000,3.837532559955e+02,2.741094685682e+02,4.188884914108e+02,2.429425557933e+02,3.637578256891e+02,2.638760365756e+02,1.000000000000e+00,-1.440847708161
1591,16747,6132934570.312500,3.837532559955e+02,-2.741094685682e+02,3.656316268411e+02,-3.174973585904e+02,3.771958321201e+02,-2.864012465610e+02,1.000000000000e+00,-1.464045971047
1592,16748,6133300781.250000,-2.741094685682e+02,3.837532559955e+02,-2.417425153607e+02,4.198124262136e+02,-2.975315072532e+02,3.586204705023e+02,1.000000000000e+00,-1.487250049201
1593,16749,6133666992.187500,5.482189371364e+01,2.741094685682e+02,8.456948936655e+01,2.745637740913e+02,3.644455073684e+01,2.553614831622e+02,1.000000000000e+00,-1.510460044628
1594,16750,6134033203.125000,-1.644656811409e+02,-5.482189371364e+01,-1.740593510129e+02,-3.840631023204e+01,-1.774128946207e+02,-7.906867441326e+01,1.000000000000e+00,-1.533676058966
1595,16751,6134399414.062500,5.482189371364e+01,-2.741094685682e+02,2.694282747818e+01,-2.860532835595e+02,4.752186181025e+01,-2.959740544523e+02,1.000000000000e+00,-1.556898193480
1596,16752,6134765625.000000,1.644656811409e+02,5.482189371364e+01,1.738609369918e+02,3.876210587056e+01,1.521340184090e+02,3.652024430988e+01,1.000000000000e+00,-1.580126549059
1597,16753,6135131835.937500,-3.837532559955e+02,-2.741094685682e+02,-4.208735019825e+02,-2.400338156651e+02,-3.911105799028e+02,-3.052831064270e+02,1.000000000000e+00,-1.603361226208
1598,16754,6135498046.875000,-5.482189371364e+01,-1.644656811409e+02,-7.335771477665e+01,-1.623548759535e+02,-6.256631439820e+01,-1.885676406343e+02,1.000000000000e+00,-1.626602325046
1599,16755,6135864257.812500,5.482189371364e+01,-2.741094685682e+02,2.699269680911e+01,-2.860799789801e+02,5.038999965004e+01,-2.966959518296e+02,1.000000000000e+00,-1.649849945299
1600,16756,6136230468.750000,-1.644656811409e+02,1.644656811409e+02,-1.504768381981e+02,1.857746726588e+02,-1.784174619962e+02,1.393332387628e+02,1.000000000000e+00,-1.673104186295
1601,16757,6136596679.687500,-1.644656811409e+02,5.482189371364e+01,-1.620782618911e+02,7.393157540295e+01,-1.755744969190e+02,2.915072445567e+01,1.000000000000e+00,-1.696365146959
1602,16758,6136962890.625000,3.837532559955e+02,-5.482189371364e+01,3.858781058467e+02,-9.841295876693e+01,3.775762202960e+02,-7.099502868850e+01,1.000000000000e+00,-1.719632925807
1603,16759,6137329101.562500,5.482189371364e+01,2.741094685682e+02,8.626527045025e+01,2.739323276628e+02,4.162275770571e+01,2.532613407890e+02,1.000000000000e+00,-1.742907620943
1604,16760,6137695312.500000,-1.644656811409e+02,1.644656811409e+02,-1.499114303128e+02,1.861288592749e+02,-1.761596331911e+02,1.387328617355e+02,1.000000000000e+00,-1.766189330048
1605,16761,6138061523.437500,-1.644656811409e+02,5.482189371364e+01,-1.620175979215e+02,7.412189332155e+01,-1.735004184114e+02,2.839407361486e+01,1.000000000000e+00,-1.789478150381
1606,16762,6138427734.375000,1.644656811409e+02,-2.741094685682e+02,1.375408911639e+02,-2.985089797348e+02,1.641126540456e+02,-2.956320729206e+02,1.000000000000e+00,-1.812774178769
1607,16763,6138793945.312500,5.482189371364e+01,-5.482189371364e+01,4.986098780635e+01,-6.224118288217e+01,5.010447740431e+01,-7.756479193083e+01,1.000000000000e+00,-1.836077511602
1608,16764,6139160156.250000,5.482189371364e+01,2.741094685682e+02,8.726039563275e+01,2.739639854639e+02,4.448019032639e+01,2.530654528660e+02,1.000000000000e+00,-1.859388244827
1609,16765,6139526367.187500,3.837532559955e+02,-3.837532559955e+02,3.481228442907e+02,-4.358535301627e+02,3.877972041178e+02,-4.019799234751e+02,1.000000000000e+00,-1.882706473944
1610,16766,6139892578.125000,5.482189371364e+01,2.741094685682e+02,8.740076242561e+01,2.734860830678e+02,4.545369934753e+01,2.525723209340e+02,1.000000000000e+00,-1.906032293998
1611,16767,6140258789.062500,-1.644656811409e+02,3.837532559955e+02,-1.238986512432e+02,4.104153135672e+02,-1.764825566940e+02,3.582520590749e+02,1.000000000000e+00,-1.929365799573
1612,16768,6140625000.000000,5.482189371364e+01,3.837532559955e+02,9.966080422681e+01,3.853349536042e+02,4.374734125470e+01,3.625560563506e+02,1.000000000000e+00,-1.952707084786
1613,16769,6140991210.937500,-2.741094685682e+02,1.644656811409e+02,-2.610441477537e+02,1.988989272181e+02,-2.814334560370e+02,1.353549994665e+02,1.000000000000e+00,-1.976056243281
1614,16770,6141357421.875000,-3.837532559955e+02,-5.482189371364e+01,-3.981524014514e+02,-1.203418069811e+01,-3.865153886233e+02,-8.695662234219e+01,1.000000000000e+00,-1.999413368223
1615,16771,6141723632.812500,3.837532559955e+02,-5.482189371364e+01,3.858417475716e+02,-1.004225640699e+02,3.852377951647e+02,-7.081575110365e+01,1.000000000000e+00,-2.022778552291
1616,16772,6142089843.750000,-5.482189371364e+01,-3.837532559955e+02,-1.008181559259e+02,-3.859489554309e+02,-4.845106688414e+01,-4.107765693250e+02,1.000000000000e+00,-2.046151887671
1617,16773,6142456054.687500,2.741094685682e+02,-3.837532559955e+02,2.351268221051e+02,-4.241228862670e+02,2.827700525662e+02,-4.037049586199e+02,1.000000000000e+00,-2.069533466050
1618,16774,6142822265.625000,3.837532559955e+02,-2.741094685682e+02,3.595745649819e+02,-3.248645336350e+02,3.910007694698e+02,-2.909677653643e+02,1.000000000000e+00,-2.092923378609
1619,16775,6143188476.562500,2.741094685682e+02,3.837532559955e+02,3.248758059413e+02,3.592382553451e+02,2.677162636080e+02,3.674232251220e+02,1.000000000000e+00,-2.116321716018
1620,16776,6143554687.500000,-1.644656811409e+02,2.741094685682e+02,-1.353067493962e+02,2.990234160310e+02,-1.697274415911e+02,2.483274200119e+02,1.000000000000e+00,-2.139728568424
1621,16777,6143920898.437500,-1.644656811409e+02,-1.644656811409e+02,-1.872200997743e+02,-1.481356596064e+02,-1.601505104623e+02,-1.916754011925e+02,1.000000000000e+00,-2.163144025451
1622,16778,6144287109.375000,1.644656811409e+02,1.644656811409e+02,1.873110465378e+02,1.481070563745e+02,1.636592079366e+02,1.452590302867e+02,1.000000000000e+00,-2.186568176188
1623,16779,6144653320.312500,-5.482189371364e+01,-3.837532559955e+02,-1.017843654701e+02,-3.849010091305e+02,-4.451550083370e+01,-4.094531748875e+02,1.000000000000e+00,-2.210001109182
1624,16780,6145019531.250000,2.741094685682e+02,-2.741094685682e+02,2.468323940216e+02,-3.125593961174e+02,2.840542610191e+02,-2.924507837228e+02,1.000000000000e+00,-2.233442912434
1625,16781,6145385742.187500,5.482189371364e+01,5.482189371364e+01,6.257974805078e+01,4.928219655599e+01,5.749283759494e+01,3.337746901765e+01,1.000000000000e+00,-2.256893673387
1626,16782,6145751953.125000,-1.644656811409e+02,5.482189371364e+01,-1.610430877220e+02,7.609715828748e+01,-1.621890057518e+02,2.929160615099e+01,1.000000000000e+00,-2.280353478925
1627,16783,6146118164.062500,-2.741094685682e+02,-1.644656811409e+02,-2.998923271882e+02,-1.340083640279e+02,-2.676634243460e+02,-1.928689618490e+02,1.000000000000e+00,-2.303822415359
1628,16784,6146484375.000000,-1.644656811409e+02,-2.741094685682e+02,-2.012860352815e+02,-2.597180888083e+02,-1.545382565732e+02,-3.010982175687e+02,1.000000000000e+00,-2.327300568421
1629,16785,6146850585.937500,2.741094685682e+02,-3.837532559955e+02,2.336068350271e+02,-4.249535225522e+02,2.896241800707e+02,-4.016135586144e+02,1.000000000000e+00,-2.350788023260
1630,16786,6147216796.875000,3.837532559955e+02,3.837532559955e+02,4.381069949833e+02,3.456519512271e+02,3.828014224122e+02,3.726728921738e+02,1.000000000000e+00,-2.374284864431
1631,16787,6147583007.812500,1.644656811409e+02,3.837532559955e+02,2.143215636764e+02,3.718477186854e+02,1.628956725983e+02,3.676939045415e+02,1.000000000000e+00,-2.397791175885
1632,16788,6147949218.750000,5.482189371364e+01,-2.741094685682e+02,2.263556101288e+01,-2.863854593644e+02,6.820251651258e+01,-2.955278723854e+02,1.000000000000e+00,-2.421307040967
1633,16789,6148315429.687500,5.482189371364e+01,-2.741094685682e+02,2.217373441620e+01,-2.864402850560e+02,6.831880723320e+01,-2.953865833491e+02,1.000000000000e+00,-2.444832542404
1634,16790,6148681640.625000,1.644656811409e+02,-5.482189371364e+01,1.609423617367e+02,-7.649297421109e+01,1.741456622818e+02,-7.273501275722e+01,1.000000000000e+00,-2.468367762295
1635,16791,6149047851.562500,5.482189371364e+01,3.837532559955e+02,1.045028952824e+02,3.845371839712e+02,5.608249647981e+01,3.659440369366e+02,1.000000000000e+00,-2.491912782108
1636,16792,6149414062.500000,3.837532559955e+02,3.837532559955e+02,4.398664899481e+02,3.428945455789e+02,3.867172176654e+02,3.725168518175e+02,1.000000000000e+00,-2.515467682667
1637,16793,6149780273.437500,-3.837532559955e+02,5.482189371364e+01,-3.843705517292e+02,1.042920542843e+02,-3.773893589613e+02,2.724278536053e+01,1.000000000000e+00,-2.539032544146
1638,16794,6150146484.375000,-2.741094685682e+02,3.837532559955e+02,-2.311082057882e+02,4.258324847376e+02,-2.735582590262e+02,3.599352846209e+02,1.000000000000e+00,-2.562607446061
1639,16795,6150512695.312500,-3.837532559955e+02,-5.482189371364e+01,-3.983320890164e+02,-7.447313961907e+00,-3.744804005727e+02,-8.250129942088e+01,1.000000000000e+00,-2.586192467259
1640,16796,6150878906.250000,3.837532559955e+02,1.644656811409e+02,4.123493705127e+02,1.192418140516e+02,3.925795548992e+02,1.538877084934e+02,1.000000000000e+00,-2.609787685910
1641,16797,6151245117.187500,-3.837532559955e+02,1.644656811409e+02,-3.707686438406e+02,2.164440555528e+02,-3.784320549552e+02,1.383753644266e+02,1.000000000000e+00,-2.633393179500
1642,16798,6151611328.125000,3.837532559955e+02,-5.482189371364e+01,3.846868313006e+02,-1.045973235107e+02,3.979805210791e+02,-6.572386560100e+01,1.000000000000e+00,-2.657009024821
1643,16799,6151977539.062500,5.482189371364e+01,-3.837532559955e+02,7.268523501294e+00,-3.986249455405e+02,7.467487402279e+01,-4.029605186854e+02,1.000000000000e+00,-2.680635297961
1644,16800,6152343750.000000,5.482189371364e+01,5.482189371364e+01,6.287624875994e+01,4.895100275129e+01,6.572287651526e+01,3.823831205945e+01,1.000000000000e+00,-2.704272074297
1645,16801,6152709960.937500,-5.482189371364e+01,5.482189371364e+01,-4.890099881079e+01,6.284199079797e+01,-4.403776027450e+01,3.621691609742e+01,1.000000000000e+00,-2.727919428485
1646,16802,6153076171.875000,-5.482189371364e+01,-3.837532559955e+02,-1.047781779894e+02,-3.839965985513e+02,-3.444665090535e+01,-4.036196578048e+02,1.000000000000e+00,-2.751577434448
1647,16803,6153442382.812500,-1.644656811409e+02,3.837532559955e+02,-1.184724078631e+02,4.127011840959e+02,-1.603404310682e+02,3.654448768448e+02,1.000000000000e+00,-2.775246165373
1648,16804,6153808593.750000,-2.741094685682e+02,-3.837532559955e+02,-3.298435928554e+02,-3.565890243299e+02,-2.552216178625e+02,-4.084042403357e+02,1.000000000000e+00,-2.798925693694
1649,16805,6154174804.687500,1.644656811409e+02,1.644656811409e+02,1.895544388960e+02,1.466664760114e+02,1.759374692061e+02,1.526129765565e+02,1.000000000000e+00,-2.822616091091
1650,16806,6154541015.625000,3.837532559955e+02,-5.482189371364e+01,3.847402052423e+02,-1.061596419068e+02,4.010285085899e+02,-6.370811285297e+01,1.000000000000e+00,-2.846317428472
1651,16807,6154907226.562500,-3.837532559955e+02,1.644656811409e+02,-3.699964343803e+02,2.181197525311e+02,-3.749346148775e+02,1.426881037371e+02,1.000000000000e+00,-2.870029775968
1652,16808,6155273437.500000,3.837532559955e+02,-3.837532559955e+02,3.416528766452e+02,-4.416621068960e+02,4.078747505025e+02,-3.934574827162e+02,1.000000000000e+00,-2.893753202925
1653,16809,6155639648.437500,-2.741094685682e+02,-5.482189371364e+01,-2.870139234207e+02,-2.059441271183e+01,-2.600388552392e+02,-7.567887523513e+01,1.000000000000e+00,-2.917487777888
1654,16810,6156005859.375000,-5.482189371364e+01,5.482189371364e+01,-4.900579102964e+01,6.303825170624e+01,-4.155696814358e+01,3.963202625553e+01,1.000000000000e+00,-2.941233568598
1655,16811,6156372070.312500,1.644656811409e+02,2.741094685682e+02,2.036099834735e+02,2.586154476431e+02,1.749665269711e+02,2.653687041953e+02,1.000000000000e+00,-2.964990641977
1656,16812,6156738281.250000,3.837532559955e+02,3.837532559955e+02,4.424228157526e+02,3.411892855888e+02,3.942810473015e+02,3.799003479760e+02,1.000000000000e+00,-2.988759064121
1657,16813,6157104492.187500,-2.741094685682e+02,-1.644656811409e+02,-3.016555319018e+02,-1.313222295504e+02,-2.572992909289e+02,-1.834161065401e+02,1.000000000000e+00,-3.012538900289
1658,16814,6157470703.125000,3.837532559955e+02,-2.741094685682e+02,3.550233856454e+02,-3.306946794619e+02,4.066279419067e+02,-2.815149034185e+02,1.000000000000e+00,-3.036330214892
1659,16815,6157836914.062500,5.482189371364e+01,3.837532559955e+02,1.068887667856e+02,3.840635441959e+02,6.416180704540e+01,3.744787381547e+02,1.000000000000e+00,-3.060133071484
1660,16816,6158203125.000000,-2.741094685682e+02,5.482189371364e+01,-2.721054866943e+02,9.227605079875e+01,-2.602160430330e+02,3.822028803842e+01,1.000000000000e+00,-3.083947532750
1661,16817,6158569335.937500,-5.482189371364e+01,3.837532559955e+02,-4.864101043510e+00,3.981651924974e+02,-4.561745184014e+01,3.728749800132e+02,1.000000000000e+00,-3.107773660498
1662,16818,6158935546.875000,-3.837532559955e+02,-3.837532559955e+02,-4.416201321034e+02,-3.396322489696e+02,-3.616213576147e+02,-4.030457147063e+02,1.000000000000e+00,-3.131611515647
1663,16819,6159301757.812500,5.482189371364e+01,-3.837532559955e+02,5.533629859766e+00,-3.979655594844e+02,7.936428870589e+01,-3.946665827566e+02,1.000000000000e+00,3.127724148962
1664,16820,6159667968.750000,3.837532559955e+02,5.482189371364e+01,3.980840739483e+02,6.424164396796e+00,4.008889769529e+02,5.334546068371e+01,1.000000000000e+00,3.103862659859
1665,16821,6160034179.687500,-3.837532559955e+02,1.644656811409e+02,-3.703391295993e+02,2.164280812104e+02,-3.722955984437e+02,1.461670577930e+02,1.000000000000e+00,3.079989266036
1666,16822,6160400390.625000,-5.482189371364e+01,-1.644656811409e+02,-7.722545635376e+01,-1.605404138743e+02,-3.441996287873e+01,-1.757179973333e+02,1.000000000000e+00,3.056103910232
1667,16823,6160766601.562500,-3.837532559955e+02,-3.837532559955e+02,-4.419821914585e+02,-3.403135385411e+02,-3.611269107236e+02,-4.016789604278e+02,1.000000000000e+00,3.032206536130
1668,16824,6161132812.500000,-2.741094685682e+02,3.837532559955e+02,-2.281186010626e+02,4.278248758353e+02,-2.648627480819e+02,3.723567763753e+02,1.000000000000e+00,3.008297088367
1669,16825,6161499023.437500,-3.837532559955e+02,5.482189371364e+01,-3.841135898068e+02,1.066593768753e+02,-3.693512670875e+02,3.975354654186e+01,1.000000000000e+00,2.984375512539
1670,16826,6161865234.375000,1.644656811409e+02,-5.482189371364e+01,1.606324083204e+02,-7.744987192100e+01,1.840252285189e+02,-5.940547550987e+01,1.000000000000e+00,2.960441755219
1671,16827,6162231445.312500,-5.482189371364e+01,2.741094685682e+02,-2.025190771699e+01,2.868391414322e+02,-4.325723037908e+01,2.672547521645e+02,1.000000000000e+00,2.936495763967
1672,16828,6162597656.250000,-5.482189371364e+01,3.837532559955e+02,-6.028175755361e+00,3.986691444461e+02,-4.551103703588e+01,3.778758021103e+02,1.000000000000e+00,2.912537487335
1673,16829,6162963867.187500,2.741094685682e+02,-5.482189371364e+01,2.725196656256e+02,-9.153416600219e+01,2.944353077283e+02,-5.568400952427e+01,1.000000000000e+00,2.888566874884
1674,16830,6163330078.125000,2.741094685682e+02,-5.482189371364e+01,2.724004237016e+02,-9.185846554197e+01,2.944060566194e+02,-5.561288427655e+01,1.000000000000e+00,2.864583877195
1675,16831,6163696289.062500,-3.837532559955e+02,5.482189371364e+01,-3.840833190955e+02,1.067498628791e+02,-3.689585934443e+02,4.256143839724e+01,1.000000000000e+00,2.840588445874
1676,16832,6164062500.000000,5.482189371364e+01,-1.644656811409e+02,3.392950542739e+01,-1.750160902154e+02,7.576486500936e+01,-1.694703908947e+02,1.000000000000e+00,2.816580533572
1677,16833,6164428710.937500,-3.837532559955e+02,3.837532559955e+02,-3.401584755429e+02,4.424409238006e+02,-3.745711558317e+02,3.744435459929e+02,1.000000000000e+00,2.792560093988
1678,16834,6164794921.875000,-2.741094685682e+02,3.837532559955e+02,-2.284874303798e+02,4.277598624936e+02,-2.644136706305e+02,3.767170313168e+02,1.000000000000e+00,2.768527081887
1679,16835,6165161132.812500,-2.741094685682e+02,-2.741094685682e+02,-3.157869638342e+02,-2.433492132000e+02,-2.527401176537e+02,-2.843797386973e+02,1.000000000000e+00,2.744481453104
1680,16836,6165527343.750000,1.644656811409e+02,1.644656811409e+02,1.892980236969e+02,1.463237019305e+02,1.799871071147e+02,1.651717440356e+02,1.000000000000e+00,2.720423164562
1681,16837,6165893554.687500,2.741094685682e+02,2.741094685682e+02,3.152054690449e+02,2.443960407877e+02,2.877611958037e+02,2.783905044849e+02,1.000000000000e+00,2.696352174280
1682,16838,6166259765.625000,5.482189371364e+01,-2.741094685682e+02,2.044186731374e+01,-2.870135482286e+02,7.846829294492e+01,-2.772820636496e+02,1.000000000000e+00,2.672268441384
1683,16839,6166625976.562500,1.644656811409e+02,-1.644656811409e+02,1.464657963690e+02,-1.895411755337e+02,1.863808752925e+02,-1.646586453466e+02,1.000000000000e+00,2.648171926119
1684,16840,6166992187.500000,-3.837532559955e+02,5.482189371364e+01,-3.848968439410e+02,1.067757018584e+02,-3.698291526247e+02,4.675464075656e+01,1.000000000000e+00,2.624062589862
1685,16841,6167358398.437500,5.482189371364e+01,1.644656811409e+02,7.760684582953e+01,1.607786092357e+02,6.983327503331e+01,1.651579731871e+02,1.000000000000e+00,2.599940395128
1686,16842,6167724609.375000,-3.837532559955e+02,2.741094685682e+02,-3.559886910776e+02,3.299183188838e+02,-3.736175686398e+02,2.676818167879e+02,1.000000000000e+00,2.575805305588
1687,16843,6168090820.312500,5.482189371364e+01,5.482189371364e+01,6.306562602660e+01,4.884228132119e+01,7.153485171632e+01,5.557484606770e+01,1.000000000000e+00,2.551657286077
1688,16844,6168457031.250000,-5.482189371364e+01,5.482189371364e+01,-4.890395109675e+01,6.307309219342e+01,-3.887345717401e+01,5.389502688908e+01,1.000000000000e+00,2.527496302603
1689,16845,6168823242.187500,3.837532559955e+02,5.482189371364e+01,3.992188102172e+02,6.621045571867e+00,4.025415665101e+02,6.286928419225e+01,1.000000000000e+00,2.503322322362
1690,16846,6169189453.125000,1.644656811409e+02,5.482189371364e+01,1.751274751074e+02,3.494912374829e+01,1.816569333744e+02,5.900538474877e+01,1.000000000000e+00,2.479135313749
1691,16847,6169555664.062500,-3.837532559955e+02,-1.644656811409e+02,-4.131326989304e+02,-1.190858584549e+02,-3.659745105298e+02,-1.723221146373e+02,1.000000000000e+00,2.454935246366
1692,16848,6169921875.000000,1.644656811409e+02,-2.741094685682e+02,1.331981329844e+02,-3.009336165520e+02,1.879504813988e+02,-2.712265122940e+02,1.000000000000e+00,2.430722091039
1693,16849,6170288085.937500,3.837532559955e+02,1.644656811409e+02,4.128676624563e+02,1.192451370455e+02,3.995972339187e+02,1.747599828704e+02,1.000000000000e+00,2.406495819820
1694,16850,6170654296.875000,-1.644656811409e+02,-2.741094685682e+02,-2.028098427968e+02,-2.590199156720e+02,-1.434993546337e+02,-2.769302467480e+02,1.000000000000e+00,2.382256406010
1695,16851,6171020507.812500,-2.741094685682e+02,5.482189371364e+01,-2.729139170198e+02,9.083430251629e+01,-2.602670920074e+02,5.228794886923e+01,1.000000000000e+00,2.358003824159
1696,16852,6171386718.750000,-3.837532559955e+02,-5.482189371364e+01,-3.988316565431e+02,-7.838314087394e+00,-3.685702840023e+02,-6.023237456822e+01,1.000000000000e+00,2.333738050085
1697,16853,6171752929.687500,1.644656811409e+02,-3.837532559955e+02,1.205180641934e+02,-4.124252222095e+02,1.898872867126e+02,-3.794312793016e+02,1.000000000000e+00,2.309459060881
1698,16854,6172119140.625000,-1.644656811409e+02,-1.644656811409e+02,-1.882584916701e+02,-1.478035923300e+02,-1.458203375073e+02,-1.656625991663e+02,1.000000000000e+00,2.285166834926
1699,16855,6172485351.562500,-2.741094685682e+02,1.644656811409e+02,-2.595157716028e+02,2.019272653736e+02,-2.631745819607e+02,1.634440162500e+02,1.000000000000e+00,2.260861351900
1700,16856,6172851562.500000,2.741094685682e+02,1.644656811409e+02,3.003126603632e+02,1.336012494021e+02,2.880005379512e+02,1.745692754518e+02,1.000000000000e+00,2.236542592788
1701,16857,6173217773.437500,-2.741094685682e+02,-5.482189371364e+01,-2.866448799098e+02,-2.150242996184e+01,-2.591055653523e+02,-5.568318341784e+01,1.000000000000e+00,2.212210539898
1702,16858,6173583984.375000,3.837532559955e+02,-2.741094685682e+02,3.571954198641e+02,-3.282731718600e+02,4.058232840323e+02,-2.644384081339e+02,1.000000000000e+00,2.187865176868
1703,16859,6173950195.312500,-2.741094685682e+02,-3.837532559955e+02,-3.285630682779e+02,-3.571818860608e+02,-2.545137620460e+02,-3.855175822651e+02,1.000000000000e+00,2.163506488676
1704,16860,6174316406.250000,5.482189371364e+01,-3.837532559955e+02,8.264799849832e+00,-3.988263777159e+02,7.686808106482e+01,-3.797857215195e+02,1.000000000000e+00,2.139134461652
1705,16861,6174682617.187500,1.644656811409e+02,5.482189371364e+01,1.747074041702e+02,3.600888990895e+01,1.789353241505e+02,6.400047287296e+01,1.000000000000e+00,2.114749083489
1706,16862,6175048828.125000,2.741094685682e+02,-3.837532559955e+02,2.343318805122e+02,-4.248819055329e+02,2.984794722864e+02,-3.740971999711e+02,1.000000000000e+00,2.090350343254
1707,16863,6175415039.062500,1.644656811409e+02,-1.644656811409e+02,1.483737488698e+02,-1.878421489858e+02,1.830479553339e+02,-1.559248056250e+02,1.000000000000e+00,2.065938231395
1708,16864,6175781250.000000,-5.482189371364e+01,-2.741094685682e+02,-8.911935129094e+01,-2.736213294089e+02,-3.583235125955e+01,-2.705286786528e+02,1.000000000000e+00,2.041512739755
1709,16865,6176147460.937500,-5.482189371364e+01,-3.837532559955e+02,-1.024321578283e+02,-3.856385295446e+02,-3.421521969713e+01,-3.805087817902e+02,1.000000000000e+00,2.017073861581
1710,16866,6176513671.875000,-5.482189371364e+01,-3.837532559955e+02,-1.022463414921e+02,-3.853852481266e+02,-3.452183516538e+01,-3.799568824834e+02,1.000000000000e+00,1.992621591532
1711,16867,6176879882.812500,-3.837532559955e+02,-2.741094685682e+02,-4.246468973363e+02,-2.336973155118e+02,-3.673131638479e+02,-2.752548155050e+02,1.000000000000e+00,1.968155925692
1712,16868,6177246093.750000,1.644656811409e+02,-5.482189371364e+01,1.614059834589e+02,-7.544548705610e+01,1.792734962905e+02,-4.451326809697e+01,1.000000000000e+00,1.943676861579
1713,16869,6177612304.687500,-1.644656811409e+02,-5.482189371364e+01,-1.743505714268e+02,-3.689997570067e+01,-1.513616297549e+02,-5.093057365975e+01,1.000000000000e+00,1.919184398153
1714,16870,6177978515.625000,2.741094685682e+02,-1.644656811409e+02,2.614074588549e+02,-1.992559393348e+02,2.917193450510e+02,-1.512073141039e+02,1.000000000000e+00,1.894678535829
1715,16871,6178344726.562500,-1.644656811409e+02,1.644656811409e+02,-1.494745800010e+02,1.867688706931e+02,-1.568168758964e+02,1.696874814813e+02,1.000000000000e+00,1.870159276481
1716,16872,6178710937.500000,3.837532559955e+02,1.644656811409e+02,4.110004244716e+02,1.247624967713e+02,3.941980854098e+02,1.821794162176e+02,1.000000000000e+00,1.845626623457
1717,16873,6179077148.437500,3.837532559955e+02,-2.741094685682e+02,3.614597281629e+02,-3.236827360101e+02,4.035692461277e+02,-2.588647112429e+02,1.000000000000e+00,1.821080581585
1718,16874,6179443359.375000,-5.482189371364e+01,1.644656811409e+02,-3.735570479170e+01,1.743145433541e+02,-4.702805178211e+01,1.728702067132e+02,1.000000000000e+00,1.796521157185
1719,16875,6179809570.312500,-1.644656811409e+02,5.482189371364e+01,-1.617379598254e+02,7.475853845664e+01,-1.551182826128e+02,6.079188929326e+01,1.000000000000e+00,1.771948358071
1720,16876,6180175781.250000,2.741094685682e+02,5.482189371364e+01,2.862478020767e+02,2.472275333921e+01,2.852801866834e+02,6.917934636231e+01,1.000000000000e+00,1.747362193569
1721,16877,6180541992.187500,1.644656811409e+02,-3.837532559955e+02,1.245236329538e+02,-4.109362150057e+02,1.829899272770e+02,-3.735637221566e+02,1.000000000000e+00,1.722762674518
1722,16878,6180908203.125000,-5.482189371364e+01,2.741094685682e+02,-2.508461564646e+01,2.865714561985e+02,-4.979713021478e+01,2.841286550054e+02,1.000000000000e+00,1.698149813283
1723,16879,6181274414.062500,5.482189371364e+01,-3.837532559955e+02,1.325300375034e+01,-3.986641355741e+02,7.244988459928e+01,-3.754121218285e+02,1.000000000000e+00,1.673523623761
1724,16880,6181640625.000000,-1.644656811409e+02,3.837532559955e+02,-1.260652966492e+02,4.105488816688e+02,-1.632054654515e+02,3.922912010378e+02,1.000000000000e+00,1.648884121387
1725,16881,6182006835.937500,-5.482189371364e+01,3.837532559955e+02,-1.457841290541e+01,3.983541853984e+02,-5.356654251110e+01,3.944296215483e+02,1.000000000000e+00,1.624231323149
1726,16882,6182373046.875000,-2.741094685682e+02,-3.837532559955e+02,-3.221898557381e+02,-3.624966237524e+02,-2.590759047378e+02,-3.809810441445e+02,1.000000000000e+00,1.599565247586
1727,16883,6182739257.812500,3.837532559955e+02,-1.644656811409e+02,3.742805247547e+02,-2.104740470957e+02,3.975552211074e+02,-1.486760175847e+02,1.000000000000e+00,1.574885914804
1728,16884,6183105468.750000,-2.741094685682e+02,-1.644656811409e+02,-2.984259485120e+02,-1.379364477779e+02,-2.642750749202e+02,-1.595683580986e+02,1.000000000000e+00,1.550193346476
1729,16885,6183471679.687500,3.837532559955e+02,-2.741094685682e+02,3.628035832470e+02,-3.217018231439e+02,3.989089005025e+02,-2.583630321003e+02,1.000000000000e+00,1.525487565854
1730,16886,6183837890.625000,1.644656811409e+02,-2.741094685682e+02,1.392226498767e+02,-2.976362276421e+02,1.785705430994e+02,-2.618178535449e+02,1.000000000000e+00,1.500768597775
1731,16887,6184204101.562500,3.837532559955e+02,-3.837532559955e+02,3.525554703841e+02,-4.325270244400e+02,4.010332832403e+02,-3.675704356098e+02,1.000000000000e+00,1.476036468666
1732,16888,6184570312.500000,-3.837532559955e+02,-3.837532559955e+02,-4.325907273751e+02,-3.530864789722e+02,-3.709711742956e+02,-3.828156231282e+02,1.000000000000e+00,1.451291206548
1733,16889,6184936523.437500,5.482189371364e+01,1.644656811409e+02,7.309855507742e+01,1.628412697945e+02,5.918586421773e+01,1.773186661871e+02,1.000000000000e+00,1.426532841050
1734,16890,6185302734.375000,-1.644656811409e+02,1.644656811409e+02,-1.517357532698e+02,1.852117371090e+02,-1.618174697491e+02,1.730712845727e+02,1.000000000000e+00,1.401761403406
1735,16891,6185668945.312500,-1.644656811409e+02,2.741094685682e+02,-1.408989902002e+02,2.972377074071e+02,-1.642980736616e+02,2.833044126849e+02,1.000000000000e+00,1.376976926465
1736,16892,6186035156.250000,-1.644656811409e+02,-5.482189371364e+01,-1.738350154644e+02,-3.982086136025e+01,-1.579331473880e+02,-4.752010417312e+01,1.000000000000e+00,1.352179444696
1737,16893,6186401367.187500,1.644656811409e+02,-2.741094685682e+02,1.414412192071e+02,-2.969681318004e+02,1.769585760412e+02,-2.614056689815e+02,1.000000000000e+00,1.327368994192
1738,16894,6186767578.125000,2.741094685682e+02,-3.837532559955e+02,2.432761458753e+02,-4.200406207971e+02,2.891216047869e+02,-3.696282005154e+02,1.000000000000e+00,1.302545612676
1739,16895,6187133789.062500,2.741094685682e+02,-5.482189371364e+01,2.755770743084e+02,-8.277897851634e+01,2.823495031850e+02,-3.866434178739e+01,1.000000000000e+00,1.277709339504
1740,16896,6187500000.000000,5.482189371364e+01,-3.837532559955e+02,1.944182007613e+01,-3.984261910590e+02,6.800358881241e+01,-3.737682513124e+02,1.000000000000e+00,1.252860215670
1741,16897,6187866210.937500,5.482189371364e+01,-1.644656811409e+02,4.063712403555e+01,-1.736459380944e+02,6.336325948733e+01,-1.530963125443e+02,1.000000000000e+00,1.227998283810
1742,16898,6188232421.875000,3.837532559955e+02,-5.482189371364e+01,3.880210253221e+02,-9.210444839070e+01,3.916179833924e+02,-3.624780063307e+01,1.000000000000e+00,1.203123588206
1743,16899,6188598632.812500,3.837532559955e+02,-2.741094685682e+02,3.677105393110e+02,-3.167176315462e+02,3.956808419768e+02,-2.570655761527e+02,1.000000000000e+00,1.178236174788
1744,16900,6188964843.750000,-3.837532559955e+02,2.741094685682e+02,-3.679367359357e+02,3.166704354365e+02,-3.872441188902e+02,2.798128002348e+02,1.000000000000e+00,1.153336091136
1745,16901,6189331054.687500,-5.482189371364e+01,3.837532559955e+02,-2.044060970962e+01,3.987242948548e+02,-5.814603524059e+01,3.966167326475e+02,1.000000000000e+00,1.128423386489
1746,16902,6189697265.625000,5.482189371364e+01,3.837532559955e+02,9.220444959625e+01,3.886853566427e+02,5.252226831871e+01,3.986871321816e+02,1.000000000000e+00,1.103498111737
1747,16903,6190063476.562500,3.837532559955e+02,5.482189371364e+01,3.991101383231e+02,2.035898851764e+01,3.891252263157e+02,7.229443995141e+01,1.000000000000e+00,1.078560319434
1748,16904,6190429687.500000,-1.644656811409e+02,1.644656811409e+02,-1.537835743907e+02,1.838393114358e+02,-1.654067501123e+02,1.741943683397e+02,1.000000000000e+00,1.053610063791
1749,16905,6190795898.437500,5.482189371364e+01,-1.644656811409e+02,4.159795178581e+01,-1.736609409631e+02,6.073421527670e+01,-1.534721578259e+02,1.000000000000e+00,1.028647400682
1750,16906,6191162109.375000,-1.644656811409e+02,-3.837532559955e+02,-2.024174203228e+02,-3.791608154215e+02,-1.564003112545e+02,-3.778976904846e+02,1.000000000000e+00,1.003672387645
1751,16907,6191528320.312500,-1.644656811409e+02,-1.644656811409e+02,-1.830041351680e+02,-1.541034053430e+02,-1.605531204634e+02,-1.569318032082e+02,1.000000000000e+00,0.978685083879
1752,16908,6191894531.250000,5.482189371364e+01,5.482189371364e+01,6.095415823201e+01,5.132286156418e+01,5.612946921787e+01,6.699509946529e+01,1.000000000000e+00,0.953685550250
1753,16909,6192260742.187500,-3.837532559955e+02,5.482189371364e+01,-3.881255971014e+02,8.924862243995e+01,-3.846371392250e+02,6.017008688469e+01,1.000000000000e+00,0.928673849286
1754,16910,6192626953.125000,-2.741094685682e+02,-2.741094685682e+02,-3.036714349000e+02,-2.575142523046e+02,-2.693702766156e+02,-2.687163103909e+02,1.000000000000e+00,0.903650045180
1755,16911,6192993164.062500,3.837532559955e+02,-2.741094685682e+02,3.703043622789e+02,-3.120658362081e+02,3.910532488671e+02,-2.575676998808e+02,1.000000000000e+00,0.878614203785
1756,16912,6193359375.000000,5.482189371364e+01,-2.741094685682e+02,3.395840465411e+01,-2.852158302171e+02,6.065111702858e+01,-2.634956085288e+02,1.000000000000e+00,0.853566392619
1757,16913,6193725585.937500,3.837532559955e+02,5.482189371364e+01,3.977598431050e+02,2.553305158854e+01,3.853644885360e+02,7.253018988970e+01,1.000000000000e+00,0.828506680859
1758,16914,6194091796.875000,-3.837532559955e+02,5.482189371364e+01,-3.892786099768e+02,8.655331741289e+01,-3.864871747938e+02,5.936914933096e+01,1.000000000000e+00,0.803435139341
1759,16915,6194458007.812500,3.837532559955e+02,-1.644656811409e+02,3.807196192237e+02,-1.989078394641e+02,3.887137936995e+02,-1.485527102230e+02,1.000000000000e+00,0.778351840555
1760,16916,6194824218.750000,5.482189371364e+01,2.741094685682e+02,7.772216803888e+01,2.769265188255e+02,5.083557486855e+01,2.871464503552e+02,1.000000000000e+00,0.753256858648
1761,16917,6195190429.687500,3.837532559955e+02,-3.837532559955e+02,3.642827560485e+02,-4.232881178229e+02,3.915994281240e+02,-3.695775913496e+02,1.000000000000e+00,0.728150269414
1762,16918,6195556640.625000,2.741094685682e+02,-1.644656811409e+02,2.691157598721e+02,-1.891853890037e+02,2.778964772976e+02,-1.504354748227e+02,1.000000000000e+00,0.703032150298
1763,16919,6195922851.562500,3.837532559955e+02,5.482189371364e+01,3.979105136711e+02,2.872269224830e+01,3.842417944760e+02,7.238447265855e+01,1.000000000000e+00,0.677902580384
1764,16920,6196289062.500000,-3.837532559955e+02,-3.837532559955e+02,-4.213745280490e+02,-3.665830267758e+02,-3.805384566604e+02,-3.824018735246e+02,1.000000000000e+00,0.652761640399
1765,16921,6196655273.437500,2.741094685682e+02,2.741094685682e+02,3.010064789069e+02,2.617949701012e+02,2.701549596997e+02,2.902042994870e+02,1.000000000000e+00,0.627609412703
1766,16922,6197021484.375000,-5.482189371364e+01,-5.482189371364e+01,-6.020243725822e+01,-5.235315097906e+01,-5.586144008904e+01,-4.590918995117e+01,1.000000000000e+00,0.602445981284
1767,16923,6197387695.312500,3.837532559955e+02,1.644656811409e+02,4.055439451435e+02,1.417860068626e+02,3.819742614822e+02,1.808080271298e+02,1.000000000000e+00,0.577271431756
1768,16924,6197753906.250000,-2.741094685682e+02,5.482189371364e+01,-2.775938159767e+02,7.529941451472e+01,-2.784137081750e+02,6.112136973018e+01,1.000000000000e+00,0.552085851350
1769,16925,6198120117.187500,2.741094685682e+02,-3.837532559955e+02,2.552326809307e+02,-4.125069243270e+02,2.788590763831e+02,-3.723554106334e+02,1.000000000000e+00,0.526889328911
1770,16926,6198486328.125000,-1.644656811409e+02,3.837532559955e+02,-1.433197413987e+02,4.044371626850e+02,-1.731426894256e+02,3.927281792138e+02,1.000000000000e+00,0.501681954886
1771,16927,6198852539.062500,-2.741094685682e+02,5.482189371364e+01,-2.773961410311e+02,7.376042614506e+01,-2.785145912299e+02,6.036036695088e+01,1.000000000000e+00,0.476463821322
1772,16928,6199218750.000000,2.741094685682e+02,3.837532559955e+02,3.052073673318e+02,3.760084289062e+02,2.668363173478e+02,3.985596810140e+02,1.000000000000e+00,0.451235021857
1773,16929,6199584960.937500,-2.741094685682e+02,-2.741094685682e+02,-2.984220175932e+02,-2.639037212938e+02,-2.746045570285e+02,-2.699015645362e+02,1.000000000000e+00,0.425995651711
1774,16930,6199951171.875000,-2.741094685682e+02,-5.482189371364e+01,-2.848118240841e+02,-3.908142485514e+01,-2.780239033952e+02,-4.948028033503e+01,1.000000000000e+00,0.400745807677
1775,16931,6200317382.812500,1.644656811409e+02,5.482189371364e+01,1.722197195469e+02,4.629049154174e+01,1.613733093925e+02,6.617630696622e+01,1.000000000000e+00,0.375485588114
1776,16932,6200683593.750000,2.741094685682e+02,-2.741094685682e+02,2.654734550121e+02,-2.976435761382e+02,2.759639030579e+02,-2.631692273212e+02,1.000000000000e+00,0.350215092938
1777,16933,6201049804.687500,-1.644656811409e+02,-5.482189371364e+01,-1.720841873820e+02,-4.698932913326e+01,-1.683230016516e+02,-4.885065146339e+01,1.000000000000e+00,0.324934423610
1778,16934,6201416015.625000,-3.837532559955e+02,3.837532559955e+02,-3.725802573961e+02,4.157769199324e+02,-3.948450106201e+02,3.893255314887e+02,1.000000000000e+00,0.299643683128
1779,16935,6201782226.562500,2.741094685682e+02,-2.741094685682e+02,2.661944587198e+02,-2.967878900028e+02,2.749541768879e+02,-2.638932686520e+02,1.000000000000e+00,0.274342976015
1780,16936,6202148437.500000,1.644656811409e+02,1.644656811409e+02,1.777531027145e+02,1.599762173776e+02,1.590735834465e+02,1.755597340179e+02,1.000000000000e+00,0.249032408309
1781,16937,6202514648.437500,-2.741094685682e+02,-3.837532559955e+02,-3.007518219115e+02,-3.801594428535e+02,-2.741266531057e+02,-3.816020159172e+02,1.000000000000e+00,0.223712087551
1782,16938,6202880859.375000,-5.482189371364e+01,-2.741094685682e+02,-6.909205337753e+01,-2.788128824473e+02,-5.495276060732e+01,-2.683931127279e+02,1.000000000000e+00,0.198382122774
1783,16939,6203247070.312500,-5.482189371364e+01,-2.741094685682e+02,-6.884904602449e+01,-2.789655506805e+02,-5.525696757081e+01,-2.686139827401e+02,1.000000000000e+00,0.173042624487
1784,16940,6203613281.250000,-5.482189371364e+01,2.741094685682e+02,-4.368309487886e+01,2.841712425229e+02,-6.389670795816e+01,2.823555725848e+02,1.000000000000e+00,0.147693704668
1785,16941,6203979492.187500,-3.837532559955e+02,-1.644656811409e+02,-4.021732484546e+02,-1.512529510546e+02,-3.889145500128e+02,-1.629893855647e+02,1.000000000000e+00,0.122335476747
1786,16942,6204345703.125000,5.482189371364e+01,1.644656811409e+02,6.388098336350e+01,1.665342489722e+02,4.810619279847e+01,1.732986239271e+02,1.000000000000e+00,0.096968055592
1787,16943,6204711914.062500,2.741094685682e+02,5.482189371364e+01,2.841329811976e+02,4.397682844209e+01,2.698061630664e+02,6.523316363183e+01,1.000000000000e+00,0.071591557499
1788,16944,6205078125.000000,-2.741094685682e+02,2.741094685682e+02,-2.694838337477e+02,2.936544979485e+02,-2.837648133369e+02,2.794983293539e+02,1.000000000000e+00,0.046206100171
1789,16945,6205444335.937500,5.482189371364e+01,-1.644656811409e+02,4.935487399190e+01,-1.711681497859e+02,5.141384513192e+01,-1.579063769077e+02,1.000000000000e+00,0.020811802710
1790,16946,6205810546.875000,-2.741094685682e+02,2.741094685682e+02,-2.702703147704e+02,2.923078292364e+02,-2.838959074676e+02,2.786347314151e+02,1.000000000000e+00,-0.004591214406
1791,16947,6206176757.812500,3.837532559955e+02,5.482189371364e+01,3.961076759270e+02,4.118754130810e+01,3.791294833762e+02,6.552119048899e+01,1.000000000000e+00,-0.030002829329
1792,16948,6206542968.750000,-2.741094685682e+02,-2.741094685682e+02,-2.926179458089e+02,-2.709085215694e+02,-2.790336118356e+02,-2.719343203400e+02,1.000000000000e+00,-0.055422918869
1793,16949,6206909179.687500,-1.644656811409e+02,-2.741094685682e+02,-1.802093988019e+02,-2.755741263349e+02,-1.695760804258e+02,-2.712108047165e+02,1.000000000000e+00,-0.080851358499
1794,16950,6207275390.625000,-5.482189371364e+01,-1.644656811409e+02,-6.277554921937e+01,-1.671742475949e+02,-6.010522385093e+01,-1.601734672295e+02,1.000000000000e+00,-0.106288022382
1795,16951,6207641601.562500,2.741094685682e+02,5.482189371364e+01,2.840654420840e+02,4.632880771478e+01,2.693976921488e+02,6.277973032682e+01,1.000000000000e+00,-0.131732783381
1796,16952,6208007812.500000,5.482189371364e+01,-2.741094685682e+02,4.681109230283e+01,-2.838667914360e+02,5.093257869362e+01,-2.699420899472e+02,1.000000000000e+00,-0.157185513083
1797,16953,6208374023.437500,1.644656811409e+02,1.644656811409e+02,1.744315243054e+02,1.639325205837e+02,1.577219276662e+02,1.721936487871e+02,1.000000000000e+00,-0.182646081811
1798,16954,6208740234.375000,1.644656811409e+02,-1.644656811409e+02,1.644404178189e+02,-1.739434647523e+02,1.607141056821e+02,-1.587149038009e+02,1.000000000000e+00,-0.208114358650
1799,16955,6209106445.312500,-5.482189371364e+01,2.741094685682e+02,-4.919018337022e+01,2.834672062999e+02,-6.467828098965e+01,2.801149560573e+02,1.000000000000e+00,-0.233590211460
1800,16956,6209472656.250000,-5.482189371364e+01,-3.837532559955e+02,-6.596626169106e+01,-3.936026757678e+02,-5.759808683495e+01,-3.821051557085e+02,1.000000000000e+00,-0.259073506899
1801,16957,6209838867.187500,-2.741094685682e+02,-1.644656811409e+02,-2.860624424932e+02,-1.629099311155e+02,-2.808721640603e+02,-1.639632489330e+02,1.000000000000e+00,-0.284564110441
1802,16958,6210205078.125000,-5.482189371364e+01,1.644656811409e+02,-5.278845699073e+01,1.704496435209e+02,-6.360274362139e+01,1.692796971255e+02,1.000000000000e+00,-0.310061886399
1803,16959,6210571289.062500,-2.741094685682e+02,3.837532559955e+02,-2.737782985410e+02,4.001211551752e+02,-2.861289955230e+02,3.871183077871e+02,1.000000000000e+00,-0.335566697942
1804,16960,6210937500.000000,2.741094685682e+02,2.741094685682e+02,2.867404799134e+02,2.760777842488e+02,2.656674756682e+02,2.817775211630e+02,1.000000000000e+00,-0.361078407120
1805,16961,6211303710.937500,1.644656811409e+02,-3.837532559955e+02,1.619618512013e+02,-3.970546869844e+02,1.618023451500e+02,-3.800036565111e+02,1.000000000000e+00,-0.386596874884
1806,16962,6211669921.875000,2.741094685682e+02,1.644656811409e+02,2.843908246177e+02,1.644263231801e+02,2.669127082289e+02,1.713296266851e+02,1.000000000000e+00,-0.412121961106
1807,16963,6212036132.812500,2.741094685682e+02,-5.482189371364e+01,2.809643548429e+02,-6.057215788639e+01,2.689822049652e+02,-4.930220697468e+01,1.000000000000e+00,-0.437653524604
1808,16964,6212402343.750000,5.482189371364e+01,1.644656811409e+02,5.887009581159e+01,1.683015686499e+02,4.684283551000e+01,1.689920601266e+02,1.000000000000e+00,-0.463191423163
1809,16965,6212768554.687500,-3.837532559955e+02,-1.644656811409e+02,-3.972141286635e+02,-1.634439342282e+02,-3.921437850268e+02,-1.646303391701e+02,1.000000000000e+00,-0.488735513561
1810,16966,6213134765.625000,-3.837532559955e+02,-2.741094685682e+02,-3.985106805732e+02,-2.768202601007e+02,-3.916568724951e+02,-2.750343098061e+02,1.000000000000e+00,-0.514285651586
1811,16967,6213500976.562500,-1.644656811409e+02,3.837532559955e+02,-1.653578987331e+02,3.963881375607e+02,-1.754454879474e+02,3.873813250477e+02,1.000000000000e+00,-0.539841692066
1812,16968,6213867187.500000,-5.482189371364e+01,-3.837532559955e+02,-5.884159687509e+01,-3.943381103117e+02,-5.883370332337e+01,-3.839156429247e+02,1.000000000000e+00,-0.565403488890
1813,16969,6214233398.437500,1.644656811409e+02,3.837532559955e+02,1.709430201930e+02,3.938259233627e+02,1.545753930940e+02,3.895562056316e+02,1.000000000000e+00,-0.590970895033
1814,16970,6214599609.375000,-5.482189371364e+01,5.482189371364e+01,-5.612980324139e+01,5.658954018158e+01,-6.282659328305e+01,5.674042229070e+01,1.000000000000e+00,-0.616543762580
1815,16971,6214965820.312500,-1.644656811409e+02,2.741094685682e+02,-1.680451294973e+02,2.823305867371e+02,-1.744482905494e+02,2.762026624543e+02,1.000000000000e+00,-0.642121942753
1816,16972,6215332031.250000,2.741094685682e+02,-3.837532559955e+02,2.805645288006e+02,-3.953826975870e+02,2.703095272256e+02,-3.824737861470e+02,1.000000000000e+00,-0.667705285934
1817,16973,6215698242.187500,2.741094685682e+02,5.482189371364e+01,2.820121511302e+02,5.561189364972e+01,2.679928909380e+02,5.779436210557e+01,1.000000000000e+00,-0.693293641689
1818,16974,6216064453.125000,-1.644656811409e+02,2.741094685682e+02,-1.686513105859e+02,2.822234407710e+02,-1.736858480192e+02,2.763685744505e+02,1.000000000000e+00,-0.718886858801
1819,16975,6216430664.062500,3.837532559955e+02,-2.741094685682e+02,3.951508018905e+02,-2.813566008846e+02,3.799541826306e+02,-2.725717978873e+02,1.000000000000e+00,-0.744484785286
1820,16976,6216796875.000000,-5.482189371364e+01,-2.741094685682e+02,-5.504651101816e+01,-2.822413277813e+02,-6.066115612104e+01,-2.751037080274e+02,1.000000000000e+00,-0.770087268429
1821,16977,6217163085.937500,-2.741094685682e+02,1.644656811409e+02,-2.830073426645e+02,1.673100597239e+02,-2.840685927232e+02,1.642832877680e+02,1.000000000000e+00,-0.795694154804
1822,16978,6217529296.875000,-2.741094685682e+02,2.741094685682e+02,-2.835090250655e+02,2.799616043369e+02,-2.841000675060e+02,2.747067863159e+02,1.000000000000e+00,-0.821305290304
1823,16979,6217895507.812500,-5.482189371364e+01,-3.837532559955e+02,-5.391395112460e+01,-3.945318053961e+02,-6.131558759003e+01,-3.851779343882e+02,1.000000000000e+00,-0.846920520168
1824,16980,6218261718.750000,-5.482189371364e+01,-1.644656811409e+02,-5.485921189648e+01,-1.693654128392e+02,-6.178825884593e+01,-1.651290978113e+02,1.000000000000e+00,-0.872539689007
1825,16981,6218627929.687500,-3.837532559955e+02,-1.644656811409e+02,-3.919704079767e+02,-1.735715695965e+02,-3.916634578396e+02,-1.671147811416e+02,1.000000000000e+00,-0.898162640832
1826,16982,6218994140.625000,-2.741094685682e+02,-5.482189371364e+01,-2.804958700314e+02,-6.061836311587e+01,-2.820143918771e+02,-5.712966286262e+01,1.000000000000e+00,-0.923789219084
1827,16983,6219360351.562500,1.644656811409e+02,-2.741094685682e+02,1.735555810600e+02,-2.787987133679e+02,1.596308972668e+02,-2.746632060521e+02,1.000000000000e+00,-0.949419266660
1828,16984,6219726562.500000,-5.482189371364e+01,1.644656811409e+02,-5.927894456209e+01,1.680899261013e+02,-6.322657679036e+01,1.644617873217e+02,1.000000000000e+00,-0.975052625939
1829,16985,6220092773.437500,3.837532559955e+02,3.837532559955e+02,3.874650130195e+02,4.018551890202e+02,3.769477899579e+02,3.869313763554e+02,1.000000000000e+00,-1.000689138816
1830,16986,6220458984.375000,5.482189371364e+01,-3.837532559955e+02,6.395392022689e+01,-3.934177993329e+02,4.942242551397e+01,-3.864762685219e+02,1.000000000000e+00,-1.026328646727
1831,16987,6220825195.312500,-2.741094685682e+02,-5.482189371364e+01,-2.805328009508e+02,-6.204740841094e+01,-2.824016201901e+02,-5.705129046209e+01,1.000000000000e+00,-1.051970990677
1832,16988,6221191406.250000,3.837532559955e+02,-2.741094685682e+02,4.001194958068e+02,-2.733060135283e+02,3.789797371171e+02,-2.758366680255e+02,1.000000000000e+00,-1.077616011271
1833,16989,6221557617.187500,-1.644656811409e+02,-2.741094685682e+02,-1.628741331648e+02,-2.851117797968e+02,-1.720039313830e+02,-2.768626581385e+02,1.000000000000e+00,-1.103263548743
1834,16990,6221923828.125000,-2.741094685682e+02,-3.837532559955e+02,-2.728206569316e+02,-4.001210039016e+02,-2.824219123651e+02,-3.867568000197e+02,1.000000000000e+00,-1.128913442984
1835,16991,6222290039.062500,-2.741094685682e+02,-1.644656811409e+02,-2.774151347383e+02,-1.752795306836e+02,-2.822239887577e+02,-1.665826822781e+02,1.000000000000e+00,-1.154565533570
1836,16992,6222656250.000000,1.644656811409e+02,-1.644656811409e+02,1.728652975280e+02,-1.645742948596e+02,1.578966743732e+02,-1.672213932310e+02,1.000000000000e+00,-1.180219659797
1837,16993,6223022460.937500,-5.482189371364e+01,-1.644656811409e+02,-5.182020689389e+01,-1.701326635242e+02,-6.207102831144e+01,-1.670383418038e+02,1.000000000000e+00,-1.205875660703
1838,16994,6223388671.875000,-2.741094685682e+02,2.741094685682e+02,-2.892760168687e+02,2.734134062834e+02,-2.815885538262e+02,2.731774473584e+02,1.000000000000e+00,-1.231533375104
1839,16995,6223754882.812500,-2.741094685682e+02,-3.837532559955e+02,-2.696402987536e+02,-4.027381251064e+02,-2.824705360328e+02,-3.878473120773e+02,1.000000000000e+00,-1.257192641618
1840,16996,6224121093.750000,-3.837532559955e+02,2.741094685682e+02,-4.033680611594e+02,2.690025250831e+02,-3.921055875866e+02,2.731685589214e+02,1.000000000000e+00,-1.282853298701
1841,16997,6224487304.687500,-1.644656811409e+02,-2.741094685682e+02,-1.594744275167e+02,-2.870720345634e+02,-1.721160728086e+02,-2.779351803491e+02,1.000000000000e+00,-1.308515184672
1842,16998,6224853515.625000,1.644656811409e+02,-1.644656811409e+02,1.745703667715e+02,-1.628883419329e+02,1.582766889028e+02,-1.683952912011e+02,1.000000000000e+00,-1.334178137743
1843,16999,6225219726.562500,-2.741094685682e+02,5.482189371364e+01,-2.832372396234e+02,4.621458731709e+01,-2.813767280750e+02,5.255556479088e+01,1.000000000000e+00,-1.359841996054
1844,17000,6225585937.500000,1.644656811409e+02,-5.482189371364e+01,1.709022255811e+02,-5.010367315691e+01,1.586845356850e+02,-5.898431617358e+01,1.000000000000e+00,-1.385506597694
1845,17001,6225952148.437500,-3.837532559955e+02,-3.837532559955e+02,-3.794267988068e+02,-4.089946100602e+02,-3.935643362244e+02,-3.875299630731e+02,1.000000000000e+00,-1.411171780741
1846,17002,6226318359.375000,5.482189371364e+01,5.482189371364e+01,5.407676220237e+01,5.853382172894e+01,4.918031301110e+01,5.119532973549e+01,1.000000000000e+00,-1.436837383284
1847,17003,6226684570.312500,1.644656811409e+02,2.741094685682e+02,1.570901907950e+02,2.885021713645e+02,1.601708461927e+02,2.709783572423e+02,1.000000000000e+00,-1.462503243456
1848,17004,6227050781.250000,-3.837532559955e+02,5.482189371364e+01,-3.963614051820e+02,3.894969291567e+01,-3.912328467276e+02,5.229315973243e+01,1.000000000000e+00,-1.488169199465
1849,17005,6227416992.187500,-3.837532559955e+02,-1.644656811409e+02,-3.860856726390e+02,-1.866343887671e+02,-3.917726944354e+02,-1.679572378460e+02,1.000000000000e+00,-1.513835089622
1850,17006,6227783203.125000,5.482189371364e+01,1.644656811409e+02,4.832400066465e+01,1.713266005318e+02,4.992572071690e+01,1.605959672758e+02,1.000000000000e+00,-1.539500752370
1851,17007,6228149414.062500,2.741094685682e+02,-3.837532559955e+02,3.001286674539e+02,-3.800044834301e+02,2.679331501164e+02,-3.908355047288e+02,1.000000000000e+00,-1.565166026316
1852,17008,6228515625.000000,3.837532559955e+02,5.482189371364e+01,3.908993042137e+02,7.578319930363e+01,3.801038043473e+02,4.868718800314e+01,1.000000000000e+00,-1.590830750261
1853,17009,6228881835.937500,5.482189371364e+01,-5.482189371364e+01,5.912647564472e+01,-5.338887444044e+01,4.938876400584e+01,-6.009608528666e+01,1.000000000000e+00,-1.616494763226
1854,17010,6229248046.875000,-5.482189371364e+01,1.644656811409e+02,-6.516337004760e+01,1.657041619281e+02,-5.955185871826e+01,1.605170457766e+02,1.000000000000e+00,-1.642157904485
1855,17011,6229614257.812500,2.741094685682e+02,-2.741094685682e+02,2.963951568800e+02,-2.653577153208e+02,2.686725423101e+02,-2.812365775525e+02,1.000000000000e+00,-1.667820013592
1856,17012,6229980468.750000,-3.837532559955e+02,-2.741094685682e+02,-3.767155668416e+02,-3.032142119191e+02,-3.908110516533e+02,-2.785271496884e+02,1.000000000000e+00,-1.693480930412
1857,17013,6230346679.687500,2.741094685682e+02,-5.482189371364e+01,2.839892845433e+02,-3.980664466812e+01,2.697227312472e+02,-6.163639472069e+01,1.000000000000e+00,-1.719140495150
1858,17014,6230712890.625000,-3.837532559955e+02,-2.741094685682e+02,-3.766830324568e+02,-3.039619167277e+02,-3.915339579462e+02,-2.781718388476e+02,1.000000000000e+00,-1.744798548379
1859,17015,6231079101.562500,5.482189371364e+01,-2.741094685682e+02,7.295613716416e+01,-2.775825655564e+02,4.846315251142e+01,-2.811118923817e+02,1.000000000000e+00,-1.770454931068
1860,17016,6231445312.500000,1.644656811409e+02,-2.741094685682e+02,1.858765583882e+02,-2.704495879729e+02,1.587315453038e+02,-2.819101246152e+02,1.000000000000e+00,-1.796109484613
1861,17017,6231811523.437500,5.482189371364e+01,-5.482189371364e+01,5.974757153013e+01,-5.256885619951e+01,5.027819926385e+01,-6.120013386061e+01,1.000000000000e+00,-1.821762050865
1862,17018,6232177734.375000,-2.741094685682e+02,-1.644656811409e+02,-2.696715529590e+02,-1.867890579206e+02,-2.803278526368e+02,-1.692076857363e+02,1.000000000000e+00,-1.847412472158
1863,17019,6232543945.312500,-3.837532559955e+02,-5.482189371364e+01,-3.890803419703e+02,-8.218888975906e+01,-3.893848600627e+02,-5.828055465151e+01,1.000000000000e+00,-1.873060591335
1864,17020,6232910156.250000,1.644656811409e+02,5.482189371364e+01,1.644978761461e+02,6.741663662706e+01,1.613605660448e+02,4.741712623038e+01,1.000000000000e+00,-1.898706251779
1865,17021,6233276367.187500,1.644656811409e+02,-3.837532559955e+02,1.953533104079e+02,-3.809408481453e+02,1.579462017136e+02,-3.923603716838e+02,1.000000000000e+00,-1.924349297441
1866,17022,6233642578.125000,1.644656811409e+02,-2.741094685682e+02,1.881540686864e+02,-2.684054748202e+02,1.590657079443e+02,-2.825198838046e+02,1.000000000000e+00,-1.949989572864
1867,17023,6234008789.062500,5.482189371364e+01,-2.741094685682e+02,7.655537041732e+01,-2.762380667585e+02,4.936879868387e+01,-2.817716711683e+02,1.000000000000e+00,-1.975626923214
1868,17024,6234375000.000000,-2.741094685682e+02,-5.482189371364e+01,-2.764225990504e+02,-7.657299572192e+01,-2.788471317125e+02,-5.906982236499e+01,1.000000000000e+00,-2.001261194304
1869,17025,6234741210.937500,5.482189371364e+01,1.644656811409e+02,4.386879161948e+01,1.725085771205e+02,5.368870500857e+01,1.576975614643e+02,1.000000000000e+00,-2.026892232624
1870,17026,6235107421.875000,1.644656811409e+02,3.837532559955e+02,1.396489482662e+02,4.053611199217e+02,1.669235303630e+02,3.762992182411e+02,1.000000000000e+00,-2.052519885364
1871,17027,6235473632.812500,1.644656811409e+02,-2.741094685682e+02,1.892376080947e+02,-2.678130436006e+02,1.585685328901e+02,-2.839618239565e+02,1.000000000000e+00,-2.078144000444
1872,17028,6235839843.750000,-3.837532559955e+02,-3.837532559955e+02,-3.621319624261e+02,-4.221083447469e+02,-3.920964113874e+02,-3.865845691575e+02,1.000000000000e+00,-2.103764426538
1873,17029,6236206054.687500,-2.741094685682e+02,2.741094685682e+02,-3.021479178182e+02,2.580339625921e+02,-2.738232734004e+02,2.708872260762e+02,1.000000000000e+00,-2.129381013097
1874,17030,6236572265.625000,-2.741094685682e+02,3.837532559955e+02,-3.123508447588e+02,3.696308867959e+02,-2.730175969873e+02,3.808242278585e+02,1.000000000000e+00,-2.154993610381
1875,17031,6236938476.562500,-1.644656811409e+02,-1.644656811409e+02,-1.541665957407e+02,-1.825598286514e+02,-1.690535365746e+02,-1.708291724825e+02,1.000000000000e+00,-2.180602069479
1876,17032,6237304687.500000,2.741094685682e+02,5.482189371364e+01,2.755507951496e+02,7.999753350554e+01,2.736448950476e+02,4.461001614137e+01,1.000000000000e+00,-2.206206242334
1877,17033,6237670898.437500,-1.644656811409e+02,-5.482189371364e+01,-1.631593736103e+02,-7.044705840759e+01,-1.673105798713e+02,-6.047437451908e+01,1.000000000000e+00,-2.231805981770
1878,17034,6238037109.375000,3.837532559955e+02,-3.837532559955e+02,4.255126879111e+02,-3.575376039423e+02,3.776115721158e+02,-3.966900138890e+02,1.000000000000e+00,-2.257401141516
1879,17035,6238403320.312500,-3.837532559955e+02,-1.644656811409e+02,-3.771884535682e+02,-2.025683749617e+02,-3.883472513045e+02,-1.674489671560e+02,1.000000000000e+00,-2.282991576226
1880,17036,6238769531.250000,-5.482189371364e+01,5.482189371364e+01,-6.108967549806e+01,5.104737757187e+01,-5.557426577793e+01,4.806874015831e+01,1.000000000000e+00,-2.308577141507
1881,17037,6239135742.187500,1.644656811409e+02,-2.741094685682e+02,1.938357861840e+02,-2.651273838188e+02,1.603434544508e+02,-2.853292413812e+02,1.000000000000e+00,-2.334157693941
1882,17038,6239501953.125000,3.837532559955e+02,3.837532559955e+02,3.557885898215e+02,4.287928818587e+02,3.894025713611e+02,3.721745850991e+02,1.000000000000e+00,-2.359733091106
1883,17039,6239868164.062500,5.482189371364e+01,2.741094685682e+02,2.940370133670e+01,2.852693125351e+02,5.788010641824e+01,2.663045661599e+02,1.000000000000e+00,-2.385303191599
1884,17040,6240234375.000000,-1.644656811409e+02,-3.837532559955e+02,-1.303748930748e+02,-4.078979719557e+02,-1.708088270515e+02,-3.904096996996e+02,1.000000000000e+00,-2.410867855062
1885,17041,6240600585.937500,3.837532559955e+02,5.482189371364e+01,3.864379453047e+02,9.361477854579e+01,3.853033520315e+02,4.106456771841e+01,1.000000000000e+00,-2.436426942197
1886,17042,6240966796.875000,5.482189371364e+01,-2.741094685682e+02,8.293135363293e+01,-2.744816756969e+02,5.021814923365e+01,-2.838028631840e+02,1.000000000000e+00,-2.461980314793
1887,17043,6241333007.812500,2.741094685682e+02,2.741094685682e+02,2.523558858048e+02,3.074435359445e+02,2.795049845537e+02,2.623679089604e+02,1.000000000000e+00,-2.487527835744
1888,17044,6241699218.750000,-1.644656811409e+02,5.482189371364e+01,-1.735927970675e+02,3.907580914992e+01,-1.638864936097e+02,4.950968226077e+01,1.000000000000e+00,-2.513069369070
1889,17045,6242065429.687500,-5.482189371364e+01,2.741094685682e+02,-8.476321860301e+01,2.741722500469e+02,-5.034233689710e+01,2.678021628278e+02,1.000000000000e+00,-2.538604779939
1890,17046,6242431640.625000,-3.837532559955e+02,5.482189371364e+01,-3.975704058396e+02,1.512480081083e+01,-3.835030082108e+02,5.282083029439e+01,1.000000000000e+00,-2.564133934683
1891,17047,6242797851.562500,-2.741094685682e+02,-5.482189371364e+01,-2.737828673547e+02,-8.550045066964e+01,-2.749366578165e+02,-5.884612298121e+01,1.000000000000e+00,-2.589656700822
1892,17048,6243164062.500000,2.741094685682e+02,3.837532559955e+02,2.377245892742e+02,4.214354943175e+02,2.821476526473e+02,3.723086353827e+02,1.000000000000e+00,-2.615172947079
1893,17049,6243530273.437500,-2.741094685682e+02,3.837532559955e+02,-3.220823702763e+02,3.612236335267e+02,-2.674216722790e+02,3.812535298999e+02,1.000000000000e+00,-2.640682543402
1894,17050,6243896484.375000,5.482189371364e+01,-3.837532559955e+02,9.886439761155e+01,-3.854204561947e+02,5.008145559359e+01,-3.941863435955e+02,1.000000000000e+00,-2.666185360978
1895,17051,6244262695.312500,5.482189371364e+01,-3.837532559955e+02,9.924723687032e+01,-3.851358127218e+02,5.007851399163e+01,-3.940387124581e+02,1.000000000000e+00,-2.691681272256
1896,17052,6244628906.250000,-1.644656811409e+02,-5.482189371364e+01,-1.613264596822e+02,-7.459533763354e+01,-1.638975760968e+02,-6.024653658936e+01,1.000000000000e+00,-2.717170150958
1897,17053,6244995117.187500,-5.482189371364e+01,-3.837532559955e+02,-1.171146980444e+01,-3.969764251491e+02,-5.979543008980e+01,-3.915311936602e+02,1.000000000000e+00,-2.742651872103
1898,17054,6245361328.125000,-1.644656811409e+02,-2.741094685682e+02,-1.356379039592e+02,-2.980554250292e+02,-1.675448478808e+02,-2.795824269212e+02,1.000000000000e+00,-2.768126312016
1899,17055,6245727539.062500,-5.482189371364e+01,2.741094685682e+02,-8.781172698272e+01,2.725402014303e+02,-4.701582032535e+01,2.673391601001e+02,1.000000000000e+00,-2.793593348351
1900,17056,6246093750.000000,-2.741094685682e+02,5.482189371364e+01,-2.854088176386e+02,2.345841662967e+01,-2.706512022322e+02,5.220591556086e+01,1.000000000000e+00,-2.819052860102
1901,17057,6246459960.937500,3.837532559955e+02,-2.741094685682e+02,4.235001532754e+02,-2.332120917537e+02,3.820122482038e+02,-2.905180364691e+02,1.000000000000e+00,-2.844504727618
1902,17058,6246826171.875000,-1.644656811409e+02,3.837532559955e+02,-2.140425715509e+02,3.710087293187e+02,-1.540451157962e+02,3.800221335946e+02,1.000000000000e+00,-2.869948832623
1903,17059,6247192382.812500,-2.741094685682e+02,-3.837532559955e+02,-2.322014892100e+02,-4.248134215130e+02,-2.793697608947e+02,-3.876738566638e+02,1.000000000000e+00,-2.895385058222
1904,17060,6247558593.750000,-5.482189371364e+01,-1.644656811409e+02,-3.537294733664e+01,-1.745338752976e+02,-5.471732348355e+01,-1.720933257595e+02,1.000000000000e+00,-2.920813288923
1905,17061,6247924804.687500,5.482189371364e+01,3.837532559955e+02,7.308842171557e+00,3.983870606899e+02,6.638958664626e+01,3.765056910027e+02,1.000000000000e+00,-2.946233410645
1906,17062,6248291015.625000,-5.482189371364e+01,5.482189371364e+01,-6.289886569558e+01,4.883476212066e+01,-4.996792906307e+01,4.816099158459e+01,1.000000000000e+00,-2.971645310733
1907,17063,6248657226.562500,-1.644656811409e+02,-5.482189371364e+01,-1.602648911649e+02,-7.713961107581e+01,-1.617760231410e+02,-5.970075000508e+01,1.000000000000e+00,-2.997048877970
1908,17064,6249023437.500000,-3.837532559955e+02,1.644656811409e+02,-4.116764947435e+02,1.168133157348e+02,-3.768952301066e+02,1.643071591016e+02,1.000000000000e+00,-3.022444002590
1909,17065,6249389648.437500,2.741094685682e+02,1.644656811409e+02,2.571416828797e+02,2.034533355105e+02,2.827900808802e+02,1.516132324592e+02,1.000000000000e+00,-3.047830576288
1910,17066,6249755859.375000,3.837532559955e+02,-3.837532559955e+02,4.415046698126e+02,-3.397826165643e+02,3.818043229689e+02,-4.008627519683e+02,1.000000000000e+00,-3.073208492234
1911,17067,6250122070.312500,-5.482189371364e+01,2.741094685682e+02,-9.249101456245e+01,2.716908776623e+02,-4.411048814751e+01,2.686365856727e+02,1.000000000000e+00,-3.098577645079
1912,17068,6250488281.250000,2.741094685682e+02,-1.644656811409e+02,3.010622174634e+02,-1.297734700913e+02,2.767536698364e+02,-1.779154030399e+02,1.000000000000e+00,-3.123937930971
1913,17069,6250854492.187500,5.482189371364e+01,3.837532559955e+02,2.285532433918e+00,3.971231862720e+02,6.758141453647e+01,3.758120686518e+02,1.000000000000e+00,3.133896059619
1914,17070,6251220703.125000,-2.741094685682e+02,3.837532559955e+02,-3.319102045660e+02,3.509856299923e+02,-2.614345724686e+02,3.821330921031e+02,1.000000000000e+00,3.108553813167
1915,17071,6251586914.062500,3.837532559955e+02,-3.837532559955e+02,4.433966056995e+02,-3.357915053173e+02,3.824060767228e+02,-3.996031344199e+02,1.000000000000e+00,3.083220736166
1916,17072,6251953125.000000,-5.482189371364e+01,3.837532559955e+02,-1.095182918726e+02,3.821035590134e+02,-4.041115778903e+01,3.786592687336e+02,1.000000000000e+00,3.057896926398
1917,17073,6252319335.937500,1.644656811409e+02,3.837532559955e+02,1.127183880915e+02,4.130811643588e+02,1.796595733597e+02,3.739751906271e+02,1.000000000000e+00,3.032582480106
1918,17074,6252685546.875000,-1.644656811409e+02,-2.741094685682e+02,-1.278214949834e+02,-3.019351411307e+02,-1.644756854155e+02,-2.781169940773e+02,1.000000000000e+00,3.007277491986
1919,17075,6253051757.812500,3.837532559955e+02,2.741094685682e+02,3.500650156433e+02,3.338640257154e+02,3.974790233839e+02,2.595402257791e+02,1.000000000000e+00,2.981982055180
1920,17076,6253417968.750000,2.741094685682e+02,5.482189371364e+01,2.701843374993e+02,9.579743971808e+01,2.828140480237e+02,4.233457879983e+01,1.000000000000e+00,2.956696261268
1921,17077,6253784179.687500,-1.644656811409e+02,3.837532559955e+02,-2.237706532885e+02,3.648938327076e+02,-1.496740042389e+02,3.814415867415e+02,1.000000000000e+00,2.931420200264
1922,17078,6254150390.625000,-1.644656811409e+02,2.741094685682e+02,-2.079545780461e+02,2.533359429392e+02,-1.518968477901e+02,2.716678816494e+02,1.000000000000e+00,2.906153960608
1923,17079,6254516601.562500,1.644656811409e+02,1.644656811409e+02,1.419323052588e+02,1.918181801916e+02,1.757653190152e+02,1.552176234000e+02,1.000000000000e+00,2.880897629162
1924,17080,6254882812.500000,-3.837532559955e+02,5.482189371364e+01,-3.979208870562e+02,-3.156422356703e+00,-3.763036780830e+02,5.670842733670e+01,1.000000000000e+00,2.855651291204
1925,17081,6255249023.437500,5.482189371364e+01,3.837532559955e+02,-3.628955210140e+00,3.979764136094e+02,7.076922254905e+01,3.779518565299e+02,1.000000000000e+00,2.830415030421
1926,17082,6255615234.375000,1.644656811409e+02,5.482189371364e+01,1.583696867915e+02,8.120986366023e+01,1.741843582898e+02,4.568690663088e+01,1.000000000000e+00,2.805188928910
1927,17083,6255981445.312500,-5.482189371364e+01,2.741094685682e+02,-9.854150376630e+01,2.695136051520e+02,-4.102105363653e+01,2.704872823264e+02,1.000000000000e+00,2.779973067169
1928,17084,6256347656.250000,-3.837532559955e+02,-1.644656811409e+02,-3.633524478494e+02,-2.262971959790e+02,-3.800785349012e+02,-1.613551326487e+02,1.000000000000e+00,2.754767524096
1929,17085,6256713867.187500,-5.482189371364e+01,-3.837532559955e+02,3.617081788114e+00,-3.968988722563e+02,-5.627593797927e+01,-3.880058762536e+02,1.000000000000e+00,2.729572376988
1930,17086,6257080078.125000,2.741094685682e+02,1.644656811409e+02,2.519648584741e+02,2.084202764056e+02,2.872431834877e+02,1.516578820985e+02,1.000000000000e+00,2.704387701531
1931,17087,6257446289.062500,3.837532559955e+02,-2.741094685682e+02,4.309118305718e+02,-2.173248652234e+02,3.854613992288e+02,-2.893074705474e+02,1.000000000000e+00,2.679213571807
1932,17088,6257812500.000000,3.837532559955e+02,2.741094685682e+02,3.446461399401e+02,3.381263846184e+02,3.998963914485e+02,2.597641827140e+02,1.000000000000e+00,2.654050060286
1933,17089,6258178710.937500,3.837532559955e+02,-1.644656811409e+02,4.147228618814e+02,-1.045868887047e+02,3.894423860161e+02,-1.786266253264e+02,1.000000000000e+00,2.628897237825
1934,17090,6258544921.875000,-2.741094685682e+02,-1.644656811409e+02,-2.506015756656e+02,-2.112161887744e+02,-2.692008429082e+02,-1.629094830956e+02,1.000000000000e+00,2.603755173670
1935,17091,6258911132.812500,-5.482189371364e+01,5.482189371364e+01,-6.458720792340e+01,4.644696687197e+01,-4.426783945085e+01,5.191340608563e+01,1.000000000000e+00,2.578623935451
1936,17092,6259277343.750000,-2.741094685682e+02,3.837532559955e+02,-3.413632199227e+02,3.426272019315e+02,-2.565458535725e+02,3.867216637692e+02,1.000000000000e+00,2.553503589187
1937,17093,6259643554.687500,-2.741094685682e+02,1.644656811409e+02,-3.046471082880e+02,1.202631385568e+02,-2.610494021301e+02,1.669606448048e+02,1.000000000000e+00,2.528394199279
1938,17094,6260009765.625000,1.644656811409e+02,5.482189371364e+01,1.568019396032e+02,8.309903403514e+01,1.756937438347e+02,4.744559205165e+01,1.000000000000e+00,2.503295828517
1939,17095,6260375976.562500,-1.644656811409e+02,5.482189371364e+01,-1.753310481349e+02,2.736517873352e+01,-1.532846711089e+02,5.503425511913e+01,1.000000000000e+00,2.478208538076
1940,17096,6260742187.500000,-2.741094685682e+02,-1.644656811409e+02,-2.484126839215e+02,-2.129510348277e+02,-2.677213446220e+02,-1.617381874032e+02,1.000000000000e+00,2.453132387521
1941,17097,6261108398.437500,-5.482189371364e+01,-2.741094685682e+02,-8.071444565483e+00,-2.860162875958e+02,-5.071015347851e+01,-2.760730043525e+02,1.000000000000e+00,2.428067434805
1942,17098,6261474609.375000,-5.482189371364e+01,-2.741094685682e+02,-8.102136174441e+00,-2.860619600555e+02,-5.094440092500e+01,-2.758188467782e+02,1.000000000000e+00,2.403013736272
1943,17099,6261840820.312500,2.741094685682e+02,-5.482189371364e+01,2.861075884341e+02,-8.132836090266e+00,2.834717634252e+02,-6.432051402057e+01,1.000000000000e+00,2.377971346658
1944,17100,6262207031.250000,2.741094685682e+02,2.741094685682e+02,2.293278863927e+02,3.242287840870e+02,2.920308662917e+02,2.651395678477e+02,1.000000000000e+00,2.352940319097
1945,17101,6262573242.187500,2.741094685682e+02,2.741094685682e+02,2.290268595104e+02,3.248442742900e+02,2.922640771549e+02,2.657033945431e+02,1.000000000000e+00,2.327920705121
1946,17102,6262939453.125000,-5.482189371364e+01,-3.837532559955e+02,1.229615780362e+01,-3.976022675686e+02,-5.356625481705e+01,-3.854616416265e+02,1.000000000000e+00,2.302912554660
1947,17103,6263305664.062500,-1.644656811409e+02,5.482189371364e+01,-1.758848079506e+02,2.614903628140e+01,-1.526151098407e+02,5.727535996067e+01,1.000000000000e+00,2.277915916053
1948,17104,6263671875.000000,3.837532559955e+02,2.741094685682e+02,3.382513485887e+02,3.453101266635e+02,4.020616830605e+02,2.639422828646e+02,1.000000000000e+00,2.252930836045
1949,17105,6264038085.937500,3.837532559955e+02,5.482189371364e+01,3.770910658441e+02,1.243138734922e+02,3.966005351709e+02,4.446877807181e+01,1.000000000000e+00,2.227957359793
1950,17106,6264404296.875000,-5.482189371364e+01,-5.482189371364e+01,-4.545024298763e+01,-6.505037491876e+01,-4.508987560605e+01,-5.435617136972e+01,1.000000000000e+00,2.202995530872
1951,17107,6264770507.812500,-1.644656811409e+02,-2.741094685682e+02,-1.169741813844e+02,-3.053218595744e+02,-1.608534588070e+02,-2.700718956970e+02,1.000000000000e+00,2.178045391278
1952,17108,6265136718.750000,3.837532559955e+02,-3.837532559955e+02,4.545977990702e+02,-3.183683383362e+02,3.836114052212e+02,-3.951795200059e+02,1.000000000000e+00,2.153106981432
1953,17109,6265502929.687500,-3.837532559955e+02,-3.837532559955e+02,-3.179361419802e+02,-4.553441809522e+02,-3.834782074450e+02,-3.728708584461e+02,1.000000000000e+00,2.128180340187
1954,17110,6265869140.625000,-3.837532559955e+02,2.741094685682e+02,-4.362918995478e+02,2.069891839460e+02,-3.647786813387e+02,2.853214219512e+02,1.000000000000e+00,2.103265504832
1955,17111,6266235351.562500,5.482189371364e+01,-3.837532559955e+02,1.249782781137e+02,-3.768553906372e+02,5.542892598464e+01,-3.853465921162e+02,1.000000000000e+00,2.078362511100
1956,17112,6266601562.500000,-3.837532559955e+02,3.837532559955e+02,-4.568102316798e+02,3.167058767487e+02,-3.616216387994e+02,3.956947017583e+02,1.000000000000e+00,2.053471393170
1957,17113,6266967773.437500,3.837532559955e+02,5.482189371364e+01,3.766454986865e+02,1.256282799123e+02,3.972551765930e+02,4.471099919622e+01,1.000000000000e+00,2.028592183676
1958,17114,6267333984.375000,5.482189371364e+01,2.741094685682e+02,4.538971055260e+00,2.861347598744e+02,7.416305660282e+01,2.738221802370e+02,1.000000000000e+00,2.003724913713
1959,17115,6267700195.312500,-3.837532559955e+02,-3.837532559955e+02,-3.145963011045e+02,-4.575686260908e+02,-3.827112935890e+02,-3.717546018310e+02,1.000000000000e+00,1.978869612845
1960,17116,6268066406.250000,-5.482189371364e+01,1.644656811409e+02,-8.599333337698e+01,1.550628261821e+02,-3.873106102903e+01,1.675417638257e+02,1.000000000000e+00,1.954026309108
1961,17117,6268432617.187500,-2.741094685682e+02,-5.482189371364e+01,-2.652538009915e+02,-1.069692241691e+02,-2.639230488703e+02,-4.558895595471e+01,1.000000000000e+00,1.929195029020
1962,17118,6268798828.125000,-1.644656811409e+02,-2.741094685682e+02,-1.131614572926e+02,-3.069925495229e+02,-1.600698720970e+02,-2.676848357353e+02,1.000000000000e+00,1.904375797591
1963,17119,6269165039.062500,-5.482189371364e+01,-1.644656811409e+02,-2.368277268483e+01,-1.758797619433e+02,-4.756962640422e+01,-1.606147054838e+02,1.000000000000e+00,1.879568638324
1964,17120,6269531250.000000,-3.837532559955e+02,5.482189371364e+01,-3.963656771377e+02,-1.816886626270e+01,-3.707426204296e+02,6.817726712826e+01,1.000000000000e+00,1.854773573227
1965,17121,6269897460.937500,-1.644656811409e+02,-3.837532559955e+02,-9.215890380197e+01,-4.172402708423e+02,-1.638884992863e+02,-3.760845488039e+02,1.000000000000e+00,1.829990622823
1966,17122,6270263671.875000,2.741094685682e+02,1.644656811409e+02,2.439818960166e+02,2.179725545414e+02,2.904150936311e+02,1.600416902747e+02,1.000000000000e+00,1.805219806152
1967,17123,6270629882.812500,-2.741094685682e+02,-2.741094685682e+02,-2.223629990316e+02,-3.286272978147e+02,-2.701591310175e+02,-2.631254288950e+02,1.000000000000e+00,1.780461140786
1968,17124,6270996093.750000,2.741094685682e+02,-5.482189371364e+01,2.861524347695e+02,-1.455957157840e+00,2.843084054546e+02,-5.825192771769e+01,1.000000000000e+00,1.755714642834
1969,17125,6271362304.687500,-5.482189371364e+01,-2.741094685682e+02,-1.574775191463e+00,-2.861680007210e+02,-5.097012495276e+01,-2.686048278142e+02,1.000000000000e+00,1.730980326950
1970,17126,6271728515.625000,-5.482189371364e+01,2.741094685682e+02,-1.085009159509e+02,2.648232306739e+02,-3.548373446286e+01,2.802373675307e+02,1.000000000000e+00,1.706258206345
1971,17127,6272094726.562500,-1.644656811409e+02,-5.482189371364e+01,-1.546004744030e+02,-8.716180712342e+01,-1.547978173502e+02,-4.530368235134e+01,1.000000000000e+00,1.681548292795
1972,17128,6272460937.500000,-3.837532559955e+02,5.482189371364e+01,-3.961889631116e+02,-2.046318760763e+01,-3.709415091993e+02,7.072244632814e+01,1.000000000000e+00,1.656850596648
1973,17129,6272827148.437500,-1.644656811409e+02,-2.741094685682e+02,-1.106104009528e+02,-3.077553352453e+02,-1.607239872922e+02,-2.643358430691e+02,1.000000000000e+00,1.632165126837
1974,17130,6273193359.375000,-2.741094685682e+02,1.644656811409e+02,-3.078730282097e+02,1.103375054558e+02,-2.584374523161e+02,1.774176354879e+02,1.000000000000e+00,1.607491890888
1975,17131,6273559570.312500,-5.482189371364e+01,2.741094685682e+02,-1.097610259178e+02,2.642221985364e+02,-3.608427536097e+01,2.814830704818e+02,1.000000000000e+00,1.582830894929
1976,17132,6273925781.250000,1.644656811409e+02,1.644656811409e+02,1.323123974338e+02,1.980233860052e+02,1.802845651927e+02,1.658734521550e+02,1.000000000000e+00,1.558182143700
1977,17133,6274291992.187500,-2.741094685682e+02,-2.741094685682e+02,-2.198763038074e+02,-3.304012339577e+02,-2.709660210274e+02,-2.603918039169e+02,1.000000000000e+00,1.533545640567
1978,17134,6274658203.125000,-3.837532559955e+02,3.837532559955e+02,-4.631440439371e+02,3.066658665128e+02,-3.631130394985e+02,4.004349524465e+02,1.000000000000e+00,1.508921387524
1979,17135,6275024414.062500,3.837532559955e+02,3.837532559955e+02,3.056188740037e+02,4.636483850575e+02,4.039140099527e+02,3.811393307730e+02,1.000000000000e+00,1.484309385214
1980,17136,6275390625.000000,5.482189371364e+01,5.482189371364e+01,4.374013485153e+01,6.615710820526e+01,6.681609410215e+01,6.042876462819e+01,1.000000000000e+00,1.459709632928
1981,17137,6275756835.937500,1.644656811409e+02,-3.837532559955e+02,2.427526006522e+02,-3.512587704908e+02,1.637219549978e+02,-3.809320774334e+02,1.000000000000e+00,1.435122128626
1982,17138,6276123046.875000,-3.837532559955e+02,-5.482189371364e+01,-3.734964611445e+02,-1.324620387469e+02,-3.747587149474e+02,-3.549213813473e+01,1.000000000000e+00,1.410546868939
1983,17139,6276489257.812500,-3.837532559955e+02,3.837532559955e+02,-4.618240501383e+02,3.068507734984e+02,-3.610827944701e+02,4.029026314064e+02,1.000000000000e+00,1.385983849188
1984,17140,6276855468.750000,-1.644656811409e+02,5.482189371364e+01,-1.756801316961e+02,2.167910155031e+01,-1.523670966848e+02,6.801409241639e+01,1.000000000000e+00,1.361433063386
1985,17141,6277221679.687500,1.644656811409e+02,3.837532559955e+02,8.680021843402e+01,4.175245016799e+02,1.860300257013e+02,3.862376352860e+02,1.000000000000e+00,1.336894504257
1986,17142,6277587890.625000,-1.644656811409e+02,-1.644656811409e+02,-1.311008489113e+02,-1.983975408125e+02,-1.596444483655e+02,-1.507062659043e+02,1.000000000000e+00,1.312368163241
1987,17143,6277954101.562500,1.644656811409e+02,3.837532559955e+02,8.567107813278e+01,4.186009361822e+02,1.853448615015e+02,3.877845672502e+02,1.000000000000e+00,1.287854030510
1988,17144,6278320312.500000,5.482189371364e+01,2.741094685682e+02,-2.041536131460e+00,2.860283675626e+02,7.201990138224e+01,2.816251976861e+02,1.000000000000e+00,1.263352094976
1989,17145,6278686523.437500,-5.482189371364e+01,-3.837532559955e+02,2.541847162966e+01,-3.957240808191e+02,-5.627146444161e+01,-3.728031494185e+02,1.000000000000e+00,1.238862344301
1990,17146,6279052734.375000,5.482189371364e+01,5.482189371364e+01,4.331625111731e+01,6.641143823753e+01,6.525440491622e+01,6.287483154579e+01,1.000000000000e+00,1.214384764915
1991,17147,6279418945.312500,-5.482189371364e+01,2.741094685682e+02,-1.128322932684e+02,2.627246074058e+02,-3.870399762635e+01,2.852629982927e+02,1.000000000000e+00,1.189919342020
1992,17148,6279785156.250000,-2.741094685682e+02,-1.644656811409e+02,-2.393976481082e+02,-2.227896639093e+02,-2.698112069944e+02,-1.471993718197e+02,1.000000000000e+00,1.165466059604
1993,17149,6280151367.187500,1.644656811409e+02,3.837532559955e+02,8.315453378436e+01,4.190811990043e+02,1.832447163054e+02,3.895835031178e+02,1.000000000000e+00,1.141024900455
1994,17150,6280517578.125000,5.482189371364e+01,-3.837532559955e+02,1.359605779391e+02,-3.728618747726e+02,5.198862956020e+01,-3.751007725541e+02,1.000000000000e+00,1.116595846169
1995,17151,6280883789.062500,2.741094685682e+02,5.482189371364e+01,2.632853611014e+02,1.125282190760e+02,2.840219889461e+02,5.713653709630e+01,1.000000000000e+00,1.092178877165
1996,17152,6281250000.000000,-5.482189371364e+01,5.482189371364e+01,-6.648622450921e+01,4.339569457919e+01,-4.543573727055e+01,6.738503841568e+01,1.000000000000e+00,1.067773972693
1997,17153,6281616210.937500,-5.482189371364e+01,-3.837532559955e+02,2.645232417666e+01,-3.958840966346e+02,-5.860892937599e+01,-3.711786761592e+02,1.000000000000e+00,1.043381110848
1998,17154,6281982421.875000,-2.741094685682e+02,-3.837532559955e+02,-1.923655151621e+02,-4.424219775088e+02,-2.776506584231e+02,-3.646127511313e+02,1.000000000000e+00,1.019000268583
1999,17155,6282348632.812500,-2.741094685682e+02,-2.741094685682e+02,-2.155720242943e+02,-3.330802781071e+02,-2.747984069098e+02,-2.550554283665e+02,1.000000000000e+00,0.994631421718
2000,17156,6282714843.750000,5.482189371364e+01,-1.644656811409e+02,9.029711816493e+01,-1.528516141899e+02,5.714149669368e+01,-1.544951668339e+02,1.000000000000e+00,0.970274544953
2001,17157,6283081054.687500,5.482189371364e+01,1.644656811409e+02,1.933137059460e+01,1.765432528640e+02,6.595351290235e+01,1.749657630656e+02,1.000000000000e+00,0.945929611879
2002,17158,6283447265.625000,-3.837532559955e+02,-3.837532559955e+02,-3.008418749798e+02,-4.674130188476e+02,-3.881267990257e+02,-3.618552038277e+02,1.000000000000e+00,0.921596594993
2003,17159,6283813476.562500,-2.741094685682e+02,1.644656811409e+02,-3.100955964721e+02,1.048589782580e+02,-2.639067415174e+02,1.839941131823e+02,1.000000000000e+00,0.897275465704
2004,17160,6284179687.500000,-2.741094685682e+02,1.644656811409e+02,-3.100881002064e+02,1.046862427723e+02,-2.641286700495e+02,1.841002371602e+02,1.000000000000e+00,0.872966194353
2005,17161,6284545898.437500,-2.741094685682e+02,3.837532559955e+02,-3.579329611592e+02,3.239281685389e+02,-2.584590130115e+02,4.036773622162e+02,1.000000000000e+00,0.848668750217
2006,17162,6284912109.375000,5.482189371364e+01,-3.837532559955e+02,1.386558375650e+02,-3.717264339229e+02,4.980591441033e+01,-3.727243842557e+02,1.000000000000e+00,0.824383101524
2007,17163,6285278320.312500,5.482189371364e+01,5.482189371364e+01,4.282672956704e+01,6.675497756962e+01,6.132089265703e+01,6.605118293218e+01,1.000000000000e+00,0.800109215468
2008,17164,6285644531.250000,-2.741094685682e+02,-5.482189371364e+01,-2.618701016896e+02,-1.144879330073e+02,-2.706885513550e+02,-3.423833782128e+01,1.000000000000e+00,0.775847058214
2009,17165,6286010742.187500,1.644656811409e+02,2.741094685682e+02,1.045698776636e+02,3.094651368779e+02,1.765079628648e+02,2.820619883057e+02,1.000000000000e+00,0.751596594917
2010,17166,6286376953.125000,1.644656811409e+02,-2.741094685682e+02,2.241218485993e+02,-2.378110997480e+02,1.607918843728e+02,-2.653333964970e+02,1.000000000000e+00,0.727357789729
2011,17167,6286743164.062500,1.644656811409e+02,-3.837532559955e+02,2.484430289622e+02,-3.472416769139e+02,1.576676532552e+02,-3.748342034821e+02,1.000000000000e+00,0.703130605813
2012,17168,6287109375.000000,2.741094685682e+02,-5.482189371364e+01,2.859022498820e+02,5.511510695509e+00,2.761328228235e+02,-4.896681323944e+01,1.000000000000e+00,0.678915005355
2013,17169,6287475585.937500,2.741094685682e+02,-2.741094685682e+02,3.341453430055e+02,-2.136252252812e+02,2.697486628254e+02,-2.682412600168e+02,1.000000000000e+00,0.654710949574
2014,17170,6287841796.875000,1.644656811409e+02,-2.741094685682e+02,2.245940646928e+02,-2.377808441699e+02,1.597325884682e+02,-2.651940358873e+02,1.000000000000e+00,0.630518398735
2015,17171,6288208007.812500,-2.741094685682e+02,1.644656811409e+02,-3.100888341931e+02,1.040702465894e+02,-2.667359972956e+02,1.858650686997e+02,1.000000000000e+00,0.606337312162
2016,17172,6288574218.750000,5.482189371364e+01,-5.482189371364e+01,6.685073437242e+01,-4.270201208436e+01,5.567285844645e+01,-4.265487850732e+01,1.000000000000e+00,0.582167648247
2017,17173,6288940429.687500,5.482189371364e+01,-5.482189371364e+01,6.686116484952e+01,-4.267638888030e+01,5.537073322099e+01,-4.257490461244e+01,1.000000000000e+00,0.558009364464
2018,17174,6289306640.625000,1.644656811409e+02,3.837532559955e+02,7.929652139571e+01,4.196666165648e+02,1.768085895099e+02,3.929623662137e+02,1.000000000000e+00,0.533862417380
2019,17175,6289672851.562500,-5.482189371364e+01,3.837532559955e+02,-1.400326331823e+02,3.709319790525e+02,-4.298972938715e+01,3.989804694364e+02,1.000000000000e+00,0.509726762665
2020,17176,6290039062.500000,2.741094685682e+02,3.837532559955e+02,1.880112675181e+02,4.440967232044e+02,2.852730292579e+02,3.902470491436e+02,1.000000000000e+00,0.485602355106
2021,17177,6290405273.437500,2.741094685682e+02,2.741094685682e+02,2.128059162581e+02,3.342479047862e+02,2.823549573441e+02,2.801616758519e+02,1.000000000000e+00,0.461489148619
2022,17178,6290771484.375000,2.741094685682e+02,-3.837532559955e+02,3.579575326710e+02,-3.225525805703e+02,2.629481084535e+02,-3.772174391856e+02,1.000000000000e+00,0.437387096257
2023,17179,6291137695.312500,3.837532559955e+02,-1.644656811409e+02,4.190395292464e+02,-7.976118245869e+01,3.784630340879e+02,-1.616536389211e+02,1.000000000000e+00,0.413296150223
2024,17180,6291503906.250000,3.837532559955e+02,3.837532559955e+02,2.981151017288e+02,4.678935125268e+02,3.943914270034e+02,3.863823490203e+02,1.000000000000e+00,0.389216261885
2025,17181,6291870117.187500,-2.741094685682e+02,-1.644656811409e+02,-2.370338305447e+02,-2.252211760077e+02,-2.789571826294e+02,-1.427141029582e+02,1.000000000000e+00,0.365147381782
2026,17182,6292236328.125000,-2.741094685682e+02,-3.837532559955e+02,-1.876251411943e+02,-4.444584812738e+02,-2.849371309155e+02,-3.623132964249e+02,1.000000000000e+00,0.341089459637
2027,17183,6292602539.062500,-3.837532559955e+02,-5.482189371364e+01,-3.705230255903e+02,-1.412029729957e+02,-3.860471776622e+02,-3.101830508420e+01,1.000000000000e+00,0.317042444372
2028,17184,6292968750.000000,2.741094685682e+02,1.644656811409e+02,2.360689724802e+02,2.261872586488e+02,2.766319172009e+02,1.718995861968e+02,1.000000000000e+00,0.293006284113
2029,17185,6293334960.937500,5.482189371364e+01,-2.741094685682e+02,1.165468003145e+02,-2.610873039389e+02,4.622622356551e+01,-2.613528826011e+02,1.000000000000e+00,0.268980926205
2030,17186,6293701171.875000,-5.482189371364e+01,3.837532559955e+02,-1.407852589319e+02,3.706977499890e+02,-4.647877472125e+01,3.991431620927e+02,1.000000000000e+00,0.244966317224
2031,17187,6294067382.812500,1.644656811409e+02,-3.837532559955e+02,2.498112930610e+02,-3.464298080333e+02,1.513611137644e+02,-3.742913002579e+02,1.000000000000e+00,0.220962402984
2032,17188,6294433593.750000,5.482189371364e+01,-3.837532559955e+02,1.402047597536e+02,-3.709400302094e+02,4.124698913986e+01,-3.712677077452e+02,1.000000000000e+00,0.196969128552
2033,17189,6294799804.687500,-5.482189371364e+01,5.482189371364e+01,-6.692850504121e+01,4.255075301688e+01,-5.611100792511e+01,7.029485558441e+01,1.000000000000e+00,0.172986438256
2034,17190,6295166015.625000,-3.837532559955e+02,2.741094685682e+02,-4.441279188720e+02,1.882021828952e+02,-3.789079709192e+02,2.988810498993e+02,1.000000000000e+00,0.149014275699
2035,17191,6295532226.562500,2.741094685682e+02,1.644656811409e+02,2.366906846297e+02,2.254381343387e+02,2.749567584727e+02,1.705482128008e+02,1.000000000000e+00,0.125052583764
2036,17192,6295898437.500000,-5.482189371364e+01,-3.837532559955e+02,3.164464889029e+01,-3.950176742273e+02,-6.876882246277e+01,-3.682607753804e+02,1.000000000000e+00,0.101101304634
2037,17193,6296264648.437500,3.837532559955e+02,1.644656811409e+02,3.459382525058e+02,2.502515890633e+02,3.838528921444e+02,1.676204800880e+02,1.000000000000e+00,0.077160379791
2038,17194,6296630859.375000,-5.482189371364e+01,-5.482189371364e+01,-4.248587876062e+01,-6.699806218490e+01,-6.080641159611e+01,-3.975465570023e+01,1.000000000000e+00,0.053229750037
2039,17195,6296997070.312500,-3.837532559955e+02,-1.644656811409e+02,-3.469126957925e+02,-2.497847462714e+02,-3.935470414950e+02,-1.398817549420e+02,1.000000000000e+00,0.029309355498
2040,17196,6297363281.250000,1.644656811409e+02,-1.644656811409e+02,2.010043276373e+02,-1.276496615018e+02,1.547529683393e+02,-1.559731253343e+02,1.000000000000e+00,0.005399135639
2041,17197,6297729492.187500,3.837532559955e+02,-1.644656811409e+02,4.200836777024e+02,-7.854008657277e+01,3.738747638543e+02,-1.622199428921e+02,1.000000000000e+00,-0.018500970732
2042,17198,6298095703.125000,1.644656811409e+02,-5.482189371364e+01,1.765254430938e+02,-1.795535579074e+01,1.573381951717e+02,-4.636642459458e+01,1.000000000000e+00,-0.042391025447
2043,17199,6298461914.062500,2.741094685682e+02,3.837532559955e+02,1.879512014172e+02,4.446073650408e+02,2.790789596424e+02,3.891155226171e+02,1.000000000000e+00,-0.066271090971
2044,17200,6298828125.000000,-1.644656811409e+02,5.482189371364e+01,-1.765394729567e+02,1.798714289744e+01,-1.691862401594e+02,7.231134845421e+01,1.000000000000e+00,-0.090141230393
2045,17201,6299194335.937500,-1.644656811409e+02,5.482189371364e+01,-1.764935791970e+02,1.793993939915e+01,-1.694405374548e+02,7.210842369075e+01,1.000000000000e+00,-0.114001507413
2046,17202,6299560546.875000,2.741094685682e+02,-5.482189371364e+01,2.858087729785e+02,6.740956703784e+00,2.657033431570e+02,-4.975236013342e+01,1.000000000000e+00,-0.137851986335
2047,17203,6299926757.812500,5.482189371364e+01,-1.644656811409e+02,9.159752369312e+01,-1.516870078303e+02,4.331377515503e+01,-1.533756211856e+02,1.000000000000e+00,-0.161692732055
2048,17204,6300292968.750000,-1.644656811409e+02,-3.837532559955e+02,-7.792487801113e+01,-4.196952466050e+02,-1.819790167985e+02,-3.668134357990e+02,1.000000000000e+00,-0.185523810052
2049,17205,6300659179.687500,-1.644656811409e+02,-3.837532559955e+02,-7.811781300280e+01,-4.198739446128e+02,-1.824446740627e+02,-3.671182077136e+02,1.000000000000e+00,-0.209345286379
2050,17206,6301025390.625000,5.482189371364e+01,3.837532559955e+02,-3.117484333717e+01,3.954890363541e+02,5.752772323142e+01,3.941891893935e+02,1.000000000000e+00,-0.233157227651
2051,17207,6301391601.562500,-3.837532559955e+02,1.644656811409e+02,-4.199993456036e+02,7.856879241169e+01,-3.873305702076e+02,1.869392735458e+02,1.000000000000e+00,-0.256959701041
2052,17208,6301757812.500000,2.741094685682e+02,1.644656811409e+02,2.371827035052e+02,2.253312611112e+02,2.704760215329e+02,1.681925927338e+02,1.000000000000e+00,-0.280752774262
2053,17209,6302124023.437500,5.482189371364e+01,5.482189371364e+01,4.254207938502e+01,6.696103800863e+01,4.775459523354e+01,6.458451753601e+01,1.000000000000e+00,-0.304536515565
2054,17210,6302490234.375000,-1.644656811409e+02,2.741094685682e+02,-2.254840063214e+02,2.366979287942e+02,-1.658758194911e+02,2.895027950965e+02,1.000000000000e+00,-0.328310993726
2055,17211,6302856445.312500,2.741094685682e+02,5.482189371364e+01,2.609445450302e+02,1.163518306275e+02,2.661070468753e+02,5.870355566478e+01,1.000000000000e+00,-0.352076278040
2056,17212,6303222656.250000,3.837532559955e+02,3.837532559955e+02,2.962839125084e+02,4.687144931586e+02,3.837071541927e+02,3.840853819273e+02,1.000000000000e+00,-0.375832438307
2057,17213,6303588867.187500,-2.741094685682e+02,-2.741094685682e+02,-2.120630448440e+02,-3.344400074150e+02,-2.906015100275e+02,-2.558260905378e+02,1.000000000000e+00,-0.399579544828
2058,17214,6303955078.125000,1.644656811409e+02,-2.741094685682e+02,2.247679357136e+02,-2.368120419103e+02,1.466730550811e+02,-2.679749537552e+02,1.000000000000e+00,-0.423317668391
2059,17215,6304321289.062500,-2.741094685682e+02,-5.482189371364e+01,-2.613294373057e+02,-1.155480140564e+02,-2.853661693849e+02,-3.708028349700e+01,1.000000000000e+00,-0.447046880268
2060,17216,6304687500.000000,3.837532559955e+02,2.741094685682e+02,3.222625137889e+02,3.590836934930e+02,3.810382703809e+02,2.732997454395e+02,1.000000000000e+00,-0.470767252202
2061,17217,6305053710.937500,2.741094685682e+02,2.741094685682e+02,2.127810428202e+02,3.349884522159e+02,2.712334105175e+02,2.764074195735e+02,1.000000000000e+00,-0.494478856397
2062,17218,6305419921.875000,3.837532559955e+02,-1.644656811409e+02,4.197984799771e+02,-7.820432951426e+01,3.687730120271e+02,-1.649081161911e+02,1.000000000000e+00,-0.518181765517
2063,17219,6305786132.812500,-5.482189371364e+01,-5.482189371364e+01,-4.231414685134e+01,-6.697343180220e+01,-6.689430188629e+01,-4.435894819284e+01,1.000000000000e+00,-0.541876052667
2064,17220,6306152343.750000,-1.644656811409e+02,-1.644656811409e+02,-1.268512813367e+02,-2.008892320851e+02,-1.791040083679e+02,-1.514923961742e+02,1.000000000000e+00,-0.565561791393
2065,17221,6306518554.687500,-3.837532559955e+02,-2.741094685682e+02,-3.212381797078e+02,-3.593521505966e+02,-4.012696381388e+02,-2.558383210775e+02,1.000000000000e+00,-0.589239055669
2066,17222,6306884765.625000,1.644656811409e+02,-5.482189371364e+01,1.763725265184e+02,-1.800671587308e+01,1.516319889195e+02,-5.067755628024e+01,1.000000000000e+00,-0.612907919893
2067,17223,6307250976.562500,-2.741094685682e+02,2.741094685682e+02,-3.344885426106e+02,2.126823300856e+02,-2.782868471489e+02,2.891377263789e+02,1.000000000000e+00,-0.636568458872
2068,17224,6307617187.500000,2.741094685682e+02,2.741094685682e+02,2.128923156675e+02,3.341420687646e+02,2.694703186853e+02,2.742201744867e+02,1.000000000000e+00,-0.660220747820
2069,17225,6307983398.437500,3.837532559955e+02,-5.482189371364e+01,3.948976142082e+02,2.979582736801e+01,3.698022475089e+02,-5.777941648356e+01,1.000000000000e+00,-0.683864862349
2070,17226,6308349609.375000,3.837532559955e+02,-3.837532559955e+02,4.672663292211e+02,-2.981825734625e+02,3.607177169500e+02,-3.862031436700e+02,1.000000000000e+00,-0.707500878459
2071,17227,6308715820.312500,1.644656811409e+02,-2.741094685682e+02,2.244225169522e+02,-2.370348443314e+02,1.447579121157e+02,-2.709714856183e+02,1.000000000000e+00,-0.731128872530
2072,17228,6309082031.250000,-2.741094685682e+02,5.482189371364e+01,-2.853810581256e+02,-5.898914156125e+00,-2.843973538884e+02,6.844525626268e+01,1.000000000000e+00,-0.754748921318
2073,17229,6309448242.187500,3.837532559955e+02,-1.644656811409e+02,4.192658014889e+02,-7.883891490588e+01,3.668359547555e+02,-1.672993270928e+02,1.000000000000e+00,-0.778361101941
2074,17230,6309814453.125000,1.644656811409e+02,3.837532559955e+02,7.848916270281e+01,4.196209182406e+02,1.608280837025e+02,3.857751374651e+02,1.000000000000e+00,-0.801965491880
2075,17231,6310180664.062500,-1.644656811409e+02,1.644656811409e+02,-2.007552206565e+02,1.276269576839e+02,-1.730809417279e+02,1.741486539990e+02,1.000000000000e+00,-0.825562168962
2076,17232,6310546875.000000,-2.741094685682e+02,5.482189371364e+01,-2.858309532684e+02,-5.427464881599e+00,-2.852378129029e+02,6.752810324131e+01,1.000000000000e+00,-0.849151211361
2077,17233,6310913085.937500,-3.837532559955e+02,2.741094685682e+02,-4.429389273332e+02,1.907289527834e+02,-3.884290592925e+02,2.901909094995e+02,1.000000000000e+00,-0.872732697583
2078,17234,6311279296.875000,5.482189371364e+01,2.741094685682e+02,-5.109711193381e+00,2.858749283435e+02,4.926691084144e+01,2.774721024367e+02,1.000000000000e+00,-0.896306706466
2079,17235,6311645507.812500,3.837532559955e+02,-2.741094685682e+02,4.440489224902e+02,-1.887910795411e+02,3.643633213210e+02,-2.785071543372e+02,1.000000000000e+00,-0.919873317167
2080,17236,6312011718.750000,3.837532559955e+02,1.644656811409e+02,3.462990286415e+02,2.503404537380e+02,3.742308519864e+02,1.610518186779e+02,1.000000000000e+00,-0.943432609159
2081,17237,6312377929.687500,1.644656811409e+02,-2.741094685682e+02,2.251001591656e+02,-2.374248427563e+02,1.451975542491e+02,-2.739122652553e+02,1.000000000000e+00,-0.966984662221
2082,17238,6312744140.625000,3.837532559955e+02,-3.837532559955e+02,4.677155452748e+02,-2.996336030444e+02,3.611012224318e+02,-3.897683419770e+02,1.000000000000e+00,-0.990529556432
2083,17239,6313110351.562500,-2.741094685682e+02,-2.741094685682e+02,-2.145705759486e+02,-3.337092270005e+02,-2.946187560782e+02,-2.635006071689e+02,1.000000000000e+00,-1.014067372167
2084,17240,6313476562.500000,3.837532559955e+02,-1.644656811409e+02,4.195153923414e+02,-8.076487738992e+01,3.663844278563e+02,-1.710426219722e+02,1.000000000000e+00,-1.037598190083
2085,17241,6313842773.437500,-3.837532559955e+02,5.482189371364e+01,-3.955146206507e+02,-2.913569774441e+01,-3.956772304794e+02,6.694500237797e+01,1.000000000000e+00,-1.061122091122
2086,17242,6314208984.375000,3.837532559955e+02,1.644656811409e+02,3.473629124307e+02,2.483897894554e+02,3.741775777242e+02,1.580030145544e+02,1.000000000000e+00,-1.084639156495
2087,17243,6314575195.312500,2.741094685682e+02,2.741094685682e+02,2.136613666047e+02,3.338690570133e+02,2.668639377468e+02,2.699779997712e+02,1.000000000000e+00,-1.108149467682
2088,17244,6314941406.250000,1.644656811409e+02,5.482189371364e+01,1.521752234496e+02,9.082675165760e+01,1.522099149100e+02,5.309441056803e+01,1.000000000000e+00,-1.131653106422
2089,17245,6315307617.187500,3.837532559955e+02,-1.644656811409e+02,4.192044665420e+02,-8.035635539979e+01,3.664270721965e+02,-1.713423740798e+02,1.000000000000e+00,-1.155150154710
2090,17246,6315673828.125000,-5.482189371364e+01,1.644656811409e+02,-9.055652317698e+01,1.523842561627e+02,-6.430679400014e+01,1.669922646924e+02,1.000000000000e+00,-1.178640694785
2091,17247,6316040039.062500,-3.837532559955e+02,1.644656811409e+02,-4.191584473412e+02,8.120213916382e+01,-3.929884374920e+02,1.745331952821e+02,1.000000000000e+00,-1.202124809129
2092,17248,6316406250.000000,-5.482189371364e+01,2.741094685682e+02,-1.142677954625e+02,2.619819240627e+02,-6.181101209717e+01,2.759587050281e+02,1.000000000000e+00,-1.225602580459
2093,17249,6316772460.937500,-5.482189371364e+01,5.482189371364e+01,-6.668026193726e+01,4.284757873019e+01,-6.684443064593e+01,5.646386120607e+01,1.000000000000e+00,-1.249074091720
2094,17250,6317138671.875000,-1.644656811409e+02,-3.837532559955e+02,-8.090690039814e+01,-4.191102504845e+02,-1.859411653605e+02,-3.797314525224e+02,1.000000000000e+00,-1.272539426082
2095,17251,6317504882.812500,-3.837532559955e+02,-3.837532559955e+02,-3.004330477853e+02,-4.667029083928e+02,-4.052930389364e+02,-3.752602830668e+02,1.000000000000e+00,-1.295998666928
2096,17252,6317871093.750000,-3.837532559955e+02,-5.482189371364e+01,-3.719267764297e+02,-1.376989215657e+02,-3.981349619302e+02,-4.662764562664e+01,1.000000000000e+00,-1.319451897854
2097,17253,6318237304.687500,-5.482189371364e+01,2.741094685682e+02,-1.136312723044e+02,2.624381933243e+02,-6.150167256909e+01,2.746941097913e+02,1.000000000000e+00,-1.342899202662
2098,17254,6318603515.625000,5.482189371364e+01,-1.644656811409e+02,8.980892361093e+01,-1.528898794769e+02,3.768641207451e+01,-1.667376086811e+02,1.000000000000e+00,-1.366340665351
2099,17255,6318969726.562500,-5.482189371364e+01,3.837532559955e+02,-1.356992132137e+02,3.724444983382e+02,-5.770567625802e+01,3.837103735597e+02,1.000000000000e+00,-1.389776370114
2100,17256,6319335937.500000,-5.482189371364e+01,-2.741094685682e+02,2.608249710267e+00,-2.859244833907e+02,-7.502370056501e+01,-2.740863845688e+02,1.000000000000e+00,-1.413206401333
2101,17257,6319702148.437500,-1.644656811409e+02,-3.837532559955e+02,-8.457529255649e+01,-4.187712963545e+02,-1.877116001714e+02,-3.811071749040e+02,1.000000000000e+00,-1.436630843571
2102,17258,6320068359.375000,-1.644656811409e+02,5.482189371364e+01,-1.762158169102e+02,2.068384007086e+01,-1.757237356914e+02,5.727032453633e+01,1.000000000000e+00,-1.460049781568
2103,17259,6320434570.312500,-2.741094685682e+02,1.644656811409e+02,-3.087084254837e+02,1.075855373414e+02,-2.822094929992e+02,1.693720441309e+02,1.000000000000e+00,-1.483463300235
2104,17260,6320800781.250000,5.482189371364e+01,3.837532559955e+02,-2.508181940661e+01,3.953629331250e+02,5.222090476437e+01,3.792640316178e+02,1.000000000000e+00,-1.506871484649
2105,17261,6321166992.187500,5.482189371364e+01,-3.837532559955e+02,1.348504727785e+02,-3.724378098842e+02,3.262061978577e+01,-3.874912788440e+02,1.000000000000e+00,-1.530274420048
2106,17262,6321533203.125000,3.837532559955e+02,2.741094685682e+02,3.267794927413e+02,3.545033813280e+02,3.778660909494e+02,2.613846131713e+02,1.000000000000e+00,-1.553672191825
2107,17263,6321899414.062500,-1.644656811409e+02,-5.482189371364e+01,-1.531936008587e+02,-8.932629113186e+01,-1.779176867736e+02,-5.428833715320e+01,1.000000000000e+00,-1.577064885521
2108,17264,6322265625.000000,-1.644656811409e+02,1.644656811409e+02,-1.993070736697e+02,1.302216730795e+02,-1.728803782666e+02,1.646555550876e+02,1.000000000000e+00,-1.600452586825
2109,17265,6322631835.937500,-2.741094685682e+02,5.482189371364e+01,-2.863239194073e+02,-2.817889508358e+00,-2.851938864371e+02,5.694334798933e+01,1.000000000000e+00,-1.623835381563
2110,17266,6322998046.875000,1.644656811409e+02,2.741094685682e+02,1.069863923964e+02,3.097153400155e+02,1.586137811559e+02,2.671741742873e+02,1.000000000000e+00,-1.647213355697
2111,17267,6323364257.812500,-5.482189371364e+01,3.837532559955e+02,-1.355777759963e+02,3.732818193895e+02,-5.838054566005e+01,3.811165176633e+02,1.000000000000e+00,-1.670586595318
2112,17268,6323730468.750000,-1.644656811409e+02,3.837532559955e+02,-2.449137665137e+02,3.503810610057e+02,-1.676289713711e+02,3.831279314669e+02,1.000000000000e+00,-1.693955186643
2113,17269,6324096679.687500,5.482189371364e+01,-1.644656811409e+02,8.912482190986e+01,-1.534786585752e+02,3.982779353669e+01,-1.705912811304e+02,1.000000000000e+00,-1.717319216006
2114,17270,6324462890.625000,2.741094685682e+02,5.482189371364e+01,2.635758962998e+02,1.121955132356e+02,2.645301558580e+02,4.410229940611e+01,1.000000000000e+00,-1.740678769860
2115,17271,6324829101.562500,2.741094685682e+02,-3.837532559955e+02,3.556610853222e+02,-3.279098937971e+02,2.561592582186e+02,-3.954811189478e+02,1.000000000000e+00,-1.764033934763
2116,17272,6325195312.500000,-3.837532559955e+02,3.837532559955e+02,-4.660893189032e+02,3.052306296126e+02,-3.884653505741e+02,3.871468279201e+02,1.000000000000e+00,-1.787384797384
2117,17273,6325561523.437500,1.644656811409e+02,2.741094685682e+02,1.081543189550e+02,3.100392540215e+02,1.598718823943e+02,2.663265540019e+02,1.000000000000e+00,-1.810731444488
2118,17274,6325927734.375000,5.482189371364e+01,-2.741094685682e+02,1.122435254785e+02,-2.644861404200e+02,3.904547505307e+01,-2.823399747214e+02,1.000000000000e+00,-1.834073962938
2119,17275,6326293945.312500,2.741094685682e+02,3.837532559955e+02,1.966216760100e+02,4.425253907455e+02,2.729626506839e+02,3.732712950393e+02,1.000000000000e+00,-1.857412439690
2120,17276,6326660156.250000,-1.644656811409e+02,-5.482189371364e+01,-1.541063172789e+02,-8.860731068665e+01,-1.762479494650e+02,-5.741605818951e+01,1.000000000000e+00,-1.880746961784
2121,17277,6327026367.187500,3.837532559955e+02,1.644656811409e+02,3.521575359470e+02,2.424946102076e+02,3.781153773652e+02,1.489436330138e+02,1.000000000000e+00,-1.904077616344
2122,17278,6327392578.125000,1.644656811409e+02,5.482189371364e+01,1.541472142358e+02,8.821503347358e+01,1.561971289902e+02,4.441219367244e+01,1.000000000000e+00,-1.927404490572
2123,17279,6327758789.062500,-2.741094685682e+02,-3.837532559955e+02,-1.980975674495e+02,-4.408474444041e+02,-2.930842543402e+02,-3.847897270781e+02,1.000000000000e+00,-1.950727671744
2124,17280,6328125000.000000,-2.741094685682e+02,-5.482189371364e+01,-2.644614786178e+02,-1.102730476278e+02,-2.852767354589e+02,-5.555699652448e+01,1.000000000000e+00,-1.974047247203
2125,17281,6328491210.937500,2.741094685682e+02,1.644656811409e+02,2.424777553977e+02,2.202817911006e+02,2.691491430507e+02,1.513696246847e+02,1.000000000000e+00,-1.997363304359
2126,17282,6328857421.875000,-5.482189371364e+01,3.837532559955e+02,-1.318377590029e+02,3.746731453158e+02,-5.508094956463e+01,3.783497096993e+02,1.000000000000e+00,-2.020675930682
2127,17283,6329223632.812500,-5.482189371364e+01,3.837532559955e+02,-1.315714910799e+02,3.745503989175e+02,-5.487482529188e+01,3.780021452220e+02,1.000000000000e+00,-2.043985213699
2128,17284,6329589843.750000,-5.482189371364e+01,1.644656811409e+02,-8.771809822156e+01,1.542081692084e+02,-5.967171572380e+01,1.582369607184e+02,1.000000000000e+00,-2.067291240985
2129,17285,6329956054.687500,-3.837532559955e+02,-3.837532559955e+02,-3.089784352429e+02,-4.610221467555e+02,-4.006417857194e+02,-3.825376075487e+02,1.000000000000e+00,-2.090594100170
2130,17286,6330322265.625000,-1.644656811409e+02,-1.644656811409e+02,-1.325870903993e+02,-1.977070400289e+02,-1.763675998329e+02,-1.686319491484e+02,1.000000000000e+00,-2.113893878920
2131,17287,6330688476.562500,1.644656811409e+02,-5.482189371364e+01,1.761781745868e+02,-2.255908446754e+01,1.555435725080e+02,-6.643063386741e+01,1.000000000000e+00,-2.137190664947
2132,17288,6331054687.500000,3.837532559955e+02,3.837532559955e+02,3.101546156454e+02,4.620892047253e+02,3.852057553116e+02,3.683429792827e+02,1.000000000000e+00,-2.160484545994
2133,17289,6331420898.437500,2.741094685682e+02,3.837532559955e+02,1.995782520376e+02,4.405366667366e+02,2.750794754102e+02,3.709721138069e+02,1.000000000000e+00,-2.183775609838
2134,17290,6331787109.375000,3.837532559955e+02,-2.741094685682e+02,4.406890894975e+02,-1.993223983288e+02,3.721717699142e+02,-2.903859126156e+02,1.000000000000e+00,-2.207063944282
2135,17291,6332153320.312500,1.644656811409e+02,-1.644656811409e+02,1.982796545860e+02,-1.326615217715e+02,1.548087295765e+02,-1.762369232114e+02,1.000000000000e+00,-2.230349637154
2136,17292,6332519531.250000,5.482189371364e+01,5.482189371364e+01,4.424241631269e+01,6.609042135358e+01,4.909387893932e+01,4.557084945525e+01,1.000000000000e+00,-2.253632776301
2137,17293,6332885742.187500,2.741094685682e+02,-3.837532559955e+02,3.522615137727e+02,-3.316737043680e+02,2.615217337582e+02,-3.981834167384e+02,1.000000000000e+00,-2.276913449583
2138,17294,6333251953.125000,3.837532559955e+02,-1.644656811409e+02,4.186485218301e+02,-8.992893909053e+01,3.751955878802e+02,-1.807099843310e+02,1.000000000000e+00,-2.300191744876
2139,17295,6333618164.062500,-1.644656811409e+02,1.644656811409e+02,-1.974646321395e+02,1.335933281516e+02,-1.675361043025e+02,1.595764385709e+02,1.000000000000e+00,-2.323467750060
2140,17296,6333984375.000000,-5.482189371364e+01,-3.837532559955e+02,1.825431017226e+01,-3.967091871251e+02,-6.971798420822e+01,-3.917175468518e+02,1.000000000000e+00,-2.346741553022
2141,17297,6334350585.937500,2.741094685682e+02,5.482189371364e+01,2.652180078489e+02,1.077502177474e+02,2.698147498765e+02,4.012584060418e+01,1.000000000000e+00,-2.370013241646
2142,17298,6334716796.875000,-3.837532559955e+02,1.644656811409e+02,-4.175193271633e+02,9.144400217022e+01,-3.861979960069e+02,1.635601489750e+02,1.000000000000e+00,-2.393282903814
2143,17299,6335083007.812500,-5.482189371364e+01,-5.482189371364e+01,-4.450523501085e+01,-6.569681388201e+01,-6.121149566669e+01,-6.268480650952e+01,1.000000000000e+00,-2.416550627402
2144,17300,6335449218.750000,3.837532559955e+02,2.741094685682e+02,3.326605099471e+02,3.499158400551e+02,3.838709499841e+02,2.585025322074e+02,1.000000000000e+00,-2.439816500270
2145,17301,6335815429.687500,-3.837532559955e+02,2.741094685682e+02,-4.390967422171e+02,2.010506233041e+02,-3.844063865003e+02,2.719220189665e+02,1.000000000000e+00,-2.463080610268
2146,17302,6336181640.625000,5.482189371364e+01,-5.482189371364e+01,6.576201172387e+01,-4.450588313952e+01,4.930866344468e+01,-6.478984818855e+01,1.000000000000e+00,-2.486343045225
2147,17303,6336547851.562500,3.837532559955e+02,2.741094685682e+02,3.332782161929e+02,3.496400523211e+02,3.845493523547e+02,2.587664957679e+02,1.000000000000e+00,-2.509603892948
2148,17304,6336914062.500000,-1.644656811409e+02,1.644656811409e+02,-1.969491200284e+02,1.340545055785e+02,-1.659345173291e+02,1.586220959277e+02,1.000000000000e+00,-2.532863241216
2149,17305,6337280273.437500,1.644656811409e+02,-2.741094685682e+02,2.174400650386e+02,-2.449670214696e+02,1.553085823278e+02,-2.868309437200e+02,1.000000000000e+00,-2.556121177780
2150,17306,6337646484.375000,5.482189371364e+01,-2.741094685682e+02,1.063925596054e+02,-2.660813416449e+02,4.519979057707e+01,-2.848946532522e+02,1.000000000000e+00,-2.579377790358
2151,17307,6338012695.312500,-1.644656811409e+02,-2.741094685682e+02,-1.154339726979e+02,-3.068450317646e+02,-1.748655650060e+02,-2.799750980830e+02,1.000000000000e+00,-2.602633166630
2152,17308,6338378906.250000,5.482189371364e+01,2.741094685682e+02,4.243899981866e+00,2.866279790872e+02,5.724510761636e+01,2.645798572858e+02,1.000000000000e+00,-2.625887394234
2153,17309,6338745117.187500,-5.482189371364e+01,2.741094685682e+02,-1.068431851958e+02,2.659738704175e+02,-5.317442697446e+01,2.667046685702e+02,1.000000000000e+00,-2.649140560764
2154,17310,6339111328.125000,-3.837532559955e+02,-5.482189371364e+01,-3.763428961206e+02,-1.278860826422e+02,-3.885244922897e+02,-5.769672323379e+01,1.000000000000e+00,-2.672392753769
2155,17311,6339477539.062500,1.644656811409e+02,2.741094685682e+02,1.141638568372e+02,3.072985374941e+02,1.666638152879e+02,2.630515248201e+02,1.000000000000e+00,-2.695644060742
2156,17312,6339843750.000000,5.482189371364e+01,2.741094685682e+02,3.911067052781e+00,2.866880067319e+02,5.704128806271e+01,2.649273402359e+02,1.000000000000e+00,-2.718894569122
2157,17313,6340209960.937500,1.644656811409e+02,-2.741094685682e+02,2.168616122193e+02,-2.457681233296e+02,1.576645571440e+02,-2.865652673510e+02,1.000000000000e+00,-2.742144366291
2158,17314,6340576171.875000,2.741094685682e+02,1.644656811409e+02,2.458934586090e+02,2.163870932198e+02,2.753559395616e+02,1.508387221443e+02,1.000000000000e+00,-2.765393539566
2159,17315,6340942382.812500,2.741094685682e+02,1.644656811409e+02,2.460180963201e+02,2.159127439834e+02,2.754704930054e+02,1.505792688757e+02,1.000000000000e+00,-2.788642176199
2160,17316,6341308593.750000,-2.741094685682e+02,3.837532559955e+02,-3.466625047091e+02,3.368675436131e+02,-2.692929752342e+02,3.807815630143e+02,1.000000000000e+00,-2.811890363372
2161,17317,6341674804.687500,-5.482189371364e+01,1.644656811409e+02,-8.545405310465e+01,1.560590233545e+02,-5.362169755716e+01,1.572218345596e+02,1.000000000000e+00,-2.835138188195
2162,17318,6342041015.625000,-1.644656811409e+02,3.837532559955e+02,-2.364918610008e+02,3.579124964556e+02,-1.597784554339e+02,3.796520335364e+02,1.000000000000e+00,-2.858385737700
2163,17319,6342407226.562500,-5.482189371364e+01,5.482189371364e+01,-6.545384146838e+01,4.539860907605e+01,-5.538553716201e+01,4.733636961683e+01,1.000000000000e+00,-2.881633098838
2164,17320,6342773437.500000,-3.837532559955e+02,1.644656811409e+02,-4.180441187297e+02,9.609059015273e+01,-3.837749120924e+02,1.629405837819e+02,1.000000000000e+00,-2.904880358476
2165,17321,6343139648.437500,5.482189371364e+01,-5.482189371364e+01,6.542220271954e+01,-4.541982479765e+01,5.322813365481e+01,-6.449418766861e+01,1.000000000000e+00,-2.928127603396
2166,17322,6343505859.375000,3.837532559955e+02,-2.741094685682e+02,4.376203126267e+02,-2.075115142984e+02,3.798998911841e+02,-2.901081386757e+02,1.000000000000e+00,-2.951374920285
2167,17323,6343872070.312500,-5.482189371364e+01,-5.482189371364e+01,-4.553629462538e+01,-6.529185416664e+01,-5.656323534044e+01,-6.248462639083e+01,1.000000000000e+00,-2.974622395738
2168,17324,6344238281.250000,1.644656811409e+02,1.644656811409e+02,1.367100391469e+02,1.957093519630e+02,1.674220866813e+02,1.538398136672e+02,1.000000000000e+00,-2.997870116251
2169,17325,6344604492.187500,-1.644656811409e+02,-3.837532559955e+02,-9.758031072433e+01,-4.171128373984e+02,-1.718443327162e+02,-3.903137553593e+02,1.000000000000e+00,-3.021118168217
2170,17326,6344970703.125000,3.837532559955e+02,-5.482189371364e+01,3.973784347335e+02,1.296409685473e+01,3.836808866508e+02,-6.971041069035e+01,1.000000000000e+00,-3.044366637924
2171,17327,6345336914.062500,1.644656811409e+02,-1.644656811409e+02,1.953058268954e+02,-1.371588047919e+02,1.620399050383e+02,-1.759863038625e+02,1.000000000000e+00,-3.067615611551
2172,17328,6345703125.000000,-3.837532559955e+02,-3.837532559955e+02,-3.208499549772e+02,-4.554819586390e+02,-3.921022440654e+02,-3.859397472325e+02,1.000000000000e+00,-3.090865175164
2173,17329,6346069335.937500,1.644656811409e+02,3.837532559955e+02,9.957434471302e+01,4.170391946940e+02,1.727668671927e+02,3.741573156835e+02,1.000000000000e+00,-3.114115414714
2174,17330,6346435546.875000,-2.741094685682e+02,-2.741094685682e+02,-2.296325855255e+02,-3.250278521338e+02,-2.797843571442e+02,-2.777500365192e+02,1.000000000000e+00,-3.137366416028
2175,17331,6346801757.812500,-1.644656811409e+02,5.482189371364e+01,-1.758738660259e+02,2.687240306024e+01,-1.634281688125e+02,5.028199468123e+01,1.000000000000e+00,3.122567042365
2176,17332,6347167968.750000,2.741094685682e+02,-5.482189371364e+01,2.867275813691e+02,-7.954124026860e+00,2.746363056034e+02,-6.758130318395e+01,1.000000000000e+00,3.099314260530
2177,17333,6347534179.687500,1.644656811409e+02,-1.644656811409e+02,1.947385117911e+02,-1.380077862488e+02,1.627808795989e+02,-1.755121537926e+02,1.000000000000e+00,3.076060460198
2178,17334,6347900390.625000,1.644656811409e+02,2.741094685682e+02,1.193492927997e+02,3.055835636424e+02,1.709627928664e+02,2.645290041264e+02,1.000000000000e+00,3.052805556057
2179,17335,6348266601.562500,5.482189371364e+01,3.837532559955e+02,-1.030557599672e+01,3.978803440029e+02,6.299019748193e+01,3.768394176411e+02,1.000000000000e+00,3.029549462933
2180,17336,6348632812.500000,2.741094685682e+02,5.482189371364e+01,2.682521655473e+02,1.025342896821e+02,2.773790476277e+02,4.302693847563e+01,1.000000000000e+00,3.006292095794
2181,17337,6348999023.437500,-1.644656811409e+02,-2.741094685682e+02,-1.196866867834e+02,-3.060235425246e+02,-1.686761352350e+02,-2.797645034885e+02,1.000000000000e+00,2.983033369755
2182,17338,6349365234.375000,-1.644656811409e+02,-3.837532559955e+02,-1.008825507143e+02,-4.169781627260e+02,-1.701635047991e+02,-3.897777838455e+02,1.000000000000e+00,2.959773200081
2183,17339,6349731445.312500,2.741094685682e+02,-1.644656811409e+02,3.057601028216e+02,-1.196475654441e+02,2.740539870701e+02,-1.763963043388e+02,1.000000000000e+00,2.936511502187
2184,17340,6350097656.250000,-5.482189371364e+01,-1.644656811409e+02,-2.744969958750e+01,-1.759136574354e+02,-5.609422869542e+01,-1.710530664346e+02,1.000000000000e+00,2.913248191651
2185,17341,6350463867.187500,-5.482189371364e+01,5.482189371364e+01,-6.484528067739e+01,4.628801700885e+01,-5.254721728819e+01,4.929020028750e+01,1.000000000000e+00,2.889983184207
2186,17342,6350830078.125000,-3.837532559955e+02,-1.644656811409e+02,-3.616969655710e+02,-2.312472758798e+02,-3.869051653792e+02,-1.651833899953e+02,1.000000000000e+00,2.866716395757
2187,17343,6351196289.062500,-2.741094685682e+02,3.837532559955e+02,-3.422037876708e+02,3.435484497573e+02,-2.669763296909e+02,3.840705176425e+02,1.000000000000e+00,2.843447742371
2188,17344,6351562500.000000,-5.482189371364e+01,-3.837532559955e+02,8.430250530727e+00,-3.982687929773e+02,-5.979211705336e+01,-3.909221858858e+02,1.000000000000e+00,2.820177140292
2189,17345,6351928710.937500,5.482189371364e+01,-3.837532559955e+02,1.194917560841e+02,-3.797753094423e+02,5.058213673833e+01,-3.924434612299e+02,1.000000000000e+00,2.796904505938
2190,17346,6352294921.875000,-5.482189371364e+01,2.741094685682e+02,-1.010181633122e+02,2.687514822861e+02,-4.847113381425e+01,2.699855822963e+02,1.000000000000e+00,2.773629755912
2191,17347,6352661132.812500,-3.837532559955e+02,3.837532559955e+02,-4.523894014678e+02,3.258424350790e+02,-3.767748476529e+02,3.858966008016e+02,1.000000000000e+00,2.750352806996
2192,17348,6353027343.750000,-1.644656811409e+02,5.482189371364e+01,-1.758110096128e+02,2.861237153664e+01,-1.621505988878e+02,5.197305948925e+01,1.000000000000e+00,2.727073576164
2193,17349,6353393554.687500,-2.741094685682e+02,1.644656811409e+02,-3.051223802840e+02,1.213952798726e+02,-2.706138932735e+02,1.635338703902e+02,1.000000000000e+00,2.703791980582
2194,17350,6353759765.625000,3.837532559955e+02,5.482189371364e+01,3.797765760271e+02,1.195623963911e+02,3.882382322033e+02,4.421734393852e+01,1.000000000000e+00,2.680507937613
2195,17351,6354125976.562500,2.741094685682e+02,2.741094685682e+02,2.318951919613e+02,3.236536649901e+02,2.807888185982e+02,2.663025297494e+02,1.000000000000e+00,2.657221364820
2196,17352,6354492187.500000,-2.741094685682e+02,5.482189371364e+01,-2.870456173818e+02,9.923861234585e+00,-2.723836343314e+02,5.295690720203e+01,1.000000000000e+00,2.633932179971
2197,17353,6354858398.437500,3.837532559955e+02,-2.741094685682e+02,4.347128967570e+02,-2.144394627195e+02,3.844470897812e+02,-2.856755197373e+02,1.000000000000e+00,2.610640301042
2198,17354,6355224609.375000,-1.644656811409e+02,1.644656811409e+02,-1.939762187370e+02,1.397775054448e+02,-1.607960642657e+02,1.621230314496e+02,1.000000000000e+00,2.587345646225
2199,17355,6355590820.312500,-5.482189371364e+01,2.741094685682e+02,-1.004923516307e+02,2.691902186519e+02,-4.901806533647e+01,2.709899694221e+02,1.000000000000e+00,2.564048133927
2200,17356,6355957031.250000,-5.482189371364e+01,-2.741094685682e+02,-1.108499093146e+01,-2.871069659957e+02,-5.653877553862e+01,-2.797513747237e+02,1.000000000000e+00,2.540747682776
2201,17357,6356323242.187500,-2.741094685682e+02,-3.837532559955e+02,-2.162462140993e+02,-4.336625190538e+02,-2.785181119934e+02,-3.864924832998e+02,1.000000000000e+00,2.517444211629
2202,17358,6356689453.125000,-1.644656811409e+02,5.482189371364e+01,-1.756575948348e+02,2.928499147031e+01,-1.619014562309e+02,5.263224749142e+01,1.000000000000e+00,2.494137639570
2203,17359,6357055664.062500,5.482189371364e+01,-3.837532559955e+02,1.166581055432e+02,-3.806632630311e+02,5.150648827724e+01,-3.909506778018e+02,1.000000000000e+00,2.470827885919
2204,17360,6357421875.000000,-2.741094685682e+02,-2.741094685682e+02,-2.349487705636e+02,-3.217526593509e+02,-2.772711064769e+02,-2.757751735964e+02,1.000000000000e+00,2.447514870235
2205,17361,6357788085.937500,1.644656811409e+02,-5.482189371364e+01,1.757846584984e+02,-2.978872604047e+01,1.669242237819e+02,-6.237115519931e+01,1.000000000000e+00,2.424198512319
2206,17362,6358154296.875000,3.837532559955e+02,2.741094685682e+02,3.472007506110e+02,3.390150818027e+02,3.928896002354e+02,2.650050105718e+02,1.000000000000e+00,2.400878732222
2207,17363,6358520507.812500,-5.482189371364e+01,-5.482189371364e+01,-4.718766919529e+01,-6.435898401978e+01,-5.357942297981e+01,-5.873225937662e+01,1.000000000000e+00,2.377555450246
2208,17364,6358886718.750000,-1.644656811409e+02,-1.644656811409e+02,-1.417053617952e+02,-1.930762507003e+02,-1.657097123719e+02,-1.672908046224e+02,1.000000000000e+00,2.354228586949
2209,17365,6359252929.687500,3.837532559955e+02,1.644656811409e+02,3.649416731649e+02,2.272279988215e+02,3.913019798222e+02,1.552692826142e+02,1.000000000000e+00,2.330898063153
2210,17366,6359619140.625000,2.741094685682e+02,3.837532559955e+02,2.191762252816e+02,4.332111568563e+02,2.841438888103e+02,3.778358698145e+02,1.000000000000e+00,2.307563799942
2211,17367,6359985351.562500,-3.837532559955e+02,-2.741094685682e+02,-3.478136147656e+02,-3.385968137958e+02,-3.877442126736e+02,-2.742684281397e+02,1.000000000000e+00,2.284225718675
2212,17368,6360351562.500000,3.837532559955e+02,1.644656811409e+02,3.645278682984e+02,2.268950858404e+02,3.905541936719e+02,1.558947100456e+02,1.000000000000e+00,2.260883740983
2213,17369,6360717773.437500,3.837532559955e+02,2.741094685682e+02,3.471127687454e+02,3.381109589647e+02,3.915501310173e+02,2.662320585684e+02,1.000000000000e+00,2.237537788780
2214,17370,6361083984.375000,5.482189371364e+01,-3.837532559955e+02,1.153079912127e+02,-3.810544741415e+02,5.250813293513e+01,-3.899105059573e+02,1.000000000000e+00,2.214187784262
2215,17371,6361450195.312500,5.482189371364e+01,5.482189371364e+01,4.722257493445e+01,6.419185214790e+01,5.819120398843e+01,5.051550968980e+01,1.000000000000e+00,2.190833649917
2216,17372,6361816406.250000,5.482189371364e+01,3.837532559955e+02,-3.369560834640e+00,3.987717021132e+02,6.264095392601e+01,3.814071058134e+02,1.000000000000e+00,2.167475308526
2217,17373,6362182617.187500,2.741094685682e+02,3.837532559955e+02,2.198347846944e+02,4.327141438622e+02,2.831289100109e+02,3.787998550438e+02,1.000000000000e+00,2.144112683170
2218,17374,6362548828.125000,-5.482189371364e+01,-5.482189371364e+01,-4.731335992908e+01,-6.425362942333e+01,-5.349474761838e+01,-5.817813037790e+01,1.000000000000e+00,2.120745697236
2219,17375,6362915039.062500,2.741094685682e+02,3.837532559955e+02,2.194183414597e+02,4.329562889634e+02,2.823154579371e+02,3.795036486738e+02,1.000000000000e+00,2.097374274419
2220,17376,6363281250.000000,-1.644656811409e+02,5.482189371364e+01,-1.758156802274e+02,3.031495482366e+01,-1.626114631717e+02,5.332835237932e+01,1.000000000000e+00,2.073998338728
2221,17377,6363647460.937500,-3.837532559955e+02,3.837532559955e+02,-4.496473324955e+02,3.311452728613e+02,-3.797614042042e+02,3.865275732507e+02,1.000000000000e+00,2.050617814493
2222,17378,6364013671.875000,3.837532559955e+02,-1.644656811409e+02,4.156877069412e+02,-1.082114329190e+02,3.864947944373e+02,-1.728818493375e+02,1.000000000000e+00,2.027232626367
2223,17379,6364379882.812500,3.837532559955e+02,-5.482189371364e+01,3.988626365538e+02,3.016164337170e+00,3.876414157581e+02,-6.267035129253e+01,1.000000000000e+00,2.003842699337
2224,17380,6364746093.750000,5.482189371364e+01,-3.837532559955e+02,1.143000703008e+02,-3.822038856491e+02,5.313972363974e+01,-3.900874494915e+02,1.000000000000e+00,1.980447958720
2225,17381,6365112304.687500,-2.741094685682e+02,1.644656811409e+02,-3.038798287563e+02,1.258849843324e+02,-2.717216280461e+02,1.651942045685e+02,1.000000000000e+00,1.957048330177
2226,17382,6365478515.625000,1.644656811409e+02,-3.837532559955e+02,2.247518182943e+02,-3.657517053927e+02,1.626366921416e+02,-3.911373551451e+02,1.000000000000e+00,1.933643739715
2227,17383,6365844726.562500,-5.482189371364e+01,1.644656811409e+02,-8.008047771610e+01,1.591040226515e+02,-5.075604712951e+01,1.626190922561e+02,1.000000000000e+00,1.910234113690
2228,17384,6366210937.500000,3.837532559955e+02,-2.741094685682e+02,4.305870983411e+02,-2.219473884357e+02,3.837633821024e+02,-2.836542314601e+02,1.000000000000e+00,1.886819378818
2229,17385,6366577148.437500,-3.837532559955e+02,1.644656811409e+02,-4.145224745833e+02,1.101967977382e+02,-3.814048992561e+02,1.665377954305e+02,1.000000000000e+00,1.863399462173
2230,17386,6366943359.375000,-2.741094685682e+02,-2.741094685682e+02,-2.377272170325e+02,-3.195644101808e+02,-2.763147957431e+02,-2.756118255855e+02,1.000000000000e+00,1.839974291202
2231,17387,6367309570.312500,-2.741094685682e+02,-1.644656811409e+02,-2.542559445894e+02,-2.081119373149e+02,-2.752340230929e+02,-1.655750920537e+02,1.000000000000e+00,1.816543793720
2232,17388,6367675781.250000,3.837532559955e+02,-5.482189371364e+01,3.986203961025e+02,1.245174131880e+00,3.871344627850e+02,-6.245557540258e+01,1.000000000000e+00,1.793107897926
2233,17389,6368041992.187500,-2.741094685682e+02,3.837532559955e+02,-3.359130252776e+02,3.499979228667e+02,-2.696539374355e+02,3.856249803490e+02,1.000000000000e+00,1.769666532400
2234,17390,6368408203.125000,-5.482189371364e+01,1.644656811409e+02,-8.019644872820e+01,1.592106117811e+02,-5.159059543240e+01,1.626673457354e+02,1.000000000000e+00,1.746219626116
2235,17391,6368774414.062500,-2.741094685682e+02,-5.482189371364e+01,-2.706560728272e+02,-9.650442192984e+01,-2.741165414494e+02,-5.576587687330e+01,1.000000000000e+00,1.722767108441
2236,17392,6369140625.000000,1.644656811409e+02,1.644656811409e+02,1.428454408594e+02,1.917438074633e+02,1.685748200860e+02,1.606263583254e+02,1.000000000000e+00,1.699308909146
2237,17393,6369506835.937500,3.837532559955e+02,3.837532559955e+02,3.337257338598e+02,4.476164387273e+02,3.911466306214e+02,3.793900250144e+02,1.000000000000e+00,1.675844958411
2238,17394,6369873046.875000,5.482189371364e+01,-5.482189371364e+01,6.397581208453e+01,-4.773512162211e+01,5.648985879210e+01,-5.888318797975e+01,1.000000000000e+00,1.652375186827
2239,17395,6370239257.812500,2.741094685682e+02,1.644656811409e+02,2.550103756837e+02,2.081390256515e+02,2.791224463387e+02,1.599932638510e+02,1.000000000000e+00,1.628899525409
2240,17396,6370605468.750000,5.482189371364e+01,1.644656811409e+02,3.157096909803e+01,1.756761886128e+02,5.829688208176e+01,1.618448079513e+02,1.000000000000e+00,1.605417905596
2241,17397,6370971679.687500,-1.644656811409e+02,1.644656811409e+02,-1.918143195830e+02,1.433049223739e+02,-1.624616163721e+02,1.635917673886e+02,1.000000000000e+00,1.581930259260
2242,17398,6371337890.625000,3.837532559955e+02,5.482189371364e+01,3.831087653636e+02,1.116563349531e+02,3.884514963993e+02,4.815380804002e+01,1.000000000000e+00,1.558436518711
2243,17399,6371704101.562500,-1.644656811409e+02,-1.644656811409e+02,-1.441179225014e+02,-1.911927069924e+02,-1.657127456983e+02,-1.669008171410e+02,1.000000000000e+00,1.534936616704
2244,17400,6372070312.500000,-5.482189371364e+01,1.644656811409e+02,-7.916900731548e+01,1.599161142183e+02,-5.137984043999e+01,1.628723256231e+02,1.000000000000e+00,1.511430486446
2245,17401,6372436523.437500,2.741094685682e+02,1.644656811409e+02,2.557961387646e+02,2.067151311979e+02,2.791947362821e+02,1.590598915149e+02,1.000000000000e+00,1.487918061599
2246,17402,6372802734.375000,2.741094685682e+02,-3.837532559955e+02,3.343999306550e+02,-3.512560555705e+02,2.736839982676e+02,-3.917376819682e+02,1.000000000000e+00,1.464399276293
2247,17403,6373168945.312500,1.644656811409e+02,3.837532559955e+02,1.121270513865e+02,4.145085994290e+02,1.704151176029e+02,3.810201037048e+02,1.000000000000e+00,1.440874065123
2248,17404,6373535156.250000,5.482189371364e+01,-3.837532559955e+02,1.107908008064e+02,-3.833055318562e+02,5.311592680946e+01,-3.901072960121e+02,1.000000000000e+00,1.417342363166
2249,17405,6373901367.187500,-5.482189371364e+01,5.482189371364e+01,-6.371213863266e+01,4.814900485822e+01,-5.296023180913e+01,5.232847190002e+01,1.000000000000e+00,1.393804105979
2250,17406,6374267578.125000,-5.482189371364e+01,1.644656811409e+02,-7.910197423701e+01,1.600519508124e+02,-5.168371883946e+01,1.627031918673e+02,1.000000000000e+00,1.370259229610
2251,17407,6374633789.062500,-1.644656811409e+02,5.482189371364e+01,-1.753720238168e+02,3.288456550723e+01,-1.631657434320e+02,5.356323068527e+01,1.000000000000e+00,1.346707670603
2252,17408,6375000000.000000,-2.741094685682e+02,-3.837532559955e+02,-2.260433854543e+02,-4.292119425424e+02,-2.786632440540e+02,-3.861021667916e+02,1.000000000000e+00,1.323149366007
2253,17409,6375366210.937500,5.482189371364e+01,2.741094685682e+02,1.749030804137e+01,2.871622516643e+02,5.983231348105e+01,2.715990192959e+02,1.000000000000e+00,1.299584253380
2254,17410,6375732421.875000,5.482189371364e+01,1.644656811409e+02,3.268577096716e+01,1.754982875317e+02,5.845778556973e+01,1.614086443183e+02,1.000000000000e+00,1.276012270796
2255,17411,6376098632.812500,-2.741094685682e+02,2.741094685682e+02,-3.187142762781e+02,2.406737256219e+02,-2.721272562191e+02,2.746496134495e+02,1.000000000000e+00,1.252433356855
2256,17412,6376464843.750000,2.741094685682e+02,-3.837532559955e+02,3.347740642912e+02,-3.524167720796e+02,2.752781863810e+02,-3.923345918508e+02,1.000000000000e+00,1.228847450687
2257,17413,6376831054.687500,-1.644656811409e+02,-5.482189371364e+01,-1.600153813838e+02,-7.969756879801e+01,-1.643532515281e+02,-5.807450091752e+01,1.000000000000e+00,1.205254491958
2258,17414,6377197265.625000,-1.644656811409e+02,-5.482189371364e+01,-1.599988611865e+02,-7.969350810705e+01,-1.642943110185e+02,-5.816504913660e+01,1.000000000000e+00,1.181654420882
2259,17415,6377563476.562500,-5.482189371364e+01,-1.644656811409e+02,-3.235014097163e+01,-1.756960753059e+02,-5.437903188764e+01,-1.692211580027e+02,1.000000000000e+00,1.158047178223
2260,17416,6377929687.500000,2.741094685682e+02,3.837532559955e+02,2.248462820491e+02,4.305357238409e+02,2.802890272707e+02,3.807866430825e+02,1.000000000000e+00,1.134432705304
2261,17417,6378295898.437500,2.741094685682e+02,-3.837532559955e+02,3.344867229355e+02,-3.524841931650e+02,2.757009950054e+02,-3.921784346749e+02,1.000000000000e+00,1.110810944014
2262,17418,6378662109.375000,-2.741094685682e+02,3.837532559955e+02,-3.347703838379e+02,3.526707105430e+02,-2.722299937838e+02,3.844083563024e+02,1.000000000000e+00,1.087181836817
2263,17419,6379028320.312500,3.837532559955e+02,2.741094685682e+02,3.528503123041e+02,3.349834095331e+02,3.904950530306e+02,2.704183676026e+02,1.000000000000e+00,1.063545326756
2264,17420,6379394531.250000,-3.837532559955e+02,1.644656811409e+02,-4.151860076892e+02,1.134731536856e+02,-3.837472585238e+02,1.640434273272e+02,1.000000000000e+00,1.039901357464
2265,17421,6379760742.187500,1.644656811409e+02,-1.644656811409e+02,1.909741146155e+02,-1.446906554615e+02,1.665586516115e+02,-1.708927456809e+02,1.000000000000e+00,1.016249873166
2266,17422,6380126953.125000,-3.837532559955e+02,5.482189371364e+01,-3.990950706596e+02,2.252278498895e+00,-3.837287225935e+02,5.389907472246e+01,1.000000000000e+00,0.992590818695
2267,17423,6380493164.062500,2.741094685682e+02,-5.482189371364e+01,2.871939316992e+02,-1.763445500579e+01,2.776114253380e+02,-6.140776992843e+01,1.000000000000e+00,0.968924139490
2268,17424,6380859375.000000,2.741094685682e+02,-5.482189371364e+01,2.871296929995e+02,-1.768345576121e+01,2.776144970042e+02,-6.142695428476e+01,1.000000000000e+00,0.945249781609
2269,17425,6381225585.937500,5.482189371364e+01,5.482189371364e+01,4.818223386867e+01,6.355509993374e+01,5.778230036998e+01,5.050498260527e+01,1.000000000000e+00,0.921567691737
2270,17426,6381591796.875000,-3.837532559955e+02,1.644656811409e+02,-4.140934062320e+02,1.131331579658e+02,-3.826195591082e+02,1.627841482477e+02,1.000000000000e+00,0.897877817191
2271,17427,6381958007.812500,-2.741094685682e+02,-3.837532559955e+02,-2.240423540674e+02,-4.297314940283e+02,-2.741009661253e+02,-3.891012555280e+02,1.000000000000e+00,0.874180105929
2272,17428,6382324218.750000,3.837532559955e+02,-5.482189371364e+01,3.986219484025e+02,-1.681451739176e+00,3.880523082103e+02,-6.134784400081e+01,1.000000000000e+00,0.850474506556
2273,17429,6382690429.687500,-5.482189371364e+01,1.644656811409e+02,-7.872683163003e+01,1.601073596373e+02,-5.141742181521e+01,1.614287054384e+02,1.000000000000e+00,0.826760968335
2274,17430,6383056640.625000,-3.837532559955e+02,1.644656811409e+02,-4.142455544131e+02,1.152729221519e+02,-3.822988505930e+02,1.644393267516e+02,1.000000000000e+00,0.803039441193
2275,17431,6383422851.562500,1.644656811409e+02,5.482189371364e+01,1.602223009452e+02,7.881684812754e+01,1.687144990046e+02,4.962547073065e+01,1.000000000000e+00,0.779309875726
2276,17432,6383789062.500000,3.837532559955e+02,-1.644656811409e+02,4.147674372570e+02,-1.136972874855e+02,3.885696870379e+02,-1.718656154560e+02,1.000000000000e+00,0.755572223214
2277,17433,6384155273.437500,-2.741094685682e+02,3.837532559955e+02,-3.336680100378e+02,3.527779761424e+02,-2.713640760265e+02,3.829246383575e+02,1.000000000000e+00,0.731826435621
2278,17434,6384521484.375000,1.644656811409e+02,2.741094685682e+02,1.297791132366e+02,3.020780834167e+02,1.702614897331e+02,2.699076149477e+02,1.000000000000e+00,0.708072465607
2279,17435,6384887695.312500,-2.741094685682e+02,5.482189371364e+01,-2.865723076727e+02,1.877719551859e+01,-2.716923820832e+02,5.302095366753e+01,1.000000000000e+00,0.684310266538
2280,17436,6385253906.250000,-3.837532559955e+02,5.482189371364e+01,-3.984017149931e+02,4.026794689551e+00,-3.818769773992e+02,5.407152024270e+01,1.000000000000e+00,0.660539792487
2281,17437,6385620117.187500,-5.482189371364e+01,3.837532559955e+02,-1.081614671849e+02,3.839115826906e+02,-4.862018956635e+01,3.818249214273e+02,1.000000000000e+00,0.636760998250
2282,17438,6385986328.125000,3.837532559955e+02,3.837532559955e+02,3.390822864388e+02,4.444263644575e+02,3.926766361926e+02,3.789473694017e+02,1.000000000000e+00,0.612973839350
2283,17439,6386352539.062500,-1.644656811409e+02,-2.741094685682e+02,-1.299933754797e+02,-3.026515631206e+02,-1.638632702968e+02,-2.798113781634e+02,1.000000000000e+00,0.589178272043
2284,17440,6386718750.000000,-1.644656811409e+02,2.741094685682e+02,-2.062225651991e+02,2.569891768202e+02,-1.607548079943e+02,2.723555274501e+02,1.000000000000e+00,0.565374253332
2285,17441,6387084960.937500,1.644656811409e+02,-2.741094685682e+02,2.063902995617e+02,-2.568914928215e+02,1.683042243232e+02,-2.816775189781e+02,1.000000000000e+00,0.541561740970
2286,17442,6387451171.875000,-2.741094685682e+02,-5.482189371364e+01,-2.721542112195e+02,-9.404431457388e+01,-2.724954840240e+02,-5.846199032570e+01,1.000000000000e+00,0.517740693470
2287,17443,6387817382.812500,-3.837532559955e+02,-5.482189371364e+01,-3.838869326225e+02,-1.087797199837e+02,-3.825562142916e+02,-5.744527910130e+01,1.000000000000e+00,0.493911070114
2288,17444,6388183593.750000,-5.482189371364e+01,-2.741094685682e+02,-1.830654633164e+01,-2.870043585840e+02,-5.293313354281e+01,-2.800409387772e+02,1.000000000000e+00,0.470072830960
2289,17445,6388549804.687500,5.482189371364e+01,-1.644656811409e+02,7.844053162235e+01,-1.601427192188e+02,5.821691992838e+01,-1.704684745662e+02,1.000000000000e+00,0.446225936850
2290,17446,6388916015.625000,3.837532559955e+02,-5.482189371364e+01,3.986533768372e+02,-3.253049851676e+00,3.897938606927e+02,-6.238415382808e+01,1.000000000000e+00,0.422370349421
2291,17447,6389282226.562500,5.482189371364e+01,-1.644656811409e+02,7.855940122175e+01,-1.600712294226e+02,5.859920969001e+01,-1.703900053312e+02,1.000000000000e+00,0.398506031109
2292,17448,6389648437.500000,3.837532559955e+02,-3.837532559955e+02,4.444861919768e+02,-3.378529813838e+02,3.886597596777e+02,-3.925164756055e+02,1.000000000000e+00,0.374632945160
2293,17449,6390014648.437500,5.482189371364e+01,-3.837532559955e+02,1.095701616716e+02,-3.835318949964e+02,5.832414114149e+01,-3.909170573403e+02,1.000000000000e+00,0.350751055638
2294,17450,6390380859.375000,-2.741094685682e+02,-5.482189371364e+01,-2.718674947503e+02,-9.409532764749e+01,-2.712309469899e+02,-5.854466623355e+01,1.000000000000e+00,0.326860327434
2295,17451,6390747070.312500,5.482189371364e+01,2.741094685682e+02,1.787451814247e+01,2.871918275556e+02,6.152204992846e+01,2.709819822222e+02,1.000000000000e+00,0.302960726271
2296,17452,6391113281.250000,5.482189371364e+01,3.837532559955e+02,2.691920179690e+00,3.990176874294e+02,6.224899362557e+01,3.813452954647e+02,1.000000000000e+00,0.279052218718
2297,17453,6391479492.187500,-3.837532559955e+02,3.837532559955e+02,-4.447517632688e+02,3.375774920492e+02,-3.791695356798e+02,3.830944421049e+02,1.000000000000e+00,0.255134772192
2298,17454,6391845703.125000,3.837532559955e+02,5.482189371364e+01,3.832079250699e+02,1.097944692559e+02,3.913342109065e+02,4.938458397858e+01,1.000000000000e+00,0.231208354972
2299,17455,6392211914.062500,3.837532559955e+02,-2.741094685682e+02,4.297139094569e+02,-2.250774161544e+02,3.906717304781e+02,-2.811231909237e+02,1.000000000000e+00,0.207272936202
2300,17456,6392578125.000000,3.837532559955e+02,3.837532559955e+02,3.369334414334e+02,4.457015346363e+02,3.927855281642e+02,3.809561210162e+02,1.000000000000e+00,0.183328485905
2301,17457,6392944335.937500,3.837532559955e+02,3.837532559955e+02,3.370763362506e+02,4.462024186758e+02,3.931485743364e+02,3.814541285887e+02,1.000000000000e+00,0.159374974987
2302,17458,6393310546.875000,-3.837532559955e+02,5.482189371364e+01,-3.994935573452e+02,1.299204193906e+00,-3.806630472244e+02,5.170673530916e+01,1.000000000000e+00,0.135412375247
2303,17459,6393676757.812500,-5.482189371364e+01,-3.837532559955e+02,-1.221373064198e+00,-3.995016224830e+02,-4.992026204782e+01,-3.907729477842e+02,1.000000000000e+00,0.111440659383
2304,17460,6394042968.750000,-3.837532559955e+02,3.837532559955e+02,-4.464561643663e+02,3.368916691290e+02,-3.798216183039e+02,3.831982799919e+02,1.000000000000e+00,0.087459801007
2305,17461,6394409179.687500,-3.837532559955e+02,1.644656811409e+02,-4.150280791309e+02,1.132204286708e+02,-3.799231275232e+02,1.624802779591e+02,1.000000000000e+00,0.063469774645
2306,17462,6394775390.625000,-3.837532559955e+02,2.741094685682e+02,-4.304620816544e+02,2.252393828730e+02,-3.793282917644e+02,2.731497056996e+02,1.000000000000e+00,0.039470555751
2307,17463,6395141601.562500,-5.482189371364e+01,1.644656811409e+02,-7.921296922447e+01,1.600011487080e+02,-4.813079089400e+01,1.618516323175e+02,1.000000000000e+00,0.015462120711
2308,17464,6395507812.500000,3.837532559955e+02,2.741094685682e+02,3.524234709796e+02,3.337885624246e+02,3.937318587154e+02,2.707905090543e+02,1.000000000000e+00,-0.008555553145
2309,17465,6395874023.437500,-5.482189371364e+01,-3.837532559955e+02,-1.535326179382e+00,-3.987783170846e+02,-4.956927371599e+01,-3.895136293297e+02,1.000000000000e+00,-0.032582487534
2310,17466,6396240234.375000,5.482189371364e+01,2.741094685682e+02,1.696813600388e+01,2.870835824299e+02,6.293931867412e+01,2.718986263830e+02,1.000000000000e+00,-0.056618703219
2311,17467,6396606445.312500,-1.644656811409e+02,-5.482189371364e+01,-1.598310504583e+02,-7.929963479610e+01,-1.585585107500e+02,-5.823893535823e+01,1.000000000000e+00,-0.080664219991
2312,17468,6396972656.250000,1.644656811409e+02,-1.644656811409e+02,1.911978167946e+02,-1.441876869299e+02,1.723520623025e+02,-1.693909082324e+02,1.000000000000e+00,-0.104719056669
2313,17469,6397338867.187500,-3.837532559955e+02,-5.482189371364e+01,-3.836202930602e+02,-1.103084207600e+02,-3.792030942853e+02,-5.703656600593e+01,1.000000000000e+00,-0.128783231087
2314,17470,6397705078.125000,-3.837532559955e+02,-5.482189371364e+01,-3.837980285322e+02,-1.098214392978e+02,-3.791917414373e+02,-5.635699455332e+01,1.000000000000e+00,-0.152856760088
2315,17471,6398071289.062500,-3.837532559955e+02,-2.741094685682e+02,-3.532674134454e+02,-3.333137280988e+02,-3.805114117430e+02,-2.766935810321e+02,1.000000000000e+00,-0.176939659516
2316,17472,6398437500.000000,-2.741094685682e+02,1.644656811409e+02,-3.029156351917e+02,1.289959776794e+02,-2.675404624027e+02,1.639294648670e+02,1.000000000000e+00,-0.201031944205
2317,17473,6398803710.937500,-1.644656811409e+02,1.644656811409e+02,-1.913212789839e+02,1.441886147099e+02,-1.572800242660e+02,1.633052140399e+02,1.000000000000e+00,-0.225133627977
2318,17474,6399169921.875000,1.644656811409e+02,5.482189371364e+01,1.597477398593e+02,7.966865083791e+01,1.736257317440e+02,5.216310884925e+01,1.000000000000e+00,-0.249244723629
2319,17475,6399536132.812500,-2.741094685682e+02,-3.837532559955e+02,-2.234695034151e+02,-4.307351682260e+02,-2.682481552799e+02,-3.882132402043e+02,1.000000000000e+00,-0.273365242925
2320,17476,6399902343.750000,5.482189371364e+01,3.837532559955e+02,-2.270464060678e-01,3.985884583491e+02,6.361611277286e+01,3.833145384992e+02,1.000000000000e+00,-0.297495196593
2321,17477,6400268554.687500,5.482189371364e+01,2.741094685682e+02,1.596331317287e+01,2.870701354153e+02,6.388399454501e+01,2.732762963220e+02,1.000000000000e+00,-0.321634594313
2322,17478,6400634765.625000,-2.741094685682e+02,3.837532559955e+02,-3.347248671252e+02,3.515008016642e+02,-2.662322753752e+02,3.848998781937e+02,1.000000000000e+00,-0.345783444710
2323,17479,6401000976.562500,2.741094685682e+02,2.741094685682e+02,2.402914144761e+02,3.188413309023e+02,2.857420858651e+02,2.728027460406e+02,1.000000000000e+00,-0.369941755347
2324,17480,6401367187.500000,2.741094685682e+02,1.644656811409e+02,2.558931929378e+02,2.069484325486e+02,2.852728346253e+02,1.624360809866e+02,1.000000000000e+00,-0.394109532718
2325,17481,6401733398.437500,-5.482189371364e+01,-5.482189371364e+01,-4.801520506678e+01,-6.372435610648e+01,-4.675117034037e+01,-5.651801544691e+01,1.000000000000e+00,-0.418286782239
2326,17482,6402099609.375000,-5.482189371364e+01,3.837532559955e+02,-1.108650663501e+02,3.831351257369e+02,-4.438094668341e+01,3.848458483341e+02,1.000000000000e+00,-0.442473508243
2327,17483,6402465820.312500,3.837532559955e+02,-3.837532559955e+02,4.461624161484e+02,-3.359398104406e+02,3.929421169506e+02,-3.894036646940e+02,1.000000000000e+00,-0.466669713969
2328,17484,6402832031.250000,-5.482189371364e+01,-3.837532559955e+02,-6.588786706529e-01,-3.989966547861e+02,-4.826378002979e+01,-3.869895575868e+02,1.000000000000e+00,-0.490875401558
2329,17485,6403198242.187500,5.482189371364e+01,-1.644656811409e+02,7.965822301477e+01,-1.597362591989e+02,6.338220009493e+01,-1.667680748485e+02,1.000000000000e+00,-0.515090572046
2330,17486,6403564453.125000,-1.644656811409e+02,-1.644656811409e+02,-1.437818111288e+02,-1.916512622667e+02,-1.572641102948e+02,-1.656515348819e+02,1.000000000000e+00,-0.539315225353
2331,17487,6403930664.062500,1.644656811409e+02,5.482189371364e+01,1.597402577940e+02,8.002238497521e+01,1.750978158188e+02,5.403087391069e+01,1.000000000000e+00,-0.563549360280
2332,17488,6404296875.000000,1.644656811409e+02,5.482189371364e+01,1.596126092944e+02,8.011297437103e+01,1.750731455992e+02,5.426958459679e+01,1.000000000000e+00,-0.587792974501
2333,17489,6404663085.937500,5.482189371364e+01,-3.837532559955e+02,1.126185716718e+02,-3.828733423597e+02,6.330615582901e+01,-3.866116263382e+02,1.000000000000e+00,-0.612046064556
2334,17490,6405029296.875000,5.482189371364e+01,-5.482189371364e+01,6.396029734669e+01,-4.766951584806e+01,6.436009717307e+01,-5.527987085320e+01,1.000000000000e+00,-0.636308625842
2335,17491,6405395507.812500,-3.837532559955e+02,5.482189371364e+01,-3.986615324326e+02,-1.472452781115e+00,-3.763033771483e+02,5.625108503523e+01,1.000000000000e+00,-0.660580652613
2336,17492,6405761718.750000,3.837532559955e+02,5.482189371364e+01,3.820467750236e+02,1.132447089338e+02,3.952420133381e+02,5.470993841129e+01,1.000000000000e+00,-0.684862137964
2337,17493,6406127929.687500,-5.482189371364e+01,2.741094685682e+02,-9.690841684258e+01,2.705160700407e+02,-4.500216266068e+01,2.762204773249e+02,1.000000000000e+00,-0.709153073834
2338,17494,6406494140.625000,-3.837532559955e+02,3.837532559955e+02,-4.481726440919e+02,3.330734331340e+02,-3.753772712950e+02,3.879625643131e+02,1.000000000000e+00,-0.733453450993
2339,17495,6406860351.562500,-3.837532559955e+02,-2.741094685682e+02,-3.499446862900e+02,-3.367619394509e+02,-3.778007415903e+02,-2.735517696211e+02,1.000000000000e+00,-0.757763259040
2340,17496,6407226562.500000,-3.837532559955e+02,-2.741094685682e+02,-3.500062442524e+02,-3.364819777468e+02,-3.779090960251e+02,-2.728962222916e+02,1.000000000000e+00,-0.782082486394
2341,17497,6407592773.437500,5.482189371364e+01,1.644656811409e+02,3.137782257972e+01,1.755062057307e+02,6.566103177690e+01,1.665214821202e+02,1.000000000000e+00,-0.806411120290
2342,17498,6407958984.375000,-5.482189371364e+01,2.741094685682e+02,-9.620690776904e+01,2.705822995253e+02,-4.360259212060e+01,2.773570048684e+02,1.000000000000e+00,-0.830749146772
2343,17499,6408325195.312500,-2.741094685682e+02,1.644656811409e+02,-3.031446441718e+02,1.261822280792e+02,-2.647558430206e+02,1.685295774924e+02,1.000000000000e+00,-0.855096550690
2344,17500,6408691406.250000,-1.644656811409e+02,-1.644656811409e+02,-1.421676303477e+02,-1.920099977684e+02,-1.561316309370e+02,-1.624323809042e+02,1.000000000000e+00,-0.879453315690
2345,17501,6409057617.187500,1.644656811409e+02,-2.741094685682e+02,2.090691342682e+02,-2.532071237504e+02,1.741411745080e+02,-2.733467205901e+02,1.000000000000e+00,-0.903819424214
2346,17502,6409423828.125000,-5.482189371364e+01,3.837532559955e+02,-1.145029526357e+02,3.814866200083e+02,-4.427549754429e+01,3.882246888699e+02,1.000000000000e+00,-0.928194857490
2347,17503,6409790039.062500,1.644656811409e+02,3.837532559955e+02,1.083544196642e+02,4.151827055567e+02,1.762562338056e+02,3.877838615379e+02,1.000000000000e+00,-0.952579595530
2348,17504,6410156250.000000,-5.482189371364e+01,-5.482189371364e+01,-4.732237427094e+01,-6.409515612010e+01,-4.571592660746e+01,-5.183102505182e+01,1.000000000000e+00,-0.976973617123
2349,17505,6410522460.937500,2.741094685682e+02,-3.837532559955e+02,3.369453680780e+02,-3.479382710838e+02,2.828400400090e+02,-3.834951529474e+02,1.000000000000e+00,-1.001376899833
2350,17506,6410888671.875000,-2.741094685682e+02,-3.837532559955e+02,-2.198633150968e+02,-4.312609138853e+02,-2.678240999029e+02,-3.800121827688e+02,1.000000000000e+00,-1.025789419991
2351,17507,6411254882.812500,1.644656811409e+02,-5.482189371364e+01,1.754576376777e+02,-3.047448964368e+01,1.743696633104e+02,-5.227134589151e+01,1.000000000000e+00,-1.050211152694
2352,17508,6411621093.750000,-1.644656811409e+02,5.482189371364e+01,-1.757417995917e+02,3.023868713411e+01,-1.557002196471e+02,5.977605019978e+01,1.000000000000e+00,-1.074642071797
2353,17509,6411987304.687500,1.644656811409e+02,5.482189371364e+01,1.588219077486e+02,8.161381533981e+01,1.752053489023e+02,5.878486619937e+01,1.000000000000e+00,-1.099082149914
2354,17510,6412353515.625000,2.741094685682e+02,1.644656811409e+02,2.528476865477e+02,2.104708644955e+02,2.856565797877e+02,1.689913013428e+02,1.000000000000e+00,-1.123531358409
2355,17511,6412719726.562500,-5.482189371364e+01,2.741094685682e+02,-9.909095104760e+01,2.698052263246e+02,-4.504951364655e+01,2.802989934533e+02,1.000000000000e+00,-1.147989667395
2356,17512,6413085937.500000,-3.837532559955e+02,1.644656811409e+02,-4.156843561700e+02,1.060129793753e+02,-3.758315693966e+02,1.711142763185e+02,1.000000000000e+00,-1.172457045731
2357,17513,6413452148.437500,1.644656811409e+02,-5.482189371364e+01,1.756522454501e+02,-2.954539790802e+01,1.741416591440e+02,-5.060586843778e+01,1.000000000000e+00,-1.196933461014
2358,17514,6413818359.375000,-3.837532559955e+02,5.482189371364e+01,-3.982346225846e+02,-5.230568512674e+00,-3.761928717746e+02,6.191929580330e+01,1.000000000000e+00,-1.221418879584
2359,17515,6414184570.312500,3.837532559955e+02,2.741094685682e+02,3.458253964873e+02,3.394372190577e+02,3.955461433527e+02,2.793262725830e+02,1.000000000000e+00,-1.245913266514
2360,17516,6414550781.250000,-2.741094685682e+02,-5.482189371364e+01,-2.694122423497e+02,-9.983460732627e+01,-2.667508865051e+02,-4.859430101715e+01,1.000000000000e+00,-1.270416585609
2361,17517,6414916992.187500,5.482189371364e+01,1.644656811409e+02,2.885660547490e+01,1.758858006306e+02,6.416213205376e+01,1.711308264286e+02,1.000000000000e+00,-1.294928799407
2362,17518,6415283203.125000,-2.741094685682e+02,-1.644656811409e+02,-2.513956876114e+02,-2.115559955798e+02,-2.672217746511e+02,-1.584581433052e+02,1.000000000000e+00,-1.319449869170
2363,17519,6415649414.062500,2.741094685682e+02,3.837532559955e+02,2.157972159476e+02,4.338121720429e+02,2.852448964944e+02,3.908254376131e+02,1.000000000000e+00,-1.343979754889
2364,17520,6416015625.000000,-5.482189371364e+01,1.644656811409e+02,-8.221244974244e+01,1.579253881335e+02,-4.587274091329e+01,1.719483720471e+02,1.000000000000e+00,-1.368518415278
2365,17521,6416381835.937500,-1.644656811409e+02,1.644656811409e+02,-1.935933221535e+02,1.400436034828e+02,-1.561819618709e+02,1.726717785281e+02,1.000000000000e+00,-1.393065807770
2366,17522,6416748046.875000,5.482189371364e+01,-2.741094685682e+02,1.005071291801e+02,-2.690884550284e+02,6.207909971384e+01,-2.686335389666e+02,1.000000000000e+00,-1.417621888523
2367,17523,6417114257.812500,-1.644656811409e+02,-2.741094685682e+02,-1.217066084561e+02,-3.050613626641e+02,-1.583257512600e+02,-2.675048469330e+02,1.000000000000e+00,-1.442186612411
2368,17524,6417480468.750000,-1.644656811409e+02,-5.482189371364e+01,-1.576025964310e+02,-8.263417100305e+01,-1.574395091086e+02,-4.691937036507e+01,1.000000000000e+00,-1.466759933028
2369,17525,6417846679.687500,-1.644656811409e+02,5.482189371364e+01,-1.755037226171e+02,2.836523561467e+01,-1.569341004651e+02,6.331254231147e+01,1.000000000000e+00,-1.491341802685
2370,17526,6418212890.625000,2.741094685682e+02,1.644656811409e+02,2.502436943107e+02,2.117248384036e+02,2.831890203100e+02,1.712405283455e+02,1.000000000000e+00,-1.515932172408
2371,17527,6418579101.562500,-1.644656811409e+02,3.837532559955e+02,-2.300549834181e+02,3.613735359900e+02,-1.554490291552e+02,3.938355980477e+02,1.000000000000e+00,-1.540530991943
2372,17528,6418945312.500000,-2.741094685682e+02,3.837532559955e+02,-3.413636066599e+02,3.433565320533e+02,-2.655823087723e+02,3.950026598899e+02,1.000000000000e+00,-1.565138209750
2373,17529,6419311523.437500,2.741094685682e+02,2.741094685682e+02,2.320533798802e+02,3.233465296174e+02,2.838555927918e+02,2.817772045826e+02,1.000000000000e+00,-1.589753773005
2374,17530,6419677734.375000,3.837532559955e+02,2.741094685682e+02,3.428482502871e+02,3.418396312191e+02,3.936923786193e+02,2.812722754656e+02,1.000000000000e+00,-1.614377627602
2375,17531,6420043945.312500,1.644656811409e+02,3.837532559955e+02,1.020709902770e+02,4.162621885063e+02,1.740629232574e+02,3.928108709863e+02,1.000000000000e+00,-1.639009718154
2376,17532,6420410156.250000,5.482189371364e+01,3.837532559955e+02,-9.245625682447e+00,3.978187015548e+02,6.384352568663e+01,3.936333872205e+02,1.000000000000e+00,-1.663649987990
2377,17533,6420776367.187500,-1.644656811409e+02,3.837532559955e+02,-2.315314789911e+02,3.606405554685e+02,-1.564031713047e+02,3.951379488305e+02,1.000000000000e+00,-1.688298379159
2378,17534,6421142578.125000,-3.837532559955e+02,5.482189371364e+01,-3.978626932167e+02,-9.835179267655e+00,-3.787737613949e+02,6.655995543403e+01,1.000000000000e+00,-1.712954832432
2379,17535,6421508789.062500,2.741094685682e+02,5.482189371364e+01,2.682330988168e+02,1.024624661515e+02,2.814677818572e+02,6.271204292375e+01,1.000000000000e+00,-1.737619287303
2380,17536,6421875000.000000,-5.482189371364e+01,1.644656811409e+02,-8.386781535690e+01,1.571914791867e+02,-4.844909946321e+01,1.750424709470e+02,1.000000000000e+00,-1.762291681990
2381,17537,6422241210.937500,1.644656811409e+02,2.741094685682e+02,1.192740096647e+02,3.060029725783e+02,1.723787691648e+02,2.838978522325e+02,1.000000000000e+00,-1.786971953436
2382,17538,6422607421.875000,5.482189371364e+01,2.741094685682e+02,8.180968620032e+00,2.868830461335e+02,6.216632355619e+01,2.845028454216e+02,1.000000000000e+00,-1.811660037316
2383,17539,6422973632.812500,1.644656811409e+02,-5.482189371364e+01,1.757945028360e+02,-2.706007197861e+01,1.695360274323e+02,-4.637029949814e+01,1.000000000000e+00,-1.836355868037
2384,17540,6423339843.750000,5.482189371364e+01,1.644656811409e+02,2.721682036486e+01,1.758357313121e+02,6.130386910978e+01,1.745202837731e+02,1.000000000000e+00,-1.861059378739
2385,17541,6423706054.687500,2.741094685682e+02,-5.482189371364e+01,2.869008828737e+02,-8.644753492639e+00,2.790800342093e+02,-4.793668642800e+01,1.000000000000e+00,-1.885770501302
2386,17542,6424072265.625000,3.837532559955e+02,-3.837532559955e+02,4.541734562457e+02,-3.230893622200e+02,3.849468310770e+02,-3.796919839177e+02,1.000000000000e+00,-1.910489166346
2387,17543,6424438476.562500,-3.837532559955e+02,-5.482189371364e+01,-3.786373525992e+02,-1.219891870926e+02,-3.815034707635e+02,-4.073637024191e+01,1.000000000000e+00,-1.935215303240
2388,17544,6424804687.500000,-1.644656811409e+02,-3.837532559955e+02,-9.860058352998e+01,-4.165965185282e+02,-1.642532663520e+02,-3.728764801590e+02,1.000000000000e+00,-1.959948840100
2389,17545,6425170898.437500,3.837532559955e+02,-1.644656811409e+02,4.166097600606e+02,-9.793395430560e+01,3.868763482991e+02,-1.571988543793e+02,1.000000000000e+00,-1.984689703797
2390,17546,6425537109.375000,2.741094685682e+02,5.482189371364e+01,2.670393054180e+02,1.040594952636e+02,2.785158283984e+02,6.330558737632e+01,1.000000000000e+00,-2.009437819961
2391,17547,6425903320.312500,-5.482189371364e+01,-3.837532559955e+02,1.289969961338e+01,-3.973142683772e+02,-5.536021251843e+01,-3.735190098797e+02,1.000000000000e+00,-2.034193112987
2392,17548,6426269531.250000,3.837532559955e+02,-1.644656811409e+02,4.168829184405e+02,-9.723319366413e+01,3.860721992827e+02,-1.573154457851e+02,1.000000000000e+00,-2.058955506038
2393,17549,6426635742.187500,-5.482189371364e+01,1.644656811409e+02,-8.508665781456e+01,1.559959757154e+02,-5.115891328323e+01,1.760768321681e+02,1.000000000000e+00,-2.083724921053
2394,17550,6427001953.125000,-2.741094685682e+02,-2.741094685682e+02,-2.262391655058e+02,-3.264825097922e+02,-2.741074184142e+02,-2.618784523451e+02,1.000000000000e+00,-2.108501278749
2395,17551,6427368164.062500,5.482189371364e+01,2.741094685682e+02,5.125412627392e+00,2.863503733869e+02,5.894640396020e+01,2.851301186378e+02,1.000000000000e+00,-2.133284498634
2396,17552,6427734375.000000,-5.482189371364e+01,3.837532559955e+02,-1.254760649550e+02,3.767669313157e+02,-5.001854676828e+01,3.958013297247e+02,1.000000000000e+00,-2.158074499006
2397,17553,6428100585.937500,-3.837532559955e+02,3.837532559955e+02,-4.570625223382e+02,3.164744883072e+02,-3.794267359847e+02,3.987752482490e+02,1.000000000000e+00,-2.182871196963
2398,17554,6428466796.875000,1.644656811409e+02,5.482189371364e+01,1.556999761494e+02,8.547235016224e+01,1.664638921946e+02,6.448143029542e+01,1.000000000000e+00,-2.207674508412
2399,17555,6428833007.812500,-5.482189371364e+01,-5.482189371364e+01,-4.516041000175e+01,-6.536326425154e+01,-5.449848753698e+01,-4.327292873815e+01,1.000000000000e+00,-2.232484348074
2400,17556,6429199218.750000,3.837532559955e+02,-5.482189371364e+01,3.970327749680e+02,1.557277347203e+01,3.846635169178e+02,-4.774799796817e+01,1.000000000000e+00,-2.257300629490
2401,17557,6429565429.687500,-5.482189371364e+01,1.644656811409e+02,-8.568492434331e+01,1.557385253934e+02,-5.271713925853e+01,1.766114555118e+02,1.000000000000e+00,-2.282123265032
2402,17558,6429931640.625000,3.837532559955e+02,3.837532559955e+02,3.161521260584e+02,4.581459818880e+02,3.894961247378e+02,3.913786666968e+02,1.000000000000e+00,-2.306952165912
2403,17559,6430297851.562500,-3.837532559955e+02,-2.741094685682e+02,-3.359787150588e+02,-3.478520906278e+02,-3.880558665089e+02,-2.591752696085e+02,1.000000000000e+00,-2.331787242186
2404,17560,6430664062.500000,1.644656811409e+02,-1.644656811409e+02,1.965932026320e+02,-1.349346106136e+02,1.625804712495e+02,-1.555515026870e+02,1.000000000000e+00,-2.356628402767
2405,17561,6431030273.437500,5.482189371364e+01,2.741094685682e+02,3.501198800067e+00,2.864740390907e+02,5.724448827988e+01,2.851589155945e+02,1.000000000000e+00,-2.381475555432
2406,17562,6431396484.375000,5.482189371364e+01,1.644656811409e+02,2.411834567988e+01,1.760209093084e+02,5.586469508732e+01,1.752317342228e+02,1.000000000000e+00,-2.406328606831
2407,17563,6431762695.312500,5.482189371364e+01,-2.741094685682e+02,1.071516817861e+02,-2.656638526139e+02,5.041307821956e+01,-2.642159275625e+02,1.000000000000e+00,-2.431187462499
2408,17564,6432128906.250000,-3.837532559955e+02,-2.741094685682e+02,-3.343343646767e+02,-3.487819949542e+02,-3.893017136062e+02,-2.586639459622e+02,1.000000000000e+00,-2.456052026866
2409,17565,6432495117.187500,1.644656811409e+02,1.644656811409e+02,1.342560773831e+02,1.966799360951e+02,1.650774029787e+02,1.733510388250e+02,1.000000000000e+00,-2.480922203263
2410,17566,6432861328.125000,5.482189371364e+01,-2.741094685682e+02,1.071455450219e+02,-2.651920882510e+02,4.888931677885e+01,-2.640620070706e+02,1.000000000000e+00,-2.505797893937
2411,17567,6433227539.062500,5.482189371364e+01,1.644656811409e+02,2.382818955237e+01,1.758151504967e+02,5.500131776066e+01,1.745637953622e+02,1.000000000000e+00,-2.530679000061
2412,17568,6433593750.000000,-1.644656811409e+02,3.837532559955e+02,-2.388271813477e+02,3.547049717025e+02,-1.613900764229e+02,3.974831229810e+02,1.000000000000e+00,-2.555565421744
2413,17569,6433959960.937500,2.741094685682e+02,-5.482189371364e+01,2.865080750388e+02,-2.590731728521e+00,2.709852948962e+02,-4.850702300393e+01,1.000000000000e+00,-2.580457058044
2414,17570,6434326171.875000,-5.482189371364e+01,-5.482189371364e+01,-4.457378046315e+01,-6.570222360463e+01,-5.880998874856e+01,-4.343142748251e+01,1.000000000000e+00,-2.605353806978
2415,17571,6434692382.812500,1.644656811409e+02,-2.741094685682e+02,2.182354062428e+02,-2.435147991669e+02,1.568593322933e+02,-2.661654355119e+02,1.000000000000e+00,-2.630255565535
2416,17572,6435058593.750000,1.644656811409e+02,3.837532559955e+02,9.041212137781e+01,4.170708654715e+02,1.666760960124e+02,3.913108795248e+02,1.000000000000e+00,-2.655162229689
2417,17573,6435424804.687500,-5.482189371364e+01,-2.741094685682e+02,-1.168999275516e+00,-2.859988385369e+02,-6.267037517757e+01,-2.630675704818e+02,1.000000000000e+00,-2.680073694410
2418,17574,6435791015.625000,1.644656811409e+02,-3.837532559955e+02,2.414574761877e+02,-3.528677055141e+02,1.552964761834e+02,-3.762737013456e+02,1.000000000000e+00,-2.704989853680
2419,17575,6436157226.562500,-5.482189371364e+01,-3.837532559955e+02,2.174145165664e+01,-3.964024199516e+02,-6.431111196793e+01,-3.734226534808e+02,1.000000000000e+00,-2.729910600500
2420,17576,6436523437.500000,2.741094685682e+02,2.741094685682e+02,2.198655073984e+02,3.299742880240e+02,2.731662891313e+02,2.803684130568e+02,1.000000000000e+00,-2.754835826912
2421,17577,6436889648.437500,2.741094685682e+02,3.837532559955e+02,1.971838344606e+02,4.395939794346e+02,2.740770655378e+02,3.893847007203e+02,1.000000000000e+00,-2.779765424006
2422,17578,6437255859.375000,1.644656811409e+02,3.837532559955e+02,8.730030380305e+01,4.175914723739e+02,1.646846071007e+02,3.906402611017e+02,1.000000000000e+00,-2.804699281937
2423,17579,6437622070.312500,-1.644656811409e+02,-2.741094685682e+02,-1.095487344007e+02,-3.079954811726e+02,-1.739145858065e+02,-2.620007789560e+02,1.000000000000e+00,-2.829637289937
2424,17580,6437988281.250000,5.482189371364e+01,-5.482189371364e+01,6.607319195225e+01,-4.393596829857e+01,4.842707592301e+01,-4.641656254582e+01,1.000000000000e+00,-2.854579336334
2425,17581,6438354492.187500,2.741094685682e+02,-1.644656811409e+02,3.084247565131e+02,-1.094096946653e+02,2.658442548817e+02,-1.599784309943e+02,1.000000000000e+00,-2.879525308562
2426,17582,6438720703.125000,-2.741094685682e+02,-3.837532559955e+02,-1.968020785676e+02,-4.410127327620e+02,-2.867639268618e+02,-3.705641543281e+02,1.000000000000e+00,-2.904475093178
2427,17583,6439086914.062500,3.837532559955e+02,1.644656811409e+02,3.514496123594e+02,2.436670540904e+02,3.808719318794e+02,1.670023994498e+02,1.000000000000e+00,-2.929428575878
2428,17584,6439453125.000000,-2.741094685682e+02,2.741094685682e+02,-3.313658629753e+02,2.188972003903e+02,-2.760195343185e+02,2.880238762242e+02,1.000000000000e+00,-2.954385641514
2429,17585,6439819335.937500,2.741094685682e+02,-5.482189371364e+01,2.864283043214e+02,1.287556730046e+00,2.669582903654e+02,-5.152704919454e+01,1.000000000000e+00,-2.979346174104
2430,17586,6440185546.875000,-5.482189371364e+01,5.482189371364e+01,-6.630318407888e+01,4.375986957451e+01,-6.061837205412e+01,6.424950511809e+01,1.000000000000e+00,-3.004310056855
2431,17587,6440551757.812500,-2.741094685682e+02,2.741094685682e+02,-3.314620370101e+02,2.187635678351e+02,-2.758372473229e+02,2.882023614085e+02,1.000000000000e+00,-3.029277172176
2432,17588,6440917968.750000,1.644656811409e+02,-2.741094685682e+02,2.213810996845e+02,-2.412640074443e+02,1.515919352750e+02,-2.701293871413e+02,1.000000000000e+00,-3.054247401694
2433,17589,6441284179.687500,2.741094685682e+02,3.837532559955e+02,1.955717901081e+02,4.416059171004e+02,2.752577670996e+02,3.859610231436e+02,1.000000000000e+00,-3.079220626273
2434,17590,6441650390.625000,1.644656811409e+02,-1.644656811409e+02,1.991584829339e+02,-1.305840169320e+02,1.536848089344e+02,-1.605648178488e+02,1.000000000000e+00,-3.104196726029
2435,17591,6442016601.562500,-3.837532559955e+02,-5.482189371364e+01,-3.729729573088e+02,-1.355567591067e+02,-3.927898882403e+02,-3.989304098725e+01,1.000000000000e+00,-3.129175580349
2436,17592,6442382812.500000,1.644656811409e+02,3.837532559955e+02,8.371611167593e+01,4.191864964340e+02,1.644959437561e+02,3.877471947870e+02,1.000000000000e+00,3.129028239274
2437,17593,6442749023.437500,2.741094685682e+02,3.837532559955e+02,1.931111528898e+02,4.426025206388e+02,2.741122630677e+02,3.853483699994e+02,1.000000000000e+00,3.104044240498
2438,17594,6443115234.375000,5.482189371364e+01,1.644656811409e+02,1.975085548212e+01,1.764204384090e+02,4.999716951312e+01,1.700851409763e+02,1.000000000000e+00,3.079057853203
2439,17595,6443481445.312500,-5.482189371364e+01,-2.741094685682e+02,4.311065495342e+00,-2.861713602514e+02,-6.829208159752e+01,-2.669879164223e+02,1.000000000000e+00,3.054069200741
2440,17596,6443847656.250000,-5.482189371364e+01,-3.837532559955e+02,2.884802711286e+01,-3.957843285573e+02,-7.005125241590e+01,-3.769715335330e+02,1.000000000000e+00,3.029078407109
2441,17597,6444213867.187500,-2.741094685682e+02,-2.741094685682e+02,-2.139018945732e+02,-3.340548283769e+02,-2.875390848554e+02,-2.635430448960e+02,1.000000000000e+00,3.004085596924
2442,17598,6444580078.125000,2.741094685682e+02,3.837532559955e+02,1.895381609927e+02,4.434708736742e+02,2.723020345540e+02,3.842444416597e+02,1.000000000000e+00,2.979090895405
2443,17599,6444946289.062500,1.644656811409e+02,3.837532559955e+02,7.977030639825e+01,4.191863554359e+02,1.627089150364e+02,3.856483042377e+02,1.000000000000e+00,2.954094428356
2444,17600,6445312500.000000,3.837532559955e+02,2.741094685682e+02,3.228524588795e+02,3.582216263166e+02,3.800760397744e+02,2.715399837205e+02,1.000000000000e+00,2.929096322144
2445,17601,6445678710.937500,5.482189371364e+01,-3.837532559955e+02,1.393976145249e+02,-3.713886667984e+02,3.793418030152e+01,-3.801496621407e+02,1.000000000000e+00,2.904096703683
2446,17602,6446044921.875000,3.837532559955e+02,5.482189371364e+01,3.716001219619e+02,1.395978058420e+02,3.762015376859e+02,5.121775590421e+01,1.000000000000e+00,2.879095700412
2447,17603,6446411132.812500,5.482189371364e+01,-1.644656811409e+02,9.138154433815e+01,-1.522631809455e+02,4.223096951752e+01,-1.615162529260e+02,1.000000000000e+00,2.854093440278
2448,17604,6446777343.750000,-2.741094685682e+02,3.837532559955e+02,-3.599433083909e+02,3.224040664693e+02,-2.757115666557e+02,3.941723149578e+02,1.000000000000e+00,2.829090051711
2449,17605,6447143554.687500,-2.741094685682e+02,5.482189371364e+01,-2.863107412638e+02,-6.709313348580e+00,-2.826348290572e+02,6.456200386686e+01,1.000000000000e+00,2.804085663610
2450,17606,6447509765.625000,1.644656811409e+02,3.837532559955e+02,7.831866216799e+01,4.201451283370e+02,1.639038743407e+02,3.837485870773e+02,1.000000000000e+00,2.779080405321
2451,17607,6447875976.562500,1.644656811409e+02,-5.482189371364e+01,1.764003371705e+02,-1.794476152934e+01,1.536643756340e+02,-5.549676005293e+01,1.000000000000e+00,2.754074406615
2452,17608,6448242187.500000,1.644656811409e+02,-2.741094685682e+02,2.254312013111e+02,-2.364258339331e+02,1.481307006172e+02,-2.747953775367e+02,1.000000000000e+00,2.729067797668
2453,17609,6448608398.437500,1.644656811409e+02,-3.837532559955e+02,2.502692579312e+02,-3.451289966143e+02,1.453856777628e+02,-3.842281436464e+02,1.000000000000e+00,2.704060709042
2454,17610,6448974609.375000,-5.482189371364e+01,-1.644656811409e+02,-1.728895724100e+01,-1.760282770431e+02,-6.813102496294e+01,-1.602432605200e+02,1.000000000000e+00,2.679053271665
2455,17611,6449340820.312500,2.741094685682e+02,3.837532559955e+02,1.856645524812e+02,4.441615782051e+02,2.733209306431e+02,3.783476547424e+02,1.000000000000e+00,2.654045616807
2456,17612,6449707031.250000,-1.644656811409e+02,5.482189371364e+01,-1.762455262421e+02,1.715613725794e+01,-1.723845236111e+02,6.079466308686e+01,1.000000000000e+00,2.629037876062
