{
  "combo": {
    "tap_num": 96,
    "regularization": 0.0003,
    "coeff_total_bits": 16,
    "coeff_frac_bits": 12,
    "format": "Q4.12"
  },
  "source_run_dir": "D:\\桌面\\Rigol\\L1-08_sim\\data\\h1_full_combined_random_20260528_023921",
  "source_graph_dir": "D:\\桌面\\Rigol\\L1-08_sim\\results\\h1_full_combined_random_20260528_023921",
  "copied_data_dir": "D:\\桌面\\Rigol\\sweep_result\\h1_533121161_behavior_1688039438_qam_254967343\\tap096_reg3em04_q4_12\\data",
  "copied_graph_dir": "D:\\桌面\\Rigol\\sweep_result\\h1_533121161_behavior_1688039438_qam_254967343\\tap096_reg3em04_q4_12\\graph",
  "metrics": {
    "run_name": "h1_full_combined_random_20260528_023921",
    "h1_ripple_db": 0.44592536838376234,
    "float_dense_ripple_db": 0.029598836853520903,
    "float_dense_pass_0p1db": true,
    "max_abs_coeff": 0.19952083748735316,
    "fixed_saturation_count": 0,
    "fixed_dense_ripple_db": 0.040559900353131235,
    "fixed_dense_pass_0p1db": true,
    "behavior_float_ripple_db": 0.020558653536870287,
    "behavior_fixed_ripple_db": 0.02800919622726366,
    "behavior_fixed_pass_0p1db": true,
    "qam_float_magnitude_only_evm_percent": 0.045874420281958046,
    "qam_fixed_magnitude_only_evm_percent": 0.06984384972559354
  }
}
