{
  "combo": {
    "tap_num": 80,
    "regularization": 0.0003,
    "coeff_total_bits": 16,
    "coeff_frac_bits": 14,
    "format": "Q2.14"
  },
  "source_run_dir": "D:\\桌面\\Rigol\\L1-08_sim\\data\\h1_full_combined_random_20260528_024302",
  "source_graph_dir": "D:\\桌面\\Rigol\\L1-08_sim\\results\\h1_full_combined_random_20260528_024302",
  "copied_data_dir": "D:\\桌面\\Rigol\\sweep_result\\h1_286476255_behavior_1813889189_qam_417471910\\tap080_reg3em04_q2_14\\data",
  "copied_graph_dir": "D:\\桌面\\Rigol\\sweep_result\\h1_286476255_behavior_1813889189_qam_417471910\\tap080_reg3em04_q2_14\\graph",
  "metrics": {
    "run_name": "h1_full_combined_random_20260528_024302",
    "h1_ripple_db": 0.7584381726751868,
    "float_dense_ripple_db": 0.15608595188536514,
    "float_dense_pass_0p1db": false,
    "max_abs_coeff": 0.3923314545877723,
    "fixed_saturation_count": 0,
    "fixed_dense_ripple_db": 0.1570465827088742,
    "fixed_dense_pass_0p1db": false,
    "behavior_float_ripple_db": 0.14895005641536518,
    "behavior_fixed_ripple_db": 0.15011457975438758,
    "behavior_fixed_pass_0p1db": false,
    "qam_float_magnitude_only_evm_percent": 0.30112943335918446,
    "qam_fixed_magnitude_only_evm_percent": 0.30133045269028164
  }
}
