{
  "combo": {
    "tap_num": 96,
    "regularization": 0.001,
    "coeff_total_bits": 16,
    "coeff_frac_bits": 13,
    "format": "Q3.13"
  },
  "source_run_dir": "D:\\桌面\\Rigol\\L1-08_sim\\data\\h1_full_combined_random_20260528_023948",
  "source_graph_dir": "D:\\桌面\\Rigol\\L1-08_sim\\results\\h1_full_combined_random_20260528_023948",
  "copied_data_dir": "D:\\桌面\\Rigol\\sweep_result\\h1_533121161_behavior_1688039438_qam_254967343\\tap096_reg1em03_q3_13\\data",
  "copied_graph_dir": "D:\\桌面\\Rigol\\sweep_result\\h1_533121161_behavior_1688039438_qam_254967343\\tap096_reg1em03_q3_13\\graph",
  "metrics": {
    "run_name": "h1_full_combined_random_20260528_023948",
    "h1_ripple_db": 0.44592536838376234,
    "float_dense_ripple_db": 0.030452721758805777,
    "float_dense_pass_0p1db": true,
    "max_abs_coeff": 0.20050227163583295,
    "fixed_saturation_count": 0,
    "fixed_dense_ripple_db": 0.03843044283440182,
    "fixed_dense_pass_0p1db": true,
    "behavior_float_ripple_db": 0.021433478330594818,
    "behavior_fixed_ripple_db": 0.028179497232597165,
    "behavior_fixed_pass_0p1db": true,
    "qam_float_magnitude_only_evm_percent": 0.04930237208965242,
    "qam_fixed_magnitude_only_evm_percent": 0.06295499847064905
  }
}
