subcarrier_index,fft_bin,freq_hz,reference_i,reference_q,after_l1_08_equalized_i,after_l1_08_equalized_q,after_l1_08_plus_l1_09_equalized_i,after_l1_08_plus_l1_09_equalized_q,allpass_abs,allpass_phase_rad
0,15156,5550292968.750000,1.344342184910e+02,-2.240570308183e+02,1.672043957705e+02,-2.081251220421e+02,1.262522646320e+02,-2.199512285337e+02,1.000000000000e+00,1.208399528303
1,15157,5550659179.687500,2.240570308183e+02,-2.240570308183e+02,2.587307891209e+02,-1.950296752236e+02,2.168677206474e+02,-2.228444186378e+02,1.000000000000e+00,1.184475009680
2,15158,5551025390.625000,3.136798431456e+02,4.481140616365e+01,3.112110199541e+02,9.093192466546e+01,3.162418679494e+02,4.511201646576e+01,1.000000000000e+00,1.160571055933
3,15159,5551391601.562500,2.240570308183e+02,2.240570308183e+02,1.941741481512e+02,2.593593557711e+02,2.315519874093e+02,2.281730498015e+02,1.000000000000e+00,1.136687759768
4,15160,5551757812.500000,1.344342184910e+02,2.240570308183e+02,1.033017657707e+02,2.461850111989e+02,1.412002116340e+02,2.309626380603e+02,1.000000000000e+00,1.112825209335
5,15161,5552124023.437500,4.481140616365e+01,-1.344342184910e+02,6.506032635371e+01,-1.292814542658e+02,3.961433453910e+01,-1.260185212668e+02,1.000000000000e+00,1.088983488262
6,15162,5552490234.375000,1.344342184910e+02,4.481140616365e+01,1.290847927361e+02,6.549759208494e+01,1.348754744688e+02,5.159664081336e+01,1.000000000000e+00,1.065162675683
7,15163,5552856445.312500,-2.240570308183e+02,-3.136798431456e+02,-1.780558509820e+02,-3.512741234543e+02,-2.344289326698e+02,-2.990095952669e+02,1.000000000000e+00,1.041362846279
8,15164,5553222656.250000,2.240570308183e+02,-4.481140616365e+01,2.332310634241e+02,-1.020269884293e+01,2.223048731315e+02,-3.963689087776e+01,1.000000000000e+00,1.017584070305
9,15165,5553588867.187500,-2.240570308183e+02,2.240570308183e+02,-2.616671061282e+02,1.906356481684e+02,-2.223154925040e+02,2.402344984135e+02,1.000000000000e+00,0.993826413628
10,15166,5553955078.125000,-4.481140616365e+01,2.240570308183e+02,-8.120531085539e+01,2.188812388372e+02,-4.287577944512e+01,2.364604085393e+02,1.000000000000e+00,0.970089937765
11,15167,5554321289.062500,2.240570308183e+02,1.344342184910e+02,2.045243162350e+02,1.717247842547e+02,2.254072070755e+02,1.414019947888e+02,1.000000000000e+00,0.946374699918
12,15168,5554687500.000000,-2.240570308183e+02,-4.481140616365e+01,-2.190284715660e+02,-8.127140603482e+01,-2.285808555065e+02,-3.013559618310e+01,1.000000000000e+00,0.922680753013
13,15169,5555053710.937500,3.136798431456e+02,1.344342184910e+02,2.951779704479e+02,1.862491668565e+02,3.153308482375e+02,1.397247639354e+02,1.000000000000e+00,0.899008145738
14,15170,5555419921.875000,1.344342184910e+02,2.240570308183e+02,9.939995797435e+01,2.479774000839e+02,1.363597107565e+02,2.334196885499e+02,1.000000000000e+00,0.875356922585
15,15171,5555786132.812500,3.136798431456e+02,-1.344342184910e+02,3.384646981908e+02,-8.444730874989e+01,3.098767027281e+02,-1.298378528453e+02,1.000000000000e+00,0.851727123886
16,15172,5556152343.750000,-2.240570308183e+02,1.344342184910e+02,-2.482050395776e+02,9.857237653122e+01,-2.263906095890e+02,1.491811609947e+02,1.000000000000e+00,0.828118785856
17,15173,5556518554.687500,3.136798431456e+02,4.481140616365e+01,3.087257710199e+02,9.800908405687e+01,3.123710675191e+02,5.190485599958e+01,1.000000000000e+00,0.804531940639
18,15174,5556884765.625000,-2.240570308183e+02,3.136798431456e+02,-2.796470451925e+02,2.777090024618e+02,-2.260835964051e+02,3.280659190706e+02,1.000000000000e+00,0.780966616340
19,15175,5557250976.562500,-2.240570308183e+02,-4.481140616365e+01,-2.179559472505e+02,-8.405156810770e+01,-2.294387635133e+02,-3.279280423245e+01,1.000000000000e+00,0.757422837079
20,15176,5557617187.500000,2.240570308183e+02,-4.481140616365e+01,2.334980011611e+02,-5.881848130710e+00,2.208973949288e+02,-3.558970858938e+01,1.000000000000e+00,0.733900623028
21,15177,5557983398.437500,3.136798431456e+02,-1.344342184910e+02,3.395382813635e+02,-7.990796255417e+01,3.104657003117e+02,-1.256648215250e+02,1.000000000000e+00,0.710399990453
22,15178,5558349609.375000,-3.136798431456e+02,-3.136798431456e+02,-2.602510034461e+02,-3.715125860151e+02,-3.209252693130e+02,-3.037166297084e+02,1.000000000000e+00,0.686920951765
23,15179,5558715820.312500,3.136798431456e+02,3.136798431456e+02,2.601699274361e+02,3.718113445452e+02,3.116813507532e+02,3.253519356821e+02,1.000000000000e+00,0.663463515558
24,15180,5559082031.250000,4.481140616365e+01,1.344342184910e+02,2.108052040745e+01,1.434483594101e+02,4.038875503303e+01,1.458175376836e+02,1.000000000000e+00,0.640027686659
25,15181,5559448242.187500,-3.136798431456e+02,-4.481140616365e+01,-3.075192316816e+02,-1.020253988453e+02,-3.204805493576e+02,-3.481201084842e+01,1.000000000000e+00,0.616613466170
26,15182,5559814453.125000,4.481140616365e+01,-2.240570308183e+02,8.627090898873e+01,-2.169724686858e+02,4.056871716536e+01,-2.143975984737e+02,1.000000000000e+00,0.593220851516
27,15183,5560180664.062500,3.136798431456e+02,4.481140616365e+01,3.069105867338e+02,1.029440755901e+02,3.093686311771e+02,5.704820468090e+01,1.000000000000e+00,0.569849836488
28,15184,5560546875.000000,1.344342184910e+02,-4.481140616365e+01,1.433442042484e+02,-2.039298750680e+01,1.294737038488e+02,-3.402997025313e+01,1.000000000000e+00,0.546500411294
29,15185,5560913085.937500,-3.136798431456e+02,1.344342184910e+02,-3.398880837385e+02,7.806264667835e+01,-3.215164503269e+02,1.447715313155e+02,1.000000000000e+00,0.523172562602
30,15186,5561279296.875000,-1.344342184910e+02,-3.136798431456e+02,-7.755626206677e+01,-3.400318576389e+02,-1.399564607134e+02,-3.053764782499e+02,1.000000000000e+00,0.499866273586
31,15187,5561645507.812500,-1.344342184910e+02,-3.136798431456e+02,-7.675160943619e+01,-3.402373858067e+02,-1.393515609172e+02,-3.057962907990e+02,1.000000000000e+00,0.476581523975
32,15188,5562011718.750000,-1.344342184910e+02,-2.240570308183e+02,-9.283505977199e+01,-2.504093655119e+02,-1.395958542433e+02,-2.161473592634e+02,1.000000000000e+00,0.453318290102
33,15189,5562377929.687500,-2.240570308183e+02,1.344342184910e+02,-2.506524892283e+02,9.232180339883e+01,-2.336607318173e+02,1.427177083335e+02,1.000000000000e+00,0.430076544946
34,15190,5562744140.625000,-4.481140616365e+01,1.344342184910e+02,-7.090674981903e+01,1.263543320676e+02,-5.403373692452e+01,1.447058864116e+02,1.000000000000e+00,0.406856258182
35,15191,5563110351.562500,4.481140616365e+01,2.240570308183e+02,1.646076838608e+00,2.336344643619e+02,3.433040030729e+01,2.360841533609e+02,1.000000000000e+00,0.383657396228
36,15192,5563476562.500000,2.240570308183e+02,1.344342184910e+02,1.993526875908e+02,1.777753214309e+02,2.159504524694e+02,1.481478770524e+02,1.000000000000e+00,0.360479922293
37,15193,5563842773.437500,1.344342184910e+02,2.240570308183e+02,9.284791995698e+01,2.503726249662e+02,1.249164282014e+02,2.366219975395e+02,1.000000000000e+00,0.337323796424
38,15194,5564208984.375000,-4.481140616365e+01,-1.344342184910e+02,-1.952885305782e+01,-1.434644706589e+02,-5.123605419187e+01,-1.257331535497e+02,1.000000000000e+00,0.314188975551
39,15195,5564575195.312500,-2.240570308183e+02,-3.136798431456e+02,-1.641117328337e+02,-3.579655768496e+02,-2.278484759813e+02,-3.090631480447e+02,1.000000000000e+00,0.291075413538
40,15196,5564941406.250000,4.481140616365e+01,-4.481140616365e+01,5.374516783583e+01,-3.607001761172e+01,3.761140966980e+01,-3.432521011946e+01,1.000000000000e+00,0.267983061228
41,15197,5565307617.187500,-2.240570308183e+02,-4.481140616365e+01,-2.155812538266e+02,-8.973066708323e+01,-2.325562349682e+02,-4.090124447441e+01,1.000000000000e+00,0.244911866490
42,15198,5565673828.125000,1.344342184910e+02,4.481140616365e+01,1.256745233746e+02,7.216487974403e+01,1.251405365588e+02,5.826659821048e+01,1.000000000000e+00,0.221861774265
43,15199,5566040039.062500,3.136798431456e+02,-3.136798431456e+02,3.787234279838e+02,-2.503080871315e+02,3.159315554292e+02,-2.967194348567e+02,1.000000000000e+00,0.198832726617
44,15200,5566406250.000000,2.240570308183e+02,4.481140616365e+01,2.157752169525e+02,9.016659854439e+01,2.149876998674e+02,6.054245548697e+01,1.000000000000e+00,0.175824662774
45,15201,5566772460.937500,-4.481140616365e+01,4.481140616365e+01,-5.390390425306e+01,3.608643344348e+01,-5.562262222757e+01,5.315126609370e+01,1.000000000000e+00,0.152837519180
46,15202,5567138671.875000,3.136798431456e+02,-4.481140616365e+01,3.238688950862e+02,1.707981644462e+01,3.071131879152e+02,-2.826689991915e+01,1.000000000000e+00,0.129871229537
47,15203,5567504882.812500,3.136798431456e+02,-2.240570308183e+02,3.596203294966e+02,-1.619509219966e+02,3.118942333799e+02,-2.076685014770e+02,1.000000000000e+00,0.106925724852
48,15204,5567871093.750000,3.136798431456e+02,2.240570308183e+02,2.690022572683e+02,2.882312393364e+02,2.983541426409e+02,2.437659518415e+02,1.000000000000e+00,0.084000933487
49,15205,5568237304.687500,2.240570308183e+02,4.481140616365e+01,2.154638334193e+02,9.058659515213e+01,2.135599392654e+02,6.102181796922e+01,1.000000000000e+00,0.061096781196
50,15206,5568603515.625000,-2.240570308183e+02,3.136798431456e+02,-2.886830997964e+02,2.688594024325e+02,-2.462591138398e+02,3.165566696432e+02,1.000000000000e+00,0.038213191182
51,15207,5568969726.562500,-2.240570308183e+02,2.240570308183e+02,-2.705351566671e+02,1.790356765409e+02,-2.437419642360e+02,2.261881490801e+02,1.000000000000e+00,0.015350084129
52,15208,5569335937.500000,4.481140616365e+01,-2.240570308183e+02,9.091802563324e+01,-2.154936136847e+02,4.226168888529e+01,-2.155468781982e+02,1.000000000000e+00,-0.007492621741
53,15209,5569702148.437500,-2.240570308183e+02,-2.240570308183e+02,-1.783492642695e+02,-2.708039124392e+02,-2.279111343187e+02,-2.256871750408e+02,1.000000000000e+00,-0.030315010631
54,15210,5570068359.375000,3.136798431456e+02,-2.240570308183e+02,3.607391964871e+02,-1.594593932018e+02,3.129601433840e+02,-2.049549239808e+02,1.000000000000e+00,-0.053117169124
55,15211,5570434570.312500,-1.344342184910e+02,4.481140616365e+01,-1.440315902178e+02,1.696044245829e+01,-1.484567519073e+02,4.733730436817e+01,1.000000000000e+00,-0.075899186136
56,15212,5570800781.250000,-4.481140616365e+01,-1.344342184910e+02,-1.689340831106e+01,-1.440781485005e+02,-5.106182195770e+01,-1.295129544864e+02,1.000000000000e+00,-0.098661152877
57,15213,5571166992.187500,-2.240570308183e+02,-3.136798431456e+02,-1.592565640016e+02,-3.610745847754e+02,-2.238174881888e+02,-3.176460185486e+02,1.000000000000e+00,-0.121403162802
58,15214,5571533203.125000,2.240570308183e+02,-1.344342184910e+02,2.524335824144e+02,-8.831703045445e+01,2.189945464695e+02,-1.184465145726e+02,1.000000000000e+00,-0.144125311574
59,15215,5571899414.062500,2.240570308183e+02,-3.136798431456e+02,2.892469182898e+02,-2.682025612184e+02,2.263118834268e+02,-2.988476024686e+02,1.000000000000e+00,-0.166827697019
60,15216,5572265625.000000,-1.344342184910e+02,-3.136798431456e+02,-7.036048053427e+01,-3.420993162009e+02,-1.343000364523e+02,-3.142283066559e+02,1.000000000000e+00,-0.189510419083
61,15217,5572631835.937500,-3.136798431456e+02,-2.240570308183e+02,-2.687662739061e+02,-2.889198432226e+02,-3.185555221314e+02,-2.319715671154e+02,1.000000000000e+00,-0.212173579793
62,15218,5572998046.875000,4.481140616365e+01,-1.344342184910e+02,7.237685186415e+01,-1.257534054614e+02,3.804094514100e+01,-1.268675742114e+02,1.000000000000e+00,-0.234817283215
63,15219,5573364257.812500,-2.240570308183e+02,-2.240570308183e+02,-1.789844948672e+02,-2.705040898272e+02,-2.284480185119e+02,-2.288690322825e+02,1.000000000000e+00,-0.257441635410
64,15220,5573730468.750000,1.344342184910e+02,2.240570308183e+02,8.896930559662e+01,2.521686163890e+02,1.119589986108e+02,2.373688714047e+02,1.000000000000e+00,-0.280046744399
65,15221,5574096679.687500,1.344342184910e+02,3.136798431456e+02,7.057590045752e+01,3.419974659824e+02,1.073847904065e+02,3.273444877310e+02,1.000000000000e+00,-0.302632720119
66,15222,5574462890.625000,1.344342184910e+02,-2.240570308183e+02,1.805716154060e+02,-1.972368408090e+02,1.321592697153e+02,-2.133501663332e+02,1.000000000000e+00,-0.325199674387
67,15223,5574829101.562500,-4.481140616365e+01,2.240570308183e+02,-9.060563540395e+01,2.156209104999e+02,-6.921184400186e+01,2.285750300592e+02,1.000000000000e+00,-0.347747720855
68,15224,5575195312.500000,2.240570308183e+02,-1.344342184910e+02,2.521480640214e+02,-8.918944778534e+01,2.179863340136e+02,-1.191902402287e+02,1.000000000000e+00,-0.370276974980
69,15225,5575561523.437500,4.481140616365e+01,4.481140616365e+01,3.578699306069e+01,5.409168886479e+01,2.890749545967e+01,5.222124632860e+01,1.000000000000e+00,-0.392787553979
70,15226,5575927734.375000,2.240570308183e+02,-1.344342184910e+02,2.521594989354e+02,-8.892318161689e+01,2.179840498150e+02,-1.189211789911e+02,1.000000000000e+00,-0.415279576793
71,15227,5576293945.312500,-3.136798431456e+02,3.136798431456e+02,-3.791361968688e+02,2.499621619586e+02,-3.462777908450e+02,3.030650480549e+02,1.000000000000e+00,-0.437753164053
72,15228,5576660156.250000,-3.136798431456e+02,3.136798431456e+02,-3.796560792741e+02,2.496036631584e+02,-3.472989028141e+02,3.021939731126e+02,1.000000000000e+00,-0.460208438038
73,15229,5577026367.187500,-1.344342184910e+02,-4.481140616365e+01,-1.255256618784e+02,-7.298695049032e+01,-1.471303122654e+02,-4.888478052727e+01,1.000000000000e+00,-0.482645522645
74,15230,5577392578.125000,-4.481140616365e+01,3.136798431456e+02,-1.099332762141e+02,3.052767232933e+02,-7.784601614705e+01,3.164862524302e+02,1.000000000000e+00,-0.505064543346
75,15231,5577758789.062500,-1.344342184910e+02,-1.344342184910e+02,-1.070747491863e+02,-1.624355039119e+02,-1.420423998907e+02,-1.393451003814e+02,1.000000000000e+00,-0.527465627159
76,15232,5578125000.000000,3.136798431456e+02,-3.136798431456e+02,3.785890591011e+02,-2.502079391729e+02,3.182582838535e+02,-2.936753023769e+02,1.000000000000e+00,-0.549848902610
77,15233,5578491210.937500,2.240570308183e+02,-2.240570308183e+02,2.702729510514e+02,-1.791093192072e+02,2.229986880581e+02,-2.091898063735e+02,1.000000000000e+00,-0.572214499702
78,15234,5578857421.875000,3.136798431456e+02,2.240570308183e+02,2.694233494736e+02,2.882499233525e+02,2.871646198851e+02,2.459269393507e+02,1.000000000000e+00,-0.594562549875
79,15235,5579223632.812500,-1.344342184910e+02,-4.481140616365e+01,-1.259123667175e+02,-7.212340619604e+01,-1.477664463554e+02,-5.046692524933e+01,1.000000000000e+00,-0.616893185979
80,15236,5579589843.750000,3.136798431456e+02,-1.344342184910e+02,3.422244078244e+02,-7.166084010239e+01,3.081490522742e+02,-1.143216911600e+02,1.000000000000e+00,-0.639206542237
81,15237,5579956054.687500,1.344342184910e+02,-4.481140616365e+01,1.441584464127e+02,-1.785514479827e+01,1.225451951228e+02,-3.500641809691e+01,1.000000000000e+00,-0.661502754217
82,15238,5580322265.625000,-2.240570308183e+02,-2.240570308183e+02,-1.796526549142e+02,-2.706533639998e+02,-2.268412937860e+02,-2.379888089636e+02,1.000000000000e+00,-0.683781958795
83,15239,5580688476.562500,4.481140616365e+01,-3.136798431456e+02,1.090429491202e+02,-3.060266748651e+02,4.996354937103e+01,-3.113423925317e+02,1.000000000000e+00,-0.706044294128
84,15240,5581054687.500000,1.344342184910e+02,3.136798431456e+02,7.081077942096e+01,3.426536800331e+02,9.834888583085e+01,3.256399512101e+02,1.000000000000e+00,-0.728289899621
85,15241,5581420898.437500,-1.344342184910e+02,3.136798431456e+02,-1.989344105948e+02,2.876278802207e+02,-1.722431764563e+02,3.070070887263e+02,1.000000000000e+00,-0.750518915895
86,15242,5581787109.375000,-3.136798431456e+02,-4.481140616365e+01,-3.058393668279e+02,-1.085966499008e+02,-3.280540773475e+02,-6.596659832009e+01,1.000000000000e+00,-0.772731484763
87,15243,5582153320.312500,-1.344342184910e+02,3.136798431456e+02,-1.981575501787e+02,2.878162112274e+02,-1.724196734613e+02,3.060877580384e+02,1.000000000000e+00,-0.794927749194
88,15244,5582519531.250000,-4.481140616365e+01,-1.344342184910e+02,-1.814018457238e+01,-1.439433171865e+02,-5.191434721618e+01,-1.382300023239e+02,1.000000000000e+00,-0.817107853289
89,15245,5582885742.187500,-1.344342184910e+02,-3.136798431456e+02,-7.289169132042e+01,-3.416837632830e+02,-1.299204384414e+02,-3.246048359755e+02,1.000000000000e+00,-0.839271942249
90,15246,5583251953.125000,3.136798431456e+02,4.481140616365e+01,3.064197460985e+02,1.069039497065e+02,2.960081773767e+02,6.562559771926e+01,1.000000000000e+00,-0.861420162351
91,15247,5583618164.062500,3.136798431456e+02,2.240570308183e+02,2.714290138889e+02,2.870932166356e+02,2.837733027583e+02,2.458496472041e+02,1.000000000000e+00,-0.883552660915
92,15248,5583984375.000000,2.240570308183e+02,1.344342184910e+02,1.991634813673e+02,1.793186463928e+02,1.998195217297e+02,1.495293597064e+02,1.000000000000e+00,-0.905669586285
93,15249,5584350585.937500,2.240570308183e+02,3.136798431456e+02,1.638969888768e+02,3.595591854325e+02,1.867008851112e+02,3.296693717154e+02,1.000000000000e+00,-0.927771087795
94,15250,5584716796.875000,2.240570308183e+02,-3.136798431456e+02,2.867915534544e+02,-2.714896112625e+02,2.315833525495e+02,-3.009297468533e+02,1.000000000000e+00,-0.949857315748
95,15251,5585083007.812500,1.344342184910e+02,-3.136798431456e+02,1.964955281535e+02,-2.890223307139e+02,1.417804023842e+02,-3.074600262803e+02,1.000000000000e+00,-0.971928421386
96,15252,5585449218.750000,1.344342184910e+02,-2.240570308183e+02,1.787289086869e+02,-1.992923266311e+02,1.352087127987e+02,-2.178678857218e+02,1.000000000000e+00,-0.993984556872
97,15253,5585815429.687500,-4.481140616365e+01,3.136798431456e+02,-1.055374303359e+02,3.071385187033e+02,-8.446624794091e+01,3.090657789319e+02,1.000000000000e+00,-1.016025875258
98,15254,5586181640.625000,-4.481140616365e+01,1.344342184910e+02,-7.080311104672e+01,1.268239650405e+02,-7.127803902826e+01,1.285846597028e+02,1.000000000000e+00,-1.038052530465
99,15255,5586547851.562500,-4.481140616365e+01,-3.136798431456e+02,1.421072241744e+01,-3.243851133368e+02,-3.846819221371e+01,-3.221232181968e+02,1.000000000000e+00,-1.060064677260
100,15256,5586914062.500000,-3.136798431456e+02,2.240570308183e+02,-3.579019548107e+02,1.668876629414e+02,-3.478548966966e+02,1.983436790714e+02,1.000000000000e+00,-1.082062471229
101,15257,5587280273.437500,3.136798431456e+02,-3.136798431456e+02,3.743393463471e+02,-2.576240837759e+02,3.217346584790e+02,-2.964582831853e+02,1.000000000000e+00,-1.104046068760
102,15258,5587646484.375000,1.344342184910e+02,-4.481140616365e+01,1.437364762994e+02,-2.029710335487e+01,1.220303637130e+02,-3.971043987527e+01,1.000000000000e+00,-1.126015627016
103,15259,5588012695.312500,-4.481140616365e+01,4.481140616365e+01,-5.339460676430e+01,3.692704158198e+01,-6.463166104155e+01,3.680540342690e+01,1.000000000000e+00,-1.147971303914
104,15260,5588378906.250000,-4.481140616365e+01,-4.481140616365e+01,-3.693882374699e+01,-5.339191667401e+01,-5.790440432628e+01,-5.362543701559e+01,1.000000000000e+00,-1.169913258107
105,15261,5588745117.187500,-2.240570308183e+02,-2.240570308183e+02,-1.847531315718e+02,-2.669462666743e+02,-2.240947654313e+02,-2.478526406146e+02,1.000000000000e+00,-1.191841648959
106,15262,5589111328.125000,4.481140616365e+01,-4.481140616365e+01,5.334575398271e+01,-3.702245640176e+01,3.229973564389e+01,-4.745191891747e+01,1.000000000000e+00,-1.213756636528
107,15263,5589477539.062500,-4.481140616365e+01,3.136798431456e+02,-1.011386970606e+02,3.085500231807e+02,-8.465193272272e+01,3.056396183696e+02,1.000000000000e+00,-1.235658381542
108,15264,5589843750.000000,-3.136798431456e+02,-1.344342184910e+02,-2.933385593373e+02,-1.904696808717e+02,-3.215884886920e+02,-1.644850082300e+02,1.000000000000e+00,-1.257547045384
109,15265,5590209960.937500,-3.136798431456e+02,4.481140616365e+01,-3.247206909427e+02,-9.031075311108e+00,-3.346666618565e+02,1.525162779251e+01,1.000000000000e+00,-1.279422790071
110,15266,5590576171.875000,3.136798431456e+02,-4.481140616365e+01,3.248824721068e+02,9.229252654452e+00,3.029702866762e+02,-2.864246709939e+01,1.000000000000e+00,-1.301285778233
111,15267,5590942382.812500,1.344342184910e+02,-2.240570308183e+02,1.750567099749e+02,-2.031259726828e+02,1.368404171046e+02,-2.225419261876e+02,1.000000000000e+00,-1.323136173097
112,15268,5591308593.750000,3.136798431456e+02,2.240570308183e+02,2.785490371315e+02,2.808375226722e+02,2.824142850958e+02,2.419160543280e+02,1.000000000000e+00,-1.344974138472
113,15269,5591674804.687500,3.136798431456e+02,1.344342184910e+02,2.943597116352e+02,1.895312249387e+02,2.894614098254e+02,1.512671619070e+02,1.000000000000e+00,-1.366799838724
114,15270,5592041015.625000,-1.344342184910e+02,-3.136798431456e+02,-8.308911836645e+01,-3.400227808390e+02,-1.265558954767e+02,-3.343523078345e+02,1.000000000000e+00,-1.388613438766
115,15271,5592407226.562500,2.240570308183e+02,3.136798431456e+02,1.740969255205e+02,3.550270279808e+02,1.854499708102e+02,3.240565083898e+02,1.000000000000e+00,-1.410415104038
116,15272,5592773437.500000,2.240570308183e+02,-1.344342184910e+02,2.492345702911e+02,-9.867694782202e+01,2.206179221145e+02,-1.267515258574e+02,1.000000000000e+00,-1.432205000491
117,15273,5593139648.437500,-4.481140616365e+01,-4.481140616365e+01,-3.796568560443e+01,-5.276953030907e+01,-5.672483520229e+01,-5.812377317530e+01,1.000000000000e+00,-1.453983294572
118,15274,5593505859.375000,-4.481140616365e+01,3.136798431456e+02,-9.620279999153e+01,3.103327672129e+02,-8.442773709719e+01,3.020220583684e+02,1.000000000000e+00,-1.475750153207
119,15275,5593872070.312500,-2.240570308183e+02,-3.136798431456e+02,-1.770151465656e+02,-3.532209586982e+02,-2.161850704985e+02,-3.425069695106e+02,1.000000000000e+00,-1.497505743789
120,15276,5594238281.250000,3.136798431456e+02,2.240570308183e+02,2.822942313941e+02,2.763597069544e+02,2.832040326360e+02,2.387435785351e+02,1.000000000000e+00,-1.519250234158
121,15277,5594604492.187500,-2.240570308183e+02,-1.344342184910e+02,-2.057165290800e+02,-1.714470273770e+02,-2.291936242458e+02,-1.634878747186e+02,1.000000000000e+00,-1.540983792591
122,15278,5594970703.125000,4.481140616365e+01,-3.136798431456e+02,9.476516039325e+01,-3.106319955698e+02,5.570297262190e+01,-3.227065142866e+02,1.000000000000e+00,-1.562706587788
123,15279,5595336914.062500,4.481140616365e+01,2.240570308183e+02,1.072357337405e+01,2.339653110322e+02,1.295658610767e+01,2.172319558874e+02,1.000000000000e+00,-1.584418788854
124,15280,5595703125.000000,-1.344342184910e+02,-2.240570308183e+02,-1.022438156551e+02,-2.475711636822e+02,-1.316678717121e+02,-2.474927767603e+02,1.000000000000e+00,-1.606120565290
125,15281,5596069335.937500,-2.240570308183e+02,-2.240570308183e+02,-1.938166479748e+02,-2.607253624455e+02,-2.217806785949e+02,-2.547068983560e+02,1.000000000000e+00,-1.627812086979
126,15282,5596435546.875000,-2.240570308183e+02,-2.240570308183e+02,-1.943632130133e+02,-2.605241627297e+02,-2.216662123741e+02,-2.551682051448e+02,1.000000000000e+00,-1.649493524172
127,15283,5596801757.812500,4.481140616365e+01,-4.481140616365e+01,5.206439616147e+01,-3.898195072903e+01,3.503428648343e+01,-5.431587891062e+01,1.000000000000e+00,-1.671165047478
128,15284,5597167968.750000,3.136798431456e+02,3.136798431456e+02,2.733967156369e+02,3.641653572467e+02,2.777084346888e+02,3.272828461634e+02,1.000000000000e+00,-1.692826827848
129,15285,5597534179.687500,-4.481140616365e+01,-4.481140616365e+01,-3.909057092317e+01,-5.198263773472e+01,-5.465213624680e+01,-6.197788210575e+01,1.000000000000e+00,-1.714479036569
130,15286,5597900390.625000,-1.344342184910e+02,3.136798431456e+02,-1.814594180006e+02,2.995055897349e+02,-1.734334038772e+02,2.910343499748e+02,1.000000000000e+00,-1.736121845246
131,15287,5598266601.562500,2.240570308183e+02,4.481140616365e+01,2.215424879097e+02,7.684444956571e+01,2.091747020202e+02,4.890455885124e+01,1.000000000000e+00,-1.757755425797
132,15288,5598632812.500000,2.240570308183e+02,-1.344342184910e+02,2.461738100252e+02,-1.064803227873e+02,2.233778341438e+02,-1.323157560850e+02,1.000000000000e+00,-1.779379950440
133,15289,5598999023.437500,-1.344342184910e+02,3.136798431456e+02,-1.779751058538e+02,3.018354097134e+02,-1.709280809131e+02,2.913348049341e+02,1.000000000000e+00,-1.800995591681
134,15290,5599365234.375000,-3.136798431456e+02,-3.136798431456e+02,-2.780273601641e+02,-3.605473314081e+02,-3.034976427120e+02,-3.546016835487e+02,1.000000000000e+00,-1.822602522305
135,15291,5599731445.312500,-1.344342184910e+02,4.481140616365e+01,-1.426939453200e+02,2.782611423879e+01,-1.504906201538e+02,1.929935951688e+01,1.000000000000e+00,-1.844200915367
136,15292,5600097656.250000,-2.240570308183e+02,-3.136798431456e+02,-1.866163409524e+02,-3.485811363465e+02,-2.113172131759e+02,-3.488750600695e+02,1.000000000000e+00,-1.865790944183
137,15293,5600463867.187500,2.240570308183e+02,4.481140616365e+01,2.223241129923e+02,7.433125109488e+01,2.105818257197e+02,4.724987722178e+01,1.000000000000e+00,-1.887372782317
138,15294,5600830078.125000,-1.344342184910e+02,1.344342184910e+02,-1.536915507388e+02,1.201691384744e+02,-1.566625742909e+02,1.088639941025e+02,1.000000000000e+00,-1.908946603575
139,15295,5601196289.062500,1.344342184910e+02,-4.481140616365e+01,1.424552608140e+02,-2.936470137182e+01,1.280877491462e+02,-5.096325083229e+01,1.000000000000e+00,-1.930512581998
140,15296,5601562500.000000,3.136798431456e+02,4.481140616365e+01,3.146265828490e+02,8.273185732366e+01,3.020724481701e+02,5.233621530929e+01,1.000000000000e+00,-1.952070891849
141,15297,5601928710.937500,-2.240570308183e+02,4.481140616365e+01,-2.337997422163e+02,2.001317004187e+01,-2.390496829893e+02,1.183644318073e+01,1.000000000000e+00,-1.973621707608
142,15298,5602294921.875000,2.240570308183e+02,4.481140616365e+01,2.235435278343e+02,7.124507294561e+01,2.124676736193e+02,4.504916909121e+01,1.000000000000e+00,-1.995165203962
143,15299,5602661132.812500,1.344342184910e+02,4.481140616365e+01,1.320719868559e+02,6.098498881820e+01,1.224039534026e+02,3.826909046237e+01,1.000000000000e+00,-2.016701555799
144,15300,5603027343.750000,-2.240570308183e+02,-1.344342184910e+02,-2.133706246302e+02,-1.624712515339e+02,-2.240634101770e+02,-1.702750835427e+02,1.000000000000e+00,-2.038230938201
145,15301,5603393554.687500,3.136798431456e+02,1.344342184910e+02,3.053439635865e+02,1.718874869601e+02,2.964497581874e+02,1.421234208093e+02,1.000000000000e+00,-2.059753526435
146,15302,5603759765.625000,-1.344342184910e+02,-3.136798431456e+02,-1.034569789236e+02,-3.349082556222e+02,-1.196054635410e+02,-3.441838441270e+02,1.000000000000e+00,-2.081269495945
147,15303,5604125976.562500,-1.344342184910e+02,2.240570308183e+02,-1.609374090105e+02,2.148100670601e+02,-1.607879806310e+02,1.972513012657e+02,1.000000000000e+00,-2.102779022348
148,15304,5604492187.500000,-3.136798431456e+02,2.240570308183e+02,-3.434055047498e+02,1.969333245135e+02,-3.406979036555e+02,1.835458470913e+02,1.000000000000e+00,-2.124282281428
149,15305,5604858398.437500,3.136798431456e+02,4.481140616365e+01,3.161001634801e+02,7.683644539444e+01,3.049506842353e+02,5.001889014706e+01,1.000000000000e+00,-2.145779449125
150,15306,5605224609.375000,4.481140616365e+01,2.240570308183e+02,2.420870923577e+01,2.332540413340e+02,2.132382439895e+01,2.100975504505e+02,1.000000000000e+00,-2.167270701535
151,15307,5605590820.312500,2.240570308183e+02,3.136798431456e+02,1.994494734528e+02,3.415225198478e+02,1.954628262552e+02,3.132361589284e+02,1.000000000000e+00,-2.188756214897
152,15308,5605957031.250000,2.240570308183e+02,-2.240570308183e+02,2.493969961684e+02,-2.083743092129e+02,2.354101752522e+02,-2.280223497273e+02,1.000000000000e+00,-2.210236165595
153,15309,5606323242.187500,4.481140616365e+01,2.240570308183e+02,2.599058261854e+01,2.330200556481e+02,2.273796605248e+01,2.094361151707e+02,1.000000000000e+00,-2.231710730146
154,15310,5606689453.125000,-4.481140616365e+01,-3.136798431456e+02,-1.909890485882e+01,-3.247723396150e+02,-2.841456829090e+01,-3.386131357546e+02,1.000000000000e+00,-2.253180085199
155,15311,5607055664.062500,-1.344342184910e+02,3.136798431456e+02,-1.634760149057e+02,3.100982886247e+02,-1.629983691126e+02,2.868902856352e+02,1.000000000000e+00,-2.274644407528
156,15312,5607421875.000000,1.344342184910e+02,-1.344342184910e+02,1.484828056298e+02,-1.267468781389e+02,1.400203464410e+02,-1.456528586943e+02,1.000000000000e+00,-2.296103874026
157,15313,5607788085.937500,-4.481140616365e+01,-2.240570308183e+02,-2.808659618573e+01,-2.328642836101e+02,-3.359648587932e+01,-2.488114169322e+02,1.000000000000e+00,-2.317558661703
158,15314,5608154296.875000,-1.344342184910e+02,3.136798431456e+02,-1.617468235750e+02,3.106607109716e+02,-1.620518948768e+02,2.859781773837e+02,1.000000000000e+00,-2.339008947678
159,15315,5608520507.812500,-2.240570308183e+02,-1.344342184910e+02,-2.194338287923e+02,-1.541134837997e+02,-2.198854689385e+02,-1.714282495279e+02,1.000000000000e+00,-2.360454909178
160,15316,5608886718.750000,3.136798431456e+02,-2.240570308183e+02,3.368862662165e+02,-2.073187453415e+02,3.279009788756e+02,-2.242240655590e+02,1.000000000000e+00,-2.381896723531
161,15317,5609252929.687500,-1.344342184910e+02,3.136798431456e+02,-1.589302821193e+02,3.120467952195e+02,-1.600103422677e+02,2.859487144741e+02,1.000000000000e+00,-2.403334568163
162,15318,5609619140.625000,-3.136798431456e+02,1.344342184910e+02,-3.300483439644e+02,1.170197278607e+02,-3.276771805988e+02,9.298190129198e+01,1.000000000000e+00,-2.424768620594
163,15319,5609985351.562500,4.481140616365e+01,2.240570308183e+02,3.161133942259e+01,2.323099965254e+02,2.739424094269e+01,2.078617174030e+02,1.000000000000e+00,-2.446199058436
164,15320,5610351562.500000,3.136798431456e+02,4.481140616365e+01,3.185090490105e+02,6.553373004563e+01,3.108463015512e+02,4.624307402672e+01,1.000000000000e+00,-2.467626059384
165,15321,5610717773.437500,1.344342184910e+02,1.344342184910e+02,1.294752829301e+02,1.460045705338e+02,1.243959413865e+02,1.239472925736e+02,1.000000000000e+00,-2.489049801217
166,15322,5611083984.375000,1.344342184910e+02,-3.136798431456e+02,1.565299225919e+02,-3.134044014470e+02,1.568859352782e+02,-3.272648644819e+02,1.000000000000e+00,-2.510470461795
167,15323,5611450195.312500,1.344342184910e+02,3.136798431456e+02,1.200694341599e+02,3.289914428251e+02,1.126959250285e+02,3.040945267315e+02,1.000000000000e+00,-2.531888219052
168,15324,5611816406.250000,3.136798431456e+02,1.344342184910e+02,3.142669027469e+02,1.543263879386e+02,3.062929751909e+02,1.357745240835e+02,1.000000000000e+00,-2.553303250995
169,15325,5612182617.187500,4.481140616365e+01,1.344342184910e+02,3.931667612352e+01,1.399684510441e+02,3.633105184424e+01,1.170750718809e+02,1.000000000000e+00,-2.574715735704
170,15326,5612548828.125000,1.344342184910e+02,-4.481140616365e+01,1.398679127812e+02,-3.989034431182e+01,1.390795097500e+02,-5.762993830563e+01,1.000000000000e+00,-2.596125851320
171,15327,5612915039.062500,4.481140616365e+01,1.344342184910e+02,4.046385715182e+01,1.397650999904e+02,3.774027680385e+01,1.169548070553e+02,1.000000000000e+00,-2.617533776054
172,15328,5613281250.000000,3.136798431456e+02,3.136798431456e+02,3.095220678497e+02,3.340612085572e+02,2.975124212848e+02,3.147363234996e+02,1.000000000000e+00,-2.638939688174
173,15329,5613647460.937500,-2.240570308183e+02,3.136798431456e+02,-2.416595441772e+02,3.131952677412e+02,-2.440039582296e+02,2.798721746731e+02,1.000000000000e+00,-2.660343766009
174,15330,5614013671.875000,2.240570308183e+02,3.136798431456e+02,2.182407289763e+02,3.297715974579e+02,2.073614138700e+02,3.090615200005e+02,1.000000000000e+00,-2.681746187943
175,15331,5614379882.812500,-3.136798431456e+02,3.136798431456e+02,-3.317190383015e+02,3.116112955303e+02,-3.328682307419e+02,2.744212021238e+02,1.000000000000e+00,-2.703147132414
176,15332,5614746093.750000,4.481140616365e+01,4.481140616365e+01,4.472787911667e+01,4.719786733067e+01,4.574727187698e+01,2.641403026726e+01,1.000000000000e+00,-2.724546777911
177,15333,5615112304.687500,-1.344342184910e+02,1.344342184910e+02,-1.411036506927e+02,1.347470706287e+02,-1.396382743486e+02,1.059557690146e+02,1.000000000000e+00,-2.745945302972
178,15334,5615478515.625000,3.136798431456e+02,2.240570308183e+02,3.172358291082e+02,2.365559868597e+02,3.070958532846e+02,2.229347942402e+02,1.000000000000e+00,-2.767342886181
179,15335,5615844726.562500,-3.136798431456e+02,-2.240570308183e+02,-3.179414508312e+02,-2.358184279556e+02,-2.983411538780e+02,-2.657284273178e+02,1.000000000000e+00,-2.788739706168
180,15336,5616210937.500000,2.240570308183e+02,-4.481140616365e+01,2.307799625199e+02,-4.259802948505e+01,2.336638322952e+02,-5.358476883484e+01,1.000000000000e+00,-2.810135941605
181,15337,5616577148.437500,2.240570308183e+02,-4.481140616365e+01,2.306453352241e+02,-4.338887634757e+01,2.340824758801e+02,-5.383366225764e+01,1.000000000000e+00,-2.831531771204
182,15338,5616943359.375000,-3.136798431456e+02,4.481140616365e+01,-3.225635181269e+02,4.343998041237e+01,-3.128013295850e+02,6.581534036141e+00,1.000000000000e+00,-2.852927373716
183,15339,5617309570.312500,-2.240570308183e+02,2.240570308183e+02,-2.316891628600e+02,2.288147793257e+02,-2.320609290262e+02,1.924072353748e+02,1.000000000000e+00,-2.874322927928
184,15340,5617675781.250000,-3.136798431456e+02,-4.481140616365e+01,-3.223166136428e+02,-4.760856301315e+01,-3.072122522873e+02,-8.404054053701e+01,1.000000000000e+00,-2.895718612662
185,15341,5618041992.187500,3.136798431456e+02,-2.240570308183e+02,3.233448499403e+02,-2.295897056078e+02,3.368994611884e+02,-2.296053088808e+02,1.000000000000e+00,-2.917114606773
186,15342,5618408203.125000,1.344342184910e+02,-1.344342184910e+02,1.379407001531e+02,-1.386493300193e+02,1.508102723596e+02,-1.495877657537e+02,1.000000000000e+00,-2.938511089148
187,15343,5618774414.062500,2.240570308183e+02,-4.481140616365e+01,2.301135240128e+02,-4.792524901514e+01,2.369043843092e+02,-5.491140422858e+01,1.000000000000e+00,-2.959908238701
188,15344,5619140625.000000,4.481140616365e+01,-4.481140616365e+01,4.551740763644e+01,-4.664186720240e+01,5.614465374505e+01,-6.384884567849e+01,1.000000000000e+00,-2.981306234377
189,15345,5619506835.937500,-4.481140616365e+01,-3.136798431456e+02,-5.077491012695e+01,-3.216235985754e+02,-2.116871754390e+01,-3.393510902242e+02,1.000000000000e+00,-3.002705255143
190,15346,5619873046.875000,3.136798431456e+02,-2.240570308183e+02,3.180919098366e+02,-2.355559434572e+02,3.365529215374e+02,-2.317004159200e+02,1.000000000000e+00,-3.024105479995
191,15347,5620239257.812500,4.481140616365e+01,-3.136798431456e+02,3.978170181369e+01,-3.228833341367e+02,7.001308778942e+01,-3.345720981761e+02,1.000000000000e+00,-3.045507087948
192,15348,5620605468.750000,3.136798431456e+02,4.481140616365e+01,3.230428106257e+02,3.915629959612e+01,3.248285827831e+02,3.983503885225e+01,1.000000000000e+00,-3.066910258039
193,15349,5620971679.687500,-3.136798431456e+02,3.136798431456e+02,-3.146431555366e+02,3.296198345091e+02,-3.204132005959e+02,2.816450722069e+02,1.000000000000e+00,-3.088315169326
194,15350,5621337890.625000,4.481140616365e+01,-4.481140616365e+01,4.474290352578e+01,-4.730043986165e+01,5.863157810038e+01,-6.305222713761e+01,1.000000000000e+00,-3.109722000883
195,15351,5621704101.562500,1.344342184910e+02,3.136798431456e+02,1.485531407293e+02,3.176679724557e+02,1.342900488054e+02,3.027205496156e+02,1.000000000000e+00,-3.131130931801
196,15352,5622070312.500000,2.240570308183e+02,-4.481140616365e+01,2.284097624833e+02,-5.450271088387e+01,2.403073655685e+02,-5.573712788906e+01,1.000000000000e+00,3.130643165995
197,15353,5622436523.437500,-3.136798431456e+02,-2.240570308183e+02,-3.311133345486e+02,-2.173867951144e+02,-2.951242348406e+02,-2.579388512156e+02,1.000000000000e+00,3.109229499026
198,15354,5622802734.375000,4.481140616365e+01,-2.240570308183e+02,3.639084952690e+01,-2.319124555798e+02,6.717301997795e+01,-2.434757105959e+02,1.000000000000e+00,3.087813195343
199,15355,5623168945.312500,2.240570308183e+02,4.481140616365e+01,2.320214974359e+02,3.586588541956e+01,2.380026768135e+02,3.519547090818e+01,1.000000000000e+00,3.066394075806
200,15356,5623535156.250000,-3.136798431456e+02,-4.481140616365e+01,-3.242235657687e+02,-3.115190846954e+01,-3.011202028091e+02,-7.616536684264e+01,1.000000000000e+00,3.044971961268
201,15357,5623901367.187500,-4.481140616365e+01,4.481140616365e+01,-4.380965693426e+01,4.824938502491e+01,-3.266228412965e+01,2.516520508096e+01,1.000000000000e+00,3.023546672575
202,15358,5624267578.125000,-1.344342184910e+02,-3.136798431456e+02,-1.545197322679e+02,-3.150251398821e+02,-1.089800545008e+02,-3.401871830809e+02,1.000000000000e+00,3.002118030570
203,15359,5624633789.062500,-4.481140616365e+01,2.240570308183e+02,-3.346843715544e+01,2.324214238985e+02,-3.839157487217e+01,2.067578219554e+02,1.000000000000e+00,2.980685856091
204,15360,5625000000.000000,-3.136798431456e+02,-4.481140616365e+01,-3.243309788780e+02,-2.739439874608e+01,-2.994298292111e+02,-7.411813227567e+01,1.000000000000e+00,2.959249969977
205,15361,5625366210.937500,-3.136798431456e+02,3.136798431456e+02,-3.020972807791e+02,3.409916249870e+02,-3.116509631775e+02,2.881954958717e+02,1.000000000000e+00,2.937810193067
206,15362,5625732421.875000,2.240570308183e+02,3.136798431456e+02,2.499104090027e+02,3.068828486164e+02,2.316218704159e+02,3.072467104867e+02,1.000000000000e+00,2.916366346203
207,15363,5626098632.812500,-4.481140616365e+01,4.481140616365e+01,-4.288180836716e+01,4.891717811697e+01,-2.994376976736e+01,2.695463488199e+01,1.000000000000e+00,2.894918250233
208,15364,5626464843.750000,3.136798431456e+02,4.481140616365e+01,3.243564065307e+02,2.424252602092e+01,3.320792727630e+02,3.966186497011e+01,1.000000000000e+00,2.873465726009
209,15365,5626831054.687500,-4.481140616365e+01,-3.136798431456e+02,-6.807051361375e+01,-3.180606705653e+02,-1.663893377667e+01,-3.341179252757e+02,1.000000000000e+00,2.852008594396
210,15366,5627197265.625000,-4.481140616365e+01,-2.240570308183e+02,-6.234462068187e+01,-2.261344849125e+02,-1.955047499724e+01,-2.433783761468e+02,1.000000000000e+00,2.830546676267
211,15367,5627563476.562500,-4.481140616365e+01,3.136798431456e+02,-2.168866494087e+01,3.246190995388e+02,-3.724631602268e+01,2.996254946129e+02,1.000000000000e+00,2.809079792509
212,15368,5627929687.500000,-2.240570308183e+02,1.344342184910e+02,-2.185150803076e+02,1.557255740756e+02,-2.117026267243e+02,1.135455559932e+02,1.000000000000e+00,2.787607764026
213,15369,5628295898.437500,3.136798431456e+02,4.481140616365e+01,3.247741414530e+02,1.941330007924e+01,3.342716876476e+02,3.988756025107e+01,1.000000000000e+00,2.766130411738
214,15370,5628662109.375000,2.240570308183e+02,1.344342184910e+02,2.409743201465e+02,1.178367151799e+02,2.416330200245e+02,1.276765902438e+02,1.000000000000e+00,2.744647556587
215,15371,5629028320.312500,2.240570308183e+02,4.481140616365e+01,2.331557796749e+02,2.538529626162e+01,2.445737571568e+02,3.730339186884e+01,1.000000000000e+00,2.723159019537
216,15372,5629394531.250000,1.344342184910e+02,-1.344342184910e+02,1.248509397313e+02,-1.500239526174e+02,1.593579168520e+02,-1.456980053812e+02,1.000000000000e+00,2.701664621580
217,15373,5629760742.187500,3.136798431456e+02,-3.136798431456e+02,2.905380725197e+02,-3.508119970863e+02,3.453629774580e+02,-3.215441064018e+02,1.000000000000e+00,2.680164183733
218,15374,5630126953.125000,1.344342184910e+02,-1.344342184910e+02,1.241181263846e+02,-1.507209698230e+02,1.599139863759e+02,-1.451274153992e+02,1.000000000000e+00,2.658657527047
219,15375,5630493164.062500,-1.344342184910e+02,4.481140616365e+01,-1.327954799486e+02,5.959062270357e+01,-1.157988552012e+02,2.950390167775e+01,1.000000000000e+00,2.637144472606
220,15376,5630859375.000000,-2.240570308183e+02,2.240570308183e+02,-2.051343475198e+02,2.527490128204e+02,-2.100332331986e+02,2.091264623847e+02,1.000000000000e+00,2.615624841533
221,15377,5631225585.937500,-2.240570308183e+02,-4.481140616365e+01,-2.337549847687e+02,-2.134746967524e+01,-2.036544616805e+02,-6.184572226894e+01,1.000000000000e+00,2.594098454989
222,15378,5631591796.875000,2.240570308183e+02,-2.240570308183e+02,2.038617467131e+02,-2.537032240836e+02,2.530805464023e+02,-2.326060573824e+02,1.000000000000e+00,2.572565134181
223,15379,5631958007.812500,-4.481140616365e+01,-4.481140616365e+01,-5.082182104720e+01,-4.065591713671e+01,-2.205104060667e+01,-5.702147327362e+01,1.000000000000e+00,2.551024700364
224,15380,5632324218.750000,3.136798431456e+02,4.481140616365e+01,3.252911581222e+02,8.899244862112e+00,3.383416594668e+02,4.105457542686e+01,1.000000000000e+00,2.529476974841
225,15381,5632690429.687500,1.344342184910e+02,4.481140616365e+01,1.425398146150e+02,2.935673895856e+01,1.577289524477e+02,3.768158170934e+01,1.000000000000e+00,2.507921778972
226,15382,5633056640.625000,1.344342184910e+02,-2.240570308183e+02,1.088934361308e+02,-2.452637168045e+02,1.622693313939e+02,-2.336389910509e+02,1.000000000000e+00,2.486358934176
227,15383,5633422851.562500,1.344342184910e+02,-2.240570308183e+02,1.081227601333e+02,-2.456038695349e+02,1.622544020025e+02,-2.333459266665e+02,1.000000000000e+00,2.464788261932
228,15384,5633789062.500000,-1.344342184910e+02,-3.136798431456e+02,-1.783168965581e+02,-3.017389466513e+02,-1.081043657225e+02,-3.270913192165e+02,1.000000000000e+00,2.443209583787
229,15385,5634155273.437500,-2.240570308183e+02,4.481140616365e+01,-2.221164947295e+02,7.567337128413e+01,-2.030774149786e+02,3.425186094498e+01,1.000000000000e+00,2.421622721360
230,15386,5634521484.375000,3.136798431456e+02,-1.344342184910e+02,3.011869264208e+02,-1.791340283079e+02,3.425996495315e+02,-1.388765523759e+02,1.000000000000e+00,2.400027496345
231,15387,5634887695.312500,-3.136798431456e+02,-3.136798431456e+02,-3.617496560010e+02,-2.767368441437e+02,-2.876229637701e+02,-3.286438318928e+02,1.000000000000e+00,2.378423730516
232,15388,5635253906.250000,-1.344342184910e+02,1.344342184910e+02,-1.179962720875e+02,1.554354611151e+02,-1.131224520480e+02,1.272094794263e+02,1.000000000000e+00,2.356811245730
233,15389,5635620117.187500,-3.136798431456e+02,-3.136798431456e+02,-3.639526041852e+02,-2.734095066068e+02,-2.886300923726e+02,-3.259423767480e+02,1.000000000000e+00,2.335189863938
234,15390,5635986328.125000,-3.136798431456e+02,3.136798431456e+02,-2.714887306226e+02,3.652125887100e+02,-2.939386710528e+02,3.084806560211e+02,1.000000000000e+00,2.313559407182
235,15391,5636352539.062500,-3.136798431456e+02,-4.481140616365e+01,-3.251987486308e+02,2.404252526328e+00,-2.913579672069e+02,-5.226501570247e+01,1.000000000000e+00,2.291919697608
236,15392,5636718750.000000,-3.136798431456e+02,-1.344342184910e+02,-3.393265979005e+02,-8.756223292407e+01,-2.909796649244e+02,-1.419029457084e+02,1.000000000000e+00,2.270270557465
237,15393,5637084960.937500,-4.481140616365e+01,-1.344342184910e+02,-6.682979644219e+01,-1.293247515846e+02,-1.948363596176e+01,-1.400931008040e+02,1.000000000000e+00,2.248611809116
238,15394,5637451171.875000,4.481140616365e+01,3.136798431456e+02,9.597710660850e+01,3.110386739831e+02,6.957233781398e+01,3.134349487238e+02,1.000000000000e+00,2.226943275041
239,15395,5637817382.812500,3.136798431456e+02,2.240570308183e+02,3.547229530512e+02,1.760377276483e+02,3.417071084639e+02,2.242624608918e+02,1.000000000000e+00,2.205264777844
240,15396,5638183593.750000,-4.481140616365e+01,-1.344342184910e+02,-6.764474046119e+01,-1.288822522636e+02,-1.919456731532e+01,-1.384712237413e+02,1.000000000000e+00,2.183576140258
241,15397,5638549804.687500,2.240570308183e+02,-1.344342184910e+02,2.045677338627e+02,-1.736385920633e+02,2.524407170805e+02,-1.370879554102e+02,1.000000000000e+00,2.161877185154
242,15398,5638916015.625000,4.481140616365e+01,-2.240570308183e+02,7.556177683138e+00,-2.344638326299e+02,7.179995719647e+01,-2.275457296035e+02,1.000000000000e+00,2.140167735548
243,15399,5639282226.562500,2.240570308183e+02,-3.136798431456e+02,1.725237444889e+02,-3.562818715424e+02,2.524498299403e+02,-3.175390142306e+02,1.000000000000e+00,2.118447614604
244,15400,5639648437.500000,3.136798431456e+02,-2.240570308183e+02,2.775034582832e+02,-2.825157780797e+02,3.424058479577e+02,-2.274690386975e+02,1.000000000000e+00,2.096716645647
245,15401,5640014648.437500,1.344342184910e+02,-1.344342184910e+02,1.113860347676e+02,-1.605173230804e+02,1.612553081264e+02,-1.364100490518e+02,1.000000000000e+00,2.074974652163
246,15402,5640380859.375000,4.481140616365e+01,1.344342184910e+02,7.000648251110e+01,1.275800939086e+02,7.205427516607e+01,1.362368271843e+02,1.000000000000e+00,2.053221457816
247,15403,5640747070.312500,3.136798431456e+02,-3.136798431456e+02,2.585300075949e+02,-3.747191940794e+02,3.413829666554e+02,-3.166789356339e+02,1.000000000000e+00,2.031456886448
248,15404,5641113281.250000,-2.240570308183e+02,-3.136798431456e+02,-2.846435772478e+02,-2.745140110745e+02,-2.011771105608e+02,-3.136497129919e+02,1.000000000000e+00,2.009680762093
249,15405,5641479492.187500,-3.136798431456e+02,3.136798431456e+02,-2.567939727798e+02,3.758958503915e+02,-2.885666534807e+02,3.206143545618e+02,1.000000000000e+00,1.987892908980
250,15406,5641845703.125000,-4.481140616365e+01,2.240570308183e+02,-1.998299557794e+00,2.345555577358e+02,-1.750077738032e+01,2.293786477255e+02,1.000000000000e+00,1.966093151547
251,15407,5642211914.062500,-1.344342184910e+02,-1.344342184910e+02,-1.618130949298e+02,-1.091326023828e+02,-1.105366730327e+02,-1.311642114048e+02,1.000000000000e+00,1.944281314448
252,15408,5642578125.000000,1.344342184910e+02,-4.481140616365e+01,1.264228894612e+02,-7.191615848451e+01,1.614812270369e+02,-4.251842645525e+01,1.000000000000e+00,1.922457222560
253,15409,5642944335.937500,-2.240570308183e+02,4.481140616365e+01,-2.163094197594e+02,9.050323472483e+01,-1.993597609834e+02,5.238041658360e+01,1.000000000000e+00,1.900620700996
254,15410,5643310546.875000,-2.240570308183e+02,2.240570308183e+02,-1.795138920630e+02,2.711686278757e+02,-1.973430322631e+02,2.338574690193e+02,1.000000000000e+00,1.878771575115
255,15411,5643676757.812500,4.481140616365e+01,1.344342184910e+02,7.276254904918e+01,1.259552315908e+02,7.288260565184e+01,1.408866162006e+02,1.000000000000e+00,1.856909670528
256,15412,5644042968.750000,2.240570308183e+02,1.344342184910e+02,2.532059316096e+02,8.862618789024e+01,2.537816112156e+02,1.394329456009e+02,1.000000000000e+00,1.835034813113
257,15413,5644409179.687500,-1.344342184910e+02,-2.240570308183e+02,-1.823178164731e+02,-1.968827075751e+02,-1.126002041405e+02,-2.177225779393e+02,1.000000000000e+00,1.813146829023
258,15414,5644775390.625000,-3.136798431456e+02,4.481140616365e+01,-3.055970717274e+02,1.120169604157e+02,-2.903086807936e+02,5.700110652223e+01,1.000000000000e+00,1.791245544701
259,15415,5645141601.562500,-1.344342184910e+02,4.481140616365e+01,-1.253283327681e+02,7.402898873709e+01,-1.093358195208e+02,5.517406477355e+01,1.000000000000e+00,1.769330786884
260,15416,5645507812.500000,-2.240570308183e+02,4.481140616365e+01,-2.151060759958e+02,9.367291406615e+01,-1.998847886390e+02,5.700830474910e+01,1.000000000000e+00,1.747402382622
261,15417,5645874023.437500,1.344342184910e+02,-4.481140616365e+01,1.250062524938e+02,-7.435371543362e+01,1.605752034344e+02,-3.810013520157e+01,1.000000000000e+00,1.725460159288
262,15418,5646240234.375000,-2.240570308183e+02,-3.136798431456e+02,-2.938664520615e+02,-2.650486117810e+02,-2.053754694652e+02,-3.037074525100e+02,1.000000000000e+00,1.703503944587
263,15419,5646606445.312500,-2.240570308183e+02,1.344342184910e+02,-1.947022957769e+02,1.847100983581e+02,-1.989775964949e+02,1.493482548039e+02,1.000000000000e+00,1.681533566574
264,15420,5646972656.250000,-1.344342184910e+02,-4.481140616365e+01,-1.448771348644e+02,-1.469958694813e+01,-1.114345007846e+02,-3.244083916055e+01,1.000000000000e+00,1.659548853662
265,15421,5647338867.187500,-2.240570308183e+02,4.481140616365e+01,-2.141836350852e+02,9.592978588952e+01,-2.005722877444e+02,6.038860776577e+01,1.000000000000e+00,1.637549634641
266,15422,5647705078.125000,-2.240570308183e+02,-3.136798431456e+02,-2.965152025953e+02,-2.620094910554e+02,-2.072877158594e+02,-3.005212951853e+02,1.000000000000e+00,1.615535738684
267,15423,5648071289.062500,-2.240570308183e+02,-1.344342184910e+02,-2.552907870925e+02,-8.189811654857e+01,-2.042388240447e+02,-1.186479752374e+02,1.000000000000e+00,1.593506995370
268,15424,5648437500.000000,3.136798431456e+02,2.240570308183e+02,3.664168404468e+02,1.494114887007e+02,3.458450350465e+02,2.321209208009e+02,1.000000000000e+00,1.571463234691
269,15425,5648803710.937500,-2.240570308183e+02,-4.481140616365e+01,-2.344837010202e+02,9.091455420380e+00,-2.031699816476e+02,-2.645964256519e+01,1.000000000000e+00,1.549404287071
270,15426,5649169921.875000,-1.344342184910e+02,-4.481140616365e+01,-1.450626874342e+02,-1.210518391246e+01,-1.129925512811e+02,-2.793710781371e+01,1.000000000000e+00,1.527329983381
271,15427,5649536132.812500,-3.136798431456e+02,3.136798431456e+02,-2.364063467536e+02,3.895970858816e+02,-2.854116841471e+02,3.390664269586e+02,1.000000000000e+00,1.505240154953
272,15428,5649902343.750000,3.136798431456e+02,-2.240570308183e+02,2.578492888564e+02,-3.005659335582e+02,3.346046057155e+02,-2.189868517772e+02,1.000000000000e+00,1.483134633595
273,15429,5650268554.687500,2.240570308183e+02,-1.344342184910e+02,1.900420455433e+02,-1.895966184689e+02,2.459259128362e+02,-1.259386012870e+02,1.000000000000e+00,1.461013251611
274,15430,5650634765.625000,-2.240570308183e+02,-2.240570308183e+02,-2.794020607163e+02,-1.670983179724e+02,-2.095157673420e+02,-2.041510696677e+02,1.000000000000e+00,1.438875841816
275,15431,5651000976.562500,-2.240570308183e+02,2.240570308183e+02,-1.663812069513e+02,2.798518393822e+02,-1.974740325217e+02,2.492344398404e+02,1.000000000000e+00,1.416722237550
276,15432,5651367187.500000,-3.136798431456e+02,4.481140616365e+01,-3.007443139342e+02,1.243426978525e+02,-2.932235693932e+02,7.113787902748e+01,1.000000000000e+00,1.394552272701
277,15433,5651733398.437500,3.136798431456e+02,-1.344342184910e+02,2.775943087821e+02,-2.137498267705e+02,3.347126086414e+02,-1.267209910111e+02,1.000000000000e+00,1.372365781719
278,15434,5652099609.375000,2.240570308183e+02,-2.240570308183e+02,1.650399267141e+02,-2.802395473212e+02,2.412823808964e+02,-2.142519525091e+02,1.000000000000e+00,1.350162599637
279,15435,5652465820.312500,2.240570308183e+02,-2.240570308183e+02,1.640307619031e+02,-2.809749833634e+02,2.404400109263e+02,-2.143998693284e+02,1.000000000000e+00,1.327942562086
280,15436,5652832031.250000,4.481140616365e+01,2.240570308183e+02,1.038167744833e+02,2.104938527686e+02,7.358607902832e+01,2.438132372345e+02,1.000000000000e+00,1.305705505319
281,15437,5653198242.187500,2.240570308183e+02,3.136798431456e+02,3.060684959668e+02,2.513197763527e+02,2.575167084174e+02,3.286096889006e+02,1.000000000000e+00,1.283451266227
282,15438,5653564453.125000,1.344342184910e+02,2.240570308183e+02,1.933947686536e+02,1.861777157832e+02,1.635003397655e+02,2.417231750051e+02,1.000000000000e+00,1.261179682359
283,15439,5653930664.062500,3.136798431456e+02,-4.481140616365e+01,2.989752277989e+02,-1.288147520277e+02,3.349659517358e+02,-3.530025964552e+01,1.000000000000e+00,1.238890591946
284,15440,5654296875.000000,-2.240570308183e+02,-4.481140616365e+01,-2.341753735585e+02,1.631662571213e+01,-2.084247606089e+02,-1.650407266966e+01,1.000000000000e+00,1.216583833919
285,15441,5654663085.937500,-2.240570308183e+02,2.240570308183e+02,-1.606487022550e+02,2.831066535772e+02,-1.992660184350e+02,2.556394305872e+02,1.000000000000e+00,1.194259247930
286,15442,5655029296.875000,1.344342184910e+02,-2.240570308183e+02,7.129160366299e+01,-2.587528882166e+02,1.459736400192e+02,-2.092290962630e+02,1.000000000000e+00,1.171916674375
287,15443,5655395507.812500,-4.481140616365e+01,-1.344342184910e+02,-8.163031419388e+01,-1.203955117608e+02,-3.223369647107e+01,-1.115710503421e+02,1.000000000000e+00,1.149555954416
288,15444,5655761718.750000,-4.481140616365e+01,-1.344342184910e+02,-8.187619099053e+01,-1.201106881789e+02,-3.281932847874e+01,-1.109864444321e+02,1.000000000000e+00,1.127176930006
289,15445,5656127929.687500,3.136798431456e+02,3.136798431456e+02,3.976632018044e+02,2.208158129429e+02,3.458708163722e+02,3.265645046011e+02,1.000000000000e+00,1.104779443906
290,15446,5656494140.625000,1.344342184910e+02,1.344342184910e+02,1.705105125538e+02,9.448248358980e+01,1.575757725995e+02,1.536343225621e+02,1.000000000000e+00,1.082363339715
291,15447,5656860351.562500,4.481140616365e+01,-3.136798431456e+02,-4.482109584656e+01,-3.217881003849e+02,4.892604109401e+01,-2.938393955494e+02,1.000000000000e+00,1.059928461891
292,15448,5657226562.500000,-1.344342184910e+02,-1.344342184910e+02,-1.707030041560e+02,-9.423259405345e+01,-1.249843924165e+02,-1.057985732544e+02,1.000000000000e+00,1.037474655777
293,15449,5657592773.437500,1.344342184910e+02,-1.344342184910e+02,9.417000709589e+01,-1.708280753873e+02,1.456020426024e+02,-1.160334718336e+02,1.000000000000e+00,1.015001767624
294,15450,5657958984.375000,-3.136798431456e+02,4.481140616365e+01,-2.964296780239e+02,1.338302670653e+02,-2.998328955526e+02,8.243402852953e+01,1.000000000000e+00,0.992509644618
295,15451,5658325195.312500,-4.481140616365e+01,-2.240570308183e+02,-1.086505620958e+02,-2.078507275558e+02,-3.977724756046e+01,-1.987153975285e+02,1.000000000000e+00,0.969998134907
296,15452,5658691406.250000,-4.481140616365e+01,-4.481140616365e+01,-5.711885967239e+01,-3.111854009336e+01,-3.322861267139e+01,-1.751715137842e+01,1.000000000000e+00,0.947467087624
297,15453,5659057617.187500,1.344342184910e+02,-3.136798431456e+02,4.051479199729e+01,-3.479004629209e+02,1.355217750928e+02,-2.958221596078e+02,1.000000000000e+00,0.924916352918
298,15454,5659423828.125000,-4.481140616365e+01,-1.344342184910e+02,-8.373935578509e+01,-1.188524381708e+02,-3.841123489458e+01,-1.069951146153e+02,1.000000000000e+00,0.902345781979
299,15455,5659790039.062500,2.240570308183e+02,1.344342184910e+02,2.599802849596e+02,6.508720455592e+01,2.442308787108e+02,1.518144374197e+02,1.000000000000e+00,0.879755227067
300,15456,5660156250.000000,-3.136798431456e+02,1.344342184910e+02,-2.673326213967e+02,2.259229214107e+02,-2.979733297478e+02,1.774498598952e+02,1.000000000000e+00,0.857144541538
301,15457,5660522460.937500,2.240570308183e+02,-3.136798431456e+02,1.258097604582e+02,-3.748948870947e+02,2.223787558721e+02,-2.990249506796e+02,1.000000000000e+00,0.834513579877
302,15458,5660888671.875000,-4.481140616365e+01,-3.136798431456e+02,-1.379217454064e+02,-2.944215139006e+02,-4.877640158350e+01,-2.864411442760e+02,1.000000000000e+00,0.811862197725
303,15459,5661254882.812500,2.240570308183e+02,2.240570308183e+02,2.872405743616e+02,1.522694883265e+02,2.461063217764e+02,2.435136654081e+02,1.000000000000e+00,0.789190251908
304,15460,5661621093.750000,1.344342184910e+02,3.136798431456e+02,2.269967457488e+02,2.665146275632e+02,1.598578508816e+02,3.378992581785e+02,1.000000000000e+00,0.766497600469
305,15461,5661987304.687500,-3.136798431456e+02,-4.481140616365e+01,-3.207604030276e+02,5.220992219954e+01,-3.093939853986e+02,-1.042850474250e+00,1.000000000000e+00,0.743784102699
306,15462,5662353515.625000,4.481140616365e+01,4.481140616365e+01,5.762676258860e+01,3.004313089923e+01,5.561477613052e+01,7.162477420751e+01,1.000000000000e+00,0.721049619167
307,15463,5662719726.562500,-3.136798431456e+02,1.344342184910e+02,-2.650852916371e+02,2.284258258268e+02,-3.013633077129e+02,1.804225300607e+02,1.000000000000e+00,0.698294011752
308,15464,5663085937.500000,-2.240570308183e+02,-2.240570308183e+02,-2.885060834279e+02,-1.493623080802e+02,-2.301857251931e+02,-1.848017571023e+02,1.000000000000e+00,0.675517143678
309,15465,5663452148.437500,3.136798431456e+02,4.481140616365e+01,3.204278357919e+02,-5.382439792610e+01,3.246155609960e+02,5.830261267714e+01,1.000000000000e+00,0.652718879543
310,15466,5663818359.375000,-1.344342184910e+02,1.344342184910e+02,-8.941921097791e+01,1.732606596973e+02,-1.226527500022e+02,1.719260070203e+02,1.000000000000e+00,0.629899085355
311,15467,5664184570.312500,-2.240570308183e+02,-4.481140616365e+01,-2.328756308922e+02,2.609827005334e+01,-2.227752105626e+02,-3.943945977202e+00,1.000000000000e+00,0.607057628564
312,15468,5664550781.250000,-3.136798431456e+02,2.240570308183e+02,-2.367306498368e+02,3.165715549024e+02,-3.002165545063e+02,2.712060301655e+02,1.000000000000e+00,0.584194378098
313,15469,5664916992.187500,1.344342184910e+02,4.481140616365e+01,1.452861273415e+02,2.009906492554e+00,1.414992285567e+02,6.867520543917e+01,1.000000000000e+00,0.561309204398
314,15470,5665283203.125000,-4.481140616365e+01,-2.240570308183e+02,-1.138731696167e+02,-2.046909374829e+02,-5.309954604233e+01,-1.931133175832e+02,1.000000000000e+00,0.538401979449
315,15471,5665649414.062500,-1.344342184910e+02,-2.240570308183e+02,-2.018715476954e+02,-1.759407010768e+02,-1.445022094725e+02,-1.880320913518e+02,1.000000000000e+00,0.515472576824
316,15472,5666015625.000000,-3.136798431456e+02,2.240570308183e+02,-2.339421967826e+02,3.182128996257e+02,-3.011101789755e+02,2.732529568294e+02,1.000000000000e+00,0.492520871712
317,15473,5666381835.937500,2.240570308183e+02,4.481140616365e+01,2.324855147457e+02,-2.791768751442e+01,2.292984777152e+02,6.325297280752e+01,1.000000000000e+00,0.469546740958
318,15474,5666748046.875000,4.481140616365e+01,4.481140616365e+01,5.796623381675e+01,2.931269692723e+01,4.829157021733e+01,7.325855487572e+01,1.000000000000e+00,0.446550063102
319,15475,5667114257.812500,-1.344342184910e+02,-3.136798431456e+02,-2.313196596248e+02,-2.624297341862e+02,-1.524567261402e+02,-2.776471183199e+02,1.000000000000e+00,0.423530718415
320,15476,5667480468.750000,-4.481140616365e+01,-3.136798431456e+02,-1.441628224116e+02,-2.909821360308e+02,-6.289864210698e+01,-2.824447417592e+02,1.000000000000e+00,0.400488588934
321,15477,5667846679.687500,-1.344342184910e+02,2.240570308183e+02,-5.890067341700e+01,2.611678628439e+02,-1.241715660497e+02,2.635967005958e+02,1.000000000000e+00,0.377423558508
322,15478,5668212890.625000,-3.136798431456e+02,-4.481140616365e+01,-3.196227001087e+02,5.714624309779e+01,-3.199580404212e+02,2.899237145251e+00,1.000000000000e+00,0.354335512828
323,15479,5668579101.562500,3.136798431456e+02,-3.136798431456e+02,2.045336879758e+02,-4.060956638636e+02,2.961119656207e+02,-3.019275965714e+02,1.000000000000e+00,0.331224339476
324,15480,5668945312.500000,4.481140616365e+01,3.136798431456e+02,1.444400533032e+02,2.909980622886e+02,5.883402830037e+01,3.442128784468e+02,1.000000000000e+00,0.308089927957
325,15481,5669311523.437500,2.240570308183e+02,2.240570308183e+02,2.904780579937e+02,1.455341801028e+02,2.341815567970e+02,2.438949516111e+02,1.000000000000e+00,0.284932169742
326,15482,5669677734.375000,-3.136798431456e+02,1.344342184910e+02,-2.611595849455e+02,2.329182922650e+02,-3.125262933685e+02,1.842617600348e+02,1.000000000000e+00,0.261750958310
327,15483,5670043945.312500,4.481140616365e+01,4.481140616365e+01,5.822750091725e+01,2.884983062315e+01,4.257559953036e+01,7.317460918280e+01,1.000000000000e+00,0.238546189189
328,15484,5670410156.250000,-3.136798431456e+02,-1.344342184910e+02,-3.487573109409e+02,-2.837317050132e+01,-3.293495832498e+02,-8.659418665567e+01,1.000000000000e+00,0.215317759996
329,15485,5670776367.187500,-2.240570308183e+02,4.481140616365e+01,-2.033551144735e+02,1.162831311067e+02,-2.295739523156e+02,8.816579112671e+01,1.000000000000e+00,0.192065570479
330,15486,5671142578.125000,2.240570308183e+02,2.240570308183e+02,2.905149529331e+02,1.453041404993e+02,2.306448098969e+02,2.437443865596e+02,1.000000000000e+00,0.168789522562
331,15487,5671508789.062500,4.481140616365e+01,-1.344342184910e+02,-2.024360378479e-01,-1.452585074784e+02,2.969580351980e+01,-1.074071992570e+02,1.000000000000e+00,0.145489520384
332,15488,5671875000.000000,-4.481140616365e+01,3.136798431456e+02,5.903169854107e+01,3.193804351929e+02,-3.555809490318e+01,3.485349473705e+02,1.000000000000e+00,0.122165470346
333,15489,5672241210.937500,-4.481140616365e+01,-1.344342184910e+02,-8.761032090861e+01,-1.158533034124e+02,-6.211258882572e+01,-1.024947301395e+02,1.000000000000e+00,0.098817281150
334,15490,5672607421.875000,2.240570308183e+02,-1.344342184910e+02,1.733309202612e+02,-2.041847435496e+02,2.076903306191e+02,-1.184906370626e+02,1.000000000000e+00,0.075444863848
335,15491,5672973632.812500,-4.481140616365e+01,2.240570308183e+02,3.034854469287e+01,2.322450060253e+02,-4.218359574063e+01,2.579884788034e+02,1.000000000000e+00,0.052048131880
336,15492,5673339843.750000,4.481140616365e+01,-2.240570308183e+02,-3.010302645241e+01,-2.322573322463e+02,2.082893572680e+01,-1.983922015797e+02,1.000000000000e+00,0.028627001124
337,15493,5673706054.687500,-3.136798431456e+02,2.240570308183e+02,-2.312996907536e+02,3.202851995412e+02,-3.145679292583e+02,2.729149102460e+02,1.000000000000e+00,0.005181389939
338,15494,5674072265.625000,2.240570308183e+02,-3.136798431456e+02,1.152337828251e+02,-3.779073260140e+02,1.953335060387e+02,-2.990031621775e+02,1.000000000000e+00,-0.018288780792
339,15495,5674438476.562500,2.240570308183e+02,-2.240570308183e+02,1.443769985561e+02,-2.910972354986e+02,1.997040038412e+02,-2.093056839189e+02,1.000000000000e+00,-0.041783587615
340,15496,5674804687.500000,4.481140616365e+01,1.344342184910e+02,8.769165529149e+01,1.159720335867e+02,3.920178289641e+01,1.616624262845e+02,1.000000000000e+00,-0.065303104459
341,15497,5675170898.437500,-4.481140616365e+01,-1.344342184910e+02,-8.781973906307e+01,-1.158910458163e+02,-6.741043241659e+01,-1.041841549885e+02,1.000000000000e+00,-0.088847402592
342,15498,5675537109.375000,-1.344342184910e+02,4.481140616365e+01,-1.157154612008e+02,8.794745158435e+01,-1.476235543895e+02,8.156658870184e+01,1.000000000000e+00,-0.112416550573
343,15499,5675903320.312500,3.136798431456e+02,-1.344342184910e+02,2.596805228476e+02,-2.344876552836e+02,2.917234702112e+02,-1.266237278261e+02,1.000000000000e+00,-0.136010614207
344,15500,5676269531.250000,3.136798431456e+02,2.240570308183e+02,3.786614919968e+02,1.128917097037e+02,3.134272856928e+02,2.334493743637e+02,1.000000000000e+00,-0.159629656499
345,15501,5676635742.187500,3.136798431456e+02,1.344342184910e+02,3.488315210435e+02,2.573007962972e+01,3.072416950531e+02,1.426887078897e+02,1.000000000000e+00,-0.183273737606
346,15502,5677001953.125000,-4.481140616365e+01,-1.344342184910e+02,-8.832083639865e+01,-1.152781520601e+02,-7.121382895662e+01,-1.051507984583e+02,1.000000000000e+00,-0.206942914790
347,15503,5677368164.062500,1.344342184910e+02,-4.481140616365e+01,1.154414846148e+02,-8.812071291712e+01,1.143347616654e+02,-2.672542384431e+01,1.000000000000e+00,-0.230637242375
348,15504,5677734375.000000,1.344342184910e+02,4.481140616365e+01,1.452358029460e+02,-9.735486581413e-01,1.193349377729e+02,6.329903377025e+01,1.000000000000e+00,-0.254356771696
349,15505,5678100585.937500,-1.344342184910e+02,4.481140616365e+01,-1.157300038122e+02,8.776713106794e+01,-1.518079239070e+02,7.931280650097e+01,1.000000000000e+00,-0.278101551052
350,15506,5678466796.875000,3.136798431456e+02,-4.481140616365e+01,2.897612684667e+02,-1.467234515349e+02,2.930742477482e+02,-3.824295311769e+01,1.000000000000e+00,-0.301871625663
351,15507,5678833007.812500,2.240570308183e+02,-4.481140616365e+01,2.027969803393e+02,-1.171812940001e+02,2.023285465381e+02,-3.322722960855e+01,1.000000000000e+00,-0.325667037619
352,15508,5679199218.750000,-4.481140616365e+01,3.136798431456e+02,5.935405036408e+01,3.192412158567e+02,-4.733189777262e+01,3.431924110411e+02,1.000000000000e+00,-0.349487825834
353,15509,5679565429.687500,3.136798431456e+02,4.481140616365e+01,3.191478771324e+02,-5.890097656207e+01,2.964760308952e+02,5.121221288629e+01,1.000000000000e+00,-0.373334025998
354,15510,5679931640.625000,-3.136798431456e+02,-2.240570308183e+02,-3.773093591449e+02,-1.155461093708e+02,-3.502660420325e+02,-1.829450760646e+02,1.000000000000e+00,-0.397205670534
355,15511,5680297851.562500,-4.481140616365e+01,-2.240570308183e+02,-1.166214157690e+02,-2.028504301211e+02,-8.099489204235e+01,-1.988666817824e+02,1.000000000000e+00,-0.421102788545
356,15512,5680664062.500000,-1.344342184910e+02,3.136798431456e+02,-2.746457254524e+01,3.485891054566e+02,-1.390291231081e+02,3.470087398398e+02,1.000000000000e+00,-0.445025405771
357,15513,5681030273.437500,-4.481140616365e+01,-4.481140616365e+01,-5.828036017775e+01,-2.869877165429e+01,-7.165130536891e+01,-1.942767634066e+01,1.000000000000e+00,-0.468973544543
358,15514,5681396484.375000,-4.481140616365e+01,1.344342184910e+02,5.755396598058e-01,1.452053530385e+02,-6.096476159243e+01,1.603124954490e+02,1.000000000000e+00,-0.492947223733
359,15515,5681762695.312500,1.344342184910e+02,-3.136798431456e+02,2.838573362363e+01,-3.484151691251e+02,9.149482740476e+01,-3.016616563600e+02,1.000000000000e+00,-0.516946458711
360,15516,5682128906.250000,4.481140616365e+01,1.344342184910e+02,8.717254075602e+01,1.159993946297e+02,2.785542941034e+01,1.537897994499e+02,1.000000000000e+00,-0.540971261295
361,15517,5682495117.187500,2.240570308183e+02,-4.481140616365e+01,2.028303072619e+02,-1.165226126501e+02,1.966320417447e+02,-3.803038496094e+01,1.000000000000e+00,-0.565021639709
362,15518,5682861328.125000,3.136798431456e+02,-4.481140616365e+01,2.895424606042e+02,-1.460931154297e+02,2.860120333381e+02,-4.466362280125e+01,1.000000000000e+00,-0.589097598534
363,15519,5683227539.062500,-3.136798431456e+02,-3.136798431456e+02,-4.066727164217e+02,-2.018791203837e+02,-3.616686438754e+02,-2.753655024646e+02,1.000000000000e+00,-0.613199138666
364,15520,5683593750.000000,1.344342184910e+02,2.240570308183e+02,2.032051213959e+02,1.738928445860e+02,1.218126207313e+02,2.360138286409e+02,1.000000000000e+00,-0.637326257268
365,15521,5683959960.937500,3.136798431456e+02,-2.240570308183e+02,2.325004413808e+02,-3.188399977238e+02,2.740331617287e+02,-2.254322205774e+02,1.000000000000e+00,-0.661478947726
366,15522,5684326171.875000,1.344342184910e+02,1.344342184910e+02,1.739493709981e+02,8.734527659335e+01,1.152510124121e+02,1.450712568024e+02,1.000000000000e+00,-0.685657199605
367,15523,5684692382.812500,1.344342184910e+02,-2.240570308183e+02,5.854834055291e+01,-2.610725993351e+02,9.294765898992e+01,-2.158535565961e+02,1.000000000000e+00,-0.709860998607
368,15524,5685058593.750000,1.344342184910e+02,-1.344342184910e+02,8.754028269100e+01,-1.739062562463e+02,9.804530713521e+01,-1.263647633691e+02,1.000000000000e+00,-0.734090326523
369,15525,5685424804.687500,-4.481140616365e+01,4.481140616365e+01,-2.937676893035e+01,5.785889676392e+01,-7.168346363089e+01,6.406616780660e+01,1.000000000000e+00,-0.758345161195
370,15526,5685791015.625000,2.240570308183e+02,3.136798431456e+02,3.169173167571e+02,2.351866461419e+02,2.130517494873e+02,3.186374185522e+02,1.000000000000e+00,-0.782625476472
371,15527,5686157226.562500,-2.240570308183e+02,1.344342184910e+02,-1.764080512183e+02,2.010224266493e+02,-2.478921059807e+02,1.625092564013e+02,1.000000000000e+00,-0.806931242165
372,15528,5686523437.500000,-3.136798431456e+02,-2.240570308183e+02,-3.756148914897e+02,-1.204144048391e+02,-3.578997706243e+02,-1.932333651924e+02,1.000000000000e+00,-0.831262424012
373,15529,5686889648.437500,-2.240570308183e+02,3.136798431456e+02,-1.204075967270e+02,3.754889409752e+02,-2.382327508146e+02,3.415221430982e+02,1.000000000000e+00,-0.855618983632
374,15530,5687255859.375000,2.240570308183e+02,-2.240570308183e+02,1.482575957189e+02,-2.883098813042e+02,1.811642173614e+02,-2.245751577519e+02,1.000000000000e+00,-0.880000878489
375,15531,5687622070.312500,2.240570308183e+02,-1.344342184910e+02,1.761936527920e+02,-2.012110815529e+02,1.858248043941e+02,-1.356070154330e+02,1.000000000000e+00,-0.904408061850
376,15532,5687988281.250000,3.136798431456e+02,1.344342184910e+02,3.479537306529e+02,3.244750945720e+01,2.917366731506e+02,1.281428683632e+02,1.000000000000e+00,-0.928840482751
377,15533,5688354492.187500,1.344342184910e+02,-2.240570308183e+02,6.093343243014e+01,-2.604176524328e+02,8.959735177072e+01,-2.218402972083e+02,1.000000000000e+00,-0.953298085954
378,15534,5688720703.125000,4.481140616365e+01,-2.240570308183e+02,-2.607455649989e+01,-2.323161342523e+02,-6.436729919217e-01,-2.169975475660e+02,1.000000000000e+00,-0.977780811913
379,15535,5689086914.062500,2.240570308183e+02,-3.136798431456e+02,1.211871049915e+02,-3.752394031210e+02,1.738294769514e+02,-3.182539787610e+02,1.000000000000e+00,-1.002288596740
380,15536,5689453125.000000,2.240570308183e+02,-2.240570308183e+02,1.493519480532e+02,-2.879338296982e+02,1.790365057746e+02,-2.291156918141e+02,1.000000000000e+00,-1.026821372168
381,15537,5689819335.937500,-2.240570308183e+02,2.240570308183e+02,-1.497363647570e+02,2.879957588386e+02,-2.450058402627e+02,2.473197917853e+02,1.000000000000e+00,-1.051379065518
382,15538,5690185546.875000,2.240570308183e+02,4.481140616365e+01,2.327301373126e+02,-2.532245994803e+01,1.947804838891e+02,3.949857767820e+01,1.000000000000e+00,-1.075961599666
383,15539,5690551757.812500,-4.481140616365e+01,1.344342184910e+02,-2.228631621202e+00,1.451086520085e+02,-7.015977355558e+01,1.451958395764e+02,1.000000000000e+00,-1.100568893010
384,15540,5690917968.750000,1.344342184910e+02,3.136798431456e+02,2.282328495134e+02,2.645124600304e+02,1.214225930474e+02,3.131384407949e+02,1.000000000000e+00,-1.125200859443
385,15541,5691284179.687500,3.136798431456e+02,4.481140616365e+01,3.200504901344e+02,-5.254092201763e+01,2.840826735344e+02,3.126875799833e+01,1.000000000000e+00,-1.149857408319
386,15542,5691650390.625000,3.136798431456e+02,-2.240570308183e+02,2.385261152929e+02,-3.142811143899e+02,2.675985215850e+02,-2.388947101919e+02,1.000000000000e+00,-1.174538444428
387,15543,5692016601.562500,2.240570308183e+02,3.136798431456e+02,3.134993936347e+02,2.395138892887e+02,2.092795773177e+02,3.065281510000e+02,1.000000000000e+00,-1.199243867967
388,15544,5692382812.500000,-3.136798431456e+02,2.240570308183e+02,-2.399593402656e+02,3.131111878879e+02,-3.364116838927e+02,2.470557266864e+02,1.000000000000e+00,-1.223973574515
389,15545,5692749023.437500,2.240570308183e+02,-2.240570308183e+02,1.526625631391e+02,-2.860457941418e+02,1.777158647755e+02,-2.350307130964e+02,1.000000000000e+00,-1.248727455010
390,15546,5693115234.375000,-3.136798431456e+02,-4.481140616365e+01,-3.204818958923e+02,4.910771144605e+01,-3.522064591941e+02,-2.457976583461e+01,1.000000000000e+00,-1.273505395720
391,15547,5693481445.312500,2.240570308183e+02,-2.240570308183e+02,1.531854107601e+02,-2.857848515331e+02,1.773641218492e+02,-2.366508383966e+02,1.000000000000e+00,-1.298307278230
392,15548,5693847656.250000,2.240570308183e+02,-2.240570308183e+02,1.533678742574e+02,-2.857195272229e+02,1.771427827421e+02,-2.375530658058e+02,1.000000000000e+00,-1.323132979413
393,15549,5694213867.187500,4.481140616365e+01,4.481140616365e+01,5.710454269493e+01,3.075592806553e+01,1.294985786526e+01,4.245902986879e+01,1.000000000000e+00,-1.347982371418
394,15550,5694580078.125000,3.136798431456e+02,1.344342184910e+02,3.469731344515e+02,4.026177471856e+01,2.882904783969e+02,1.160635786020e+02,1.000000000000e+00,-1.372855321647
395,15551,5694946289.062500,3.136798431456e+02,1.344342184910e+02,3.469104210670e+02,4.095291818538e+01,2.882116042801e+02,1.155319311164e+02,1.000000000000e+00,-1.397751692743
396,15552,5695312500.000000,2.240570308183e+02,4.481140616365e+01,2.330206039671e+02,-2.037591921218e+01,1.929342487506e+02,3.024453593130e+01,1.000000000000e+00,-1.422671342575
397,15553,5695678710.937500,3.136798431456e+02,4.481140616365e+01,3.212523729458e+02,-4.521111861537e+01,2.830225064252e+02,2.491226248633e+01,1.000000000000e+00,-1.447614124224
398,15554,5696044921.875000,-3.136798431456e+02,4.481140616365e+01,-2.960959145801e+02,1.326128775566e+02,-3.477218639158e+02,5.839320666399e+01,1.000000000000e+00,-1.472579885971
399,15555,5696411132.812500,-1.344342184910e+02,3.136798431456e+02,-4.373166009995e+01,3.465031322763e+02,-1.523647619878e+02,3.183286114337e+02,1.000000000000e+00,-1.497568471293
400,15556,5696777343.750000,-1.344342184910e+02,1.344342184910e+02,-9.423489918910e+01,1.701069661964e+02,-1.619743955991e+02,1.376186261700e+02,1.000000000000e+00,-1.522579718849
401,15557,5697143554.687500,1.344342184910e+02,-1.344342184910e+02,9.442966826758e+01,-1.699599484298e+02,9.265437420134e+01,-1.485154397856e+02,1.000000000000e+00,-1.547613462479
402,15558,5697509765.625000,2.240570308183e+02,4.481140616365e+01,2.330550674172e+02,-1.808618483154e+01,1.930451929114e+02,2.600407213048e+01,1.000000000000e+00,-1.572669531197
403,15559,5697875976.562500,2.240570308183e+02,2.240570308183e+02,2.823741111525e+02,1.594249742401e+02,2.027983971407e+02,2.058307877177e+02,1.000000000000e+00,-1.597747749191
404,15560,5698242187.500000,-1.344342184910e+02,-1.344342184910e+02,-1.692035950597e+02,-9.618288268276e+01,-1.764759550787e+02,-1.361264460902e+02,1.000000000000e+00,-1.622847935820
405,15561,5698608398.437500,-4.481140616365e+01,-1.344342184910e+02,-8.044876767638e+01,-1.207806454748e+02,-8.611480479716e+01,-1.416579956342e+02,1.000000000000e+00,-1.647969905619
406,15562,5698974609.375000,-1.344342184910e+02,-1.344342184910e+02,-1.688088886600e+02,-9.715180740578e+01,-1.760161547264e+02,-1.379795372800e+02,1.000000000000e+00,-1.673113468302
407,15563,5699340820.312500,-1.344342184910e+02,1.344342184910e+02,-9.700078239420e+01,1.687646773780e+02,-1.619312460910e+02,1.320171586846e+02,1.000000000000e+00,-1.698278428766
408,15564,5699707031.250000,1.344342184910e+02,-1.344342184910e+02,9.680257018678e+01,-1.687318091795e+02,9.404090404702e+01,-1.533793182047e+02,1.000000000000e+00,-1.723464587097
409,15565,5700073242.187500,-2.240570308183e+02,1.344342184910e+02,-1.852455794848e+02,1.925685836576e+02,-2.508112911342e+02,1.359636767628e+02,1.000000000000e+00,-1.748671738585
410,15566,5700439453.125000,4.481140616365e+01,4.481140616365e+01,5.606614488195e+01,3.248393210222e+01,1.419234880900e+01,3.020198071641e+01,1.000000000000e+00,-1.773899673732
411,15567,5700805664.062500,2.240570308183e+02,2.240570308183e+02,2.796217741698e+02,1.635381386950e+02,2.035297752264e+02,2.002984795100e+02,1.000000000000e+00,-1.799148178266
412,15568,5701171875.000000,1.344342184910e+02,-2.240570308183e+02,7.568191823209e+01,-2.561766080274e+02,9.095829253636e+01,-2.455180234559e+02,1.000000000000e+00,-1.824417033157
413,15569,5701538085.937500,-4.481140616365e+01,-2.240570308183e+02,-1.013533498401e+02,-2.105019829154e+02,-8.874235692191e+01,-2.372385726256e+02,1.000000000000e+00,-1.849706014637
414,15570,5701904296.875000,-3.136798431456e+02,4.481140616365e+01,-2.995387377373e+02,1.236156044870e+02,-3.450020983366e+02,4.558007223979e+01,1.000000000000e+00,-1.875014894217
415,15571,5702270507.812500,3.136798431456e+02,-4.481140616365e+01,2.998827691460e+02,-1.230529731458e+02,2.810146295877e+02,-7.660216506351e+01,1.000000000000e+00,-1.900343438712
416,15572,5702636718.750000,1.344342184910e+02,-1.344342184910e+02,1.000279638270e+02,-1.668788353203e+02,9.682992611587e+01,-1.583834124098e+02,1.000000000000e+00,-1.925691410265
417,15573,5703002929.687500,-4.481140616365e+01,-4.481140616365e+01,-5.557785120714e+01,-3.346964394487e+01,-7.855037742172e+01,-6.007871344450e+01,1.000000000000e+00,-1.951058566373
418,15574,5703369140.625000,-2.240570308183e+02,1.344342184910e+02,-1.895502379354e+02,1.886002472797e+02,-2.493207043221e+02,1.285269558463e+02,1.000000000000e+00,-1.976444659915
419,15575,5703735351.562500,1.344342184910e+02,-2.240570308183e+02,7.869335799118e+01,-2.554430455603e+02,9.292801286765e+01,-2.506026161052e+02,1.000000000000e+00,-2.001849439188
420,15576,5704101562.500000,4.481140616365e+01,-3.136798431456e+02,-3.183988792095e+01,-3.224917090215e+02,-1.564899109482e+00,-3.366200285620e+02,1.000000000000e+00,-2.027272647935
421,15577,5704467773.437500,-3.136798431456e+02,-1.344342184910e+02,-3.442308279024e+02,-5.797395189311e+01,-3.518877977204e+02,-1.386787372454e+02,1.000000000000e+00,-2.052714025384
422,15578,5704833984.375000,4.481140616365e+01,-1.344342184910e+02,1.244864484803e+01,-1.444346294679e+02,8.672750610167e+00,-1.579076228583e+02,1.000000000000e+00,-2.078173306284
423,15579,5705200195.312500,1.344342184910e+02,4.481140616365e+01,1.444189408664e+02,1.287368847457e+01,1.083409706103e+02,1.707052222117e+01,1.000000000000e+00,-2.103650220949
424,15580,5705566406.250000,4.481140616365e+01,-2.240570308183e+02,-7.473920872095e+00,-2.337049238046e+02,5.471461337671e+00,-2.491926470837e+02,1.000000000000e+00,-2.129144495297
425,15581,5705932617.187500,4.481140616365e+01,2.240570308183e+02,9.605768236924e+01,2.132181729136e+02,2.754506128933e+01,2.007086534209e+02,1.000000000000e+00,-2.154655850895
426,15582,5706298828.125000,2.240570308183e+02,-1.344342184910e+02,1.929301455369e+02,-1.850421403134e+02,1.910503590316e+02,-1.688088140704e+02,1.000000000000e+00,-2.180184005010
427,15583,5706665039.062500,-3.136798431456e+02,-3.136798431456e+02,-3.836922274177e+02,-2.419872877282e+02,-3.574522066380e+02,-3.235187673463e+02,1.000000000000e+00,-2.205728670654
428,15584,5707031250.000000,3.136798431456e+02,1.344342184910e+02,3.429537826039e+02,6.368724832444e+01,2.947307699117e+02,9.541473785744e+01,1.000000000000e+00,-2.231289556639
429,15585,5707397460.937500,-2.240570308183e+02,4.481140616365e+01,-2.135287352835e+02,9.449816265092e+01,-2.489591407813e+02,3.115502651581e+01,1.000000000000e+00,-2.256866367630
430,15586,5707763671.875000,1.344342184910e+02,-4.481140616365e+01,1.242630499637e+02,-7.431286767650e+01,1.069686493114e+02,-7.690090259146e+01,1.000000000000e+00,-2.282458804201
431,15587,5708129882.812500,-1.344342184910e+02,-4.481140616365e+01,-1.439508060885e+02,-1.552087620204e+01,-1.623055138616e+02,-6.440674139667e+01,1.000000000000e+00,-2.308066562892
432,15588,5708496093.750000,2.240570308183e+02,-1.344342184910e+02,1.953224301876e+02,-1.820927137321e+02,1.940735079605e+02,-1.716865175600e+02,1.000000000000e+00,-2.333689336277
433,15589,5708862304.687500,-4.481140616365e+01,1.344342184910e+02,-1.679686095671e+01,1.438797610141e+02,-6.330922171304e+01,1.099744314341e+02,1.000000000000e+00,-2.359326813016
434,15590,5709228515.625000,-4.481140616365e+01,3.136798431456e+02,1.978680377046e+01,3.233507411844e+02,-5.507876957490e+01,2.894977996556e+02,1.000000000000e+00,-2.384978677930
435,15591,5709594726.562500,2.240570308183e+02,3.136798431456e+02,2.886779413702e+02,2.683483252787e+02,2.157994093771e+02,2.772267831135e+02,1.000000000000e+00,-2.410644612064
436,15592,5709960937.500000,-2.240570308183e+02,-1.344342184910e+02,-2.518712593032e+02,-8.914574762308e+01,-2.535431034672e+02,-1.535487169642e+02,1.000000000000e+00,-2.436324292757
437,15593,5710327148.437500,4.481140616365e+01,3.136798431456e+02,1.077312926667e+02,3.054741166248e+02,3.685440157694e+01,2.840591718684e+02,1.000000000000e+00,-2.462017393715
438,15594,5710693359.375000,-2.240570308183e+02,-4.481140616365e+01,-2.335007281168e+02,-8.257847572038e-01,-2.481407670734e+02,-6.492092893067e+01,1.000000000000e+00,-2.487723585084
439,15595,5711059570.312500,3.136798431456e+02,1.344342184910e+02,3.406481788321e+02,7.422299387973e+01,2.997398302604e+02,9.204455350921e+01,1.000000000000e+00,-2.513442533527
440,15596,5711425781.250000,4.481140616365e+01,-4.481140616365e+01,3.652294637511e+01,-5.343028525170e+01,2.317999983694e+01,-7.710014914037e+01,1.000000000000e+00,-2.539173902301
441,15597,5711791992.187500,-3.136798431456e+02,-1.344342184910e+02,-3.397396368657e+02,-7.728277185343e+01,-3.390389368418e+02,-1.542364050225e+02,1.000000000000e+00,-2.564917351339
442,15598,5712158203.125000,-4.481140616365e+01,4.481140616365e+01,-3.695465817403e+01,5.312067216695e+01,-6.217074241091e+01,1.530034689422e+01,1.000000000000e+00,-2.590672537330
443,15599,5712524414.062500,-4.481140616365e+01,-3.136798431456e+02,-1.009562779558e+02,-3.076728284341e+02,-7.410453216468e+01,-3.451162443596e+02,1.000000000000e+00,-2.616439113803
444,15600,5712890625.000000,3.136798431456e+02,-4.481140616365e+01,3.081636803206e+02,-1.002920809481e+02,2.962582938449e+02,-8.801091413391e+01,1.000000000000e+00,-2.642216731218
445,15601,5713256835.937500,-3.136798431456e+02,-1.344342184910e+02,-3.395527160183e+02,-8.086781397085e+01,-3.368632382041e+02,-1.564269409364e+02,1.000000000000e+00,-2.668005037046
446,15602,5713623046.875000,3.136798431456e+02,3.136798431456e+02,3.703092981720e+02,2.619372448777e+02,3.104757650724e+02,2.709931175799e+02,1.000000000000e+00,-2.693803675867
447,15603,5713989257.812500,-2.240570308183e+02,4.481140616365e+01,-2.181091073261e+02,8.355044542456e+01,-2.388364257803e+02,2.024323722818e+01,1.000000000000e+00,-2.719612289455
448,15604,5714355468.750000,-2.240570308183e+02,-1.344342184910e+02,-2.484621725544e+02,-9.777305612524e+01,-2.446874261070e+02,-1.602446553965e+02,1.000000000000e+00,-2.745430516874
449,15605,5714721679.687500,3.136798431456e+02,-2.240570308183e+02,2.791712455423e+02,-2.777291946839e+02,2.927757150575e+02,-2.700228482636e+02,1.000000000000e+00,-2.771257994576
450,15606,5715087890.625000,1.344342184910e+02,-4.481140616365e+01,1.283202979011e+02,-6.695579818527e+01,1.200260159280e+02,-8.377236607091e+01,1.000000000000e+00,-2.797094356491
451,15607,5715454101.562500,-4.481140616365e+01,4.481140616365e+01,-3.819907202094e+01,5.228547508181e+01,-5.618531777350e+01,1.207725797069e+01,1.000000000000e+00,-2.822939234132
452,15608,5715820312.500000,-1.344342184910e+02,-1.344342184910e+02,-1.563698264022e+02,-1.153815574055e+02,-1.510381819643e+02,-1.656726927143e+02,1.000000000000e+00,-2.848792256691
453,15609,5716186523.437500,-1.344342184910e+02,2.240570308183e+02,-1.023893084110e+02,2.466930554383e+02,-1.396052445441e+02,1.942120545271e+02,1.000000000000e+00,-2.874653051141
454,15610,5716552734.375000,4.481140616365e+01,-2.240570308183e+02,1.192983441918e+01,-2.332080967373e+02,2.751171071958e+01,-2.616222720413e+02,1.000000000000e+00,-2.900521242338
455,15611,5716918945.312500,3.136798431456e+02,-3.136798431456e+02,2.706159660831e+02,-3.635888026078e+02,2.949029606553e+02,-3.607263490435e+02,1.000000000000e+00,-2.926396453129
456,15612,5717285156.250000,-3.136798431456e+02,1.344342184910e+02,-2.977285131230e+02,1.816473009479e+02,-3.196593256640e+02,1.097032810583e+02,1.000000000000e+00,-2.952278304452
457,15613,5717651367.187500,3.136798431456e+02,2.240570308183e+02,3.494674244521e+02,1.821564066771e+02,3.140976582027e+02,1.793321522867e+02,1.000000000000e+00,-2.978166415446
458,15614,5718017578.125000,2.240570308183e+02,4.481140616365e+01,2.332461189908e+02,1.420500250320e+01,2.191155379971e+02,2.104522886974e+00,1.000000000000e+00,-3.004060403557
459,15615,5718383789.062500,-1.344342184910e+02,2.240570308183e+02,-1.058270453652e+02,2.453266592554e+02,-1.351220268990e+02,1.931069778130e+02,1.000000000000e+00,-3.029959884648
460,15616,5718750000.000000,3.136798431456e+02,2.240570308183e+02,3.476387771228e+02,1.856455136410e+02,3.157452450175e+02,1.797785373473e+02,1.000000000000e+00,-3.055864473111
461,15617,5719116210.937500,3.136798431456e+02,3.136798431456e+02,3.585906160761e+02,2.775033472557e+02,3.188548559802e+02,2.698330185914e+02,1.000000000000e+00,-3.081773781972
462,15618,5719482421.875000,-3.136798431456e+02,3.136798431456e+02,-2.781206043334e+02,3.578915761174e+02,-3.104672777352e+02,2.875572877761e+02,1.000000000000e+00,-3.107687423009
463,15619,5719848632.812500,-1.344342184910e+02,2.240570308183e+02,-1.082504658983e+02,2.439289135307e+02,-1.321292723338e+02,1.922470179109e+02,1.000000000000e+00,-3.133605006861
464,15620,5720214843.750000,-2.240570308183e+02,-2.240570308183e+02,-2.547886566422e+02,-1.996630332330e+02,-2.345389514000e+02,-2.550597905397e+02,1.000000000000e+00,3.123659164038
465,15621,5720581054.687500,3.136798431456e+02,-1.344342184910e+02,3.021367197541e+02,-1.744193632082e+02,3.089996677821e+02,-1.812116874537e+02,1.000000000000e+00,3.097734866625
466,15622,5720947265.625000,4.481140616365e+01,1.344342184910e+02,6.152658546087e+01,1.312498028724e+02,4.772842839097e+01,9.701252197883e+01,1.000000000000e+00,3.071807800172
467,15623,5721313476.562500,3.136798431456e+02,-3.136798431456e+02,2.826516391158e+02,-3.550912458235e+02,3.056752069578e+02,-3.614274421812e+02,1.000000000000e+00,3.045878357452
468,15624,5721679687.500000,3.136798431456e+02,3.136798431456e+02,3.540542616610e+02,2.840002561372e+02,3.243569114569e+02,2.699180675981e+02,1.000000000000e+00,3.019946931803
469,15625,5722045898.437500,3.136798431456e+02,4.481140616365e+01,3.240097838310e+02,1.180736057142e+01,3.176162846939e+02,-2.237230338760e-02,1.000000000000e+00,2.994013917014
470,15626,5722412109.375000,-1.344342184910e+02,-2.240570308183e+02,-1.599038456544e+02,-2.142926416698e+02,-1.389038917244e+02,-2.589965423801e+02,1.000000000000e+00,2.968079707206
471,15627,5722778320.312500,-4.481140616365e+01,4.481140616365e+01,-4.126010260404e+01,5.003389912254e+01,-4.166202671968e+01,9.270975255924e+00,1.000000000000e+00,2.942144696716
472,15628,5723144531.250000,3.136798431456e+02,-3.136798431456e+02,2.902067749248e+02,-3.490101115404e+02,3.125808956081e+02,-3.584842604567e+02,1.000000000000e+00,2.916209279982
473,15629,5723510742.187500,1.344342184910e+02,3.136798431456e+02,1.654095758599e+02,3.073612265816e+02,1.452252695634e+02,2.761882102826e+02,1.000000000000e+00,2.890273851425
474,15630,5723876953.125000,-3.136798431456e+02,3.136798431456e+02,-2.919905195537e+02,3.470147361415e+02,-3.046488663357e+02,2.846161024287e+02,1.000000000000e+00,2.864338805333
475,15631,5724243164.062500,-1.344342184910e+02,2.240570308183e+02,-1.179751195550e+02,2.395769178523e+02,-1.255029629470e+02,1.911251223756e+02,1.000000000000e+00,2.838404535742
476,15632,5724609375.000000,-2.240570308183e+02,3.136798431456e+02,-2.026861594664e+02,3.377306127398e+02,-2.133540184627e+02,2.826971644920e+02,1.000000000000e+00,2.812471436325
477,15633,5724975585.937500,-3.136798431456e+02,1.344342184910e+02,-3.089913761643e+02,1.614531722339e+02,-3.057752644422e+02,1.040591639717e+02,1.000000000000e+00,2.786539900270
478,15634,5725341796.875000,1.344342184910e+02,2.240570308183e+02,1.541348590548e+02,2.178805756986e+02,1.467891844690e+02,1.865916307928e+02,1.000000000000e+00,2.760610320168
479,15635,5725708007.812500,4.481140616365e+01,-1.344342184910e+02,3.547935554997e+01,-1.403052039481e+02,5.101414599911e+01,-1.717014451155e+02,1.000000000000e+00,2.734683087896
480,15636,5726074218.750000,4.481140616365e+01,3.136798431456e+02,6.883405366387e+01,3.161775529588e+02,6.048954595540e+01,2.783795252278e+02,1.000000000000e+00,2.708758594502
481,15637,5726440429.687500,1.344342184910e+02,-4.481140616365e+01,1.338085758385e+02,-5.516459051486e+01,1.442063059828e+02,-8.301906935806e+01,1.000000000000e+00,2.682837230091
482,15638,5726806640.625000,2.240570308183e+02,4.481140616365e+01,2.314041089684e+02,3.055734601660e+01,2.366456032816e+02,5.687896308277e+00,1.000000000000e+00,2.656919383712
483,15639,5727172851.562500,4.481140616365e+01,1.344342184910e+02,5.433901938665e+01,1.341806662401e+02,5.888959283652e+01,9.923243535343e+01,1.000000000000e+00,2.631005443243
484,15640,5727539062.500000,4.481140616365e+01,2.240570308183e+02,5.943867119126e+01,2.257243023493e+02,6.105552861772e+01,1.895250788972e+02,1.000000000000e+00,2.605095795282
485,15641,5727905273.437500,1.344342184910e+02,-2.240570308183e+02,1.240324149964e+02,-2.363456536434e+02,1.443526381140e+02,-2.617299648356e+02,1.000000000000e+00,2.579190825031
486,15642,5728271484.375000,-1.344342184910e+02,4.481140616365e+01,-1.347143421660e+02,5.304101883998e+01,-1.206802441716e+02,1.280705100314e+01,1.000000000000e+00,2.553290916189
487,15643,5728637695.312500,-2.240570308183e+02,-4.481140616365e+01,-2.309518636030e+02,-3.446793999362e+01,-2.113220187475e+02,-7.599209523060e+01,1.000000000000e+00,2.527396450843
488,15644,5729003906.250000,3.136798431456e+02,-3.136798431456e+02,3.058389073768e+02,-3.347978253249e+02,3.268187280794e+02,-3.524791973628e+02,1.000000000000e+00,2.501507809356
489,15645,5729370117.187500,-1.344342184910e+02,2.240570308183e+02,-1.274964852913e+02,2.347438220938e+02,-1.167503328765e+02,1.935180329597e+02,1.000000000000e+00,2.475625370263
490,15646,5729736328.125000,2.240570308183e+02,-2.240570308183e+02,2.196189855451e+02,-2.381977867357e+02,2.391905710215e+02,-2.607790278528e+02,1.000000000000e+00,2.449749510164
491,15647,5730102539.062500,3.136798431456e+02,-1.344342184910e+02,3.152756075944e+02,-1.495968668566e+02,3.310409677400e+02,-1.713295357558e+02,1.000000000000e+00,2.423880603617
492,15648,5730468750.000000,4.481140616365e+01,4.481140616365e+01,4.740821563497e+01,4.416033834335e+01,6.340899224249e+01,1.236373735585e+01,1.000000000000e+00,2.398019023038
493,15649,5730834960.937500,4.481140616365e+01,1.344342184910e+02,5.028138047723e+01,1.358393783146e+02,6.501319984141e+01,1.028414258885e+02,1.000000000000e+00,2.372165138597
494,15650,5731201171.875000,-2.240570308183e+02,-2.240570308183e+02,-2.355231375978e+02,-2.223822999485e+02,-2.080557185748e+02,-2.546071257093e+02,1.000000000000e+00,2.346319318118
495,15651,5731567382.812500,1.344342184910e+02,4.481140616365e+01,1.385137359350e+02,4.258495008247e+01,1.552911821792e+02,1.327068625582e+01,1.000000000000e+00,2.320481926978
496,15652,5731933593.750000,4.481140616365e+01,-2.240570308183e+02,4.164595886632e+01,-2.300047727761e+02,6.484304596849e+01,-2.560753892351e+02,1.000000000000e+00,2.294653328012
497,15653,5732299804.687500,-1.344342184910e+02,4.481140616365e+01,-1.366241096869e+02,4.830672783100e+01,-1.138507535434e+02,1.567654409057e+01,1.000000000000e+00,2.268833881414
498,15654,5732666015.625000,-3.136798431456e+02,2.240570308183e+02,-3.161971848690e+02,2.350814030442e+02,-2.916427467171e+02,1.982363619181e+02,1.000000000000e+00,2.243023944646
499,15655,5733032226.562500,3.136798431456e+02,1.344342184910e+02,3.230973385938e+02,1.310605102488e+02,3.389695463071e+02,1.023429892097e+02,1.000000000000e+00,2.217223872343
500,15656,5733398437.500000,3.136798431456e+02,3.136798431456e+02,3.252980477900e+02,3.156076948252e+02,3.409350959595e+02,2.835981163902e+02,1.000000000000e+00,2.191434016223
501,15657,5733764648.437500,-3.136798431456e+02,-2.240570308183e+02,-3.229351470745e+02,-2.254877330256e+02,-2.932146500460e+02,-2.511134778696e+02,1.000000000000e+00,2.165654724999
502,15658,5734130859.375000,1.344342184910e+02,1.344342184910e+02,1.382265965981e+02,1.364799926216e+02,1.598075071332e+02,1.067460135849e+02,1.000000000000e+00,2.139886344288
503,15659,5734497070.312500,-3.136798431456e+02,-2.240570308183e+02,-3.209455019746e+02,-2.282102361900e+02,-2.911148058683e+02,-2.513391672460e+02,1.000000000000e+00,2.114129216531
504,15660,5734863281.250000,2.240570308183e+02,-1.344342184910e+02,2.291518365233e+02,-1.368454543988e+02,2.501468026306e+02,-1.618399080564e+02,1.000000000000e+00,2.088383680906
505,15661,5735229492.187500,2.240570308183e+02,1.344342184910e+02,2.281687528476e+02,1.385817545079e+02,2.508109626504e+02,1.090572092983e+02,1.000000000000e+00,2.062650073248
506,15662,5735595703.125000,-1.344342184910e+02,-1.344342184910e+02,-1.362728228293e+02,-1.385234442206e+02,-1.087306077498e+02,-1.607412261676e+02,1.000000000000e+00,2.036928725968
507,15663,5735961914.062500,-2.240570308183e+02,-3.136798431456e+02,-2.255596549577e+02,-3.232304806599e+02,-1.980347699406e+02,-3.406679381829e+02,1.000000000000e+00,2.011219967979
508,15664,5736328125.000000,-2.240570308183e+02,-2.240570308183e+02,-2.257877970892e+02,-2.323987065606e+02,-1.973978650990e+02,-2.502818766395e+02,1.000000000000e+00,1.985524124618
509,15665,5736694335.937500,2.240570308183e+02,1.344342184910e+02,2.266261009265e+02,1.415685035149e+02,2.525378315813e+02,1.123496255919e+02,1.000000000000e+00,1.959841517573
510,15666,5737060546.875000,-2.240570308183e+02,-1.344342184910e+02,-2.261334483644e+02,-1.423109741151e+02,-1.963255404905e+02,-1.595385527617e+02,1.000000000000e+00,1.934172464816
511,15667,5737426757.812500,-3.136798431456e+02,2.240570308183e+02,-3.258218149663e+02,2.212749820300e+02,-2.876924721381e+02,2.008047757761e+02,1.000000000000e+00,1.908517280527
512,15668,5737792968.750000,-4.481140616365e+01,-1.344342184910e+02,-4.215649347172e+01,-1.383877120376e+02,-1.503275730670e+01,-1.571533786195e+02,1.000000000000e+00,1.882876275034
513,15669,5738159179.687500,-1.344342184910e+02,-3.136798431456e+02,-1.279758104615e+02,-3.240001774443e+02,-1.033260683701e+02,-3.370254469378e+02,1.000000000000e+00,1.857249754746
514,15670,5738525390.625000,3.136798431456e+02,2.240570308183e+02,3.130176406496e+02,2.389360786234e+02,3.434756218667e+02,2.067140211376e+02,1.000000000000e+00,1.831638022090
515,15671,5738891601.562500,-1.344342184910e+02,-1.344342184910e+02,-1.325805625882e+02,-1.421287745026e+02,-1.036001364679e+02,-1.562800749532e+02,1.000000000000e+00,1.806041375452
516,15672,5739257812.500000,3.136798431456e+02,3.136798431456e+02,3.087222227917e+02,3.322602605430e+02,3.436067973662e+02,2.985779486545e+02,1.000000000000e+00,1.780460109119
517,15673,5739624023.437500,-1.344342184910e+02,4.481140616365e+01,-1.390632457942e+02,4.051966789910e+01,-1.042676971075e+02,2.531147377938e+01,1.000000000000e+00,1.754894513227
518,15674,5739990234.375000,1.344342184910e+02,-4.481140616365e+01,1.390914693470e+02,-4.029874685360e+01,1.669765889131e+02,-6.208883043762e+01,1.000000000000e+00,1.729344873702
519,15675,5740356445.312500,-2.240570308183e+02,2.240570308183e+02,-2.386038267255e+02,2.189484059388e+02,-1.951332519998e+02,2.059508115801e+02,1.000000000000e+00,1.703811472211
520,15676,5740722656.250000,-2.240570308183e+02,2.240570308183e+02,-2.393332777157e+02,2.181965094998e+02,-1.950990726638e+02,2.063763009878e+02,1.000000000000e+00,1.678294586118
521,15677,5741088867.187500,-1.344342184910e+02,-1.344342184910e+02,-1.304603172100e+02,-1.440259363650e+02,-1.010934921572e+02,-1.525419942695e+02,1.000000000000e+00,1.652794488431
522,15678,5741455078.125000,-2.240570308183e+02,1.344342184910e+02,-2.358863334390e+02,1.251750190951e+02,-1.939196831221e+02,1.171249606196e+02,1.000000000000e+00,1.627311447762
523,15679,5741821289.062500,-3.136798431456e+02,2.240570308183e+02,-3.327882447769e+02,2.107506752940e+02,-2.850069636250e+02,2.063917777178e+02,1.000000000000e+00,1.601845728287
524,15680,5742187500.000000,-3.136798431456e+02,1.344342184910e+02,-3.279632675172e+02,1.184096536105e+02,-2.835998303123e+02,1.167882294729e+02,1.000000000000e+00,1.576397589701
525,15681,5742553710.937500,1.344342184910e+02,-1.344342184910e+02,1.454072957555e+02,-1.287551023697e+02,1.706541851020e+02,-1.462257205881e+02,1.000000000000e+00,1.550967287185
526,15682,5742919921.875000,1.344342184910e+02,-2.240570308183e+02,1.514319338871e+02,-2.197704622448e+02,1.722495818696e+02,-2.354450544253e+02,1.000000000000e+00,1.525555071370
527,15683,5743286132.812500,1.344342184910e+02,-4.481140616365e+01,1.400216662995e+02,-3.668767649945e+01,1.698564544005e+02,-5.460410288487e+01,1.000000000000e+00,1.500161188307
528,15684,5743652343.750000,4.481140616365e+01,1.344342184910e+02,3.631700560734e+01,1.401327122425e+02,7.716181448683e+01,1.248098981529e+02,1.000000000000e+00,1.474785879432
529,15685,5744018554.687500,1.344342184910e+02,-4.481140616365e+01,1.402450866210e+02,-3.593734786367e+01,1.703554899595e+02,-5.291390431370e+01,1.000000000000e+00,1.449429381540
530,15686,5744384765.625000,-2.240570308183e+02,-2.240570308183e+02,-2.111889558209e+02,-2.454030497489e+02,-1.860355219936e+02,-2.389023914024e+02,1.000000000000e+00,1.424091926760
531,15687,5744750976.562500,1.344342184910e+02,-4.481140616365e+01,1.405508466233e+02,-3.485194522357e+01,1.708961135744e+02,-5.087649768588e+01,1.000000000000e+00,1.398773742533
532,15688,5745117187.500000,2.240570308183e+02,-4.481140616365e+01,2.319988328448e+02,-2.681346586826e+01,2.612002991998e+02,-4.779504486453e+01,1.000000000000e+00,1.373475051584
533,15689,5745483398.437500,2.240570308183e+02,-1.344342184910e+02,2.399986216737e+02,-1.174084117120e+02,2.636903418466e+02,-1.368470696149e+02,1.000000000000e+00,1.348196071912
534,15690,5745849609.375000,-4.481140616365e+01,-3.136798431456e+02,-1.727998897467e+01,-3.236747527435e+02,-1.614841239609e+00,-3.231084857739e+02,1.000000000000e+00,1.322937016765
535,15691,5746215820.312500,2.240570308183e+02,-1.344342184910e+02,2.406885725811e+02,-1.161330354108e+02,2.642031054501e+02,-1.349288407155e+02,1.000000000000e+00,1.297698094627
536,15692,5746582031.250000,2.240570308183e+02,2.240570308183e+02,2.068607185993e+02,2.492191100793e+02,2.545610031407e+02,2.261203149024e+02,1.000000000000e+00,1.272479509210
537,15693,5746948242.187500,1.344342184910e+02,-2.240570308183e+02,1.582839290712e+02,-2.149289257669e+02,1.764871732999e+02,-2.256470540738e+02,1.000000000000e+00,1.247281459437
538,15694,5747314453.125000,-4.481140616365e+01,-2.240570308183e+02,-2.320888514038e+01,-2.322613140686e+02,-3.060121611348e+00,-2.297693994992e+02,1.000000000000e+00,1.222104139434
539,15695,5747680664.062500,3.136798431456e+02,-1.344342184910e+02,3.327410484096e+02,-1.041557477998e+02,3.546762570030e+02,-1.281094796692e+02,1.000000000000e+00,1.196947738529
540,15696,5748046875.000000,2.240570308183e+02,1.344342184910e+02,2.132672029235e+02,1.606057884414e+02,2.561819710135e+02,1.403178122477e+02,1.000000000000e+00,1.171812441239
541,15697,5748413085.937500,1.344342184910e+02,-4.481140616365e+01,1.414868782253e+02,-3.084532728930e+01,1.720637726395e+02,-4.180158665344e+01,1.000000000000e+00,1.146698427275
542,15698,5748779296.875000,-4.481140616365e+01,-2.240570308183e+02,-2.058016554498e+01,-2.326247651885e+02,-1.944638325334e+00,-2.270647382214e+02,1.000000000000e+00,1.121605871536
543,15699,5749145507.812500,-2.240570308183e+02,2.240570308183e+02,-2.528317912571e+02,2.023969903700e+02,-1.970234358942e+02,2.178777969964e+02,1.000000000000e+00,1.096534944110
544,15700,5749511718.750000,-3.136798431456e+02,-4.481140616365e+01,-3.135885866244e+02,-8.077411723323e+01,-2.782212188820e+02,-5.391594677092e+01,1.000000000000e+00,1.071485810282
545,15701,5749877929.687500,-2.240570308183e+02,3.136798431456e+02,-2.627725684882e+02,2.934415796817e+02,-1.990538291058e+02,3.100976524890e+02,1.000000000000e+00,1.046458630532
546,15702,5750244140.625000,-3.136798431456e+02,2.240570308183e+02,-3.442038264631e+02,1.914673515901e+02,-2.866831415913e+02,2.177834900320e+02,1.000000000000e+00,1.021453560549
547,15703,5750610351.562500,-1.344342184910e+02,-2.240570308183e+02,-1.098145053828e+02,-2.433385912013e+02,-9.231975030550e+01,-2.262591951348e+02,1.000000000000e+00,0.996470751232
548,15704,5750976562.500000,-4.481140616365e+01,2.240570308183e+02,-7.294364933712e+01,2.217601883644e+02,-1.797076047193e+01,2.273186263821e+02,1.000000000000e+00,0.971510348704
549,15705,5751342773.437500,-1.344342184910e+02,1.344342184910e+02,-1.532057235329e+02,1.195771055781e+02,-1.050623636900e+02,1.347992561084e+02,1.000000000000e+00,0.946572494325
550,15706,5751708984.375000,-3.136798431456e+02,-1.344342184910e+02,-3.012273307202e+02,-1.763794088176e+02,-2.754541285076e+02,-1.414849861818e+02,1.000000000000e+00,0.921657324701
551,15707,5752075195.312500,-3.136798431456e+02,1.344342184910e+02,-3.358321784157e+02,9.574987994609e+01,-2.859797958383e+02,1.292296269310e+02,1.000000000000e+00,0.896764971704
552,15708,5752441406.250000,-1.344342184910e+02,-2.240570308183e+02,-1.066372793467e+02,-2.451339468083e+02,-9.171212367872e+01,-2.237639835619e+02,1.000000000000e+00,0.871895562485
553,15709,5752807617.187500,4.481140616365e+01,2.240570308183e+02,1.503055098096e+01,2.332409399760e+02,6.990335346945e+01,2.346377676774e+02,1.000000000000e+00,0.847049219492
554,15710,5753173828.125000,1.344342184910e+02,4.481140616365e+01,1.300150044847e+02,6.400627739472e+01,1.671519238003e+02,5.912227641993e+01,1.000000000000e+00,0.822226060494
555,15711,5753540039.062500,4.481140616365e+01,2.240570308183e+02,1.384548421386e+01,2.331931157573e+02,6.888066161101e+01,2.360223676507e+02,1.000000000000e+00,0.797426198596
556,15712,5753906250.000000,4.481140616365e+01,1.344342184910e+02,2.611252234634e+01,1.424602262859e+02,7.243883768271e+01,1.467102887078e+02,1.000000000000e+00,0.772649742266
557,15713,5754272460.937500,-2.240570308183e+02,-1.344342184910e+02,-2.072482525880e+02,-1.685095265864e+02,-1.855343374161e+02,-1.349012237485e+02,1.000000000000e+00,0.747896795358
558,15714,5754638671.875000,-3.136798431456e+02,1.344342184910e+02,-3.371645876265e+02,9.007898779858e+01,-2.883150800985e+02,1.315868118029e+02,1.000000000000e+00,0.723167457134
559,15715,5755004882.812500,-1.344342184910e+02,1.344342184910e+02,-1.559954824899e+02,1.161426884745e+02,-1.086451670420e+02,1.405561437459e+02,1.000000000000e+00,0.698461822296
560,15716,5755371093.750000,1.344342184910e+02,-3.136798431456e+02,1.832159774434e+02,-2.970693383976e+02,1.825075774294e+02,-2.962381420247e+02,1.000000000000e+00,0.673779981007
561,15717,5755737304.687500,2.240570308183e+02,-4.481140616365e+01,2.333668448967e+02,-1.104808867661e+01,2.593210604833e+02,-2.090250516884e+01,1.000000000000e+00,0.649122018927
562,15718,5756103515.625000,-2.240570308183e+02,-3.136798431456e+02,-1.777506449080e+02,-3.517131458725e+02,-1.774245879308e+02,-3.124558277948e+02,1.000000000000e+00,0.624488017238
563,15719,5756469726.562500,-2.240570308183e+02,-2.240570308183e+02,-1.911585308855e+02,-2.615196598466e+02,-1.820830476708e+02,-2.220011488958e+02,1.000000000000e+00,0.599878052677
564,15720,5756835937.500000,-4.481140616365e+01,-3.136798431456e+02,4.599228424378e+00,-3.239079917695e+02,2.363993039652e+00,-3.022222279384e+02,1.000000000000e+00,0.575292197567
565,15721,5757202148.437500,1.344342184910e+02,-1.344342184910e+02,1.572367635241e+02,-1.142694501691e+02,1.726338715628e+02,-1.123610808279e+02,1.000000000000e+00,0.550730519853
566,15722,5757568359.375000,-4.481140616365e+01,-4.481140616365e+01,-3.809156180070e+01,-5.241644119567e+01,-1.240550865338e+01,-3.098653782592e+01,1.000000000000e+00,0.526193083134
567,15723,5757934570.312500,1.344342184910e+02,1.344342184910e+02,1.142799217779e+02,1.572618859521e+02,1.582419188768e+02,1.585933304982e+02,1.000000000000e+00,0.501679946700
568,15724,5758300781.250000,-1.344342184910e+02,2.240570308183e+02,-1.720007013571e+02,2.043819372840e+02,-1.168810947721e+02,2.356061104853e+02,1.000000000000e+00,0.477191165564
569,15725,5758666992.187500,1.344342184910e+02,4.481140616365e+01,1.282285976706e+02,6.733648181929e+01,1.616586599284e+02,7.014510071706e+01,1.000000000000e+00,0.452726790505
570,15726,5759033203.125000,-1.344342184910e+02,-2.240570308183e+02,-9.804321888118e+01,-2.483595836105e+02,-9.405713513086e+01,-2.134587515285e+02,1.000000000000e+00,0.428286868104
571,15727,5759399414.062500,-4.481140616365e+01,-1.344342184910e+02,-2.232099607628e+01,-1.431434639235e+02,-9.227434611435e+00,-1.182136433355e+02,1.000000000000e+00,0.403871440778
572,15728,5759765625.000000,-1.344342184910e+02,-2.240570308183e+02,-9.682587447262e+01,-2.490986213449e+02,-9.426204468748e+01,-2.129669304356e+02,1.000000000000e+00,0.379480546826
573,15729,5760131835.937500,-4.481140616365e+01,-3.136798431456e+02,9.741641962432e+00,-3.240400979810e+02,8.973548224614e-01,-2.973458221971e+02,1.000000000000e+00,0.355114220467
574,15730,5760498046.875000,-3.136798431456e+02,-3.136798431456e+02,-2.606759647086e+02,-3.715210255333e+02,-2.693429416969e+02,-3.130024650371e+02,1.000000000000e+00,0.330772491877
575,15731,5760864257.812500,-2.240570308183e+02,-1.344342184910e+02,-2.017437275675e+02,-1.753806336276e+02,-1.904907859609e+02,-1.272476814951e+02,1.000000000000e+00,0.306455387236
576,15732,5761230468.750000,-2.240570308183e+02,-4.481140616365e+01,-2.176999293040e+02,-8.513201032651e+01,-1.964876190783e+02,-3.660311097179e+01,1.000000000000e+00,0.282162928768
577,15733,5761596679.687500,-4.481140616365e+01,-4.481140616365e+01,-3.717426822627e+01,-5.311119189750e+01,-1.707086296534e+01,-2.520639899953e+01,1.000000000000e+00,0.257895134783
578,15734,5761962890.625000,2.240570308183e+02,-1.344342184910e+02,2.495441728582e+02,-9.574499768925e+01,2.575183908833e+02,-9.916014552215e+01,1.000000000000e+00,0.233652019720
579,15735,5762329101.562500,-2.240570308183e+02,3.136798431456e+02,-2.824085003786e+02,2.750193788929e+02,-2.198888379283e+02,3.245248586505e+02,1.000000000000e+00,0.209433594192
580,15736,5762695312.500000,4.481140616365e+01,-2.240570308183e+02,8.679274234007e+01,-2.168567223502e+02,8.331461020774e+01,-1.979433432914e+02,1.000000000000e+00,0.185239865029
581,15737,5763061523.437500,4.481140616365e+01,-4.481140616365e+01,5.352871145963e+01,-3.646880685224e+01,7.115072508093e+01,-1.751510180482e+01,1.000000000000e+00,0.161070835324
582,15738,5763427734.375000,-2.240570308183e+02,-2.240570308183e+02,-1.825268328018e+02,-2.677244708291e+02,-1.869902672307e+02,-2.152563744497e+02,1.000000000000e+00,0.136926504475
583,15739,5763793945.312500,-2.240570308183e+02,-1.344342184910e+02,-1.997288312370e+02,-1.777023029974e+02,-1.939047755539e+02,-1.247915796038e+02,1.000000000000e+00,0.112806868233
584,15740,5764160156.250000,-1.344342184910e+02,-2.240570308183e+02,-9.239398816963e+01,-2.509739104827e+02,-9.844688660325e+01,-2.084733611409e+02,1.000000000000e+00,0.088711918750
585,15741,5764526367.187500,-1.344342184910e+02,3.136798431456e+02,-1.958987477735e+02,2.892847961227e+02,-1.360427924774e+02,3.316671594676e+02,1.000000000000e+00,0.064641644616
586,15742,5764892578.125000,-1.344342184910e+02,-4.481140616365e+01,-1.262937697280e+02,-7.143949771432e+01,-1.115553187256e+02,-2.826988303972e+01,1.000000000000e+00,0.040596030917
587,15743,5765258789.062500,-3.136798431456e+02,-2.240570308183e+02,-2.706941000854e+02,-2.871431678908e+02,-2.789537359549e+02,-2.210772136646e+02,1.000000000000e+00,0.016575059271
588,15744,5765625000.000000,-4.481140616365e+01,4.481140616365e+01,-5.389893777619e+01,3.605972598908e+01,-2.923999536463e+01,6.880718989218e+01,1.000000000000e+00,-0.007421292119
589,15745,5765991210.937500,2.240570308183e+02,4.481140616365e+01,2.157871257621e+02,8.978638852542e+01,2.398411253394e+02,8.907483286524e+01,1.000000000000e+00,-0.031393048420
590,15746,5766357421.875000,-4.481140616365e+01,-1.344342184910e+02,-1.803799729465e+01,-1.438274264363e+02,-1.721899500427e+01,-1.103636805668e+02,1.000000000000e+00,-0.055340238124
591,15747,5766723632.812500,3.136798431456e+02,3.136798431456e+02,2.518559567379e+02,3.774991727601e+02,3.087772111925e+02,3.659236948324e+02,1.000000000000e+00,-0.079262892997
592,15748,5767089843.750000,-1.344342184910e+02,-4.481140616365e+01,-1.258983967011e+02,-7.188872721655e+01,-1.150736787929e+02,-2.638228115089e+01,1.000000000000e+00,-0.103161048035
593,15749,5767456054.687500,-3.136798431456e+02,4.481140616365e+01,-3.237709562478e+02,-1.786303782167e+01,-3.022071298506e+02,5.083462659648e+01,1.000000000000e+00,-0.127034741417
594,15750,5767822265.625000,2.240570308183e+02,-1.344342184910e+02,2.518419013362e+02,-9.007032043639e+01,2.499458990366e+02,-8.972594905891e+01,1.000000000000e+00,-0.150884014456
595,15751,5768188476.562500,-1.344342184910e+02,-3.136798431456e+02,-7.169096922201e+01,-3.419114493707e+02,-9.731193698288e+01,-2.955406290376e+02,1.000000000000e+00,-0.174708911551
596,15752,5768554687.500000,-1.344342184910e+02,1.344342184910e+02,-1.622602458501e+02,1.073967480295e+02,-1.311476715095e+02,1.542384871018e+02,1.000000000000e+00,-0.198509480144
597,15753,5768920898.437500,2.240570308183e+02,-2.240570308183e+02,2.708353931680e+02,-1.782851989256e+02,2.555474656262e+02,-1.775900990948e+02,1.000000000000e+00,-0.222285770670
598,15754,5769287109.375000,4.481140616365e+01,-2.240570308183e+02,9.139001824951e+01,-2.152856627137e+02,7.520801178179e+01,-1.913701560088e+02,1.000000000000e+00,-0.246037836507
599,15755,5769653320.312500,4.481140616365e+01,-2.240570308183e+02,9.150437066020e+01,-2.153338160144e+02,7.460517681729e+01,-1.912440560589e+02,1.000000000000e+00,-0.269765733936
600,15756,5770019531.250000,2.240570308183e+02,3.136798431456e+02,1.593716161058e+02,3.612657242090e+02,2.115145701130e+02,3.630173315328e+02,1.000000000000e+00,-0.293469522088
601,15757,5770385742.187500,-3.136798431456e+02,-3.136798431456e+02,-2.491657927708e+02,-3.798840695969e+02,-2.795365490928e+02,-3.091901962337e+02,1.000000000000e+00,-0.317149262900
602,15758,5770751953.125000,-4.481140616365e+01,3.136798431456e+02,-1.103013158853e+02,3.051150002512e+02,-5.976737433893e+01,3.419822843894e+02,1.000000000000e+00,-0.340805021068
603,15759,5771118164.062500,-2.240570308183e+02,4.481140616365e+01,-2.339048857065e+02,-1.866774043452e+00,-2.191161027249e+02,5.802748950799e+01,1.000000000000e+00,-0.364436864002
604,15760,5771484375.000000,-4.481140616365e+01,-2.240570308183e+02,2.092979722410e+00,-2.338623594974e+02,-1.841679302669e+01,-1.974707220860e+02,1.000000000000e+00,-0.388044861775
605,15761,5771850585.937500,3.136798431456e+02,-1.344342184910e+02,3.424499120475e+02,-6.855503229124e+01,3.334587681218e+02,-7.843451736730e+01,1.000000000000e+00,-0.411629087084
606,15762,5772216796.875000,-4.481140616365e+01,1.344342184910e+02,-7.336543320719e+01,1.251276714041e+02,-4.874231353649e+01,1.623043868303e+02,1.000000000000e+00,-0.435189615197
607,15763,5772583007.812500,1.344342184910e+02,2.240570308183e+02,8.682419014448e+01,2.531187439659e+02,1.227630277506e+02,2.673065682471e+02,1.000000000000e+00,-0.458726523914
608,15764,5772949218.750000,-4.481140616365e+01,-4.481140616365e+01,-3.525898557545e+01,-5.452832716086e+01,-3.527484232241e+01,-1.754019555131e+01,1.000000000000e+00,-0.482239893518
609,15765,5773315429.687500,-4.481140616365e+01,-2.240570308183e+02,3.279811034995e+00,-2.340587111411e+02,-2.068350585913e+01,-1.974112858041e+02,1.000000000000e+00,-0.505729806727
610,15766,5773681640.625000,-1.344342184910e+02,-2.240570308183e+02,-8.652155322069e+01,-2.532286263374e+02,-1.113292581375e+02,-2.049160674716e+02,1.000000000000e+00,-0.529196348659
611,15767,5774047851.562500,2.240570308183e+02,-1.344342184910e+02,2.531160226417e+02,-8.656132450007e+01,2.400287919022e+02,-8.451379628996e+01,1.000000000000e+00,-0.552639606777
612,15768,5774414062.500000,4.481140616365e+01,1.344342184910e+02,1.612616364170e+01,1.440799756179e+02,3.680807170327e+01,1.699202855635e+02,1.000000000000e+00,-0.576059670851
613,15769,5774780273.437500,2.240570308183e+02,-4.481140616365e+01,2.335985665381e+02,2.868365249884e+00,2.307553019739e+02,5.195870914568e+00,1.000000000000e+00,-0.599456632913
614,15770,5775146484.375000,4.481140616365e+01,-4.481140616365e+01,5.433007635503e+01,-3.528097984947e+01,5.048004074035e+01,-9.809829505303e+00,1.000000000000e+00,-0.622830587212
615,15771,5775512695.312500,1.344342184910e+02,-3.136798431456e+02,2.012981882547e+02,-2.851312989632e+02,1.622939578415e+02,-2.717597915910e+02,1.000000000000e+00,-0.646181630174
616,15772,5775878906.250000,1.344342184910e+02,-1.344342184910e+02,1.632346602552e+02,-1.058245947993e+02,1.466926091240e+02,-9.215420886747e+01,1.000000000000e+00,-0.669509860356
617,15773,5776245117.187500,4.481140616365e+01,-3.136798431456e+02,1.119830903683e+02,-3.043402445691e+02,7.158429179352e+01,-2.795470696420e+02,1.000000000000e+00,-0.692815378405
618,15774,5776611328.125000,-2.240570308183e+02,-3.136798431456e+02,-1.569253102303e+02,-3.619765719957e+02,-1.984496491385e+02,-3.027628869934e+02,1.000000000000e+00,-0.716098287018
619,15775,5776977539.062500,2.240570308183e+02,-1.344342184910e+02,2.531133938826e+02,-8.634084412259e+01,2.348822445518e+02,-8.432198907309e+01,1.000000000000e+00,-0.739358690898
620,15776,5777343750.000000,3.136798431456e+02,4.481140616365e+01,3.042164785705e+02,1.124088757843e+02,3.084664697674e+02,1.032961052374e+02,1.000000000000e+00,-0.762596696713
621,15777,5777709960.937500,-4.481140616365e+01,2.240570308183e+02,-9.318149073756e+01,2.145116764150e+02,-6.748981973851e+01,2.514473163073e+02,1.000000000000e+00,-0.785812413057
622,15778,5778076171.875000,2.240570308183e+02,1.344342184910e+02,1.951396823639e+02,1.828938087111e+02,2.092774919052e+02,1.852995580121e+02,1.000000000000e+00,-0.809005950408
623,15779,5778442382.812500,-3.136798431456e+02,1.344342184910e+02,-3.428338376456e+02,6.689635589172e+01,-3.304828830758e+02,1.373972986584e+02,1.000000000000e+00,-0.832177421089
624,15780,5778808593.750000,1.344342184910e+02,-4.481140616365e+01,1.441560209887e+02,-1.591790170171e+01,1.340488441278e+02,-2.705116043989e+00,1.000000000000e+00,-0.855326939230
625,15781,5779174804.687500,-3.136798431456e+02,-1.344342184910e+02,-2.850063511033e+02,-2.021187915349e+02,-3.078822252056e+02,-1.327249969315e+02,1.000000000000e+00,-0.878454620725
626,15782,5779541015.625000,4.481140616365e+01,-3.136798431456e+02,1.127571726612e+02,-3.044426948655e+02,6.745308803937e+01,-2.807806601699e+02,1.000000000000e+00,-0.901560583198
627,15783,5779907226.562500,3.136798431456e+02,-1.344342184910e+02,3.435444542785e+02,-6.651050097634e+01,3.207566620830e+02,-7.640267747864e+01,1.000000000000e+00,-0.924644945962
628,15784,5780273437.500000,3.136798431456e+02,-2.240570308183e+02,3.629021953068e+02,-1.566223569304e+02,3.283225738096e+02,-1.667408204093e+02,1.000000000000e+00,-0.947707829985
629,15785,5780639648.437500,-4.481140616365e+01,2.240570308183e+02,-9.310941049908e+01,2.149318431715e+02,-7.310865330943e+01,2.501366238892e+02,1.000000000000e+00,-0.970749357846
630,15786,5781005859.375000,-1.344342184910e+02,-1.344342184910e+02,-1.060283365288e+02,-1.634732604670e+02,-1.312706638612e+02,-1.180105463782e+02,1.000000000000e+00,-0.993769653706
631,15787,5781372070.312500,-3.136798431456e+02,-2.240570308183e+02,-2.665698094979e+02,-2.914803856163e+02,-3.036186368764e+02,-2.243617866183e+02,1.000000000000e+00,-1.016768843269
632,15788,5781738281.250000,-4.481140616365e+01,4.481140616365e+01,-5.445226692004e+01,3.535658769648e+01,-5.858402764787e+01,6.939245326863e+01,1.000000000000e+00,-1.039747053744
633,15789,5782104492.187500,-4.481140616365e+01,-2.240570308183e+02,2.654813721340e+00,-2.340355426701e+02,-3.491564521080e+01,-2.006264456826e+02,1.000000000000e+00,-1.062704413813
634,15790,5782470703.125000,-2.240570308183e+02,-4.481140616365e+01,-2.151877804918e+02,-9.201586523284e+01,-2.315465401665e+02,-3.692139431314e+01,1.000000000000e+00,-1.085641053595
635,15791,5782836914.062500,1.344342184910e+02,-2.240570308183e+02,1.814426278943e+02,-1.967111367876e+02,1.431378720132e+02,-1.854991989872e+02,1.000000000000e+00,-1.108557104612
636,15792,5783203125.000000,-1.344342184910e+02,2.240570308183e+02,-1.813545146356e+02,1.967295278924e+02,-1.663042613820e+02,2.402746495691e+02,1.000000000000e+00,-1.131452699755
637,15793,5783569335.937500,-4.481140616365e+01,2.240570308183e+02,-9.170886190649e+01,2.151924729089e+02,-7.731950685495e+01,2.476149822251e+02,1.000000000000e+00,-1.154327973250
638,15794,5783935546.875000,-3.136798431456e+02,3.136798431456e+02,-3.800731527137e+02,2.483606071385e+02,-3.558903093665e+02,3.124470428288e+02,1.000000000000e+00,-1.177183060628
639,15795,5784301757.812500,-2.240570308183e+02,-4.481140616365e+01,-2.150773699909e+02,-9.201399330063e+01,-2.339507231171e+02,-3.929853208509e+01,1.000000000000e+00,-1.200018098690
640,15796,5784667968.750000,1.344342184910e+02,-3.136798431456e+02,2.007703913877e+02,-2.861436385977e+02,1.499969172300e+02,-2.762249193268e+02,1.000000000000e+00,-1.222833225477
641,15797,5785034179.687500,1.344342184910e+02,-4.481140616365e+01,1.442423883066e+02,-1.665170477778e+01,1.245915948734e+02,-6.869433949454e+00,1.000000000000e+00,-1.245628580237
642,15798,5785400390.625000,-4.481140616365e+01,-2.240570308183e+02,1.736018844689e+00,-2.340910673742e+02,-3.925800186145e+01,-2.037858763876e+02,1.000000000000e+00,-1.268404303397
643,15799,5785766601.562500,4.481140616365e+01,3.136798431456e+02,-1.975833105957e+01,3.239898311909e+02,9.507859102596e-01,3.435093182528e+02,1.000000000000e+00,-1.291160536528
644,15800,5786132812.500000,1.344342184910e+02,-2.240570308183e+02,1.807513896349e+02,-1.973967482040e+02,1.390911152570e+02,-1.883563467186e+02,1.000000000000e+00,-1.313897422322
645,15801,5786499023.437500,2.240570308183e+02,1.344342184910e+02,1.976803662442e+02,1.804717247819e+02,1.964075369513e+02,1.788232372678e+02,1.000000000000e+00,-1.336615104557
646,15802,5786865234.375000,4.481140616365e+01,1.344342184910e+02,1.791737698205e+01,1.440660415400e+02,1.618833808722e+01,1.623862081451e+02,1.000000000000e+00,-1.359313728070
647,15803,5787231445.312500,-2.240570308183e+02,-2.240570308183e+02,-1.801031114150e+02,-2.701458688694e+02,-2.222857488027e+02,-2.217185880575e+02,1.000000000000e+00,-1.381993438729
648,15804,5787597656.250000,-2.240570308183e+02,-2.240570308183e+02,-1.801813919225e+02,-2.701805751036e+02,-2.225907825047e+02,-2.223596804003e+02,1.000000000000e+00,-1.404654383407
649,15805,5787963867.187500,-1.344342184910e+02,4.481140616365e+01,-1.441380367946e+02,1.806082063147e+01,-1.571975911640e+02,5.503145666952e+01,1.000000000000e+00,-1.427296709951
650,15806,5788330078.125000,-2.240570308183e+02,-1.344342184910e+02,-1.982162516042e+02,-1.800419409437e+02,-2.312122132214e+02,-1.336047832521e+02,1.000000000000e+00,-1.449920567157
651,15807,5788696289.062500,-2.240570308183e+02,-1.344342184910e+02,-1.981702752066e+02,-1.799537150568e+02,-2.314182804608e+02,-1.341812209731e+02,1.000000000000e+00,-1.472526104746
652,15808,5789062500.000000,3.136798431456e+02,1.344342184910e+02,2.881867890701e+02,1.977983463523e+02,2.827609843734e+02,1.846704614805e+02,1.000000000000e+00,-1.495113473333
653,15809,5789428710.937500,-3.136798431456e+02,-1.344342184910e+02,-2.884029499912e+02,-1.976590772043e+02,-3.219516848199e+02,-1.436709481012e+02,1.000000000000e+00,-1.517682824407
654,15810,5789794921.875000,2.240570308183e+02,-1.344342184910e+02,2.519793215083e+02,-9.059958627960e+01,2.172219895739e+02,-9.416703927506e+01,1.000000000000e+00,-1.540234310302
655,15811,5790161132.812500,2.240570308183e+02,4.481140616365e+01,2.164433133381e+02,8.937703547579e+01,2.001713775315e+02,8.519293654311e+01,1.000000000000e+00,-1.562768084175
656,15812,5790527343.750000,3.136798431456e+02,-2.240570308183e+02,3.594040784183e+02,-1.637695220930e+02,3.146231854333e+02,-1.768798007319e+02,1.000000000000e+00,-1.585284299981
657,15813,5790893554.687500,3.136798431456e+02,-1.344342184910e+02,3.416195048560e+02,-7.414399798698e+01,3.058533175519e+02,-8.760110147074e+01,1.000000000000e+00,-1.607783112450
658,15814,5791259765.625000,2.240570308183e+02,4.481140616365e+01,2.165656571101e+02,8.877058628796e+01,1.990305639306e+02,8.375938124787e+01,1.000000000000e+00,-1.630264677065
659,15815,5791625976.562500,4.481140616365e+01,-4.481140616365e+01,5.385520316605e+01,-3.625644553706e+01,2.744052334961e+01,-2.330850332146e+01,1.000000000000e+00,-1.652729150037
660,15816,5791992187.500000,-4.481140616365e+01,3.136798431456e+02,-1.070486458866e+02,3.064936029671e+02,-9.785646318420e+01,3.269405293131e+02,1.000000000000e+00,-1.675176688283
661,15817,5792358398.437500,3.136798431456e+02,4.481140616365e+01,3.070363113441e+02,1.059591775589e+02,2.880989752489e+02,9.127404753125e+01,1.000000000000e+00,-1.697607449408
662,15818,5792724609.375000,-1.344342184910e+02,4.481140616365e+01,-1.440024970191e+02,1.958392996193e+01,-1.618142757415e+02,4.825334809159e+01,1.000000000000e+00,-1.720021591681
663,15819,5793090820.312500,-2.240570308183e+02,4.481140616365e+01,-2.343411239153e+02,3.224252190829e+00,-2.520557468800e+02,3.980295720796e+01,1.000000000000e+00,-1.742419274013
664,15820,5793457031.250000,-2.240570308183e+02,-4.481140616365e+01,-2.173661700526e+02,-8.701027812227e+01,-2.438539383449e+02,-5.088703276715e+01,1.000000000000e+00,-1.764800655940
665,15821,5793823242.187500,-3.136798431456e+02,-2.240570308183e+02,-2.739810765468e+02,-2.839929949634e+02,-3.170145192206e+02,-2.395445541268e+02,1.000000000000e+00,-1.787165897601
666,15822,5794189453.125000,-1.344342184910e+02,4.481140616365e+01,-1.436129997828e+02,2.031126118065e+01,-1.624748525973e+02,4.613673243550e+01,1.000000000000e+00,-1.809515159718
667,15823,5794555664.062500,-1.344342184910e+02,-1.344342184910e+02,-1.111413802160e+02,-1.598877568999e+02,-1.465600329247e+02,-1.339038606630e+02,1.000000000000e+00,-1.831848603580
668,15824,5794921875.000000,-3.136798431456e+02,-2.240570308183e+02,-2.766900019296e+02,-2.820019291762e+02,-3.192111172733e+02,-2.400500626318e+02,1.000000000000e+00,-1.854166391021
669,15825,5795288085.937500,2.240570308183e+02,2.240570308183e+02,1.863658396455e+02,2.660035994169e+02,1.808609175025e+02,2.568346746521e+02,1.000000000000e+00,-1.876468684404
670,15826,5795654296.875000,-4.481140616365e+01,2.240570308183e+02,-8.514098020120e+01,2.181872382564e+02,-8.962357379451e+01,2.322794468976e+02,1.000000000000e+00,-1.898755646602
671,15827,5796020507.812500,4.481140616365e+01,-4.481140616365e+01,5.322429679127e+01,-3.723937195412e+01,2.458809462739e+01,-3.000634693080e+01,1.000000000000e+00,-1.921027440983
672,15828,5796386718.750000,-3.136798431456e+02,4.481140616365e+01,-3.246549368293e+02,-9.986679150863e+00,-3.436406124613e+02,2.672317489366e+01,1.000000000000e+00,-1.943284231389
673,15829,5796752929.687500,3.136798431456e+02,1.344342184910e+02,2.935330915455e+02,1.903452339893e+02,2.780475046404e+02,1.729664475344e+02,1.000000000000e+00,-1.965526182123
674,15830,5797119140.625000,2.240570308183e+02,-2.240570308183e+02,2.649056138673e+02,-1.879612605229e+02,2.200631352929e+02,-1.957942849648e+02,1.000000000000e+00,-1.987753457931
675,15831,5797485351.562500,3.136798431456e+02,4.481140616365e+01,3.094283761102e+02,9.856800551428e+01,2.859190283220e+02,8.144142447676e+01,1.000000000000e+00,-2.009966223989
676,15832,5797851562.500000,4.481140616365e+01,2.240570308183e+02,7.658425757453e+00,2.340065762053e+02,1.027220549056e-01,2.369089911912e+02,1.000000000000e+00,-2.032164645883
677,15833,5798217773.437500,-4.481140616365e+01,-3.136798431456e+02,6.718709063001e+00,-3.246580773827e+02,-4.272432082516e+01,-3.113471062333e+02,1.000000000000e+00,-2.054348889599
678,15834,5798583984.375000,-3.136798431456e+02,-2.240570308183e+02,-2.807952990297e+02,-2.780885486063e+02,-3.209110084850e+02,-2.452766584959e+02,1.000000000000e+00,-2.076519121503
679,15835,5798950195.312500,-2.240570308183e+02,-3.136798431456e+02,-1.762999497921e+02,-3.538556006950e+02,-2.235641272574e+02,-3.280357082757e+02,1.000000000000e+00,-2.098675508334
680,15836,5799316406.250000,-2.240570308183e+02,3.136798431456e+02,-2.767774908745e+02,2.822465411530e+02,-2.769857893771e+02,3.021144196403e+02,1.000000000000e+00,-2.120818217182
681,15837,5799682617.187500,2.240570308183e+02,-3.136798431456e+02,2.759667437842e+02,-2.829526031655e+02,2.258309768248e+02,-2.913184624665e+02,1.000000000000e+00,-2.142947415481
682,15838,5800048828.125000,3.136798431456e+02,2.240570308183e+02,2.836340472933e+02,2.751838002300e+02,2.714477051790e+02,2.555179077298e+02,1.000000000000e+00,-2.165063270994
683,15839,5800415039.062500,4.481140616365e+01,2.240570308183e+02,1.156280860201e+01,2.339461575158e+02,1.419300336865e+00,2.329207433482e+02,1.000000000000e+00,-2.187165951795
684,15840,5800781250.000000,-2.240570308183e+02,-1.344342184910e+02,-2.071774825671e+02,-1.697452542643e+02,-2.396668706340e+02,-1.495487501662e+02,1.000000000000e+00,-2.209255626268
685,15841,5801147460.937500,-3.136798431456e+02,-4.481140616365e+01,-3.116563408153e+02,-9.154654260187e+01,-3.370018007605e+02,-6.705631638958e+01,1.000000000000e+00,-2.231332463082
686,15842,5801513671.875000,4.481140616365e+01,2.240570308183e+02,1.311864021428e+01,2.339353919240e+02,2.010619659624e+00,2.312795202565e+02,1.000000000000e+00,-2.253396631189
687,15843,5801879882.812500,-3.136798431456e+02,3.136798431456e+02,-3.632097135928e+02,2.740870284133e+02,-3.652248820207e+02,2.929240383697e+02,1.000000000000e+00,-2.275448299807
688,15844,5802246093.750000,-1.344342184910e+02,4.481140616365e+01,-1.429058315973e+02,2.662742383233e+01,-1.639437172239e+02,3.598172474454e+01,1.000000000000e+00,-2.297487638412
689,15845,5802612304.687500,3.136798431456e+02,-2.240570308183e+02,3.500856044734e+02,-1.838742997657e+02,3.079303745023e+02,-1.997540786139e+02,1.000000000000e+00,-2.319514816726
690,15846,5802978515.625000,-4.481140616365e+01,-2.240570308183e+02,-1.444838559833e+01,-2.339482556157e+02,-5.237978990060e+01,-2.285278028778e+02,1.000000000000e+00,-2.341530004705
691,15847,5803344726.562500,-4.481140616365e+01,1.344342184910e+02,-6.392589872826e+01,1.305361966250e+02,-8.064957777094e+01,1.314675205658e+02,1.000000000000e+00,-2.363533372531
692,15848,5803710937.500000,-3.136798431456e+02,1.344342184910e+02,-3.370038107234e+02,9.450494291702e+01,-3.508037111589e+02,1.099511961118e+02,1.000000000000e+00,-2.385525090603
693,15849,5804077148.437500,-2.240570308183e+02,1.344342184910e+02,-2.456242933198e+02,1.071149165172e+02,-2.604754480253e+02,1.166033048190e+02,1.000000000000e+00,-2.407505329525
694,15850,5804443359.375000,-4.481140616365e+01,-1.344342184910e+02,-2.822240493463e+01,-1.425891988044e+02,-5.950073796142e+01,-1.403759049808e+02,1.000000000000e+00,-2.429474260096
695,15851,5804809570.312500,1.344342184910e+02,2.240570308183e+02,1.085565214043e+02,2.451167659314e+02,9.396627451922e+01,2.332276752312e+02,1.000000000000e+00,-2.451432053306
696,15852,5805175781.250000,1.344342184910e+02,-3.136798431456e+02,1.755688558004e+02,-3.029183250203e+02,1.338762927404e+02,-3.085391253963e+02,1.000000000000e+00,-2.473378880321
697,15853,5805541992.187500,1.344342184910e+02,-1.344342184910e+02,1.530203425527e+02,-1.208403498716e+02,1.206193782640e+02,-1.289086250166e+02,1.000000000000e+00,-2.495314912480
698,15854,5805908203.125000,1.344342184910e+02,-4.481140616365e+01,1.421438213174e+02,-3.002943777720e+01,1.142746991949e+02,-3.948547689364e+01,1.000000000000e+00,-2.517240321283
699,15855,5806274414.062500,4.481140616365e+01,-2.240570308183e+02,7.132549394509e+01,-2.231969157270e+02,3.679102780124e+01,-2.265471867850e+02,1.000000000000e+00,-2.539155278385
700,15856,5806640625.000000,4.481140616365e+01,-3.136798431456e+02,8.129634389573e+01,-3.147521511047e+02,4.342249450257e+01,-3.172930262971e+02,1.000000000000e+00,-2.561059955588
701,15857,5807006835.937500,3.136798431456e+02,2.240570308183e+02,2.948267881961e+02,2.638453425147e+02,2.764846853578e+02,2.425450327861e+02,1.000000000000e+00,-2.582954524835
702,15858,5807373046.875000,-3.136798431456e+02,-1.344342184910e+02,-3.056548298606e+02,-1.708999691135e+02,-3.300161968014e+02,-1.622142397111e+02,1.000000000000e+00,-2.604839158200
703,15859,5807739257.812500,-4.481140616365e+01,2.240570308183e+02,-6.871373253610e+01,2.241082297070e+02,-8.258367783277e+01,2.165305060698e+02,1.000000000000e+00,-2.626714027883
704,15860,5808105468.750000,3.136798431456e+02,-3.136798431456e+02,3.512771232837e+02,-2.891454316851e+02,3.125319862808e+02,-3.027565311902e+02,1.000000000000e+00,-2.648579306203
705,15861,5808471679.687500,1.344342184910e+02,4.481140616365e+01,1.327535900695e+02,5.905659944878e+01,1.097898049576e+02,4.666628058987e+01,1.000000000000e+00,-2.670435165595
706,15862,5808837890.625000,-3.136798431456e+02,1.344342184910e+02,-3.333687797448e+02,1.060401758457e+02,-3.467516414237e+02,1.069793649780e+02,1.000000000000e+00,-2.692281778595
707,15863,5809204101.562500,1.344342184910e+02,3.136798431456e+02,1.066321460526e+02,3.331920785701e+02,9.241927884782e+01,3.164485099798e+02,1.000000000000e+00,-2.714119317845
708,15864,5809570312.500000,1.344342184910e+02,1.344342184910e+02,1.246128463683e+02,1.499154387428e+02,1.047709565840e+02,1.355619289983e+02,1.000000000000e+00,-2.735947956080
709,15865,5809936523.437500,4.481140616365e+01,-2.240570308183e+02,6.612763278479e+01,-2.248338839416e+02,3.763765887556e+01,-2.315234712542e+02,1.000000000000e+00,-2.757767866125
710,15866,5810302734.375000,-3.136798431456e+02,-4.481140616365e+01,-3.165821261063e+02,-7.334296761190e+01,-3.342793625749e+02,-7.368321419191e+01,1.000000000000e+00,-2.779579220889
711,15867,5810668945.312500,3.136798431456e+02,-4.481140616365e+01,3.243501102062e+02,-1.914678058973e+01,2.974397649226e+02,-3.571269935293e+01,1.000000000000e+00,-2.801382193362
712,15868,5811035156.250000,1.344342184910e+02,4.481140616365e+01,1.337143724779e+02,5.682120119836e+01,1.119298021613e+02,4.307722533146e+01,1.000000000000e+00,-2.823176956607
713,15869,5811401367.187500,-1.344342184910e+02,1.344342184910e+02,-1.480213735936e+02,1.268527550367e+02,-1.635269320302e+02,1.171258362307e+02,1.000000000000e+00,-2.844963683759
714,15870,5811767578.125000,-2.240570308183e+02,1.344342184910e+02,-2.392826691178e+02,1.205773164686e+02,-2.532777452160e+02,1.119023251069e+02,1.000000000000e+00,-2.866742548016
715,15871,5812133789.062500,2.240570308183e+02,-4.481140616365e+01,2.324596050715e+02,-2.948398969729e+01,2.083254527719e+02,-4.376463571358e+01,1.000000000000e+00,-2.888513722641
716,15872,5812500000.000000,-2.240570308183e+02,4.481140616365e+01,-2.324179247829e+02,2.972056329288e+01,-2.475742269888e+02,2.091518487705e+01,1.000000000000e+00,-2.910277380952
717,15873,5812866210.937500,-3.136798431456e+02,-3.136798431456e+02,-2.986432593854e+02,-3.431151116461e+02,-3.169257275650e+02,-3.456478837190e+02,1.000000000000e+00,-2.932033696321
718,15874,5813232421.875000,-2.240570308183e+02,-4.481140616365e+01,-2.261843360954e+02,-6.130540228846e+01,-2.418331212642e+02,-7.016452879065e+01,1.000000000000e+00,-2.953782842170
719,15875,5813598632.812500,2.240570308183e+02,4.481140616365e+01,2.264077973848e+02,6.078229902040e+01,2.047067238618e+02,4.526890925603e+01,1.000000000000e+00,-2.975524991968
720,15876,5813964843.750000,-4.481140616365e+01,3.136798431456e+02,-6.600172716453e+01,3.184306998546e+02,-8.082919312692e+01,3.006926714424e+02,1.000000000000e+00,-2.997260319228
721,15877,5814331054.687500,-2.240570308183e+02,3.136798431456e+02,-2.481130844732e+02,3.082885687605e+02,-2.601695044372e+02,2.912092747839e+02,1.000000000000e+00,-3.018988997500
722,15878,5814697265.625000,-3.136798431456e+02,-3.136798431456e+02,-3.049034950016e+02,-3.384316570235e+02,-3.183264037220e+02,-3.453080231644e+02,1.000000000000e+00,-3.040711200374
723,15879,5815063476.562500,4.481140616365e+01,-1.344342184910e+02,5.251033556096e+01,-1.357312306665e+02,3.441083157678e+01,-1.473592740485e+02,1.000000000000e+00,-3.062427101474
724,15880,5815429687.500000,3.136798431456e+02,4.481140616365e+01,3.195880321725e+02,6.072315204299e+01,2.976011796931e+02,4.570763448235e+01,1.000000000000e+00,-3.084136874453
725,15881,5815795898.437500,2.240570308183e+02,4.481140616365e+01,2.276762595094e+02,5.613820640762e+01,2.074925763323e+02,4.130135992839e+01,1.000000000000e+00,-3.105840692995
726,15882,5816162109.375000,2.240570308183e+02,-3.136798431456e+02,2.431846958797e+02,-3.119491453587e+02,2.244451326557e+02,-3.204601625988e+02,1.000000000000e+00,-3.127538730810
727,15883,5816528320.312500,-3.136798431456e+02,2.240570308183e+02,-3.304541901782e+02,2.174298302134e+02,-3.417040107046e+02,1.970279954590e+02,1.000000000000e+00,3.133954145546
728,15884,5816894531.250000,-3.136798431456e+02,-4.481140616365e+01,-3.201262121944e+02,-5.711971786999e+01,-3.294957753923e+02,-7.371914859315e+01,1.000000000000e+00,3.112267147958
729,15885,5817260742.187500,-1.344342184910e+02,-2.240570308183e+02,-1.308062595756e+02,-2.340735660034e+02,-1.411895922186e+02,-2.467805417289e+02,1.000000000000e+00,3.090585409829
730,15886,5817626953.125000,1.344342184910e+02,-3.136798431456e+02,1.465501928234e+02,-3.180531236610e+02,1.332905017769e+02,-3.267376275034e+02,1.000000000000e+00,3.068908757363
731,15887,5817993164.062500,-3.136798431456e+02,4.481140616365e+01,-3.228222460744e+02,3.858309765720e+01,-3.318756578285e+02,1.791507017496e+01,1.000000000000e+00,3.047237016748
732,15888,5818359375.000000,1.344342184910e+02,-4.481140616365e+01,1.388183199065e+02,-4.325178564461e+01,1.235796541862e+02,-5.653243083815e+01,1.000000000000e+00,3.025570014157
733,15889,5818725585.937500,2.240570308183e+02,-1.344342184910e+02,2.321459738406e+02,-1.341305356684e+02,2.173276022284e+02,-1.442816435472e+02,1.000000000000e+00,3.003907575750
734,15890,5819091796.875000,4.481140616365e+01,-1.344342184910e+02,4.784202615563e+01,-1.373222152947e+02,3.682364332811e+01,-1.505772267179e+02,1.000000000000e+00,2.982249527675
735,15891,5819458007.812500,-2.240570308183e+02,1.344342184910e+02,-2.315273853601e+02,1.354350106778e+02,-2.427133885532e+02,1.118330428054e+02,1.000000000000e+00,2.960595696066
736,15892,5819824218.750000,-3.136798431456e+02,4.481140616365e+01,-3.225116988829e+02,4.319108538842e+01,-3.299528062448e+02,1.853132959360e+01,1.000000000000e+00,2.938945907052
737,15893,5820190429.687500,-2.240570308183e+02,-1.344342184910e+02,-2.295360282061e+02,-1.391106088206e+02,-2.338366493805e+02,-1.592133643446e+02,1.000000000000e+00,2.917299986751
738,15894,5820556640.625000,3.136798431456e+02,-4.481140616365e+01,3.222031958988e+02,-4.659151824810e+01,3.068273819898e+02,-5.458510100517e+01,1.000000000000e+00,2.895657761272
739,15895,5820922851.562500,-2.240570308183e+02,2.240570308183e+02,-2.284358254190e+02,2.320546485760e+02,-2.416665052878e+02,2.045359784234e+02,1.000000000000e+00,2.874019056719
740,15896,5821289062.500000,2.240570308183e+02,3.136798431456e+02,2.333232336209e+02,3.199092012768e+02,2.096054558787e+02,3.039624182149e+02,1.000000000000e+00,2.852383699191
741,15897,5821655273.437500,-2.240570308183e+02,1.344342184910e+02,-2.284858747786e+02,1.404831140092e+02,-2.388503011149e+02,1.134068831041e+02,1.000000000000e+00,2.830751514779
742,15898,5822021484.375000,-2.240570308183e+02,-4.481140616365e+01,-2.303859846259e+02,-4.322728831328e+01,-2.344401083370e+02,-6.775154608070e+01,1.000000000000e+00,2.809122329572
743,15899,5822387695.312500,-2.240570308183e+02,4.481140616365e+01,-2.291180797957e+02,4.944865504628e+01,-2.359393222231e+02,2.284177063518e+01,1.000000000000e+00,2.787495969653
744,15900,5822753906.250000,1.344342184910e+02,3.136798431456e+02,1.437971608041e+02,3.191675641159e+02,1.208709033152e+02,3.011618848536e+02,1.000000000000e+00,2.765872261102
745,15901,5823120117.187500,-4.481140616365e+01,-4.481140616365e+01,-4.694936598762e+01,-4.497663057785e+01,-5.259414668713e+01,-6.389326328279e+01,1.000000000000e+00,2.744251029997
746,15902,5823486328.125000,-4.481140616365e+01,3.136798431456e+02,-3.822885783431e+01,3.230326308649e+02,-5.851898857502e+01,2.978833149806e+02,1.000000000000e+00,2.722632102412
747,15903,5823852539.062500,1.344342184910e+02,-4.481140616365e+01,1.368138926923e+02,-4.970797243993e+01,1.291470076364e+02,-6.100948439466e+01,1.000000000000e+00,2.701015304418
748,15904,5824218750.000000,4.481140616365e+01,2.240570308183e+02,5.259484661157e+01,2.287937538506e+02,3.451502024093e+01,2.090408170102e+02,1.000000000000e+00,2.679400462085
749,15905,5824584960.937500,2.240570308183e+02,-1.344342184910e+02,2.259618398339e+02,-1.449071044060e+02,2.221162055619e+02,-1.499563111246e+02,1.000000000000e+00,2.657787401480
750,15906,5824951171.875000,4.481140616365e+01,1.344342184910e+02,5.029786398013e+01,1.365988852089e+02,3.665924234287e+01,1.184617534237e+02,1.000000000000e+00,2.636175948669
751,15907,5825317382.812500,1.344342184910e+02,4.481140616365e+01,1.395764880411e+02,4.122590500052e+01,1.292666047507e+02,2.933308392965e+01,1.000000000000e+00,2.614565929715
752,15908,5825683593.750000,1.344342184910e+02,-1.344342184910e+02,1.326412706004e+02,-1.432375208282e+02,1.323674770444e+02,-1.519228325803e+02,1.000000000000e+00,2.592957170679
753,15909,5826049804.687500,-1.344342184910e+02,4.481140616365e+01,-1.359412350979e+02,5.181217786218e+01,-1.412039827824e+02,2.537552252790e+01,1.000000000000e+00,2.571349497622
754,15910,5826416015.625000,-4.481140616365e+01,3.136798431456e+02,-3.068731205065e+01,3.238143078510e+02,-5.272487052918e+01,2.980375826402e+02,1.000000000000e+00,2.549742736602
755,15911,5826782226.562500,4.481140616365e+01,-4.481140616365e+01,4.352026377411e+01,-4.834123355125e+01,4.137928812421e+01,-6.309561926730e+01,1.000000000000e+00,2.528136713673
756,15912,5827148437.500000,-4.481140616365e+01,3.136798431456e+02,-2.784164303296e+01,3.240943587288e+02,-5.036685897146e+01,2.983318870809e+02,1.000000000000e+00,2.506531254890
757,15913,5827514648.437500,-1.344342184910e+02,3.136798431456e+02,-1.191424017505e+02,3.297046277078e+02,-1.405323456357e+02,2.981696737689e+02,1.000000000000e+00,2.484926186306
758,15914,5827880859.375000,2.240570308183e+02,-3.136798431456e+02,2.105392634438e+02,-3.356756541349e+02,2.249149821048e+02,-3.341267371283e+02,1.000000000000e+00,2.463321333968
759,15915,5828247070.312500,4.481140616365e+01,-1.344342184910e+02,3.717366405401e+01,-1.408909174835e+02,4.309929091163e+01,-1.538230656516e+02,1.000000000000e+00,2.441716523925
760,15916,5828613281.250000,-3.136798431456e+02,-2.240570308183e+02,-3.376087486218e+02,-2.078658401094e+02,-3.194505596693e+02,-2.445335041293e+02,1.000000000000e+00,2.420111582220
761,15917,5828979492.187500,4.481140616365e+01,3.136798431456e+02,6.949536960604e+01,3.184741305749e+02,4.439958644431e+01,2.993170279261e+02,1.000000000000e+00,2.398506334894
762,15918,5829345703.125000,-3.136798431456e+02,3.136798431456e+02,-2.969651310645e+02,3.460057782575e+02,-3.172117787626e+02,3.005113477048e+02,1.000000000000e+00,2.376900607987
763,15919,5829711914.062500,2.240570308183e+02,-1.344342184910e+02,2.184434122393e+02,-1.558288836060e+02,2.245050170028e+02,-1.546490105776e+02,1.000000000000e+00,2.355294227533
764,15920,5830078125.000000,4.481140616365e+01,4.481140616365e+01,4.960329914504e+01,4.206007309548e+01,4.481319945564e+01,2.730851045638e+01,1.000000000000e+00,2.333687019564
765,15921,5830444335.937500,-4.481140616365e+01,1.344342184910e+02,-3.421930047445e+01,1.413642708868e+02,-4.468630607795e+01,1.184361328050e+02,1.000000000000e+00,2.312078810108
766,15922,5830810546.875000,4.481140616365e+01,3.136798431456e+02,7.361824877870e+01,3.168439505768e+02,4.736131039511e+01,2.989215778210e+02,1.000000000000e+00,2.290469425190
767,15923,5831176757.812500,-3.136798431456e+02,2.240570308183e+02,-3.004482159033e+02,2.576496829526e+02,-3.147549530462e+02,2.110826143266e+02,1.000000000000e+00,2.268858690830
768,15924,5831542968.750000,4.481140616365e+01,-1.344342184910e+02,3.329736784933e+01,-1.416617123940e+02,4.500618085404e+01,-1.532800688778e+02,1.000000000000e+00,2.247246433044
769,15925,5831909179.687500,2.240570308183e+02,2.240570308183e+02,2.505446986673e+02,2.077224539792e+02,2.291067833758e+02,2.075011841810e+02,1.000000000000e+00,2.225632477845
770,15926,5832275390.625000,-3.136798431456e+02,4.481140616365e+01,-3.163100641710e+02,7.695103914391e+01,-3.150455966588e+02,3.127817813406e+01,1.000000000000e+00,2.204016651240
771,15927,5832641601.562500,-1.344342184910e+02,1.344342184910e+02,-1.235560267287e+02,1.513437818473e+02,-1.325412892550e+02,1.205953072135e+02,1.000000000000e+00,2.182398779233
772,15928,5833007812.500000,4.481140616365e+01,-2.240570308183e+02,2.173332284076e+01,-2.338629452951e+02,4.432810204238e+01,-2.437124585005e+02,1.000000000000e+00,2.160778687822
773,15929,5833374023.437500,-1.344342184910e+02,3.136798431456e+02,-1.024707335544e+02,3.353740175859e+02,-1.286058849069e+02,3.024984355125e+02,1.000000000000e+00,2.139156203002
774,15930,5833740234.375000,4.481140616365e+01,1.344342184910e+02,6.117501453925e+01,1.320837691210e+02,5.027899593015e+01,1.186811935024e+02,1.000000000000e+00,2.117531150762
775,15931,5834106445.312500,-4.481140616365e+01,2.240570308183e+02,-1.927977585451e+01,2.338641150147e+02,-3.810176832850e+01,2.108950817255e+02,1.000000000000e+00,2.095903357087
776,15932,5834472656.250000,-2.240570308183e+02,1.344342184910e+02,-2.123908731569e+02,1.640074217403e+02,-2.204175584177e+02,1.238862362785e+02,1.000000000000e+00,2.074272647960
777,15933,5834838867.187500,3.136798431456e+02,-2.240570308183e+02,2.925156829449e+02,-2.667611526954e+02,3.162160806392e+02,-2.478680662374e+02,1.000000000000e+00,2.052638849355
778,15934,5835205078.125000,1.344342184910e+02,-3.136798431456e+02,9.759749083653e+01,-3.366327950138e+02,1.333205642486e+02,-3.350812625557e+02,1.000000000000e+00,2.031001787246
779,15935,5835571289.062500,-4.481140616365e+01,2.240570308183e+02,-1.638480375412e+01,2.341058088933e+02,-3.582862702714e+01,2.118375238254e+02,1.000000000000e+00,2.009361287602
780,15936,5835937500.000000,-1.344342184910e+02,2.240570308183e+02,-1.065055708324e+02,2.463382078746e+02,-1.253742574501e+02,2.145046847631e+02,1.000000000000e+00,1.987717176388
781,15937,5836303710.937500,2.240570308183e+02,-4.481140616365e+01,2.218407984260e+02,-7.656916819278e+01,2.297809499264e+02,-6.631586578683e+01,1.000000000000e+00,1.966069279565
782,15938,5836669921.875000,1.344342184910e+02,2.240570308183e+02,1.682301208669e+02,2.090840080089e+02,1.468598468231e+02,2.077127860892e+02,1.000000000000e+00,1.944417423094
783,15939,5837036132.812500,3.136798431456e+02,1.344342184910e+02,3.382283901884e+02,9.192465843142e+01,3.257067559953e+02,1.123901329359e+02,1.000000000000e+00,1.922761432933
784,15940,5837402343.750000,2.240570308183e+02,-4.481140616365e+01,2.211567057436e+02,-7.857751270356e+01,2.304014190758e+02,-6.646218929696e+01,1.000000000000e+00,1.901101135035
785,15941,5837768554.687500,2.240570308183e+02,4.481140616365e+01,2.344516642599e+02,1.147952562569e+01,2.335013655042e+02,2.365115893928e+01,1.000000000000e+00,1.879436355357
786,15942,5838134765.625000,2.240570308183e+02,-3.136798431456e+02,1.786777667041e+02,-3.534527089398e+02,2.213167306452e+02,-3.385214318044e+02,1.000000000000e+00,1.857766919852
787,15943,5838500976.562500,4.481140616365e+01,-2.240570308183e+02,1.003807774827e+01,-2.345569027066e+02,4.356239582660e+01,-2.415774180134e+02,1.000000000000e+00,1.836092654477
788,15944,5838867187.500000,4.481140616365e+01,1.344342184910e+02,6.708460329099e+01,1.292335971180e+02,5.659852056615e+01,1.206201416548e+02,1.000000000000e+00,1.814413385186
789,15945,5839233398.437500,1.344342184910e+02,4.481140616365e+01,1.436749830028e+02,2.343190939255e+01,1.440975375773e+02,2.694528805936e+01,1.000000000000e+00,1.792728937941
790,15946,5839599609.375000,-4.481140616365e+01,3.136798431456e+02,7.012719826057e+00,3.253029781264e+02,-2.611499738890e+01,3.052125295867e+02,1.000000000000e+00,1.771039138702
791,15947,5839965820.312500,-2.240570308183e+02,-4.481140616365e+01,-2.344282357567e+02,-7.170417406931e+00,-2.206550680825e+02,-4.895679824948e+01,1.000000000000e+00,1.749343813439
792,15948,5840332031.250000,-3.136798431456e+02,-4.481140616365e+01,-3.253302772394e+02,8.363281623246e+00,-3.110023954688e+02,-4.544927639328e+01,1.000000000000e+00,1.727642788123
793,15949,5840698242.187500,-3.136798431456e+02,2.240570308183e+02,-2.793148311850e+02,2.809753436268e+02,-3.007650941769e+02,2.259029211556e+02,1.000000000000e+00,1.705935888738
794,15950,5841064453.125000,4.481140616365e+01,-2.240570308183e+02,6.536833976446e+00,-2.348775808907e+02,4.453700003596e+01,-2.401696829957e+02,1.000000000000e+00,1.684222941272
795,15951,5841430664.062500,4.481140616365e+01,-4.481140616365e+01,3.732528963124e+01,-5.341126071624e+01,5.127163153069e+01,-5.895901896870e+01,1.000000000000e+00,1.662503771726
796,15952,5841796875.000000,2.240570308183e+02,2.240570308183e+02,2.681187994292e+02,1.850292116488e+02,2.446201026087e+02,2.044311210402e+02,1.000000000000e+00,1.640778206115
797,15953,5842163085.937500,1.344342184910e+02,3.136798431456e+02,1.954240210885e+02,2.913181494211e+02,1.592382148461e+02,2.988294647677e+02,1.000000000000e+00,1.619046070465
798,15954,5842529296.875000,2.240570308183e+02,1.344342184910e+02,2.521050221749e+02,9.241132355251e+01,2.412270766591e+02,1.134058434321e+02,1.000000000000e+00,1.597307190821
799,15955,5842895507.812500,-4.481140616365e+01,-3.136798431456e+02,-1.067305433184e+02,-3.075296992951e+02,-5.282971859199e+01,-3.249716610362e+02,1.000000000000e+00,1.575561393246
800,15956,5843261718.750000,4.481140616365e+01,-2.240570308183e+02,6.372651642317e-01,-2.347108216587e+02,4.216276185278e+01,-2.388946095629e+02,1.000000000000e+00,1.553808503821
801,15957,5843627929.687500,4.481140616365e+01,-1.344342184910e+02,1.811327498805e+01,-1.444231965303e+02,4.689213667176e+01,-1.482386604273e+02,1.000000000000e+00,1.532048348655
802,15958,5843994140.625000,-2.240570308183e+02,-1.344342184910e+02,-2.529110966956e+02,-8.978623733042e+01,-2.242453963677e+02,-1.336776921594e+02,1.000000000000e+00,1.510280753878
803,15959,5844360351.562500,3.136798431456e+02,-1.344342184910e+02,2.878597123287e+02,-2.000080775081e+02,3.180415309813e+02,-1.624457163181e+02,1.000000000000e+00,1.488505545653
804,15960,5844726562.500000,4.481140616365e+01,-2.240570308183e+02,-1.881081396868e+00,-2.346790667144e+02,4.179458160823e+01,-2.379472368367e+02,1.000000000000e+00,1.466722550171
805,15961,5845092773.437500,-4.481140616365e+01,4.481140616365e+01,-3.552358224620e+01,5.455037761993e+01,-3.341325659217e+01,3.851828243835e+01,1.000000000000e+00,1.444931593658
806,15962,5845458984.375000,-2.240570308183e+02,2.240570308183e+02,-1.771846460418e+02,2.732015925938e+02,-2.039437116876e+02,2.298919678403e+02,1.000000000000e+00,1.423132502380
807,15963,5845825195.312500,2.240570308183e+02,-4.481140616365e+01,2.155104264056e+02,-9.349024221233e+01,2.330035229237e+02,-6.676434553883e+01,1.000000000000e+00,1.401325102640
808,15964,5846191406.250000,1.344342184910e+02,4.481140616365e+01,1.448577237921e+02,1.565141946545e+01,1.477858048707e+02,2.902885943830e+01,1.000000000000e+00,1.379509220788
809,15965,5846557617.187500,-3.136798431456e+02,2.240570308183e+02,-2.654035720214e+02,2.942468806453e+02,-2.938533141587e+02,2.363136080019e+02,1.000000000000e+00,1.357684683223
810,15966,5846923828.125000,1.344342184910e+02,4.481140616365e+01,1.448680359059e+02,1.491428450687e+01,1.479254008273e+02,2.930844349028e+01,1.000000000000e+00,1.335851316394
811,15967,5847290039.062500,-4.481140616365e+01,2.240570308183e+02,5.964623828605e+00,2.346895639444e+02,-2.174284364492e+01,2.210574279690e+02,1.000000000000e+00,1.314008946807
812,15968,5847656250.000000,4.481140616365e+01,2.240570308183e+02,9.658821423177e+01,2.139051175440e+02,6.918331232059e+01,2.156218094359e+02,1.000000000000e+00,1.292157401028
813,15969,5848022460.937500,3.136798431456e+02,-4.481140616365e+01,3.030779506279e+02,-1.184255102132e+02,3.229367515292e+02,-7.294081463692e+01,1.000000000000e+00,1.270296505689
814,15970,5848388671.875000,-4.481140616365e+01,-3.136798431456e+02,-1.192537597927e+02,-3.028360605745e+02,-5.629566371161e+01,-3.200232289031e+02,1.000000000000e+00,1.248426087491
815,15971,5848754882.812500,3.136798431456e+02,-3.136798431456e+02,2.380344065900e+02,-3.886685098904e+02,3.047805501126e+02,-3.441051890497e+02,1.000000000000e+00,1.226545973209
816,15972,5849121093.750000,4.481140616365e+01,1.344342184910e+02,7.736923929539e+01,1.233573647503e+02,6.432127901910e+01,1.260816976522e+02,1.000000000000e+00,1.204655989698
817,15973,5849487304.687500,-2.240570308183e+02,1.344342184910e+02,-1.906540115315e+02,1.890545179432e+02,-2.066047841238e+02,1.449856448791e+02,1.000000000000e+00,1.182755963896
818,15974,5849853515.625000,2.240570308183e+02,-4.481140616365e+01,2.123800907191e+02,-1.001146278849e+02,2.326412578597e+02,-6.676755301341e+01,1.000000000000e+00,1.160845722834
819,15975,5850219726.562500,4.481140616365e+01,-4.481140616365e+01,3.348056723756e+01,-5.586405598155e+01,5.193220529063e+01,-5.396630269203e+01,1.000000000000e+00,1.138925093638
820,15976,5850585937.500000,3.136798431456e+02,3.136798431456e+02,3.916925879817e+02,2.334785697809e+02,3.487509466331e+02,2.883772271247e+02,1.000000000000e+00,1.116993903534
821,15977,5850952148.437500,-3.136798431456e+02,-1.344342184910e+02,-3.466937912091e+02,-5.404107577304e+01,-3.161567754027e+02,-1.178892727457e+02,1.000000000000e+00,1.095051979859
822,15978,5851318359.375000,-1.344342184910e+02,4.481140616365e+01,-1.223059483428e+02,7.918928117476e+01,-1.223371773589e+02,5.022058576609e+01,1.000000000000e+00,1.073099150062
823,15979,5851684570.312500,1.344342184910e+02,-4.481140616365e+01,1.221034153686e+02,-7.951142097280e+01,1.421209171188e+02,-5.987191641095e+01,1.000000000000e+00,1.051135241714
824,15980,5852050781.250000,2.240570308183e+02,-2.240570308183e+02,1.639521418274e+02,-2.815895239849e+02,2.188134397075e+02,-2.473387344339e+02,1.000000000000e+00,1.029160082515
825,15981,5852416992.187500,-1.344342184910e+02,-4.481140616365e+01,-1.455013993694e+02,-8.806683704279e+00,-1.292022154685e+02,-3.893362436737e+01,1.000000000000e+00,1.007173500299
826,15982,5852783203.125000,-1.344342184910e+02,4.481140616365e+01,-1.214701117686e+02,8.066504324443e+01,-1.222360433641e+02,5.192107331405e+01,1.000000000000e+00,0.985175323043
827,15983,5853149414.062500,-1.344342184910e+02,2.240570308183e+02,-7.240442578203e+01,2.589023662406e+02,-1.076435859496e+02,2.331437340843e+02,1.000000000000e+00,0.963165378874
828,15984,5853515625.000000,-3.136798431456e+02,-2.240570308183e+02,-3.724062398129e+02,-1.355516037335e+02,-3.248841282165e+02,-2.032398072861e+02,1.000000000000e+00,0.941143496076
829,15985,5853881835.937500,-1.344342184910e+02,-4.481140616365e+01,-1.454134133551e+02,-6.860230587453e+00,-1.294335763439e+02,-3.697388795267e+01,1.000000000000e+00,0.919109503103
830,15986,5854248046.875000,1.344342184910e+02,-3.136798431456e+02,4.468330608331e+01,-3.478085218665e+02,1.180591070494e+02,-3.303900194821e+02,1.000000000000e+00,0.897063228579
831,15987,5854614257.812500,-4.481140616365e+01,4.481140616365e+01,-3.159447073886e+01,5.698966676056e+01,-3.168776686739e+01,4.618894095040e+01,1.000000000000e+00,0.875004501316
832,15988,5854980468.750000,-4.481140616365e+01,-1.344342184910e+02,-8.268976015884e+01,-1.200894560926e+02,-4.737715876552e+01,-1.342300592324e+02,1.000000000000e+00,0.852933150316
833,15989,5855346679.687500,1.344342184910e+02,-1.344342184910e+02,9.425640223848e+01,-1.713030148353e+02,1.332289843401e+02,-1.495390409384e+02,1.000000000000e+00,0.830849004783
834,15990,5855712890.625000,-3.136798431456e+02,-2.240570308183e+02,-3.739567085943e+02,-1.309421372732e+02,-3.258771214317e+02,-2.007513454173e+02,1.000000000000e+00,0.808751894134
835,15991,5856079101.562500,3.136798431456e+02,2.240570308183e+02,3.739640223025e+02,1.303692503947e+02,3.443810136989e+02,1.964459178122e+02,1.000000000000e+00,0.786641648006
836,15992,5856445312.500000,-4.481140616365e+01,-3.136798431456e+02,-1.354570279245e+02,-2.959793174510e+02,-6.330104513343e+01,-3.135884459513e+02,1.000000000000e+00,0.764518096269
837,15993,5856811523.437500,-1.344342184910e+02,-4.481140616365e+01,-1.454785995679e+02,-4.649286227794e+00,-1.301045668169e+02,-3.482278922972e+01,1.000000000000e+00,0.742381069035
838,15994,5857177734.375000,-3.136798431456e+02,3.136798431456e+02,-2.159754622606e+02,4.012080982414e+02,-2.786798577272e+02,3.420389773317e+02,1.000000000000e+00,0.720230396669
839,15995,5857543945.312500,-1.344342184910e+02,2.240570308183e+02,-6.584555436839e+01,2.602050679725e+02,-1.064951184178e+02,2.360927890666e+02,1.000000000000e+00,0.698065909799
840,15996,5857910156.250000,-2.240570308183e+02,3.136798431456e+02,-1.270815254356e+02,3.750692673379e+02,-1.889760508039e+02,3.343484545146e+02,1.000000000000e+00,0.675887439332
841,15997,5858276367.187500,3.136798431456e+02,4.481140616365e+01,3.215491547982e+02,-5.035395009263e+01,3.283595828229e+02,1.576303487379e+01,1.000000000000e+00,0.653694816461
842,15998,5858642578.125000,-4.481140616365e+01,3.136798431456e+02,5.179826143562e+01,3.212385057084e+02,-7.015484443517e+00,3.188384583937e+02,1.000000000000e+00,0.631487872677
843,15999,5859008789.062500,4.481140616365e+01,-3.136798431456e+02,-5.320348583866e+01,-3.209311744827e+02,2.318226983839e+01,-3.201547211317e+02,1.000000000000e+00,0.609266439787
844,16000,5859375000.000000,2.240570308183e+02,-3.136798431456e+02,1.224335116726e+02,-3.764336845905e+02,2.038055640355e+02,-3.371019951565e+02,1.000000000000e+00,0.587030349920
845,16001,5859741210.937500,-1.344342184910e+02,1.344342184910e+02,-9.017025475257e+01,1.732054411560e+02,-1.143210594528e+02,1.474889465335e+02,1.000000000000e+00,0.564779435547
846,16002,5860107421.875000,-1.344342184910e+02,-2.240570308183e+02,-2.009939952522e+02,-1.779122273955e+02,-1.478155309593e+02,-2.130606340975e+02,1.000000000000e+00,0.542513529487
847,16003,5860473632.812500,4.481140616365e+01,-3.136798431456e+02,-5.387511171261e+01,-3.210577252695e+02,2.372132622570e+01,-3.197393581932e+02,1.000000000000e+00,0.520232464929
848,16004,5860839843.750000,-1.344342184910e+02,3.136798431456e+02,-3.305536922325e+01,3.491005124119e+02,-9.751697379516e+01,3.284516941713e+02,1.000000000000e+00,0.497936075439
849,16005,5861206054.687500,4.481140616365e+01,3.136798431456e+02,1.430090706204e+02,2.925092490814e+02,8.302701822778e+01,3.115003014265e+02,1.000000000000e+00,0.475624194980
850,16006,5861572265.625000,-4.481140616365e+01,-1.344342184910e+02,-8.660138378568e+01,-1.170592131192e+02,-5.044922836070e+01,-1.304476314935e+02,1.000000000000e+00,0.453296657926
851,16007,5861938476.562500,-1.344342184910e+02,-4.481140616365e+01,-1.456100589911e+02,-6.106145951953e-01,-1.320417798287e+02,-3.130620306132e+01,1.000000000000e+00,0.430953299073
852,16008,5862304687.500000,-1.344342184910e+02,-4.481140616365e+01,-1.455347758082e+02,-3.245696802700e-01,-1.321246088643e+02,-3.106115273654e+01,1.000000000000e+00,0.408593953662
853,16009,5862670898.437500,-1.344342184910e+02,-4.481140616365e+01,-1.454435189769e+02,-5.050351617328e-02,-1.321922242811e+02,-3.082694525550e+01,1.000000000000e+00,0.386218457391
854,16010,5863037109.375000,2.240570308183e+02,4.481140616365e+01,2.325455823312e+02,-2.941649055907e+01,2.365685216958e+02,2.333164780837e+01,1.000000000000e+00,0.363826646429
855,16011,5863403320.312500,-1.344342184910e+02,2.240570308183e+02,-5.745304327593e+01,2.619414548742e+02,-1.054085742642e+02,2.395004495225e+02,1.000000000000e+00,0.341418357440
856,16012,5863769531.250000,3.136798431456e+02,-4.481140616365e+01,2.904137303144e+02,-1.466730781350e+02,3.175102519922e+02,-7.560972217120e+01,1.000000000000e+00,0.318993427596
857,16013,5864135742.187500,-3.136798431456e+02,1.344342184910e+02,-2.607401290777e+02,2.342377529818e+02,-2.948665219408e+02,1.679538652933e+02,1.000000000000e+00,0.296551694593
858,16014,5864501953.125000,-3.136798431456e+02,-4.481140616365e+01,-3.197775512998e+02,6.026542238497e+01,-3.130981057087e+02,-1.205173136631e+01,1.000000000000e+00,0.274092996675
859,16015,5864868164.062500,4.481140616365e+01,-4.481140616365e+01,2.866077970095e+01,-5.842452938246e+01,4.696383330925e+01,-4.823823280269e+01,1.000000000000e+00,0.251617172648
860,16016,5865234375.000000,2.240570308183e+02,2.240570308183e+02,2.924530388029e+02,1.429540869008e+02,2.543245298483e+02,2.038127311647e+02,1.000000000000e+00,0.229124061900
861,16017,5865600585.937500,-4.481140616365e+01,-2.240570308183e+02,-1.186922598741e+02,-2.027181047247e+02,-6.179393933987e+01,-2.192999689041e+02,1.000000000000e+00,0.206613504422
862,16018,5865966796.875000,-3.136798431456e+02,-4.481140616365e+01,-3.200120802822e+02,6.219352818013e+01,-3.142613951582e+02,-1.127578042373e+01,1.000000000000e+00,0.184085340827
863,16019,5866333007.812500,3.136798431456e+02,3.136798431456e+02,4.107574431351e+02,1.980974375676e+02,3.539753190989e+02,2.843637696295e+02,1.000000000000e+00,0.161539412370
864,16020,5866699218.750000,-4.481140616365e+01,-2.240570308183e+02,-1.197776445474e+02,-2.017954901939e+02,-6.281541603972e+01,-2.186821822788e+02,1.000000000000e+00,0.138975560970
865,16021,5867065429.687500,-1.344342184910e+02,3.136798431456e+02,-2.264856440128e+01,3.495195439850e+02,-9.598986415676e+01,3.307915819029e+02,1.000000000000e+00,0.116393629231
866,16022,5867431640.625000,-2.240570308183e+02,-3.136798431456e+02,-3.244731473000e+02,-2.267773023416e+02,-2.526698406333e+02,-2.896141875457e+02,1.000000000000e+00,0.093793460461
867,16023,5867797851.562500,-3.136798431456e+02,-3.136798431456e+02,-4.115492267068e+02,-1.960038688030e+02,-3.428809473327e+02,-2.804644776412e+02,1.000000000000e+00,0.071174898700
868,16024,5868164062.500000,4.481140616365e+01,4.481140616365e+01,5.883372199061e+01,2.796895114163e+01,5.497527345407e+01,4.216610848943e+01,1.000000000000e+00,0.048537788736
869,16025,5868530273.437500,-4.481140616365e+01,1.344342184910e+02,3.059843782639e+00,1.456400827124e+02,-2.581920432007e+01,1.417287199856e+02,1.000000000000e+00,0.025881976134
870,16026,5868896484.375000,-3.136798431456e+02,1.344342184910e+02,-2.570002172910e+02,2.388326936285e+02,-2.962424937345e+02,1.701566206517e+02,1.000000000000e+00,0.003207307255
871,16027,5869262695.312500,4.481140616365e+01,2.240570308183e+02,1.211110937163e+02,2.012058073390e+02,7.343519936771e+01,2.224010059955e+02,1.000000000000e+00,-0.019486370716
872,16028,5869628906.250000,-4.481140616365e+01,-2.240570308183e+02,-1.211349077853e+02,-2.010938200399e+02,-6.383475090009e+01,-2.185431564684e+02,1.000000000000e+00,-0.042199209749
873,16029,5869995117.187500,3.136798431456e+02,-1.344342184910e+02,2.564630644171e+02,-2.389185752150e+02,3.056319680505e+02,-1.658270098777e+02,1.000000000000e+00,-0.064931360941
874,16030,5870361328.125000,-3.136798431456e+02,-4.481140616365e+01,-3.183996180430e+02,6.644104906883e+01,-3.152315222744e+02,-9.818786089421e+00,1.000000000000e+00,-0.087682974495
875,16031,5870727539.062500,3.136798431456e+02,3.136798431456e+02,4.126777006982e+02,1.918862608201e+02,3.526923993328e+02,2.828071235832e+02,1.000000000000e+00,-0.110454199687
876,16032,5871093750.000000,2.240570308183e+02,-3.136798431456e+02,1.047327850285e+02,-3.812058662551e+02,1.946252640740e+02,-3.369552168993e+02,1.000000000000e+00,-0.133245184846
877,16033,5871459960.937500,-2.240570308183e+02,4.481140616365e+01,-1.998395770832e+02,1.224717115195e+02,-2.158263941991e+02,7.116919710046e+01,1.000000000000e+00,-0.156056077323
878,16034,5871826171.875000,2.240570308183e+02,-4.481140616365e+01,1.998463292435e+02,-1.225568823771e+02,2.237941880187e+02,-6.725612185971e+01,1.000000000000e+00,-0.178887023468
879,16035,5872192382.812500,-4.481140616365e+01,3.136798431456e+02,6.807407172718e+01,3.179871716180e+02,-7.478451698502e+00,3.214837921904e+02,1.000000000000e+00,-0.201738168595
880,16036,5872558593.750000,1.344342184910e+02,-4.481140616365e+01,1.136301128870e+02,-9.084517860915e+01,1.338091214161e+02,-5.746247691135e+01,1.000000000000e+00,-0.224609656963
881,16037,5872924804.687500,4.481140616365e+01,2.240570308183e+02,1.226452069842e+02,2.000609217560e+02,7.228799134160e+01,2.221281309681e+02,1.000000000000e+00,-0.247501631737
882,16038,5873291015.625000,-2.240570308183e+02,2.240570308183e+02,-1.360215305198e+02,2.955776251418e+02,-1.976005458253e+02,2.507739682663e+02,1.000000000000e+00,-0.270414234967
883,16039,5873657226.562500,3.136798431456e+02,4.481140616365e+01,3.178564057376e+02,-6.914015629702e+01,3.229730616551e+02,1.278377669654e+01,1.000000000000e+00,-0.293347607553
884,16040,5874023437.500000,-1.344342184910e+02,4.481140616365e+01,-1.131190338285e+02,9.141270607211e+01,-1.267940129813e+02,6.145415743623e+01,1.000000000000e+00,-0.316301889217
885,16041,5874389648.437500,4.481140616365e+01,-4.481140616365e+01,2.697759413961e+01,-5.917983760025e+01,4.314661440788e+01,-4.811406155091e+01,1.000000000000e+00,-0.339277218472
886,16042,5874755859.375000,-3.136798431456e+02,1.344342184910e+02,-2.532921029108e+02,2.418736619498e+02,-2.972574985474e+02,1.704554052972e+02,1.000000000000e+00,-0.362273732588
887,16043,5875122070.312500,1.344342184910e+02,-4.481140616365e+01,1.131289312095e+02,-9.137770204405e+01,1.329115284572e+02,-5.781695128626e+01,1.000000000000e+00,-0.385291567565
888,16044,5875488281.250000,3.136798431456e+02,2.240570308183e+02,3.821880752815e+02,1.022392311921e+02,3.417960217920e+02,1.923802974894e+02,1.000000000000e+00,-0.408330858097
889,16045,5875854492.187500,-4.481140616365e+01,3.136798431456e+02,7.038287798824e+01,3.175221810879e+02,-8.065554052591e+00,3.211699176535e+02,1.000000000000e+00,-0.431391737538
890,16046,5876220703.125000,-1.344342184910e+02,-2.240570308183e+02,-2.101168510360e+02,-1.666998029854e+02,-1.566462160214e+02,-2.088086190640e+02,1.000000000000e+00,-0.454474337873
891,16047,5876586914.062500,-4.481140616365e+01,-4.481140616365e+01,-5.921391747085e+01,-2.694500602462e+01,-4.729831786214e+01,-3.878911571754e+01,1.000000000000e+00,-0.477578789681
892,16048,5876953125.000000,4.481140616365e+01,1.344342184910e+02,9.133886867794e+01,1.132351977046e+02,6.147423503289e+01,1.316371629598e+02,1.000000000000e+00,-0.500705222103
893,16049,5877319335.937500,-3.136798431456e+02,-3.136798431456e+02,-4.143808445959e+02,-1.886840242148e+02,-3.456988958274e+02,-2.804502995453e+02,1.000000000000e+00,-0.523853762803
894,16050,5877685546.875000,-2.240570308183e+02,-2.240570308183e+02,-2.960927873159e+02,-1.343049479059e+02,-2.465007799354e+02,-1.996894635791e+02,1.000000000000e+00,-0.547024537937
895,16051,5878051757.812500,-1.344342184910e+02,3.136798431456e+02,-1.548514075470e+01,3.497530933222e+02,-9.902519911997e+01,3.302242846255e+02,1.000000000000e+00,-0.570217672116
896,16052,5878417968.750000,4.481140616365e+01,-4.481140616365e+01,2.686416661088e+01,-5.921727361135e+01,4.227234572486e+01,-4.863794378402e+01,1.000000000000e+00,-0.593433288369
897,16053,5878784179.687500,4.481140616365e+01,2.240570308183e+02,1.237252594159e+02,1.992129828965e+02,7.039571406150e+01,2.212257833291e+02,1.000000000000e+00,-0.616671508106
898,16054,5879150390.625000,1.344342184910e+02,-2.240570308183e+02,4.865675927952e+01,-2.637377676625e+02,1.136003335557e+02,-2.379891764362e+02,1.000000000000e+00,-0.639932451083
899,16055,5879516601.562500,3.136798431456e+02,1.344342184910e+02,3.498516425256e+02,1.618567358266e+01,3.307372299046e+02,1.030531000446e+02,1.000000000000e+00,-0.663216235361
900,16056,5879882812.500000,2.240570308183e+02,3.136798431456e+02,3.283989784573e+02,2.204563280290e+02,2.595147050111e+02,2.920770032633e+02,1.000000000000e+00,-0.686522977270
901,16057,5880249023.437500,-3.136798431456e+02,3.136798431456e+02,-1.875917107530e+02,4.147542691996e+02,-2.798208789584e+02,3.486692678386e+02,1.000000000000e+00,-0.709852791371
902,16058,5880615234.375000,3.136798431456e+02,-4.481140616365e+01,2.847440698550e+02,-1.570839455425e+02,3.116572619355e+02,-7.804503192083e+01,1.000000000000e+00,-0.733205790416
903,16059,5880981445.312500,1.344342184910e+02,-2.240570308183e+02,4.712146817971e+01,-2.640377881782e+02,1.121701632135e+02,-2.389661360000e+02,1.000000000000e+00,-0.756582085307
904,16060,5881347656.250000,-1.344342184910e+02,-2.240570308183e+02,-2.105927647787e+02,-1.660413365973e+02,-1.574110159279e+02,-2.099731861004e+02,1.000000000000e+00,-0.779981785059
905,16061,5881713867.187500,-3.136798431456e+02,-1.344342184910e+02,-3.498873037642e+02,-1.519783286813e+01,-3.275083701542e+02,-1.012735045769e+02,1.000000000000e+00,-0.803404996757
906,16062,5882080078.125000,-4.481140616365e+01,-4.481140616365e+01,-5.924486138489e+01,-2.680056139029e+01,-4.816215531338e+01,-4.002182675962e+01,1.000000000000e+00,-0.826851825519
907,16063,5882446289.062500,1.344342184910e+02,-4.481140616365e+01,1.128050886759e+02,-9.170695336253e+01,1.316476747631e+02,-5.898948960071e+01,1.000000000000e+00,-0.850322374448
908,16064,5882812500.000000,-4.481140616365e+01,3.136798431456e+02,7.068525927000e+01,3.172530749840e+02,-1.036190050857e+01,3.194522021434e+02,1.000000000000e+00,-0.873816744600
909,16065,5883178710.937500,-4.481140616365e+01,-3.136798431456e+02,-1.564574427481e+02,-2.849187833028e+02,-7.638788637301e+01,-3.100724232182e+02,1.000000000000e+00,-0.897335034931
910,16066,5883544921.875000,3.136798431456e+02,-3.136798431456e+02,1.885678878775e+02,-4.142941331542e+02,2.840385282598e+02,-3.472557698554e+02,1.000000000000e+00,-0.920877342264
911,16067,5883911132.812500,1.344342184910e+02,2.240570308183e+02,2.095197569389e+02,1.674035450587e+02,1.590025411367e+02,2.112110311460e+02,1.000000000000e+00,-0.944443761242
912,16068,5884277343.750000,-1.344342184910e+02,3.136798431456e+02,-1.734092514399e+01,3.498407889423e+02,-1.022505726828e+02,3.281435208742e+02,1.000000000000e+00,-0.968034384283
913,16069,5884643554.687500,1.344342184910e+02,-1.344342184910e+02,8.143658090610e+01,-1.773044245036e+02,1.230084885526e+02,-1.488265895104e+02,1.000000000000e+00,-0.991649301543
914,16070,5885009765.625000,3.136798431456e+02,1.344342184910e+02,3.497549054525e+02,1.770200777283e+01,3.297121160383e+02,1.033669780446e+02,1.000000000000e+00,-1.015288600865
915,16071,5885375976.562500,3.136798431456e+02,4.481140616365e+01,3.177601064807e+02,-6.858359337384e+01,3.207549694013e+02,1.317486272317e+01,1.000000000000e+00,-1.038952367737
916,16072,5885742187.500000,4.481140616365e+01,1.344342184910e+02,9.098051044657e+01,1.133466991520e+02,5.976909718130e+01,1.297339737031e+02,1.000000000000e+00,-1.062640685252
917,16073,5886108398.437500,1.344342184910e+02,-4.481140616365e+01,1.133255603561e+02,-9.099993099391e+01,1.318330426093e+02,-5.925051393912e+01,1.000000000000e+00,-1.086353634057
918,16074,5886474609.375000,-3.136798431456e+02,1.344342184910e+02,-2.538263447063e+02,2.412558244031e+02,-2.999964208686e+02,1.656272345754e+02,1.000000000000e+00,-1.110091292310
919,16075,5886840820.312500,-2.240570308183e+02,1.344342184910e+02,-1.676147084548e+02,2.094290255906e+02,-2.100085736508e+02,1.566986872461e+02,1.000000000000e+00,-1.133853735639
920,16076,5887207031.250000,-3.136798431456e+02,-2.240570308183e+02,-3.819377767017e+02,-1.038844005210e+02,-3.362727446363e+02,-1.946060741694e+02,1.000000000000e+00,-1.157641037088
921,16077,5887573242.187500,-1.344342184910e+02,3.136798431456e+02,-1.813190521279e+01,3.499432054184e+02,-1.023868083688e+02,3.273484723297e+02,1.000000000000e+00,-1.181453267078
922,16078,5887939453.125000,1.344342184910e+02,-3.136798431456e+02,1.867627171971e+01,-3.499071549929e+02,1.057846072153e+02,-3.297219557068e+02,1.000000000000e+00,-1.205290493361
923,16079,5888305664.062500,-4.481140616365e+01,-3.136798431456e+02,-1.536622698462e+02,-2.867832631774e+02,-7.391926192882e+01,-3.123125621604e+02,1.000000000000e+00,-1.229152780967
924,16080,5888671875.000000,-2.240570308183e+02,3.136798431456e+02,-1.062843539704e+02,3.812979911498e+02,-1.935997642689e+02,3.352875006887e+02,1.000000000000e+00,-1.253040192165
925,16081,5889038085.937500,3.136798431456e+02,-3.136798431456e+02,1.933250515328e+02,-4.124504139084e+02,2.872147883227e+02,-3.466636762068e+02,1.000000000000e+00,-1.276952786414
926,16082,5889404296.875000,-1.344342184910e+02,-4.481140616365e+01,-1.453535363874e+02,3.816583388229e+00,-1.376650695914e+02,-3.376144271581e+01,1.000000000000e+00,-1.300890620313
927,16083,5889770507.812500,-1.344342184910e+02,1.344342184910e+02,-8.241099982889e+01,1.766636403416e+02,-1.201015415999e+02,1.462498792548e+02,1.000000000000e+00,-1.324853747560
928,16084,5890136718.750000,3.136798431456e+02,4.481140616365e+01,3.178517026363e+02,-6.669076722377e+01,3.208239013600e+02,1.248763528816e+01,1.000000000000e+00,-1.348842218900
929,16085,5890502929.687500,-4.481140616365e+01,3.136798431456e+02,6.603562986537e+01,3.180387119678e+02,-1.301503540637e+01,3.171402042821e+02,1.000000000000e+00,-1.372856082079
930,16086,5890869140.625000,1.344342184910e+02,-4.481140616365e+01,1.142137361763e+02,-8.979686562504e+01,1.326048500921e+02,-5.969442170928e+01,1.000000000000e+00,-1.396895381801
931,16087,5891235351.562500,4.481140616365e+01,-3.136798431456e+02,-6.496887722653e+01,-3.183160189457e+02,1.755681158479e+01,-3.211919825081e+02,1.000000000000e+00,-1.420960159673
932,16088,5891601562.500000,-3.136798431456e+02,-1.344342184910e+02,-3.492042787942e+02,-2.185797972793e+01,-3.254141903910e+02,-1.078358433935e+02,1.000000000000e+00,-1.445050454167
933,16089,5891967773.437500,2.240570308183e+02,3.136798431456e+02,3.241405844677e+02,2.260759681981e+02,2.562258376112e+02,2.917571385809e+02,1.000000000000e+00,-1.469166300565
934,16090,5892333984.375000,2.240570308183e+02,-3.136798431456e+02,1.089597998031e+02,-3.797494582666e+02,1.978466831903e+02,-3.379603350337e+02,1.000000000000e+00,-1.493307730917
935,16091,5892700195.312500,-1.344342184910e+02,2.240570308183e+02,-5.325535438158e+01,2.623541456535e+02,-1.117837739054e+02,2.348604090896e+02,1.000000000000e+00,-1.517474773990
936,16092,5893066406.250000,-1.344342184910e+02,-1.344342184910e+02,-1.756767255838e+02,-8.403939993294e+01,-1.449557050231e+02,-1.248649879495e+02,1.000000000000e+00,-1.541667455225
937,16093,5893432617.187500,-1.344342184910e+02,1.344342184910e+02,-8.445019262703e+01,1.755546225983e+02,-1.202225982020e+02,1.446145986659e+02,1.000000000000e+00,-1.565885796687
938,16094,5893798828.125000,1.344342184910e+02,4.481140616365e+01,1.452413125445e+02,-1.903286801671e+00,1.415034234537e+02,3.030798631560e+01,1.000000000000e+00,-1.590129817020
939,16095,5894165039.062500,-1.344342184910e+02,-3.136798431456e+02,-2.355130183473e+02,-2.587921382223e+02,-1.603640700797e+02,-3.057322553393e+02,1.000000000000e+00,-1.614399531400
940,16096,5894531250.000000,2.240570308183e+02,3.136798431456e+02,3.222958576089e+02,2.289121951399e+02,2.558113757244e+02,2.923073681145e+02,1.000000000000e+00,-1.638694951490
941,16097,5894897460.937500,1.344342184910e+02,-2.240570308183e+02,5.532479020423e+01,-2.622376102549e+02,1.177419085784e+02,-2.399631852226e+02,1.000000000000e+00,-1.663016085390
942,16098,5895263671.875000,-4.481140616365e+01,2.240570308183e+02,3.095089917696e+01,2.322765869449e+02,-2.241957921475e+01,2.261820878597e+02,1.000000000000e+00,-1.687362937596
943,16099,5895629882.812500,-1.344342184910e+02,4.481140616365e+01,-1.158188654642e+02,8.770771809993e+01,-1.282253127238e+02,5.357258461489e+01,1.000000000000e+00,-1.711735508951
944,16100,5895996093.750000,3.136798431456e+02,-4.481140616365e+01,2.903040740074e+02,-1.455788584335e+02,3.144878832907e+02,-7.388994709365e+01,1.000000000000e+00,-1.736133796602
945,16101,5896362304.687500,1.344342184910e+02,2.240570308183e+02,2.032424679695e+02,1.743058197221e+02,1.566170077168e+02,2.109896778772e+02,1.000000000000e+00,-1.760557793955
946,16102,5896728515.625000,2.240570308183e+02,-4.481140616365e+01,2.034477248396e+02,-1.157949296303e+02,2.246607643660e+02,-6.631176471568e+01,1.000000000000e+00,-1.785007490628
947,16103,5897094726.562500,3.136798431456e+02,-4.481140616365e+01,2.907514530161e+02,-1.443820677680e+02,3.147735400068e+02,-7.363412358277e+01,1.000000000000e+00,-1.809482872411
948,16104,5897460937.500000,-1.344342184910e+02,-2.240570308183e+02,-2.029081151612e+02,-1.748419691097e+02,-1.500104167885e+02,-2.171112319123e+02,1.000000000000e+00,-1.833983921219
949,16105,5897827148.437500,-2.240570308183e+02,4.481140616365e+01,-2.037669222756e+02,1.157682553873e+02,-2.177726322686e+02,6.065991022500e+01,1.000000000000e+00,-1.858510615052
950,16106,5898193359.375000,2.240570308183e+02,-1.344342184910e+02,1.751626438263e+02,-2.028809882119e+02,2.177727971519e+02,-1.570847342666e+02,1.000000000000e+00,-1.883062927950
951,16107,5898559570.312500,4.481140616365e+01,-1.344342184910e+02,8.400359221554e-01,-1.453244972124e+02,3.785828703933e+01,-1.420299769872e+02,1.000000000000e+00,-1.907640829953
952,16108,5898925781.250000,-4.481140616365e+01,-2.240570308183e+02,-1.146067070222e+02,-2.043290476092e+02,-5.923343414173e+01,-2.247508146871e+02,1.000000000000e+00,-1.932244287058
953,16109,5899291992.187500,1.344342184910e+02,-3.136798431456e+02,3.304366401984e+01,-3.481854162567e+02,1.144609129284e+02,-3.290173960758e+02,1.000000000000e+00,-1.956873261180
954,16110,5899658203.125000,2.240570308183e+02,1.344342184910e+02,2.603544537048e+02,6.205354081749e+01,2.395799362360e+02,1.146828689921e+02,1.000000000000e+00,-1.981527710111
955,16111,5900024414.062500,-2.240570308183e+02,4.481140616365e+01,-2.052944414049e+02,1.121844520590e+02,-2.172629413062e+02,5.821126871147e+01,1.000000000000e+00,-2.006207587482
956,16112,5900390625.000000,3.136798431456e+02,-2.240570308183e+02,2.389581756590e+02,-3.143411528850e+02,3.034161609671e+02,-2.511708082877e+02,1.000000000000e+00,-2.030912842724
957,16113,5900756835.937500,1.344342184910e+02,3.136798431456e+02,2.261776251981e+02,2.667446902768e+02,1.623081358479e+02,3.023731275717e+02,1.000000000000e+00,-2.055643421029
958,16114,5901123046.875000,-3.136798431456e+02,4.481140616365e+01,-2.941062274856e+02,1.378001127073e+02,-3.074017700838e+02,6.398616177618e+01,1.000000000000e+00,-2.080399263315
959,16115,5901489257.812500,2.240570308183e+02,2.240570308183e+02,2.863361458862e+02,1.531629027614e+02,2.458900127724e+02,2.062811050708e+02,1.000000000000e+00,-2.105180306190
960,16116,5901855468.750000,4.481140616365e+01,3.136798431456e+02,1.365418745836e+02,2.945564146996e+02,7.184668991113e+01,3.089317320882e+02,1.000000000000e+00,-2.129986481917
961,16117,5902221679.687500,3.136798431456e+02,-1.344342184910e+02,2.685265021419e+02,-2.239647512519e+02,3.113102124756e+02,-1.599238366514e+02,1.000000000000e+00,-2.154817718379
962,16118,5902587890.625000,2.240570308183e+02,2.240570308183e+02,2.854147111316e+02,1.547866133895e+02,2.458827618180e+02,2.067330250913e+02,1.000000000000e+00,-2.179673939048
963,16119,5902954101.562500,1.344342184910e+02,1.344342184910e+02,1.710960070138e+02,9.318819450116e+01,1.497671996487e+02,1.228375001029e+02,1.000000000000e+00,-2.204555062949
964,16120,5903320312.500000,2.240570308183e+02,1.344342184910e+02,2.591196511238e+02,6.781571293752e+01,2.399859428857e+02,1.170270813794e+02,1.000000000000e+00,-2.229461004635
965,16121,5903686523.437500,-4.481140616365e+01,1.344342184910e+02,-5.751225279664e+00,1.451953566223e+02,-3.043905673007e+01,1.350560159665e+02,1.000000000000e+00,-2.254391674153
966,16122,5904052734.375000,2.240570308183e+02,-4.481140616365e+01,2.081582511056e+02,-1.076635984679e+02,2.284943076948e+02,-6.285707710321e+01,1.000000000000e+00,-2.279346977017
967,16123,5904418945.312500,3.136798431456e+02,3.136798431456e+02,3.974520362187e+02,2.209433944354e+02,3.419088535587e+02,2.921286002957e+02,1.000000000000e+00,-2.304326814181
968,16124,5904785156.250000,3.136798431456e+02,3.136798431456e+02,3.968145053936e+02,2.215749153373e+02,3.417401261310e+02,2.921479016632e+02,1.000000000000e+00,-2.329331082013
969,16125,5905151367.187500,-3.136798431456e+02,-1.344342184910e+02,-3.464565620787e+02,-4.570021170306e+01,-3.174229273418e+02,-1.182368125923e+02,1.000000000000e+00,-2.354359672268
970,16126,5905517578.125000,4.481140616365e+01,-4.481140616365e+01,3.193351169982e+01,-5.645568984212e+01,4.871654940664e+01,-5.074842667883e+01,1.000000000000e+00,-2.379412472067
971,16127,5905883789.062500,1.344342184910e+02,-3.136798431456e+02,4.781064571088e+01,-3.458311227421e+02,1.227347607211e+02,-3.259871133319e+02,1.000000000000e+00,-2.404489363876
972,16128,5906250000.000000,1.344342184910e+02,-4.481140616365e+01,1.207791949851e+02,-8.028233908901e+01,1.391570171013e+02,-5.582290996751e+01,1.000000000000e+00,-2.429590225483
973,16129,5906616210.937500,3.136798431456e+02,-3.136798431456e+02,2.269234920065e+02,-3.936774999777e+02,3.040024758546e+02,-3.365329875589e+02,1.000000000000e+00,-2.454714929978
974,16130,5906982421.875000,3.136798431456e+02,-4.481140616365e+01,2.989506190836e+02,-1.270998576554e+02,3.201505439232e+02,-6.591071453798e+01,1.000000000000e+00,-2.479863345739
975,16131,5907348632.812500,1.344342184910e+02,1.344342184910e+02,1.682416822707e+02,9.824359750505e+01,1.499468735105e+02,1.250732994863e+02,1.000000000000e+00,-2.505035336413
976,16132,5907714843.750000,-3.136798431456e+02,1.344342184910e+02,-2.764678929799e+02,2.138970491298e+02,-3.008832153373e+02,1.496810327684e+02,1.000000000000e+00,-2.530230760904
977,16133,5908081054.687500,-4.481140616365e+01,3.136798431456e+02,3.515468175683e+01,3.225162643152e+02,-2.103161395817e+01,3.152530989289e+02,1.000000000000e+00,-2.555449473357
978,16134,5908447265.625000,-2.240570308183e+02,-4.481140616365e+01,-2.336478862800e+02,1.180877605941e+01,-2.200602838156e+02,-3.581663986465e+01,1.000000000000e+00,-2.580691323150
979,16135,5908813476.562500,4.481140616365e+01,-2.240570308183e+02,-1.120675846071e+01,-2.336762985739e+02,4.127380055917e+01,-2.299247259283e+02,1.000000000000e+00,-2.605956154880
980,16136,5909179687.500000,2.240570308183e+02,1.344342184910e+02,2.558047707867e+02,7.835619999052e+01,2.399606272052e+02,1.215472502902e+02,1.000000000000e+00,-2.631243808362
981,16137,5909545898.437500,-2.240570308183e+02,-4.481140616365e+01,-2.337459509498e+02,1.031659983560e+01,-2.196578520169e+02,-3.580195078182e+01,1.000000000000e+00,-2.656554118617
982,16138,5909912109.375000,3.136798431456e+02,-4.481140616365e+01,3.011348250717e+02,-1.208785290147e+02,3.212662257912e+02,-6.314538448189e+01,1.000000000000e+00,-2.681886915870
983,16139,5910278320.312500,4.481140616365e+01,4.481140616365e+01,5.538062403774e+01,3.384271439065e+01,5.551525199601e+01,4.088361624619e+01,1.000000000000e+00,-2.707242025549
984,16140,5910644531.250000,-2.240570308183e+02,4.481140616365e+01,-2.126337373265e+02,9.774738283803e+01,-2.149043353325e+02,5.408289013991e+01,1.000000000000e+00,-2.732619268280
985,16141,5911010742.187500,4.481140616365e+01,-1.344342184910e+02,1.327986620836e+01,-1.445373151669e+02,4.722845971168e+01,-1.390998462788e+02,1.000000000000e+00,-2.758018459896
986,16142,5911376953.125000,2.240570308183e+02,4.481140616365e+01,2.339816442677e+02,-6.895719936269e+00,2.360997232484e+02,3.326835760004e+01,1.000000000000e+00,-2.783439411433
987,16143,5911743164.062500,3.136798431456e+02,-2.240570308183e+02,2.625056752421e+02,-2.951302045061e+02,3.145467184895e+02,-2.409116170954e+02,1.000000000000e+00,-2.808881929139
988,16144,5912109375.000000,-3.136798431456e+02,-3.136798431456e+02,-3.839708611184e+02,-2.433201364555e+02,-3.205135308433e+02,-3.036599820588e+02,1.000000000000e+00,-2.834345814482
989,16145,5912475585.937500,-2.240570308183e+02,-2.240570308183e+02,-2.737927924322e+02,-1.744297615953e+02,-2.261654447103e+02,-2.172392362557e+02,1.000000000000e+00,-2.859830864155
990,16146,5912841796.875000,3.136798431456e+02,-1.344342184910e+02,2.843858233566e+02,-2.032959556680e+02,3.190488101787e+02,-1.496656972031e+02,1.000000000000e+00,-2.885336870095
991,16147,5913208007.812500,-1.344342184910e+02,-1.344342184910e+02,-1.636474748976e+02,-1.055645989535e+02,-1.316641112688e+02,-1.308001511415e+02,1.000000000000e+00,-2.910863619489
992,16148,5913574218.750000,4.481140616365e+01,2.240570308183e+02,9.244984627457e+01,2.150472852617e+02,6.311283911138e+01,2.229229488298e+02,1.000000000000e+00,-2.936410894795
993,16149,5913940429.687500,4.481140616365e+01,1.344342184910e+02,7.295728645760e+01,1.255231460938e+02,5.947526289096e+01,1.329507811677e+02,1.000000000000e+00,-2.961978473754
994,16150,5914306640.625000,2.240570308183e+02,1.344342184910e+02,2.524888165439e+02,8.878599331188e+01,2.399375924042e+02,1.264791039340e+02,1.000000000000e+00,-2.987566129418
995,16151,5914672851.562500,1.344342184910e+02,4.481140616365e+01,1.440330108474e+02,1.761073337240e+01,1.464748335321e+02,3.971343024362e+01,1.000000000000e+00,-3.013173630166
996,16152,5915039062.500000,-2.240570308183e+02,-1.344342184910e+02,-2.519286462939e+02,-8.988799180993e+01,-2.206499973623e+02,-1.273835945828e+02,1.000000000000e+00,-3.038800739729
997,16153,5915405273.437500,-3.136798431456e+02,-2.240570308183e+02,-3.592228093179e+02,-1.632381590070e+02,-3.135483094741e+02,-2.147079014943e+02,1.000000000000e+00,-3.064447217219
998,16154,5915771484.375000,-1.344342184910e+02,3.136798431456e+02,-7.456664971440e+01,3.412308991095e+02,-1.151478394974e+02,3.199339381740e+02,1.000000000000e+00,-3.090112817157
999,16155,5916137695.312500,-2.240570308183e+02,4.481140616365e+01,-2.168848871779e+02,8.742620529566e+01,-2.140830697911e+02,5.215232514890e+01,1.000000000000e+00,-3.115797289501
1000,16156,5916503906.250000,-3.136798431456e+02,-2.240570308183e+02,-3.571990499571e+02,-1.674799593941e+02,-3.120695715733e+02,-2.159605243841e+02,1.000000000000e+00,-3.141500379685
1001,16157,5916870117.187500,-3.136798431456e+02,3.136798431456e+02,-2.591759368224e+02,3.727663427779e+02,-2.969429992681e+02,3.246185519682e+02,1.000000000000e+00,3.115963478530
1002,16158,5917236328.125000,-1.344342184910e+02,2.240570308183e+02,-9.570513339304e+01,2.497060896339e+02,-1.192594084753e+02,2.295691814187e+02,1.000000000000e+00,3.090223934298
1003,16159,5917602539.062500,-1.344342184910e+02,3.136798431456e+02,-8.085306286082e+01,3.397794195898e+02,-1.171382146818e+02,3.197822166802e+02,1.000000000000e+00,3.064466562725
1004,16160,5917968750.000000,4.481140616365e+01,-1.344342184910e+02,2.218934536369e+01,-1.433146403258e+02,5.212098261305e+01,-1.353544339088e+02,1.000000000000e+00,3.038691636108
1005,16161,5918334960.937500,4.481140616365e+01,-3.136798431456e+02,-7.475936996975e+00,-3.242175300069e+02,4.813580639395e+01,-3.155074207015e+02,1.000000000000e+00,3.012899431073
1006,16162,5918701171.875000,-4.481140616365e+01,-3.136798431456e+02,-9.697789223235e+01,-3.094925598476e+02,-4.169657162501e+01,-3.133169114850e+02,1.000000000000e+00,2.987090228523
1007,16163,5919067382.812500,-3.136798431456e+02,-3.136798431456e+02,-3.677744476164e+02,-2.664237886599e+02,-3.119433616728e+02,-3.074851330048e+02,1.000000000000e+00,2.961264313591
1008,16164,5919433593.750000,2.240570308183e+02,1.344342184910e+02,2.479725560166e+02,1.006732979387e+02,2.388574794451e+02,1.325753029154e+02,1.000000000000e+00,2.935421975591
1009,16165,5919799804.687500,2.240570308183e+02,1.344342184910e+02,2.477239368012e+02,1.016431826235e+02,2.388445266033e+02,1.331360662064e+02,1.000000000000e+00,2.909563507959
1010,16166,5920166015.625000,-2.240570308183e+02,-3.136798431456e+02,-2.746569100758e+02,-2.839641700001e+02,-2.209123865915e+02,-3.098940495882e+02,1.000000000000e+00,2.883689208203
1011,16167,5920532226.562500,2.240570308183e+02,-4.481140616365e+01,2.202972701666e+02,-7.909052573307e+01,2.354580094220e+02,-4.728931211506e+01,1.000000000000e+00,2.857799377838
1012,16168,5920898437.500000,-3.136798431456e+02,-3.136798431456e+02,-3.645137311671e+02,-2.710044074615e+02,-3.115695328800e+02,-3.068345737419e+02,1.000000000000e+00,2.831894322329
1013,16169,5921264648.437500,4.481140616365e+01,3.136798431456e+02,9.078294699887e+01,3.113556404043e+02,6.176553946913e+01,3.174253551310e+02,1.000000000000e+00,2.805974351030
1014,16170,5921630859.375000,-1.344342184910e+02,-3.136798431456e+02,-1.799003782177e+02,-2.992764314162e+02,-1.294167115983e+02,-3.106553493002e+02,1.000000000000e+00,2.780039777115
1015,16171,5921997070.312500,3.136798431456e+02,-2.240570308183e+02,2.881884313084e+02,-2.690880149917e+02,3.234374802505e+02,-2.263498598377e+02,1.000000000000e+00,2.754090917511
1016,16172,5922363281.250000,4.481140616365e+01,-1.344342184910e+02,2.787260986018e+01,-1.422834096594e+02,5.422252012329e+01,-1.326345928268e+02,1.000000000000e+00,2.728128092833
1017,16173,5922729492.187500,3.136798431456e+02,1.344342184910e+02,3.357678262084e+02,9.624099359482e+01,3.282094830596e+02,1.347479346243e+02,1.000000000000e+00,2.702151627305
1018,16174,5923095703.125000,-2.240570308183e+02,2.240570308183e+02,-1.995327564347e+02,2.557179748275e+02,-2.119695537574e+02,2.317732409390e+02,1.000000000000e+00,2.676161848694
1019,16175,5923461914.062500,-3.136798431456e+02,2.240570308183e+02,-2.915628405092e+02,2.656811073086e+02,-3.024216882073e+02,2.324682175430e+02,1.000000000000e+00,2.650159088228
1020,16176,5923828125.000000,1.344342184910e+02,-3.136798431456e+02,9.989675662691e+01,-3.344981976799e+02,1.433376012320e+02,-3.127486890233e+02,1.000000000000e+00,2.624143680522
1021,16177,5924194335.937500,-1.344342184910e+02,-2.240570308183e+02,-1.621385815615e+02,-2.124786205716e+02,-1.261397486895e+02,-2.201331586850e+02,1.000000000000e+00,2.598115963496
1022,16178,5924560546.875000,-4.481140616365e+01,-4.481140616365e+01,-5.055719673671e+01,-4.059839995209e+01,-3.456428777101e+01,-4.037698607777e+01,1.000000000000e+00,2.572076278292
1023,16179,5924926757.812500,-3.136798431456e+02,-3.136798431456e+02,-3.532550076802e+02,-2.851742989976e+02,-3.072860411255e+02,-3.086433419965e+02,1.000000000000e+00,2.546024969193
1024,16180,5925292968.750000,4.481140616365e+01,-2.240570308183e+02,2.226815320347e+01,-2.327788570163e+02,5.455975353364e+01,-2.210131827839e+02,1.000000000000e+00,2.519962383535
1025,16181,5925659179.687500,-3.136798431456e+02,3.136798431456e+02,-2.882574525113e+02,3.506905547185e+02,-3.035122722154e+02,3.218972394203e+02,1.000000000000e+00,2.493888871621
1026,16182,5926025390.625000,1.344342184910e+02,4.481140616365e+01,1.412201355294e+02,3.289489195277e+01,1.461901481866e+02,4.994257662952e+01,1.000000000000e+00,2.467804786628
1027,16183,5926391601.562500,-3.136798431456e+02,3.136798431456e+02,-2.908555882348e+02,3.485151061507e+02,-3.042855900913e+02,3.215469237811e+02,1.000000000000e+00,2.441710484518
1028,16184,5926757812.500000,1.344342184910e+02,2.240570308183e+02,1.569656257625e+02,2.164632340282e+02,1.463608072153e+02,2.308211082207e+02,1.000000000000e+00,2.415606323945
1029,16185,5927124023.437500,4.481140616365e+01,3.136798431456e+02,7.247596927840e+01,3.159940047725e+02,5.599731093684e+01,3.213188004295e+02,1.000000000000e+00,2.389492666159
1030,16186,5927490234.375000,1.344342184910e+02,-4.481140616365e+01,1.334125255705e+02,-5.656374292986e+01,1.459317413418e+02,-3.896450846411e+01,1.000000000000e+00,2.363369874911
1031,16187,5927856445.312500,2.240570308183e+02,-1.344342184910e+02,2.180661769504e+02,-1.541577860832e+02,2.362238325385e+02,-1.283286391449e+02,1.000000000000e+00,2.337238316352
1032,16188,5928222656.250000,-3.136798431456e+02,1.344342184910e+02,-3.101438337917e+02,1.596325407262e+02,-3.053078230224e+02,1.399644973585e+02,1.000000000000e+00,2.311098358937
1033,16189,5928588867.187500,-1.344342184910e+02,-3.136798431456e+02,-1.582691840046e+02,-3.110109575352e+02,-1.225003624360e+02,-3.097787719087e+02,1.000000000000e+00,2.284950373319
1034,16190,5928955078.125000,2.240570308183e+02,-3.136798431456e+02,2.091412905608e+02,-3.343123805837e+02,2.386288273499e+02,-3.068433197556e+02,1.000000000000e+00,2.258794732252
1035,16191,5929321289.062500,-1.344342184910e+02,-2.240570308183e+02,-1.506029444531e+02,-2.208577676125e+02,-1.227197899998e+02,-2.197204797447e+02,1.000000000000e+00,2.232631810482
1036,16192,5929687500.000000,1.344342184910e+02,1.344342184910e+02,1.449020598297e+02,1.297576251260e+02,1.443243962942e+02,1.436636004693e+02,1.000000000000e+00,2.206461984645
1037,16193,5930053710.937500,-2.240570308183e+02,4.481140616365e+01,-2.265456334650e+02,5.769220870724e+01,-2.155584959281e+02,5.014044109142e+01,1.000000000000e+00,2.180285633159
1038,16194,5930419921.875000,-1.344342184910e+02,4.481140616365e+01,-1.351839660873e+02,5.239323204422e+01,-1.255242721495e+02,5.106058117649e+01,1.000000000000e+00,2.154103136116
1039,16195,5930786132.812500,3.136798431456e+02,-3.136798431456e+02,3.064960589591e+02,-3.347445454611e+02,3.297162836615e+02,-3.038665304603e+02,1.000000000000e+00,2.127914875176
1040,16196,5931152343.750000,-4.481140616365e+01,3.136798431456e+02,-3.314446247640e+01,3.224853303472e+02,-3.959223660629e+01,3.227958300461e+02,1.000000000000e+00,2.101721233451
1041,16197,5931518554.687500,3.136798431456e+02,-4.481140616365e+01,3.191619642353e+02,-5.676675797318e+01,3.262915183159e+02,-3.155517801923e+01,1.000000000000e+00,2.075522595402
1042,16198,5931884765.625000,-4.481140616365e+01,-1.344342184910e+02,-4.977998575840e+01,-1.361528901990e+02,-3.248286961071e+01,-1.278348125161e+02,1.000000000000e+00,2.049319346720
1043,16199,5932250976.562500,-3.136798431456e+02,2.240570308183e+02,-3.148652745112e+02,2.370690967514e+02,-3.102115371447e+02,2.271091413752e+02,1.000000000000e+00,2.023111874218
1044,16200,5932617187.500000,-4.481140616365e+01,1.344342184910e+02,-4.271352896531e+01,1.383264425631e+02,-3.814513188217e+01,1.427276153212e+02,1.000000000000e+00,1.996900565717
1045,16201,5932983398.437500,3.136798431456e+02,-1.344342184910e+02,3.174883493364e+02,-1.434125330053e+02,3.272784104515e+02,-1.194044072574e+02,1.000000000000e+00,1.970685809930
1046,16202,5933349609.375000,3.136798431456e+02,-1.344342184910e+02,3.179194608609e+02,-1.430002367654e+02,3.272342014871e+02,-1.196561473353e+02,1.000000000000e+00,1.944467996349
1047,16203,5933715820.312500,-1.344342184910e+02,-4.481140616365e+01,-1.381447039167e+02,-4.356415996686e+01,-1.248660046211e+02,-3.840382347693e+01,1.000000000000e+00,1.918247515130
1048,16204,5934082031.250000,2.240570308183e+02,2.240570308183e+02,2.323768443232e+02,2.258905311687e+02,2.304401484643e+02,2.388167579833e+02,1.000000000000e+00,1.892024756976
1049,16205,5934448242.187500,2.240570308183e+02,-4.481140616365e+01,2.286924785678e+02,-4.811933293205e+01,2.353548250624e+02,-3.104490181019e+01,1.000000000000e+00,1.865800113022
1050,16206,5934814453.125000,4.481140616365e+01,-2.240570308183e+02,4.449730209450e+01,-2.294300393703e+02,5.889437188882e+01,-2.146237587280e+02,1.000000000000e+00,1.839573974719
1051,16207,5935180664.062500,-4.481140616365e+01,-3.136798431456e+02,-4.620788925072e+01,-3.208172289065e+02,-2.881205755920e+01,-3.066049746490e+02,1.000000000000e+00,1.813346733717
1052,16208,5935546875.000000,-1.344342184910e+02,-3.136798431456e+02,-1.362431104764e+02,-3.214916114218e+02,-1.182983242774e+02,-3.089193273475e+02,1.000000000000e+00,1.787118781747
1053,16209,5935913085.937500,1.344342184910e+02,-3.136798431456e+02,1.405375410827e+02,-3.197170414941e+02,1.528010566688e+02,-3.014868655750e+02,1.000000000000e+00,1.760890510507
1054,16210,5936279296.875000,-2.240570308183e+02,-3.136798431456e+02,-2.248895053235e+02,-3.238382525045e+02,-2.074119621851e+02,-3.116275951538e+02,1.000000000000e+00,1.734662311542
1055,16211,5936645507.812500,-1.344342184910e+02,-3.136798431456e+02,-1.319564793911e+02,-3.228520088528e+02,-1.170557804216e+02,-3.086677249935e+02,1.000000000000e+00,1.708434576132
1056,16212,5937011718.750000,4.481140616365e+01,-2.240570308183e+02,5.043483861330e+01,-2.278286562721e+02,6.026542850108e+01,-2.127744105900e+02,1.000000000000e+00,1.682207695169
1057,16213,5937377929.687500,-1.344342184910e+02,-2.240570308183e+02,-1.322082440956e+02,-2.318955641582e+02,-1.200505474062e+02,-2.182333225270e+02,1.000000000000e+00,1.655982059046
1058,16214,5937744140.625000,-4.481140616365e+01,-2.240570308183e+02,-4.027399609901e+01,-2.300130878575e+02,-3.042504897262e+01,-2.153838607147e+02,1.000000000000e+00,1.629758057539
1059,16215,5938110351.562500,2.240570308183e+02,-2.240570308183e+02,2.352011504825e+02,-2.227914546148e+02,2.396825660299e+02,-2.072634340315e+02,1.000000000000e+00,1.603536079693
1060,16216,5938476562.500000,-4.481140616365e+01,-1.344342184910e+02,-4.128600857030e+01,-1.389749446686e+02,-3.296136457031e+01,-1.253535164163e+02,1.000000000000e+00,1.577316513704
1061,16217,5938842773.437500,-4.481140616365e+01,1.344342184910e+02,-5.118944501206e+01,1.357411936046e+02,-4.253544617385e+01,1.450700303726e+02,1.000000000000e+00,1.551099746805
1062,16218,5939208984.375000,3.136798431456e+02,1.344342184910e+02,3.148551008840e+02,1.513794365534e+02,3.176918819696e+02,1.588333338709e+02,1.000000000000e+00,1.524886165157
1063,16219,5939575195.312500,-4.481140616365e+01,-4.481140616365e+01,-4.366131283593e+01,-4.792809403483e+01,-3.617540459888e+01,-3.505187979183e+01,1.000000000000e+00,1.498676153728
1064,16220,5939941406.250000,2.240570308183e+02,-1.344342184910e+02,2.356427092849e+02,-1.258663315276e+02,2.373595230993e+02,-1.143534194701e+02,1.000000000000e+00,1.472470096186
1065,16221,5940307617.187500,-2.240570308183e+02,-4.481140616365e+01,-2.261385358061e+02,-5.827750127828e+01,-2.163261608223e+02,-4.234603696861e+01,1.000000000000e+00,1.446268374787
1066,16222,5940673828.125000,4.481140616365e+01,-4.481140616365e+01,4.845170678260e+01,-4.294839937563e+01,5.358371824537e+01,-3.085925928957e+01,1.000000000000e+00,1.420071370261
1067,16223,5941040039.062500,-4.481140616365e+01,4.481140616365e+01,-4.865333787665e+01,4.269356078085e+01,-4.061236566187e+01,5.512079986959e+01,1.000000000000e+00,1.393879461705
1068,16224,5941406250.000000,4.481140616365e+01,3.136798431456e+02,2.399992211581e+01,3.228624372128e+02,3.661476695264e+01,3.292914325231e+02,1.000000000000e+00,1.367693026475
1069,16225,5941772460.937500,2.240570308183e+02,-3.136798431456e+02,2.509414270701e+02,-3.037406316225e+02,2.456265957053e+02,-2.920174805836e+02,1.000000000000e+00,1.341512440076
1070,16226,5942138671.875000,-1.344342184910e+02,3.136798431456e+02,-1.603451869995e+02,3.098523699475e+02,-1.436253961508e+02,3.213867606288e+02,1.000000000000e+00,1.315338076056
1071,16227,5942504882.812500,-1.344342184910e+02,-3.136798431456e+02,-1.130821078171e+02,-3.300582212496e+02,-1.149292695732e+02,-3.084639842591e+02,1.000000000000e+00,1.289170305904
1072,16228,5942871093.750000,-2.240570308183e+02,3.136798431456e+02,-2.530490401505e+02,3.021267269660e+02,-2.337265764881e+02,3.176984832848e+02,1.000000000000e+00,1.263009498942
1073,16229,5943237304.687500,4.481140616365e+01,2.240570308183e+02,2.715334622149e+01,2.319883276955e+02,3.988302154889e+01,2.399958881599e+02,1.000000000000e+00,1.236856022224
1074,16230,5943603515.625000,-4.481140616365e+01,4.481140616365e+01,-4.955046618435e+01,4.170807607095e+01,-4.203344827240e+01,5.581595489769e+01,1.000000000000e+00,1.210710240438
1075,16231,5943969726.562500,-2.240570308183e+02,-3.136798431456e+02,-1.990102656088e+02,-3.399066827557e+02,-2.038766441259e+02,-3.130995813184e+02,1.000000000000e+00,1.184572515802
1076,16232,5944335937.500000,1.344342184910e+02,4.481140616365e+01,1.324778526764e+02,5.850360388183e+01,1.373374736806e+02,6.517436742847e+01,1.000000000000e+00,1.158443207968
1077,16233,5944702148.437500,4.481140616365e+01,-1.344342184910e+02,5.896905977441e+01,-1.323071983182e+02,5.663443595451e+01,-1.192838065528e+02,1.000000000000e+00,1.132322673926
1078,16234,5945068359.375000,-1.344342184910e+02,3.136798431456e+02,-1.690016497323e+02,3.052524252551e+02,-1.474005797339e+02,3.211059623126e+02,1.000000000000e+00,1.106211267909
1079,16235,5945434570.312500,-2.240570308183e+02,-4.481140616365e+01,-2.231238045539e+02,-6.915280397122e+01,-2.183955777668e+02,-4.347552081446e+01,1.000000000000e+00,1.080109341302
1080,16236,5945800781.250000,1.344342184910e+02,4.481140616365e+01,1.318352725539e+02,6.003171964647e+01,1.365112038057e+02,6.566183567927e+01,1.000000000000e+00,1.054017242546
1081,16237,5946166992.187500,2.240570308183e+02,-2.240570308183e+02,2.527042809229e+02,-2.025755354384e+02,2.408679208203e+02,-1.990090857308e+02,1.000000000000e+00,1.027935317053
1082,16238,5946533203.125000,-2.240570308183e+02,1.344342184910e+02,-2.433154180215e+02,1.100007265298e+02,-2.290938554022e+02,1.354717860236e+02,1.000000000000e+00,1.001863907116
1083,16239,5946899414.062500,-3.136798431456e+02,-2.240570308183e+02,-2.902604485141e+02,-2.662294867761e+02,-2.973616213144e+02,-2.303936519673e+02,1.000000000000e+00,0.975803351827
1084,16240,5947265625.000000,4.481140616365e+01,-1.344342184910e+02,6.257598947892e+01,-1.305033550549e+02,5.647471851860e+01,-1.181475872636e+02,1.000000000000e+00,0.949753986987
1085,16241,5947631835.937500,-3.136798431456e+02,-1.344342184910e+02,-3.001430484966e+02,-1.768933922794e+02,-3.029680728178e+02,-1.404653345824e+02,1.000000000000e+00,0.923716145030
1086,16242,5947998046.875000,-3.136798431456e+02,1.344342184910e+02,-3.351511851799e+02,9.453067147189e+01,-3.198222837081e+02,1.289788728824e+02,1.000000000000e+00,0.897690154941
1087,16243,5948364257.812500,2.240570308183e+02,-1.344342184910e+02,2.447613071326e+02,-1.061179474461e+02,2.352491521321e+02,-1.070557070401e+02,1.000000000000e+00,0.871676342179
1088,16244,5948730468.750000,-2.240570308183e+02,2.240570308183e+02,-2.571602585777e+02,1.966068657182e+02,-2.358807197912e+02,2.252033215700e+02,1.000000000000e+00,0.845675028599
1089,16245,5949096679.687500,-4.481140616365e+01,-1.344342184910e+02,-2.686984505408e+01,-1.423142415887e+02,-3.480803257877e+01,-1.235355574251e+02,1.000000000000e+00,0.819686532384
1090,16246,5949462890.625000,-2.240570308183e+02,-3.136798431456e+02,-1.817347420179e+02,-3.495473188022e+02,-2.030041823760e+02,-3.147609980129e+02,1.000000000000e+00,0.793711167966
1091,16247,5949829101.562500,-4.481140616365e+01,2.240570308183e+02,-7.872255020956e+01,2.198498698625e+02,-5.822637697357e+01,2.357892966673e+02,1.000000000000e+00,0.767749245965
1092,16248,5950195312.500000,1.344342184910e+02,-3.136798431456e+02,1.839792633008e+02,-2.963341882968e+02,1.576930303573e+02,-2.912095453877e+02,1.000000000000e+00,0.741801073113
1093,16249,5950561523.437500,1.344342184910e+02,4.481140616365e+01,1.287818931429e+02,6.631270778250e+01,1.329208909299e+02,6.837099776439e+01,1.000000000000e+00,0.715866952200
1094,16250,5950927734.375000,-4.481140616365e+01,-2.240570308183e+02,-9.478329556064e+00,-2.334074905516e+02,-2.831935618447e+01,-2.136749414618e+02,1.000000000000e+00,0.689947182001
1095,16251,5951293945.312500,1.344342184910e+02,2.240570308183e+02,9.945449403511e+01,2.478654554392e+02,1.200238860299e+02,2.481727220429e+02,1.000000000000e+00,0.664042057223
1096,16252,5951660156.250000,-2.240570308183e+02,3.136798431456e+02,-2.772598127583e+02,2.797802545148e+02,-2.456291950237e+02,3.132198325329e+02,1.000000000000e+00,0.638151868441
1097,16253,5952026367.187500,1.344342184910e+02,-2.240570308183e+02,1.725695661680e+02,-2.036242347081e+02,1.504045733836e+02,-2.011561553211e+02,1.000000000000e+00,0.612276902050
1098,16254,5952392578.125000,-3.136798431456e+02,-1.344342184910e+02,-2.930338507040e+02,-1.887335951641e+02,-3.046131926875e+02,-1.426875222326e+02,1.000000000000e+00,0.586417440201
1099,16255,5952758789.062500,3.136798431456e+02,-4.481140616365e+01,3.234194281547e+02,9.734810441315e+00,3.173421628604e+02,-7.747460269279e+00,1.000000000000e+00,0.560573760762
1100,16256,5953125000.000000,2.240570308183e+02,-2.240570308183e+02,2.653536860087e+02,-1.852242445509e+02,2.408639130699e+02,-1.934351089414e+02,1.000000000000e+00,0.534746137256
1101,16257,5953491210.937500,-2.240570308183e+02,2.240570308183e+02,-2.660402818814e+02,1.846356206215e+02,-2.419295533329e+02,2.218409705780e+02,1.000000000000e+00,0.508934838826
1102,16258,5953857421.875000,1.344342184910e+02,3.136798431456e+02,7.735437607540e+01,3.403434549724e+02,1.103099800444e+02,3.389218296831e+02,1.000000000000e+00,0.483140130182
1103,16259,5954223632.812500,-2.240570308183e+02,-3.136798431456e+02,-1.659263751306e+02,-3.576490305516e+02,-2.011302064660e+02,-3.178779760566e+02,1.000000000000e+00,0.457362271565
1104,16260,5954589843.750000,-1.344342184910e+02,-3.136798431456e+02,-7.391311030733e+01,-3.410150347035e+02,-1.103496466316e+02,-3.111664662545e+02,1.000000000000e+00,0.431601518702
1105,16261,5954956054.687500,2.240570308183e+02,-3.136798431456e+02,2.873424083995e+02,-2.695804033738e+02,2.496086816427e+02,-2.810841886150e+02,1.000000000000e+00,0.405858122773
1106,16262,5955322265.625000,-4.481140616365e+01,4.481140616365e+01,-5.398938794010e+01,3.580870452853e+01,-5.027737047127e+01,5.513176615828e+01,1.000000000000e+00,0.380132330373
1107,16263,5955688476.562500,-4.481140616365e+01,-4.481140616365e+01,-3.569084442285e+01,-5.408622545246e+01,-4.284871207105e+01,-3.469137273893e+01,1.000000000000e+00,0.354424383478
1108,16264,5956054687.500000,-4.481140616365e+01,4.481140616365e+01,-5.418361665040e+01,3.556524147073e+01,-5.073491858162e+01,5.505735459371e+01,1.000000000000e+00,0.328734519419
1109,16265,5956420898.437500,1.344342184910e+02,4.481140616365e+01,1.250787140760e+02,7.317373569814e+01,1.286062131450e+02,7.049319551305e+01,1.000000000000e+00,0.303062970848
1110,16266,5956787109.375000,3.136798431456e+02,-1.344342184910e+02,3.423875243070e+02,-6.736705630546e+01,3.235653346443e+02,-9.329896533951e+01,1.000000000000e+00,0.277409965715
1111,16267,5957153320.312500,-3.136798431456e+02,-3.136798431456e+02,-2.456654704791e+02,-3.813072327395e+02,-2.892504175939e+02,-3.278911905443e+02,1.000000000000e+00,0.251775727243
1112,16268,5957519531.250000,1.344342184910e+02,3.136798431456e+02,6.598486944317e+01,3.427161869767e+02,1.044557631147e+02,3.398196370568e+02,1.000000000000e+00,0.226160473907
1113,16269,5957885742.187500,2.240570308183e+02,3.136798431456e+02,1.549724136499e+02,3.625536574349e+02,1.942231198081e+02,3.475633233009e+02,1.000000000000e+00,0.200564419411
1114,16270,5958251953.125000,2.240570308183e+02,1.344342184910e+02,1.938083089633e+02,1.839999741264e+02,2.094910488176e+02,1.680198287952e+02,1.000000000000e+00,0.174987772676
1115,16271,5958618164.062500,-2.240570308183e+02,1.344342184910e+02,-2.537801335246e+02,8.358946544050e+01,-2.397771525456e+02,1.283928305854e+02,1.000000000000e+00,0.149430737819
1116,16272,5958984375.000000,-3.136798431456e+02,-3.136798431456e+02,-2.408978749076e+02,-3.842767513301e+02,-2.894956530847e+02,-3.287585068492e+02,1.000000000000e+00,0.123893514145
1117,16273,5959350585.937500,4.481140616365e+01,4.481140616365e+01,3.419386401452e+01,5.500698203953e+01,3.692526195949e+01,6.245547534946e+01,1.000000000000e+00,0.098376296129
1118,16274,5959716796.875000,2.240570308183e+02,-2.240570308183e+02,2.755842305905e+02,-1.698586487692e+02,2.410737759331e+02,-1.897414010305e+02,1.000000000000e+00,0.072879273414
1119,16275,5960083007.812500,4.481140616365e+01,-4.481140616365e+01,5.522155736878e+01,-3.376244164466e+01,4.486702173897e+01,-2.719225294477e+01,1.000000000000e+00,0.047402630800
1120,16276,5960449218.750000,2.240570308183e+02,-4.481140616365e+01,2.331290757296e+02,9.828583319470e+00,2.238800164528e+02,-9.991715699604e+00,1.000000000000e+00,0.021946548239
1121,16277,5960815429.687500,-4.481140616365e+01,2.240570308183e+02,-9.933433666517e+01,2.110995415230e+02,-7.111544456897e+01,2.327472664792e+02,1.000000000000e+00,-0.003488799169
1122,16278,5961181640.625000,-4.481140616365e+01,1.344342184910e+02,-7.764531535739e+01,1.220971779843e+02,-6.265223615757e+01,1.430809503250e+02,1.000000000000e+00,-0.028903241172
1123,16279,5961547851.562500,-2.240570308183e+02,-4.481140616365e+01,-2.107733295707e+02,-1.001725526363e+02,-2.245719950560e+02,-5.356119968245e+01,1.000000000000e+00,-0.054296612374
1124,16280,5961914062.500000,2.240570308183e+02,-3.136798431456e+02,3.005070614896e+02,-2.544955571855e+02,2.493049754408e+02,-2.789962291006e+02,1.000000000000e+00,-0.079668752225
1125,16281,5962280273.437500,4.481140616365e+01,1.344342184910e+02,1.040362428615e+01,1.443981654590e+02,2.643219321179e+01,1.516004243348e+02,1.000000000000e+00,-0.105019505020
1126,16282,5962646484.375000,4.481140616365e+01,1.344342184910e+02,1.010407352479e+01,1.444242596560e+02,2.621569522993e+01,1.515157564139e+02,1.000000000000e+00,-0.130348719893
1127,16283,5963012695.312500,-3.136798431456e+02,2.240570308183e+02,-3.677321028720e+02,1.410305734740e+02,-3.412390882594e+02,2.060078689388e+02,1.000000000000e+00,-0.155656250806
1128,16284,5963378906.250000,-1.344342184910e+02,1.344342184910e+02,-1.678090795587e+02,9.780367407418e+01,-1.536395286900e+02,1.335160452830e+02,1.000000000000e+00,-0.180941956545
1129,16285,5963745117.187500,2.240570308183e+02,-3.136798431456e+02,3.039145784378e+02,-2.504124066984e+02,2.497561204505e+02,-2.783250055121e+02,1.000000000000e+00,-0.206205700703
1130,16286,5964111328.125000,2.240570308183e+02,-4.481140616365e+01,2.329329144366e+02,1.552816500772e+01,2.223287454762e+02,-9.526983068367e+00,1.000000000000e+00,-0.231447351670
1131,16287,5964477539.062500,-1.344342184910e+02,-4.481140616365e+01,-1.207106567904e+02,-8.009826308769e+01,-1.363058152115e+02,-4.620024185235e+01,1.000000000000e+00,-0.256666782617
1132,16288,5964843750.000000,3.136798431456e+02,1.344342184910e+02,2.738243307266e+02,2.165472749195e+02,2.940861976241e+02,1.778511714769e+02,1.000000000000e+00,-0.281863871483
1133,16289,5965209960.937500,-3.136798431456e+02,4.481140616365e+01,-3.216562664785e+02,-4.034842785396e+01,-3.251970487096e+02,2.535817083017e+01,1.000000000000e+00,-0.307038500951
1134,16290,5965576171.875000,4.481140616365e+01,3.136798431456e+02,-4.168395884885e+01,3.214137662677e+02,5.723602223091e+00,3.303081934628e+02,1.000000000000e+00,-0.332190558437
1135,16291,5965942382.812500,-2.240570308183e+02,3.136798431456e+02,-3.076351596319e+02,2.464905474126e+02,-2.641474318495e+02,3.018110357253e+02,1.000000000000e+00,-0.357319936061
1136,16292,5966308593.750000,2.240570308183e+02,-1.344342184910e+02,2.579868366096e+02,-6.942897758252e+01,2.311368554016e+02,-9.900223087111e+01,1.000000000000e+00,-0.382426530632
1137,16293,5966674804.687500,-3.136798431456e+02,-1.344342184910e+02,-2.702841633435e+02,-2.206257388665e+02,-3.065219197858e+02,-1.564364934243e+02,1.000000000000e+00,-0.407510243618
1138,16294,5967041015.625000,-4.481140616365e+01,-4.481140616365e+01,-3.125687252435e+01,-5.674047899269e+01,-4.744262187933e+01,-3.826087076386e+01,1.000000000000e+00,-0.432570981129
1139,16295,5967407226.562500,-1.344342184910e+02,4.481140616365e+01,-1.447374927452e+02,5.424984599479e+00,-1.468120899025e+02,4.141859222866e+01,1.000000000000e+00,-0.457608653882
1140,16296,5967773437.500000,-1.344342184910e+02,3.136798431456e+02,-2.224399538143e+02,2.686481215840e+02,-1.763574917934e+02,3.097687339547e+02,1.000000000000e+00,-0.482623177181
1141,16297,5968139648.437500,-1.344342184910e+02,-4.481140616365e+01,-1.186046041921e+02,-8.307962403532e+01,-1.372359267459e+02,-4.865634679283e+01,1.000000000000e+00,-0.507614470886
1142,16298,5968505859.375000,-2.240570308183e+02,4.481140616365e+01,-2.324082335726e+02,-2.210631924575e+01,-2.367798194051e+02,3.048207670746e+01,1.000000000000e+00,-0.532582459381
1143,16299,5968872070.312500,-1.344342184910e+02,-2.240570308183e+02,-6.481073322301e+01,-2.589371221451e+02,-1.169674105235e+02,-2.282121312318e+02,1.000000000000e+00,-0.557527071546
1144,16300,5969238281.250000,-4.481140616365e+01,1.344342184910e+02,-8.405558252981e+01,1.178628574051e+02,-6.845064130508e+01,1.395663952769e+02,1.000000000000e+00,-0.582448240726
1145,16301,5969604492.187500,1.344342184910e+02,2.240570308183e+02,6.352565066837e+01,2.593035919354e+02,9.980871861440e+01,2.495566624289e+02,1.000000000000e+00,-0.607345904693
1146,16302,5969970703.125000,4.481140616365e+01,3.136798431456e+02,-5.180353359297e+01,3.196254175337e+02,-4.697808701731e-01,3.285518053158e+02,1.000000000000e+00,-0.632220005619
1147,16303,5970336914.062500,-2.240570308183e+02,-3.136798431456e+02,-1.229153737961e+02,-3.743641487001e+02,-1.960808652972e+02,-3.290546216853e+02,1.000000000000e+00,-0.657070490034
1148,16304,5970703125.000000,2.240570308183e+02,3.136798431456e+02,1.228541192248e+02,3.745062693020e+02,1.789443546231e+02,3.490139462491e+02,1.000000000000e+00,-0.681897308797
1149,16305,5971069335.937500,1.344342184910e+02,-4.481140616365e+01,1.448991648253e+02,-2.568411173607e+00,1.304905679650e+02,-1.959376591925e+01,1.000000000000e+00,-0.706700417052
1150,16306,5971435546.875000,-3.136798431456e+02,3.136798431456e+02,-4.026964781367e+02,2.088687655070e+02,-3.587878179560e+02,2.866042218744e+02,1.000000000000e+00,-0.731479774199
1151,16307,5971801757.812500,1.344342184910e+02,-3.136798431456e+02,2.287095216555e+02,-2.635661292883e+02,1.619626754871e+02,-2.879239676647e+02,1.000000000000e+00,-0.756235343847
1152,16308,5972167968.750000,-1.344342184910e+02,2.240570308183e+02,-2.010906864988e+02,1.758551194052e+02,-1.700485741587e+02,2.171227569136e+02,1.000000000000e+00,-0.780967093781
1153,16309,5972534179.687500,-1.344342184910e+02,-4.481140616365e+01,-1.166448359749e+02,-8.586130953513e+01,-1.382967589913e+02,-5.141409698903e+01,1.000000000000e+00,-0.805674995919
1154,16310,5972900390.625000,3.136798431456e+02,-4.481140616365e+01,3.190157264869e+02,5.537097243538e+01,3.087888214257e+02,1.329290756913e+00,1.000000000000e+00,-0.830359026275
1155,16311,5973266601.562500,-4.481140616365e+01,-1.344342184910e+02,-5.747745390008e-01,-1.448076876520e+02,-3.807814548182e+01,-1.306362496719e+02,1.000000000000e+00,-0.855019164912
1156,16312,5973632812.500000,-4.481140616365e+01,-4.481140616365e+01,-2.889685138890e+01,-5.796810804758e+01,-4.881253485089e+01,-4.155247691607e+01,1.000000000000e+00,-0.879655395906
1157,16313,5973999023.437500,-2.240570308183e+02,4.481140616365e+01,-2.315825208128e+02,-3.044904240957e+01,-2.389677550638e+02,2.434296207844e+01,1.000000000000e+00,-0.904267707300
1158,16314,5974365234.375000,-4.481140616365e+01,1.344342184910e+02,-8.753276762227e+01,1.153969262402e+02,-7.166854672277e+01,1.367649593349e+02,1.000000000000e+00,-0.928856091064
1159,16315,5974731445.312500,-1.344342184910e+02,1.344342184910e+02,-1.741734933126e+02,8.611181964405e+01,-1.608672376046e+02,1.255087354544e+02,1.000000000000e+00,-0.953420543049
1160,16316,5975097656.250000,-2.240570308183e+02,-3.136798431456e+02,-1.143910397869e+02,-3.769759175806e+02,-1.948564796719e+02,-3.323990209894e+02,1.000000000000e+00,-0.977961062944
1161,16317,5975463867.187500,4.481140616365e+01,1.344342184910e+02,-6.152716624860e-01,1.448588067747e+02,1.801650533686e+01,1.475699743910e+02,1.000000000000e+00,-1.002477654233
1162,16318,5975830078.125000,4.481140616365e+01,3.136798431456e+02,-5.942929835910e+01,3.185128122336e+02,-3.884815387206e+00,3.263332047943e+02,1.000000000000e+00,-1.026970324149
1163,16319,5976196289.062500,3.136798431456e+02,2.240570308183e+02,2.301129078560e+02,3.200276049496e+02,2.753759146415e+02,2.695396601996e+02,1.000000000000e+00,-1.051439083629
1164,16320,5976562500.000000,-4.481140616365e+01,2.240570308183e+02,-1.172195367398e+02,2.020376235835e+02,-8.254341660292e+01,2.255331185434e+02,1.000000000000e+00,-1.075883947270
1165,16321,5976928710.937500,2.240570308183e+02,-3.136798431456e+02,3.203916717295e+02,-2.292372073361e+02,2.514288048713e+02,-2.781406636226e+02,1.000000000000e+00,-1.100304933281
1166,16322,5977294921.875000,-2.240570308183e+02,1.344342184910e+02,-2.611652655775e+02,5.526518171361e+01,-2.506259725581e+02,1.133659064588e+02,1.000000000000e+00,-1.124702063439
1167,16323,5977661132.812500,4.481140616365e+01,3.136798431456e+02,-6.196461088290e+01,3.176241423925e+02,-5.458723556447e+00,3.251491602771e+02,1.000000000000e+00,-1.149075363044
1168,16324,5978027343.750000,-2.240570308183e+02,-2.240570308183e+02,-1.402148918367e+02,-2.915630987152e+02,-2.052849635617e+02,-2.449115014854e+02,1.000000000000e+00,-1.173424860869
1169,16325,5978393554.687500,3.136798431456e+02,-4.481140616365e+01,3.175183093209e+02,6.322118489519e+01,3.075538884381e+02,2.159614770606e+00,1.000000000000e+00,-1.197750589117
1170,16326,5978759765.625000,-1.344342184910e+02,-3.136798431456e+02,-2.271986840627e+01,-3.481923092101e+02,-1.045228424804e+02,-3.236220769001e+02,1.000000000000e+00,-1.222052583371
1171,16327,5979125976.562500,3.136798431456e+02,-4.481140616365e+01,3.177481712862e+02,6.400189709818e+01,3.078074585227e+02,2.046529391016e+00,1.000000000000e+00,-1.246330882552
1172,16328,5979492187.500000,4.481140616365e+01,4.481140616365e+01,2.787793195719e+01,5.852956919039e+01,2.799549990872e+01,5.660569050024e+01,1.000000000000e+00,-1.270585528867
1173,16329,5979858398.437500,1.344342184910e+02,-2.240570308183e+02,2.062903968812e+02,-1.700047176185e+02,1.518061155227e+02,-2.003974378741e+02,1.000000000000e+00,-1.294816567767
1174,16330,5980224609.375000,4.481140616365e+01,4.481140616365e+01,2.778436045900e+01,5.855497395769e+01,2.787475754827e+01,5.626534977225e+01,1.000000000000e+00,-1.319024047894
1175,16331,5980590820.312500,2.240570308183e+02,1.344342184910e+02,1.692061532133e+02,2.066397257264e+02,1.947823498203e+02,1.686901364211e+02,1.000000000000e+00,-1.343208021042
1176,16332,5980957031.250000,1.344342184910e+02,-4.481140616365e+01,1.447186931015e+02,3.530517978992e+00,1.286004768581e+02,-2.156478147817e+01,1.000000000000e+00,-1.367368542101
1177,16333,5981323242.187500,-2.240570308183e+02,4.481140616365e+01,-2.308990793014e+02,-3.469545339536e+01,-2.402963494353e+02,2.068569490304e+01,1.000000000000e+00,-1.391505669019
1178,16334,5981689453.125000,2.240570308183e+02,-1.344342184910e+02,2.621238841182e+02,-5.141124268153e+01,2.296153438380e+02,-9.965262764405e+01,1.000000000000e+00,-1.415619462749
1179,16335,5982055664.062500,2.240570308183e+02,1.344342184910e+02,1.686841722950e+02,2.072270270533e+02,1.946245029965e+02,1.682107743911e+02,1.000000000000e+00,-1.439709987204
1180,16336,5982421875.000000,4.481140616365e+01,-3.136798431456e+02,1.526385424031e+02,-2.857475282567e+02,7.450224562530e+01,-3.019721104172e+02,1.000000000000e+00,-1.463777309212
1181,16337,5982788085.937500,3.136798431456e+02,2.240570308183e+02,2.225738380396e+02,3.251446780330e+02,2.715799538232e+02,2.693867384066e+02,1.000000000000e+00,-1.487821498466
1182,16338,5983154296.875000,2.240570308183e+02,4.481140616365e+01,1.993316216134e+02,1.217000442731e+02,2.059342737774e+02,7.875643765528e+01,1.000000000000e+00,-1.511842627483
1183,16339,5983520507.812500,2.240570308183e+02,-4.481140616365e+01,2.308816185648e+02,3.543835430437e+01,2.177661757836e+02,-1.105458779044e+01,1.000000000000e+00,-1.535840771552
1184,16340,5983886718.750000,-1.344342184910e+02,1.344342184910e+02,-1.761412419904e+02,8.222340264912e+01,-1.628627550536e+02,1.208364687231e+02,1.000000000000e+00,-1.559816008691
1185,16341,5984252929.687500,1.344342184910e+02,-1.344342184910e+02,1.762637291950e+02,-8.197940456194e+01,1.400681113840e+02,-1.125267713547e+02,1.000000000000e+00,-1.583768419603
1186,16342,5984619140.625000,3.136798431456e+02,1.344342184910e+02,2.535393956728e+02,2.397504748648e+02,2.833754265364e+02,1.793321624564e+02,1.000000000000e+00,-1.607698087626
1187,16343,5984985351.562500,-2.240570308183e+02,-2.240570308183e+02,-1.351585517381e+02,-2.944428811340e+02,-2.046555132858e+02,-2.496944055964e+02,1.000000000000e+00,-1.631605098691
1188,16344,5985351562.500000,1.344342184910e+02,-1.344342184910e+02,1.765824411949e+02,-8.137306635076e+01,1.403102511766e+02,-1.126734339981e+02,1.000000000000e+00,-1.655489541276
1189,16345,5985717773.437500,4.481140616365e+01,-4.481140616365e+01,5.882893726370e+01,-2.722697500843e+01,3.900087870648e+01,-3.548404778927e+01,1.000000000000e+00,-1.679351506361
1190,16346,5986083984.375000,-1.344342184910e+02,-2.240570308183e+02,-5.025213769842e+01,-2.625224459734e+02,-1.166027371742e+02,-2.377469437169e+02,1.000000000000e+00,-1.703191087385
1191,16347,5986450195.312500,-1.344342184910e+02,4.481140616365e+01,-1.448064643957e+02,-4.667639640450e+00,-1.514787180208e+02,2.994841743949e+01,1.000000000000e+00,-1.727008380199
1192,16348,5986816406.250000,2.240570308183e+02,-3.136798431456e+02,3.264645306675e+02,-2.204292139169e+02,2.536905060752e+02,-2.794002049525e+02,1.000000000000e+00,-1.750803483024
1193,16349,5987182617.187500,-4.481140616365e+01,3.136798431456e+02,-1.553516658644e+02,2.840868822734e+02,-9.885434179335e+01,3.089258436168e+02,1.000000000000e+00,-1.774576496408
1194,16350,5987548828.125000,-3.136798431456e+02,3.136798431456e+02,-4.130235176238e+02,1.873472380869e+02,-3.669414836234e+02,2.720559896540e+02,1.000000000000e+00,-1.798327523181
1195,16351,5987915039.062500,4.481140616365e+01,1.344342184910e+02,-5.628005309889e+00,1.448359573783e+02,1.453343035428e+01,1.425165721457e+02,1.000000000000e+00,-1.822056668414
1196,16352,5988281250.000000,3.136798431456e+02,-4.481140616365e+01,3.164248412552e+02,6.997199857992e+01,3.070716368214e+02,4.012546001861e-01,1.000000000000e+00,-1.845764039375
1197,16353,5988647460.937500,-1.344342184910e+02,-2.240570308183e+02,-4.850771531924e+01,-2.627125882375e+02,-1.153907225733e+02,-2.392517930280e+02,1.000000000000e+00,-1.869449745488
1198,16354,5989013671.875000,-4.481140616365e+01,2.240570308183e+02,-1.228005882218e+02,1.986670610230e+02,-8.600747966940e+01,2.192129382819e+02,1.000000000000e+00,-1.893113898290
1199,16355,5989379882.812500,3.136798431456e+02,-4.481140616365e+01,3.166060056052e+02,6.927048972432e+01,3.070979482529e+02,-9.099758836660e-01,1.000000000000e+00,-1.916756611393
1200,16356,5989746093.750000,3.136798431456e+02,-3.136798431456e+02,4.132523034809e+02,-1.880544706000e+02,3.435811884228e+02,-2.689247790994e+02,1.000000000000e+00,-1.940378000438
1201,16357,5990112304.687500,-3.136798431456e+02,4.481140616365e+01,-3.167621938273e+02,-6.984107962904e+01,-3.305470591681e+02,3.692637599573e+00,1.000000000000e+00,-1.963978183059
1202,16358,5990478515.625000,-1.344342184910e+02,-3.136798431456e+02,-1.623183923646e+01,-3.486917733886e+02,-1.033154381427e+02,-3.294606329601e+02,1.000000000000e+00,-1.987557278840
1203,16359,5990844726.562500,-3.136798431456e+02,-3.136798431456e+02,-1.879895480941e+02,-4.125575150918e+02,-2.819478562110e+02,-3.533124429622e+02,1.000000000000e+00,-2.011115409277
1204,16360,5991210937.500000,1.344342184910e+02,1.344342184910e+02,8.056932532328e+01,1.768285398180e+02,1.043411664148e+02,1.529442891167e+02,1.000000000000e+00,-2.034652697737
1205,16361,5991577148.437500,-3.136798431456e+02,3.136798431456e+02,-4.129984152605e+02,1.879565119957e+02,-3.664367503409e+02,2.713135308913e+02,1.000000000000e+00,-2.058169269425
1206,16362,5991943359.375000,-1.344342184910e+02,-3.136798431456e+02,-1.611345236663e+01,-3.489742406196e+02,-1.032099000889e+02,-3.303602706642e+02,1.000000000000e+00,-2.081665251335
1207,16363,5992309570.312500,-4.481140616365e+01,1.344342184910e+02,-9.122939735321e+01,1.127011594843e+02,-7.435140414939e+01,1.285470540694e+02,1.000000000000e+00,-2.105140772223
1208,16364,5992675781.250000,-4.481140616365e+01,2.240570308183e+02,-1.233313486395e+02,1.984531972237e+02,-8.639555927718e+01,2.176246182163e+02,1.000000000000e+00,-2.128595962563
1209,16365,5993041992.187500,-4.481140616365e+01,1.344342184910e+02,-9.107679618829e+01,1.126029268788e+02,-7.420671949597e+01,1.281141087108e+02,1.000000000000e+00,-2.152030954513
1210,16366,5993408203.125000,3.136798431456e+02,1.344342184910e+02,2.525111328189e+02,2.406123180603e+02,2.831811462920e+02,1.757426448552e+02,1.000000000000e+00,-2.175445881878
1211,16367,5993774414.062500,2.240570308183e+02,-3.136798431456e+02,3.260250866941e+02,-2.212012463276e+02,2.529776373505e+02,-2.832199263934e+02,1.000000000000e+00,-2.198840880072
1212,16368,5994140625.000000,4.481140616365e+01,-2.240570308183e+02,1.222423741340e+02,-1.990494091179e+02,6.246189285499e+01,-2.176787189125e+02,1.000000000000e+00,-2.222216086087
1213,16369,5994506835.937500,1.344342184910e+02,4.481140616365e+01,1.131201855132e+02,9.063659367021e+01,1.168535371005e+02,6.197211646262e+01,1.000000000000e+00,-2.245571638451
1214,16370,5994873046.875000,-4.481140616365e+01,-1.344342184910e+02,4.697549857117e+00,-1.449626769029e+02,-3.836240565620e+01,-1.404977380039e+02,1.000000000000e+00,-2.268907677202
1215,16371,5995239257.812500,-4.481140616365e+01,4.481140616365e+01,-5.892545390091e+01,2.711685181991e+01,-6.191819750249e+01,3.821454946970e+01,1.000000000000e+00,-2.292224343847
1216,16372,5995605468.750000,-3.136798431456e+02,-2.240570308183e+02,-2.216572366201e+02,-3.262887623533e+02,-2.947069825849e+02,-2.655522912502e+02,1.000000000000e+00,-2.315521781332
1217,16373,5995971679.687500,-2.240570308183e+02,-2.240570308183e+02,-1.356736878004e+02,-2.943969671415e+02,-2.052207116125e+02,-2.538237948595e+02,1.000000000000e+00,-2.338800134007
1218,16374,5996337890.625000,2.240570308183e+02,3.136798431456e+02,1.036909475851e+02,3.804364328293e+02,1.706767456517e+02,3.414310450345e+02,1.000000000000e+00,-2.362059547596
1219,16375,5996704101.562500,2.240570308183e+02,-2.240570308183e+02,2.945162945097e+02,-1.352747750176e+02,2.420835001683e+02,-1.946482256375e+02,1.000000000000e+00,-2.385300169162
1220,16376,5997070312.500000,3.136798431456e+02,4.481140616365e+01,2.848780375464e+02,1.545182916218e+02,2.955498889137e+02,8.538071535943e+01,1.000000000000e+00,-2.408522147077
1221,16377,5997436523.437500,-2.240570308183e+02,-1.344342184910e+02,-1.673891707277e+02,-2.083862899614e+02,-2.166480729611e+02,-1.652447064598e+02,1.000000000000e+00,-2.431725630991
1222,16378,5997802734.375000,-1.344342184910e+02,3.136798431456e+02,-2.398086995900e+02,2.537821747274e+02,-1.864685945410e+02,2.935894070521e+02,1.000000000000e+00,-2.454910771799
1223,16379,5998168945.312500,4.481140616365e+01,2.240570308183e+02,-3.572171869507e+01,2.310623639790e+02,4.410951948318e+00,2.276919122675e+02,1.000000000000e+00,-2.478077721616
1224,16380,5998535156.250000,4.481140616365e+01,-3.136798431456e+02,1.529735289071e+02,-2.859180943052e+02,7.443176514026e+01,-3.090674400425e+02,1.000000000000e+00,-2.501226633741
1225,16381,5998901367.187500,-2.240570308183e+02,4.481140616365e+01,-2.312130668895e+02,-3.508144937027e+01,-2.403468219999e+02,1.391617063121e+01,1.000000000000e+00,-2.524357662634
1226,16382,5999267578.125000,4.481140616365e+01,-3.136798431456e+02,1.522117810975e+02,-2.864064105119e+02,7.393132131596e+01,-3.095714374309e+02,1.000000000000e+00,-2.547470963880
1227,16383,5999633789.062500,4.481140616365e+01,1.344342184910e+02,-3.405079307234e+00,1.450260465134e+02,1.686250874135e+01,1.376946696275e+02,1.000000000000e+00,-2.570566694171
1228,16384,6000000000.000000,-3.136798431456e+02,2.240570308183e+02,-3.796872389284e+02,1.077001473831e+02,-3.523366897346e+02,1.819338460235e+02,1.000000000000e+00,-2.593645011266
1229,16385,6000366210.937500,1.344342184910e+02,-3.136798431456e+02,2.377636952695e+02,-2.559094067130e+02,1.631070023689e+02,-2.987665919516e+02,1.000000000000e+00,-2.616706073976
1230,16386,6000732421.875000,-2.240570308183e+02,-3.136798431456e+02,-1.077122750699e+02,-3.794743312565e+02,-1.946466974543e+02,-3.441475477767e+02,1.000000000000e+00,-2.639750042127
1231,16387,6001098632.812500,-4.481140616365e+01,1.344342184910e+02,-8.945793742998e+01,1.141077619267e+02,-7.239265903575e+01,1.257534686133e+02,1.000000000000e+00,-2.662777076540
1232,16388,6001464843.750000,1.344342184910e+02,4.481140616365e+01,1.143014415887e+02,8.928863940457e+01,1.180419381228e+02,5.871627110845e+01,1.000000000000e+00,-2.685787339006
1233,16389,6001831054.687500,-3.136798431456e+02,-1.344342184910e+02,-2.569638865220e+02,-2.367843969791e+02,-3.072570252270e+02,-1.763106869568e+02,1.000000000000e+00,-2.708780992252
1234,16390,6002197265.625000,1.344342184910e+02,3.136798431456e+02,2.315267916864e+01,3.486965621187e+02,8.504509032615e+01,3.269559830412e+02,1.000000000000e+00,-2.731758199929
1235,16391,6002563476.562500,3.136798431456e+02,1.344342184910e+02,2.573436862437e+02,2.363941509640e+02,2.863691318727e+02,1.698904315446e+02,1.000000000000e+00,-2.754719126576
1236,16392,6002929687.500000,-3.136798431456e+02,3.136798431456e+02,-4.094126807783e+02,1.966525273046e+02,-3.626570656978e+02,2.711628301896e+02,1.000000000000e+00,-2.777663937603
1237,16393,6003295898.437500,-3.136798431456e+02,1.344342184910e+02,-3.484390451899e+02,2.371886154164e+01,-3.402282538054e+02,9.192380566652e+01,1.000000000000e+00,-2.800592799265
1238,16394,6003662109.375000,-1.344342184910e+02,1.344342184910e+02,-1.751557145869e+02,8.443849226402e+01,-1.610560997675e+02,1.139264466595e+02,1.000000000000e+00,-2.823505878640
1239,16395,6004028320.312500,-2.240570308183e+02,-1.344342184910e+02,-1.710607526711e+02,-2.051543080069e+02,-2.171743927218e+02,-1.655149510140e+02,1.000000000000e+00,-2.846403343606
1240,16396,6004394531.250000,3.136798431456e+02,2.240570308183e+02,2.282832403296e+02,3.216157828037e+02,2.758018550614e+02,2.581164463909e+02,1.000000000000e+00,-2.869285362818
1241,16397,6004760742.187500,-3.136798431456e+02,-2.240570308183e+02,-2.291424449606e+02,-3.214070330325e+02,-2.966465684796e+02,-2.658410077278e+02,1.000000000000e+00,-2.892152105688
1242,16398,6005126953.125000,2.240570308183e+02,-1.344342184910e+02,2.617904719067e+02,-5.597861094065e+01,2.302313754114e+02,-1.117496880965e+02,1.000000000000e+00,-2.915003742363
1243,16399,6005493164.062500,2.240570308183e+02,1.344342184910e+02,1.726379926144e+02,2.046232800528e+02,1.979810640501e+02,1.571995050617e+02,1.000000000000e+00,-2.937840443705
1244,16400,6005859375.000000,1.344342184910e+02,2.240570308183e+02,5.609004943176e+01,2.617922068167e+02,9.748454229213e+01,2.360049962368e+02,1.000000000000e+00,-2.960662381267
1245,16401,6006225585.937500,3.136798431456e+02,3.136798431456e+02,2.009698929886e+02,4.075100165286e+02,2.664031498067e+02,3.466908066331e+02,1.000000000000e+00,-2.983469727280
1246,16402,6006591796.875000,-3.136798431456e+02,4.481140616365e+01,-3.189829177095e+02,-5.870960296784e+01,-3.286081614030e+02,3.541487769582e+00,1.000000000000e+00,-3.006262654627
1247,16403,6006958007.812500,-4.481140616365e+01,-1.344342184910e+02,-1.679425673609e-01,-1.449554693874e+02,-3.913816170606e+01,-1.442074749126e+02,1.000000000000e+00,-3.029041336825
1248,16404,6007324218.750000,-1.344342184910e+02,-3.136798431456e+02,-3.012853125775e+01,-3.478699633372e+02,-1.086355585796e+02,-3.336343199530e+02,1.000000000000e+00,-3.051805948013
1249,16405,6007690429.687500,2.240570308183e+02,-1.344342184910e+02,2.607537134241e+02,-5.936597632865e+01,2.295647076287e+02,-1.143999528252e+02,1.000000000000e+00,-3.074556662922
1250,16406,6008056640.625000,-1.344342184910e+02,-3.136798431456e+02,-3.152064242477e+01,-3.479683594071e+02,-1.093418597707e+02,-3.338382657395e+02,1.000000000000e+00,-3.097293656869
1251,16407,6008422851.562500,3.136798431456e+02,3.136798431456e+02,2.070663233759e+02,4.043531517275e+02,2.704361169645e+02,3.430049458593e+02,1.000000000000e+00,-3.120017105731
1252,16408,6008789062.500000,-4.481140616365e+01,-1.344342184910e+02,-1.750209524587e+00,-1.451460470510e+02,-3.979867056015e+01,-1.447728127196e+02,1.000000000000e+00,3.140458121248
1253,16409,6009155273.437500,1.344342184910e+02,1.344342184910e+02,8.945441990001e+01,1.730158427731e+02,1.110479307544e+02,1.435893102182e+02,1.000000000000e+00,3.117761232754
1254,16410,6009521484.375000,4.481140616365e+01,1.344342184910e+02,1.989406203073e+00,1.451522074550e+02,2.124579445766e+01,1.339218673117e+02,1.000000000000e+00,3.095077358501
1255,16411,6009887695.312500,2.240570308183e+02,-4.481140616365e+01,2.326306678293e+02,2.580530922118e+01,2.201079097341e+02,-2.632231018373e+01,1.000000000000e+00,3.072406320524
1256,16412,6010253906.250000,4.481140616365e+01,3.136798431456e+02,-5.296839194828e+01,3.201649945991e+02,2.295763514680e+00,3.131474514109e+02,1.000000000000e+00,3.049747940377
1257,16413,6010620117.187500,3.136798431456e+02,3.136798431456e+02,2.107037081123e+02,4.023821626939e+02,2.722341914856e+02,3.411401052285e+02,1.000000000000e+00,3.027102039149
1258,16414,6010986328.125000,-1.344342184910e+02,-4.481140616365e+01,-1.178950518333e+02,-8.451072291809e+01,-1.388940182116e+02,-6.470090036341e+01,1.000000000000e+00,3.004468437476
1259,16415,6011352539.062500,1.344342184910e+02,1.344342184910e+02,9.090123108812e+01,1.720646912427e+02,1.119406265727e+02,1.423512542675e+02,1.000000000000e+00,2.981846955556
1260,16416,6011718750.000000,-4.481140616365e+01,3.136798431456e+02,-1.382950730416e+02,2.933502373253e+02,-8.596792315913e+01,3.032138861634e+02,1.000000000000e+00,2.959237413164
1261,16417,6012084960.937500,3.136798431456e+02,3.136798431456e+02,2.128128186308e+02,4.010720905462e+02,2.730757278765e+02,3.400564004516e+02,1.000000000000e+00,2.936639629668
1262,16418,6012451171.875000,2.240570308183e+02,-4.481140616365e+01,2.327779175256e+02,2.287778510448e+01,2.203808761741e+02,-2.849552530908e+01,1.000000000000e+00,2.914053424037
1263,16419,6012817382.812500,-1.344342184910e+02,-3.136798431456e+02,-3.895733518366e+01,-3.472209170810e+02,-1.116039070822e+02,-3.342830183256e+02,1.000000000000e+00,2.891478614858
1264,16420,6013183593.750000,-4.481140616365e+01,-4.481140616365e+01,-3.079809123425e+01,-5.711129444517e+01,-4.884919772179e+01,-5.598778272483e+01,1.000000000000e+00,2.868915020349
1265,16421,6013549804.687500,-4.481140616365e+01,-2.240570308183e+02,2.125670407450e+01,-2.329790122340e+02,-3.131769528320e+01,-2.356511031173e+02,1.000000000000e+00,2.846362458369
1266,16422,6013916015.625000,2.240570308183e+02,-1.344342184910e+02,2.589074069088e+02,-6.734945335262e+01,2.292685511886e+02,-1.200193967913e+02,1.000000000000e+00,2.823820746432
1267,16423,6014282226.562500,1.344342184910e+02,-1.344342184910e+02,1.706613200353e+02,-9.364467016241e+01,1.393777501596e+02,-1.289648878016e+02,1.000000000000e+00,2.801289701719
1268,16424,6014648437.500000,1.344342184910e+02,-3.136798431456e+02,2.213860462405e+02,-2.703992909168e+02,1.560751326939e+02,-3.089977629052e+02,1.000000000000e+00,2.778769141086
1269,16425,6015014648.437500,1.344342184910e+02,3.136798431456e+02,4.393991500983e+01,3.467207280885e+02,9.794696117269e+01,3.197897128922e+02,1.000000000000e+00,2.756258881082
1270,16426,6015380859.375000,-1.344342184910e+02,4.481140616365e+01,-1.449264881207e+02,6.445399736070e+00,-1.467379025275e+02,2.533240394997e+01,1.000000000000e+00,2.733758737953
1271,16427,6015747070.312500,3.136798431456e+02,2.240570308183e+02,2.464487677186e+02,3.080438108083e+02,2.861976008746e+02,2.457671005251e+02,1.000000000000e+00,2.711268527656
1272,16428,6016113281.250000,1.344342184910e+02,2.240570308183e+02,7.038286739990e+01,2.579638574597e+02,1.068025098803e+02,2.292455879156e+02,1.000000000000e+00,2.688788065869
1273,16429,6016479492.187500,2.240570308183e+02,1.344342184910e+02,1.840299266980e+02,1.942249322819e+02,2.051330877036e+02,1.472958155633e+02,1.000000000000e+00,2.666317168001
1274,16430,6016845703.125000,-4.481140616365e+01,-4.481140616365e+01,-3.201731109210e+01,-5.649298515201e+01,-4.848985698204e+01,-5.661484901892e+01,1.000000000000e+00,2.643855649202
1275,16431,6017211914.062500,3.136798431456e+02,-4.481140616365e+01,3.220895215046e+02,4.100189662257e+01,3.114435237628e+02,-2.508613512073e+01,1.000000000000e+00,2.621403324371
1276,16432,6017578125.000000,-3.136798431456e+02,4.481140616365e+01,-3.219892692559e+02,-4.077942830221e+01,-3.259736310272e+02,9.291257067270e+00,1.000000000000e+00,2.598960008168
1277,16433,6017944335.937500,3.136798431456e+02,-3.136798431456e+02,3.945834511657e+02,-2.249626621536e+02,3.353490465571e+02,-2.946350900325e+02,1.000000000000e+00,2.576525515021
1278,16434,6018310546.875000,-4.481140616365e+01,1.344342184910e+02,-8.020548547202e+01,1.209713247681e+02,-6.368434652840e+01,1.229540799594e+02,1.000000000000e+00,2.554099659135
1279,16435,6018676757.812500,4.481140616365e+01,2.240570308183e+02,-1.457645513378e+01,2.337027918953e+02,1.927233035317e+01,2.205989354363e+02,1.000000000000e+00,2.531682254501
1280,16436,6019042968.750000,-2.240570308183e+02,4.481140616365e+01,-2.338523003810e+02,-1.370864618447e+01,-2.356454296633e+02,1.858909850432e+01,1.000000000000e+00,2.509273114903
1281,16437,6019409179.687500,-3.136798431456e+02,1.344342184910e+02,-3.458291405403e+02,5.243206264829e+01,-3.327397071527e+02,1.013824738944e+02,1.000000000000e+00,2.486872053928
1282,16438,6019775390.625000,2.240570308183e+02,-2.240570308183e+02,2.797218576591e+02,-1.648336149441e+02,2.363951456105e+02,-2.154929421991e+02,1.000000000000e+00,2.464478884974
1283,16439,6020141601.562500,-2.240570308183e+02,1.344342184910e+02,-2.565181074810e+02,7.648526285140e+01,-2.421926791670e+02,1.087310623799e+02,1.000000000000e+00,2.442093421255
1284,16440,6020507812.500000,1.344342184910e+02,1.344342184910e+02,9.981752279524e+01,1.672146400434e+02,1.182582284365e+02,1.367252154979e+02,1.000000000000e+00,2.419715475810
1285,16441,6020874023.437500,-4.481140616365e+01,1.344342184910e+02,-7.777671004850e+01,1.225352188528e+02,-6.134806277677e+01,1.229614516786e+02,1.000000000000e+00,2.397344861511
1286,16442,6021240234.375000,2.240570308183e+02,1.344342184910e+02,1.899350198262e+02,1.886277406908e+02,2.090421061859e+02,1.427311075059e+02,1.000000000000e+00,2.374981391068
1287,16443,6021606445.312500,2.240570308183e+02,4.481140616365e+01,2.121628326048e+02,9.916310566697e+01,2.158803262891e+02,5.250639313738e+01,1.000000000000e+00,2.352624877039
1288,16444,6021972656.250000,-3.136798431456e+02,-1.344342184910e+02,-2.800588065493e+02,-2.098335098719e+02,-3.116972423757e+02,-1.669366528672e+02,1.000000000000e+00,2.330275131831
1289,16445,6022338867.187500,-4.481140616365e+01,-4.481140616365e+01,-3.390948251733e+01,-5.542621358199e+01,-4.768839882404e+01,-5.735853450841e+01,1.000000000000e+00,2.307931967713
1290,16446,6022705078.125000,4.481140616365e+01,1.344342184910e+02,1.264887334849e+01,1.447166466353e+02,2.975039321108e+01,1.292209727448e+02,1.000000000000e+00,2.285595196818
1291,16447,6023071289.062500,1.344342184910e+02,-4.481140616365e+01,1.446783960061e+02,-1.294011249072e+01,1.327312702573e+02,-4.482631470154e+01,1.000000000000e+00,2.263264631149
1292,16448,6023437500.000000,1.344342184910e+02,3.136798431456e+02,6.103914201331e+01,3.445328446003e+02,1.082024860144e+02,3.154312964437e+02,1.000000000000e+00,2.240940082588
1293,16449,6023803710.937500,1.344342184910e+02,-3.136798431456e+02,2.065911914388e+02,-2.824916330495e+02,1.508898920772e+02,-3.160419717222e+02,1.000000000000e+00,2.218621362898
1294,16450,6024169921.875000,4.481140616365e+01,3.136798431456e+02,-2.628813790267e+01,3.238730375315e+02,1.965770362698e+01,3.090770983924e+02,1.000000000000e+00,2.196308283731
1295,16451,6024536132.812500,-4.481140616365e+01,1.344342184910e+02,-7.471963222769e+01,1.245884802711e+02,-5.842350714036e+01,1.229736501848e+02,1.000000000000e+00,2.174000656634
1296,16452,6024902343.750000,-2.240570308183e+02,-2.240570308183e+02,-1.756172537572e+02,-2.731792257888e+02,-2.174378002403e+02,-2.480715903822e+02,1.000000000000e+00,2.151698293049
1297,16453,6025268554.687500,2.240570308183e+02,-3.136798431456e+02,2.922876481627e+02,-2.659111850335e+02,2.386742328475e+02,-3.125150080289e+02,1.000000000000e+00,2.129401004327
1298,16454,6025634765.625000,-2.240570308183e+02,1.344342184910e+02,-2.535782298799e+02,8.650299066642e+01,-2.380696749993e+02,1.125278031827e+02,1.000000000000e+00,2.107108601723
1299,16455,6026000976.562500,-2.240570308183e+02,2.240570308183e+02,-2.728447412480e+02,1.765963690452e+02,-2.433270503315e+02,2.026110792434e+02,1.000000000000e+00,2.084820896411
1300,16456,6026367187.500000,-2.240570308183e+02,1.344342184910e+02,-2.532408589570e+02,8.750754149056e+01,-2.376287960626e+02,1.127286451572e+02,1.000000000000e+00,2.062537699479
1301,16457,6026733398.437500,-2.240570308183e+02,4.481140616365e+01,-2.342297154943e+02,-1.655469050442e+00,-2.322936145850e+02,2.287615357486e+01,1.000000000000e+00,2.040258821940
1302,16458,6027099609.375000,3.136798431456e+02,-1.344342184910e+02,3.426330056923e+02,-7.046435677294e+01,3.187260998525e+02,-1.286476341809e+02,1.000000000000e+00,2.017984074735
1303,16459,6027465820.312500,-1.344342184910e+02,1.344342184910e+02,-1.626776933842e+02,1.073859330361e+02,-1.467126587780e+02,1.178618004646e+02,1.000000000000e+00,1.995713268736
1304,16460,6027832031.250000,-4.481140616365e+01,-2.240570308183e+02,1.038287214661e+00,-2.343336809588e+02,-3.654293327257e+01,-2.383278380409e+02,1.000000000000e+00,1.973446214752
1305,16461,6028198242.187500,4.481140616365e+01,4.481140616365e+01,3.594988145894e+01,5.415058772212e+01,3.893080884583e+01,3.729108555107e+01,1.000000000000e+00,1.951182723532
1306,16462,6028564453.125000,3.136798431456e+02,-2.240570308183e+02,3.600791320555e+02,-1.631619431747e+02,3.237752354013e+02,-2.199539374192e+02,1.000000000000e+00,1.928922605768
1307,16463,6028930664.062500,4.481140616365e+01,2.240570308183e+02,1.668943370489e+00,2.342944657898e+02,3.093400870932e+01,2.174158083031e+02,1.000000000000e+00,1.906665672103
1308,16464,6029296875.000000,3.136798431456e+02,-4.481140616365e+01,3.246102143623e+02,1.431636560261e+01,3.146782016987e+02,-4.154203421582e+01,1.000000000000e+00,1.884411733130
1309,16465,6029663085.937500,-1.344342184910e+02,-1.344342184910e+02,-1.106775070700e+02,-1.605080138522e+02,-1.330081987421e+02,-1.515983505503e+02,1.000000000000e+00,1.862160599399
1310,16466,6030029296.875000,-2.240570308183e+02,-2.240570308183e+02,-1.855572270006e+02,-2.667816869251e+02,-2.200780203533e+02,-2.451206781169e+02,1.000000000000e+00,1.839912081420
1311,16467,6030395507.812500,1.344342184910e+02,-3.136798431456e+02,1.920603890903e+02,-2.926507247772e+02,1.447031996047e+02,-3.216088517674e+02,1.000000000000e+00,1.817665989666
1312,16468,6030761718.750000,3.136798431456e+02,-3.136798431456e+02,3.726576426418e+02,-2.611798689374e+02,3.254038247604e+02,-3.149572720455e+02,1.000000000000e+00,1.795422134577
1313,16469,6031127929.687500,3.136798431456e+02,4.481140616365e+01,3.091638535898e+02,1.003913572968e+02,3.119664808610e+02,4.613973605537e+01,1.000000000000e+00,1.773180326565
1314,16470,6031494140.625000,3.136798431456e+02,2.240570308183e+02,2.783113422454e+02,2.808214643508e+02,3.056494686673e+02,2.263856560280e+02,1.000000000000e+00,1.750940376012
1315,16471,6031860351.562500,3.136798431456e+02,1.344342184910e+02,2.942373787838e+02,1.894644682753e+02,3.091513513315e+02,1.356167800339e+02,1.000000000000e+00,1.728702093283
1316,16472,6032226562.500000,2.240570308183e+02,-1.344342184910e+02,2.492786626814e+02,-9.836681784490e+01,2.282490051183e+02,-1.388500946477e+02,1.000000000000e+00,1.706465288720
1317,16473,6032592773.437500,3.136798431456e+02,-1.344342184910e+02,3.398488108565e+02,-8.426783059053e+01,3.186800468197e+02,-1.363883129009e+02,1.000000000000e+00,1.684229772650
1318,16474,6032958984.375000,2.240570308183e+02,2.240570308183e+02,1.906240082406e+02,2.634904955849e+02,2.173448011574e+02,2.219591091212e+02,1.000000000000e+00,1.661995355389
1319,16475,6033325195.312500,-2.240570308183e+02,1.344342184910e+02,-2.485446138106e+02,1.002839683616e+02,-2.315467788752e+02,1.178657210584e+02,1.000000000000e+00,1.639761847242
1320,16476,6033691406.250000,3.136798431456e+02,4.481140616365e+01,3.105839485359e+02,9.494923600077e+01,3.132512322142e+02,4.319668857140e+01,1.000000000000e+00,1.617529058509
1321,16477,6034057617.187500,-2.240570308183e+02,-3.136798431456e+02,-1.780066628189e+02,-3.525035782848e+02,-2.181435087328e+02,-3.332251625024e+02,1.000000000000e+00,1.595296799489
1322,16478,6034423828.125000,-3.136798431456e+02,2.240570308183e+02,-3.523133981044e+02,1.789729040402e+02,-3.232952829132e+02,2.062298943958e+02,1.000000000000e+00,1.573064880478
1323,16479,6034790039.062500,1.344342184910e+02,2.240570308183e+02,1.025470169847e+02,2.476457393400e+02,1.287768301727e+02,2.182942350295e+02,1.000000000000e+00,1.550833111779
1324,16480,6035156250.000000,4.481140616365e+01,-2.240570308183e+02,7.869466386887e+01,-2.208710559358e+02,4.979917389874e+01,-2.360962589715e+02,1.000000000000e+00,1.528601303702
1325,16481,6035522460.937500,1.344342184910e+02,3.136798431456e+02,9.127672072198e+01,3.380547439945e+02,1.281170306749e+02,3.081702179256e+02,1.000000000000e+00,1.506369266565
1326,16482,6035888671.875000,-4.481140616365e+01,1.344342184910e+02,-6.444009373788e+01,1.303175868128e+02,-4.829595785318e+01,1.235340556654e+02,1.000000000000e+00,1.484136810702
1327,16483,6036254882.812500,-2.240570308183e+02,-1.344342184910e+02,-2.093437617493e+02,-1.675208064548e+02,-2.240129939677e+02,-1.507933335649e+02,1.000000000000e+00,1.461903746463
1328,16484,6036621093.750000,-2.240570308183e+02,4.481140616365e+01,-2.340364071134e+02,1.539007914697e+01,-2.270158690581e+02,3.036925659785e+01,1.000000000000e+00,1.439669884219
1329,16485,6036987304.687500,3.136798431456e+02,2.240570308183e+02,2.898154515817e+02,2.695886768212e+02,3.134090438888e+02,2.195803587056e+02,1.000000000000e+00,1.417435034362
1330,16486,6037353515.625000,3.136798431456e+02,2.240570308183e+02,2.907820760304e+02,2.684633470425e+02,3.141008962715e+02,2.187656215664e+02,1.000000000000e+00,1.395199007315
1331,16487,6037719726.562500,-1.344342184910e+02,2.240570308183e+02,-1.648509036987e+02,2.115774842838e+02,-1.375217332644e+02,2.135796286053e+02,1.000000000000e+00,1.372961613527
1332,16488,6038085937.500000,-1.344342184910e+02,-2.240570308183e+02,-1.097784577019e+02,-2.446325984956e+02,-1.333120565438e+02,-2.384615737055e+02,1.000000000000e+00,1.350722663483
1333,16489,6038452148.437500,3.136798431456e+02,1.344342184910e+02,3.030486993902e+02,1.749638086980e+02,3.156894053264e+02,1.272445836191e+02,1.000000000000e+00,1.328481967705
1334,16490,6038818359.375000,-3.136798431456e+02,-1.344342184910e+02,-3.027893929447e+02,-1.748530333442e+02,-3.136807451261e+02,-1.501341946576e+02,1.000000000000e+00,1.306239336755
1335,16491,6039184570.312500,-4.481140616365e+01,2.240570308183e+02,-7.217029054370e+01,2.226996460623e+02,-4.619826754395e+01,2.140254669113e+02,1.000000000000e+00,1.283994581239
1336,16492,6039550781.250000,3.136798431456e+02,4.481140616365e+01,3.146146117134e+02,8.108273779051e+01,3.172711239758e+02,3.545486188652e+01,1.000000000000e+00,1.261747511812
1337,16493,6039916992.187500,-1.344342184910e+02,4.481140616365e+01,-1.419985036685e+02,3.131788826387e+01,-1.342852525111e+02,3.387600080588e+01,1.000000000000e+00,1.239497939179
1338,16494,6040283203.125000,4.481140616365e+01,-4.481140616365e+01,5.045365033590e+01,-4.103302312654e+01,4.677577639447e+01,-5.649408330801e+01,1.000000000000e+00,1.217245674102
1339,16495,6040649414.062500,2.240570308183e+02,4.481140616365e+01,2.240386939502e+02,6.905708808723e+01,2.278070536796e+02,3.396160275969e+01,1.000000000000e+00,1.194990527399
1340,16496,6041015625.000000,-2.240570308183e+02,-1.344342184910e+02,-2.148580400043e+02,-1.602734667087e+02,-2.240892854569e+02,-1.468829614420e+02,1.000000000000e+00,1.172732309955
1341,16497,6041381835.937500,-4.481140616365e+01,4.481140616365e+01,-5.021356634012e+01,4.130967205496e+01,-4.302176451859e+01,3.409225178313e+01,1.000000000000e+00,1.150470832718
1342,16498,6041748046.875000,3.136798431456e+02,2.240570308183e+02,2.990277792320e+02,2.589662052979e+02,3.197902668393e+02,2.135295093936e+02,1.000000000000e+00,1.128205906711
1343,16499,6042114257.812500,1.344342184910e+02,-2.240570308183e+02,1.582585265327e+02,-2.164450349131e+02,1.368304590956e+02,-2.380260806885e+02,1.000000000000e+00,1.105937343030
1344,16500,6042480468.750000,1.344342184910e+02,2.240570308183e+02,1.165697502308e+02,2.413460471839e+02,1.393216023708e+02,2.142032713430e+02,1.000000000000e+00,1.083664952850
1345,16501,6042846679.687500,-1.344342184910e+02,-1.344342184910e+02,-1.248931669009e+02,-1.496734810087e+02,-1.332917506631e+02,-1.461106623655e+02,1.000000000000e+00,1.061388547433
1346,16502,6043212890.625000,-2.240570308183e+02,-4.481140616365e+01,-2.248762986517e+02,-6.575424785604e+01,-2.231950603879e+02,-5.496683761721e+01,1.000000000000e+00,1.039107938126
1347,16503,6043579101.562500,1.344342184910e+02,-3.136798431456e+02,1.638950511634e+02,-3.093155199521e+02,1.358378134964e+02,-3.286753179381e+02,1.000000000000e+00,1.016822936371
1348,16504,6043945312.500000,-2.240570308183e+02,4.481140616365e+01,-2.327743394456e+02,2.800893785750e+01,-2.221488670122e+02,3.707666722742e+01,1.000000000000e+00,0.994533353708
1349,16505,6044311523.437500,3.136798431456e+02,3.136798431456e+02,2.962085976205e+02,3.455121653705e+02,3.238705188305e+02,3.015367596719e+02,1.000000000000e+00,0.972239001780
1350,16506,6044677734.375000,3.136798431456e+02,-2.240570308183e+02,3.383180607535e+02,-2.045847927307e+02,3.174389200661e+02,-2.405173264384e+02,1.000000000000e+00,0.949939692337
1351,16507,6045043945.312500,-2.240570308183e+02,-1.344342184910e+02,-2.186742604037e+02,-1.548257139437e+02,-2.235408734364e+02,-1.439352116095e+02,1.000000000000e+00,0.927635237242
1352,16508,6045410156.250000,-4.481140616365e+01,-1.344342184910e+02,-3.591276585135e+01,-1.408210675719e+02,-4.296211571537e+01,-1.457744735108e+02,1.000000000000e+00,0.905325448478
1353,16509,6045776367.187500,-2.240570308183e+02,1.344342184910e+02,-2.387058882342e+02,1.218527287436e+02,-2.196055928480e+02,1.283881876035e+02,1.000000000000e+00,0.883010138150
1354,16510,6046142578.125000,2.240570308183e+02,4.481140616365e+01,2.263404115749e+02,6.096551018478e+01,2.311716825008e+02,3.058598654086e+01,1.000000000000e+00,0.860689118492
1355,16511,6046508789.062500,2.240570308183e+02,-3.136798431456e+02,2.501506145929e+02,-3.064049475177e+02,2.251068029307e+02,-3.310448425228e+02,1.000000000000e+00,0.838362201876
1356,16512,6046875000.000000,-2.240570308183e+02,-1.344342184910e+02,-2.208007998150e+02,-1.522069323717e+02,-2.237365948162e+02,-1.422773199199e+02,1.000000000000e+00,0.816029200812
1357,16513,6047241210.937500,-1.344342184910e+02,3.136798431456e+02,-1.568679403434e+02,3.130952457680e+02,-1.244247989612e+02,3.086482588320e+02,1.000000000000e+00,0.793689927959
1358,16514,6047607421.875000,3.136798431456e+02,-4.481140616365e+01,3.237762643308e+02,-2.824919103539e+01,3.203300146070e+02,-6.302449335254e+01,1.000000000000e+00,0.771344196130
1359,16515,6047973632.812500,4.481140616365e+01,-3.136798431456e+02,6.201064250014e+01,-3.188918655456e+02,4.190663587553e+01,-3.277160133964e+02,1.000000000000e+00,0.748991818296
1360,16516,6048339843.750000,4.481140616365e+01,-4.481140616365e+01,4.817736684765e+01,-4.363048265643e+01,4.941442873678e+01,-5.666193851334e+01,1.000000000000e+00,0.726632607597
1361,16517,6048706054.687500,1.344342184910e+02,-3.136798431456e+02,1.535787227137e+02,-3.147014411981e+02,1.330868766183e+02,-3.300891853462e+02,1.000000000000e+00,0.704266377345
1362,16518,6049072265.625000,-2.240570308183e+02,-2.240570308183e+02,-2.185715307775e+02,-2.408425917913e+02,-2.260023689542e+02,-2.305121983159e+02,1.000000000000e+00,0.681892941034
1363,16519,6049438476.562500,-1.344342184910e+02,2.240570308183e+02,-1.484988715100e+02,2.232884634452e+02,-1.238121078422e+02,2.195320853241e+02,1.000000000000e+00,0.659512112344
1364,16520,6049804687.500000,-1.344342184910e+02,4.481140616365e+01,-1.398566911768e+02,3.980155526841e+01,-1.282881858991e+02,3.889255523364e+01,1.000000000000e+00,0.637123705152
1365,16521,6050170898.437500,1.344342184910e+02,1.344342184910e+02,1.319295294013e+02,1.436918807725e+02,1.455942336771e+02,1.219984602060e+02,1.000000000000e+00,0.614727533539
1366,16522,6050537109.375000,-1.344342184910e+02,-3.136798431456e+02,-1.246387933773e+02,-3.272202885702e+02,-1.380487297269e+02,-3.223100607023e+02,1.000000000000e+00,0.592323411794
1367,16523,6050903320.312500,2.240570308183e+02,4.481140616365e+01,2.278994278615e+02,5.496461311272e+01,2.338567935469e+02,2.904582086292e+01,1.000000000000e+00,0.569911154427
1368,16524,6051269531.250000,2.240570308183e+02,-1.344342184910e+02,2.347639875697e+02,-1.293699064083e+02,2.286012009982e+02,-1.519149767139e+02,1.000000000000e+00,0.547490576177
1369,16525,6051635742.187500,-4.481140616365e+01,-2.240570308183e+02,-3.813177151080e+01,-2.312397578486e+02,-4.544111931147e+01,-2.338916576654e+02,1.000000000000e+00,0.525061492017
1370,16526,6052001953.125000,1.344342184910e+02,1.344342184910e+02,1.334998208678e+02,1.420929420106e+02,1.471098016239e+02,1.216071570453e+02,1.000000000000e+00,0.502623717166
1371,16527,6052368164.062500,-4.481140616365e+01,-1.344342184910e+02,-4.200361328924e+01,-1.391042426104e+02,-4.268155961957e+01,-1.431239280141e+02,1.000000000000e+00,0.480177067097
1372,16528,6052734375.000000,-2.240570308183e+02,-1.344342184910e+02,-2.260945157551e+02,-1.437249530225e+02,-2.233417320003e+02,-1.362878569389e+02,1.000000000000e+00,0.457721357547
1373,16529,6053100585.937500,-1.344342184910e+02,-1.344342184910e+02,-1.346004705775e+02,-1.410578551739e+02,-1.330902049842e+02,-1.393237579558e+02,1.000000000000e+00,0.435256404525
1374,16530,6053466796.875000,-2.240570308183e+02,-4.481140616365e+01,-2.289535203743e+02,-5.098543381135e+01,-2.200686462007e+02,-4.533787858902e+01,1.000000000000e+00,0.412782024325
1375,16531,6053833007.812500,-4.481140616365e+01,4.481140616365e+01,-4.695939402185e+01,4.511622687275e+01,-3.562303411450e+01,3.826627599357e+01,1.000000000000e+00,0.390298033533
1376,16532,6054199218.750000,-3.136798431456e+02,2.240570308183e+02,-3.263269831841e+02,2.246651657786e+02,-2.994834774167e+02,2.306246618755e+02,1.000000000000e+00,0.367804249039
1377,16533,6054565429.687500,-4.481140616365e+01,4.481140616365e+01,-4.666221826448e+01,4.539600189951e+01,-3.511902711206e+01,3.868936226530e+01,1.000000000000e+00,0.345300488048
1378,16534,6054931640.625000,2.240570308183e+02,4.481140616365e+01,2.295745685751e+02,4.835556703184e+01,2.363512896623e+02,2.639825877306e+01,1.000000000000e+00,0.322786568091
1379,16535,6055297851.562500,4.481140616365e+01,2.240570308183e+02,4.405952896164e+01,2.302947557867e+02,6.419552864742e+01,2.154823816567e+02,1.000000000000e+00,0.300262307034
1380,16536,6055664062.500000,2.240570308183e+02,-2.240570308183e+02,2.313582348568e+02,-2.281800935116e+02,2.235530946829e+02,-2.445053431716e+02,1.000000000000e+00,0.277727523093
1381,16537,6056030273.437500,-1.344342184910e+02,3.136798431456e+02,-1.395601413254e+02,3.207444494636e+02,-1.115379144692e+02,3.143111850547e+02,1.000000000000e+00,0.255182034846
1382,16538,6056396484.375000,1.344342184910e+02,-2.240570308183e+02,1.388907660682e+02,-2.290911049218e+02,1.334330713987e+02,-2.399395973148e+02,1.000000000000e+00,0.232625661240
1383,16539,6056762695.312500,2.240570308183e+02,3.136798431456e+02,2.286194741034e+02,3.225702300923e+02,2.497755493849e+02,2.975597219464e+02,1.000000000000e+00,0.210058221610
1384,16540,6057128906.250000,2.240570308183e+02,-4.481140616365e+01,2.300174443778e+02,-4.539582962320e+01,2.327419435557e+02,-6.351808196371e+01,1.000000000000e+00,0.187479535690
1385,16541,6057495117.187500,2.240570308183e+02,1.344342184910e+02,2.298946605826e+02,1.382484159363e+02,2.417379731035e+02,1.172153324758e+02,1.000000000000e+00,0.164889423623
1386,16542,6057861328.125000,-1.344342184910e+02,-4.481140616365e+01,-1.381231508235e+02,-4.595676438743e+01,-1.285193473944e+02,-4.576730323526e+01,1.000000000000e+00,0.142287705979
1387,16543,6058227539.062500,-3.136798431456e+02,-2.240570308183e+02,-3.227993799901e+02,-2.293249024086e+02,-3.183537787392e+02,-2.171959374802e+02,1.000000000000e+00,0.119674203766
1388,16544,6058593750.000000,-4.481140616365e+01,-1.344342184910e+02,-4.667998790988e+01,-1.378055775167e+02,-4.260896124733e+01,-1.401309346984e+02,1.000000000000e+00,0.097048738445
1389,16545,6058959960.937500,-1.344342184910e+02,2.240570308183e+02,-1.363227266504e+02,2.309322109093e+02,-1.138009443630e+02,2.262479525265e+02,1.000000000000e+00,0.074411131946
1390,16546,6059326171.875000,-2.240570308183e+02,2.240570308183e+02,-2.275758245056e+02,2.322534407278e+02,-2.034778472353e+02,2.316374046796e+02,1.000000000000e+00,0.051761206682
1391,16547,6059692382.812500,-4.481140616365e+01,4.481140616365e+01,-4.536742589571e+01,4.658881031871e+01,-3.262839423781e+01,4.131212616877e+01,1.000000000000e+00,0.029098785562
1392,16548,6060058593.750000,-4.481140616365e+01,4.481140616365e+01,-4.523709658597e+01,4.671102785860e+01,-3.242883112154e+01,4.155704128349e+01,1.000000000000e+00,0.006423692011
1393,16549,6060424804.687500,4.481140616365e+01,-2.240570308183e+02,4.209653761061e+01,-2.306564485759e+02,4.186153024253e+01,-2.344623614624e+02,1.000000000000e+00,-0.016264250018
1394,16550,6060791015.625000,-4.481140616365e+01,-4.481140616365e+01,-4.679297883784e+01,-4.516324687496e+01,-3.759249428751e+01,-4.837803329494e+01,1.000000000000e+00,-0.038965216022
1395,16551,6061157226.562500,3.136798431456e+02,-3.136798431456e+02,3.160422802384e+02,-3.276902990290e+02,3.077037571107e+02,-3.404000867767e+02,1.000000000000e+00,-0.061679380938
1396,16552,6061523437.500000,2.240570308183e+02,-2.240570308183e+02,2.258231110204e+02,-2.340244365303e+02,2.231033923412e+02,-2.444042816563e+02,1.000000000000e+00,-0.084406919123
1397,16553,6061889648.437500,-3.136798431456e+02,-2.240570308183e+02,-3.259615231353e+02,-2.242851784329e+02,-3.184298222610e+02,-2.132063893924e+02,1.000000000000e+00,-0.107148004333
1398,16554,6062255859.375000,1.344342184910e+02,-1.344342184910e+02,1.352524751902e+02,-1.406663806606e+02,1.381863033619e+02,-1.485561289798e+02,1.000000000000e+00,-0.129902809710
1399,16555,6062622070.312500,1.344342184910e+02,4.481140616365e+01,1.389862740011e+02,4.285528534445e+01,1.488519294549e+02,3.192243800877e+01,1.000000000000e+00,-0.152671507760
1400,16556,6062988281.250000,-4.481140616365e+01,1.344342184910e+02,-4.243068521835e+01,1.391094898408e+02,-2.587343549649e+01,1.333879854002e+02,1.000000000000e+00,-0.175454270337
1401,16557,6063354492.187500,-3.136798431456e+02,-3.136798431456e+02,-3.304166143086e+02,-3.133429116916e+02,-3.250241461096e+02,-3.008293655530e+02,1.000000000000e+00,-0.198251268622
1402,16558,6063720703.125000,1.344342184910e+02,-2.240570308183e+02,1.317003505357e+02,-2.337125858682e+02,1.321852624961e+02,-2.387667338971e+02,1.000000000000e+00,-0.221062673102
1403,16559,6064086914.062500,-2.240570308183e+02,4.481140616365e+01,-2.287089490032e+02,5.239010474768e+01,-2.119840472594e+02,5.501536473610e+01,1.000000000000e+00,-0.243888653553
1404,16560,6064453125.000000,-2.240570308183e+02,-1.344342184910e+02,-2.338394451430e+02,-1.316601411548e+02,-2.231765593985e+02,-1.256607180245e+02,1.000000000000e+00,-0.266729379019
1405,16561,6064819335.937500,1.344342184910e+02,-3.136798431456e+02,1.291930245640e+02,-3.258817057339e+02,1.273714654290e+02,-3.284570646996e+02,1.000000000000e+00,-0.289585017788
1406,16562,6065185546.875000,4.481140616365e+01,-4.481140616365e+01,4.466994723570e+01,-4.732327081349e+01,5.355769605622e+01,-5.168740162892e+01,1.000000000000e+00,-0.312455737372
1407,16563,6065551757.812500,-3.136798431456e+02,1.344342184910e+02,-3.173218842606e+02,1.480757527467e+02,-2.959605007965e+02,1.520291727090e+02,1.000000000000e+00,-0.335341704490
1408,16564,6065917968.750000,-2.240570308183e+02,3.136798431456e+02,-2.184566807608e+02,3.293586196171e+02,-1.932103187567e+02,3.271413892345e+02,1.000000000000e+00,-0.358243085036
1409,16565,6066284179.687500,1.344342184910e+02,1.344342184910e+02,1.429473995344e+02,1.327018951630e+02,1.558775455895e+02,1.229246413981e+02,1.000000000000e+00,-0.381160044065
1410,16566,6066650390.625000,-3.136798431456e+02,1.344342184910e+02,-3.164326161213e+02,1.507155944313e+02,-2.951444125012e+02,1.546149075053e+02,1.000000000000e+00,-0.404092745766
1411,16567,6067016601.562500,-1.344342184910e+02,4.481140616365e+01,-1.361499742501e+02,5.182301207941e+01,-1.208830407542e+02,5.215220161802e+01,1.000000000000e+00,-0.427041353439
1412,16568,6067382812.500000,2.240570308183e+02,2.240570308183e+02,2.396684672704e+02,2.205094034176e+02,2.533762439642e+02,2.072915805817e+02,1.000000000000e+00,-0.450006029470
1413,16569,6067749023.437500,-1.344342184910e+02,-4.481140616365e+01,-1.399247235173e+02,-4.030853109323e+01,-1.271784888738e+02,-3.805805569379e+01,1.000000000000e+00,-0.472986935308
1414,16570,6068115234.375000,2.240570308183e+02,-2.240570308183e+02,2.203342293150e+02,-2.395652511380e+02,2.214850193854e+02,-2.437632322419e+02,1.000000000000e+00,-0.495984231437
1415,16571,6068481445.312500,-3.136798431456e+02,-2.240570308183e+02,-3.318236150910e+02,-2.155409381522e+02,-3.204776063575e+02,-2.048493963723e+02,1.000000000000e+00,-0.518998077356
1416,16572,6068847656.250000,-4.481140616365e+01,4.481140616365e+01,-4.377464513930e+01,4.805413011500e+01,-3.017232000176e+01,4.661649367007e+01,1.000000000000e+00,-0.542028631548
1417,16573,6069213867.187500,4.481140616365e+01,-3.136798431456e+02,3.071414640798e+01,-3.235957028266e+02,3.331067635130e+01,-3.204945571760e+02,1.000000000000e+00,-0.565076051453
1418,16574,6069580078.125000,2.240570308183e+02,4.481140616365e+01,2.319022228021e+02,3.520036575546e+01,2.404825519386e+02,2.724031320665e+01,1.000000000000e+00,-0.588140493446
1419,16575,6069946289.062500,3.136798431456e+02,1.344342184910e+02,3.282664782547e+02,1.230531067052e+02,3.374337349305e+02,1.114639567387e+02,1.000000000000e+00,-0.611222112806
1420,16576,6070312500.000000,-1.344342184910e+02,1.344342184910e+02,-1.312557470202e+02,1.445315883856e+02,-1.138056560538e+02,1.443513196947e+02,1.000000000000e+00,-0.634321063689
1421,16577,6070678710.937500,-4.481140616365e+01,-3.136798431456e+02,-6.214485474745e+01,-3.192427591159e+02,-5.727679419318e+01,-3.131118802094e+02,1.000000000000e+00,-0.657437499097
1422,16578,6071044921.875000,1.344342184910e+02,-3.136798431456e+02,1.209489462160e+02,-3.286045900894e+02,1.226131605624e+02,-3.265567421526e+02,1.000000000000e+00,-0.680571570856
1423,16579,6071411132.812500,4.481140616365e+01,-3.136798431456e+02,2.948376312968e+01,-3.239128443898e+02,3.292459378099e+01,-3.195348662404e+02,1.000000000000e+00,-0.703723429577
1424,16580,6071777343.750000,4.481140616365e+01,-4.481140616365e+01,4.365822195037e+01,-4.826124492720e+01,5.340945025182e+01,-4.867232848607e+01,1.000000000000e+00,-0.726893224636
1425,16581,6072143554.687500,-1.344342184910e+02,4.481140616365e+01,-1.356737908683e+02,5.276418908264e+01,-1.205581459517e+02,5.498917919391e+01,1.000000000000e+00,-0.750081104135
1426,16582,6072509765.625000,-2.240570308183e+02,4.481140616365e+01,-2.277236902241e+02,5.717634142027e+01,-2.109858399848e+02,6.157324092325e+01,1.000000000000e+00,-0.773287214877
1427,16583,6072875976.562500,2.240570308183e+02,1.344342184910e+02,2.366635980672e+02,1.269579102239e+02,2.470842894426e+02,1.198851330607e+02,1.000000000000e+00,-0.796511702333
1428,16584,6073242187.500000,-4.481140616365e+01,-1.344342184910e+02,-5.288092264994e+01,-1.357195989237e+02,-4.344911695854e+01,-1.316794794116e+02,1.000000000000e+00,-0.819754710609
1429,16585,6073608398.437500,3.136798431456e+02,1.344342184910e+02,3.292399761613e+02,1.209945408452e+02,3.378507720044e+02,1.125129839563e+02,1.000000000000e+00,-0.843016382415
1430,16586,6073974609.375000,4.481140616365e+01,2.240570308183e+02,5.879089578670e+01,2.273587477589e+02,7.421023704605e+01,2.232128335643e+02,1.000000000000e+00,-0.866296859031
1431,16587,6074340820.312500,-1.344342184910e+02,-1.344342184910e+02,-1.454581016837e+02,-1.303198975603e+02,-1.343451248001e+02,-1.238474946062e+02,1.000000000000e+00,-0.889596280275
1432,16588,6074707031.250000,-3.136798431456e+02,3.136798431456e+02,-3.042848026014e+02,3.388909354315e+02,-2.805445040447e+02,3.409828429161e+02,1.000000000000e+00,-0.912914784468
1433,16589,6075073242.187500,-1.344342184910e+02,3.136798431456e+02,-1.207579553641e+02,3.287826516504e+02,-1.004312969362e+02,3.273177283630e+02,1.000000000000e+00,-0.936252508402
1434,16590,6075439453.125000,4.481140616365e+01,-1.344342184910e+02,3.863548413425e+01,-1.402638138103e+02,4.638075199392e+01,-1.369796967339e+02,1.000000000000e+00,-0.959609587303
1435,16591,6075805664.062500,1.344342184910e+02,4.481140616365e+01,1.403155482391e+02,3.863947978370e+01,1.500270157141e+02,3.699300070317e+01,1.000000000000e+00,-0.982986154794
1436,16592,6076171875.000000,-2.240570308183e+02,-2.240570308183e+02,-2.422807377624e+02,-2.173268599663e+02,-2.314537300100e+02,-2.065725142303e+02,1.000000000000e+00,-1.006382342864
1437,16593,6076538085.937500,2.240570308183e+02,-1.344342184910e+02,2.219071934492e+02,-1.508888036672e+02,2.262405119531e+02,-1.506099700283e+02,1.000000000000e+00,-1.029798281830
1438,16594,6076904296.875000,-2.240570308183e+02,-1.344342184910e+02,-2.378366282202e+02,-1.241819971134e+02,-2.252593203867e+02,-1.147684563103e+02,1.000000000000e+00,-1.053234100298
1439,16595,6077270507.812500,1.344342184910e+02,-2.240570308183e+02,1.239724244069e+02,-2.379132884024e+02,1.280856798929e+02,-2.337774626804e+02,1.000000000000e+00,-1.076689925128
1440,16596,6077636718.750000,1.344342184910e+02,-3.136798431456e+02,1.183620351969e+02,-3.297633725781e+02,1.206506302756e+02,-3.237808389160e+02,1.000000000000e+00,-1.100165881396
1441,16597,6078002929.687500,-1.344342184910e+02,4.481140616365e+01,-1.349679697476e+02,5.426127095412e+01,-1.206930283302e+02,5.908860377003e+01,1.000000000000e+00,-1.123662092357
1442,16598,6078369140.625000,-3.136798431456e+02,1.344342184910e+02,-3.133327192646e+02,1.567892420466e+02,-2.940518639057e+02,1.636763139850e+02,1.000000000000e+00,-1.147178679404
1443,16599,6078735351.562500,-3.136798431456e+02,3.136798431456e+02,-3.029925579666e+02,3.400973734842e+02,-2.802476608006e+02,3.438646405762e+02,1.000000000000e+00,-1.170715762032
1444,16600,6079101562.500000,1.344342184910e+02,-2.240570308183e+02,1.248259356276e+02,-2.375166038682e+02,1.285728714101e+02,-2.325192616057e+02,1.000000000000e+00,-1.194273457795
1445,16601,6079467773.437500,2.240570308183e+02,3.136798431456e+02,2.478857400235e+02,3.086745375328e+02,2.605746745834e+02,3.021307832826e+02,1.000000000000e+00,-1.217851882270
1446,16602,6079833984.375000,-1.344342184910e+02,-2.240570308183e+02,-1.507786208269e+02,-2.220131322229e+02,-1.422727334190e+02,-2.113273402665e+02,1.000000000000e+00,-1.241451149015
1447,16603,6080200195.312500,-4.481140616365e+01,-2.240570308183e+02,-5.880799097025e+01,-2.271942508972e+02,-5.206866684203e+01,-2.181273766639e+02,1.000000000000e+00,-1.265071369526
1448,16604,6080566406.250000,-4.481140616365e+01,-4.481140616365e+01,-4.850322764954e+01,-4.339478227270e+01,-3.826632905879e+01,-3.746742556127e+01,1.000000000000e+00,-1.288712653201
1449,16605,6080932617.187500,-3.136798431456e+02,3.136798431456e+02,-3.038524395692e+02,3.393768757940e+02,-2.814690003303e+02,3.443199599429e+02,1.000000000000e+00,-1.312375107293
1450,16606,6081298828.125000,-3.136798431456e+02,-2.240570308183e+02,-3.343397742035e+02,-2.121366498965e+02,-3.230205801059e+02,-1.970540605833e+02,1.000000000000e+00,-1.336058836874
1451,16607,6081665039.062500,4.481140616365e+01,-2.240570308183e+02,3.342869712930e+01,-2.324102618738e+02,3.798074746375e+01,-2.245253376862e+02,1.000000000000e+00,-1.359763944786
1452,16608,6082031250.000000,4.481140616365e+01,-3.136798431456e+02,2.851348489915e+01,-3.244775022159e+02,3.103795594974e+01,-3.147874780161e+02,1.000000000000e+00,-1.383490531604
1453,16609,6082397460.937500,4.481140616365e+01,1.344342184910e+02,5.346423322257e+01,1.354672731810e+02,6.527886417904e+01,1.370068970145e+02,1.000000000000e+00,-1.407238695590
1454,16610,6082763671.875000,-4.481140616365e+01,-2.240570308183e+02,-5.841321065012e+01,-2.273930031945e+02,-5.267791915970e+01,-2.171628300779e+02,1.000000000000e+00,-1.431008532651
1455,16611,6083129882.812500,4.481140616365e+01,4.481140616365e+01,4.845434661685e+01,4.348490900930e+01,5.817357804539e+01,4.695231793989e+01,1.000000000000e+00,-1.454800136293
1456,16612,6083496093.750000,2.240570308183e+02,-1.344342184910e+02,2.223936300513e+02,-1.503436804911e+02,2.247522094584e+02,-1.473508007704e+02,1.000000000000e+00,-1.478613597580
1457,16613,6083862304.687500,-1.344342184910e+02,-3.136798431456e+02,-1.553310186496e+02,-3.143362441275e+02,-1.504602839793e+02,-2.999672223510e+02,1.000000000000e+00,-1.502449005089
1458,16614,6084228515.625000,-4.481140616365e+01,-4.481140616365e+01,-4.845143156992e+01,-4.348492642333e+01,-3.940218017187e+01,-3.595392138332e+01,1.000000000000e+00,-1.526306444864
1459,16615,6084594726.562500,4.481140616365e+01,3.136798431456e+02,6.328389257166e+01,3.192615809098e+02,7.874476226515e+01,3.182094174534e+02,1.000000000000e+00,-1.550186000370
1460,16616,6084960937.500000,-4.481140616365e+01,4.481140616365e+01,-4.349063705500e+01,4.842218925023e+01,-3.263110673304e+01,5.458014601762e+01,1.000000000000e+00,-1.574087752452
1461,16617,6085327148.437500,1.344342184910e+02,4.481140616365e+01,1.402278057729e+02,3.873511089581e+01,1.476367646935e+02,4.078735850010e+01,1.000000000000e+00,-1.598011779285
1462,16618,6085693359.375000,-3.136798431456e+02,-1.344342184910e+02,-3.284797454208e+02,-1.214528788494e+02,-3.171598722225e+02,-1.051676730997e+02,1.000000000000e+00,-1.621958156332
1463,16619,6086059570.312500,4.481140616365e+01,2.240570308183e+02,5.733909088301e+01,2.273026477587e+02,7.061302900831e+01,2.283454512187e+02,1.000000000000e+00,-1.645926956297
1464,16620,6086425781.250000,-1.344342184910e+02,-4.481140616365e+01,-1.401847498957e+02,-3.889427973872e+01,-1.303324638470e+02,-2.824418852853e+01,1.000000000000e+00,-1.669918249075
1465,16621,6086791992.187500,2.240570308183e+02,-3.136798431456e+02,2.129481645173e+02,-3.338860713852e+02,2.090411824030e+02,-3.271602704927e+02,1.000000000000e+00,-1.693932101711
1466,16622,6087158203.125000,-4.481140616365e+01,-3.136798431456e+02,-6.290031601815e+01,-3.194464323556e+02,-6.204798022917e+01,-3.056994753997e+02,1.000000000000e+00,-1.717968578354
1467,16623,6087524414.062500,1.344342184910e+02,-4.481140616365e+01,1.355585497148e+02,-5.296180158687e+01,1.398830850998e+02,-4.892589457473e+01,1.000000000000e+00,-1.742027740203
1468,16624,6087890625.000000,2.240570308183e+02,2.240570308183e+02,2.409757448132e+02,2.184925051090e+02,2.507684740098e+02,2.150537801248e+02,1.000000000000e+00,-1.766109645470
1469,16625,6088256835.937500,-3.136798431456e+02,-3.136798431456e+02,-3.373161332667e+02,-3.059761140061e+02,-3.323524617076e+02,-2.843578177978e+02,1.000000000000e+00,-1.790214349324
1470,16626,6088623046.875000,1.344342184910e+02,1.344342184910e+02,1.446630117502e+02,1.310995033153e+02,1.535657460673e+02,1.318117078027e+02,1.000000000000e+00,-1.814341903853
1471,16627,6088989257.812500,-4.481140616365e+01,3.136798431456e+02,-2.999312613420e+01,3.240822383830e+02,-1.254876740706e+01,3.265956535985e+02,1.000000000000e+00,-1.838492358009
1472,16628,6089355468.750000,-4.481140616365e+01,-2.240570308183e+02,-5.737023830128e+01,-2.275790069635e+02,-5.583062421675e+01,-2.147198803256e+02,1.000000000000e+00,-1.862665757566
1473,16629,6089721679.687500,1.344342184910e+02,2.240570308183e+02,1.492955351814e+02,2.230307953998e+02,1.607258218199e+02,2.220178053131e+02,1.000000000000e+00,-1.886862145072
1474,16630,6090087890.625000,2.240570308183e+02,4.481140616365e+01,2.320995560716e+02,3.472134076351e+01,2.362510434891e+02,3.433336663270e+01,1.000000000000e+00,-1.911081559800
1475,16631,6090454101.562500,1.344342184910e+02,3.136798431456e+02,1.529484339931e+02,3.152799526801e+02,1.672605203161e+02,3.125158162130e+02,1.000000000000e+00,-1.935324037704
1476,16632,6090820312.500000,-1.344342184910e+02,-4.481140616365e+01,-1.399161291331e+02,-3.979291652017e+01,-1.320591272437e+02,-2.696420081136e+01,1.000000000000e+00,-1.959589611371
1477,16633,6091186523.437500,-2.240570308183e+02,4.481140616365e+01,-2.277515531750e+02,5.584971963436e+01,-2.153734507747e+02,7.013834172303e+01,1.000000000000e+00,-1.983878309972
1478,16634,6091552734.375000,3.136798431456e+02,2.240570308183e+02,3.312319680353e+02,2.161752038666e+02,3.393441407151e+02,2.088935716542e+02,1.000000000000e+00,-2.008190159219
1479,16635,6091918945.312500,4.481140616365e+01,2.240570308183e+02,5.534401008330e+01,2.277769459075e+02,6.863325890514e+01,2.297145466959e+02,1.000000000000e+00,-2.032525181317
1480,16636,6092285156.250000,-1.344342184910e+02,-4.481140616365e+01,-1.396687941944e+02,-4.054710182316e+01,-1.325536156501e+02,-2.699982172994e+01,1.000000000000e+00,-2.056883394916
1481,16637,6092651367.187500,4.481140616365e+01,-2.240570308183e+02,3.741606638599e+01,-2.316513992953e+02,3.430138791272e+01,-2.210877001445e+02,1.000000000000e+00,-2.081264815068
1482,16638,6093017578.125000,2.240570308183e+02,2.240570308183e+02,2.382280946331e+02,2.219519681327e+02,2.482420008689e+02,2.171669158081e+02,1.000000000000e+00,-2.105669453179
1483,16639,6093383789.062500,-3.136798431456e+02,3.136798431456e+02,-3.111011085206e+02,3.332112551593e+02,-2.872424750918e+02,3.473576193104e+02,1.000000000000e+00,-2.130097316964
1484,16640,6093750000.000000,-2.240570308183e+02,-1.344342184910e+02,-2.347257248094e+02,-1.304248231740e+02,-2.302078447199e+02,-1.108774584618e+02,1.000000000000e+00,-2.154548410400
1485,16641,6094116210.937500,-4.481140616365e+01,3.136798431456e+02,-3.576539512683e+01,3.236623209359e+02,-1.676364104957e+01,3.275682160670e+02,1.000000000000e+00,-2.179022733685
1486,16642,6094482421.875000,-3.136798431456e+02,-2.240570308183e+02,-3.289924664840e+02,-2.205580500155e+02,-3.270599582729e+02,-1.950221843860e+02,1.000000000000e+00,-2.203520283191
1487,16643,6094848632.812500,-1.344342184910e+02,-4.481140616365e+01,-1.393212897491e+02,-4.222316878317e+01,-1.335677842188e+02,-2.742350803932e+01,1.000000000000e+00,-2.228041051418
1488,16644,6095214843.750000,-4.481140616365e+01,4.481140616365e+01,-4.475740255139e+01,4.727015812493e+01,-3.700027923967e+01,5.660027754327e+01,1.000000000000e+00,-2.252585026954
1489,16645,6095581054.687500,-4.481140616365e+01,-4.481140616365e+01,-4.732092912778e+01,-4.469668531236e+01,-4.367331726621e+01,-3.355811398311e+01,1.000000000000e+00,-2.277152194429
1490,16646,6095947265.625000,-2.240570308183e+02,4.481140616365e+01,-2.286509560399e+02,5.284304075785e+01,-2.175921353880e+02,7.051997101743e+01,1.000000000000e+00,-2.301742534475
1491,16647,6096313476.562500,4.481140616365e+01,2.240570308183e+02,5.210725936632e+01,2.287142422480e+02,6.623289168490e+01,2.305703160992e+02,1.000000000000e+00,-2.326356023679
1492,16648,6096679687.500000,3.136798431456e+02,-1.344342184910e+02,3.186433996016e+02,-1.452329094160e+02,3.104464783475e+02,-1.493819935307e+02,1.000000000000e+00,-2.350992634546
1493,16649,6097045898.437500,-4.481140616365e+01,-1.344342184910e+02,-4.865490666253e+01,-1.369585962991e+02,-5.023080114148e+01,-1.238074544222e+02,1.000000000000e+00,-2.375652335457
1494,16650,6097412109.375000,3.136798431456e+02,1.344342184910e+02,3.246409148654e+02,1.310701563523e+02,3.293652677413e+02,1.210132413141e+02,1.000000000000e+00,-2.400335090628
1495,16651,6097778320.312500,-3.136798431456e+02,-2.240570308183e+02,-3.269984100375e+02,-2.225196467875e+02,-3.285206341552e+02,-1.935702778495e+02,1.000000000000e+00,-2.425040860070
1496,16652,6098144531.250000,1.344342184910e+02,-4.481140616365e+01,1.368903417284e+02,-4.910540166418e+01,1.356230738388e+02,-4.693545271940e+01,1.000000000000e+00,-2.449769599549
1497,16653,6098510742.187500,4.481140616365e+01,3.136798431456e+02,5.246448807655e+01,3.210240051121e+02,7.215617382297e+01,3.208299254915e+02,1.000000000000e+00,-2.474521260552
1498,16654,6098876953.125000,1.344342184910e+02,3.136798431456e+02,1.436671275820e+02,3.196321298432e+02,1.618754036891e+02,3.144259539784e+02,1.000000000000e+00,-2.499295790246
1499,16655,6099243164.062500,-4.481140616365e+01,2.240570308183e+02,-4.247103272981e+01,2.307298434895e+02,-2.556622459582e+01,2.372793657614e+02,1.000000000000e+00,-2.524093131442
1500,16656,6099609375.000000,-4.481140616365e+01,3.136798431456e+02,-4.167848245908e+01,3.225676235944e+02,-1.941459656186e+01,3.274256744230e+02,1.000000000000e+00,-2.548913222560
1501,16657,6099975585.937500,-1.344342184910e+02,4.481140616365e+01,-1.374177451728e+02,4.755944675465e+01,-1.290987554412e+02,6.305081721365e+01,1.000000000000e+00,-2.573755997596
1502,16658,6100341796.875000,2.240570308183e+02,-3.136798431456e+02,2.262820752741e+02,-3.243855486926e+02,2.057266817194e+02,-3.234868518079e+02,1.000000000000e+00,-2.598621386084
1503,16659,6100708007.812500,-1.344342184910e+02,-3.136798431456e+02,-1.414404420207e+02,-3.202602586585e+02,-1.555255891616e+02,-2.973819707460e+02,1.000000000000e+00,-2.623509313069
1504,16660,6101074218.750000,-4.481140616365e+01,-3.136798431456e+02,-4.922612295905e+01,-3.213358044304e+02,-6.565166783181e+01,-3.039636210677e+02,1.000000000000e+00,-2.648419699071
1505,16661,6101440429.687500,-1.344342184910e+02,4.481140616365e+01,-1.377461544921e+02,4.690275952797e+01,-1.297045572156e+02,6.309158400492e+01,1.000000000000e+00,-2.673352460055
1506,16662,6101806640.625000,4.481140616365e+01,1.344342184910e+02,4.643761283298e+01,1.380410699857e+02,5.688236672365e+01,1.407298384912e+02,1.000000000000e+00,-2.698307507405
1507,16663,6102172851.562500,-2.240570308183e+02,-1.344342184910e+02,-2.302973140583e+02,-1.382416398320e+02,-2.328934947094e+02,-1.120852003491e+02,1.000000000000e+00,-2.723284747891
1508,16664,6102539062.500000,4.481140616365e+01,-1.344342184910e+02,4.636450568910e+01,-1.380033937435e+02,3.822966279647e+01,-1.302839366015e+02,1.000000000000e+00,-2.748284083647
1509,16665,6102905273.437500,-1.344342184910e+02,4.481140616365e+01,-1.382376313894e+02,4.538386522994e+01,-1.304855798782e+02,6.230386806499e+01,1.000000000000e+00,-2.773305412140
1510,16666,6103271484.375000,4.481140616365e+01,-1.344342184910e+02,4.678369353222e+01,-1.377625087583e+02,3.798985494397e+01,-1.302477401668e+02,1.000000000000e+00,-2.798348626151
1511,16667,6103637695.312500,1.344342184910e+02,2.240570308183e+02,1.365805415867e+02,2.309427774371e+02,1.523551190654e+02,2.247666818499e+02,1.000000000000e+00,-2.823413613748
1512,16668,6104003906.250000,3.136798431456e+02,1.344342184910e+02,3.211594789403e+02,1.403370972815e+02,3.268854081021e+02,1.220301093960e+02,1.000000000000e+00,-2.848500258265
1513,16669,6104370117.187500,-1.344342184910e+02,1.344342184910e+02,-1.392437690736e+02,1.367959936382e+02,-1.247332459617e+02,1.526835790718e+02,1.000000000000e+00,-2.873608438285
1514,16670,6104736328.125000,-2.240570308183e+02,-3.136798431456e+02,-2.265359169439e+02,-3.244073379618e+02,-2.456588656654e+02,-2.925852073437e+02,1.000000000000e+00,-2.898738027616
1515,16671,6105102539.062500,3.136798431456e+02,-2.240570308183e+02,3.247772135701e+02,-2.258809371839e+02,3.018845627723e+02,-2.389208704632e+02,1.000000000000e+00,-2.923888895279
1516,16672,6105468750.000000,3.136798431456e+02,1.344342184910e+02,3.198655381874e+02,1.426871591195e+02,3.260758622067e+02,1.221646281478e+02,1.000000000000e+00,-2.949060905487
1517,16673,6105834960.937500,1.344342184910e+02,-4.481140616365e+01,1.387300621944e+02,-4.366034252430e+01,1.334199714419e+02,-4.623271938700e+01,1.000000000000e+00,-2.974253917637
1518,16674,6106201171.875000,3.136798431456e+02,-4.481140616365e+01,3.226145757603e+02,-3.998894056240e+01,3.137022318105e+02,-5.824226552349e+01,1.000000000000e+00,-2.999467786292
1519,16675,6106567382.812500,4.481140616365e+01,4.481140616365e+01,4.501429021871e+01,4.684708468757e+01,4.891263508640e+01,4.985735342070e+01,1.000000000000e+00,-3.024702361172
1520,16676,6106933593.750000,1.344342184910e+02,3.136798431456e+02,1.308343910534e+02,3.242048640434e+02,1.570100086996e+02,3.139558066389e+02,1.000000000000e+00,-3.049957487148
1521,16677,6107299804.687500,-3.136798431456e+02,-3.136798431456e+02,-3.139006822346e+02,-3.289154579102e+02,-3.358986769885e+02,-2.866767813659e+02,1.000000000000e+00,-3.075233004229
1522,16678,6107666015.625000,4.481140616365e+01,4.481140616365e+01,4.477428200099e+01,4.712059111077e+01,4.862547880704e+01,4.973047266519e+01,1.000000000000e+00,-3.100528747561
1523,16679,6108032226.562500,-4.481140616365e+01,-1.344342184910e+02,-4.214769622708e+01,-1.391986963685e+02,-5.362778068158e+01,-1.248369337490e+02,1.000000000000e+00,-3.125844547421
1524,16680,6108398437.500000,-3.136798431456e+02,4.481140616365e+01,-3.230515143883e+02,3.618973933767e+01,-3.124928097035e+02,7.321631053174e+01,1.000000000000e+00,3.132005077963
1525,16681,6108764648.437500,4.481140616365e+01,3.136798431456e+02,3.533450675034e+01,3.230045389495e+02,6.569281533582e+01,3.202054224536e+02,1.000000000000e+00,3.106649693697
1526,16682,6109130859.375000,4.481140616365e+01,2.240570308183e+02,3.778380075980e+01,2.312186682456e+02,5.964834910376e+01,2.299684644611e+02,1.000000000000e+00,3.081274791292
1527,16683,6109497070.312500,-3.136798431456e+02,2.240570308183e+02,-3.302105369521e+02,2.175598226896e+02,-3.014016148037e+02,2.529201844650e+02,1.000000000000e+00,3.055880559945
1528,16684,6109863281.250000,3.136798431456e+02,1.344342184910e+02,3.161667376663e+02,1.507147342013e+02,3.244927693229e+02,1.227544150184e+02,1.000000000000e+00,3.030467193711
1529,16685,6110229492.187500,4.481140616365e+01,2.240570308183e+02,3.654356786644e+01,2.316210209659e+02,5.949422221059e+01,2.299590035291e+02,1.000000000000e+00,3.005034891499
1530,16686,6110595703.125000,-1.344342184910e+02,-3.136798431456e+02,-1.245583296936e+02,-3.271700870273e+02,-1.562055019795e+02,-2.997146617639e+02,1.000000000000e+00,2.979583857055
1531,16687,6110961914.062500,-3.136798431456e+02,3.136798431456e+02,-3.346551804700e+02,3.080764878089e+02,-2.945086354274e+02,3.439238334341e+02,1.000000000000e+00,2.954114298958
1532,16688,6111328125.000000,3.136798431456e+02,1.344342184910e+02,3.153278879800e+02,1.516883928794e+02,3.243670961680e+02,1.210211559939e+02,1.000000000000e+00,2.928626430601
1533,16689,6111694335.937500,4.481140616365e+01,-3.136798431456e+02,6.064114064188e+01,-3.191751800573e+02,2.363059544380e+01,-3.116433518961e+02,1.000000000000e+00,2.903120470176
1534,16690,6112060546.875000,-2.240570308183e+02,-4.481140616365e+01,-2.272534282347e+02,-5.694785294860e+01,-2.288297531217e+02,-2.321032273973e+01,1.000000000000e+00,2.877596640657
1535,16691,6112426757.812500,-3.136798431456e+02,3.136798431456e+02,-3.373170457143e+02,3.052040398292e+02,-2.950107103006e+02,3.434837970433e+02,1.000000000000e+00,2.852055169779
1536,16692,6112792968.750000,-2.240570308183e+02,2.240570308183e+02,-2.413613983062e+02,2.175954900932e+02,-2.108868823630e+02,2.472982079110e+02,1.000000000000e+00,2.826496290013
1537,16693,6113159179.687500,-1.344342184910e+02,-2.240570308183e+02,-1.254091013016e+02,-2.368510000994e+02,-1.510660613883e+02,-2.097041644880e+02,1.000000000000e+00,2.800920238545
1538,16694,6113525390.625000,-1.344342184910e+02,2.240570308183e+02,-1.503471271074e+02,2.218901924670e+02,-1.206604682424e+02,2.412558648481e+02,1.000000000000e+00,2.775327257247
1539,16695,6113891601.562500,2.240570308183e+02,-3.136798431456e+02,2.477308946299e+02,-3.082462380599e+02,2.032662683097e+02,-3.245706594657e+02,1.000000000000e+00,2.749717592648
1540,16696,6114257812.500000,2.240570308183e+02,-4.481140616365e+01,2.322301982328e+02,-3.207296701161e+01,2.217881881159e+02,-5.374380499997e+01,1.000000000000e+00,2.724091495903
1541,16697,6114624023.437500,1.344342184910e+02,-3.136798431456e+02,1.583544025140e+02,-3.123416071053e+02,1.140982866839e+02,-3.182460601250e+02,1.000000000000e+00,2.698449222758
1542,16698,6114990234.375000,1.344342184910e+02,-3.136798431456e+02,1.596783070575e+02,-3.117171210545e+02,1.147342274563e+02,-3.181200947239e+02,1.000000000000e+00,2.672791033516
1543,16699,6115356445.312500,3.136798431456e+02,2.240570308183e+02,3.050656126065e+02,2.515340255769e+02,3.293384801516e+02,2.115192773345e+02,1.000000000000e+00,2.647117192997
1544,16700,6115722656.250000,-1.344342184910e+02,-2.240570308183e+02,-1.214270414968e+02,-2.387563823104e+02,-1.509445099248e+02,-2.103161331496e+02,1.000000000000e+00,2.621427970496
1545,16701,6116088867.187500,-3.136798431456e+02,-2.240570308183e+02,-3.043970898304e+02,-2.517723608483e+02,-3.314306678919e+02,-1.980379087651e+02,1.000000000000e+00,2.595723639747
1546,16702,6116455078.125000,2.240570308183e+02,-1.344342184910e+02,2.390249844242e+02,-1.208325101580e+02,2.152050611233e+02,-1.443843085717e+02,1.000000000000e+00,2.570004478868
1547,16703,6116821289.062500,3.136798431456e+02,-4.481140616365e+01,3.241243724932e+02,-2.206776624622e+01,3.114368231920e+02,-6.063517541951e+01,1.000000000000e+00,2.544270770323
1548,16704,6117187500.000000,-3.136798431456e+02,-2.240570308183e+02,-3.031603782299e+02,-2.536626136058e+02,-3.319288849344e+02,-1.980567931251e+02,1.000000000000e+00,2.518522800864
1549,16705,6117553710.937500,4.481140616365e+01,-1.344342184910e+02,5.682721399359e+01,-1.337451263606e+02,3.501496515815e+01,-1.324158342384e+02,1.000000000000e+00,2.492760861485
1550,16706,6117919921.875000,4.481140616365e+01,1.344342184910e+02,3.428733066395e+01,1.412216938120e+02,5.284757945583e+01,1.381303767316e+02,1.000000000000e+00,2.466985247366
1551,16707,6118286132.812500,3.136798431456e+02,2.240570308183e+02,3.006982004939e+02,2.566163592441e+02,3.291988074143e+02,2.107029590590e+02,1.000000000000e+00,2.441196257814
1552,16708,6118652343.750000,-4.481140616365e+01,-4.481140616365e+01,-4.170449907618e+01,-4.983773522303e+01,-4.913816940014e+01,-3.650235891928e+01,1.000000000000e+00,2.415394196210
1553,16709,6119018554.687500,3.136798431456e+02,3.136798431456e+02,2.911055315169e+02,3.495219897437e+02,3.349391727615e+02,3.007892638903e+02,1.000000000000e+00,2.389579369940
1554,16710,6119384765.625000,-2.240570308183e+02,3.136798431456e+02,-2.582704105490e+02,2.992321716358e+02,-2.056869150309e+02,3.360833581942e+02,1.000000000000e+00,2.363752090339
1555,16711,6119750976.562500,-4.481140616365e+01,4.481140616365e+01,-5.000633587010e+01,4.150116844937e+01,-4.319648358199e+01,5.362390430208e+01,1.000000000000e+00,2.337912672622
1556,16712,6120117187.500000,-4.481140616365e+01,-2.240570308183e+02,-2.412866643991e+01,-2.330767066716e+02,-6.168408413902e+01,-2.169036466347e+02,1.000000000000e+00,2.312061435814
1557,16713,6120483398.437500,2.240570308183e+02,2.240570308183e+02,2.064101464858e+02,2.510471224138e+02,2.395683105994e+02,2.155793618486e+02,1.000000000000e+00,2.286198702688
1558,16714,6120849609.375000,-2.240570308183e+02,4.481140616365e+01,-2.333058280602e+02,2.272533062875e+01,-2.236885311361e+02,6.555297464221e+01,1.000000000000e+00,2.260324799682
1559,16715,6121215820.312500,3.136798431456e+02,-4.481140616365e+01,3.248334472870e+02,-1.255110428044e+01,3.115733570207e+02,-6.081261713421e+01,1.000000000000e+00,2.234440056837
1560,16716,6121582031.250000,-1.344342184910e+02,-2.240570308183e+02,-1.127585805716e+02,-2.431687342452e+02,-1.513597988416e+02,-2.113984700107e+02,1.000000000000e+00,2.208544807709
1561,16717,6121948242.187500,1.344342184910e+02,-2.240570308183e+02,1.621133596692e+02,-2.134286551815e+02,1.193996197492e+02,-2.291785546082e+02,1.000000000000e+00,2.182639389300
1562,16718,6122314453.125000,1.344342184910e+02,-1.344342184910e+02,1.521939672228e+02,-1.217735167455e+02,1.250864936051e+02,-1.390719816557e+02,1.000000000000e+00,2.156724141972
1563,16719,6122680664.062500,3.136798431456e+02,-1.344342184910e+02,3.347698911128e+02,-1.010507908134e+02,3.050401573933e+02,-1.513603020553e+02,1.000000000000e+00,2.130799409368
1564,16720,6123046875.000000,-1.344342184910e+02,-2.240570308183e+02,-1.109314746980e+02,-2.435496403169e+02,-1.517168482682e+02,-2.108289669101e+02,1.000000000000e+00,2.104865538324
1565,16721,6123413085.937500,-1.344342184910e+02,-1.344342184910e+02,-1.210140001779e+02,-1.526776679333e+02,-1.456317730433e+02,-1.208403603367e+02,1.000000000000e+00,2.078922878788
1566,16722,6123779296.875000,-1.344342184910e+02,-2.240570308183e+02,-1.099863712723e+02,-2.442658799216e+02,-1.519629550647e+02,-2.110437046240e+02,1.000000000000e+00,2.052971783727
1567,16723,6124145507.812500,-3.136798431456e+02,-2.240570308183e+02,-2.917846031304e+02,-2.666726575430e+02,-3.322107997937e+02,-1.987987950493e+02,1.000000000000e+00,2.027012609040
1568,16724,6124511718.750000,-3.136798431456e+02,-3.136798431456e+02,-2.792786904702e+02,-3.589354182334e+02,-3.378709276548e+02,-2.894373090675e+02,1.000000000000e+00,2.001045713465
1569,16725,6124877929.687500,4.481140616365e+01,4.481140616365e+01,3.968432835592e+01,5.142181205708e+01,4.689471826637e+01,4.695440850090e+01,1.000000000000e+00,1.975071458486
1570,16726,6125244140.625000,4.481140616365e+01,-1.344342184910e+02,6.346174469632e+01,-1.306557891715e+02,3.504421680131e+01,-1.333673172297e+02,1.000000000000e+00,1.949090208237
1571,16727,6125610351.562500,2.240570308183e+02,-2.240570308183e+02,2.579224130215e+02,-1.975240749347e+02,2.092074139510e+02,-2.356835944986e+02,1.000000000000e+00,1.923102329408
1572,16728,6125976562.500000,4.481140616365e+01,-2.240570308183e+02,7.607998506813e+01,-2.216246842349e+02,2.868046787931e+01,-2.237324767544e+02,1.000000000000e+00,1.897108191143
1573,16729,6126342773.437500,3.136798431456e+02,1.344342184910e+02,3.000483163777e+02,1.799381345238e+02,3.236603399963e+02,1.183694696387e+02,1.000000000000e+00,1.871108164943
1574,16730,6126708984.375000,1.344342184910e+02,-2.240570308183e+02,1.679172261340e+02,-2.085909578154e+02,1.186015211228e+02,-2.298575039464e+02,1.000000000000e+00,1.845102624560
1575,16731,6127075195.312500,3.136798431456e+02,-2.240570308183e+02,3.502473282609e+02,-1.825101174016e+02,2.987572890192e+02,-2.422043299189e+02,1.000000000000e+00,1.819091945903
1576,16732,6127441406.250000,3.136798431456e+02,-2.240570308183e+02,3.510233968903e+02,-1.810334105272e+02,2.992097352978e+02,-2.417084845811e+02,1.000000000000e+00,1.793076506924
1577,16733,6127807617.187500,4.481140616365e+01,4.481140616365e+01,3.862469159744e+01,5.219475497634e+01,4.698787249719e+01,4.676493954901e+01,1.000000000000e+00,1.767056687519
1578,16734,6128173828.125000,-3.136798431456e+02,-1.344342184910e+02,-2.970390467770e+02,-1.844672217766e+02,-3.251802980215e+02,-1.099332830886e+02,1.000000000000e+00,1.741032869419
1579,16735,6128540039.062500,-1.344342184910e+02,-1.344342184910e+02,-1.153645784022e+02,-1.569283076402e+02,-1.451727877621e+02,-1.214269932799e+02,1.000000000000e+00,1.715005436081
1580,16736,6128906250.000000,4.481140616365e+01,-2.240570308183e+02,8.015018312038e+01,-2.199112694878e+02,2.853750851843e+01,-2.236537542978e+02,1.000000000000e+00,1.688974772583
1581,16737,6129272460.937500,-1.344342184910e+02,-2.240570308183e+02,-1.006436095079e+02,-2.481170980440e+02,-1.515271720637e+02,-2.113690151353e+02,1.000000000000e+00,1.662941265511
1582,16738,6129638671.875000,3.136798431456e+02,4.481140616365e+01,3.102787181549e+02,9.622839576345e+01,3.176497032051e+02,2.844090338958e+01,1.000000000000e+00,1.636905302848
1583,16739,6130004882.812500,-3.136798431456e+02,-1.344342184910e+02,-2.951900362068e+02,-1.881472894979e+02,-3.255447999839e+02,-1.098329377137e+02,1.000000000000e+00,1.610867273863
1584,16740,6130371093.750000,-1.344342184910e+02,2.240570308183e+02,-1.734215268501e+02,2.042239344310e+02,-1.208857961345e+02,2.391481854280e+02,1.000000000000e+00,1.584827568998
1585,16741,6130737304.687500,-4.481140616365e+01,-2.240570308183e+02,-7.672518810299e+00,-2.340851817355e+02,-6.147882269224e+01,-2.175879673601e+02,1.000000000000e+00,1.558786579757
1586,16742,6131103515.625000,1.344342184910e+02,1.344342184910e+02,1.130813798382e+02,1.586605277205e+02,1.437724459794e+02,1.302907023415e+02,1.000000000000e+00,1.532744698589
1587,16743,6131469726.562500,-4.481140616365e+01,-4.481140616365e+01,-3.754745918429e+01,-5.300169153239e+01,-4.901623163171e+01,-3.729955852747e+01,1.000000000000e+00,1.506702318773
1588,16744,6131835937.500000,-4.481140616365e+01,-1.344342184910e+02,-2.168541568641e+01,-1.436330408087e+02,-5.524047855812e+01,-1.274389576943e+02,1.000000000000e+00,1.480659834306
1589,16745,6132202148.437500,-1.344342184910e+02,1.344342184910e+02,-1.597451358349e+02,1.116382663561e+02,-1.267494730115e+02,1.490726301742e+02,1.000000000000e+00,1.454617639786
1590,16746,6132568359.375000,-2.240570308183e+02,-1.344342184910e+02,-2.013583843602e+02,-1.765874406662e+02,-2.351258438494e+02,-1.155116249126e+02,1.000000000000e+00,1.428576130294
1591,16747,6132934570.312500,4.481140616365e+01,-1.344342184910e+02,7.031121639361e+01,-1.270770174102e+02,3.550315423503e+01,-1.334697239082e+02,1.000000000000e+00,1.402535701282
1592,16748,6133300781.250000,-1.344342184910e+02,-1.344342184910e+02,-1.101467887999e+02,-1.607462999646e+02,-1.449459211478e+02,-1.215036372046e+02,1.000000000000e+00,1.376496748453
1593,16749,6133666992.187500,-3.136798431456e+02,-3.136798431456e+02,-2.568968156056e+02,-3.752139888763e+02,-3.378723657480e+02,-2.890490253683e+02,1.000000000000e+00,1.350459667646
1594,16750,6134033203.125000,1.344342184910e+02,-3.136798431456e+02,1.947813614156e+02,-2.906299993260e+02,1.121477328362e+02,-3.202783580261e+02,1.000000000000e+00,1.324424854718
1595,16751,6134399414.062500,-4.481140616365e+01,4.481140616365e+01,-5.369641966342e+01,3.657039372043e+01,-4.254811103830e+01,5.302678604096e+01,1.000000000000e+00,1.298392705431
1596,16752,6134765625.000000,-1.344342184910e+02,-4.481140616365e+01,-1.266966493619e+02,-7.106715105842e+01,-1.391038462478e+02,-3.055828617423e+01,1.000000000000e+00,1.272363615331
1597,16753,6135131835.937500,4.481140616365e+01,-1.344342184910e+02,7.142274196150e+01,-1.264926681541e+02,3.469686969096e+01,-1.335884299569e+02,1.000000000000e+00,1.246337979635
1598,16754,6135498046.875000,-1.344342184910e+02,3.136798431456e+02,-1.979747943589e+02,2.884249769517e+02,-1.138820391854e+02,3.296916978868e+02,1.000000000000e+00,1.220316193113
1599,16755,6135864257.812500,-2.240570308183e+02,4.481140616365e+01,-2.342173779640e+02,-8.520367148671e-01,-2.229491899771e+02,6.521109506119e+01,1.000000000000e+00,1.194298649973
1600,16756,6136230468.750000,1.344342184910e+02,3.136798431456e+02,6.990823108580e+01,3.427139307045e+02,1.558464279011e+02,3.111852574329e+02,1.000000000000e+00,1.168285743746
1601,16757,6136596679.687500,3.136798431456e+02,4.481140616365e+01,3.053115122463e+02,1.104689354848e+02,3.177546919901e+02,2.838547228375e+01,1.000000000000e+00,1.142277867173
1602,16758,6136962890.625000,-3.136798431456e+02,4.481140616365e+01,-3.239247192765e+02,-2.107791731108e+01,-3.127816644557e+02,7.189063273366e+01,1.000000000000e+00,1.116275412085
1603,16759,6137329101.562500,1.344342184910e+02,-3.136798431456e+02,2.015103719624e+02,-2.858208495603e+02,1.125486795042e+02,-3.197056800387e+02,1.000000000000e+00,1.090278769296
1604,16760,6137695312.500000,-2.240570308183e+02,4.481140616365e+01,-2.342013378943e+02,-3.326989799358e+00,-2.228412108236e+02,6.580707811715e+01,1.000000000000e+00,1.064288328487
1605,16761,6138061523.437500,-3.136798431456e+02,-2.240570308183e+02,-2.655027711453e+02,-2.927827607847e+02,-3.318797213134e+02,-1.982666233056e+02,1.000000000000e+00,1.038304478093
1606,16762,6138427734.375000,4.481140616365e+01,1.344342184910e+02,1.530155217558e+01,1.444332272759e+02,5.382603508570e+01,1.371675676811e+02,1.000000000000e+00,1.012327605195
1607,16763,6138793945.312500,2.240570308183e+02,1.344342184910e+02,1.942635540828e+02,1.842134054914e+02,2.339815993678e+02,1.245223524580e+02,1.000000000000e+00,0.986358095404
1608,16764,6139160156.250000,-1.344342184910e+02,1.344342184910e+02,-1.644411083809e+02,1.043312577636e+02,-1.261877419408e+02,1.499077364862e+02,1.000000000000e+00,0.960396332761
1609,16765,6139526367.187500,-3.136798431456e+02,-3.136798431456e+02,-2.431144368191e+02,-3.838440184053e+02,-3.387024874014e+02,-2.869237205686e+02,1.000000000000e+00,0.934442699617
1610,16766,6139892578.125000,-3.136798431456e+02,2.240570308183e+02,-3.638200306426e+02,1.532490395047e+02,-2.990463570885e+02,2.537690030610e+02,1.000000000000e+00,0.908497576537
1611,16767,6140258789.062500,2.240570308183e+02,-1.344342184910e+02,2.542113574784e+02,-8.365979942423e+01,2.140432797332e+02,-1.466704943114e+02,1.000000000000e+00,0.882561342187
1612,16768,6140625000.000000,1.344342184910e+02,3.136798431456e+02,6.308826644990e+01,3.438714177725e+02,1.585949100861e+02,3.100793089246e+02,1.000000000000e+00,0.856634373232
1613,16769,6140991210.937500,-3.136798431456e+02,-3.136798431456e+02,-2.418275526121e+02,-3.848684652890e+02,-3.406683229288e+02,-2.847879203597e+02,1.000000000000e+00,0.830717044232
1614,16770,6141357421.875000,2.240570308183e+02,2.240570308183e+02,1.711430543322e+02,2.759771639997e+02,2.412729720957e+02,2.138075665877e+02,1.000000000000e+00,0.804809727539
1615,16771,6141723632.812500,-2.240570308183e+02,-4.481140616365e+01,-2.125309938089e+02,-9.843110090254e+01,-2.293377080906e+02,-2.333885833574e+01,1.000000000000e+00,0.778912793202
1616,16772,6142089843.750000,3.136798431456e+02,3.136798431456e+02,2.355059484060e+02,3.890425903262e+02,3.363928938816e+02,2.993456580418e+02,1.000000000000e+00,0.753026608860
1617,16773,6142456054.687500,1.344342184910e+02,-2.240570308183e+02,1.887695769438e+02,-1.899780647778e+02,1.183224203014e+02,-2.290963195935e+02,1.000000000000e+00,0.727151539650
1618,16774,6142822265.625000,4.481140616365e+01,-1.344342184910e+02,7.766155393708e+01,-1.227046451876e+02,3.432238925692e+01,-1.325895836595e+02,1.000000000000e+00,0.701287948110
1619,16775,6143188476.562500,-2.240570308183e+02,-2.240570308183e+02,-1.671311462520e+02,-2.783604402888e+02,-2.424820667762e+02,-2.030014763979e+02,1.000000000000e+00,0.675436194085
1620,16776,6143554687.500000,-4.481140616365e+01,1.344342184910e+02,-7.834463737177e+01,1.222491100503e+02,-3.642743046380e+01,1.442299031356e+02,1.000000000000e+00,0.649596634634
1621,16777,6143920898.437500,-4.481140616365e+01,-3.136798431456e+02,3.556852057486e+01,-3.227147253919e+02,-6.821511616097e+01,-3.061628257586e+02,1.000000000000e+00,0.623769623940
1622,16778,6144287109.375000,4.481140616365e+01,-1.344342184910e+02,7.885201313617e+01,-1.219538431559e+02,3.421517526056e+01,-1.323455079831e+02,1.000000000000e+00,0.597955513222
1623,16779,6144653320.312500,3.136798431456e+02,-2.240570308183e+02,3.686570314424e+02,-1.422729386476e+02,2.973993584160e+02,-2.426226743992e+02,1.000000000000e+00,0.572154650646
1624,16780,6145019531.250000,4.481140616365e+01,-1.344342184910e+02,7.886125617137e+01,-1.220340447828e+02,3.346604149033e+01,-1.324625209840e+02,1.000000000000e+00,0.546367381242
1625,16781,6145385742.187500,-1.344342184910e+02,1.344342184910e+02,-1.683672235645e+02,9.821076313665e+01,-1.265090943090e+02,1.513118104538e+02,1.000000000000e+00,0.520594046819
1626,16782,6145751953.125000,-4.481140616365e+01,1.344342184910e+02,-8.015210537972e+01,1.211550295682e+02,-3.688677676781e+01,1.446203426579e+02,1.000000000000e+00,0.494834985888
1627,16783,6146118164.062500,-3.136798431456e+02,-1.344342184910e+02,-2.738368736618e+02,-2.175383377076e+02,-3.260643063529e+02,-1.071132707648e+02,1.000000000000e+00,0.469090533578
1628,16784,6146484375.000000,2.240570308183e+02,4.481140616365e+01,2.092032721602e+02,1.047112597317e+02,2.267436687817e+02,3.544466234112e+01,1.000000000000e+00,0.443361021561
1629,16785,6146850585.937500,-4.481140616365e+01,-3.136798431456e+02,4.041607261565e+01,-3.216041127567e+02,-6.940263948704e+01,-3.049933640633e+02,1.000000000000e+00,0.417646777978
1630,16786,6147216796.875000,-2.240570308183e+02,-1.344342184910e+02,-1.846520059845e+02,-1.932878237012e+02,-2.363869681523e+02,-1.117287444113e+02,1.000000000000e+00,0.391948127367
1631,16787,6147583007.812500,-2.240570308183e+02,-4.481140616365e+01,-2.089344614440e+02,-1.052382224757e+02,-2.300028048171e+02,-2.159917920770e+01,1.000000000000e+00,0.366265390588
1632,16788,6147949218.750000,-4.481140616365e+01,1.344342184910e+02,-8.106274668179e+01,1.204625115022e+02,-3.656967060209e+01,1.450842999435e+02,1.000000000000e+00,0.340598884761
1633,16789,6148315429.687500,3.136798431456e+02,2.240570308183e+02,2.473575384006e+02,3.079264912373e+02,3.301170302897e+02,2.083104835761e+02,1.000000000000e+00,0.314948923192
1634,16790,6148681640.625000,-1.344342184910e+02,-2.240570308183e+02,-6.962015510180e+01,-2.584763032198e+02,-1.534539028785e+02,-2.085282158590e+02,1.000000000000e+00,0.289315815318
1635,16791,6149047851.562500,1.344342184910e+02,-2.240570308183e+02,1.958858052984e+02,-1.823917504019e+02,1.168779537594e+02,-2.280441330157e+02,1.000000000000e+00,0.263699866637
1636,16792,6149414062.500000,2.240570308183e+02,-4.481140616365e+01,2.331942494221e+02,1.992684103978e+01,2.197581371692e+02,-5.438527576054e+01,1.000000000000e+00,0.238101378654
1637,16793,6149780273.437500,-2.240570308183e+02,1.344342184910e+02,-2.589199959681e+02,6.770827687246e+01,-2.175638582954e+02,1.581299397679e+02,1.000000000000e+00,0.212520648819
1638,16794,6150146484.375000,-3.136798431456e+02,1.344342184910e+02,-3.470874460491e+02,4.133294856570e+01,-3.076406148708e+02,1.647536624499e+02,1.000000000000e+00,0.186957970477
1639,16795,6150512695.312500,3.136798431456e+02,-2.240570308183e+02,3.731955859181e+02,-1.289096675814e+02,2.962760827214e+02,-2.411113666302e+02,1.000000000000e+00,0.161413632812
1640,16796,6150878906.250000,-1.344342184910e+02,1.344342184910e+02,-1.712283243302e+02,9.275334803826e+01,-1.275806237511e+02,1.520179683094e+02,1.000000000000e+00,0.135887920796
1641,16797,6151245117.187500,-3.136798431456e+02,-1.344342184910e+02,-2.682959959822e+02,-2.240301479378e+02,-3.276379607932e+02,-1.047041361286e+02,1.000000000000e+00,0.110381115143
1642,16798,6151611328.125000,-3.136798431456e+02,-3.136798431456e+02,-2.147519075227e+02,-4.003106529050e+02,-3.409267721636e+02,-2.847277850500e+02,1.000000000000e+00,0.084893492264
1643,16799,6151977539.062500,2.240570308183e+02,3.136798431456e+02,1.260549104592e+02,3.740207492374e+02,2.452842455483e+02,3.056175763238e+02,1.000000000000e+00,0.059425324219
1644,16800,6152343750.000000,1.344342184910e+02,3.136798431456e+02,3.694273246430e+01,3.474035908725e+02,1.545814118764e+02,3.124962442341e+02,1.000000000000e+00,0.033976878678
1645,16801,6152709960.937500,1.344342184910e+02,-2.240570308183e+02,1.997231521251e+02,-1.778565504324e+02,1.162826172830e+02,-2.271337780016e+02,1.000000000000e+00,0.008548418886
1646,16802,6153076171.875000,4.481140616365e+01,-4.481140616365e+01,5.754799185859e+01,-2.991321127413e+01,3.875374756470e+01,-4.080931345066e+01,1.000000000000e+00,-0.016859796382
1647,16803,6153442382.812500,-3.136798431456e+02,3.136798431456e+02,-4.031220589960e+02,2.091893362220e+02,-2.964773826598e+02,3.441902487446e+02,1.000000000000e+00,-0.042247512849
1648,16804,6153808593.750000,-4.481140616365e+01,4.481140616365e+01,-5.762972521185e+01,2.985512773566e+01,-4.526153843184e+01,5.550844645984e+01,1.000000000000e+00,-0.067614480768
1649,16805,6154174804.687500,1.344342184910e+02,-4.481140616365e+01,1.450968551342e+02,-1.969088718964e+00,1.282579676812e+02,-4.733827596431e+01,1.000000000000e+00,-0.092960454958
1650,16806,6154541015.625000,3.136798431456e+02,-1.344342184910e+02,3.476360969632e+02,-3.342646402728e+01,3.013664324367e+02,-1.504094036142e+02,1.000000000000e+00,-0.118285194824
1651,16807,6154907226.562500,4.481140616365e+01,-3.136798431456e+02,1.414682565712e+02,-2.915337720188e+02,1.801358318755e+01,-3.105220878214e+02,1.000000000000e+00,-0.143588464389
1652,16808,6155273437.500000,-1.344342184910e+02,4.481140616365e+01,-1.448905273489e+02,1.151799149531e+00,-1.355703246357e+02,6.196073151802e+01,1.000000000000e+00,-0.168870032313
1653,16809,6155639648.437500,4.481140616365e+01,-3.136798431456e+02,1.440297863617e+02,-2.902285142031e+02,1.944830213971e+01,-3.103253310114e+02,1.000000000000e+00,-0.194129671916
1654,16810,6156005859.375000,4.481140616365e+01,2.240570308183e+02,-2.942175956744e+01,2.317862661448e+02,5.532835471813e+01,2.293352092366e+02,1.000000000000e+00,-0.219367161195
1655,16811,6156372070.312500,-3.136798431456e+02,1.344342184910e+02,-3.479017385081e+02,2.783957468165e+01,-3.103606932677e+02,1.628647910457e+02,1.000000000000e+00,-0.244582282844
1656,16812,6156738281.250000,-2.240570308183e+02,3.136798431456e+02,-3.199466352067e+02,2.304091225061e+02,-2.087740679416e+02,3.369874058766e+02,1.000000000000e+00,-0.269774824264
1657,16813,6157104492.187500,-4.481140616365e+01,-3.136798431456e+02,5.987084319587e+01,-3.185471395999e+02,-7.036887384205e+01,-3.044423689878e+02,1.000000000000e+00,-0.294944577583
1658,16814,6157470703.125000,1.344342184910e+02,4.481140616365e+01,1.153647840741e+02,8.776511507001e+01,1.331189334025e+02,4.343646723510e+01,1.000000000000e+00,-0.320091339655
1659,16815,6157836914.062500,-4.481140616365e+01,2.240570308183e+02,-1.175388732648e+02,2.020301318420e+02,-3.480970347915e+01,2.353334151898e+02,1.000000000000e+00,-0.345214912081
1660,16816,6158203125.000000,4.481140616365e+01,1.344342184910e+02,-1.306606200252e+00,1.449583090157e+02,4.898767233312e+01,1.393163313955e+02,1.000000000000e+00,-0.370315101204
1661,16817,6158569335.937500,3.136798431456e+02,-2.240570308183e+02,3.781417368155e+02,-1.120168403837e+02,2.943945013927e+02,-2.387859135263e+02,1.000000000000e+00,-0.395391718124
1662,16818,6158935546.875000,-4.481140616365e+01,4.481140616365e+01,-5.834083357748e+01,2.830078066702e+01,-4.735663588911e+01,5.542557972657e+01,1.000000000000e+00,-0.420444578689
1663,16819,6159301757.812500,4.481140616365e+01,3.136798431456e+02,-6.226443542609e+01,3.182509322979e+02,6.078134398736e+01,3.192858485657e+02,1.000000000000e+00,-0.445473503507
1664,16820,6159667968.750000,3.136798431456e+02,-3.136798431456e+02,4.091045772254e+02,-1.970999955337e+02,2.878916515597e+02,-3.290958995673e+02,1.000000000000e+00,-0.470478317934
1665,16821,6160034179.687500,-1.344342184910e+02,2.240570308183e+02,-2.059027070049e+02,1.708135656685e+02,-1.256286315235e+02,2.415754549338e+02,1.000000000000e+00,-0.495458852079
1666,16822,6160400390.625000,-1.344342184910e+02,-2.240570308183e+02,-5.318708271071e+01,-2.621435575173e+02,-1.561642821036e+02,-2.087041500957e+02,1.000000000000e+00,-0.520414940794
1667,16823,6160766601.562500,4.481140616365e+01,-3.136798431456e+02,1.510637866155e+02,-2.869854743548e+02,1.798430281820e+01,-3.107484093991e+02,1.000000000000e+00,-0.545346423669
1668,16824,6161132812.500000,4.481140616365e+01,-1.344342184910e+02,8.960946368140e+01,-1.139963110225e+02,2.976030924786e+01,-1.307208200090e+02,1.000000000000e+00,-0.570253145022
1669,16825,6161499023.437500,-2.240570308183e+02,4.481140616365e+01,-2.311571697113e+02,-3.442415900367e+01,-2.284269052138e+02,6.702197834977e+01,1.000000000000e+00,-0.595134953889
1670,16826,6161865234.375000,-2.240570308183e+02,-4.481140616365e+01,-1.999555548844e+02,-1.207894201343e+02,-2.344641141605e+02,-2.283715165156e+01,1.000000000000e+00,-0.619991704012
1671,16827,6162231445.312500,3.136798431456e+02,-4.481140616365e+01,3.172311933305e+02,6.583369047951e+01,3.047754530022e+02,-5.914536080586e+01,1.000000000000e+00,-0.644823253828
1672,16828,6162597656.250000,3.136798431456e+02,1.344342184910e+02,2.550143670419e+02,2.384006861754e+02,3.169984967765e+02,1.203537767230e+02,1.000000000000e+00,-0.669629466447
1673,16829,6162963867.187500,-4.481140616365e+01,2.240570308183e+02,-1.211359607057e+02,2.000052811196e+02,-3.657239183767e+01,2.349963368709e+02,1.000000000000e+00,-0.694410209642
1674,16830,6163330078.125000,-4.481140616365e+01,-4.481140616365e+01,-2.736917621198e+01,-5.879328403067e+01,-5.542191888136e+01,-3.505259173084e+01,1.000000000000e+00,-0.719165355825
1675,16831,6163696289.062500,-4.481140616365e+01,-1.344342184910e+02,4.457692539179e+00,-1.449348309055e+02,-6.150527443619e+01,-1.251816074105e+02,1.000000000000e+00,-0.743894782031
1676,16832,6164062500.000000,-1.344342184910e+02,3.136798431456e+02,-2.405211482292e+02,2.531562666096e+02,-1.221222748661e+02,3.304875495275e+02,1.000000000000e+00,-0.768598369894
1677,16833,6164428710.937500,4.481140616365e+01,-2.240570308183e+02,1.227999782413e+02,-1.989563317337e+02,2.233229301709e+01,-2.212782137402e+02,1.000000000000e+00,-0.793276005627
1678,16834,6164794921.875000,-2.240570308183e+02,-1.344342184910e+02,-1.668916516954e+02,-2.088826102219e+02,-2.419286791396e+02,-1.135238560809e+02,1.000000000000e+00,-0.817927579994
1679,16835,6165161132.812500,-1.344342184910e+02,-3.136798431456e+02,-1.665667752923e+01,-3.488020621872e+02,-1.640817849494e+02,-2.995046970373e+02,1.000000000000e+00,-0.842552988286
1680,16836,6165527343.750000,2.240570308183e+02,-1.344342184910e+02,2.629297895557e+02,-4.839634727248e+01,2.076340962254e+02,-1.434986724850e+02,1.000000000000e+00,-0.867152130297
1681,16837,6165893554.687500,-3.136798431456e+02,-4.481140616365e+01,-2.842669449538e+02,-1.558519106477e+02,-3.264056681154e+02,-1.790709046526e+01,1.000000000000e+00,-0.891724910291
1682,16838,6166259765.625000,4.481140616365e+01,2.240570308183e+02,-3.824473461821e+01,2.306027029853e+02,5.090340566489e+01,2.281674174629e+02,1.000000000000e+00,-0.916271236977
1683,16839,6166625976.562500,-2.240570308183e+02,3.136798431456e+02,-3.284603559743e+02,2.181596372623e+02,-2.138043201914e+02,3.352133507518e+02,1.000000000000e+00,-0.940791023475
1684,16840,6166992187.500000,-3.136798431456e+02,4.481140616365e+01,-3.159238817949e+02,-7.226729142722e+01,-3.211219170249e+02,7.040792218512e+01,1.000000000000e+00,-0.965284187286
1685,16841,6167358398.437500,-1.344342184910e+02,-1.344342184910e+02,-7.886316284168e+01,-1.777192048914e+02,-1.524628444008e+02,-1.207741326720e+02,1.000000000000e+00,-0.989750650262
1686,16842,6167724609.375000,4.481140616365e+01,2.240570308183e+02,-3.982932400615e+01,2.302346107503e+02,4.953766470573e+01,2.277909016127e+02,1.000000000000e+00,-1.014190338568
1687,16843,6168090820.312500,-3.136798431456e+02,1.344342184910e+02,-3.487130821699e+02,1.236934896814e+01,-3.159175404929e+02,1.599761947209e+02,1.000000000000e+00,-1.038603182649
1688,16844,6168457031.250000,-1.344342184910e+02,4.481140616365e+01,-1.446833184386e+02,-6.923207809637e+00,-1.416990731967e+02,5.884223198845e+01,1.000000000000e+00,-1.062989117196
1689,16845,6168823242.187500,4.481140616365e+01,-4.481140616365e+01,5.924605264352e+01,-2.615294204328e+01,3.228469722021e+01,-4.249754945303e+01,1.000000000000e+00,-1.087348081104
1690,16846,6169189453.125000,-4.481140616365e+01,2.240570308183e+02,-1.257442607210e+02,1.967634157832e+02,-4.082706235911e+01,2.326920560510e+02,1.000000000000e+00,-1.111680017444
1691,16847,6169555664.062500,1.344342184910e+02,2.240570308183e+02,4.421047366059e+01,2.634320038551e+02,1.383941504600e+02,2.216649569895e+02,1.000000000000e+00,-1.135984873416
1692,16848,6169921875.000000,-2.240570308183e+02,1.344342184910e+02,-2.636434180758e+02,4.346260540440e+01,-2.273095832111e+02,1.529370690624e+02,1.000000000000e+00,-1.160262600313
1693,16849,6170288085.937500,-1.344342184910e+02,-4.481140616365e+01,-1.109693107443e+02,-9.324409675963e+01,-1.480460151585e+02,-3.232928847179e+01,1.000000000000e+00,-1.184513153482
1694,16850,6170654296.875000,-2.240570308183e+02,2.240570308183e+02,-2.974219931215e+02,1.289418057067e+02,-2.219296910679e+02,2.431429782373e+02,1.000000000000e+00,-1.208736492284
1695,16851,6171020507.812500,-4.481140616365e+01,1.344342184910e+02,-9.312948496201e+01,1.111433835708e+02,-4.734767546445e+01,1.421604984428e+02,1.000000000000e+00,-1.232932580050
1696,16852,6171386718.750000,-3.136798431456e+02,1.344342184910e+02,-3.491876572256e+02,9.774732408742e+00,-3.177033379461e+02,1.585574516332e+02,1.000000000000e+00,-1.257101384041
1697,16853,6171752929.687500,4.481140616365e+01,-4.481140616365e+01,5.958076063873e+01,-2.570287256952e+01,3.134140289548e+01,-4.375365131187e+01,1.000000000000e+00,-1.281242875406
1698,16854,6172119140.625000,-4.481140616365e+01,1.344342184910e+02,-9.360967912052e+01,1.108981875083e+02,-4.802956112922e+01,1.416829285387e+02,1.000000000000e+00,-1.305357029138
1699,16855,6172485351.562500,-1.344342184910e+02,-2.240570308183e+02,-4.262671752963e+01,-2.641736643074e+02,-1.597677120317e+02,-2.135541855629e+02,1.000000000000e+00,-1.329443824030
1700,16856,6172851562.500000,1.344342184910e+02,-4.481140616365e+01,1.448585746235e+02,8.675489211286e+00,1.211422517726e+02,-4.954575469103e+01,1.000000000000e+00,-1.353503242634
1701,16857,6173217773.437500,-2.240570308183e+02,-4.481140616365e+01,-1.957351099067e+02,-1.281085537659e+02,-2.393072678193e+02,-2.852498019475e+01,1.000000000000e+00,-1.377535271211
1702,16858,6173583984.375000,2.240570308183e+02,-4.481140616365e+01,2.298404480189e+02,4.299477738952e+01,2.108243891847e+02,-5.525107100507e+01,1.000000000000e+00,-1.401539899691
1703,16859,6173950195.312500,-2.240570308183e+02,-1.344342184910e+02,-1.612958566291e+02,-2.131152765662e+02,-2.446994875288e+02,-1.187589210772e+02,1.000000000000e+00,-1.425517121627
1704,16860,6174316406.250000,2.240570308183e+02,3.136798431456e+02,9.236622941552e+01,3.832466075511e+02,2.315578561966e+02,3.044041960332e+02,1.000000000000e+00,-1.449466934145
1705,16861,6174682617.187500,2.240570308183e+02,4.481140616365e+01,1.950976006477e+02,1.285351866562e+02,2.155725133489e+02,3.449286333187e+01,1.000000000000e+00,-1.473389337905
1706,16862,6175048828.125000,-1.344342184910e+02,-2.240570308183e+02,-4.095259502162e+01,-2.639796390426e+02,-1.596898422844e+02,-2.150288582156e+02,1.000000000000e+00,-1.497284337048
1707,16863,6175415039.062500,3.136798431456e+02,-1.344342184910e+02,3.489323772955e+02,-6.070232084052e+00,2.952624008834e+02,-1.505612133224e+02,1.000000000000e+00,-1.521151939155
1708,16864,6175781250.000000,-3.136798431456e+02,-1.344342184910e+02,-2.448487171201e+02,-2.487863217141e+02,-3.347060622753e+02,-1.158109054886e+02,1.000000000000e+00,-1.544992155195
1709,16865,6176147460.937500,1.344342184910e+02,-3.136798431456e+02,2.487645869410e+02,-2.448810706229e+02,1.051674479354e+02,-3.209588810218e+02,1.000000000000e+00,-1.568804999483
1710,16866,6176513671.875000,-4.481140616365e+01,3.136798431456e+02,-1.633894729083e+02,2.798000315434e+02,-3.924021057657e+01,3.188354646672e+02,1.000000000000e+00,-1.592590489628
1711,16867,6176879882.812500,2.240570308183e+02,-1.344342184910e+02,2.638884833989e+02,-4.137314129456e+01,2.043118758042e+02,-1.471906923985e+02,1.000000000000e+00,-1.616348646492
1712,16868,6177246093.750000,-4.481140616365e+01,-2.240570308183e+02,4.372755027765e+01,-2.295004235729e+02,-7.081602749959e+01,-2.213559934160e+02,1.000000000000e+00,-1.640079494135
1713,16869,6177612304.687500,-1.344342184910e+02,-3.136798431456e+02,-6.013541001195e+00,-3.490421031163e+02,-1.656633502731e+02,-3.066506119883e+02,1.000000000000e+00,-1.663783059774
1714,16870,6177978515.625000,-3.136798431456e+02,-1.344342184910e+02,-2.446834319639e+02,-2.492029687073e+02,-3.353621313869e+02,-1.172294286895e+02,1.000000000000e+00,-1.687459373730
1715,16871,6178344726.562500,-3.136798431456e+02,-4.481140616365e+01,-2.794991927814e+02,-1.643895906109e+02,-3.304306030857e+02,-2.741769081973e+01,1.000000000000e+00,-1.711108469387
1716,16872,6178710937.500000,4.481140616365e+01,4.481140616365e+01,2.499215814500e+01,5.983910621524e+01,3.470411887315e+01,4.242972788368e+01,1.000000000000e+00,-1.734730383138
1717,16873,6179077148.437500,-1.344342184910e+02,-4.481140616365e+01,-1.097829980933e+02,-9.470677312289e+01,-1.504089831368e+02,-3.790038059536e+01,1.000000000000e+00,-1.758325154341
1718,16874,6179443359.375000,1.344342184910e+02,-1.344342184910e+02,1.795557160786e+02,-7.463707976596e+01,1.148236237239e+02,-1.428898116553e+02,1.000000000000e+00,-1.781892825270
1719,16875,6179809570.312500,1.344342184910e+02,4.481140616365e+01,1.094368154751e+02,9.494250696201e+01,1.243837741859e+02,3.704873243013e+01,1.000000000000e+00,-1.805433441069
1720,16876,6180175781.250000,1.344342184910e+02,-1.344342184910e+02,1.796697404579e+02,-7.406203878432e+01,1.150940851794e+02,-1.429417210396e+02,1.000000000000e+00,-1.828947049704
1721,16877,6180541992.187500,3.136798431456e+02,1.344342184910e+02,2.427683611247e+02,2.504844333687e+02,3.085254046655e+02,1.181085017544e+02,1.000000000000e+00,-1.852433701914
1722,16878,6180908203.125000,2.240570308183e+02,4.481140616365e+01,1.933670089703e+02,1.309549316677e+02,2.140332675177e+02,3.270366052828e+01,1.000000000000e+00,-1.875893451168
1723,16879,6181274414.062500,-4.481140616365e+01,-4.481140616365e+01,-2.453784497297e+01,-5.995250647385e+01,-6.021636412264e+01,-4.472122828555e+01,1.000000000000e+00,-1.899326353613
1724,16880,6181640625.000000,2.240570308183e+02,-4.481140616365e+01,2.290614782106e+02,4.586781787893e+01,2.096650718361e+02,-5.841084329060e+01,1.000000000000e+00,-1.922732468031
1725,16881,6182006835.937500,2.240570308183e+02,4.481140616365e+01,1.940780492725e+02,1.301033013976e+02,2.142594963016e+02,3.093002521823e+01,1.000000000000e+00,-1.946111855791
1726,16882,6182373046.875000,-2.240570308183e+02,2.240570308183e+02,-2.994649126801e+02,1.240547913521e+02,-2.264398119010e+02,2.340982056202e+02,1.000000000000e+00,-1.969464580802
1727,16883,6182739257.812500,3.136798431456e+02,-4.481140616365e+01,3.141675297629e+02,8.030948855769e+01,2.998202760347e+02,-6.450971013697e+01,1.000000000000e+00,-1.992790709469
1728,16884,6183105468.750000,-1.344342184910e+02,3.136798431456e+02,-2.499302109385e+02,2.440031469576e+02,-1.318440263144e+02,3.190342315669e+02,1.000000000000e+00,-2.016090310643
1729,16885,6183471679.687500,2.240570308183e+02,1.344342184910e+02,1.586396950822e+02,2.151060772987e+02,2.187087104198e+02,1.204919030213e+02,1.000000000000e+00,-2.039363455582
1730,16886,6183837890.625000,4.481140616365e+01,-4.481140616365e+01,5.997025238862e+01,-2.451445945597e+01,2.991309152055e+01,-5.088156729714e+01,1.000000000000e+00,-2.062610217898
1731,16887,6184204101.562500,-3.136798431456e+02,1.344342184910e+02,-3.488672763504e+02,2.165620647921e+00,-3.219424571915e+02,1.450343745052e+02,1.000000000000e+00,-2.085830673517
1732,16888,6184570312.500000,-2.240570308183e+02,-2.240570308183e+02,-1.220691027385e+02,-3.001700070129e+02,-2.479212320060e+02,-2.195556403435e+02,1.000000000000e+00,-2.109024900633
1733,16889,6184936523.437500,-1.344342184910e+02,2.240570308183e+02,-2.158768762851e+02,1.576455082665e+02,-1.382916599602e+02,2.263995938720e+02,1.000000000000e+00,-2.132192979661
1734,16890,6185302734.375000,-2.240570308183e+02,-4.481140616365e+01,-1.934051525862e+02,-1.311504876444e+02,-2.399170168882e+02,-4.004339308263e+01,1.000000000000e+00,-2.155334993198
1735,16891,6185668945.312500,2.240570308183e+02,-2.240570308183e+02,2.997763767175e+02,-1.226607021468e+02,2.021142530378e+02,-2.402770362388e+02,1.000000000000e+00,-2.178451025976
1736,16892,6186035156.250000,-2.240570308183e+02,3.136798431456e+02,-3.347835501610e+02,2.075768327583e+02,-2.231360448805e+02,3.197705354455e+02,1.000000000000e+00,-2.201541164816
1737,16893,6186401367.187500,-3.136798431456e+02,1.344342184910e+02,-3.491020017143e+02,3.785655571449e+00,-3.214898690897e+02,1.441816420988e+02,1.000000000000e+00,-2.224605498591
1738,16894,6186767578.125000,-4.481140616365e+01,2.240570308183e+02,-1.301853908375e+02,1.944503499389e+02,-4.681175526609e+01,2.215503586693e+02,1.000000000000e+00,-2.247644118179
1739,16895,6187133789.062500,-4.481140616365e+01,-3.136798431456e+02,8.036360358770e+01,-3.145285507560e+02,-7.271408227203e+01,-3.197695177199e+02,1.000000000000e+00,-2.270657116421
1740,16896,6187500000.000000,-3.136798431456e+02,2.240570308183e+02,-3.844638816757e+02,8.882439326212e+01,-3.173525758306e+02,2.333540988254e+02,1.000000000000e+00,-2.293644588081
1741,16897,6187866210.937500,-1.344342184910e+02,4.481140616365e+01,-1.445472866109e+02,-1.051218328566e+01,-1.453373132110e+02,4.422577650072e+01,1.000000000000e+00,-2.316606629803
1742,16898,6188232421.875000,-4.481140616365e+01,-4.481140616365e+01,-2.468052951580e+01,-5.990484766882e+01,-5.914664909179e+01,-5.013196224376e+01,1.000000000000e+00,-2.339543340070
1743,16899,6188598632.812500,-1.344342184910e+02,1.344342184910e+02,-1.796772334627e+02,7.408368937637e+01,-1.412078417708e+02,1.335111583395e+02,1.000000000000e+00,-2.362454819165
1744,16900,6188964843.750000,2.240570308183e+02,-3.136798431456e+02,3.345712738811e+02,-2.081315451359e+02,1.995065247540e+02,-3.323267127884e+02,1.000000000000e+00,-2.385341169128
1745,16901,6189331054.687500,4.481140616365e+01,-2.240570308183e+02,1.298640289721e+02,-1.941730652071e+02,2.321528507478e+01,-2.349267893574e+02,1.000000000000e+00,-2.408202493718
1746,16902,6189697265.625000,-1.344342184910e+02,2.240570308183e+02,-2.142361568402e+02,1.596515079075e+02,-1.364050210004e+02,2.230760620783e+02,1.000000000000e+00,-2.431038898375
1747,16903,6190063476.562500,4.481140616365e+01,-3.136798431456e+02,1.639371049212e+02,-2.795236141666e+02,1.882266476570e+01,-3.256413422753e+02,1.000000000000e+00,-2.453850490177
1748,16904,6190429687.500000,-1.344342184910e+02,3.136798431456e+02,-2.492273345188e+02,2.442729418403e+02,-1.326592115514e+02,3.123359052544e+02,1.000000000000e+00,-2.476637377805
1749,16905,6190795898.437500,3.136798431456e+02,3.136798431456e+02,1.736312691945e+02,4.190218317035e+02,3.167911032000e+02,2.932640683864e+02,1.000000000000e+00,-2.499399671506
1750,16906,6191162109.375000,-3.136798431456e+02,3.136798431456e+02,-4.191112334579e+02,1.732540084949e+02,-3.137908379857e+02,3.182830947525e+02,1.000000000000e+00,-2.522137483052
1751,16907,6191528320.312500,1.344342184910e+02,-2.240570308183e+02,2.146044660573e+02,-1.589845050885e+02,1.152979941095e+02,-2.397850803971e+02,1.000000000000e+00,-2.544850925703
1752,16908,6191894531.250000,4.481140616365e+01,-2.240570308183e+02,1.298279330904e+02,-1.940968867668e+02,2.549583314554e+01,-2.364671034439e+02,1.000000000000e+00,-2.567540114175
1753,16909,6192260742.187500,-2.240570308183e+02,-2.240570308183e+02,-1.242812860000e+02,-2.990477643818e+02,-2.442852342595e+02,-2.262712934974e+02,1.000000000000e+00,-2.590205164600
1754,16910,6192626953.125000,3.136798431456e+02,-2.240570308183e+02,3.837167962765e+02,-8.957417941800e+01,2.960475373133e+02,-2.473632707536e+02,1.000000000000e+00,-2.612846194490
1755,16911,6192993164.062500,3.136798431456e+02,-2.240570308183e+02,3.837198999177e+02,-8.982041449953e+01,2.963566554456e+02,-2.475478754192e+02,1.000000000000e+00,-2.635463322707
1756,16912,6193359375.000000,-2.240570308183e+02,-1.344342184910e+02,-1.598495844897e+02,-2.140888009456e+02,-2.403136253290e+02,-1.371045347959e+02,1.000000000000e+00,-2.658056669421
1757,16913,6193725585.937500,-4.481140616365e+01,-1.344342184910e+02,9.554007834382e+00,-1.446126324638e+02,-6.006299573694e+01,-1.442762769216e+02,1.000000000000e+00,-2.680626356080
1758,16914,6194091796.875000,4.481140616365e+01,-3.136798431456e+02,1.635132178535e+02,-2.798511715950e+02,2.327451222333e+01,-3.281829706244e+02,1.000000000000e+00,-2.703172505380
1759,16915,6194458007.812500,3.136798431456e+02,4.481140616365e+01,2.797681692584e+02,1.636784255925e+02,3.076304187309e+02,2.196959438766e+01,1.000000000000e+00,-2.725695241222
1760,16916,6194824218.750000,-3.136798431456e+02,2.240570308183e+02,-3.837515230117e+02,9.075310816620e+01,-3.164893954253e+02,2.248403099143e+02,1.000000000000e+00,-2.748194688690
1761,16917,6195190429.687500,-3.136798431456e+02,1.344342184910e+02,-3.490976467752e+02,6.414975960313e+00,-3.194316780961e+02,1.346841623467e+02,1.000000000000e+00,-2.770670974012
1762,16918,6195556640.625000,-1.344342184910e+02,-3.136798431456e+02,-7.612839128528e+00,-3.491469304959e+02,-1.559401355984e+02,-3.222751082546e+02,1.000000000000e+00,-2.793124224531
1763,16919,6195922851.562500,4.481140616365e+01,-4.481140616365e+01,5.959787823180e+01,-2.560137455731e+01,3.479825910307e+01,-5.913851933906e+01,1.000000000000e+00,-2.815554568673
1764,16920,6196289062.500000,-4.481140616365e+01,-3.136798431456e+02,7.617205875850e+01,-3.152441945740e+02,-6.594116896403e+01,-3.260933944518e+02,1.000000000000e+00,-2.837962135918
1765,16921,6196655273.437500,3.136798431456e+02,4.481140616365e+01,2.812785193046e+02,1.613961826306e+02,3.092719364807e+02,2.011304877153e+01,1.000000000000e+00,-2.860347056765
1766,16922,6197021484.375000,1.344342184910e+02,-1.344342184910e+02,1.787092926564e+02,-7.691109373300e+01,1.223796713614e+02,-1.531463880587e+02,1.000000000000e+00,-2.882709462711
1767,16923,6197387695.312500,-2.240570308183e+02,3.136798431456e+02,-3.312633829953e+02,2.137760404101e+02,-2.205456881833e+02,3.108358350069e+02,1.000000000000e+00,-2.905049486212
1768,16924,6197753906.250000,4.481140616365e+01,4.481140616365e+01,2.578944887557e+01,5.942238652469e+01,3.958826543315e+01,3.006624977172e+01,1.000000000000e+00,-2.927367260662
1769,16925,6198120117.187500,-4.481140616365e+01,-1.344342184910e+02,7.681298606038e+00,-1.446026465480e+02,-5.707095865877e+01,-1.466448017996e+02,1.000000000000e+00,-2.949662920360
1770,16926,6198486328.125000,1.344342184910e+02,2.240570308183e+02,4.409233271453e+01,2.634353239491e+02,1.368549553198e+02,2.064595561948e+02,1.000000000000e+00,-2.971936600486
1771,16927,6198852539.062500,3.136798431456e+02,4.481140616365e+01,2.817896341175e+02,1.599384704073e+02,3.105241998398e+02,1.984076025277e+01,1.000000000000e+00,-2.994188437071
1772,16928,6199218750.000000,-2.240570308183e+02,-1.344342184910e+02,-1.631459446403e+02,-2.116803226865e+02,-2.360779855357e+02,-1.409701889971e+02,1.000000000000e+00,-3.016418566969
1773,16929,6199584960.937500,3.136798431456e+02,-2.240570308183e+02,3.823481381484e+02,-9.654706380819e+01,3.016785694977e+02,-2.503931144222e+02,1.000000000000e+00,-3.038627127838
1774,16930,6199951171.875000,3.136798431456e+02,-4.481140616365e+01,3.156617765437e+02,7.396799632030e+01,3.084027479337e+02,-7.018617373822e+01,1.000000000000e+00,-3.060814258103
1775,16931,6200317382.812500,-2.240570308183e+02,-3.136798431456e+02,-9.810482013282e+01,-3.822072523703e+02,-2.420426486275e+02,-3.216550961611e+02,1.000000000000e+00,-3.082980096943
1776,16932,6200683593.750000,2.240570308183e+02,4.481140616365e+01,1.978970301589e+02,1.248913034085e+02,2.223603990484e+02,2.197062532257e+01,1.000000000000e+00,-3.105124784255
1777,16933,6201049804.687500,2.240570308183e+02,3.136798431456e+02,1.006694506018e+02,3.818692380220e+02,2.336668589666e+02,2.921214617115e+02,1.000000000000e+00,-3.127248460637
1778,16934,6201416015.625000,1.344342184910e+02,3.136798431456e+02,1.513204553425e+01,3.490421120614e+02,1.434987599057e+02,2.954706904871e+02,1.000000000000e+00,3.133834039816
1779,16935,6201782226.562500,-1.344342184910e+02,3.136798431456e+02,-2.419090629863e+02,2.517165569060e+02,-1.267197502765e+02,3.057831745285e+02,1.000000000000e+00,3.111751960823
1780,16936,6202148437.500000,-1.344342184910e+02,-1.344342184910e+02,-8.039008558759e+01,-1.770472185090e+02,-1.439972208172e+02,-1.447328482515e+02,1.000000000000e+00,3.089690467009
1781,16937,6202514648.437500,-1.344342184910e+02,-3.136798431456e+02,-1.674998973444e+01,-3.488163274336e+02,-1.510441226804e+02,-3.250133686014e+02,1.000000000000e+00,3.067649415216
1782,16938,6202880859.375000,-2.240570308183e+02,-1.344342184910e+02,-1.673221047379e+02,-2.087284354249e+02,-2.338545693922e+02,-1.411753000578e+02,1.000000000000e+00,3.045628661702
1783,16939,6203247070.312500,-3.136798431456e+02,-4.481140616365e+01,-2.855504344417e+02,-1.538661605184e+02,-3.200003747466e+02,-4.718454337715e+01,1.000000000000e+00,3.023628062160
1784,16940,6203613281.250000,-4.481140616365e+01,1.344342184910e+02,-9.024083153641e+01,1.134928132671e+02,-4.164924549377e+01,1.217798052008e+02,1.000000000000e+00,3.001647471745
1785,16941,6203979492.187500,-4.481140616365e+01,-1.344342184910e+02,3.757856428688e+00,-1.448833245828e+02,-5.281372240704e+01,-1.484854936405e+02,1.000000000000e+00,2.979686745089
1786,16942,6204345703.125000,-1.344342184910e+02,-3.136798431456e+02,-1.983047661423e+01,-3.485311592792e+02,-1.496958528255e+02,-3.251213680617e+02,1.000000000000e+00,2.957745736325
1787,16943,6204711914.062500,-3.136798431456e+02,3.136798431456e+02,-4.112464498608e+02,1.920056708124e+02,-3.043904418489e+02,3.121622967955e+02,1.000000000000e+00,2.935824299104
1788,16944,6205078125.000000,3.136798431456e+02,-4.481140616365e+01,3.173306932514e+02,6.646712057383e+01,3.127394700908e+02,-7.238426418006e+01,1.000000000000e+00,2.913922286618
1789,16945,6205444335.937500,-1.344342184910e+02,2.240570308183e+02,-2.069935245516e+02,1.691109326054e+02,-1.270074289710e+02,2.149282354749e+02,1.000000000000e+00,2.892039551616
1790,16946,6205810546.875000,-4.481140616365e+01,2.240570308183e+02,-1.200957033583e+02,2.004618383661e+02,-3.626514314493e+01,2.113906284456e+02,1.000000000000e+00,2.870175946421
1791,16947,6206176757.812500,1.344342184910e+02,-2.240570308183e+02,2.061038366794e+02,-1.700868327967e+02,1.260364158949e+02,-2.462045132296e+02,1.000000000000e+00,2.848331322953
1792,16948,6206542968.750000,-3.136798431456e+02,-2.240570308183e+02,-2.261825315273e+02,-3.230026913001e+02,-3.237889275980e+02,-2.283526967255e+02,1.000000000000e+00,2.826505532744
1793,16949,6206909179.687500,3.136798431456e+02,4.481140616365e+01,2.874515348865e+02,1.499335180611e+02,3.178562189282e+02,1.727012713227e+01,1.000000000000e+00,2.804698426954
1794,16950,6207275390.625000,1.344342184910e+02,4.481140616365e+01,1.147036039875e+02,8.864845457197e+01,1.380063862458e+02,2.409147360282e+01,1.000000000000e+00,2.782909856391
1795,16951,6207641601.562500,-2.240570308183e+02,4.481140616365e+01,-2.315458002979e+02,-3.157531917183e+01,-2.218619265352e+02,3.866542032798e+01,1.000000000000e+00,2.761139671524
1796,16952,6208007812.500000,2.240570308183e+02,4.481140616365e+01,2.019217637338e+02,1.175140128065e+02,2.287769613795e+02,1.985517674886e+01,1.000000000000e+00,2.739387722502
1797,16953,6208374023.437500,-4.481140616365e+01,1.344342184910e+02,-8.763495668623e+01,1.154275481220e+02,-3.711358176352e+01,1.214420749335e+02,1.000000000000e+00,2.717653859168
1798,16954,6208740234.375000,-4.481140616365e+01,-1.344342184910e+02,5.557210061506e-01,-1.449601810308e+02,-4.836677720180e+01,-1.487003044611e+02,1.000000000000e+00,2.695937931076
1799,16955,6209106445.312500,-4.481140616365e+01,-3.136798431456e+02,5.850987678107e+01,-3.188518114656e+02,-5.589177980385e+01,-3.288136196926e+02,1.000000000000e+00,2.674239787504
1800,16956,6209472656.250000,1.344342184910e+02,3.136798431456e+02,2.932604335576e+01,3.478241660875e+02,1.521716862941e+02,2.937918478814e+02,1.000000000000e+00,2.652559277468
1801,16957,6209838867.187500,-1.344342184910e+02,4.481140616365e+01,-1.449004254673e+02,5.179617416125e-01,-1.295005526537e+02,3.569902109156e+01,1.000000000000e+00,2.630896249740
1802,16958,6210205078.125000,-3.136798431456e+02,2.240570308183e+02,-3.762184588286e+02,1.180251645273e+02,-3.012158816641e+02,2.239907676288e+02,1.000000000000e+00,2.609250552858
1803,16959,6210571289.062500,-1.344342184910e+02,-3.136798431456e+02,-3.140277584935e+01,-3.479278557888e+02,-1.449859633631e+02,-3.246754314830e+02,1.000000000000e+00,2.587622035142
1804,16960,6210937500.000000,-2.240570308183e+02,4.481140616365e+01,-2.324977899139e+02,-2.711588677031e+01,-2.189596759318e+02,3.983883625127e+01,1.000000000000e+00,2.566010544704
1805,16961,6211303710.937500,2.240570308183e+02,1.344342184910e+02,1.762801863408e+02,2.014185275034e+02,2.363330350600e+02,1.103083416180e+02,1.000000000000e+00,2.544415929465
1806,16962,6211669921.875000,2.240570308183e+02,4.481140616365e+01,2.046229176497e+02,1.135539522748e+02,2.326686937226e+02,2.014956766082e+01,1.000000000000e+00,2.522838037163
1807,16963,6212036132.812500,4.481140616365e+01,-4.481140616365e+01,5.760014531287e+01,-2.988381745135e+01,4.863590473565e+01,-6.194510229351e+01,1.000000000000e+00,2.501276715369
1808,16964,6212402343.750000,3.136798431456e+02,1.344342184910e+02,2.655065208084e+02,2.269567891311e+02,3.276418244966e+02,1.055418786430e+02,1.000000000000e+00,2.479731811495
1809,16965,6212768554.687500,2.240570308183e+02,4.481140616365e+01,2.056576926833e+02,1.111143258558e+02,2.336044404635e+02,1.924597492292e+01,1.000000000000e+00,2.458203172809
1810,16966,6213134765.625000,-1.344342184910e+02,1.344342184910e+02,-1.715361332708e+02,9.156512074683e+01,-1.216424889180e+02,1.273672179627e+02,1.000000000000e+00,2.436690646443
1811,16967,6213500976.562500,-3.136798431456e+02,3.136798431456e+02,-4.002289810798e+02,2.137545132425e+02,-2.928897243347e+02,3.161185561637e+02,1.000000000000e+00,2.415194079407
1812,16968,6213867187.500000,3.136798431456e+02,-1.344342184910e+02,3.469641938306e+02,-3.841021739106e+01,3.160824513416e+02,-1.640273813015e+02,1.000000000000e+00,2.393713318596
1813,16969,6214233398.437500,-2.240570308183e+02,-2.240570308183e+02,-1.533420675096e+02,-2.855712335282e+02,-2.281183604736e+02,-2.286446445255e+02,1.000000000000e+00,2.372248210802
1814,16970,6214599609.375000,-4.481140616365e+01,-1.344342184910e+02,-4.663823241283e+00,-1.448926593691e+02,-4.360499591688e+01,-1.468104785696e+02,1.000000000000e+00,2.350798602723
1815,16971,6214965820.312500,-1.344342184910e+02,-3.136798431456e+02,-4.122961126417e+01,-3.467080063566e+02,-1.422511330745e+02,-3.223306962191e+02,1.000000000000e+00,2.329364340973
1816,16972,6215332031.250000,4.481140616365e+01,-1.344342184910e+02,8.256482991405e+01,-1.191478026347e+02,4.692303477758e+01,-1.507965743152e+02,1.000000000000e+00,2.307945272093
1817,16973,6215698242.187500,-1.344342184910e+02,-2.240570308183e+02,-6.829254363395e+01,-2.583805147308e+02,-1.372660320531e+02,-2.318064386233e+02,1.000000000000e+00,2.286541242556
1818,16974,6216064453.125000,4.481140616365e+01,3.136798431456e+02,-4.451016794758e+01,3.210194979298e+02,6.963813162134e+01,2.997564458134e+02,1.000000000000e+00,2.265152098778
1819,16975,6216430664.062500,1.344342184910e+02,1.344342184910e+02,9.476488702527e+01,1.699415563530e+02,1.513050476486e+02,1.154298693949e+02,1.000000000000e+00,2.243777687127
1820,16976,6216796875.000000,-1.344342184910e+02,-3.136798431456e+02,-4.570024626061e+01,-3.464987646616e+02,-1.415238861426e+02,-3.213536259993e+02,1.000000000000e+00,2.222417853930
1821,16977,6217163085.937500,1.344342184910e+02,1.344342184910e+02,9.580141343449e+01,1.695921300539e+02,1.521910552550e+02,1.158214483799e+02,1.000000000000e+00,2.201072445480
1822,16978,6217529296.875000,-1.344342184910e+02,1.344342184910e+02,-1.694136346743e+02,9.616494956616e+01,-1.180793317225e+02,1.298941310052e+02,1.000000000000e+00,2.179741308044
1823,16979,6217895507.812500,-2.240570308183e+02,2.240570308183e+02,-2.820573169886e+02,1.608802903472e+02,-2.034362870947e+02,2.249166610702e+02,1.000000000000e+00,2.158424287873
1824,16980,6218261718.750000,3.136798431456e+02,2.240570308183e+02,2.504167821665e+02,3.054402218923e+02,3.381885372545e+02,1.972289740895e+02,1.000000000000e+00,2.137121231205
1825,16981,6218627929.687500,-1.344342184910e+02,-1.344342184910e+02,-9.765532656521e+01,-1.684939331967e+02,-1.313231620560e+02,-1.395870838046e+02,1.000000000000e+00,2.115831984272
1826,16982,6218994140.625000,2.240570308183e+02,4.481140616365e+01,2.103095294067e+02,1.025891507501e+02,2.391544288837e+02,2.137367631049e+01,1.000000000000e+00,2.094556393312
1827,16983,6219360351.562500,-1.344342184910e+02,-1.344342184910e+02,-9.879615742123e+01,-1.676704856758e+02,-1.310409772657e+02,-1.386089747988e+02,1.000000000000e+00,2.073294304567
1828,16984,6219726562.500000,-2.240570308183e+02,4.481140616365e+01,-2.334763762986e+02,-1.216012904588e+01,-2.105895500309e+02,4.710066446547e+01,1.000000000000e+00,2.052045564295
1829,16985,6220092773.437500,4.481140616365e+01,1.344342184910e+02,1.089957763730e+01,1.445485252645e+02,6.497571220102e+01,1.218543418797e+02,1.000000000000e+00,2.030810018774
1830,16986,6220458984.375000,-1.344342184910e+02,4.481140616365e+01,-1.445900556267e+02,1.108949984163e+01,-1.201119770439e+02,4.244578291949e+01,1.000000000000e+00,2.009587514306
1831,16987,6220825195.312500,-3.136798431456e+02,-4.481140616365e+01,-3.005422699893e+02,-1.220722635068e+02,-3.051855617770e+02,-3.740002496070e+01,1.000000000000e+00,1.988377897226
1832,16988,6221191406.250000,2.240570308183e+02,4.481140616365e+01,2.117792497532e+02,9.938098569276e+01,2.406071122452e+02,2.270376394636e+01,1.000000000000e+00,1.967181013902
1833,16989,6221557617.187500,-2.240570308183e+02,-1.344342184910e+02,-1.905079908112e+02,-1.877355494211e+02,-2.198558809821e+02,-1.315529546692e+02,1.000000000000e+00,1.945996710745
1834,16990,6221923828.125000,-1.344342184910e+02,1.344342184910e+02,-1.657279352093e+02,1.019429736766e+02,-1.138161267580e+02,1.339055879277e+02,1.000000000000e+00,1.924824834209
1835,16991,6222290039.062500,2.240570308183e+02,-1.344342184910e+02,2.545755343240e+02,-8.157786805880e+01,2.303920442775e+02,-1.573414566628e+02,1.000000000000e+00,1.903665230800
1836,16992,6222656250.000000,-4.481140616365e+01,1.344342184910e+02,-7.556161541088e+01,1.236697974124e+02,-2.300039935465e+01,1.292146297853e+02,1.000000000000e+00,1.882517747075
1837,16993,6223022460.937500,-3.136798431456e+02,1.344342184910e+02,-3.431825562514e+02,6.306077105197e+01,-2.924352115717e+02,1.463996752448e+02,1.000000000000e+00,1.861382229652
1838,16994,6223388671.875000,4.481140616365e+01,3.136798431456e+02,-2.541476757904e+01,3.231977309802e+02,7.889693752157e+01,3.042824414141e+02,1.000000000000e+00,1.840258525208
1839,16995,6223754882.812500,2.240570308183e+02,2.240570308183e+02,1.744718306436e+02,2.735093876728e+02,2.536453353588e+02,2.033426489107e+02,1.000000000000e+00,1.819146480486
1840,16996,6224121093.750000,3.136798431456e+02,3.136798431456e+02,2.455861729639e+02,3.823411745347e+02,3.499521375292e+02,2.879357586702e+02,1.000000000000e+00,1.798045942299
1841,16997,6224487304.687500,-3.136798431456e+02,4.481140616365e+01,-3.238696499960e+02,-2.229002449619e+01,-2.978080565862e+02,5.879908437828e+01,1.000000000000e+00,1.776956757529
1842,16998,6224853515.625000,-4.481140616365e+01,-4.481140616365e+01,-3.551172358244e+01,-5.436689668318e+01,-3.330843126072e+01,-4.858658247697e+01,1.000000000000e+00,1.755878773135
1843,16999,6225219726.562500,-3.136798431456e+02,-3.136798431456e+02,-2.493831053242e+02,-3.800149818205e+02,-3.214242543829e+02,-3.006016496634e+02,1.000000000000e+00,1.734811836153
1844,17000,6225585937.500000,2.240570308183e+02,1.344342184910e+02,1.969393291492e+02,1.812901808045e+02,2.490667601029e+02,1.146390524814e+02,1.000000000000e+00,1.713755793700
1845,17001,6225952148.437500,-2.240570308183e+02,-2.240570308183e+02,-1.786143315777e+02,-2.709723685765e+02,-2.243524967490e+02,-2.164158697951e+02,1.000000000000e+00,1.692710492974
1846,17002,6226318359.375000,-3.136798431456e+02,4.481140616365e+01,-3.239430876795e+02,-1.819676450627e+01,-2.969153920282e+02,6.055787699681e+01,1.000000000000e+00,1.671675781262
1847,17003,6226684570.312500,1.344342184910e+02,-4.481140616365e+01,1.438546946961e+02,-1.864293962554e+01,1.473500251202e+02,-5.903457134494e+01,1.000000000000e+00,1.650651505934
1848,17004,6227050781.250000,4.481140616365e+01,2.240570308183e+02,2.226502595401e+00,2.338398409813e+02,7.643545427998e+01,2.172933866364e+02,1.000000000000e+00,1.629637514451
1849,17005,6227416992.187500,-4.481140616365e+01,2.240570308183e+02,-8.701500919561e+01,2.171429881635e+02,-1.307942290097e+01,2.241463697811e+02,1.000000000000e+00,1.608633654367
1850,17006,6227783203.125000,-1.344342184910e+02,2.240570308183e+02,-1.764536181805e+02,2.011778919197e+02,-1.026441226982e+02,2.312951374826e+02,1.000000000000e+00,1.587639773327
1851,17007,6228149414.062500,3.136798431456e+02,1.344342184910e+02,2.923756584107e+02,1.916543044089e+02,3.411012868618e+02,1.077912595376e+02,1.000000000000e+00,1.566655719069
1852,17008,6228515625.000000,-2.240570308183e+02,4.481140616365e+01,-2.340075473254e+02,6.197096973144e+00,-2.056868832798e+02,5.948264448790e+01,1.000000000000e+00,1.545681339431
1853,17009,6228881835.937500,3.136798431456e+02,1.344342184910e+02,2.941248136294e+02,1.891001016579e+02,3.417229811064e+02,1.073312462865e+02,1.000000000000e+00,1.524716482344
1854,17010,6229248046.875000,-2.240570308183e+02,-3.136798431456e+02,-1.740611720207e+02,-3.544688013847e+02,-2.341086159816e+02,-2.993406458276e+02,1.000000000000e+00,1.503760995839
1855,17011,6229614257.812500,4.481140616365e+01,3.136798431456e+02,-6.492273840981e+00,3.244434855104e+02,8.588895270645e+01,3.094735904536e+02,1.000000000000e+00,1.482814728045
1856,17012,6229980468.750000,-1.344342184910e+02,3.136798431456e+02,-1.870495859385e+02,2.951174629489e+02,-9.422529201254e+01,3.238808457912e+02,1.000000000000e+00,1.461877527192
1857,17013,6230346679.687500,-3.136798431456e+02,-1.344342184910e+02,-2.957405607189e+02,-1.858853754397e+02,-3.093477068364e+02,-1.110359937662e+02,1.000000000000e+00,1.440949241610
1858,17014,6230712890.625000,1.344342184910e+02,-4.481140616365e+01,1.429281632689e+02,-2.444283071283e+01,1.473262835052e+02,-5.660712649828e+01,1.000000000000e+00,1.420029719731
1859,17015,6231079101.562500,-1.344342184910e+02,1.344342184910e+02,-1.563972945733e+02,1.156634356954e+02,-1.076417740521e+02,1.454377074696e+02,1.000000000000e+00,1.399118810086
1860,17016,6231445312.500000,1.344342184910e+02,-2.240570308183e+02,1.693675342828e+02,-2.070067140312e+02,1.324373805163e+02,-2.359336325036e+02,1.000000000000e+00,1.378216361310
1861,17017,6231811523.437500,-2.240570308183e+02,-3.136798431456e+02,-1.816845638912e+02,-3.504725350499e+02,-2.349377003215e+02,-2.957408465604e+02,1.000000000000e+00,1.357322222139
1862,17018,6232177734.375000,3.136798431456e+02,-2.240570308183e+02,3.500133406808e+02,-1.827954088548e+02,3.121739866004e+02,-2.505301902211e+02,1.000000000000e+00,1.336436241412
1863,17019,6232543945.312500,-4.481140616365e+01,-2.240570308183e+02,-1.430979612792e+01,-2.336376703596e+02,-4.773139211619e+01,-2.200681014489e+02,1.000000000000e+00,1.315558268070
1864,17020,6232910156.250000,-2.240570308183e+02,4.481140616365e+01,-2.336134899032e+02,1.494962577958e+01,-2.051160260049e+02,6.530131990108e+01,1.000000000000e+00,1.294688151154
1865,17021,6233276367.187500,-4.481140616365e+01,3.136798431456e+02,-8.695683517137e+01,3.127228950039e+02,-2.103080942072e+00,3.205081355827e+02,1.000000000000e+00,1.273825739809
1866,17022,6233642578.125000,-3.136798431456e+02,4.481140616365e+01,-3.244810761207e+02,5.589679079274e+00,-2.948416334450e+02,7.464607542650e+01,1.000000000000e+00,1.252970883278
1867,17023,6234008789.062500,2.240570308183e+02,-3.136798431456e+02,2.662592119818e+02,-2.914193764203e+02,2.125429958724e+02,-3.321016738515e+02,1.000000000000e+00,1.232123430909
1868,17024,6234375000.000000,4.481140616365e+01,-2.240570308183e+02,7.233400198268e+01,-2.225670737852e+02,4.059633927525e+01,-2.258529829948e+02,1.000000000000e+00,1.211283232146
1869,17025,6234741210.937500,-3.136798431456e+02,-1.344342184910e+02,-3.036528235481e+02,-1.732552091961e+02,-3.111426619977e+02,-1.031330515081e+02,1.000000000000e+00,1.190450136534
1870,17026,6235107421.875000,2.240570308183e+02,-1.344342184910e+02,2.432513736807e+02,-1.117278647676e+02,2.281169461694e+02,-1.517414747120e+02,1.000000000000e+00,1.169623993718
1871,17027,6235473632.812500,-3.136798431456e+02,4.481140616365e+01,-3.242923351309e+02,1.202927885533e+01,-2.947483338423e+02,7.845770446272e+01,1.000000000000e+00,1.148804653439
1872,17028,6235839843.750000,1.344342184910e+02,-3.136798431456e+02,1.689488742162e+02,-3.058466733463e+02,1.199856842148e+02,-3.229154899988e+02,1.000000000000e+00,1.127991965536
1873,17029,6236206054.687500,1.344342184910e+02,1.344342184910e+02,1.237538901356e+02,1.501987441317e+02,1.631015377771e+02,1.263895117802e+02,1.000000000000e+00,1.107185779942
1874,17030,6236572265.625000,3.136798431456e+02,-4.481140616365e+01,3.239517596407e+02,-1.558678705564e+01,3.251558697494e+02,-7.015039132095e+01,1.000000000000e+00,1.086385946685
1875,17031,6236938476.562500,4.481140616365e+01,2.240570308183e+02,2.473947941003e+01,2.325409629536e+02,8.160855545859e+01,2.255955603921e+02,1.000000000000e+00,1.065592315890
1876,17032,6237304687.500000,-4.481140616365e+01,2.240570308183e+02,-6.595590178514e+01,2.243764127695e+02,-8.276874454775e+00,2.346095143335e+02,1.000000000000e+00,1.044804737768
1877,17033,6237670898.437500,-2.240570308183e+02,-3.136798431456e+02,-2.010933320585e+02,-3.395051257230e+02,-2.400695062875e+02,-2.864174424977e+02,1.000000000000e+00,1.024023062627
1878,17034,6238037109.375000,4.481140616365e+01,-4.481140616365e+01,4.949139668543e+01,-4.194947781070e+01,5.520031070152e+01,-4.277080600165e+01,1.000000000000e+00,1.003247140859
1879,17035,6238403320.312500,-2.240570308183e+02,-2.240570308183e+02,-2.110442709197e+02,-2.464565457825e+02,-2.323465121877e+02,-1.953401584157e+02,1.000000000000e+00,0.982476822948
1880,17036,6238769531.250000,-3.136798431456e+02,-3.136798431456e+02,-2.972710188228e+02,-3.436291230421e+02,-3.319857393444e+02,-2.751555168570e+02,1.000000000000e+00,0.961711959462
1881,17037,6239135742.187500,-4.481140616365e+01,-3.136798431456e+02,-2.412266387329e+01,-3.236932500842e+02,-6.335640929978e+01,-3.021440762175e+02,1.000000000000e+00,0.940952401053
1882,17038,6239501953.125000,-4.481140616365e+01,-1.344342184910e+02,-3.708349648022e+01,-1.403342955050e+02,-4.507887593569e+01,-1.221341028118e+02,1.000000000000e+00,0.920197998458
1883,17039,6239868164.062500,1.344342184910e+02,2.240570308183e+02,1.238507791532e+02,2.372451648955e+02,1.722991407107e+02,2.182088486614e+02,1.000000000000e+00,0.899448602493
1884,17040,6240234375.000000,-1.344342184910e+02,1.344342184910e+02,-1.451779368199e+02,1.297548133097e+02,-1.066602627345e+02,1.574726405276e+02,1.000000000000e+00,0.878704064056
1885,17041,6240600585.937500,-1.344342184910e+02,3.136798431456e+02,-1.545761073438e+02,3.134495034743e+02,-8.766916977532e+01,3.372553928429e+02,1.000000000000e+00,0.857964234118
1886,17042,6240966796.875000,-4.481140616365e+01,-3.136798431456e+02,-2.962237202131e+01,-3.231138520808e+02,-6.530330296251e+01,-3.002093462290e+02,1.000000000000e+00,0.837228963730
1887,17043,6241333007.812500,-3.136798431456e+02,-3.136798431456e+02,-3.058556272257e+02,-3.356517624339e+02,-3.349708790475e+02,-2.705929961403e+02,1.000000000000e+00,0.816498104014
1888,17044,6241699218.750000,-3.136798431456e+02,-2.240570308183e+02,-3.110186975467e+02,-2.426187413375e+02,-3.256384465893e+02,-1.800672796672e+02,1.000000000000e+00,0.795771506163
1889,17045,6242065429.687500,-2.240570308183e+02,4.481140616365e+01,-2.308153625199e+02,3.706239524726e+01,-2.066274281619e+02,7.959513998756e+01,1.000000000000e+00,0.775049021442
1890,17046,6242431640.625000,2.240570308183e+02,-2.240570308183e+02,2.372287625023e+02,-2.212602729890e+02,2.114086837638e+02,-2.389273496872e+02,1.000000000000e+00,0.754330501178
1891,17047,6242797851.562500,4.481140616365e+01,3.136798431456e+02,3.578083368450e+01,3.226331481598e+02,9.198725944826e+01,3.195233130062e+02,1.000000000000e+00,0.733615796769
1892,17048,6243164062.500000,-4.481140616365e+01,4.481140616365e+01,-4.720411158238e+01,4.459347982442e+01,-2.813913200381e+01,6.068372945154e+01,1.000000000000e+00,0.712904759672
1893,17049,6243530273.437500,-4.481140616365e+01,-1.344342184910e+02,-4.232813435195e+01,-1.388504686280e+02,-4.848995413081e+01,-1.185153208491e+02,1.000000000000e+00,0.692197241405
1894,17050,6243896484.375000,-3.136798431456e+02,4.481140616365e+01,-3.222056791351e+02,3.840108212737e+01,-2.977541808653e+02,9.121052446150e+01,1.000000000000e+00,0.671493093544
1895,17051,6244262695.312500,3.136798431456e+02,-4.481140616365e+01,3.221246900460e+02,-3.979801431841e+01,3.197733906941e+02,-6.884218868289e+01,1.000000000000e+00,0.650792167721
1896,17052,6244628906.250000,-4.481140616365e+01,-1.344342184910e+02,-4.399285499870e+01,-1.384025675087e+02,-4.978423385045e+01,-1.176206443087e+02,1.000000000000e+00,0.630094315622
1897,17053,6244995117.187500,-2.240570308183e+02,-1.344342184910e+02,-2.284864854814e+02,-1.399056288593e+02,-2.298762522474e+02,-9.621690686038e+01,1.000000000000e+00,0.609399388984
1898,17054,6245361328.125000,2.240570308183e+02,-4.481140616365e+01,2.298584477800e+02,-4.456117034672e+01,2.289638948150e+02,-5.900572586765e+01,1.000000000000e+00,0.588707239591
1899,17055,6245727539.062500,-1.344342184910e+02,-1.344342184910e+02,-1.372743149597e+02,-1.380547192995e+02,-1.405850597621e+02,-1.060881612452e+02,1.000000000000e+00,0.568017719275
1900,17056,6246093750.000000,-1.344342184910e+02,1.344342184910e+02,-1.375274537947e+02,1.377063585179e+02,-1.090036318945e+02,1.630326098031e+02,1.000000000000e+00,0.547330679910
1901,17057,6246459960.937500,-2.240570308183e+02,3.136798431456e+02,-2.277665107002e+02,3.224939023470e+02,-1.771006498607e+02,3.535765166436e+02,1.000000000000e+00,0.526645973413
1902,17058,6246826171.875000,1.344342184910e+02,2.240570308183e+02,1.400534546939e+02,2.282125031928e+02,1.707131905390e+02,2.207454523423e+02,1.000000000000e+00,0.505963451737
1903,17059,6247192382.812500,4.481140616365e+01,1.344342184910e+02,4.791014483106e+01,1.371314008701e+02,6.998930646423e+01,1.422186839371e+02,1.000000000000e+00,0.485282966873
1904,17060,6247558593.750000,-2.240570308183e+02,1.344342184910e+02,-2.271265227673e+02,1.420326319838e+02,-1.991281410816e+02,1.760229269339e+02,1.000000000000e+00,0.464604370846
1905,17061,6247924804.687500,4.481140616365e+01,-3.136798431456e+02,3.870233648417e+01,-3.225805101723e+02,1.298888232761e+01,-3.057939583259e+02,1.000000000000e+00,0.443927515708
1906,17062,6248291015.625000,-1.344342184910e+02,-2.240570308183e+02,-1.436526750320e+02,-2.260159574309e+02,-1.553260659338e+02,-1.931495057555e+02,1.000000000000e+00,0.423252253545
1907,17063,6248657226.562500,3.136798431456e+02,-4.481140616365e+01,3.198643578742e+02,-5.514186845424e+01,3.149406862438e+02,-7.063192096315e+01,1.000000000000e+00,0.402578436463
1908,17064,6249023437.500000,-1.344342184910e+02,3.136798431456e+02,-1.273264157996e+02,3.253827396077e+02,-8.753925080041e+01,3.445121352614e+02,1.000000000000e+00,0.381905916596
1909,17065,6249389648.437500,-4.481140616365e+01,-4.481140616365e+01,-4.747210736979e+01,-4.423590440189e+01,-4.397614028953e+01,-2.475647534232e+01,1.000000000000e+00,0.361234546094
1910,17066,6249755859.375000,2.240570308183e+02,2.240570308183e+02,2.381218234113e+02,2.203913742257e+02,2.586586717026e+02,2.094602810528e+02,1.000000000000e+00,0.340564177128
1911,17067,6250122070.312500,3.136798431456e+02,-3.136798431456e+02,3.071958665649e+02,-3.347362436043e+02,2.784471388911e+02,-3.394053571766e+02,1.000000000000e+00,0.319894661883
1912,17068,6250488281.250000,-4.481140616365e+01,-2.240570308183e+02,-5.705922341461e+01,-2.270620711469e+02,-6.903347029248e+01,-2.031841131108e+02,1.000000000000e+00,0.299225852556
1913,17069,6250854492.187500,1.344342184910e+02,2.240570308183e+02,1.501631863037e+02,2.217965523368e+02,1.698269083044e+02,2.203006616633e+02,1.000000000000e+00,0.278557601356
1914,17070,6251220703.125000,1.344342184910e+02,4.481140616365e+01,1.403101270145e+02,3.772074285314e+01,1.451937809524e+02,4.115390846982e+01,1.000000000000e+00,0.257889760496
1915,17071,6251586914.062500,1.344342184910e+02,1.344342184910e+02,1.461863805668e+02,1.289635603488e+02,1.572244098850e+02,1.306906420844e+02,1.000000000000e+00,0.237222182196
1916,17072,6251953125.000000,-2.240570308183e+02,4.481140616365e+01,-2.262289517008e+02,6.098169834748e+01,-2.135394324582e+02,9.083273100614e+01,1.000000000000e+00,0.216554718678
1917,17073,6252319335.937500,-2.240570308183e+02,-1.344342184910e+02,-2.387488174634e+02,-1.216423373785e+02,-2.387812589056e+02,-8.802380190727e+01,1.000000000000e+00,0.195887222164
1918,17074,6252685546.875000,3.136798431456e+02,2.240570308183e+02,3.374863082041e+02,2.058777941781e+02,3.478563386548e+02,1.952543028875e+02,1.000000000000e+00,0.175219544870
1919,17075,6253051757.812500,-1.344342184910e+02,-3.136798431456e+02,-1.618616959555e+02,-3.103222151776e+02,-1.751899501946e+02,-2.792367249493e+02,1.000000000000e+00,0.154551539009
1920,17076,6253417968.750000,-4.481140616365e+01,1.344342184910e+02,-3.479547017082e+01,1.410845700074e+02,-2.317087430950e+01,1.558424695493e+02,1.000000000000e+00,0.133883056785
1921,17077,6253784179.687500,3.136798431456e+02,2.240570308183e+02,3.397680152430e+02,2.019317608804e+02,3.472302493995e+02,1.943441786328e+02,1.000000000000e+00,0.113213950391
1922,17078,6254150390.625000,2.240570308183e+02,-2.240570308183e+02,2.086559405030e+02,-2.489144142284e+02,1.933633936658e+02,-2.402690319225e+02,1.000000000000e+00,0.092544072007
1923,17079,6254516601.562500,-3.136798431456e+02,1.344342184910e+02,-3.075256311673e+02,1.663780344573e+02,-2.920066683092e+02,1.944556102296e+02,1.000000000000e+00,0.071873273797
1924,17080,6254882812.500000,-4.481140616365e+01,-1.344342184910e+02,-5.864788311219e+01,-1.327318562827e+02,-6.285017289202e+01,-1.121426838878e+02,1.000000000000e+00,0.051201407907
1925,17081,6255249023.437500,-1.344342184910e+02,4.481140616365e+01,-1.325764157225e+02,5.908278716059e+01,-1.267652064858e+02,7.945777823375e+01,1.000000000000e+00,0.030528326462
1926,17082,6255615234.375000,-1.344342184910e+02,1.344342184910e+02,-1.232427582807e+02,1.509186094849e+02,-1.142299499474e+02,1.689155561860e+02,1.000000000000e+00,0.009853881564
1927,17083,6255981445.312500,-4.481140616365e+01,-3.136798431456e+02,-7.901294589237e+01,-3.151800601823e+02,-9.011405941478e+01,-2.911536813071e+02,1.000000000000e+00,-0.010822074712
1928,17084,6256347656.250000,4.481140616365e+01,1.344342184910e+02,6.041815852955e+01,1.321276805496e+02,6.395581663506e+01,1.429674341997e+02,1.000000000000e+00,-0.031499690315
1929,17085,6256713867.187500,3.136798431456e+02,2.240570308183e+02,3.449035425623e+02,1.927890344577e+02,3.448891710937e+02,1.930099849052e+02,1.000000000000e+00,-0.052179113230
1930,17086,6257080078.125000,3.136798431456e+02,-1.344342184910e+02,3.037062220073e+02,-1.735229728796e+02,2.920327996657e+02,-1.647878788484e+02,1.000000000000e+00,-0.072860491469
1931,17087,6257446289.062500,3.136798431456e+02,-1.344342184910e+02,3.030614599961e+02,-1.749568282657e+02,2.915109868381e+02,-1.653926248660e+02,1.000000000000e+00,-0.093543973082
1932,17088,6257812500.000000,-4.481140616365e+01,-2.240570308183e+02,-7.385310657989e+01,-2.224601424510e+02,-8.007555084111e+01,-2.015866881608e+02,1.000000000000e+00,-0.114229706156
1933,17089,6258178710.937500,4.481140616365e+01,4.481140616365e+01,5.142378184153e+01,3.978138998567e+01,4.938044706351e+01,5.305219764603e+01,1.000000000000e+00,-0.134917838814
1934,17090,6258544921.875000,1.344342184910e+02,-3.136798431456e+02,9.496966271725e+01,-3.368741461724e+02,8.411418247626e+01,-3.180669984675e+02,1.000000000000e+00,-0.155608519225
1935,17091,6258911132.812500,1.344342184910e+02,-4.481140616365e+01,1.305036600868e+02,-6.384786252730e+01,1.244074891154e+02,-5.007974096396e+01,1.000000000000e+00,-0.176301895598
1936,17092,6259277343.750000,-2.240570308183e+02,4.481140616365e+01,-2.213314835031e+02,7.669574586142e+01,-2.196391675074e+02,9.353894265397e+01,1.000000000000e+00,-0.196998116188
1937,17093,6259643554.687500,-3.136798431456e+02,-1.344342184910e+02,-3.375606574586e+02,-9.192193334351e+01,-3.364955655022e+02,-7.159087710494e+01,1.000000000000e+00,-0.217697329299
1938,17094,6260009765.625000,2.240570308183e+02,-1.344342184910e+02,2.078852650416e+02,-1.689093756165e+02,1.990561982774e+02,-1.533062397773e+02,1.000000000000e+00,-0.238399683281
1939,17095,6260375976.562500,3.136798431456e+02,-4.481140616365e+01,3.114470704228e+02,-9.216264250548e+01,3.015136154722e+02,-7.803473022785e+01,1.000000000000e+00,-0.259105326539
1940,17096,6260742187.500000,4.481140616365e+01,-2.240570308183e+02,1.116221398509e+01,-2.339301188611e+02,5.646172849793e+00,-2.156342623950e+02,1.000000000000e+00,-0.279814407527
1941,17097,6261108398.437500,-2.240570308183e+02,2.240570308183e+02,-1.919918848278e+02,2.619416932094e+02,-1.934185116984e+02,2.720488487185e+02,1.000000000000e+00,-0.300527074758
1942,17098,6261474609.375000,-4.481140616365e+01,-1.344342184910e+02,-6.657534966513e+01,-1.291077603451e+02,-7.036983070315e+01,-1.129160165867e+02,1.000000000000e+00,-0.321243476797
1943,17099,6261840820.312500,-2.240570308183e+02,4.481140616365e+01,-2.198027255803e+02,8.102969840964e+01,-2.220067568040e+02,9.267089490532e+01,1.000000000000e+00,-0.341963762271
1944,17100,6262207031.250000,1.344342184910e+02,3.136798431456e+02,1.871028768432e+02,2.957506315033e+02,1.759720928291e+02,3.060985648606e+02,1.000000000000e+00,-0.362688079863
1945,17101,6262573242.187500,1.344342184910e+02,-3.136798431456e+02,8.349444698671e+01,-3.399578214298e+02,7.946499589493e+01,-3.197136470035e+02,1.000000000000e+00,-0.383416578320
1946,17102,6262939453.125000,-3.136798431456e+02,4.481140616365e+01,-3.095327208002e+02,9.943486869215e+01,-3.120734569572e+02,1.073026553322e+02,1.000000000000e+00,-0.404149406449
1947,17103,6263305664.062500,-4.481140616365e+01,-4.481140616365e+01,-5.320937443942e+01,-3.733002508198e+01,-5.846277385236e+01,-2.416735685849e+01,1.000000000000e+00,-0.424886713123
1948,17104,6263671875.000000,2.240570308183e+02,4.481140616365e+01,2.341945276987e+02,4.479329388021e+00,2.231415374364e+02,2.191888563528e+01,1.000000000000e+00,-0.445628647277
1949,17105,6264038085.937500,-4.481140616365e+01,4.481140616365e+01,-3.680985464987e+01,5.350219396087e+01,-4.465303383401e+01,6.482265272383e+01,1.000000000000e+00,-0.466375357916
1950,17106,6264404296.875000,3.136798431456e+02,-2.240570308183e+02,2.736741916277e+02,-2.852879668485e+02,2.682443500312e+02,-2.611053503323e+02,1.000000000000e+00,-0.487126994109
1951,17107,6264770507.812500,2.240570308183e+02,4.481140616365e+01,2.345049822735e+02,1.950281323449e+00,2.225596583230e+02,2.076993484978e+01,1.000000000000e+00,-0.507883704994
1952,17108,6265136718.750000,-3.136798431456e+02,2.240570308183e+02,-2.723348730018e+02,2.871482449232e+02,-2.843034679038e+02,2.866460712267e+02,1.000000000000e+00,-0.528645639780
1953,17109,6265502929.687500,-2.240570308183e+02,-2.240570308183e+02,-2.697622088269e+02,-1.815099631603e+02,-2.677751316596e+02,-1.748656673655e+02,1.000000000000e+00,-0.549412947745
1954,17110,6265869140.625000,-3.136798431456e+02,-2.240570308183e+02,-3.600807727646e+02,-1.632343399592e+02,-3.569244120604e+02,-1.609807846818e+02,1.000000000000e+00,-0.570185778236
1955,17111,6266235351.562500,1.344342184910e+02,1.344342184910e+02,1.621532589380e+02,1.082871708705e+02,1.462860029068e+02,1.242181107629e+02,1.000000000000e+00,-0.590964280673
1956,17112,6266601562.500000,2.240570308183e+02,2.240570308183e+02,2.707340904546e+02,1.799251129680e+02,2.495273142081e+02,1.991594548069e+02,1.000000000000e+00,-0.611748604548
1957,17113,6266967773.437500,-4.481140616365e+01,-1.344342184910e+02,-7.261059534638e+01,-1.259905064965e+02,-7.543896041048e+01,-1.156279755303e+02,1.000000000000e+00,-0.632538899426
1958,17114,6267333984.375000,3.136798431456e+02,-1.344342184910e+02,2.869884813283e+02,-2.005066523715e+02,2.812936767357e+02,-1.728734814359e+02,1.000000000000e+00,-0.653335314942
1959,17115,6267700195.312500,1.344342184910e+02,2.240570308183e+02,1.825154629273e+02,1.961653613106e+02,1.598179096212e+02,2.122366844034e+02,1.000000000000e+00,-0.674138000807
1960,17116,6268066406.250000,2.240570308183e+02,1.344342184910e+02,2.536182503425e+02,8.614877176293e+01,2.344623432616e+02,1.080189219934e+02,1.000000000000e+00,-0.694947106802
1961,17117,6268432617.187500,2.240570308183e+02,-3.136798431456e+02,1.550398942598e+02,-3.634177993728e+02,1.612495149703e+02,-3.382882869393e+02,1.000000000000e+00,-0.715762782785
1962,17118,6268798828.125000,3.136798431456e+02,-2.240570308183e+02,2.633037974980e+02,-2.945209644768e+02,2.643896302946e+02,-2.643632582148e+02,1.000000000000e+00,-0.736585178682
1963,17119,6269165039.062500,2.240570308183e+02,2.240570308183e+02,2.749513011247e+02,1.728353342209e+02,2.488475803799e+02,1.955531624983e+02,1.000000000000e+00,-0.757414444496
1964,17120,6269531250.000000,-3.136798431456e+02,3.136798431456e+02,-2.412452587868e+02,3.855599066871e+02,-2.715534400225e+02,3.730140354338e+02,1.000000000000e+00,-0.778250730300
1965,17121,6269897460.937500,-2.240570308183e+02,2.240570308183e+02,-1.717996769215e+02,2.758476777917e+02,-1.975456335798e+02,2.688311576660e+02,1.000000000000e+00,-0.799094186240
1966,17122,6270263671.875000,-3.136798431456e+02,-2.240570308183e+02,-3.657889729623e+02,-1.501186170318e+02,-3.603211269950e+02,-1.628120791861e+02,1.000000000000e+00,-0.819944962531
1967,17123,6270629882.812500,-3.136798431456e+02,4.481140616365e+01,-3.024072042659e+02,1.191337319576e+02,-3.165486652913e+02,1.044814992419e+02,1.000000000000e+00,-0.840803209460
1968,17124,6270996093.750000,3.136798431456e+02,2.240570308183e+02,3.665900886697e+02,1.482490844310e+02,3.370296130074e+02,1.800827981212e+02,1.000000000000e+00,-0.861669077386
1969,17125,6271362304.687500,4.481140616365e+01,-1.344342184910e+02,1.188213216232e+01,-1.448198575352e+02,1.045657117470e+01,-1.331008432601e+02,1.000000000000e+00,-0.882542716732
1970,17126,6271728515.625000,1.344342184910e+02,-2.240570308183e+02,7.827440293087e+01,-2.561321145322e+02,8.434463896333e+01,-2.373375447945e+02,1.000000000000e+00,-0.903424277991
1971,17127,6272094726.562500,2.240570308183e+02,1.344342184910e+02,2.563335212838e+02,7.737849223567e+01,2.327600040748e+02,1.036999018794e+02,1.000000000000e+00,-0.924313911722
1972,17128,6272460937.500000,-1.344342184910e+02,2.240570308183e+02,-7.690021382774e+01,2.565223983739e+02,-1.089273180782e+02,2.521526161945e+02,1.000000000000e+00,-0.945211768549
1973,17129,6272827148.437500,2.240570308183e+02,-3.136798431456e+02,1.425858129805e+02,-3.685246055641e+02,1.583832162993e+02,-3.421280615317e+02,1.000000000000e+00,-0.966117999159
1974,17130,6273193359.375000,3.136798431456e+02,4.481140616365e+01,3.228811135023e+02,-3.615146501385e+01,3.066909149160e+02,-6.729625184223e-01,1.000000000000e+00,-0.987032754298
1975,17131,6273559570.312500,-4.481140616365e+01,-2.240570308183e+02,-1.026787833802e+02,-2.106882619976e+02,-9.443000001069e+01,-2.093647925503e+02,1.000000000000e+00,-1.007956184776
1976,17132,6273925781.250000,-1.344342184910e+02,2.240570308183e+02,-7.452380506298e+01,2.575569833025e+02,-1.097523740797e+02,2.511292878123e+02,1.000000000000e+00,-1.028888441455
1977,17133,6274291992.187500,-1.344342184910e+02,-3.136798431456e+02,-2.163365802337e+02,-2.752932209430e+02,-1.986360633375e+02,-2.844494383576e+02,1.000000000000e+00,-1.049829675258
1978,17134,6274658203.125000,1.344342184910e+02,-2.240570308183e+02,7.327073863057e+01,-2.577690269795e+02,8.368570293740e+01,-2.398325807752e+02,1.000000000000e+00,-1.070780037155
1979,17135,6275024414.062500,-4.481140616365e+01,4.481140616365e+01,-3.225259269924e+01,5.640536529932e+01,-5.045470153538e+01,5.687902141435e+01,1.000000000000e+00,-1.091739678171
1980,17136,6275390625.000000,2.240570308183e+02,-1.344342184910e+02,1.844887412922e+02,-1.943366235041e+02,1.870278931850e+02,-1.665223245697e+02,1.000000000000e+00,-1.112708749375
1981,17137,6275756835.937500,1.344342184910e+02,-3.136798431456e+02,4.500715501787e+01,-3.471551592772e+02,6.707203941276e+01,-3.304056606602e+02,1.000000000000e+00,-1.133687401882
1982,17138,6276123046.875000,4.481140616365e+01,-2.240570308183e+02,-1.922599214660e+01,-2.336025151605e+02,-7.147220299517e+00,-2.264378531426e+02,1.000000000000e+00,-1.154675786849
1983,17139,6276489257.812500,1.344342184910e+02,1.344342184910e+02,1.706192519404e+02,9.436548958631e+01,1.427990164196e+02,1.146343966481e+02,1.000000000000e+00,-1.175674055470
1984,17140,6276855468.750000,2.240570308183e+02,2.240570308183e+02,2.844001390102e+02,1.570412942247e+02,2.465693311419e+02,1.887344206513e+02,1.000000000000e+00,-1.196682358974
1985,17141,6277221679.687500,1.344342184910e+02,-3.136798431456e+02,4.283243530456e+01,-3.473905992633e+02,6.812516415530e+01,-3.313447253860e+02,1.000000000000e+00,-1.217700848620
1986,17142,6277587890.625000,2.240570308183e+02,4.481140616365e+01,2.336416910307e+02,-2.027837597228e+01,2.168167532962e+02,1.030704207110e+01,1.000000000000e+00,-1.238729675696
1987,17143,6277954101.562500,-2.240570308183e+02,-4.481140616365e+01,-2.337740156625e+02,2.070397215558e+01,-2.443566352085e+02,-5.447574827316e+00,1.000000000000e+00,-1.259768991513
1988,17144,6278320312.500000,4.481140616365e+01,3.136798431456e+02,1.354923605725e+02,2.959231107703e+02,8.230842782851e+01,3.073377099973e+02,1.000000000000e+00,-1.280818947397
1989,17145,6278686523.437500,2.240570308183e+02,-2.240570308183e+02,1.549339338481e+02,-2.862010568778e+02,1.730629638955e+02,-2.581484405777e+02,1.000000000000e+00,-1.301879694692
1990,17146,6279052734.375000,-2.240570308183e+02,-2.240570308183e+02,-2.864513007879e+02,-1.543973606171e+02,-2.734536285738e+02,-1.855566351140e+02,1.000000000000e+00,-1.322951384751
1991,17147,6279418945.312500,-2.240570308183e+02,-3.136798431456e+02,-3.132845020842e+02,-2.417769225916e+02,-2.878422230015e+02,-2.751623972956e+02,1.000000000000e+00,-1.344034168931
1992,17148,6279785156.250000,3.136798431456e+02,2.240570308183e+02,3.749056670829e+02,1.262176890879e+02,3.349807446869e+02,1.731547391248e+02,1.000000000000e+00,-1.365128198586
1993,17149,6280151367.187500,2.240570308183e+02,-3.136798431456e+02,1.254579742919e+02,-3.750127227589e+02,1.588133410705e+02,-3.480664413687e+02,1.000000000000e+00,-1.386233625068
1994,17150,6280517578.125000,-3.136798431456e+02,-4.481140616365e+01,-3.209518942792e+02,5.079420881880e+01,-3.331751354973e+02,5.772206127392e+00,1.000000000000e+00,-1.407350599716
1995,17151,6280883789.062500,-1.344342184910e+02,-4.481140616365e+01,-1.452402203598e+02,-3.115615826468e+00,-1.546125148107e+02,-2.339773198188e+01,1.000000000000e+00,-1.428479273850
1996,17152,6281250000.000000,-2.240570308183e+02,1.344342184910e+02,-1.779258134402e+02,2.004012412002e+02,-2.150511260819e+02,1.693978963836e+02,1.000000000000e+00,-1.449619798768
1997,17153,6281616210.937500,-1.344342184910e+02,-4.481140616365e+01,-1.454421949118e+02,-1.778348892928e+00,-1.548002343194e+02,-2.342131425119e+01,1.000000000000e+00,-1.470772325737
1998,17154,6281982421.875000,-3.136798431456e+02,-1.344342184910e+02,-3.491516507714e+02,-3.156514408308e+01,-3.484575219246e+02,-8.272334285248e+01,1.000000000000e+00,-1.491937005990
1999,17155,6282348632.812500,-4.481140616365e+01,4.481140616365e+01,-2.945859237202e+01,5.801181817017e+01,-5.067139779224e+01,5.059271636576e+01,1.000000000000e+00,-1.513113990713
2000,17156,6282714843.750000,-4.481140616365e+01,3.136798431456e+02,5.634853747595e+01,3.201847778718e+02,-6.742215731471e+00,3.178805967572e+02,1.000000000000e+00,-1.534303431045
2001,17157,6283081054.687500,-3.136798431456e+02,-1.344342184910e+02,-3.486137421230e+02,-3.081933678403e+01,-3.472598004330e+02,-8.517602085448e+01,1.000000000000e+00,-1.555505478066
2002,17158,6283447265.625000,3.136798431456e+02,2.240570308183e+02,3.773261226846e+02,1.178680838913e+02,3.349593542939e+02,1.705283631737e+02,1.000000000000e+00,-1.576720282789
2003,17159,6283813476.562500,3.136798431456e+02,2.240570308183e+02,3.774140451086e+02,1.175804451250e+02,3.347821158836e+02,1.707667232646e+02,1.000000000000e+00,-1.597947996156
2004,17160,6284179687.500000,-1.344342184910e+02,3.136798431456e+02,-2.991167421675e+01,3.487402348227e+02,-9.759414077020e+01,3.307102212487e+02,1.000000000000e+00,-1.619188769026
2005,17161,6284545898.437500,2.240570308183e+02,1.344342184910e+02,2.616294669680e+02,5.840949372720e+01,2.314304396330e+02,9.567599317312e+01,1.000000000000e+00,-1.640442752171
2006,17162,6284912109.375000,3.136798431456e+02,-2.240570308183e+02,2.325337320676e+02,-3.200408538690e+02,2.650401905598e+02,-2.757844281982e+02,1.000000000000e+00,-1.661710096260
2007,17163,6285278320.312500,-2.240570308183e+02,-2.240570308183e+02,-2.911592773530e+02,-1.447538106571e+02,-2.709060012097e+02,-1.923858998622e+02,1.000000000000e+00,-1.682990951857
2008,17164,6285644531.250000,-4.481140616365e+01,-2.240570308183e+02,-1.171654682648e+02,-2.030522128960e+02,-9.198348835118e+01,-2.204957067382e+02,1.000000000000e+00,-1.704285469410
2009,17165,6286010742.187500,-2.240570308183e+02,-4.481140616365e+01,-2.323962563801e+02,3.050086356705e+01,-2.427164835517e+02,-1.434804434343e+01,1.000000000000e+00,-1.725593799237
2010,17166,6286376953.125000,-2.240570308183e+02,-2.240570308183e+02,-2.919119644136e+02,-1.429715940220e+02,-2.702933005143e+02,-1.933276344973e+02,1.000000000000e+00,-1.746916091524
2011,17167,6286743164.062500,3.136798431456e+02,2.240570308183e+02,3.791271550489e+02,1.124012543191e+02,3.351408382689e+02,1.700130852953e+02,1.000000000000e+00,-1.768252496306
2012,17168,6287109375.000000,1.344342184910e+02,4.481140616365e+01,1.453647395562e+02,-1.822152970258e+00,1.289271548538e+02,1.874738203154e+01,1.000000000000e+00,-1.789603163463
2013,17169,6287475585.937500,-3.136798431456e+02,-1.344342184910e+02,-3.493752689392e+02,-2.376476964279e+01,-3.454718394210e+02,-9.078148189469e+01,1.000000000000e+00,-1.810968242707
2014,17170,6287841796.875000,3.136798431456e+02,-1.344342184910e+02,2.575717238968e+02,-2.373479489775e+02,2.801484060013e+02,-1.885490926419e+02,1.000000000000e+00,-1.832347883569
2015,17171,6288208007.812500,4.481140616365e+01,3.136798431456e+02,1.510682638400e+02,2.879267121188e+02,8.181129508293e+01,2.999041435531e+02,1.000000000000e+00,-1.853742235391
2016,17172,6288574218.750000,-2.240570308183e+02,2.240570308183e+02,-1.393993570831e+02,2.936001986226e+02,-2.002631464911e+02,2.516667529146e+02,1.000000000000e+00,-1.875151447311
2017,17173,6288940429.687500,3.136798431456e+02,4.481140616365e+01,3.183306983920e+02,-6.487496205497e+01,3.082530809300e+02,-9.556666575158e+00,1.000000000000e+00,-1.896575668252
2018,17174,6289306640.625000,-2.240570308183e+02,-1.344342184910e+02,-2.628691005364e+02,-5.240070403669e+01,-2.548133377679e+02,-1.068254443460e+02,1.000000000000e+00,-1.918015046912
2019,17175,6289672851.562500,-3.136798431456e+02,2.240570308183e+02,-2.254602921783e+02,3.252132261598e+02,-2.903885632970e+02,2.638537369868e+02,1.000000000000e+00,-1.939469731745
2020,17176,6290039062.500000,3.136798431456e+02,1.344342184910e+02,3.499207372035e+02,2.089974280156e+01,3.227431640825e+02,8.054520414325e+01,1.000000000000e+00,-1.960939870955
2021,17177,6290405273.437500,2.240570308183e+02,-4.481140616365e+01,2.005819857397e+02,-1.216259569746e+02,2.065710361010e+02,-8.545651658907e+01,1.000000000000e+00,-1.982425612475
2022,17178,6290771484.375000,2.240570308183e+02,-3.136798431456e+02,1.055399577807e+02,-3.811913235755e+02,1.664156639849e+02,-3.540132811599e+02,1.000000000000e+00,-2.003927103960
2023,17179,6291137695.312500,-4.481140616365e+01,4.481140616365e+01,-2.732383203012e+01,5.897932627759e+01,-4.808714084486e+01,4.366603197445e+01,1.000000000000e+00,-2.025444492769
2024,17180,6291503906.250000,4.481140616365e+01,2.240570308183e+02,1.222143461200e+02,1.999515287259e+02,6.770094943570e+01,2.090949853561e+02,1.000000000000e+00,-2.046977925950
2025,17181,6291870117.187500,-2.240570308183e+02,-3.136798431456e+02,-3.263480429083e+02,-2.230933059687e+02,-2.785119932117e+02,-2.888624512000e+02,1.000000000000e+00,-2.068527550226
2026,17182,6292236328.125000,4.481140616365e+01,4.481140616365e+01,5.896515338516e+01,2.733803431926e+01,4.170560379893e+01,3.005235131714e+01,1.000000000000e+00,-2.090093511980
2027,17183,6292602539.062500,-4.481140616365e+01,2.240570308183e+02,3.609212122228e+01,2.315841181219e+02,-2.226531793700e+01,2.216328466488e+02,1.000000000000e+00,-2.111675957238
2028,17184,6292968750.000000,2.240570308183e+02,4.481140616365e+01,2.315966364629e+02,-3.626808620802e+01,2.211454266482e+02,4.678258757583e+00,1.000000000000e+00,-2.133275031653
2029,17185,6293334960.937500,-2.240570308183e+02,-3.136798431456e+02,-3.270873977286e+02,-2.221778759398e+02,-2.763576750784e+02,-2.909334419942e+02,1.000000000000e+00,-2.154890880490
2030,17186,6293701171.875000,-4.481140616365e+01,4.481140616365e+01,-2.711348187355e+01,5.906601158185e+01,-4.708050922808e+01,4.198758344202e+01,1.000000000000e+00,-2.176523648605
2031,17187,6294067382.812500,2.240570308183e+02,-3.136798431456e+02,1.030624822259e+02,-3.816360723094e+02,1.721151852818e+02,-3.534769592358e+02,1.000000000000e+00,-2.198173480434
2032,17188,6294433593.750000,-2.240570308183e+02,2.240570308183e+02,-1.344610305688e+02,2.960277002490e+02,-2.008306882348e+02,2.457811948169e+02,1.000000000000e+00,-2.219840519967
2033,17189,6294799804.687500,3.136798431456e+02,2.240570308183e+02,3.826127458881e+02,1.012311117091e+02,3.371496559057e+02,1.706981767352e+02,1.000000000000e+00,-2.241524910738
2034,17190,6295166015.625000,-1.344342184910e+02,-4.481140616365e+01,-1.453975647993e+02,5.975188574017e+00,-1.483027562334e+02,-3.568361548955e+01,1.000000000000e+00,-2.263226795799
2035,17191,6295532226.562500,-4.481140616365e+01,-2.240570308183e+02,-1.245742451986e+02,-1.987696302295e+02,-8.290038039425e+01,-2.276882976584e+02,1.000000000000e+00,-2.284946317707
2036,17192,6295898437.500000,-2.240570308183e+02,2.240570308183e+02,-1.335992270104e+02,2.965081985398e+02,-2.010043736193e+02,2.444749793710e+02,1.000000000000e+00,-2.306683618500
2037,17193,6296264648.437500,-4.481140616365e+01,2.240570308183e+02,3.868046991352e+01,2.312875969444e+02,-2.164192200818e+01,2.201458026655e+02,1.000000000000e+00,-2.328438839680
2038,17194,6296630859.375000,-2.240570308183e+02,-1.344342184910e+02,-2.640309617249e+02,-4.688429335294e+01,-2.487609026751e+02,-1.145494248278e+02,1.000000000000e+00,-2.350212122189
2039,17195,6296997070.312500,3.136798431456e+02,2.240570308183e+02,3.829233406621e+02,9.940591926419e+01,3.373746115118e+02,1.719435971241e+02,1.000000000000e+00,-2.372003606394
2040,17196,6297363281.250000,-4.481140616365e+01,-2.240570308183e+02,-1.256621000753e+02,-1.980152570775e+02,-8.097337537428e+01,-2.284492546921e+02,1.000000000000e+00,-2.393813432059
2041,17197,6297729492.187500,2.240570308183e+02,2.240570308183e+02,2.975827805784e+02,1.312851855943e+02,2.483172399089e+02,1.837129687892e+02,1.000000000000e+00,-2.415641738329
2042,17198,6298095703.125000,-4.481140616365e+01,4.481140616365e+01,-2.621388130668e+01,5.953276081729e+01,-4.450554665476e+01,4.030456825965e+01,1.000000000000e+00,-2.437488663704
2043,17199,6298461914.062500,4.481140616365e+01,1.344342184910e+02,9.253743224704e+01,1.121409321585e+02,5.679175109739e+01,1.181661382916e+02,1.000000000000e+00,-2.459354346017
2044,17200,6298828125.000000,3.136798431456e+02,2.240570308183e+02,3.826032229919e+02,9.954842705414e+01,3.367477293893e+02,1.744304538279e+02,1.000000000000e+00,-2.481238922413
2045,17201,6299194335.937500,4.481140616365e+01,2.240570308183e+02,1.251584210085e+02,1.981094231230e+02,6.764558849807e+01,2.079949399966e+02,1.000000000000e+00,-2.503142529323
2046,17202,6299560546.875000,4.481140616365e+01,-3.136798431456e+02,-7.315257357349e+01,-3.167305322458e+02,1.101455029957e+00,-3.304049199737e+02,1.000000000000e+00,-2.525065302442
2047,17203,6299926757.812500,3.136798431456e+02,-4.481140616365e+01,2.832217721375e+02,-1.597642529130e+02,3.040555374128e+02,-9.526030794480e+01,1.000000000000e+00,-2.547007376701
2048,17204,6300292968.750000,2.240570308183e+02,2.240570308183e+02,2.977866221403e+02,1.309654473877e+02,2.481373810908e+02,1.858291857711e+02,1.000000000000e+00,-2.568968886248
2049,17205,6300659179.687500,-3.136798431456e+02,4.481140616365e+01,-2.838117906632e+02,1.592934153191e+02,-3.129957461587e+02,7.189984558704e+01,1.000000000000e+00,-2.590949964415
2050,17206,6301025390.625000,-2.240570308183e+02,3.136798431456e+02,-9.875857346064e+01,3.835810212740e+02,-1.914044430055e+02,3.302436674369e+02,1.000000000000e+00,-2.612950743699
2051,17207,6301391601.562500,-4.481140616365e+01,-4.481140616365e+01,-5.954778333072e+01,-2.627687053138e+01,-5.359566369287e+01,-5.068451343532e+01,1.000000000000e+00,-2.634971355732
2052,17208,6301757812.500000,3.136798431456e+02,-3.136798431456e+02,1.832026532522e+02,-4.169355396400e+02,2.743309347960e+02,-3.626053806831e+02,1.000000000000e+00,-2.657011931252
2053,17209,6302124023.437500,4.481140616365e+01,2.240570308183e+02,1.264319882038e+02,1.975091644204e+02,6.834131091632e+01,2.082645967411e+02,1.000000000000e+00,-2.679072600083
2054,17210,6302490234.375000,-2.240570308183e+02,-1.344342184910e+02,-2.643472160199e+02,-4.527853119653e+01,-2.426931351684e+02,-1.202358656923e+02,1.000000000000e+00,-2.701153491099
2055,17211,6302856445.312500,3.136798431456e+02,4.481140616365e+01,3.168740429416e+02,-7.341031854860e+01,3.173539232359e+02,-1.262432177247e+00,1.000000000000e+00,-2.723254732199
2056,17212,6303222656.250000,1.344342184910e+02,-3.136798431456e+02,1.274637020140e+01,-3.500652132322e+02,9.845733368724e+01,-3.405763702447e+02,1.000000000000e+00,-2.745376450279
2057,17213,6303588867.187500,4.481140616365e+01,1.344342184910e+02,9.249174906565e+01,1.122243036101e+02,5.751286918671e+01,1.189934519664e+02,1.000000000000e+00,-2.767518771203
2058,17214,6303955078.125000,-4.481140616365e+01,-1.344342184910e+02,-9.236953185298e+01,-1.122913349317e+02,-6.066273438041e+01,-1.413192574423e+02,1.000000000000e+00,-2.789681819771
2059,17215,6304321289.062500,-4.481140616365e+01,-1.344342184910e+02,-9.222554053164e+01,-1.123341483336e+02,-6.009561134284e+01,-1.413893887932e+02,1.000000000000e+00,-2.811865719687
2060,17216,6304687500.000000,1.344342184910e+02,3.136798431456e+02,2.434631694522e+02,2.512805487293e+02,1.651427331673e+02,2.901489752605e+02,1.000000000000e+00,-2.834070593535
2061,17217,6305053710.937500,-2.240570308183e+02,-3.136798431456e+02,-3.289946849110e+02,-2.187070252426e+02,-2.563246727761e+02,-3.037386976580e+02,1.000000000000e+00,-2.856296562741
2062,17218,6305419921.875000,2.240570308183e+02,4.481140616365e+01,2.309391887302e+02,-3.874113428165e+01,2.284432005074e+02,1.234177607283e+01,1.000000000000e+00,-2.878543747544
2063,17219,6305786132.812500,2.240570308183e+02,2.240570308183e+02,2.962309380221e+02,1.330171842891e+02,2.456431839349e+02,1.925564837096e+02,1.000000000000e+00,-2.900812266963
2064,17220,6306152343.750000,1.344342184910e+02,-2.240570308183e+02,4.717180960588e+01,-2.635760540350e+02,1.137501527399e+02,-2.483352955557e+02,1.000000000000e+00,-2.923102238765
2065,17221,6306518554.687500,-2.240570308183e+02,-3.136798431456e+02,-3.288941509260e+02,-2.187498977981e+02,-2.538118057705e+02,-3.048741534519e+02,1.000000000000e+00,-2.945413779430
2066,17222,6306884765.625000,1.344342184910e+02,-2.240570308183e+02,4.700692007713e+01,-2.635626017280e+02,1.146241216940e+02,-2.479960304253e+02,1.000000000000e+00,-2.967747004119
2067,17223,6307250976.562500,3.136798431456e+02,-1.344342184910e+02,2.514257942320e+02,-2.432312642875e+02,3.032460738755e+02,-1.741856796453e+02,1.000000000000e+00,-2.990102026639
2068,17224,6307617187.500000,1.344342184910e+02,-1.344342184910e+02,7.979768250624e+01,-1.779400035017e+02,1.237916349489e+02,-1.578239202298e+02,1.000000000000e+00,-3.012478959408
2069,17225,6307983398.437500,-1.344342184910e+02,3.136798431456e+02,-1.441773810496e+01,3.500002637022e+02,-1.065217477551e+02,3.166002412365e+02,1.000000000000e+00,-3.034877913420
2070,17226,6308349609.375000,-1.344342184910e+02,3.136798431456e+02,-1.475116788490e+01,3.498940216986e+02,-1.069509622810e+02,3.163605910005e+02,1.000000000000e+00,-3.057298998207
2071,17227,6308715820.312500,4.481140616365e+01,-4.481140616365e+01,2.672524770399e+01,-5.926416203290e+01,4.268745774514e+01,-5.933830046826e+01,1.000000000000e+00,-3.079742321808
2072,17228,6309082031.250000,-3.136798431456e+02,-1.344342184910e+02,-3.496820989966e+02,-1.531521844424e+01,-3.247563588742e+02,-1.197618206453e+02,1.000000000000e+00,-3.102207990727
2073,17229,6309448242.187500,1.344342184910e+02,1.344342184910e+02,1.777633689234e+02,8.015621699991e+01,1.479850273352e+02,1.137661665589e+02,1.000000000000e+00,-3.124696109897
2074,17230,6309814453.125000,-3.136798431456e+02,4.481140616365e+01,-2.845489509455e+02,1.570577092670e+02,-3.096705536646e+02,6.036456892322e+01,1.000000000000e+00,3.135978524534
2075,17231,6310180664.062500,1.344342184910e+02,-4.481140616365e+01,1.126517911889e+02,-9.188938153321e+01,1.338108675307e+02,-6.608715060755e+01,1.000000000000e+00,3.113445196527
2076,17232,6310546875.000000,1.344342184910e+02,4.481140616365e+01,1.453000371582e+02,-5.835935274341e+00,1.412233143084e+02,2.435984120060e+01,1.000000000000e+00,3.090889113266
2077,17233,6310913085.937500,-4.481140616365e+01,1.344342184910e+02,5.751390217803e+00,1.453450000842e+02,-3.203967153653e+01,1.287831320921e+02,1.000000000000e+00,3.068310176481
2078,17234,6311279296.875000,1.344342184910e+02,1.344342184910e+02,1.777217658998e+02,8.057849093437e+01,1.482234372360e+02,1.153370719314e+02,1.000000000000e+00,3.045708289663
2079,17235,6311645507.812500,-1.344342184910e+02,-2.240570308183e+02,-2.097448463730e+02,-1.670393289008e+02,-1.484760447088e+02,-2.255886801930e+02,1.000000000000e+00,3.023083358108
2080,17236,6312011718.750000,2.240570308183e+02,2.240570308183e+02,2.955764668513e+02,1.353450298930e+02,2.442751721313e+02,2.002810931091e+02,1.000000000000e+00,3.000435288954
2081,17237,6312377929.687500,-2.240570308183e+02,-1.344342184910e+02,-2.634271830307e+02,-4.933836635003e+01,-2.312204476513e+02,-1.296403627384e+02,1.000000000000e+00,2.977763991226
2082,17238,6312744140.625000,2.240570308183e+02,-4.481140616365e+01,1.995131913074e+02,-1.228568498956e+02,2.260338775882e+02,-6.937646461426e+01,1.000000000000e+00,2.955069375874
2083,17239,6313110351.562500,-3.136798431456e+02,1.344342184910e+02,-2.540062148909e+02,2.407180901594e+02,-3.032432341558e+02,1.462126782818e+02,1.000000000000e+00,2.932351355816
2084,17240,6313476562.500000,3.136798431456e+02,4.481140616365e+01,3.179241859144e+02,-6.791583191196e+01,3.225703598057e+02,1.632492352947e+01,1.000000000000e+00,2.909609845979
2085,17241,6313842773.437500,2.240570308183e+02,-3.136798431456e+02,1.052405091254e+02,-3.814636234743e+02,2.108743705050e+02,-3.386955996866e+02,1.000000000000e+00,2.886844763344
2086,17242,6314208984.375000,1.344342184910e+02,-4.481140616365e+01,1.137919435245e+02,-9.064058974936e+01,1.370421185347e+02,-6.210433626842e+01,1.000000000000e+00,2.864056026986
2087,17243,6314575195.312500,2.240570308183e+02,-1.344342184910e+02,1.683860431286e+02,-2.087258661847e+02,2.221339547724e+02,-1.575792489995e+02,1.000000000000e+00,2.841243558119
2088,17244,6314941406.250000,-1.344342184910e+02,-2.240570308183e+02,-2.087817850607e+02,-1.682028581109e+02,-1.441872970989e+02,-2.263676158784e+02,1.000000000000e+00,2.818407280139
2089,17245,6315307617.187500,4.481140616365e+01,1.344342184910e+02,9.052075215613e+01,1.137481197394e+02,5.747739558536e+01,1.243115219859e+02,1.000000000000e+00,2.795547118670
2090,17246,6315673828.125000,-3.136798431456e+02,2.240570308183e+02,-2.240154222544e+02,3.257823157844e+02,-2.989807293035e+02,2.342068013644e+02,1.000000000000e+00,2.772663001604
2091,17247,6316040039.062500,-2.240570308183e+02,1.344342184910e+02,-1.693819212143e+02,2.076136488229e+02,-2.137825422115e+02,1.386139422521e+02,1.000000000000e+00,2.749754859151
2092,17248,6316406250.000000,-4.481140616365e+01,-2.240570308183e+02,-1.209113511841e+02,-2.006798242831e+02,-5.110257799060e+01,-2.315431933131e+02,1.000000000000e+00,2.726822623880
2093,17249,6316772460.937500,4.481140616365e+01,-3.136798431456e+02,-6.511302832387e+01,-3.182833591602e+02,3.540850209752e+01,-3.260110907754e+02,1.000000000000e+00,2.703866230765
2094,17250,6317138671.875000,-3.136798431456e+02,-4.481140616365e+01,-3.182981511640e+02,6.484117770124e+01,-3.125938736860e+02,-3.842192855616e+01,1.000000000000e+00,2.680885617235
2095,17251,6317504882.812500,3.136798431456e+02,1.344342184910e+02,3.491140960635e+02,2.177398256957e+01,3.274494844854e+02,1.134094945311e+02,1.000000000000e+00,2.657880723212
2096,17252,6317871093.750000,1.344342184910e+02,-4.481140616365e+01,1.143537217007e+02,-8.950370993725e+01,1.389438619281e+02,-5.865104566066e+01,1.000000000000e+00,2.634851491164
2097,17253,6318237304.687500,-2.240570308183e+02,-2.240570308183e+02,-2.932085397703e+02,-1.396797385911e+02,-2.294825435902e+02,-2.234230445193e+02,1.000000000000e+00,2.611797866148
2098,17254,6318603515.625000,2.240570308183e+02,2.240570308183e+02,2.930211249686e+02,1.403876731284e+02,2.405653705022e+02,2.095505994332e+02,1.000000000000e+00,2.588719795859
2099,17255,6318969726.562500,-2.240570308183e+02,1.344342184910e+02,-1.714428144644e+02,2.060465676793e+02,-2.148922876809e+02,1.368443987512e+02,1.000000000000e+00,2.565617230673
2100,17256,6319335937.500000,-4.481140616365e+01,3.136798431456e+02,6.220153824950e+01,3.188691078552e+02,-2.808145366562e+01,3.107376768791e+02,1.000000000000e+00,2.542490123698
2101,17257,6319702148.437500,-2.240570308183e+02,-1.344342184910e+02,-2.619839259202e+02,-5.520573730742e+01,-2.239302975848e+02,-1.347593873917e+02,1.000000000000e+00,2.519338430820
2102,17258,6320068359.375000,2.240570308183e+02,-3.136798431456e+02,1.126571569999e+02,-3.783939605324e+02,2.221577679057e+02,-3.292530680225e+02,1.000000000000e+00,2.496162110749
2103,17259,6320434570.312500,-4.481140616365e+01,1.344342184910e+02,1.028803275023e+00,1.451644521593e+02,-3.499491832101e+01,1.302037495236e+02,1.000000000000e+00,2.472961125069
2104,17260,6320800781.250000,-4.481140616365e+01,2.240570308183e+02,3.021159636321e+01,2.321734695199e+02,-3.291293034835e+01,2.205719637891e+02,1.000000000000e+00,2.449735438281
2105,17261,6321166992.187500,4.481140616365e+01,2.240570308183e+02,1.168150069212e+02,2.029616306636e+02,5.695571169081e+01,2.185600154807e+02,1.000000000000e+00,2.426485017858
2106,17262,6321533203.125000,-2.240570308183e+02,-1.344342184910e+02,-2.615321768761e+02,-5.776511262550e+01,-2.221437469091e+02,-1.365875183427e+02,1.000000000000e+00,2.403209834286
2107,17263,6321899414.062500,-2.240570308183e+02,3.136798431456e+02,-1.164218542460e+02,3.776604492322e+02,-2.130547696288e+02,3.147634589503e+02,1.000000000000e+00,2.379909861116
2108,17264,6322265625.000000,-2.240570308183e+02,1.344342184910e+02,-1.745824010579e+02,2.032091118741e+02,-2.166373880841e+02,1.340817795902e+02,1.000000000000e+00,2.356585075008
2109,17265,6322631835.937500,2.240570308183e+02,-1.344342184910e+02,1.746273040505e+02,-2.031961689786e+02,2.301684721920e+02,-1.451527532108e+02,1.000000000000e+00,2.333235455783
2110,17266,6322998046.875000,4.481140616365e+01,-3.136798431456e+02,-5.765841053685e+01,-3.197728390876e+02,4.631513902394e+01,-3.224040787515e+02,1.000000000000e+00,2.309860986469
2111,17267,6323364257.812500,4.481140616365e+01,-3.136798431456e+02,-5.741718976550e+01,-3.197678352591e+02,4.663580827625e+01,-3.221653346849e+02,1.000000000000e+00,2.286461653348
2112,17268,6323730468.750000,-2.240570308183e+02,-3.136798431456e+02,-3.189144832994e+02,-2.333640283605e+02,-2.240638046897e+02,-3.175085645681e+02,1.000000000000e+00,2.263037446004
2113,17269,6324096679.687500,-1.344342184910e+02,-1.344342184910e+02,-1.739407012329e+02,-8.784067566347e+01,-1.305534152784e+02,-1.382837963512e+02,1.000000000000e+00,2.239588357371
2114,17270,6324462890.625000,3.136798431456e+02,2.240570308183e+02,3.767981592364e+02,1.184309092473e+02,3.260000124971e+02,2.169078668717e+02,1.000000000000e+00,2.216114383782
2115,17271,6324829101.562500,-2.240570308183e+02,-3.136798431456e+02,-3.174391996341e+02,-2.348051528643e+02,-2.220764903699e+02,-3.179939914494e+02,1.000000000000e+00,2.192615525013
2116,17272,6325195312.500000,-1.344342184910e+02,-4.481140616365e+01,-1.451738221810e+02,-1.655663651692e+00,-1.286836056694e+02,-4.849533490808e+01,1.000000000000e+00,2.169091784330
2117,17273,6325561523.437500,-1.344342184910e+02,-1.344342184910e+02,-1.729452040208e+02,-8.993140280384e+01,-1.288460419908e+02,-1.393388951761e+02,1.000000000000e+00,2.145543168542
2118,17274,6325927734.375000,-2.240570308183e+02,2.240570308183e+02,-1.512851724028e+02,2.877853501986e+02,-2.191860824025e+02,2.217241318981e+02,1.000000000000e+00,2.121969688037
2119,17275,6326293945.312500,2.240570308183e+02,3.136798431456e+02,3.150320781953e+02,2.392149550383e+02,2.328186877003e+02,3.129282423195e+02,1.000000000000e+00,2.098371356840
2120,17276,6326660156.250000,-4.481140616365e+01,2.240570308183e+02,2.443376767338e+01,2.331691534439e+02,-3.815115165745e+01,2.222656308553e+02,1.000000000000e+00,2.074748192649
2121,17277,6327026367.187500,1.344342184910e+02,4.481140616365e+01,1.453546669523e+02,2.843705908857e+00,1.428475462397e+02,4.160436778552e+01,1.000000000000e+00,2.051100216887
2122,17278,6327392578.125000,-4.481140616365e+01,4.481140616365e+01,-3.042036719073e+01,5.745073234660e+01,-3.813069376324e+01,4.155853369704e+01,1.000000000000e+00,2.027427454744
2123,17279,6327758789.062500,4.481140616365e+01,-4.481140616365e+01,3.063183063441e+01,-5.732756922029e+01,5.277941708767e+01,-4.818926820380e+01,1.000000000000e+00,2.003729935224
2124,17280,6328125000.000000,1.344342184910e+02,1.344342184910e+02,1.716809356218e+02,9.239129866349e+01,1.414485530172e+02,1.337509606417e+02,1.000000000000e+00,1.980007691186
2125,17281,6328491210.937500,-4.481140616365e+01,-3.136798431456e+02,-1.360625982876e+02,-2.950091405340e+02,-3.432216671622e+01,-3.197862918036e+02,1.000000000000e+00,1.956260759391
2126,17282,6328857421.875000,1.344342184910e+02,1.344342184910e+02,1.713454604972e+02,9.285212908323e+01,1.410702252318e+02,1.343114055424e+02,1.000000000000e+00,1.932489180546
2127,17283,6329223632.812500,4.481140616365e+01,-3.136798431456e+02,-4.718897359130e+01,-3.214171884142e+02,5.668067598983e+01,-3.183636480999e+02,1.000000000000e+00,1.908692999342
2128,17284,6329589843.750000,-4.481140616365e+01,-4.481140616365e+01,-5.708297009445e+01,-3.108412954401e+01,-3.729344650565e+01,-4.843514414793e+01,1.000000000000e+00,1.884872264501
2129,17285,6329956054.687500,1.344342184910e+02,3.136798431456e+02,2.230853707023e+02,2.698951761016e+02,1.382539026798e+02,3.159693480946e+02,1.000000000000e+00,1.861027028815
2130,17286,6330322265.625000,-4.481140616365e+01,-4.481140616365e+01,-5.698787196613e+01,-3.131846015444e+01,-3.718230598347e+01,-4.832350603489e+01,1.000000000000e+00,1.837157349187
2131,17287,6330688476.562500,4.481140616365e+01,-1.344342184910e+02,6.117612618099e+00,-1.452776841959e+02,5.516756569237e+01,-1.369153357245e+02,1.000000000000e+00,1.813263286673
2132,17288,6331054687.500000,1.344342184910e+02,-1.344342184910e+02,9.503087248384e+01,-1.703601820676e+02,1.459196074571e+02,-1.345849810834e+02,1.000000000000e+00,1.789344906517
2133,17289,6331420898.437500,-2.240570308183e+02,4.481140616365e+01,-2.087638911790e+02,1.064633250417e+02,-2.198145288912e+02,3.765136794570e+01,1.000000000000e+00,1.765402278195
2134,17290,6331787109.375000,-2.240570308183e+02,-3.136798431456e+02,-3.075925824305e+02,-2.480891874683e+02,-2.101689062311e+02,-3.239369367609e+02,1.000000000000e+00,1.741435475451
2135,17291,6332153320.312500,-1.344342184910e+02,4.481140616365e+01,-1.205311602874e+02,8.101000830635e+01,-1.295301879048e+02,3.966341356847e+01,1.000000000000e+00,1.717444576329
2136,17292,6332519531.250000,4.481140616365e+01,-4.481140616365e+01,3.206642081146e+01,-5.647214034340e+01,5.356698383495e+01,-4.540616548954e+01,1.000000000000e+00,1.693429663216
2137,17293,6332885742.187500,-4.481140616365e+01,3.136798431456e+02,4.081263831293e+01,3.221030150068e+02,-4.721752244838e+01,3.131843253122e+02,1.000000000000e+00,1.669390822873
2138,17294,6333251953.125000,1.344342184910e+02,3.136798431456e+02,2.172854354617e+02,2.739351619594e+02,1.327270803587e+02,3.187363767820e+02,1.000000000000e+00,1.645328146469
2139,17295,6333618164.062500,3.136798431456e+02,-3.136798431456e+02,2.267838298039e+02,-3.938014894862e+02,3.333068164867e+02,-3.065763718993e+02,1.000000000000e+00,1.621241729618
2140,17296,6333984375.000000,1.344342184910e+02,-3.136798431456e+02,5.043202289422e+01,-3.458962860477e+02,1.534752710829e+02,-3.120607924627e+02,1.000000000000e+00,1.597131672402
2141,17297,6334350585.937500,2.240570308183e+02,1.344342184910e+02,2.570296691057e+02,7.493319027928e+01,2.274365993174e+02,1.429636950322e+02,1.000000000000e+00,1.572998079414
2142,17298,6334716796.875000,1.344342184910e+02,3.136798431456e+02,2.139930858627e+02,2.767264173183e+02,1.294633927293e+02,3.205824630606e+02,1.000000000000e+00,1.548841059775
2143,17299,6335083007.812500,-1.344342184910e+02,-3.136798431456e+02,-2.132044756449e+02,-2.774580884016e+02,-1.148550143198e+02,-3.225739849532e+02,1.000000000000e+00,1.524660727171
2144,17300,6335449218.750000,2.240570308183e+02,4.481140616365e+01,2.339564014172e+02,-1.193184982884e+01,2.305370984856e+02,5.452372689689e+01,1.000000000000e+00,1.500457199879
2145,17301,6335815429.687500,-1.344342184910e+02,-1.344342184910e+02,-1.672697718556e+02,-1.000367865006e+02,-1.223576686160e+02,-1.421082011879e+02,1.000000000000e+00,1.476230600788
2146,17302,6336181640.625000,4.481140616365e+01,1.344342184910e+02,7.788853076243e+01,1.225700588448e+02,4.553712044460e+01,1.370159563382e+02,1.000000000000e+00,1.451981057429
2147,17303,6336547851.562500,-3.136798431456e+02,2.240570308183e+02,-2.568867363040e+02,2.998291453926e+02,-3.197514736500e+02,2.097574452875e+02,1.000000000000e+00,1.427708701995
2148,17304,6336914062.500000,3.136798431456e+02,-4.481140616365e+01,3.010022275069e+02,-1.208611428005e+02,3.243249492722e+02,-2.953728942637e+01,1.000000000000e+00,1.403413671364
2149,17305,6337280273.437500,-4.481140616365e+01,-1.344342184910e+02,-7.707695599427e+01,-1.229082154519e+02,-3.153505846421e+01,-1.375994019167e+02,1.000000000000e+00,1.379096107120
2150,17306,6337646484.375000,3.136798431456e+02,-3.136798431456e+02,2.368453051712e+02,-3.876961811134e+02,3.382892806588e+02,-2.993649869556e+02,1.000000000000e+00,1.354756155569
2151,17307,6338012695.312500,-1.344342184910e+02,2.240570308183e+02,-8.034913322702e+01,2.553435512136e+02,-1.403762379532e+02,2.184371663570e+02,1.000000000000e+00,1.330393967760
2152,17308,6338378906.250000,-4.481140616365e+01,-1.344342184910e+02,-7.633922337216e+01,-1.234684625063e+02,-3.116833589186e+01,-1.375559962069e+02,1.000000000000e+00,1.306009699496
2153,17309,6338745117.187500,4.481140616365e+01,1.344342184910e+02,7.589461795245e+01,1.237291535776e+02,4.379689872183e+01,1.379818871566e+02,1.000000000000e+00,1.281603511354
2154,17310,6339111328.125000,3.136798431456e+02,4.481140616365e+01,3.234008658082e+02,-2.717633594228e+01,3.191477072803e+02,6.398729883850e+01,1.000000000000e+00,1.257175568692
2155,17311,6339477539.062500,-3.136798431456e+02,3.136798431456e+02,-2.415174479728e+02,3.847953229452e+02,-3.275858759288e+02,2.971188674626e+02,1.000000000000e+00,1.232726041663
2156,17312,6339843750.000000,-2.240570308183e+02,-3.136798431456e+02,-2.950721118665e+02,-2.622065905567e+02,-2.003295024031e+02,-3.281363275364e+02,1.000000000000e+00,1.208255105224
2157,17313,6340209960.937500,4.481140616365e+01,-2.240570308183e+02,-5.876324107964e+00,-2.339327692310e+02,6.472516165843e+01,-2.220363672503e+02,1.000000000000e+00,1.183762939142
2158,17314,6340576171.875000,-4.481140616365e+01,4.481140616365e+01,-3.475623802492e+01,5.483093324868e+01,-4.156168216017e+01,4.293363536576e+01,1.000000000000e+00,1.159249727997
2159,17315,6340942382.812500,4.481140616365e+01,-4.481140616365e+01,3.487880950123e+01,-5.477306742533e+01,5.401985572722e+01,-4.161184088724e+01,1.000000000000e+00,1.134715661193
2160,17316,6341308593.750000,-2.240570308183e+02,-4.481140616365e+01,-2.340869372634e+02,3.957047672281e+00,-2.162450479680e+02,-5.888440596932e+01,1.000000000000e+00,1.110160932953
2161,17317,6341674804.687500,4.481140616365e+01,-1.344342184910e+02,1.621124315715e+01,-1.442745041464e+02,6.031773319539e+01,-1.312453139885e+02,1.000000000000e+00,1.085585742321
2162,17318,6342041015.625000,2.240570308183e+02,-2.240570308183e+02,1.778466758831e+02,-2.715605010031e+02,2.472260595041e+02,-2.082075055009e+02,1.000000000000e+00,1.060990293160
2163,17319,6342407226.562500,-4.481140616365e+01,4.481140616365e+01,-3.573127482609e+01,5.421041952791e+01,-4.235134182291e+01,4.267522142791e+01,1.000000000000e+00,1.036374794150
2164,17320,6342773437.500000,-4.481140616365e+01,-1.344342184910e+02,-7.232359752188e+01,-1.258941206222e+02,-2.896904718788e+01,-1.374397028762e+02,1.000000000000e+00,1.011739458778
2165,17321,6343139648.437500,-1.344342184910e+02,4.481140616365e+01,-1.261043709617e+02,7.194028354798e+01,-1.326358829700e+02,3.569169211677e+01,1.000000000000e+00,0.987084505333
2166,17322,6343505859.375000,3.136798431456e+02,-2.240570308183e+02,2.711497573946e+02,-2.870142316480e+02,3.385411564213e+02,-1.990014452649e+02,1.000000000000e+00,0.962410156896
2167,17323,6343872070.312500,4.481140616365e+01,-1.344342184910e+02,1.899912534723e+01,-1.438620351323e+02,6.165713147664e+01,-1.301162275739e+02,1.000000000000e+00,0.937716641324
2168,17324,6344238281.250000,-2.240570308183e+02,2.240570308183e+02,-1.823760837444e+02,2.684348665304e+02,-2.375273305038e+02,2.078150100315e+02,1.000000000000e+00,0.913004191242
2169,17325,6344604492.187500,2.240570308183e+02,-4.481140616365e+01,2.169770710468e+02,-8.789988161274e+01,2.343270202414e+02,-2.539327884274e+01,1.000000000000e+00,0.888273044020
2170,17326,6344970703.125000,2.240570308183e+02,4.481140616365e+01,2.341767348791e+02,2.577219400088e+00,2.270375282007e+02,6.465571475065e+01,1.000000000000e+00,0.863523441761
2171,17327,6345336914.062500,1.344342184910e+02,1.344342184910e+02,1.606115854078e+02,1.102004140232e+02,1.294259464277e+02,1.474959759079e+02,1.000000000000e+00,0.838755631274
2172,17328,6345703125.000000,-4.481140616365e+01,-2.240570308183e+02,-8.657126538538e+01,-2.173888601343e+02,-2.064325421168e+01,-2.271733091163e+02,1.000000000000e+00,0.813969864056
2173,17329,6346069335.937500,3.136798431456e+02,-1.344342184910e+02,2.914887762109e+02,-1.926289899964e+02,3.315845295413e+02,-1.066671587448e+02,1.000000000000e+00,0.789166396264
2174,17330,6346435546.875000,-4.481140616365e+01,4.481140616365e+01,-3.713729614832e+01,5.323694256590e+01,-4.342414826366e+01,4.260794039036e+01,1.000000000000e+00,0.764345488689
2175,17331,6346801757.812500,1.344342184910e+02,-3.136798431456e+02,8.019498714838e+01,-3.403991325175e+02,1.679915139490e+02,-3.014596467186e+02,1.000000000000e+00,0.739507406725
2176,17332,6347167968.750000,-3.136798431456e+02,-3.136798431456e+02,-3.713826192020e+02,-2.622698784114e+02,-2.813555747636e+02,-3.414626141979e+02,1.000000000000e+00,0.714652420339
2177,17333,6347534179.687500,-3.136798431456e+02,3.136798431456e+02,-2.634153814433e+02,3.704390841704e+02,-3.382456613623e+02,2.876170098889e+02,1.000000000000e+00,0.689780804037
2178,17334,6347900390.625000,4.481140616365e+01,-3.136798431456e+02,-7.178000272048e+00,-3.245201210836e+02,7.956780457121e+01,-3.087389128087e+02,1.000000000000e+00,0.664892836825
2179,17335,6348266601.562500,-4.481140616365e+01,4.481140616365e+01,-3.783565335633e+01,5.275915036291e+01,-4.391446138378e+01,4.250870474137e+01,1.000000000000e+00,0.639988802172
2180,17336,6348632812.500000,-2.240570308183e+02,-3.136798431456e+02,-2.788172425246e+02,-2.797675523527e+02,-1.909773354656e+02,-3.334842501177e+02,1.000000000000e+00,0.615068987971
2181,17337,6348999023.437500,-3.136798431456e+02,-4.481140616365e+01,-3.246482602075e+02,7.057655018523e+00,-3.057049900635e+02,-7.136966606985e+01,1.000000000000e+00,0.590133686493
2182,17338,6349365234.375000,-4.481140616365e+01,3.136798431456e+02,5.630221322574e+00,3.247383404997e+02,-6.902398662538e+01,3.124999858754e+02,1.000000000000e+00,0.565183194341
2183,17339,6349731445.312500,1.344342184910e+02,4.481140616365e+01,1.432576435433e+02,2.413859443624e+01,1.356620956306e+02,5.972566113840e+01,1.000000000000e+00,0.540217812404
2184,17340,6350097656.250000,2.240570308183e+02,-3.136798431456e+02,1.788465414677e+02,-3.524683952215e+02,2.607524856063e+02,-2.907766757225e+02,1.000000000000e+00,0.515237845809
2185,17341,6350463867.187500,-3.136798431456e+02,-4.481140616365e+01,-3.248705288605e+02,1.766404272690e+00,-3.052163299981e+02,-7.453599616559e+01,1.000000000000e+00,0.490243603863
2186,17342,6350830078.125000,2.240570308183e+02,4.481140616365e+01,2.339255916668e+02,1.250756331075e+01,2.250689307594e+02,6.983426034803e+01,1.000000000000e+00,0.465235400002
2187,17343,6351196289.062500,2.240570308183e+02,1.344342184910e+02,2.467999278691e+02,1.041070563326e+02,2.156449487063e+02,1.599999067098e+02,1.000000000000e+00,0.440213551736
2188,17344,6351562500.000000,-3.136798431456e+02,3.136798431456e+02,-2.738548430605e+02,3.629694371994e+02,-3.423085540319e+02,2.837904008376e+02,1.000000000000e+00,0.415178380583
2189,17345,6351928710.937500,-1.344342184910e+02,3.136798431456e+02,-9.263558563343e+01,3.372547132994e+02,-1.628247838353e+02,3.023473675710e+02,1.000000000000e+00,0.390130212016
2190,17346,6352294921.875000,4.481140616365e+01,3.136798431456e+02,8.882493696723e+01,3.123456413191e+02,1.676172830853e+01,3.211837467437e+02,1.000000000000e+00,0.365069375393
2191,17347,6352661132.812500,-1.344342184910e+02,3.136798431456e+02,-9.371212950181e+01,3.369685746233e+02,-1.629235055769e+02,3.023967567669e+02,1.000000000000e+00,0.339996203894
2192,17348,6353027343.750000,-3.136798431456e+02,3.136798431456e+02,-2.763945282008e+02,3.609764628406e+02,-3.426592894875e+02,2.835488219154e+02,1.000000000000e+00,0.314911034452
2193,17349,6353393554.687500,4.481140616365e+01,2.240570308183e+02,7.482866326042e+01,2.218182775115e+02,2.550032162614e+01,2.314286332681e+02,1.000000000000e+00,0.289814207683
2194,17350,6353759765.625000,2.240570308183e+02,4.481140616365e+01,2.333934731852e+02,1.716469607619e+01,2.240702035173e+02,7.168158701906e+01,1.000000000000e+00,0.264706067817
2195,17351,6354125976.562500,4.481140616365e+01,-2.240570308183e+02,1.797660417387e+01,-2.332588054367e+02,7.454224581591e+01,-2.169673650872e+02,1.000000000000e+00,0.239586962615
2196,17352,6354492187.500000,-3.136798431456e+02,1.344342184910e+02,-3.026655564683e+02,1.744090278878e+02,-3.242763944299e+02,1.013392451639e+02,1.000000000000e+00,0.214457243302
2197,17353,6354858398.437500,2.240570308183e+02,-4.481140616365e+01,2.224775720042e+02,-7.192073346916e+01,2.337158567839e+02,-1.705025743668e+01,1.000000000000e+00,0.189317264483
2198,17354,6355224609.375000,-1.344342184910e+02,2.240570308183e+02,-1.106874724863e+02,2.434233258041e+02,-1.553233545908e+02,2.110534332888e+02,1.000000000000e+00,0.164167384063
2199,17355,6355590820.312500,-4.481140616365e+01,2.240570308183e+02,-1.979900444358e+01,2.330888044785e+02,-6.561638437545e+01,2.213995991248e+02,1.000000000000e+00,0.139007963166
2200,17356,6355957031.250000,-2.240570308183e+02,3.136798431456e+02,-1.922447100368e+02,3.448284398924e+02,-2.550001353831e+02,2.910806646345e+02,1.000000000000e+00,0.113839366051
2201,17357,6356323242.187500,-2.240570308183e+02,1.344342184910e+02,-2.132712506846e+02,1.616846058406e+02,-2.350638857878e+02,1.113062126365e+02,1.000000000000e+00,0.088661960020
2202,17358,6356689453.125000,-1.344342184910e+02,-2.240570308183e+02,-1.608979762903e+02,-2.138832591891e+02,-1.039359877202e+02,-2.374063221287e+02,1.000000000000e+00,0.063476115339
2203,17359,6357055664.062500,2.240570308183e+02,1.344342184910e+02,2.422018925708e+02,1.139056844809e+02,2.126850578086e+02,1.634456842888e+02,1.000000000000e+00,0.038282205139
2204,17360,6357421875.000000,2.240570308183e+02,3.136798431456e+02,2.595416891248e+02,2.974702288064e+02,1.907293745668e+02,3.430746279748e+02,1.000000000000e+00,0.013080605329
2205,17361,6357788085.937500,4.481140616365e+01,2.240570308183e+02,6.710176785732e+01,2.241276524996e+02,2.182257423159e+01,2.319058884715e+02,1.000000000000e+00,-0.012128305497
2206,17362,6358154296.875000,-3.136798431456e+02,1.344342184910e+02,-3.073211038092e+02,1.662524952469e+02,-3.255687158875e+02,9.823851812928e+01,1.000000000000e+00,-0.037344146160
2207,17363,6358520507.812500,-4.481140616365e+01,2.240570308183e+02,-2.506310374634e+01,2.326218055213e+02,-6.779384224573e+01,2.210103373636e+02,1.000000000000e+00,-0.062566532986
2208,17364,6358886718.750000,3.136798431456e+02,4.481140616365e+01,3.240418066334e+02,1.711111972274e+01,3.125233982958e+02,8.553321907785e+01,1.000000000000e+00,-0.087795079912
2209,17365,6359252929.687500,1.344342184910e+02,1.344342184910e+02,1.490217767796e+02,1.253089167928e+02,1.222466302650e+02,1.535085885723e+02,1.000000000000e+00,-0.113029398579
2210,17366,6359619140.625000,-2.240570308183e+02,-1.344342184910e+02,-2.400191905542e+02,-1.183204955536e+02,-2.027414209579e+02,-1.596778459431e+02,1.000000000000e+00,-0.138269098439
2211,17367,6359985351.562500,-1.344342184910e+02,-1.344342184910e+02,-1.480665125549e+02,-1.264426305682e+02,-1.128782113568e+02,-1.486960665053e+02,1.000000000000e+00,-0.163513786853
2212,17368,6360351562.500000,-2.240570308183e+02,3.136798431456e+02,-2.041309472756e+02,3.379959218725e+02,-2.593739773363e+02,2.877101685601e+02,1.000000000000e+00,-0.188763069198
2213,17369,6360717773.437500,-2.240570308183e+02,2.240570308183e+02,-2.116147833792e+02,2.461730559941e+02,-2.480224178183e+02,1.982598291843e+02,1.000000000000e+00,-0.214016548973
2214,17370,6361083984.375000,4.481140616365e+01,-2.240570308183e+02,2.885585380847e+01,-2.323219664164e+02,7.749077555461e+01,-2.154844752137e+02,1.000000000000e+00,-0.239273827903
2215,17371,6361450195.312500,-2.240570308183e+02,-3.136798431456e+02,-2.521674199040e+02,-3.038222442054e+02,-1.799997618896e+02,-3.389080892233e+02,1.000000000000e+00,-0.264534506049
2216,17372,6361816406.250000,1.344342184910e+02,-1.344342184910e+02,1.275158328568e+02,-1.471002000226e+02,1.555102211273e+02,-1.145379946477e+02,1.000000000000e+00,-0.289798181913
2217,17373,6362182617.187500,4.481140616365e+01,-2.240570308183e+02,2.992503293151e+01,-2.320091042539e+02,7.729169312525e+01,-2.152454812531e+02,1.000000000000e+00,-0.315064452553
2218,17374,6362548828.125000,2.240570308183e+02,2.240570308183e+02,2.440648627225e+02,2.136789986738e+02,1.995434200454e+02,2.551832164797e+02,1.000000000000e+00,-0.340332913690
2219,17375,6362915039.062500,3.136798431456e+02,-1.344342184910e+02,3.117364877083e+02,-1.577007629377e+02,3.346999560961e+02,-9.102063779672e+01,1.000000000000e+00,-0.365603159821
2220,17376,6363281250.000000,-3.136798431456e+02,-4.481140616365e+01,-3.233484118918e+02,-2.622749177096e+01,-3.031670891573e+02,-8.217966741249e+01,1.000000000000e+00,-0.390874784330
2221,17377,6363647460.937500,3.136798431456e+02,-1.344342184910e+02,3.125983962485e+02,-1.562316210858e+02,3.349128982595e+02,-9.051241575189e+01,1.000000000000e+00,-0.416147379603
2222,17378,6364013671.875000,3.136798431456e+02,-2.240570308183e+02,3.078718638371e+02,-2.471609704778e+02,3.467014601672e+02,-1.797809266301e+02,1.000000000000e+00,-0.441420537138
2223,17379,6364379882.812500,-2.240570308183e+02,1.344342184910e+02,-2.217940324710e+02,1.498313097068e+02,-2.371724168638e+02,1.080554638794e+02,1.000000000000e+00,-0.466693847664
2224,17380,6364746093.750000,-2.240570308183e+02,-1.344342184910e+02,-2.363047283248e+02,-1.258034097172e+02,-2.018541473259e+02,-1.606166345321e+02,1.000000000000e+00,-0.491966901253
2225,17381,6365112304.687500,-2.240570308183e+02,3.136798431456e+02,-2.136122696848e+02,3.322222581549e+02,-2.611434274996e+02,2.868736916054e+02,1.000000000000e+00,-0.517239287434
2226,17382,6365478515.625000,2.240570308183e+02,-3.136798431456e+02,2.142830449724e+02,-3.317169153143e+02,2.696126543464e+02,-2.801854643946e+02,1.000000000000e+00,-0.542510595309
2227,17383,6365844726.562500,-4.481140616365e+01,-3.136798431456e+02,-6.017450247229e+01,-3.189359480883e+02,1.226377736780e+00,-3.158038451648e+02,1.000000000000e+00,-0.567780413672
2228,17384,6366210937.500000,-2.240570308183e+02,1.344342184910e+02,-2.233723312548e+02,1.473625161790e+02,-2.374057194381e+02,1.077378061030e+02,1.000000000000e+00,-0.593048331121
2229,17385,6366577148.437500,4.481140616365e+01,4.481140616365e+01,4.773559765446e+01,4.396060378121e+01,4.292528667117e+01,5.414117486746e+01,1.000000000000e+00,-0.618313936173
2230,17386,6366943359.375000,-4.481140616365e+01,2.240570308183e+02,-3.677775942311e+01,2.310365417507e+02,-7.036435388496e+01,2.211532170373e+02,1.000000000000e+00,-0.643576817384
2231,17387,6367309570.312500,1.344342184910e+02,-3.136798431456e+02,1.253480854942e+02,-3.260927788416e+02,1.799505156882e+02,-2.915904045452e+02,1.000000000000e+00,-0.668836563462
2232,17388,6367675781.250000,1.344342184910e+02,-1.344342184910e+02,1.325106820420e+02,-1.424936929571e+02,1.560871105311e+02,-1.126702475811e+02,1.000000000000e+00,-0.694092763384
2233,17389,6368041992.187500,4.481140616365e+01,-2.240570308183e+02,3.793723511345e+01,-2.307234177639e+02,7.856741934715e+01,-2.138739851627e+02,1.000000000000e+00,-0.719345006510
2234,17390,6368408203.125000,3.136798431456e+02,-1.344342184910e+02,3.165639166244e+02,-1.473563481338e+02,3.349726671975e+02,-8.805342837682e+01,1.000000000000e+00,-0.744592882701
2235,17391,6368774414.062500,-2.240570308183e+02,3.136798431456e+02,-2.204333584725e+02,3.269950553278e+02,-2.620973868231e+02,2.858056162901e+02,1.000000000000e+00,-0.769835982429
2236,17392,6369140625.000000,2.240570308183e+02,4.481140616365e+01,2.302471958725e+02,4.028035765479e+01,2.211522374117e+02,7.938044235073e+01,1.000000000000e+00,-0.795073896896
2237,17393,6369506835.937500,4.481140616365e+01,-3.136798431456e+02,3.860818550542e+01,-3.218762301795e+02,9.193563819956e+01,-3.025278635398e+02,1.000000000000e+00,-0.820306218148
2238,17394,6369873046.875000,3.136798431456e+02,-3.136798431456e+02,3.142068524090e+02,-3.275810119522e+02,3.599073872424e+02,-2.654469084966e+02,1.000000000000e+00,-0.845532539183
2239,17395,6370239257.812500,1.344342184910e+02,-2.240570308183e+02,1.329863653469e+02,-2.318737272517e+02,1.687306569959e+02,-2.008055220466e+02,1.000000000000e+00,-0.870752454068
2240,17396,6370605468.750000,-4.481140616365e+01,3.136798431456e+02,-3.977526857199e+01,3.215741413220e+02,-8.343629322417e+01,3.105052909503e+02,1.000000000000e+00,-0.895965558053
2241,17397,6370971679.687500,1.344342184910e+02,-1.344342184910e+02,1.349258139833e+02,-1.398655698224e+02,1.560760987919e+02,-1.115192714165e+02,1.000000000000e+00,-0.921171447674
2242,17398,6371337890.625000,-4.481140616365e+01,3.136798431456e+02,-4.087394986250e+01,3.213307482659e+02,-8.348660873183e+01,3.105296668959e+02,1.000000000000e+00,-0.946369720872
2243,17399,6371704101.562500,3.136798431456e+02,3.136798431456e+02,3.247237497025e+02,3.166241155204e+02,2.731760959966e+02,3.598365554727e+02,1.000000000000e+00,-0.971559977095
2244,17400,6372070312.500000,-3.136798431456e+02,1.344342184910e+02,-3.193364917613e+02,1.406658778775e+02,-3.271185142483e+02,9.481238314740e+01,1.000000000000e+00,-0.996741817411
2245,17401,6372436523.437500,-1.344342184910e+02,4.481140616365e+01,-1.370903625460e+02,4.692584326593e+01,-1.362435356111e+02,3.040330233569e+01,1.000000000000e+00,-1.021914844614
2246,17402,6372802734.375000,2.240570308183e+02,2.240570308183e+02,2.305034146342e+02,2.277243069400e+02,1.957870309276e+02,2.588277051437e+02,1.000000000000e+00,-1.047078663327
2247,17403,6373168945.312500,3.136798431456e+02,4.481140616365e+01,3.210375420823e+02,4.432595381631e+01,3.100367746409e+02,9.279905633877e+01,1.000000000000e+00,-1.072232880110
2248,17404,6373535156.250000,-1.344342184910e+02,-2.240570308183e+02,-1.384686610626e+02,-2.286841358472e+02,-9.928548051742e+01,-2.371995702014e+02,1.000000000000e+00,-1.097377103562
2249,17405,6373901367.187500,-4.481140616365e+01,-1.344342184910e+02,-4.632863401776e+01,-1.374367575567e+02,-2.251429735684e+01,-1.354614240058e+02,1.000000000000e+00,-1.122510944421
2250,17406,6374267578.125000,-1.344342184910e+02,-4.481140616365e+01,-1.376973601443e+02,-4.568926267499e+01,-1.242149381720e+02,-5.838784254947e+01,1.000000000000e+00,-1.147634015670
2251,17407,6374633789.062500,-2.240570308183e+02,3.136798431456e+02,-2.298202918331e+02,3.209810277512e+02,-2.632928974300e+02,2.867277342288e+02,1.000000000000e+00,-1.172745932631
2252,17408,6375000000.000000,-3.136798431456e+02,4.481140616365e+01,-3.214983191206e+02,4.473744809286e+01,-3.155776375961e+02,5.897286585114e+00,1.000000000000e+00,-1.197846313061
2253,17409,6375366210.937500,4.481140616365e+01,4.481140616365e+01,4.567303529637e+01,4.613326387234e+01,4.203851727475e+01,5.597370401223e+01,1.000000000000e+00,-1.222934777256
2254,17410,6375732421.875000,3.136798431456e+02,2.240570308183e+02,3.198443575497e+02,2.315629850874e+02,2.852993975894e+02,2.722782423232e+02,1.000000000000e+00,-1.248010948136
2255,17411,6376098632.812500,-3.136798431456e+02,-2.240570308183e+02,-3.195387888917e+02,-2.319372460729e+02,-2.783476430805e+02,-2.618921677870e+02,1.000000000000e+00,-1.273074451345
2256,17412,6376464843.750000,1.344342184910e+02,1.344342184910e+02,1.365092750065e+02,1.388234390947e+02,1.189803307098e+02,1.579168164961e+02,1.000000000000e+00,-1.298124915335
2257,17413,6376831054.687500,-2.240570308183e+02,1.344342184910e+02,-2.306627723366e+02,1.355292704781e+02,-2.385550249613e+02,1.086566509095e+02,1.000000000000e+00,-1.323161971463
2258,17414,6377197265.625000,3.136798431456e+02,-1.344342184910e+02,3.226970686090e+02,-1.339813324970e+02,3.347146737758e+02,-8.538369830006e+01,1.000000000000e+00,-1.348185254069
2259,17415,6377563476.562500,-4.481140616365e+01,-2.240570308183e+02,-4.250600089750e+01,-2.300641248327e+02,-1.007206438903e+01,-2.241902858817e+02,1.000000000000e+00,-1.373194400570
2260,17416,6377929687.500000,-3.136798431456e+02,4.481140616365e+01,-3.219815106985e+02,4.008501148984e+01,-3.158458499854e+02,5.788368993976e+00,1.000000000000e+00,-1.398189051536
2261,17417,6378295898.437500,-2.240570308183e+02,-3.136798431456e+02,-2.232253933643e+02,-3.256294296887e+02,-1.758482788596e+02,-3.388498230241e+02,1.000000000000e+00,-1.423168850778
2262,17418,6378662109.375000,2.240570308183e+02,-2.240570308183e+02,2.340760432277e+02,-2.248575106903e+02,2.581511871218e+02,-1.861810748854e+02,1.000000000000e+00,-1.448133445421
2263,17419,6379028320.312500,2.240570308183e+02,2.240570308183e+02,2.246800746506e+02,2.343083057280e+02,1.951045154403e+02,2.607808924491e+02,1.000000000000e+00,-1.473082485987
2264,17420,6379394531.250000,-4.481140616365e+01,4.481140616365e+01,-4.694271807492e+01,4.481168673825e+01,-4.803380491406e+01,4.423172902162e+01,1.000000000000e+00,-1.498015626466
2265,17421,6379760742.187500,2.240570308183e+02,1.344342184910e+02,2.257723074933e+02,1.434065712266e+02,2.070995353072e+02,1.717341006268e+02,1.000000000000e+00,-1.522932524392
2266,17422,6380126953.125000,1.344342184910e+02,-3.136798431456e+02,1.464243221131e+02,-3.171114586796e+02,1.815570800953e+02,-2.872799920276e+02,1.000000000000e+00,-1.547832840913
2267,17423,6380493164.062500,2.240570308183e+02,-1.344342184910e+02,2.334049795333e+02,-1.307330457476e+02,2.453469065083e+02,-9.567146213777e+01,1.000000000000e+00,-1.572716240858
2268,17424,6380859375.000000,4.481140616365e+01,-4.481140616365e+01,4.734179704596e+01,-4.440439804234e+01,5.382659373555e+01,-3.200410396427e+01,1.000000000000e+00,-1.597582392807
2269,17425,6381225585.937500,1.344342184910e+02,2.240570308183e+02,1.303120923329e+02,2.336944977287e+02,1.045902144812e+02,2.488138882952e+02,1.000000000000e+00,-1.622430969155
2270,17426,6381591796.875000,-3.136798431456e+02,-4.481140616365e+01,-3.195281024456e+02,-5.546692338144e+01,-3.038576998155e+02,-8.217092667677e+01,1.000000000000e+00,-1.647261646171
2271,17427,6381958007.812500,-1.344342184910e+02,4.481140616365e+01,-1.387574223915e+02,4.194202187774e+01,-1.376589278157e+02,3.269956454316e+01,1.000000000000e+00,-1.672074104061
2272,17428,6382324218.750000,-1.344342184910e+02,-3.136798431456e+02,-1.278091213059e+02,-3.250103220065e+02,-8.854351374940e+01,-3.246933759809e+02,1.000000000000e+00,-1.696868027027
2273,17429,6382690429.687500,-2.240570308183e+02,3.136798431456e+02,-2.397828262461e+02,3.134841673204e+02,-2.646888823315e+02,2.882719661769e+02,1.000000000000e+00,-1.721643103317
2274,17430,6383056640.625000,2.240570308183e+02,-4.481140616365e+01,2.309465347581e+02,-3.786516929665e+01,2.319247955798e+02,-6.754656847135e+00,1.000000000000e+00,-1.746399025285
2275,17431,6383422851.562500,-3.136798431456e+02,4.481140616365e+01,-3.225951913765e+02,3.453205032174e+01,-3.169544185554e+02,7.829482085975e+00,1.000000000000e+00,-1.771135489437
2276,17432,6383789062.500000,4.481140616365e+01,-1.344342184910e+02,5.074085429136e+01,-1.358822979187e+02,6.522067726413e+01,-1.210803886931e+02,1.000000000000e+00,-1.795852196482
2277,17433,6384155273.437500,4.481140616365e+01,-1.344342184910e+02,5.086299650249e+01,-1.358176642656e+02,6.508576823476e+01,-1.210103530367e+02,1.000000000000e+00,-1.820548851378
2278,17434,6384521484.375000,2.240570308183e+02,3.136798431456e+02,2.168823298010e+02,3.296278825418e+02,1.817778989220e+02,3.506510908791e+02,1.000000000000e+00,-1.845225163376
2279,17435,6384887695.312500,1.344342184910e+02,1.344342184910e+02,1.320099390587e+02,1.430223453725e+02,1.170454517196e+02,1.596966873255e+02,1.000000000000e+00,-1.869880846060
2280,17436,6385253906.250000,3.136798431456e+02,-2.240570308183e+02,3.302761050704e+02,-2.160273156237e+02,3.454727206172e+02,-1.728204476134e+02,1.000000000000e+00,-1.894515617390
2281,17437,6385620117.187500,-3.136798431456e+02,2.240570308183e+02,-3.304193736242e+02,2.158054788099e+02,-3.423436595428e+02,1.871029968266e+02,1.000000000000e+00,-1.919129199736
2282,17438,6385986328.125000,-2.240570308183e+02,2.240570308183e+02,-2.388906990064e+02,2.194680479917e+02,-2.530061618461e+02,1.996717559876e+02,1.000000000000e+00,-1.943721319916
2283,17439,6386352539.062500,3.136798431456e+02,4.481140616365e+01,3.188721766610e+02,5.983618184134e+01,3.078948335016e+02,9.528290442885e+01,1.000000000000e+00,-1.968291709225
2284,17440,6386718750.000000,-1.344342184910e+02,1.344342184910e+02,-1.436996990050e+02,1.313515516242e+02,-1.515761512873e+02,1.227447808429e+02,1.000000000000e+00,-1.992840103468
2285,17441,6387084960.937500,-3.136798431456e+02,1.344342184910e+02,-3.271545675439e+02,1.229693140558e+02,-3.304578196590e+02,9.814778874321e+01,1.000000000000e+00,-2.017366242987
2286,17442,6387451171.875000,-4.481140616365e+01,-1.344342184910e+02,-3.989200344621e+01,-1.395248402813e+02,-2.568087641623e+01,-1.328153755860e+02,1.000000000000e+00,-2.041869872687
2287,17443,6387817382.812500,-4.481140616365e+01,1.344342184910e+02,-5.151575167790e+01,1.356562295045e+02,-6.169681145561e+01,1.357352940622e+02,1.000000000000e+00,-2.066350742062
2288,17444,6388183593.750000,3.136798431456e+02,4.481140616365e+01,3.189275249372e+02,5.914822305928e+01,3.078353906181e+02,9.338353885350e+01,1.000000000000e+00,-2.090808605211
2289,17445,6388549804.687500,-2.240570308183e+02,2.240570308183e+02,-2.391162422479e+02,2.188814861396e+02,-2.526942161721e+02,2.011889984880e+02,1.000000000000e+00,-2.115243220862
2290,17446,6388916015.625000,2.240570308183e+02,-3.136798431456e+02,2.438440944455e+02,-3.096418450793e+02,2.658640775806e+02,-2.747936921324e+02,1.000000000000e+00,-2.139654352389
2291,17447,6389282226.562500,1.344342184910e+02,-1.344342184910e+02,1.440208080579e+02,-1.306143741529e+02,1.524654947568e+02,-1.080820059335e+02,1.000000000000e+00,-2.164041767825
2292,17448,6389648437.500000,-1.344342184910e+02,-2.240570308183e+02,-1.257960367877e+02,-2.358967632630e+02,-1.032476949961e+02,-2.340506518564e+02,1.000000000000e+00,-2.188405239874
2293,17449,6390014648.437500,-1.344342184910e+02,3.136798431456e+02,-1.541673527132e+02,3.134695511620e+02,-1.772229470794e+02,3.019818957107e+02,1.000000000000e+00,-2.212744545924
2294,17450,6390380859.375000,-3.136798431456e+02,-2.240570308183e+02,-3.085744266974e+02,-2.457076831151e+02,-2.821976297087e+02,-2.585370748849e+02,1.000000000000e+00,-2.237059468055
2295,17451,6390747070.312500,-2.240570308183e+02,-1.344342184910e+02,-2.216992787470e+02,-1.492955493632e+02,-2.053062901694e+02,-1.566929413579e+02,1.000000000000e+00,-2.261349793047
2296,17452,6391113281.250000,4.481140616365e+01,-1.344342184910e+02,5.297191102471e+01,-1.349020572557e+02,6.244150449394e+01,-1.201017228652e+02,1.000000000000e+00,-2.285615312380
2297,17453,6391479492.187500,-2.240570308183e+02,-2.240570308183e+02,-2.167510328728e+02,-2.410063966168e+02,-1.935965517186e+02,-2.458224572986e+02,1.000000000000e+00,-2.309855822243
2298,17454,6391845703.125000,-4.481140616365e+01,1.344342184910e+02,-5.313279846705e+01,1.349012590859e+02,-6.355862916574e+01,1.358297553443e+02,1.000000000000e+00,-2.334071123528
2299,17455,6392211914.062500,-2.240570308183e+02,3.136798431456e+02,-2.461577790838e+02,3.081264030886e+02,-2.665329721397e+02,2.903993442976e+02,1.000000000000e+00,-2.358261021836
2300,17456,6392578125.000000,-4.481140616365e+01,2.240570308183e+02,-5.814673656864e+01,2.263549515032e+02,-7.578473365965e+01,2.252009988947e+02,1.000000000000e+00,-2.382425327466
2301,17457,6392944335.937500,1.344342184910e+02,-3.136798431456e+02,1.546636257175e+02,-3.128121731879e+02,1.748392234250e+02,-2.866789060537e+02,1.000000000000e+00,-2.406563855418
2302,17458,6393310546.875000,1.344342184910e+02,-2.240570308183e+02,1.501997356472e+02,-2.210364195196e+02,1.630382615878e+02,-1.971469627039e+02,1.000000000000e+00,-2.430676425379
2303,17459,6393676757.812500,-4.481140616365e+01,1.344342184910e+02,-5.386503993090e+01,1.346001248901e+02,-6.460797709312e+01,1.357426033329e+02,1.000000000000e+00,-2.454762861720
2304,17460,6394042968.750000,2.240570308183e+02,1.344342184910e+02,2.204967545825e+02,1.512918270557e+02,2.030171884195e+02,1.730803375866e+02,1.000000000000e+00,-2.478822993480
2305,17461,6394409179.687500,2.240570308183e+02,1.344342184910e+02,2.207578551513e+02,1.510180802437e+02,2.032229885712e+02,1.727292209842e+02,1.000000000000e+00,-2.502856654362
2306,17462,6394775390.625000,2.240570308183e+02,1.344342184910e+02,2.210185813457e+02,1.507438721162e+02,2.034226421235e+02,1.723793214274e+02,1.000000000000e+00,-2.526863682710
2307,17463,6395141601.562500,2.240570308183e+02,-2.240570308183e+02,2.421652143327e+02,-2.159194038370e+02,2.515338252908e+02,-1.856522322962e+02,1.000000000000e+00,-2.550843921501
2308,17464,6395507812.500000,3.136798431456e+02,2.240570308183e+02,3.075074780602e+02,2.473080418020e+02,2.808674154280e+02,2.733094140463e+02,1.000000000000e+00,-2.574797218324
2309,17465,6395874023.437500,3.136798431456e+02,2.240570308183e+02,3.074785312310e+02,2.472016663879e+02,2.807943414002e+02,2.730769172804e+02,1.000000000000e+00,-2.598723425363
2310,17466,6396240234.375000,3.136798431456e+02,4.481140616365e+01,3.179629093701e+02,6.405597732591e+01,3.045146612751e+02,9.413554332461e+01,1.000000000000e+00,-2.622622399377
2311,17467,6396606445.312500,2.240570308183e+02,3.136798431456e+02,2.107692255149e+02,3.337516275272e+02,1.794792837327e+02,3.506139086616e+02,1.000000000000e+00,-2.646494001678
2312,17468,6396972656.250000,4.481140616365e+01,3.136798431456e+02,2.750444055218e+01,3.234178785182e+02,4.646022186146e-01,3.270088184810e+02,1.000000000000e+00,-2.670338098107
2313,17469,6397338867.187500,-1.344342184910e+02,-3.136798431456e+02,-1.192231395053e+02,-3.283743347151e+02,-9.605981916654e+01,-3.228893587646e+02,1.000000000000e+00,-2.694154559014
2314,17470,6397705078.125000,1.344342184910e+02,3.136798431456e+02,1.192879593782e+02,3.280623958828e+02,8.999220388531e+01,3.381587162802e+02,1.000000000000e+00,-2.717943259226
2315,17471,6398071289.062500,-4.481140616365e+01,3.136798431456e+02,-6.358380754257e+01,3.176268834359e+02,-8.868077180486e+01,3.146478482923e+02,1.000000000000e+00,-2.741704078025
2316,17472,6398437500.000000,-4.481140616365e+01,4.481140616365e+01,-4.828767778836e+01,4.322481317977e+01,-5.399775400248e+01,4.661782356770e+01,1.000000000000e+00,-2.765436899117
2317,17473,6398803710.937500,-2.240570308183e+02,-4.481140616365e+01,-2.263515196985e+02,-5.834131224728e+01,-2.214820877597e+02,-6.582999749444e+01,1.000000000000e+00,-2.789141610606
2318,17474,6399169921.875000,3.136798431456e+02,2.240570308183e+02,3.079441598229e+02,2.463852926091e+02,2.804826882980e+02,2.713566086293e+02,1.000000000000e+00,-2.812818104957
2319,17475,6399536132.812500,-3.136798431456e+02,2.240570308183e+02,-3.328248367420e+02,2.114080331560e+02,-3.455759182644e+02,1.910600759357e+02,1.000000000000e+00,-2.836466278973
2320,17476,6399902343.750000,-4.481140616365e+01,-2.240570308183e+02,-3.335529657395e+01,-2.312705009522e+02,-2.033931219637e+01,-2.216956552711e+02,1.000000000000e+00,-2.860086033751
2321,17477,6400268554.687500,-2.240570308183e+02,-4.481140616365e+01,-2.263191698263e+02,-5.827396804616e+01,-2.221344965034e+02,-6.587966650273e+01,1.000000000000e+00,-2.883677274660
2322,17478,6400634765.625000,-4.481140616365e+01,-2.240570308183e+02,-3.310305778566e+01,-2.314158682914e+02,-2.042742483520e+01,-2.219405382898e+02,1.000000000000e+00,-2.907239911298
2323,17479,6401000976.562500,-3.136798431456e+02,-3.136798431456e+02,-3.025476920344e+02,-3.384875841636e+02,-2.772020297176e+02,-3.462698385807e+02,1.000000000000e+00,-2.930773857456
2324,17480,6401367187.500000,3.136798431456e+02,-3.136798431456e+02,3.382497759675e+02,-3.029479070835e+02,3.485766106494e+02,-2.656963341407e+02,1.000000000000e+00,-2.954279031086
2325,17481,6401733398.437500,1.344342184910e+02,2.240570308183e+02,1.250542979123e+02,2.364847964209e+02,1.007609349960e+02,2.480539604666e+02,1.000000000000e+00,-2.977755354259
2326,17482,6402099609.375000,4.481140616365e+01,-2.240570308183e+02,5.806142611464e+01,-2.266223935523e+02,6.803427854877e+01,-2.110073771325e+02,1.000000000000e+00,-3.001202753129
2327,17483,6402465820.312500,4.481140616365e+01,-4.481140616365e+01,4.826839551791e+01,-4.332068985283e+01,4.515412811980e+01,-3.201222688751e+01,1.000000000000e+00,-3.024621157892
2328,17484,6402832031.250000,4.481140616365e+01,2.240570308183e+02,3.328334388839e+01,2.313717578111e+02,1.057585800129e+01,2.362321408132e+02,1.000000000000e+00,-3.048010502745
2329,17485,6403198242.187500,-3.136798431456e+02,2.240570308183e+02,-3.327107652728e+02,2.116148715211e+02,-3.471342341296e+02,1.904185962757e+02,1.000000000000e+00,-3.071370725846
2330,17486,6403564453.125000,-1.344342184910e+02,-3.136798431456e+02,-1.207053828863e+02,-3.275949377947e+02,-1.004851918220e+02,-3.232488686747e+02,1.000000000000e+00,-3.094701769274
2331,17487,6403930664.062500,4.481140616365e+01,3.136798431456e+02,2.975688128611e+01,3.228224993710e+02,-9.838352002942e-02,3.253857217923e+02,1.000000000000e+00,-3.118003578981
2332,17488,6404296875.000000,-4.481140616365e+01,-4.481140616365e+01,-4.355031052801e+01,-4.801587833847e+01,-4.527793938687e+01,-4.371443087609e+01,1.000000000000e+00,-3.141276104758
2333,17489,6404663085.937500,-3.136798431456e+02,-4.481140616365e+01,-3.182218375941e+02,-6.104427662939e+01,-3.138205657657e+02,-7.664083307966e+01,1.000000000000e+00,3.118666006998
2334,17490,6405029296.875000,3.136798431456e+02,3.136798431456e+02,3.054040549840e+02,3.352754290343e+02,2.685816382191e+02,3.574681499828e+02,1.000000000000e+00,3.095452184603
2335,17491,6405395507.812500,1.344342184910e+02,-4.481140616365e+01,1.394523845860e+02,-3.942090286868e+01,1.331498955360e+02,-2.219238474248e+01,1.000000000000e+00,3.072267774211
2336,17492,6405761718.750000,3.136798431456e+02,2.240570308183e+02,3.100281436918e+02,2.436936581011e+02,2.793485603003e+02,2.679687379928e+02,1.000000000000e+00,3.049112811139
2337,17493,6406127929.687500,-4.481140616365e+01,4.481140616365e+01,-4.788444730295e+01,4.372276276479e+01,-5.698538792642e+01,4.527607459263e+01,1.000000000000e+00,3.025987327096
2338,17494,6406494140.625000,-4.481140616365e+01,2.240570308183e+02,-5.601290482278e+01,2.269923760086e+02,-7.881040061409e+01,2.242196889090e+02,1.000000000000e+00,3.002891350224
2339,17495,6406860351.562500,-4.481140616365e+01,-3.136798431456e+02,-3.179840858064e+01,-3.226701717509e+02,-1.397042466306e+01,-3.130582170693e+02,1.000000000000e+00,2.979824905148
2340,17496,6407226562.500000,3.136798431456e+02,-1.344342184910e+02,3.267476929308e+02,-1.236478489899e+02,3.225252695762e+02,-9.092988318483e+01,1.000000000000e+00,2.956788013022
2341,17497,6407592773.437500,-3.136798431456e+02,-1.344342184910e+02,-3.151467773598e+02,-1.513318589434e+02,-3.047653315985e+02,-1.669429992094e+02,1.000000000000e+00,2.933780691575
2342,17498,6407958984.375000,4.481140616365e+01,-3.136798431456e+02,5.953895517137e+01,-3.193106551718e+02,7.541814452075e+01,-3.031798860426e+02,1.000000000000e+00,2.910802955158
2343,17499,6408325195.312500,2.240570308183e+02,3.136798431456e+02,2.159862713201e+02,3.307192121462e+02,1.785967757051e+02,3.460538289842e+02,1.000000000000e+00,2.887854814795
2344,17500,6408691406.250000,-3.136798431456e+02,-3.136798431456e+02,-3.078437957425e+02,-3.341324537934e+02,-2.834465449662e+02,-3.465186663714e+02,1.000000000000e+00,2.864936278225
2345,17501,6409057617.187500,1.344342184910e+02,3.136798431456e+02,1.246355669318e+02,3.263636196209e+02,8.872713737428e+01,3.345436573478e+02,1.000000000000e+00,2.842047349958
2346,17502,6409423828.125000,-2.240570308183e+02,-1.344342184910e+02,-2.237776477562e+02,-1.464255015525e+02,-2.156855816365e+02,-1.565443808601e+02,1.000000000000e+00,2.819188031314
2347,17503,6409790039.062500,-3.136798431456e+02,-3.136798431456e+02,-3.085864876141e+02,-3.329116913020e+02,-2.839188198920e+02,-3.463975031130e+02,1.000000000000e+00,2.796358320479
2348,17504,6410156250.000000,-2.240570308183e+02,-2.240570308183e+02,-2.207436596390e+02,-2.375021215655e+02,-2.053694885541e+02,-2.461756917893e+02,1.000000000000e+00,2.773558212547
2349,17505,6410522460.937500,2.240570308183e+02,2.240570308183e+02,2.212127584828e+02,2.372047161632e+02,1.892349935136e+02,2.546534208975e+02,1.000000000000e+00,2.750787699575
2350,17506,6410888671.875000,-2.240570308183e+02,-3.136798431456e+02,-2.186364295784e+02,-3.286238802094e+02,-1.956504515286e+02,-3.359321503813e+02,1.000000000000e+00,2.728046770626
2351,17507,6411254882.812500,-4.481140616365e+01,-2.240570308183e+02,-3.854653098718e+01,-2.307765969276e+02,-2.711782970183e+01,-2.254544704378e+02,1.000000000000e+00,2.705335411820
2352,17508,6411621093.750000,-4.481140616365e+01,1.344342184910e+02,-5.009562549441e+01,1.361708480978e+02,-6.904814769275e+01,1.329230288195e+02,1.000000000000e+00,2.682653606383
2353,17509,6411987304.687500,4.481140616365e+01,-2.240570308183e+02,5.265879982640e+01,-2.279344492305e+02,6.220298349400e+01,-2.153404566674e+02,1.000000000000e+00,2.660001334693
2354,17510,6412353515.625000,-1.344342184910e+02,4.481140616365e+01,-1.388535937854e+02,4.201080970132e+01,-1.483654935400e+02,3.263274844544e+01,1.000000000000e+00,2.637378574333
2355,17511,6412719726.562500,-1.344342184910e+02,1.344342184910e+02,-1.411758255874e+02,1.339559240732e+02,-1.586917702649e+02,1.221862184914e+02,1.000000000000e+00,2.614785300134
2356,17512,6413085937.500000,3.136798431456e+02,2.240570308183e+02,3.153819555419e+02,2.371251510267e+02,2.792971261201e+02,2.627640844215e+02,1.000000000000e+00,2.592221484227
2357,17513,6413452148.437500,3.136798431456e+02,3.136798431456e+02,3.138394663557e+02,3.282320523503e+02,2.694105455153e+02,3.519562111080e+02,1.000000000000e+00,2.569687096089
2358,17514,6413818359.375000,-2.240570308183e+02,2.240570308183e+02,-2.340189695567e+02,2.246700273925e+02,-2.582941910245e+02,2.017279880206e+02,1.000000000000e+00,2.547182102593
2359,17515,6414184570.312500,3.136798431456e+02,3.136798431456e+02,3.148478201237e+02,3.274337058632e+02,2.696054851891e+02,3.514604094743e+02,1.000000000000e+00,2.524706468055
2360,17516,6414550781.250000,-2.240570308183e+02,-4.481140616365e+01,-2.285176155780e+02,-5.048466188792e+01,-2.283279973829e+02,-6.809349003888e+01,1.000000000000e+00,2.502260154281
2361,17517,6414916992.187500,2.240570308183e+02,4.481140616365e+01,2.285478291752e+02,5.059713166031e+01,2.098185971502e+02,7.267701389965e+01,1.000000000000e+00,2.479843120615
2362,17518,6415283203.125000,-4.481140616365e+01,-3.136798431456e+02,-3.981243318654e+01,-3.220739110393e+02,-1.815242390043e+01,-3.171858418967e+02,1.000000000000e+00,2.457455323988
2363,17519,6415649414.062500,1.344342184910e+02,4.481140616365e+01,1.368393083705e+02,4.817467430607e+01,1.200152249185e+02,6.172920771452e+01,1.000000000000e+00,2.435096718962
2364,17520,6416015625.000000,1.344342184910e+02,4.481140616365e+01,1.368883768328e+02,4.786046475345e+01,1.199754499561e+02,6.137977844167e+01,1.000000000000e+00,2.412767257778
2365,17521,6416381835.937500,3.136798431456e+02,1.344342184910e+02,3.192741456919e+02,1.415593272582e+02,2.892415989097e+02,1.707284869972e+02,1.000000000000e+00,2.390466890405
2366,17522,6416748046.875000,4.481140616365e+01,4.481140616365e+01,4.538562894707e+01,4.632927502502e+01,3.036913982924e+01,5.080090131027e+01,1.000000000000e+00,2.368195564581
2367,17523,6417114257.812500,3.136798431456e+02,-4.481140616365e+01,3.214135894543e+02,-4.314451653092e+01,3.092218299901e+02,-9.409283211484e+00,1.000000000000e+00,2.345953225865
2368,17524,6417480468.750000,4.481140616365e+01,2.240570308183e+02,4.418049018656e+01,2.296709495560e+02,1.051547737071e+01,2.297109900258e+02,1.000000000000e+00,2.323739817679
2369,17525,6417846679.687500,-3.136798431456e+02,-2.240570308183e+02,-3.196760546333e+02,-2.313681994065e+02,-2.985897305189e+02,-2.585530961497e+02,1.000000000000e+00,2.301555281354
2370,17526,6418212890.625000,4.481140616365e+01,-4.481140616365e+01,4.611401720228e+01,-4.562933987349e+01,4.023463642580e+01,-3.967009451160e+01,1.000000000000e+00,2.279399556176
2371,17527,6418579101.562500,-4.481140616365e+01,3.136798431456e+02,-4.728728987295e+01,3.208577970714e+02,-8.947273508381e+01,3.087318985196e+02,1.000000000000e+00,2.257272579427
2372,17528,6418945312.500000,4.481140616365e+01,-1.344342184910e+02,4.635134621586e+01,-1.374160314126e+02,5.031158337973e+01,-1.296563279630e+02,1.000000000000e+00,2.235174286437
2373,17529,6419311523.437500,-1.344342184910e+02,-3.136798431456e+02,-1.372710809760e+02,-3.212198331333e+02,-1.091939320726e+02,-3.292107065475e+02,1.000000000000e+00,2.213104610619
2374,17530,6419677734.375000,3.136798431456e+02,-4.481140616365e+01,3.210670776834e+02,-4.645329704765e+01,3.092433016632e+02,-1.102839129575e+01,1.000000000000e+00,2.191063483519
2375,17531,6420043945.312500,-1.344342184910e+02,3.136798431456e+02,-1.361987238657e+02,3.218369495932e+02,-1.782727082734e+02,2.985326610631e+02,1.000000000000e+00,2.169050834857
2376,17532,6420410156.250000,4.481140616365e+01,4.481140616365e+01,4.620061173756e+01,4.557230723476e+01,3.044571474909e+01,4.861053631757e+01,1.000000000000e+00,2.147066592570
2377,17533,6420776367.187500,3.136798431456e+02,2.240570308183e+02,3.232952502098e+02,2.264921505944e+02,2.804846752174e+02,2.566681549779e+02,1.000000000000e+00,2.125110682852
2378,17534,6421142578.125000,4.481140616365e+01,-1.344342184910e+02,4.424773410059e+01,-1.381965091174e+02,4.959257615740e+01,-1.313807068350e+02,1.000000000000e+00,2.103183030200
2379,17535,6421508789.062500,1.344342184910e+02,-3.136798431456e+02,1.327141460156e+02,-3.232758953772e+02,1.578265391972e+02,-3.018770812164e+02,1.000000000000e+00,2.081283557454
2380,17536,6421875000.000000,3.136798431456e+02,4.481140616365e+01,3.220006174610e+02,3.983909755630e+01,3.001440943404e+02,7.507690865906e+01,1.000000000000e+00,2.059412185838
2381,17537,6422241210.937500,3.136798431456e+02,3.136798431456e+02,3.274519598550e+02,3.149406420503e+02,2.723472365535e+02,3.445417630505e+02,1.000000000000e+00,2.037568834998
2382,17538,6422607421.875000,2.240570308183e+02,2.240570308183e+02,2.337930992801e+02,2.252058711836e+02,1.913272557412e+02,2.458484968439e+02,1.000000000000e+00,2.015753423048
2383,17539,6422973632.812500,1.344342184910e+02,-4.481140616365e+01,1.369199295938e+02,-4.838583542802e+01,1.302011391774e+02,-3.288222473893e+01,1.000000000000e+00,1.993965866605
2384,17540,6423339843.750000,1.344342184910e+02,-4.481140616365e+01,1.368525901099e+02,-4.859835678637e+01,1.302691927102e+02,-3.306129352046e+01,1.000000000000e+00,1.972206080831
2385,17541,6423706054.687500,-1.344342184910e+02,2.240570308183e+02,-1.328817623137e+02,2.324960656069e+02,-1.683148149004e+02,2.068615093141e+02,1.000000000000e+00,1.950473979468
2386,17542,6424072265.625000,-1.344342184910e+02,4.481140616365e+01,-1.366561784171e+02,4.914808699662e+01,-1.487222383339e+02,2.713006844545e+01,1.000000000000e+00,1.928769474882
2387,17543,6424438476.562500,4.481140616365e+01,-4.481140616365e+01,4.459771226079e+01,-4.718826599328e+01,4.052256235451e+01,-4.358335191956e+01,1.000000000000e+00,1.907092478098
2388,17544,6424804687.500000,1.344342184910e+02,-1.344342184910e+02,1.330850464337e+02,-1.421546012051e+02,1.394598274041e+02,-1.245264916089e+02,1.000000000000e+00,1.885442898836
2389,17545,6425170898.437500,-3.136798431456e+02,4.481140616365e+01,-3.193237980982e+02,5.756427813869e+01,-3.277467024144e+02,9.422334851836e+00,1.000000000000e+00,1.863820645551
2390,17546,6425537109.375000,4.481140616365e+01,3.136798431456e+02,5.823602073566e+01,3.191391212771e+02,4.439523516655e+00,3.147146125692e+02,1.000000000000e+00,1.842225625468
2391,17547,6425903320.312500,1.344342184910e+02,-3.136798431456e+02,1.244189822834e+02,-3.264246902458e+02,1.573905739983e+02,-3.048789556675e+02,1.000000000000e+00,1.820657744619
2392,17548,6426269531.250000,4.481140616365e+01,2.240570308183e+02,5.538402388292e+01,2.272106324407e+02,1.344788611142e+01,2.244867633290e+02,1.000000000000e+00,1.799116907875
2393,17549,6426635742.187500,-4.481140616365e+01,4.481140616365e+01,-4.388291558105e+01,4.775608472031e+01,-5.805685569035e+01,3.563141172076e+01,1.000000000000e+00,1.777603018986
2394,17550,6427001953.125000,1.344342184910e+02,-3.136798431456e+02,1.237118957014e+02,-3.265877435109e+02,1.588350959102e+02,-3.047200310770e+02,1.000000000000e+00,1.756115980614
2395,17551,6427368164.062500,-2.240570308183e+02,1.344342184910e+02,-2.230099218451e+02,1.479049032837e+02,-2.468125175700e+02,1.063149544296e+02,1.000000000000e+00,1.734655694366
2396,17552,6427734375.000000,3.136798431456e+02,3.136798431456e+02,3.364358216933e+02,3.058431964356e+02,2.736009845036e+02,3.418888715351e+02,1.000000000000e+00,1.713222060827
2397,17553,6428100585.937500,2.240570308183e+02,4.481140616365e+01,2.317544690795e+02,3.432869756500e+01,2.119507840662e+02,6.272824898024e+01,1.000000000000e+00,1.691814979595
2398,17554,6428466796.875000,4.481140616365e+01,-2.240570308183e+02,3.345979962719e+01,-2.317194726042e+02,5.971415289413e+01,-2.256029493598e+02,1.000000000000e+00,1.670434349314
2399,17555,6428833007.812500,-4.481140616365e+01,2.240570308183e+02,-3.259159815661e+01,2.316811059851e+02,-7.524553995311e+01,2.142444713654e+02,1.000000000000e+00,1.649080067705
2400,17556,6429199218.750000,3.136798431456e+02,3.136798431456e+02,3.400635237577e+02,3.012063870653e+02,2.753403743161e+02,3.396426491882e+02,1.000000000000e+00,1.627752031596
2401,17557,6429565429.687500,-4.481140616365e+01,-4.481140616365e+01,-4.871487870693e+01,-4.295429810022e+01,-4.809430475474e+01,-5.550369376902e+01,1.000000000000e+00,1.606450136956
2402,17558,6429931640.625000,3.136798431456e+02,3.136798431456e+02,3.419439636066e+02,3.001509420774e+02,2.760621468725e+02,3.398355992163e+02,1.000000000000e+00,1.585174278925
2403,17559,6430297851.562500,-3.136798431456e+02,3.136798431456e+02,-2.996616462809e+02,3.420540511601e+02,-3.536289752817e+02,2.764980728489e+02,1.000000000000e+00,1.563924351843
2404,17560,6430664062.500000,4.481140616365e+01,4.481140616365e+01,4.885331624381e+01,4.274028075392e+01,3.312121752030e+01,4.288851085499e+01,1.000000000000e+00,1.542700249283
2405,17561,6431030273.437500,1.344342184910e+02,3.136798431456e+02,1.589218299753e+02,3.110485463829e+02,9.493560496537e+01,3.212313740163e+02,1.000000000000e+00,1.521501864074
2406,17562,6431396484.375000,-3.136798431456e+02,3.136798431456e+02,-2.979617944519e+02,3.427502624118e+02,-3.536079445754e+02,2.745484645614e+02,1.000000000000e+00,1.500329088336
2407,17563,6431762695.312500,3.136798431456e+02,-1.344342184910e+02,3.104664063629e+02,-1.604569505275e+02,3.214668314593e+02,-1.090833541331e+02,1.000000000000e+00,1.479181813506
2408,17564,6432128906.250000,-3.136798431456e+02,-1.344342184910e+02,-3.307418023600e+02,-1.132220898830e+02,-3.069210920166e+02,-1.744254134388e+02,1.000000000000e+00,1.458059930365
2409,17565,6432495117.187500,3.136798431456e+02,-1.344342184910e+02,3.095430126780e+02,-1.627372758028e+02,3.217994423363e+02,-1.101635042225e+02,1.000000000000e+00,1.436963329065
2410,17566,6432861328.125000,-3.136798431456e+02,-2.240570308183e+02,-3.395316412409e+02,-2.021693730746e+02,-2.983443862828e+02,-2.637614408276e+02,1.000000000000e+00,1.415891899159
2411,17567,6433227539.062500,-4.481140616365e+01,1.344342184910e+02,-3.389376211824e+01,1.412988549193e+02,-6.440805040088e+01,1.227559907426e+02,1.000000000000e+00,1.394845529624
2412,17568,6433593750.000000,1.344342184910e+02,-2.240570308183e+02,1.169379126747e+02,-2.411392191045e+02,1.514231909408e+02,-2.192653505709e+02,1.000000000000e+00,1.373824108887
2413,17569,6433959960.937500,2.240570308183e+02,4.481140616365e+01,2.330989395872e+02,2.478630566068e+01,2.147934377910e+02,5.940120526280e+01,1.000000000000e+00,1.352827524854
2414,17570,6434326171.875000,4.481140616365e+01,-2.240570308183e+02,2.432806694357e+01,-2.330469770053e+02,6.196115102527e+01,-2.283805865564e+02,1.000000000000e+00,1.331855664932
2415,17571,6434692382.812500,3.136798431456e+02,-1.344342184910e+02,3.069478615958e+02,-1.677321450349e+02,3.228526342494e+02,-1.113064164756e+02,1.000000000000e+00,1.310908416052
2416,17572,6435058593.750000,-2.240570308183e+02,-4.481140616365e+01,-2.329291535606e+02,-2.334184801380e+01,-2.251482834531e+02,-7.590461511874e+01,1.000000000000e+00,1.289985664697
2417,17573,6435424804.687500,-3.136798431456e+02,-1.344342184910e+02,-3.337560764368e+02,-1.042288596961e+02,-3.060629569833e+02,-1.743174794065e+02,1.000000000000e+00,1.269087296925
2418,17574,6435791015.625000,-1.344342184910e+02,-1.344342184910e+02,-1.516468908186e+02,-1.222606078002e+02,-1.264557665786e+02,-1.563985378460e+02,1.000000000000e+00,1.248213198388
2419,17575,6436157226.562500,-4.481140616365e+01,3.136798431456e+02,-1.027200056061e+01,3.245008716543e+02,-7.971645054155e+01,3.016580374382e+02,1.000000000000e+00,1.227363254361
2420,17576,6436523437.500000,-4.481140616365e+01,-4.481140616365e+01,-5.075468115956e+01,-4.050059764493e+01,-4.486869852202e+01,-5.802712831272e+01,1.000000000000e+00,1.206537349759
2421,17577,6436889648.437500,-1.344342184910e+02,-4.481140616365e+01,-1.420608345402e+02,-3.001317523657e+01,-1.344790350771e+02,-6.700469874214e+01,1.000000000000e+00,1.185735369162
2422,17578,6437255859.375000,-3.136798431456e+02,4.481140616365e+01,-3.139799058993e+02,8.258015273433e+01,-3.228516601412e+02,4.775931584128e+00,1.000000000000e+00,1.164957196834
2423,17579,6437622070.312500,-2.240570308183e+02,-1.344342184910e+02,-2.440726901955e+02,-1.099752510719e+02,-2.147589418157e+02,-1.662894599017e+02,1.000000000000e+00,1.144202716747
2424,17580,6437988281.250000,3.136798431456e+02,4.481140616365e+01,3.245359894620e+02,7.474165773746e+00,3.063829195906e+02,6.773085977321e+01,1.000000000000e+00,1.123471812600
2425,17581,6438354492.187500,3.136798431456e+02,2.240570308183e+02,3.467294868002e+02,1.893774904607e+02,2.881522441324e+02,2.478106320371e+02,1.000000000000e+00,1.102764367839
2426,17582,6438720703.125000,3.136798431456e+02,2.240570308183e+02,3.471481017088e+02,1.889482963129e+02,2.881324238646e+02,2.482510234143e+02,1.000000000000e+00,1.082080265677
2427,17583,6439086914.062500,-3.136798431456e+02,3.136798431456e+02,-2.795241064355e+02,3.589735744868e+02,-3.504890877975e+02,2.723239902236e+02,1.000000000000e+00,1.061419389112
2428,17584,6439453125.000000,-1.344342184910e+02,4.481140616365e+01,-1.308990975600e+02,6.311020576061e+01,-1.421193584574e+02,2.157784162817e+01,1.000000000000e+00,1.040781620949
2429,17585,6439819335.937500,2.240570308183e+02,-2.240570308183e+02,1.977132691970e+02,-2.578254896501e+02,2.455824767652e+02,-2.108565484409e+02,1.000000000000e+00,1.020166843817
2430,17586,6440185546.875000,1.344342184910e+02,2.240570308183e+02,1.674218362345e+02,2.091438805432e+02,1.095505484863e+02,2.291737012481e+02,1.000000000000e+00,0.999574940186
2431,17587,6440551757.812500,1.344342184910e+02,4.481140616365e+01,1.428290386898e+02,2.657370165025e+01,1.282749291133e+02,4.932917550052e+01,1.000000000000e+00,0.979005792387
2432,17588,6440917968.750000,4.481140616365e+01,-1.344342184910e+02,2.611917444508e+01,-1.429026570468e+02,5.704666919400e+01,-1.397013615699e+02,1.000000000000e+00,0.958459282627
2433,17589,6441284179.687500,-4.481140616365e+01,1.344342184910e+02,-2.550383877266e+01,1.430433956759e+02,-6.007905956567e+01,1.207946377027e+02,1.000000000000e+00,0.937935293008
2434,17590,6441650390.625000,2.240570308183e+02,2.240570308183e+02,2.615606815143e+02,1.928835484795e+02,2.012416528337e+02,2.376926555062e+02,1.000000000000e+00,0.917433705542
2435,17591,6442016601.562500,3.136798431456e+02,-4.481140616365e+01,3.108865984014e+02,-9.496040286449e+01,3.183106307277e+02,-2.370982844819e+01,1.000000000000e+00,0.896954402170
2436,17592,6442382812.500000,-1.344342184910e+02,3.136798431456e+02,-8.594527014294e+01,3.391642296797e+02,-1.667949578635e+02,2.918013054903e+02,1.000000000000e+00,0.876497264774
2437,17593,6442749023.437500,-2.240570308183e+02,3.136798431456e+02,-1.758272297885e+02,3.536602561596e+02,-2.565948701443e+02,2.824807574823e+02,1.000000000000e+00,0.856062175195
2438,17594,6443115234.375000,4.481140616365e+01,2.240570308183e+02,8.206897715628e+01,2.191857364702e+02,2.189187589769e+01,2.194900555141e+02,1.000000000000e+00,0.835649015249
2439,17595,6443481445.312500,1.344342184910e+02,-2.240570308183e+02,9.880310918037e+01,-2.488880577755e+02,1.576526255495e+02,-2.204034164369e+02,1.000000000000e+00,0.815257666739
2440,17596,6443847656.250000,1.344342184910e+02,3.136798431456e+02,1.885575741829e+02,2.947847369151e+02,1.022212218350e+02,3.190347681677e+02,1.000000000000e+00,0.794888011473
2441,17597,6444213867.187500,-3.136798431456e+02,-2.240570308183e+02,-3.556203203679e+02,-1.729142707330e+02,-2.911214036909e+02,-2.669795306637e+02,1.000000000000e+00,0.774539931273
2442,17598,6444580078.125000,1.344342184910e+02,-2.240570308183e+02,9.643888421024e+01,-2.501889010607e+02,1.584404222060e+02,-2.207054223737e+02,1.000000000000e+00,0.754213307994
2443,17599,6444946289.062500,-4.481140616365e+01,4.481140616365e+01,-3.716440034538e+01,5.339425557044e+01,-4.875393729188e+01,3.098327409105e+01,1.000000000000e+00,0.733908023537
2444,17600,6445312500.000000,2.240570308183e+02,4.481140616365e+01,2.345208370212e+02,4.313841694010e+00,2.214215532072e+02,5.845995733993e+01,1.000000000000e+00,0.713623959858
2445,17601,6445678710.937500,1.344342184910e+02,3.136798431456e+02,1.934492067423e+02,2.920585900901e+02,1.034069642808e+02,3.195406447108e+02,1.000000000000e+00,0.693360998984
2446,17602,6446044921.875000,-1.344342184910e+02,2.240570308183e+02,-9.420065924789e+01,2.510860237425e+02,-1.573260421047e+02,2.011681375257e+02,1.000000000000e+00,0.673119023026
2447,17603,6446411132.812500,4.481140616365e+01,-4.481140616365e+01,3.673478011375e+01,-5.360793357513e+01,5.136750908020e+01,-4.951413644352e+01,1.000000000000e+00,0.652897914188
2448,17604,6446777343.750000,-2.240570308183e+02,-3.136798431456e+02,-2.855287108608e+02,-2.728862681952e+02,-1.891701838733e+02,-3.474485619746e+02,1.000000000000e+00,0.632697554784
2449,17605,6447143554.687500,-3.136798431456e+02,3.136798431456e+02,-2.545520630530e+02,3.763758519956e+02,-3.456059906836e+02,2.713789445028e+02,1.000000000000e+00,0.612517827245
2450,17606,6447509765.625000,-4.481140616365e+01,-1.344342184910e+02,-7.154503577366e+01,-1.263730068550e+02,-2.810869546537e+01,-1.486998740027e+02,1.000000000000e+00,0.592358614130
2451,17607,6447875976.562500,3.136798431456e+02,-3.136798431456e+02,2.528076648102e+02,-3.781185456565e+02,3.509939538547e+02,-2.895150468273e+02,1.000000000000e+00,0.572219798143
2452,17608,6448242187.500000,3.136798431456e+02,4.481140616365e+01,3.244448279582e+02,-1.851765115337e+01,3.123514964103e+02,7.011163375558e+01,1.000000000000e+00,0.552101262136
2453,17609,6448608398.437500,4.481140616365e+01,-3.136798431456e+02,-1.947455601176e+01,-3.244270740520e+02,8.225063603092e+01,-3.185593494511e+02,1.000000000000e+00,0.532002889124
2454,17610,6448974609.375000,1.344342184910e+02,-3.136798431456e+02,6.958499564930e+01,-3.431033538653e+02,1.724926587723e+02,-3.086039533667e+02,1.000000000000e+00,0.511924562295
2455,17611,6449340820.312500,3.136798431456e+02,3.136798431456e+02,3.811486635655e+02,2.485395863027e+02,2.830978082254e+02,3.404584579654e+02,1.000000000000e+00,0.491866165019
2456,17612,6449707031.250000,2.240570308183e+02,-1.344342184910e+02,1.959469322587e+02,-1.828126001814e+02,2.431432671053e+02,-1.184480967593e+02,1.000000000000e+00,0.471827580855
