{
  "combo": {
    "tap_num": 96,
    "regularization": 0.0001,
    "coeff_total_bits": 16,
    "coeff_frac_bits": 12,
    "format": "Q4.12"
  },
  "source_run_dir": "D:\\桌面\\Rigol\\L1-08_sim\\data\\h1_full_combined_random_20260528_023841",
  "source_graph_dir": "D:\\桌面\\Rigol\\L1-08_sim\\results\\h1_full_combined_random_20260528_023841",
  "copied_data_dir": "D:\\桌面\\Rigol\\sweep_result\\h1_533121161_behavior_1688039438_qam_254967343\\tap096_reg1em04_q4_12\\data",
  "copied_graph_dir": "D:\\桌面\\Rigol\\sweep_result\\h1_533121161_behavior_1688039438_qam_254967343\\tap096_reg1em04_q4_12\\graph",
  "metrics": {
    "run_name": "h1_full_combined_random_20260528_023841",
    "h1_ripple_db": 0.44592536838376234,
    "float_dense_ripple_db": 0.027923268176667036,
    "float_dense_pass_0p1db": true,
    "max_abs_coeff": 0.24498637214970614,
    "fixed_saturation_count": 0,
    "fixed_dense_ripple_db": 0.04964146131522499,
    "fixed_dense_pass_0p1db": true,
    "behavior_float_ripple_db": 0.0193157018592979,
    "behavior_fixed_ripple_db": 0.03602452854026768,
    "behavior_fixed_pass_0p1db": true,
    "qam_float_magnitude_only_evm_percent": 0.04200715059477293,
    "qam_fixed_magnitude_only_evm_percent": 0.09594978082957802
  }
}
