{
  "combo": {
    "tap_num": 96,
    "regularization": 0.001,
    "coeff_total_bits": 16,
    "coeff_frac_bits": 12,
    "format": "Q4.12"
  },
  "source_run_dir": "D:\\桌面\\Rigol\\L1-08_sim\\data\\h1_full_combined_random_20260528_023346",
  "source_graph_dir": "D:\\桌面\\Rigol\\L1-08_sim\\results\\h1_full_combined_random_20260528_023346",
  "copied_data_dir": "D:\\桌面\\Rigol\\sweep_result\\h1_1366789340_behavior_1224877734_qam_1756070480\\tap096_reg1em03_q4_12\\data",
  "copied_graph_dir": "D:\\桌面\\Rigol\\sweep_result\\h1_1366789340_behavior_1224877734_qam_1756070480\\tap096_reg1em03_q4_12\\graph",
  "metrics": {
    "run_name": "h1_full_combined_random_20260528_023346",
    "h1_ripple_db": 0.6345468328855539,
    "float_dense_ripple_db": 0.0709346397123286,
    "float_dense_pass_0p1db": true,
    "max_abs_coeff": 0.24473273295849512,
    "fixed_saturation_count": 0,
    "fixed_dense_ripple_db": 0.07366187571321073,
    "fixed_dense_pass_0p1db": true,
    "behavior_float_ripple_db": 0.04959737894715755,
    "behavior_fixed_ripple_db": 0.055626107014529906,
    "behavior_fixed_pass_0p1db": true,
    "qam_float_magnitude_only_evm_percent": 0.10954472469125828,
    "qam_fixed_magnitude_only_evm_percent": 0.12321378270084452
  }
}
