{
  "combo": {
    "tap_num": 96,
    "regularization": 0.001,
    "coeff_total_bits": 16,
    "coeff_frac_bits": 12,
    "format": "Q4.12"
  },
  "source_run_dir": "D:\\桌面\\Rigol\\L1-08_sim\\data\\h1_full_combined_random_20260528_024612",
  "source_graph_dir": "D:\\桌面\\Rigol\\L1-08_sim\\results\\h1_full_combined_random_20260528_024612",
  "copied_data_dir": "D:\\桌面\\Rigol\\sweep_result\\h1_286476255_behavior_1813889189_qam_417471910\\tap096_reg1em03_q4_12\\data",
  "copied_graph_dir": "D:\\桌面\\Rigol\\sweep_result\\h1_286476255_behavior_1813889189_qam_417471910\\tap096_reg1em03_q4_12\\graph",
  "metrics": {
    "run_name": "h1_full_combined_random_20260528_024612",
    "h1_ripple_db": 0.7584381726751868,
    "float_dense_ripple_db": 0.14906506964301303,
    "float_dense_pass_0p1db": false,
    "max_abs_coeff": 0.20231299701226024,
    "fixed_saturation_count": 0,
    "fixed_dense_ripple_db": 0.1485663813265424,
    "fixed_dense_pass_0p1db": false,
    "behavior_float_ripple_db": 0.14436818331013065,
    "behavior_fixed_ripple_db": 0.14384850000344904,
    "behavior_fixed_pass_0p1db": false,
    "qam_float_magnitude_only_evm_percent": 0.2688160063582282,
    "qam_fixed_magnitude_only_evm_percent": 0.27572333876960803
  }
}
