{
  "combo": {
    "tap_num": 96,
    "regularization": 0.001,
    "coeff_total_bits": 16,
    "coeff_frac_bits": 14,
    "format": "Q2.14"
  },
  "source_run_dir": "D:\\桌面\\Rigol\\L1-08_sim\\data\\h1_full_combined_random_20260528_023320",
  "source_graph_dir": "D:\\桌面\\Rigol\\L1-08_sim\\results\\h1_full_combined_random_20260528_023320",
  "copied_data_dir": "D:\\桌面\\Rigol\\sweep_result\\h1_1366789340_behavior_1224877734_qam_1756070480\\tap096_reg1em03_q2_14\\data",
  "copied_graph_dir": "D:\\桌面\\Rigol\\sweep_result\\h1_1366789340_behavior_1224877734_qam_1756070480\\tap096_reg1em03_q2_14\\graph",
  "metrics": {
    "run_name": "h1_full_combined_random_20260528_023320",
    "h1_ripple_db": 0.6345468328855539,
    "float_dense_ripple_db": 0.0709346397123286,
    "float_dense_pass_0p1db": true,
    "max_abs_coeff": 0.24473273295849512,
    "fixed_saturation_count": 0,
    "fixed_dense_ripple_db": 0.06901996359901016,
    "fixed_dense_pass_0p1db": true,
    "behavior_float_ripple_db": 0.04959737894715755,
    "behavior_fixed_ripple_db": 0.04951923593746207,
    "behavior_fixed_pass_0p1db": true,
    "qam_float_magnitude_only_evm_percent": 0.10954472469125828,
    "qam_fixed_magnitude_only_evm_percent": 0.11124017028765112
  }
}
