freq_hz,h1_db,h2_target_db,h2_float_db,h2_fixed_db,h2_float_phase_rad,h2_fixed_phase_rad,htotal_float_db,htotal_fixed_db
5500000000.000000,-0.224041708,0.224041708,0.258625670,0.256826348,-0.327249234749,-0.327249234749,0.034583962,0.032784640
5501000000.000000,-0.220782209,0.220782209,0.255185598,0.253395583,-0.337590310567,-0.337590310567,0.034403389,0.032613374
5502000000.000000,-0.209710513,0.209710513,0.251706566,0.249925895,-0.347931386385,-0.347931386385,0.041996053,0.040215382
5503000000.000000,-0.216412114,0.216412114,0.248190201,0.246418912,-0.358272462203,-0.358272462203,0.031778087,0.030006798
5504000000.000000,-0.225348950,0.225348950,0.244638110,0.242876240,-0.368613538021,-0.368613538021,0.019289160,0.017527290
5505000000.000000,-0.217902067,0.217902067,0.241051883,0.239299468,-0.378954613839,-0.378954613839,0.023149816,0.021397401
5506000000.000000,-0.213382924,0.213382924,0.237433088,0.235690164,-0.389295689657,-0.389295689657,0.024050164,0.022307240
5507000000.000000,-0.217799039,0.217799039,0.233783275,0.232049876,-0.399636765475,-0.399636765475,0.015984236,0.014250837
5508000000.000000,-0.208919327,0.208919327,0.230103972,0.228380133,-0.409977841293,-0.409977841293,0.021184645,0.019460806
5509000000.000000,-0.208885617,0.208885617,0.226396692,0.224682446,-0.420318917112,-0.420318917112,0.017511075,0.015796829
5510000000.000000,-0.200699081,0.200699081,0.222662925,0.220958305,-0.430659992930,-0.430659992930,0.021963844,0.020259224
5511000000.000000,-0.214029436,0.214029436,0.218904143,0.217209181,-0.441001068748,-0.441001068748,0.004874707,0.003179745
5512000000.000000,-0.204204167,0.204204167,0.215121800,0.213436527,-0.451342144566,-0.451342144566,0.010917633,0.009232360
5513000000.000000,-0.217319934,0.217319934,0.211317330,0.209641776,-0.461683220384,-0.461683220384,-0.006002604,-0.007678158
5514000000.000000,-0.205735294,0.205735294,0.207492148,0.205826343,-0.472024296202,-0.472024296202,0.001756854,0.000091049
5515000000.000000,-0.198163630,0.198163630,0.203647651,0.201991624,-0.482365372020,-0.482365372020,0.005484021,0.003827994
5516000000.000000,-0.189176579,0.189176579,0.199785216,0.198138995,-0.492706447838,-0.492706447838,0.010608637,0.008962416
5517000000.000000,-0.189280801,0.189280801,0.195906203,0.194269815,-0.503047523656,-0.503047523656,0.006625402,0.004989014
5518000000.000000,-0.195930573,0.195930573,0.192011951,0.190385423,-0.513388599474,-0.513388599474,-0.003918622,-0.005545150
5519000000.000000,-0.194144892,0.194144892,0.188103783,0.186487141,-0.523729675292,-0.523729675292,-0.006041109,-0.007657751
5520000000.000000,-0.188330983,0.188330983,0.184183003,0.182576271,-0.534070751110,-0.534070751110,-0.004147980,-0.005754712
5521000000.000000,-0.172707176,0.172707176,0.180250895,0.178654098,-0.544411826928,-0.544411826928,0.007543719,0.005946922
5522000000.000000,-0.183720623,0.183720623,0.176308727,0.174721888,-0.554752902746,-0.554752902746,-0.007411896,-0.008998735
5523000000.000000,-0.179556838,0.179556838,0.172357748,0.170780888,-0.565093978564,-0.565093978564,-0.007199090,-0.008775950
5524000000.000000,-0.180850229,0.180850229,0.168399187,0.166832329,-0.575435054383,-0.575435054383,-0.012451042,-0.014017900
5525000000.000000,-0.171142006,0.171142006,0.164434257,0.162877422,-0.585776130201,-0.585776130201,-0.006707749,-0.008264584
5526000000.000000,-0.167693870,0.167693870,0.160464153,0.158917360,-0.596117206019,-0.596117206019,-0.007229717,-0.008776510
5527000000.000000,-0.173326317,0.173326317,0.156490051,0.154953320,-0.606458281837,-0.606458281837,-0.016836266,-0.018372997
5528000000.000000,-0.167018284,0.167018284,0.152513110,0.150986459,-0.616799357655,-0.616799357655,-0.014505174,-0.016031825
5529000000.000000,-0.163438105,0.163438105,0.148534471,0.147017917,-0.627140433473,-0.627140433473,-0.014903634,-0.016420188
5530000000.000000,-0.165021024,0.165021024,0.144555257,0.143048816,-0.637481509291,-0.637481509291,-0.020465767,-0.021972208
5531000000.000000,-0.150649623,0.150649623,0.140576574,0.139080262,-0.647822585109,-0.647822585109,-0.010073049,-0.011569361
5532000000.000000,-0.155025762,0.155025762,0.136599509,0.135113341,-0.658163660927,-0.658163660927,-0.018426253,-0.019912421
5533000000.000000,-0.149165468,0.149165468,0.132625134,0.131149123,-0.668504736745,-0.668504736745,-0.016540334,-0.018016345
5534000000.000000,-0.144751707,0.144751707,0.128654500,0.127188660,-0.678845812563,-0.678845812563,-0.016097207,-0.017563047
5535000000.000000,-0.138976703,0.138976703,0.124688645,0.123232986,-0.689186888381,-0.689186888381,-0.014288058,-0.015743717
5536000000.000000,-0.138201756,0.138201756,0.120728586,0.119283120,-0.699527964199,-0.699527964199,-0.017473170,-0.018918636
5537000000.000000,-0.137332319,0.137332319,0.116775324,0.115340062,-0.709869040017,-0.709869040017,-0.020556995,-0.021992257
5538000000.000000,-0.137299717,0.137299717,0.112829844,0.111404794,-0.720210115835,-0.720210115835,-0.024469873,-0.025894923
5539000000.000000,-0.127511332,0.127511332,0.108893113,0.107478284,-0.730551191654,-0.730551191654,-0.018618219,-0.020033048
5540000000.000000,-0.115378430,0.115378430,0.104966080,0.103561479,-0.740892267472,-0.740892267472,-0.010412350,-0.011816951
5541000000.000000,-0.114474638,0.114474638,0.101049679,0.099655312,-0.751233343290,-0.751233343290,-0.013424959,-0.014819326
5542000000.000000,-0.112092585,0.112092585,0.097144826,0.095760699,-0.761574419108,-0.761574419108,-0.014947759,-0.016331886
5543000000.000000,-0.119790861,0.119790861,0.093252420,0.091878538,-0.771915494926,-0.771915494926,-0.026538441,-0.027912323
5544000000.000000,-0.115536989,0.115536989,0.089373345,0.088009711,-0.782256570744,-0.782256570744,-0.026163644,-0.027527278
5545000000.000000,-0.107809938,0.107809938,0.085508466,0.084155083,-0.792597646562,-0.792597646562,-0.022301472,-0.023654855
5546000000.000000,-0.092812232,0.092812232,0.081658633,0.080315503,-0.802938722380,-0.802938722380,-0.011153599,-0.012496729
5547000000.000000,-0.089529453,0.089529453,0.077824679,0.076491803,-0.813279798198,-0.813279798198,-0.011704774,-0.013037650
5548000000.000000,-0.089364635,0.089364635,0.074007422,0.072684799,-0.823620874016,-0.823620874016,-0.015357213,-0.016679836
5549000000.000000,-0.091238702,0.091238702,0.070207661,0.068895290,-0.833961949834,-0.833961949834,-0.021031041,-0.022343412
5550000000.000000,-0.095217257,0.095217257,0.066426181,0.065124060,-0.844303025652,-0.844303025652,-0.028791076,-0.030093197
5551000000.000000,-0.072878763,0.072878763,0.062663750,0.061371877,-0.854644101470,-0.854644101470,-0.010215013,-0.011506886
5552000000.000000,-0.086084938,0.086084938,0.058921121,0.057639491,-0.864985177288,-0.864985177288,-0.027163817,-0.028445447
5553000000.000000,-0.078816494,0.078816494,0.055199028,0.053927637,-0.875326253106,-0.875326253106,-0.023617466,-0.024888857
5554000000.000000,-0.074858349,0.074858349,0.051498194,0.050237035,-0.885667328925,-0.885667328925,-0.023360155,-0.024621314
5555000000.000000,-0.062495711,0.062495711,0.047819321,0.046568388,-0.896008404743,-0.896008404743,-0.014676390,-0.015927323
5556000000.000000,-0.065134578,0.065134578,0.044163099,0.042922384,-0.906349480561,-0.906349480561,-0.020971479,-0.022212194
5557000000.000000,-0.057923808,0.057923808,0.040530201,0.039299695,-0.916690556379,-0.916690556379,-0.017393607,-0.018624113
5558000000.000000,-0.057268191,0.057268191,0.036921285,0.035700979,-0.927031632197,-0.927031632197,-0.020346906,-0.021567212
5559000000.000000,-0.043330720,0.043330720,0.033336992,0.032126875,-0.937372708015,-0.937372708015,-0.009993728,-0.011203845
5560000000.000000,-0.054663864,0.054663864,0.029777949,0.028578010,-0.947713783833,-0.947713783833,-0.024885915,-0.026085854
5561000000.000000,-0.048243050,0.048243050,0.026244769,0.025054994,-0.958054859651,-0.958054859651,-0.021998281,-0.023188056
5562000000.000000,-0.043219817,0.043219817,0.022738046,0.021558424,-0.968395935469,-0.968395935469,-0.020481771,-0.021661393
5563000000.000000,-0.035291015,0.035291015,0.019258363,0.018088878,-0.978737011287,-0.978737011287,-0.016032652,-0.017202137
5564000000.000000,-0.038233186,0.038233186,0.015806286,0.014646923,-0.989078087105,-0.989078087105,-0.022426900,-0.023586263
5565000000.000000,-0.039202878,0.039202878,0.012382366,0.011233108,-0.999419162923,-0.999419162923,-0.026820512,-0.027969770
5566000000.000000,-0.018875398,0.018875398,0.008987140,0.007847971,-1.009760238741,-1.009760238741,-0.009888258,-0.011027427
5567000000.000000,-0.012650817,0.012650817,0.005621129,0.004492030,-1.020101314559,-1.020101314559,-0.007029688,-0.008158787
5568000000.000000,-0.018132224,0.018132224,0.002284841,0.001165794,-1.030442390377,-1.030442390377,-0.015847383,-0.016966430
5569000000.000000,-0.004449393,0.004449393,-0.001021231,-0.002130247,-1.040783466196,-1.040783466196,-0.005470624,-0.006579640
5570000000.000000,-0.007497204,0.007497204,-0.004296608,-0.005395615,-1.051124542014,-1.051124542014,-0.011793812,-0.012892819
5571000000.000000,0.002016658,-0.002016658,-0.007540828,-0.008629846,-1.061465617832,-1.061465617832,-0.005524170,-0.006613188
5572000000.000000,-0.000157004,0.000157004,-0.010753439,-0.011832491,-1.071806693650,-1.071806693650,-0.010910443,-0.011989495
5573000000.000000,0.008887621,-0.008887621,-0.013934006,-0.015003117,-1.082147769468,-1.082147769468,-0.005046385,-0.006115496
5574000000.000000,0.005917295,-0.005917295,-0.017082107,-0.018141300,-1.092488845286,-1.092488845286,-0.011164812,-0.012224005
5575000000.000000,0.013095840,-0.013095840,-0.020197334,-0.021246636,-1.102829921104,-1.102829921104,-0.007101494,-0.008150796
5576000000.000000,0.012711697,-0.012711697,-0.023279292,-0.024318729,-1.113170996922,-1.113170996922,-0.010567595,-0.011607032
5577000000.000000,0.028129967,-0.028129967,-0.026327602,-0.027357200,-1.123512072740,-1.123512072740,0.001802365,0.000772767
5578000000.000000,0.015409494,-0.015409494,-0.029341895,-0.030361684,-1.133853148558,-1.133853148558,-0.013932401,-0.014952190
5579000000.000000,0.025087718,-0.025087718,-0.032321818,-0.033331827,-1.144194224376,-1.144194224376,-0.007234100,-0.008244109
5580000000.000000,0.040612510,-0.040612510,-0.035267031,-0.036267290,-1.154535300194,-1.154535300194,0.005345479,0.004345220
5581000000.000000,0.045127643,-0.045127643,-0.038177207,-0.039167746,-1.164876376012,-1.164876376012,0.006950436,0.005959897
5582000000.000000,0.036271558,-0.036271558,-0.041052032,-0.042032883,-1.175217451830,-1.175217451830,-0.004780474,-0.005761325
5583000000.000000,0.036983050,-0.036983050,-0.043891203,-0.044862400,-1.185558527648,-1.185558527648,-0.006908153,-0.007879350
5584000000.000000,0.056531125,-0.056531125,-0.046694434,-0.047656009,-1.195899603467,-1.195899603467,0.009836691,0.008875116
5585000000.000000,0.044922687,-0.044922687,-0.049461449,-0.050413437,-1.206240679285,-1.206240679285,-0.004538762,-0.005490750
5586000000.000000,0.057509283,-0.057509283,-0.052191984,-0.053134420,-1.216581755103,-1.216581755103,0.005317299,0.004374863
5587000000.000000,0.053524502,-0.053524502,-0.054885789,-0.055818710,-1.226922830921,-1.226922830921,-0.001361287,-0.002294208
5588000000.000000,0.056570938,-0.056570938,-0.057542627,-0.058466069,-1.237263906739,-1.237263906739,-0.000971689,-0.001895131
5589000000.000000,0.060832284,-0.060832284,-0.060162271,-0.061076272,-1.247604982557,-1.247604982557,0.000670013,-0.000243988
5590000000.000000,0.065814988,-0.065814988,-0.062744507,-0.063649106,-1.257946058375,-1.257946058375,0.003070481,0.002165882
5591000000.000000,0.080562647,-0.080562647,-0.065289135,-0.066184370,-1.268287134193,-1.268287134193,0.015273512,0.014378277
5592000000.000000,0.077206189,-0.077206189,-0.067795964,-0.068681876,-1.278628210011,-1.278628210011,0.009410225,0.008524313
5593000000.000000,0.082422258,-0.082422258,-0.070264815,-0.071141446,-1.288969285829,-1.288969285829,0.012157443,0.011280812
5594000000.000000,0.074853829,-0.074853829,-0.072695524,-0.073562915,-1.299310361647,-1.299310361647,0.002158305,0.001290914
5595000000.000000,0.078556560,-0.078556560,-0.075087934,-0.075946127,-1.309651437465,-1.309651437465,0.003468626,0.002610433
5596000000.000000,0.082905667,-0.082905667,-0.077441903,-0.078290942,-1.319992513283,-1.319992513283,0.005463764,0.004614725
5597000000.000000,0.097265016,-0.097265016,-0.079757297,-0.080597226,-1.330333589101,-1.330333589101,0.017507719,0.016667790
5598000000.000000,0.095015371,-0.095015371,-0.082033996,-0.082864860,-1.340674664919,-1.340674664919,0.012981375,0.012150511
5599000000.000000,0.102958743,-0.102958743,-0.084271890,-0.085093735,-1.351015740738,-1.351015740738,0.018686853,0.017865008
5600000000.000000,0.095863284,-0.095863284,-0.086470878,-0.087283751,-1.361356816556,-1.361356816556,0.009392406,0.008579533
5601000000.000000,0.103378899,-0.103378899,-0.088630873,-0.089434820,-1.371697892374,-1.371697892374,0.014748026,0.013944079
5602000000.000000,0.111716618,-0.111716618,-0.090751797,-0.091546866,-1.382038968192,-1.382038968192,0.020964821,0.020169752
5603000000.000000,0.108208272,-0.108208272,-0.092833581,-0.093619821,-1.392380044010,-1.392380044010,0.015374691,0.014588451
5604000000.000000,0.118605676,-0.118605676,-0.094876170,-0.095653629,-1.402721119828,-1.402721119828,0.023729506,0.022952047
5605000000.000000,0.113644173,-0.113644173,-0.096879514,-0.097648244,-1.413062195646,-1.413062195646,0.016764659,0.015995929
5606000000.000000,0.107851979,-0.107851979,-0.098843578,-0.099603629,-1.423403271464,-1.423403271464,0.009008401,0.008248350
5607000000.000000,0.123544849,-0.123544849,-0.100768335,-0.101519757,-1.433744347282,-1.433744347282,0.022776514,0.022025092
5608000000.000000,0.117679221,-0.117679221,-0.102653767,-0.103396613,-1.444085423100,-1.444085423100,0.015025454,0.014282608
5609000000.000000,0.118027796,-0.118027796,-0.104499866,-0.105234189,-1.454426498918,-1.454426498918,0.013527930,0.012793607
5610000000.000000,0.119198941,-0.119198941,-0.106306634,-0.107032488,-1.464767574736,-1.464767574736,0.012892307,0.012166453
5611000000.000000,0.125260466,-0.125260466,-0.108074084,-0.108791521,-1.475108650554,-1.475108650554,0.017186382,0.016468945
5612000000.000000,0.120039026,-0.120039026,-0.109802234,-0.110511310,-1.485449726372,-1.485449726372,0.010236792,0.009527716
5613000000.000000,0.131427652,-0.131427652,-0.111491115,-0.112191885,-1.495790802190,-1.495790802190,0.019936537,0.019235767
5614000000.000000,0.124119422,-0.124119422,-0.113140765,-0.113833285,-1.506131878008,-1.506131878008,0.010978657,0.010286137
5615000000.000000,0.128223911,-0.128223911,-0.114751232,-0.115435558,-1.516472953827,-1.516472953827,0.013472679,0.012788353
5616000000.000000,0.137337122,-0.137337122,-0.116322571,-0.116998761,-1.526814029645,-1.526814029645,0.021014551,0.020338361
5617000000.000000,0.140131868,-0.140131868,-0.117854848,-0.118522959,-1.537155105463,-1.537155105463,0.022277020,0.021608909
5618000000.000000,0.154863310,-0.154863310,-0.119348135,-0.120008225,-1.547496181281,-1.547496181281,0.035515175,0.034855085
5619000000.000000,0.155710331,-0.155710331,-0.120802514,-0.121454642,-1.557837257099,-1.557837257099,0.034907817,0.034255689
5620000000.000000,0.138942326,-0.138942326,-0.122218074,-0.122862299,-1.568178332917,-1.568178332917,0.016724252,0.016080027
5621000000.000000,0.146322990,-0.146322990,-0.123594913,-0.124231295,-1.578519408735,-1.578519408735,0.022728077,0.022091695
5622000000.000000,0.151748281,-0.151748281,-0.124933136,-0.125561735,-1.588860484553,-1.588860484553,0.026815145,0.026186546
5623000000.000000,0.149397875,-0.149397875,-0.126232856,-0.126853733,-1.599201560371,-1.599201560371,0.023165019,0.022544142
5624000000.000000,0.160799541,-0.160799541,-0.127494194,-0.128107410,-1.609542636189,-1.609542636189,0.033305347,0.032692131
5625000000.000000,0.151136845,-0.151136845,-0.128717277,-0.129322895,-1.619883712007,-1.619883712007,0.022419568,0.021813950
5626000000.000000,0.146248404,-0.146248404,-0.129902242,-0.130500323,-1.630224787825,-1.630224787825,0.016346162,0.015748081
5627000000.000000,0.147540002,-0.147540002,-0.131049230,-0.131639838,-1.640565863643,-1.640565863643,0.016490772,0.015900164
5628000000.000000,0.152369922,-0.152369922,-0.132158392,-0.132741589,-1.650906939461,-1.650906939461,0.020211530,0.019628333
5629000000.000000,0.148925241,-0.148925241,-0.133229885,-0.133805734,-1.661248015280,-1.661248015280,0.015695356,0.015119507
5630000000.000000,0.154272641,-0.154272641,-0.134263870,-0.134832437,-1.671589091098,-1.671589091098,0.020008771,0.019440204
5631000000.000000,0.159034383,-0.159034383,-0.135260518,-0.135821867,-1.681930166916,-1.681930166916,0.023773865,0.023212516
5632000000.000000,0.156515581,-0.156515581,-0.136220006,-0.136774201,-1.692271242734,-1.692271242734,0.020295575,0.019741380
5633000000.000000,0.157828318,-0.157828318,-0.137142516,-0.137689623,-1.702612318552,-1.702612318552,0.020685802,0.020138695
5634000000.000000,0.158670544,-0.158670544,-0.138028237,-0.138568322,-1.712953394370,-1.712953394370,0.020642307,0.020102222
5635000000.000000,0.156767679,-0.156767679,-0.138877365,-0.139410493,-1.723294470188,-1.723294470188,0.017890314,0.017357186
5636000000.000000,0.150242428,-0.150242428,-0.139690099,-0.140216338,-1.733635546006,-1.733635546006,0.010552329,0.010026090
5637000000.000000,0.163385809,-0.163385809,-0.140466648,-0.140986063,-1.743976621824,-1.743976621824,0.022919161,0.022399746
5638000000.000000,0.164250621,-0.164250621,-0.141207223,-0.141719882,-1.754317697642,-1.754317697642,0.023043398,0.022530739
5639000000.000000,0.159091114,-0.159091114,-0.141912042,-0.142418012,-1.764658773460,-1.764658773460,0.017179072,0.016673102
5640000000.000000,0.168993025,-0.168993025,-0.142581328,-0.143080678,-1.774999849278,-1.774999849278,0.026411697,0.025912347
5641000000.000000,0.153144889,-0.153144889,-0.143215311,-0.143708108,-1.785340925096,-1.785340925096,0.009929578,0.009436781
5642000000.000000,0.161935228,-0.161935228,-0.143814224,-0.144300536,-1.795682000914,-1.795682000914,0.018121004,0.017634692
5643000000.000000,0.157832773,-0.157832773,-0.144378306,-0.144858201,-1.806023076732,-1.806023076732,0.013454467,0.012974572
5644000000.000000,0.162603290,-0.162603290,-0.144907800,-0.145381348,-1.816364152551,-1.816364152551,0.017695490,0.017221942
5645000000.000000,0.168823798,-0.168823798,-0.145402954,-0.145870225,-1.826705228369,-1.826705228369,0.023420844,0.022953573
5646000000.000000,0.160191657,-0.160191657,-0.145864023,-0.146325084,-1.837046304187,-1.837046304187,0.014327634,0.013866573
5647000000.000000,0.172418414,-0.172418414,-0.146291263,-0.146746185,-1.847387380005,-1.847387380005,0.026127151,0.025672229
5648000000.000000,0.158588712,-0.158588712,-0.146684936,-0.147133788,-1.857728455823,-1.857728455823,0.011903776,0.011454924
5649000000.000000,0.169471644,-0.169471644,-0.147045307,-0.147488161,-1.868069531641,-1.868069531641,0.022426337,0.021983483
5650000000.000000,0.170631963,-0.170631963,-0.147372649,-0.147809573,-1.878410607459,-1.878410607459,0.023259314,0.022822390
5651000000.000000,0.172328799,-0.172328799,-0.147667233,-0.148098298,-1.888751683277,-1.888751683277,0.024661566,0.024230501
5652000000.000000,0.162349328,-0.162349328,-0.147929339,-0.148354615,-1.899092759095,-1.899092759095,0.014419989,0.013994713
5653000000.000000,0.171617393,-0.171617393,-0.148159248,-0.148578806,-1.909433834913,-1.909433834913,0.023458145,0.023038587
5654000000.000000,0.172185676,-0.172185676,-0.148357244,-0.148771156,-1.919774910731,-1.919774910731,0.023828432,0.023414520
5655000000.000000,0.170948388,-0.170948388,-0.148523618,-0.148931954,-1.930115986549,-1.930115986549,0.022424770,0.022016434
5656000000.000000,0.155205629,-0.155205629,-0.148658661,-0.149061492,-1.940457062367,-1.940457062367,0.006546968,0.006144137
5657000000.000000,0.155164475,-0.155164475,-0.148762668,-0.149160065,-1.950798138185,-1.950798138185,0.006401807,0.006004410
5658000000.000000,0.164876221,-0.164876221,-0.148835938,-0.149227973,-1.961139214003,-1.961139214003,0.016040283,0.015648248
5659000000.000000,0.163876472,-0.163876472,-0.148878773,-0.149265516,-1.971480289821,-1.971480289821,0.014997699,0.014610956
5660000000.000000,0.156664153,-0.156664153,-0.148891475,-0.149272998,-1.981821365640,-1.981821365640,0.007772678,0.007391155
5661000000.000000,0.162038915,-0.162038915,-0.148874353,-0.149250728,-1.992162441458,-1.992162441458,0.013164562,0.012788187
5662000000.000000,0.157492277,-0.157492277,-0.148827717,-0.149199015,-2.002503517276,-2.002503517276,0.008664560,0.008293262
5663000000.000000,0.154408317,-0.154408317,-0.148751877,-0.149118170,-2.012844593094,-2.012844593094,0.005656440,0.005290147
5664000000.000000,0.157249059,-0.157249059,-0.148647149,-0.149008509,-2.023185668912,-2.023185668912,0.008601910,0.008240550
5665000000.000000,0.154871337,-0.154871337,-0.148513851,-0.148870348,-2.033526744730,-2.033526744730,0.006357486,0.006000989
5666000000.000000,0.148106782,-0.148106782,-0.148352300,-0.148704006,-2.043867820548,-2.043867820548,-0.000245518,-0.000597224
5667000000.000000,0.152717768,-0.152717768,-0.148162818,-0.148509805,-2.054208896366,-2.054208896366,0.004554950,0.004207963
5668000000.000000,0.147454576,-0.147454576,-0.147945727,-0.148288068,-2.064549972184,-2.064549972184,-0.000491151,-0.000833492
5669000000.000000,0.153861618,-0.153861618,-0.147701354,-0.148039119,-2.074891048002,-2.074891048002,0.006160264,0.005822499
5670000000.000000,0.154392462,-0.154392462,-0.147430025,-0.147763285,-2.085232123820,-2.085232123820,0.006962437,0.006629177
5671000000.000000,0.151851663,-0.151851663,-0.147132067,-0.147460895,-2.095573199638,-2.095573199638,0.004719596,0.004390768
5672000000.000000,0.150194859,-0.150194859,-0.146807811,-0.147132278,-2.105914275456,-2.105914275456,0.003387048,0.003062581
5673000000.000000,0.150392177,-0.150392177,-0.146457588,-0.146777765,-2.116255351274,-2.116255351274,0.003934589,0.003614412
5674000000.000000,0.147852636,-0.147852636,-0.146081731,-0.146397689,-2.126596427092,-2.126596427092,0.001770905,0.001454947
5675000000.000000,0.160286414,-0.160286414,-0.145680573,-0.145992383,-2.136937502911,-2.136937502911,0.014605841,0.014294031
5676000000.000000,0.149634536,-0.149634536,-0.145254449,-0.145562182,-2.147278578729,-2.147278578729,0.004380087,0.004072354
5677000000.000000,0.146664681,-0.146664681,-0.144803696,-0.145107423,-2.157619654547,-2.157619654547,0.001860985,0.001557258
5678000000.000000,0.147528088,-0.147528088,-0.144328649,-0.144628442,-2.167960730365,-2.167960730365,0.003199439,0.002899646
5679000000.000000,0.147800285,-0.147800285,-0.143829647,-0.144125575,-2.178301806183,-2.178301806183,0.003970638,0.003674710
5680000000.000000,0.134539184,-0.134539184,-0.143307028,-0.143599163,-2.188642882001,-2.188642882001,-0.008767844,-0.009059979
5681000000.000000,0.147247529,-0.147247529,-0.142761131,-0.143049542,-2.198983957819,-2.198983957819,0.004486398,0.004197987
5682000000.000000,0.137585183,-0.137585183,-0.142192296,-0.142477054,-2.209325033637,-2.209325033637,-0.004607113,-0.004891871
5683000000.000000,0.131551161,-0.131551161,-0.141600863,-0.141882037,-2.219666109455,-2.219666109455,-0.010049702,-0.010330876
5684000000.000000,0.133227314,-0.133227314,-0.140987171,-0.141264832,-2.230007185273,-2.230007185273,-0.007759857,-0.008037518
5685000000.000000,0.136130333,-0.136130333,-0.140351562,-0.140625779,-2.240348261091,-2.240348261091,-0.004221229,-0.004495446
5686000000.000000,0.132074036,-0.132074036,-0.139694377,-0.139965219,-2.250689336909,-2.250689336909,-0.007620341,-0.007891183
5687000000.000000,0.124051484,-0.124051484,-0.139015955,-0.139283493,-2.261030412727,-2.261030412727,-0.014964471,-0.015232009
5688000000.000000,0.133322695,-0.133322695,-0.138316639,-0.138580940,-2.271371488545,-2.271371488545,-0.004993944,-0.005258245
5689000000.000000,0.121987692,-0.121987692,-0.137596769,-0.137857903,-2.281712564363,-2.281712564363,-0.015609077,-0.015870211
5690000000.000000,0.138213561,-0.138213561,-0.136856686,-0.137114720,-2.292053640182,-2.292053640182,0.001356875,0.001098841
5691000000.000000,0.127780173,-0.127780173,-0.136096729,-0.136351733,-2.302394716000,-2.302394716000,-0.008316556,-0.008571560
5692000000.000000,0.125618489,-0.125618489,-0.135317240,-0.135569281,-2.312735791818,-2.312735791818,-0.009698751,-0.009950792
5693000000.000000,0.122561309,-0.122561309,-0.134518558,-0.134767703,-2.323076867636,-2.323076867636,-0.011957249,-0.012206394
5694000000.000000,0.123835894,-0.123835894,-0.133701021,-0.133947338,-2.333417943454,-2.333417943454,-0.009865127,-0.010111444
5695000000.000000,0.124218372,-0.124218372,-0.132864969,-0.133108526,-2.343759019272,-2.343759019272,-0.008646597,-0.008890154
5696000000.000000,0.126553546,-0.126553546,-0.132010740,-0.132251603,-2.354100095090,-2.354100095090,-0.005457194,-0.005698057
5697000000.000000,0.113675192,-0.113675192,-0.131138671,-0.131376906,-2.364441170908,-2.364441170908,-0.017463479,-0.017701714
5698000000.000000,0.120805193,-0.120805193,-0.130249098,-0.130484771,-2.374782246726,-2.374782246726,-0.009443905,-0.009679578
5699000000.000000,0.128327600,-0.128327600,-0.129342357,-0.129575535,-2.385123322544,-2.385123322544,-0.001014757,-0.001247935
5700000000.000000,0.111896917,-0.111896917,-0.128418783,-0.128649531,-2.395464398362,-2.395464398362,-0.016521866,-0.016752614
5701000000.000000,0.107291415,-0.107291415,-0.127478709,-0.127707092,-2.405805474180,-2.405805474180,-0.020187294,-0.020415677
5702000000.000000,0.110377786,-0.110377786,-0.126522469,-0.126748552,-2.416146549998,-2.416146549998,-0.016144683,-0.016370766
5703000000.000000,0.118280607,-0.118280607,-0.125550393,-0.125774240,-2.426487625816,-2.426487625816,-0.007269786,-0.007493633
5704000000.000000,0.108073062,-0.108073062,-0.124562812,-0.124784488,-2.436828701634,-2.436828701634,-0.016489750,-0.016711426
5705000000.000000,0.110849065,-0.110849065,-0.123560056,-0.123779624,-2.447169777453,-2.447169777453,-0.012710991,-0.012930559
5706000000.000000,0.113126063,-0.113126063,-0.122542452,-0.122759976,-2.457510853271,-2.457510853271,-0.009416389,-0.009633913
5707000000.000000,0.100400720,-0.100400720,-0.121510326,-0.121725868,-2.467851929089,-2.467851929089,-0.021109606,-0.021325148
5708000000.000000,0.095265550,-0.095265550,-0.120464004,-0.120677627,-2.478193004907,-2.478193004907,-0.025198454,-0.025412077
5709000000.000000,0.100080762,-0.100080762,-0.119403809,-0.119615575,-2.488534080725,-2.488534080725,-0.019323047,-0.019534813
5710000000.000000,0.100830502,-0.100830502,-0.118330062,-0.118540034,-2.498875156543,-2.498875156543,-0.017499560,-0.017709532
5711000000.000000,0.092050814,-0.092050814,-0.117243085,-0.117451323,-2.509216232361,-2.509216232361,-0.025192271,-0.025400509
5712000000.000000,0.083403561,-0.083403561,-0.116143196,-0.116349761,-2.519557308179,-2.519557308179,-0.032739635,-0.032946200
5713000000.000000,0.101349838,-0.101349838,-0.115030712,-0.115235664,-2.529898383997,-2.529898383997,-0.013680874,-0.013885826
5714000000.000000,0.093300770,-0.093300770,-0.113905949,-0.114109348,-2.540239459815,-2.540239459815,-0.020605179,-0.020808578
5715000000.000000,0.084740830,-0.084740830,-0.112769219,-0.112971125,-2.550580535633,-2.550580535633,-0.028028389,-0.028230295
5716000000.000000,0.092375853,-0.092375853,-0.111620834,-0.111821306,-2.560921611451,-2.560921611451,-0.019244981,-0.019445453
5717000000.000000,0.085438045,-0.085438045,-0.110461104,-0.110660201,-2.571262687269,-2.571262687269,-0.025023059,-0.025222156
5718000000.000000,0.093059347,-0.093059347,-0.109290336,-0.109488116,-2.581603763087,-2.581603763087,-0.016230989,-0.016428769
5719000000.000000,0.088107730,-0.088107730,-0.108108837,-0.108305358,-2.591944838905,-2.591944838905,-0.020001107,-0.020197628
5720000000.000000,0.077803476,-0.077803476,-0.106916909,-0.107112228,-2.602285914724,-2.602285914724,-0.029113433,-0.029308752
5721000000.000000,0.092288190,-0.092288190,-0.105714856,-0.105909028,-2.612626990542,-2.612626990542,-0.013426666,-0.013620838
5722000000.000000,0.092734615,-0.092734615,-0.104502974,-0.104696058,-2.622968066360,-2.622968066360,-0.011768359,-0.011961443
5723000000.000000,0.092805935,-0.092805935,-0.103281564,-0.103473614,-2.633309142178,-2.633309142178,-0.010475629,-0.010667679
5724000000.000000,0.081482874,-0.081482874,-0.102050918,-0.102241990,-2.643650217996,-2.643650217996,-0.020568044,-0.020759116
5725000000.000000,0.074751608,-0.074751608,-0.100811330,-0.101001478,-2.653991293814,-2.653991293814,-0.026059722,-0.026249870
5726000000.000000,0.070378318,-0.070378318,-0.099563091,-0.099752370,-2.664332369632,-2.664332369632,-0.029184773,-0.029374052
5727000000.000000,0.072855554,-0.072855554,-0.098306489,-0.098494952,-2.674673445450,-2.674673445450,-0.025450935,-0.025639398
5728000000.000000,0.070665643,-0.070665643,-0.097041809,-0.097229509,-2.685014521268,-2.685014521268,-0.026376166,-0.026563866
5729000000.000000,0.075356209,-0.075356209,-0.095769335,-0.095956326,-2.695355597086,-2.695355597086,-0.020413126,-0.020600117
5730000000.000000,0.077406719,-0.077406719,-0.094489349,-0.094675681,-2.705696672904,-2.705696672904,-0.017082630,-0.017268962
5731000000.000000,0.071700108,-0.071700108,-0.093202128,-0.093387854,-2.716037748722,-2.716037748722,-0.021502020,-0.021687746
5732000000.000000,0.078611600,-0.078611600,-0.091907949,-0.092093120,-2.726378824540,-2.726378824540,-0.013296349,-0.013481520
5733000000.000000,0.065570013,-0.065570013,-0.090607086,-0.090791752,-2.736719900358,-2.736719900358,-0.025037073,-0.025221739
5734000000.000000,0.065290166,-0.065290166,-0.089299810,-0.089484021,-2.747060976176,-2.747060976176,-0.024009644,-0.024193855
5735000000.000000,0.060904002,-0.060904002,-0.087986389,-0.088170194,-2.757402051995,-2.757402051995,-0.027082387,-0.027266192
5736000000.000000,0.069019649,-0.069019649,-0.086667089,-0.086850537,-2.767743127813,-2.767743127813,-0.017647440,-0.017830888
5737000000.000000,0.069075470,-0.069075470,-0.085342173,-0.085525313,-2.778084203631,-2.778084203631,-0.016266703,-0.016449843
5738000000.000000,0.048404354,-0.048404354,-0.084011903,-0.084194782,-2.788425279449,-2.788425279449,-0.035607549,-0.035790428
5739000000.000000,0.065404031,-0.065404031,-0.082676537,-0.082859202,-2.798766355267,-2.798766355267,-0.017272506,-0.017455171
5740000000.000000,0.058407886,-0.058407886,-0.081336329,-0.081518827,-2.809107431085,-2.809107431085,-0.022928443,-0.023110941
5741000000.000000,0.059317919,-0.059317919,-0.079991533,-0.080173909,-2.819448506903,-2.819448506903,-0.020673614,-0.020855990
5742000000.000000,0.054701344,-0.054701344,-0.078642399,-0.078824698,-2.829789582721,-2.829789582721,-0.023941055,-0.024123354
5743000000.000000,0.049953604,-0.049953604,-0.077289173,-0.077471441,-2.840130658539,-2.840130658539,-0.027335569,-0.027517837
5744000000.000000,0.050888379,-0.050888379,-0.075932101,-0.076114381,-2.850471734357,-2.850471734357,-0.025043722,-0.025226002
5745000000.000000,0.052079675,-0.052079675,-0.074571424,-0.074753760,-2.860812810175,-2.860812810175,-0.022491749,-0.022674085
5746000000.000000,0.060582022,-0.060582022,-0.073207381,-0.073389817,-2.871153885993,-2.871153885993,-0.012625359,-0.012807795
5747000000.000000,0.045116854,-0.045116854,-0.071840209,-0.072022786,-2.881494961811,-2.881494961811,-0.026723355,-0.026905932
5748000000.000000,0.046074873,-0.046074873,-0.070470140,-0.070652900,-2.891836037629,-2.891836037629,-0.024395267,-0.024578027
5749000000.000000,0.048160129,-0.048160129,-0.069097407,-0.069280391,-2.902177113447,-2.902177113447,-0.020937278,-0.021120262
5750000000.000000,0.043822957,-0.043822957,-0.067722235,-0.067905484,-2.912518189266,-2.912518189266,-0.023899278,-0.024082527
5751000000.000000,0.041478164,-0.041478164,-0.066344851,-0.066528405,-2.922859265084,-2.922859265084,-0.024866687,-0.025050241
5752000000.000000,0.053936203,-0.053936203,-0.064965477,-0.065149374,-2.933200340902,-2.933200340902,-0.011029274,-0.011213171
5753000000.000000,0.048153576,-0.048153576,-0.063584331,-0.063768611,-2.943541416720,-2.943541416720,-0.015430755,-0.015615035
5754000000.000000,0.040012434,-0.040012434,-0.062201631,-0.062386331,-2.953882492538,-2.953882492538,-0.022189197,-0.022373897
5755000000.000000,0.046818899,-0.046818899,-0.060817589,-0.061002747,-2.964223568356,-2.964223568356,-0.013998690,-0.014183848
5756000000.000000,0.039775315,-0.039775315,-0.059432417,-0.059618069,-2.974564644174,-2.974564644174,-0.019657102,-0.019842754
5757000000.000000,0.038776558,-0.038776558,-0.058046323,-0.058232506,-2.984905719992,-2.984905719992,-0.019269765,-0.019455948
5758000000.000000,0.039005692,-0.039005692,-0.056659511,-0.056846260,-2.995246795810,-2.995246795810,-0.017653819,-0.017840568
5759000000.000000,0.031770242,-0.031770242,-0.055272184,-0.055459533,-3.005587871628,-3.005587871628,-0.023501942,-0.023689291
5760000000.000000,0.041219075,-0.041219075,-0.053884540,-0.054072525,-3.015928947446,-3.015928947446,-0.012665465,-0.012853450
5761000000.000000,0.039252537,-0.039252537,-0.052496777,-0.052685430,-3.026270023264,-3.026270023264,-0.013244240,-0.013432893
5762000000.000000,0.036716317,-0.036716317,-0.051109087,-0.051298443,-3.036611099082,-3.036611099082,-0.014392770,-0.014582126
5763000000.000000,0.027345407,-0.027345407,-0.049721662,-0.049911751,-3.046952174900,-3.046952174900,-0.022376255,-0.022566344
5764000000.000000,0.038388582,-0.038388582,-0.048334689,-0.048525544,-3.057293250718,-3.057293250718,-0.009946107,-0.010136962
5765000000.000000,0.041816847,-0.041816847,-0.046948353,-0.047140005,-3.067634326537,-3.067634326537,-0.005131506,-0.005323158
5766000000.000000,0.030777211,-0.030777211,-0.045562836,-0.045755315,-3.077975402355,-3.077975402355,-0.014785625,-0.014978104
5767000000.000000,0.030684082,-0.030684082,-0.044178317,-0.044371653,-3.088316478173,-3.088316478173,-0.013494235,-0.013687571
5768000000.000000,0.035476640,-0.035476640,-0.042794973,-0.042989195,-3.098657553991,-3.098657553991,-0.007318333,-0.007512555
5769000000.000000,0.030031467,-0.030031467,-0.041412977,-0.041608113,-3.108998629809,-3.108998629809,-0.011381510,-0.011576646
5770000000.000000,0.037678121,-0.037678121,-0.040032500,-0.040228578,-3.119339705627,-3.119339705627,-0.002354379,-0.002550457
5771000000.000000,0.031538016,-0.031538016,-0.038653709,-0.038850757,-3.129680781445,-3.129680781445,-0.007115693,-0.007312741
5772000000.000000,0.026042868,-0.026042868,-0.037276770,-0.037474813,-3.140021857263,-3.140021857263,-0.011233902,-0.011431945
5773000000.000000,0.036847422,-0.036847422,-0.035901844,-0.036100909,-3.150362933081,-3.150362933081,0.000945578,0.000746513
5774000000.000000,0.028309388,-0.028309388,-0.034529091,-0.034729203,-3.160704008899,-3.160704008899,-0.006219703,-0.006419815
5775000000.000000,0.011065107,-0.011065107,-0.033158668,-0.033359851,-3.171045084717,-3.171045084717,-0.022093561,-0.022294744
5776000000.000000,0.021595801,-0.021595801,-0.031790728,-0.031993006,-3.181386160535,-3.181386160535,-0.010194927,-0.010397205
5777000000.000000,0.021074108,-0.021074108,-0.030425422,-0.030628819,-3.191727236353,-3.191727236353,-0.009351314,-0.009554711
5778000000.000000,0.020291811,-0.020291811,-0.029062899,-0.029267437,-3.202068312171,-3.202068312171,-0.008771088,-0.008975626
5779000000.000000,0.017864383,-0.017864383,-0.027703303,-0.027909004,-3.212409387989,-3.212409387989,-0.009838920,-0.010044621
5780000000.000000,0.034251731,-0.034251731,-0.026346778,-0.026553664,-3.222750463808,-3.222750463808,0.007904953,0.007698067
5781000000.000000,0.027268047,-0.027268047,-0.024993464,-0.025201555,-3.233091539626,-3.233091539626,0.002274583,0.002066492
5782000000.000000,0.021344165,-0.021344165,-0.023643498,-0.023852813,-3.243432615444,-3.243432615444,-0.002299333,-0.002508648
5783000000.000000,0.018486148,-0.018486148,-0.022297014,-0.022507574,-3.253773691262,-3.253773691262,-0.003810866,-0.004021426
5784000000.000000,0.010971923,-0.010971923,-0.020954144,-0.021165968,-3.264114767080,-3.264114767080,-0.009982221,-0.010194045
5785000000.000000,0.020161526,-0.020161526,-0.019615019,-0.019828123,-3.274455842898,-3.274455842898,0.000546507,0.000333403
5786000000.000000,0.015680255,-0.015680255,-0.018279763,-0.018494166,-3.284796918716,-3.284796918716,-0.002599508,-0.002813911
5787000000.000000,0.016175314,-0.016175314,-0.016948501,-0.017164219,-3.295137994534,-3.295137994534,-0.000773187,-0.000988905
5788000000.000000,0.020130282,-0.020130282,-0.015621355,-0.015838405,-3.305479070352,-3.305479070352,0.004508927,0.004291877
5789000000.000000,0.010539030,-0.010539030,-0.014298443,-0.014516839,-3.315820146170,-3.315820146170,-0.003759413,-0.003977809
5790000000.000000,0.015969952,-0.015969952,-0.012979882,-0.013199640,-3.326161221988,-3.326161221988,0.002990070,0.002770312
5791000000.000000,0.008587542,-0.008587542,-0.011665784,-0.011886918,-3.336502297806,-3.336502297806,-0.003078242,-0.003299376
5792000000.000000,0.010085481,-0.010085481,-0.010356261,-0.010578785,-3.346843373624,-3.346843373624,-0.000270780,-0.000493304
5793000000.000000,0.020310825,-0.020310825,-0.009051422,-0.009275348,-3.357184449442,-3.357184449442,0.011259403,0.011035477
5794000000.000000,-0.004198249,0.004198249,-0.007751372,-0.007976713,-3.367525525260,-3.367525525260,-0.011949621,-0.012174962
5795000000.000000,0.009986424,-0.009986424,-0.006456216,-0.006682982,-3.377866601079,-3.377866601079,0.003530208,0.003303442
5796000000.000000,0.008650864,-0.008650864,-0.005166053,-0.005394257,-3.388207676897,-3.388207676897,0.003484811,0.003256607
5797000000.000000,0.008562582,-0.008562582,-0.003880984,-0.004110635,-3.398548752715,-3.398548752715,0.004681598,0.004451947
5798000000.000000,0.002464995,-0.002464995,-0.002601103,-0.002832212,-3.408889828533,-3.408889828533,-0.000136108,-0.000367217
5799000000.000000,0.010016496,-0.010016496,-0.001326505,-0.001559081,-3.419230904351,-3.419230904351,0.008689991,0.008457415
5800000000.000000,0.005024258,-0.005024258,-0.000057282,-0.000291333,-3.429571980169,-3.429571980169,0.004966976,0.004732925
5801000000.000000,0.002121447,-0.002121447,0.001206478,0.000970944,-3.439913055987,-3.439913055987,0.003327925,0.003092391
5802000000.000000,0.007871937,-0.007871937,0.002464687,0.002227664,-3.450254131805,-3.450254131805,0.010336624,0.010099601
5803000000.000000,0.006588222,-0.006588222,0.003717262,0.003478742,-3.460595207623,-3.460595207623,0.010305484,0.010066964
5804000000.000000,0.002505185,-0.002505185,0.004964120,0.004724097,-3.470936283441,-3.470936283441,0.007469305,0.007229282
5805000000.000000,0.006370381,-0.006370381,0.006205181,0.005963650,-3.481277359259,-3.481277359259,0.012575562,0.012334031
5806000000.000000,-0.002871728,0.002871728,0.007440367,0.007197323,-3.491618435077,-3.491618435077,0.004568639,0.004325595
5807000000.000000,0.006344572,-0.006344572,0.008669603,0.008425042,-3.501959510895,-3.501959510895,0.015014175,0.014769614
5808000000.000000,-0.000647263,0.000647263,0.009892816,0.009646734,-3.512300586713,-3.512300586713,0.009245553,0.008999471
5809000000.000000,-0.008224269,0.008224269,0.011109934,0.010862328,-3.522641662531,-3.522641662531,0.002885665,0.002638059
5810000000.000000,-0.002969898,0.002969898,0.012320888,0.012071756,-3.532982738350,-3.532982738350,0.009350990,0.009101858
5811000000.000000,-0.007974055,0.007974055,0.013525611,0.013274952,-3.543323814168,-3.543323814168,0.005551556,0.005300897
5812000000.000000,-0.006919333,0.006919333,0.014724039,0.014471851,-3.553664889986,-3.553664889986,0.007804706,0.007552518
5813000000.000000,-0.009271065,0.009271065,0.015916108,0.015662390,-3.564005965804,-3.564005965804,0.006645043,0.006391325
5814000000.000000,-0.002410190,0.002410190,0.017101758,0.016846511,-3.574347041622,-3.574347041622,0.014691568,0.014436321
5815000000.000000,0.002721467,-0.002721467,0.018280930,0.018024154,-3.584688117440,-3.584688117440,0.021002397,0.020745621
5816000000.000000,-0.007158411,0.007158411,0.019453566,0.019195263,-3.595029193258,-3.595029193258,0.012295155,0.012036852
5817000000.000000,-0.006456585,0.006456585,0.020619613,0.020359784,-3.605370269076,-3.605370269076,0.014163028,0.013903199
5818000000.000000,-0.009491467,0.009491467,0.021779017,0.021517664,-3.615711344894,-3.615711344894,0.012287550,0.012026197
5819000000.000000,-0.010225313,0.010225313,0.022931727,0.022668854,-3.626052420712,-3.626052420712,0.012706414,0.012443541
5820000000.000000,-0.003075231,0.003075231,0.024077694,0.023813303,-3.636393496530,-3.636393496530,0.021002463,0.020738072
5821000000.000000,0.001004229,-0.001004229,0.025216870,0.024950966,-3.646734572348,-3.646734572348,0.026221099,0.025955195
5822000000.000000,-0.015530958,0.015530958,0.026349209,0.026081798,-3.657075648166,-3.657075648166,0.010818251,0.010550840
5823000000.000000,-0.017960066,0.017960066,0.027474668,0.027205754,-3.667416723984,-3.667416723984,0.009514602,0.009245688
5824000000.000000,-0.004164849,0.004164849,0.028593206,0.028322793,-3.677757799802,-3.677757799802,0.024428357,0.024157944
5825000000.000000,-0.007540525,0.007540525,0.029704780,0.029432877,-3.688098875621,-3.688098875621,0.022164255,0.021892352
5826000000.000000,-0.013439177,0.013439177,0.030809353,0.030535966,-3.698439951439,-3.698439951439,0.017370176,0.017096789
5827000000.000000,-0.017360737,0.017360737,0.031906888,0.031632023,-3.708781027257,-3.708781027257,0.014546151,0.014271286
5828000000.000000,-0.003220819,0.003220819,0.032997349,0.032721015,-3.719122103075,-3.719122103075,0.029776530,0.029500196
5829000000.000000,0.000986441,-0.000986441,0.034080702,0.033802908,-3.729463178893,-3.729463178893,0.035067143,0.034789349
5830000000.000000,-0.021690072,0.021690072,0.035156915,0.034877670,-3.739804254711,-3.739804254711,0.013466843,0.013187598
5831000000.000000,-0.018760592,0.018760592,0.036225958,0.035945271,-3.750145330529,-3.750145330529,0.017465366,0.017184679
5832000000.000000,-0.015621309,0.015621309,0.037287801,0.037005682,-3.760486406347,-3.760486406347,0.021666492,0.021384373
5833000000.000000,-0.010283949,0.010283949,0.038342417,0.038058876,-3.770827482165,-3.770827482165,0.028058468,0.027774927
5834000000.000000,-0.019302623,0.019302623,0.039389779,0.039104828,-3.781168557983,-3.781168557983,0.020087156,0.019802205
5835000000.000000,-0.020116756,0.020116756,0.040429863,0.040143514,-3.791509633801,-3.791509633801,0.020313107,0.020026758
5836000000.000000,-0.020139548,0.020139548,0.041462645,0.041174909,-3.801850709619,-3.801850709619,0.021323097,0.021035361
5837000000.000000,-0.022019578,0.022019578,0.042488103,0.042198993,-3.812191785437,-3.812191785437,0.020468525,0.020179415
5838000000.000000,-0.019882442,0.019882442,0.043506217,0.043215746,-3.822532861255,-3.822532861255,0.023623775,0.023333304
5839000000.000000,-0.019464145,0.019464145,0.044516967,0.044225149,-3.832873937073,-3.832873937073,0.025052822,0.024761004
5840000000.000000,-0.030161025,0.030161025,0.045520336,0.045227184,-3.843215012892,-3.843215012892,0.015359311,0.015066159
5841000000.000000,-0.014709958,0.014709958,0.046516305,0.046221834,-3.853556088710,-3.853556088710,0.031806347,0.031511876
5842000000.000000,-0.018489636,0.018489636,0.047504860,0.047209086,-3.863897164528,-3.863897164528,0.029015224,0.028719450
5843000000.000000,-0.026042304,0.026042304,0.048485987,0.048188924,-3.874238240346,-3.874238240346,0.022443683,0.022146620
5844000000.000000,-0.028217458,0.028217458,0.049459672,0.049161336,-3.884579316164,-3.884579316164,0.021242214,0.020943878
5845000000.000000,-0.029237818,0.029237818,0.050425902,0.050126311,-3.894920391982,-3.894920391982,0.021188084,0.020888493
5846000000.000000,-0.019928248,0.019928248,0.051384668,0.051083838,-3.905261467800,-3.905261467800,0.031456420,0.031155590
5847000000.000000,-0.026338944,0.026338944,0.052335959,0.052033907,-3.915602543618,-3.915602543618,0.025997015,0.025694963
5848000000.000000,-0.033757280,0.033757280,0.053279766,0.052976510,-3.925943619436,-3.925943619436,0.019522486,0.019219230
5849000000.000000,-0.029063631,0.029063631,0.054216082,0.053911640,-3.936284695254,-3.936284695254,0.025152451,0.024848009
5850000000.000000,-0.029954676,0.029954676,0.055144899,0.054839290,-3.946625771072,-3.946625771072,0.025190223,0.024884614
5851000000.000000,-0.025741105,0.025741105,0.056066212,0.055759455,-3.956966846890,-3.956966846890,0.030325107,0.030018350
5852000000.000000,-0.025747259,0.025747259,0.056980017,0.056672131,-3.967307922708,-3.967307922708,0.031232758,0.030924872
5853000000.000000,-0.019050648,0.019050648,0.057886308,0.057577314,-3.977648998526,-3.977648998526,0.038835660,0.038526666
5854000000.000000,-0.037993232,0.037993232,0.058785083,0.058475001,-3.987990074344,-3.987990074344,0.020791851,0.020481769
5855000000.000000,-0.022734902,0.022734902,0.059676340,0.059365190,-3.998331150163,-3.998331150163,0.036941438,0.036630288
5856000000.000000,-0.036766494,0.036766494,0.060560077,0.060247880,-4.008672225981,-4.008672225981,0.023793583,0.023481386
5857000000.000000,-0.040346030,0.040346030,0.061436294,0.061123072,-4.019013301799,-4.019013301799,0.021090264,0.020777042
5858000000.000000,-0.039042187,0.039042187,0.062304991,0.061990766,-4.029354377617,-4.029354377617,0.023262804,0.022948579
5859000000.000000,-0.045741777,0.045741777,0.063166169,0.062850963,-4.039695453435,-4.039695453435,0.017424392,0.017109186
5860000000.000000,-0.041473430,0.041473430,0.064019829,0.063703665,-4.050036529253,-4.050036529253,0.022546399,0.022230235
5861000000.000000,-0.039776796,0.039776796,0.064865974,0.064548875,-4.060377605071,-4.060377605071,0.025089178,0.024772079
5862000000.000000,-0.040610862,0.040610862,0.065704607,0.065386596,-4.070718680889,-4.070718680889,0.025093745,0.024775734
5863000000.000000,-0.056376180,0.056376180,0.066535731,0.066216832,-4.081059756707,-4.081059756707,0.010159551,0.009840652
5864000000.000000,-0.046326975,0.046326975,0.067359351,0.067039588,-4.091400832525,-4.091400832525,0.021032376,0.020712613
5865000000.000000,-0.049151781,0.049151781,0.068175472,0.067854870,-4.101741908343,-4.101741908343,0.019023691,0.018703089
5866000000.000000,-0.032571765,0.032571765,0.068984099,0.068662682,-4.112082984161,-4.112082984161,0.036412334,0.036090917
5867000000.000000,-0.056196019,0.056196019,0.069785238,0.069463032,-4.122424059979,-4.122424059979,0.013589219,0.013267013
5868000000.000000,-0.042457370,0.042457370,0.070578896,0.070255925,-4.132765135797,-4.132765135797,0.028121526,0.027798555
5869000000.000000,-0.042097698,0.042097698,0.071365079,0.071041370,-4.143106211615,-4.143106211615,0.029267381,0.028943672
5870000000.000000,-0.051326704,0.051326704,0.072143795,0.071819375,-4.153447287434,-4.153447287434,0.020817091,0.020492671
5871000000.000000,-0.065287854,0.065287854,0.072915053,0.072589946,-4.163788363252,-4.163788363252,0.007627199,0.007302092
5872000000.000000,-0.060962971,0.060962971,0.073678859,0.073353094,-4.174129439070,-4.174129439070,0.012715888,0.012390123
5873000000.000000,-0.053500418,0.053500418,0.074435224,0.074108827,-4.184470514888,-4.184470514888,0.020934806,0.020608409
5874000000.000000,-0.060404209,0.060404209,0.075184156,0.074857154,-4.194811590706,-4.194811590706,0.014779947,0.014452945
5875000000.000000,-0.062257481,0.062257481,0.075925664,0.075598085,-4.205152666524,-4.205152666524,0.013668183,0.013340604
5876000000.000000,-0.061091120,0.061091120,0.076659758,0.076331630,-4.215493742342,-4.215493742342,0.015568638,0.015240510
5877000000.000000,-0.059914465,0.059914465,0.077386449,0.077057800,-4.225834818160,-4.225834818160,0.017471984,0.017143335
5878000000.000000,-0.067727516,0.067727516,0.078105747,0.077776604,-4.236175893978,-4.236175893978,0.010378231,0.010049088
5879000000.000000,-0.063055080,0.063055080,0.078817661,0.078488055,-4.246516969796,-4.246516969796,0.015762581,0.015432975
5880000000.000000,-0.067395016,0.067395016,0.079522204,0.079192162,-4.256858045614,-4.256858045614,0.012127188,0.011797146
5881000000.000000,-0.064248906,0.064248906,0.080219385,0.079888938,-4.267199121432,-4.267199121432,0.015970479,0.015640032
5882000000.000000,-0.068159171,0.068159171,0.080909217,0.080578394,-4.277540197250,-4.277540197250,0.012750046,0.012419223
5883000000.000000,-0.072190109,0.072190109,0.081591711,0.081260540,-4.287881273068,-4.287881273068,0.009401602,0.009070431
5884000000.000000,-0.066655078,0.066655078,0.082266878,0.081935390,-4.298222348886,-4.298222348886,0.015611800,0.015280312
5885000000.000000,-0.069568629,0.069568629,0.082934729,0.082602955,-4.308563424704,-4.308563424704,0.013366100,0.013034326
5886000000.000000,-0.075903220,0.075903220,0.083595277,0.083263246,-4.318904500523,-4.318904500523,0.007692057,0.007360026
5887000000.000000,-0.065443818,0.065443818,0.084248534,0.083916276,-4.329245576341,-4.329245576341,0.018804716,0.018472458
5888000000.000000,-0.066589239,0.066589239,0.084894511,0.084562058,-4.339586652159,-4.339586652159,0.018305272,0.017972819
5889000000.000000,-0.065974648,0.065974648,0.085533220,0.085200602,-4.349927727977,-4.349927727977,0.019558572,0.019225954
5890000000.000000,-0.083559058,0.083559058,0.086164673,0.085831922,-4.360268803795,-4.360268803795,0.002605615,0.002272864
5891000000.000000,-0.080591448,0.080591448,0.086788883,0.086456030,-4.370609879613,-4.370609879613,0.006197435,0.005864582
5892000000.000000,-0.082372358,0.082372358,0.087405861,0.087072937,-4.380950955431,-4.380950955431,0.005033503,0.004700579
5893000000.000000,-0.090834440,0.090834440,0.088015619,0.087682656,-4.391292031249,-4.391292031249,-0.002818821,-0.003151784
5894000000.000000,-0.083210572,0.083210572,0.088618170,0.088285199,-4.401633107067,-4.401633107067,0.005407598,0.005074627
5895000000.000000,-0.079315753,0.079315753,0.089213524,0.088880577,-4.411974182885,-4.411974182885,0.009897771,0.009564824
5896000000.000000,-0.087049552,0.087049552,0.089801694,0.089468804,-4.422315258703,-4.422315258703,0.002752142,0.002419252
5897000000.000000,-0.092463165,0.092463165,0.090382692,0.090049890,-4.432656334521,-4.432656334521,-0.002080473,-0.002413275
5898000000.000000,-0.079603242,0.079603242,0.090956529,0.090623847,-4.442997410339,-4.442997410339,0.011353287,0.011020605
5899000000.000000,-0.085939797,0.085939797,0.091523216,0.091190687,-4.453338486157,-4.453338486157,0.005583419,0.005250890
5900000000.000000,-0.098522259,0.098522259,0.092082765,0.091750422,-4.463679561975,-4.463679561975,-0.006439494,-0.006771837
5901000000.000000,-0.088573474,0.088573474,0.092635186,0.092303062,-4.474020637794,-4.474020637794,0.004061712,0.003729588
5902000000.000000,-0.093627816,0.093627816,0.093180492,0.092848619,-4.484361713612,-4.484361713612,-0.000447324,-0.000779197
5903000000.000000,-0.092127065,0.092127065,0.093718692,0.093387103,-4.494702789430,-4.494702789430,0.001591627,0.001260038
5904000000.000000,-0.084685719,0.084685719,0.094249798,0.093918525,-4.505043865248,-4.505043865248,0.009564079,0.009232806
5905000000.000000,-0.098227715,0.098227715,0.094773818,0.094442896,-4.515384941066,-4.515384941066,-0.003453897,-0.003784819
5906000000.000000,-0.110196961,0.110196961,0.095290765,0.094960225,-4.525726016884,-4.525726016884,-0.014906196,-0.015236736
5907000000.000000,-0.090352984,0.090352984,0.095800647,0.095470523,-4.536067092702,-4.536067092702,0.005447663,0.005117539
5908000000.000000,-0.102464215,0.102464215,0.096303474,0.095973799,-4.546408168520,-4.546408168520,-0.006160741,-0.006490416
5909000000.000000,-0.103084803,0.103084803,0.096799256,0.096470064,-4.556749244338,-4.556749244338,-0.006285547,-0.006614739
5910000000.000000,-0.101584975,0.101584975,0.097288002,0.096959325,-4.567090320156,-4.567090320156,-0.004296973,-0.004625650
5911000000.000000,-0.100508309,0.100508309,0.097769719,0.097441591,-4.577431395974,-4.577431395974,-0.002738590,-0.003066718
5912000000.000000,-0.096711895,0.096711895,0.098244418,0.097916872,-4.587772471792,-4.587772471792,0.001532523,0.001204977
5913000000.000000,-0.101623410,0.101623410,0.098712106,0.098385176,-4.598113547610,-4.598113547610,-0.002911304,-0.003238234
5914000000.000000,-0.099347718,0.099347718,0.099172790,0.098846509,-4.608454623428,-4.608454623428,-0.000174928,-0.000501209
5915000000.000000,-0.107148131,0.107148131,0.099626479,0.099300881,-4.618795699246,-4.618795699246,-0.007521652,-0.007847250
5916000000.000000,-0.110199807,0.110199807,0.100073179,0.099748297,-4.629136775065,-4.629136775065,-0.010126628,-0.010451510
5917000000.000000,-0.110170060,0.110170060,0.100512898,0.100188765,-4.639477850883,-4.639477850883,-0.009657162,-0.009981295
5918000000.000000,-0.111072435,0.111072435,0.100945642,0.100622292,-4.649818926701,-4.649818926701,-0.010126793,-0.010450143
5919000000.000000,-0.109530320,0.109530320,0.101371416,0.101048882,-4.660160002519,-4.660160002519,-0.008158904,-0.008481438
5920000000.000000,-0.097869436,0.097869436,0.101790228,0.101468543,-4.670501078337,-4.670501078337,0.003920792,0.003599107
5921000000.000000,-0.109089197,0.109089197,0.102202081,0.101881279,-4.680842154155,-4.680842154155,-0.006887116,-0.007207918
5922000000.000000,-0.117543431,0.117543431,0.102606981,0.102287095,-4.691183229973,-4.691183229973,-0.014936450,-0.015256336
5923000000.000000,-0.110362649,0.110362649,0.103004932,0.102685995,-4.701524305791,-4.701524305791,-0.007357717,-0.007676654
5924000000.000000,-0.118991642,0.118991642,0.103395939,0.103077984,-4.711865381609,-4.711865381609,-0.015595703,-0.015913658
5925000000.000000,-0.113346748,0.113346748,0.103780005,0.103463066,-4.722206457427,-4.722206457427,-0.009566743,-0.009883682
5926000000.000000,-0.115586684,0.115586684,0.104157134,0.103841243,-4.732547533245,-4.732547533245,-0.011429550,-0.011745441
5927000000.000000,-0.115224060,0.115224060,0.104527328,0.104212519,-4.742888609063,-4.742888609063,-0.010696732,-0.011011541
5928000000.000000,-0.128370986,0.128370986,0.104890590,0.104576895,-4.753229684881,-4.753229684881,-0.023480396,-0.023794091
5929000000.000000,-0.118480494,0.118480494,0.105246921,0.104934374,-4.763570760699,-4.763570760699,-0.013233573,-0.013546120
5930000000.000000,-0.118141127,0.118141127,0.105596325,0.105284957,-4.773911836517,-4.773911836517,-0.012544802,-0.012856170
5931000000.000000,-0.118475960,0.118475960,0.105938800,0.105628645,-4.784252912336,-4.784252912336,-0.012537160,-0.012847315
5932000000.000000,-0.119775309,0.119775309,0.106274349,0.105965439,-4.794593988154,-4.794593988154,-0.013500960,-0.013809870
5933000000.000000,-0.139047734,0.139047734,0.106602972,0.106295339,-4.804935063972,-4.804935063972,-0.032444762,-0.032752395
5934000000.000000,-0.122541444,0.122541444,0.106924667,0.106618344,-4.815276139790,-4.815276139790,-0.015616777,-0.015923100
5935000000.000000,-0.122328384,0.122328384,0.107239435,0.106934454,-4.825617215608,-4.825617215608,-0.015088949,-0.015393930
5936000000.000000,-0.117700407,0.117700407,0.107547275,0.107243667,-4.835958291426,-4.835958291426,-0.010153132,-0.010456740
5937000000.000000,-0.136563256,0.136563256,0.107848185,0.107545982,-4.846299367244,-4.846299367244,-0.028715071,-0.029017274
5938000000.000000,-0.128323856,0.128323856,0.108142162,0.107841397,-4.856640443062,-4.856640443062,-0.020181694,-0.020482459
5939000000.000000,-0.113122937,0.113122937,0.108429205,0.108129908,-4.866981518880,-4.866981518880,-0.004693732,-0.004993029
5940000000.000000,-0.128041406,0.128041406,0.108709311,0.108411514,-4.877322594698,-4.877322594698,-0.019332095,-0.019629892
5941000000.000000,-0.136403457,0.136403457,0.108982475,0.108686209,-4.887663670516,-4.887663670516,-0.027420982,-0.027717248
5942000000.000000,-0.128869635,0.128869635,0.109248695,0.108953991,-4.898004746334,-4.898004746334,-0.019620940,-0.019915644
5943000000.000000,-0.128457306,0.128457306,0.109507965,0.109214855,-4.908345822152,-4.908345822152,-0.018949341,-0.019242451
5944000000.000000,-0.133784171,0.133784171,0.109760282,0.109468795,-4.918686897970,-4.918686897970,-0.024023889,-0.024315376
5945000000.000000,-0.128665206,0.128665206,0.110005639,0.109715807,-4.929027973788,-4.929027973788,-0.018659567,-0.018949399
5946000000.000000,-0.130434921,0.130434921,0.110244032,0.109955884,-4.939369049607,-4.939369049607,-0.020190889,-0.020479037
5947000000.000000,-0.135148052,0.135148052,0.110475454,0.110189021,-4.949710125425,-4.949710125425,-0.024672598,-0.024959031
5948000000.000000,-0.146584930,0.146584930,0.110699898,0.110415209,-4.960051201243,-4.960051201243,-0.035885032,-0.036169721
5949000000.000000,-0.132625539,0.132625539,0.110917358,0.110634443,-4.970392277061,-4.970392277061,-0.021708181,-0.021991096
5950000000.000000,-0.133344529,0.133344529,0.111127826,0.110846714,-4.980733352879,-4.980733352879,-0.022216703,-0.022497815
5951000000.000000,-0.130221842,0.130221842,0.111331294,0.111052015,-4.991074428697,-4.991074428697,-0.018890548,-0.019169827
5952000000.000000,-0.137629692,0.137629692,0.111527754,0.111250336,-5.001415504515,-5.001415504515,-0.026101938,-0.026379356
5953000000.000000,-0.142031361,0.142031361,0.111717197,0.111441669,-5.011756580333,-5.011756580333,-0.030314164,-0.030589692
5954000000.000000,-0.125571266,0.125571266,0.111899614,0.111626005,-5.022097656151,-5.022097656151,-0.013671652,-0.013945261
5955000000.000000,-0.133577624,0.133577624,0.112074995,0.111803332,-5.032438731969,-5.032438731969,-0.021502629,-0.021774292
5956000000.000000,-0.127988477,0.127988477,0.112243331,0.111973643,-5.042779807787,-5.042779807787,-0.015745146,-0.016014834
5957000000.000000,-0.130792749,0.130792749,0.112404610,0.112136924,-5.053120883605,-5.053120883605,-0.018388139,-0.018655825
5958000000.000000,-0.127063641,0.127063641,0.112558823,0.112293166,-5.063461959423,-5.063461959423,-0.014504818,-0.014770475
5959000000.000000,-0.131547592,0.131547592,0.112705958,0.112442357,-5.073803035241,-5.073803035241,-0.018841634,-0.019105235
5960000000.000000,-0.140295536,0.140295536,0.112846003,0.112584485,-5.084144111059,-5.084144111059,-0.027449533,-0.027711051
5961000000.000000,-0.143793043,0.143793043,0.112978946,0.112719538,-5.094485186878,-5.094485186878,-0.030814097,-0.031073505
5962000000.000000,-0.138478166,0.138478166,0.113104775,0.112847504,-5.104826262696,-5.104826262696,-0.025373391,-0.025630662
5963000000.000000,-0.137810848,0.137810848,0.113223478,0.112968368,-5.115167338514,-5.115167338514,-0.024587370,-0.024842480
5964000000.000000,-0.139687163,0.139687163,0.113335041,0.113082118,-5.125508414332,-5.125508414332,-0.026352122,-0.026605045
5965000000.000000,-0.125273398,0.125273398,0.113439451,0.113188740,-5.135849490150,-5.135849490150,-0.011833947,-0.012084658
5966000000.000000,-0.130609858,0.130609858,0.113536694,0.113288220,-5.146190565968,-5.146190565968,-0.017073164,-0.017321638
5967000000.000000,-0.133870674,0.133870674,0.113626755,0.113380544,-5.156531641786,-5.156531641786,-0.020243919,-0.020490130
5968000000.000000,-0.136217801,0.136217801,0.113709622,0.113465697,-5.166872717604,-5.166872717604,-0.022508179,-0.022752104
5969000000.000000,-0.140178830,0.140178830,0.113785278,0.113543663,-5.177213793422,-5.177213793422,-0.026393552,-0.026635167
5970000000.000000,-0.136908527,0.136908527,0.113853710,0.113614428,-5.187554869240,-5.187554869240,-0.023054817,-0.023294099
5971000000.000000,-0.129994250,0.129994250,0.113914901,0.113677975,-5.197895945058,-5.197895945058,-0.016079349,-0.016316275
5972000000.000000,-0.131928621,0.131928621,0.113968836,0.113734290,-5.208237020876,-5.208237020876,-0.017959785,-0.018194331
5973000000.000000,-0.138074466,0.138074466,0.114015499,0.113783355,-5.218578096694,-5.218578096694,-0.024058967,-0.024291111
5974000000.000000,-0.134129725,0.134129725,0.114054874,0.113825154,-5.228919172512,-5.228919172512,-0.020074851,-0.020304571
5975000000.000000,-0.137158282,0.137158282,0.114086945,0.113859671,-5.239260248330,-5.239260248330,-0.023071337,-0.023298611
5976000000.000000,-0.130404966,0.130404966,0.114111694,0.113886888,-5.249601324149,-5.249601324149,-0.016293272,-0.016518078
5977000000.000000,-0.136881113,0.136881113,0.114129107,0.113906788,-5.259942399967,-5.259942399967,-0.022752006,-0.022974325
5978000000.000000,-0.145006993,0.145006993,0.114139164,0.113919354,-5.270283475785,-5.270283475785,-0.030867829,-0.031087639
5979000000.000000,-0.128545159,0.128545159,0.114141850,0.113924569,-5.280624551603,-5.280624551603,-0.014403309,-0.014620590
5980000000.000000,-0.127179164,0.127179164,0.114137146,0.113922414,-5.290965627421,-5.290965627421,-0.013042018,-0.013256750
5981000000.000000,-0.140539556,0.140539556,0.114125035,0.113912871,-5.301306703239,-5.301306703239,-0.026414521,-0.026626685
5982000000.000000,-0.130700814,0.130700814,0.114105500,0.113895923,-5.311647779057,-5.311647779057,-0.016595314,-0.016804891
5983000000.000000,-0.135874625,0.135874625,0.114078522,0.113871550,-5.321988854875,-5.321988854875,-0.021796103,-0.022003075
5984000000.000000,-0.131887312,0.131887312,0.114044083,0.113839736,-5.332329930693,-5.332329930693,-0.017843229,-0.018047576
5985000000.000000,-0.132211978,0.132211978,0.114002166,0.113800460,-5.342671006511,-5.342671006511,-0.018209812,-0.018411518
5986000000.000000,-0.127010544,0.127010544,0.113952752,0.113753705,-5.353012082329,-5.353012082329,-0.013057792,-0.013256839
5987000000.000000,-0.139407490,0.139407490,0.113895823,0.113699451,-5.363353158147,-5.363353158147,-0.025511667,-0.025708039
5988000000.000000,-0.127696590,0.127696590,0.113831359,0.113637680,-5.373694233965,-5.373694233965,-0.013865231,-0.014058910
5989000000.000000,-0.134806254,0.134806254,0.113759344,0.113568373,-5.384035309783,-5.384035309783,-0.021046910,-0.021237881
5990000000.000000,-0.119303192,0.119303192,0.113679758,0.113491511,-5.394376385601,-5.394376385601,-0.005623434,-0.005811681
5991000000.000000,-0.138795969,0.138795969,0.113592583,0.113407074,-5.404717461420,-5.404717461420,-0.025203386,-0.025388895
5992000000.000000,-0.120581128,0.120581128,0.113497801,0.113315045,-5.415058537238,-5.415058537238,-0.007083327,-0.007266083
5993000000.000000,-0.135466753,0.135466753,0.113395392,0.113215404,-5.425399613056,-5.425399613056,-0.022071361,-0.022251349
5994000000.000000,-0.134910391,0.134910391,0.113285338,0.113108131,-5.435740688874,-5.435740688874,-0.021625053,-0.021802260
5995000000.000000,-0.120644487,0.120644487,0.113167621,0.112993209,-5.446081764692,-5.446081764692,-0.007476866,-0.007651278
5996000000.000000,-0.126803421,0.126803421,0.113042222,0.112870618,-5.456422840510,-5.456422840510,-0.013761199,-0.013932803
5997000000.000000,-0.128641391,0.128641391,0.112909123,0.112740338,-5.466763916328,-5.466763916328,-0.015732268,-0.015901053
5998000000.000000,-0.124748877,0.124748877,0.112768306,0.112602353,-5.477104992146,-5.477104992146,-0.011980571,-0.012146524
5999000000.000000,-0.121964050,0.121964050,0.112619752,0.112456642,-5.487446067964,-5.487446067964,-0.009344298,-0.009507408
6000000000.000000,-0.119141211,0.119141211,0.112463444,0.112303187,-5.497787143782,-5.497787143782,-0.006677767,-0.006838024
6001000000.000000,-0.125038223,0.125038223,0.112299363,0.112141971,-5.508128219600,-5.508128219600,-0.012738860,-0.012896252
6002000000.000000,-0.116990948,0.116990948,0.112127491,0.111972973,-5.518469295418,-5.518469295418,-0.004863457,-0.005017975
6003000000.000000,-0.118502122,0.118502122,0.111947812,0.111796177,-5.528810371236,-5.528810371236,-0.006554310,-0.006705945
6004000000.000000,-0.132143985,0.132143985,0.111760307,0.111611565,-5.539151447054,-5.539151447054,-0.020383678,-0.020532420
6005000000.000000,-0.112233507,0.112233507,0.111564959,0.111419118,-5.549492522872,-5.549492522872,-0.000668548,-0.000814389
6006000000.000000,-0.110924932,0.110924932,0.111361752,0.111218820,-5.559833598691,-5.559833598691,0.000436820,0.000293888
6007000000.000000,-0.126087013,0.126087013,0.111150668,0.111010652,-5.570174674509,-5.570174674509,-0.014936345,-0.015076361
6008000000.000000,-0.118282582,0.118282582,0.110931691,0.110794598,-5.580515750327,-5.580515750327,-0.007350891,-0.007487984
6009000000.000000,-0.111602387,0.111602387,0.110704805,0.110570641,-5.590856826145,-5.590856826145,-0.000897582,-0.001031746
6010000000.000000,-0.112921559,0.112921559,0.110469993,0.110338765,-5.601197901963,-5.601197901963,-0.002451566,-0.002582794
6011000000.000000,-0.118581061,0.118581061,0.110227241,0.110098954,-5.611538977781,-5.611538977781,-0.008353820,-0.008482107
6012000000.000000,-0.119752258,0.119752258,0.109976532,0.109851191,-5.621880053599,-5.621880053599,-0.009775726,-0.009901067
6013000000.000000,-0.115901139,0.115901139,0.109717852,0.109595461,-5.632221129417,-5.632221129417,-0.006183287,-0.006305678
6014000000.000000,-0.116033557,0.116033557,0.109451187,0.109331749,-5.642562205235,-5.642562205235,-0.006582370,-0.006701808
6015000000.000000,-0.113557456,0.113557456,0.109176521,0.109060041,-5.652903281053,-5.652903281053,-0.004380935,-0.004497415
6016000000.000000,-0.121406129,0.121406129,0.108893842,0.108780321,-5.663244356871,-5.663244356871,-0.012512287,-0.012625808
6017000000.000000,-0.106002042,0.106002042,0.108603136,0.108492577,-5.673585432689,-5.673585432689,0.002601094,0.002490535
6018000000.000000,-0.115021974,0.115021974,0.108304389,0.108196794,-5.683926508507,-5.683926508507,-0.006717585,-0.006825180
6019000000.000000,-0.102747771,0.102747771,0.107997590,0.107892959,-5.694267584325,-5.694267584325,0.005249819,0.005145188
6020000000.000000,-0.108850085,0.108850085,0.107682726,0.107581061,-5.704608660143,-5.704608660143,-0.001167359,-0.001269024
6021000000.000000,-0.111311850,0.111311850,0.107359786,0.107261086,-5.714949735962,-5.714949735962,-0.003952064,-0.004050764
6022000000.000000,-0.099990615,0.099990615,0.107028759,0.106933023,-5.725290811780,-5.725290811780,0.007038144,0.006942408
6023000000.000000,-0.103412633,0.103412633,0.106689634,0.106596862,-5.735631887598,-5.735631887598,0.003277001,0.003184229
6024000000.000000,-0.097954993,0.097954993,0.106342401,0.106252592,-5.745972963416,-5.745972963416,0.008387408,0.008297599
6025000000.000000,-0.104148399,0.104148399,0.105987052,0.105900203,-5.756314039234,-5.756314039234,0.001838653,0.001751804
6026000000.000000,-0.096466834,0.096466834,0.105623577,0.105539685,-5.766655115052,-5.766655115052,0.009156743,0.009072851
6027000000.000000,-0.102750795,0.102750795,0.105251968,0.105171030,-5.776996190870,-5.776996190870,0.002501173,0.002420235
6028000000.000000,-0.095767664,0.095767664,0.104872218,0.104794230,-5.787337266688,-5.787337266688,0.009104554,0.009026566
6029000000.000000,-0.097991130,0.097991130,0.104484320,0.104409278,-5.797678342506,-5.797678342506,0.006493190,0.006418148
6030000000.000000,-0.096130780,0.096130780,0.104088267,0.104016166,-5.808019418324,-5.808019418324,0.007957487,0.007885386
6031000000.000000,-0.092726285,0.092726285,0.103684054,0.103614889,-5.818360494142,-5.818360494142,0.010957769,0.010888604
6032000000.000000,-0.096866562,0.096866562,0.103271677,0.103205441,-5.828701569960,-5.828701569960,0.006405115,0.006338879
6033000000.000000,-0.087854264,0.087854264,0.102851131,0.102787818,-5.839042645778,-5.839042645778,0.014996867,0.014933554
6034000000.000000,-0.105012713,0.105012713,0.102422413,0.102362016,-5.849383721596,-5.849383721596,-0.002590300,-0.002650697
6035000000.000000,-0.088562537,0.088562537,0.101985521,0.101928031,-5.859724797414,-5.859724797414,0.013422984,0.013365494
6036000000.000000,-0.090855565,0.090855565,0.101540451,0.101485861,-5.870065873233,-5.870065873233,0.010684886,0.010630296
6037000000.000000,-0.082492999,0.082492999,0.101087205,0.101035506,-5.880406949051,-5.880406949051,0.018594206,0.018542507
6038000000.000000,-0.085792887,0.085792887,0.100625781,0.100576963,-5.890748024869,-5.890748024869,0.014832894,0.014784076
6039000000.000000,-0.104302493,0.104302493,0.100156179,0.100110233,-5.901089100687,-5.901089100687,-0.004146314,-0.004192260
6040000000.000000,-0.085274773,0.085274773,0.099678403,0.099635317,-5.911430176505,-5.911430176505,0.014403630,0.014360544
6041000000.000000,-0.088765759,0.088765759,0.099192453,0.099152216,-5.921771252323,-5.921771252323,0.010426694,0.010386457
6042000000.000000,-0.084549693,0.084549693,0.098698333,0.098660935,-5.932112328141,-5.932112328141,0.014148640,0.014111242
6043000000.000000,-0.093590767,0.093590767,0.098196048,0.098161475,-5.942453403959,-5.942453403959,0.004605281,0.004570708
6044000000.000000,-0.084940177,0.084940177,0.097685602,0.097653842,-5.952794479777,-5.952794479777,0.012745425,0.012713665
6045000000.000000,-0.090592377,0.090592377,0.097167001,0.097138041,-5.963135555595,-5.963135555595,0.006574624,0.006545664
6046000000.000000,-0.086836126,0.086836126,0.096640253,0.096614078,-5.973476631413,-5.973476631413,0.009804127,0.009777952
6047000000.000000,-0.080821294,0.080821294,0.096105366,0.096081962,-5.983817707231,-5.983817707231,0.015284072,0.015260668
6048000000.000000,-0.090580242,0.090580242,0.095562348,0.095541700,-5.994158783049,-5.994158783049,0.004982106,0.004961458
6049000000.000000,-0.079604309,0.079604309,0.095011209,0.094993301,-6.004499858867,-6.004499858867,0.015406900,0.015388992
6050000000.000000,-0.082321740,0.082321740,0.094451961,0.094436777,-6.014840934685,-6.014840934685,0.012130221,0.012115037
6051000000.000000,-0.082386415,0.082386415,0.093884616,0.093872139,-6.025182010504,-6.025182010504,0.011498201,0.011485724
6052000000.000000,-0.085871982,0.085871982,0.093309186,0.093299399,-6.035523086322,-6.035523086322,0.007437204,0.007427417
6053000000.000000,-0.087439595,0.087439595,0.092725686,0.092718571,-6.045864162140,-6.045864162140,0.005286091,0.005278976
6054000000.000000,-0.063296582,0.063296582,0.092134131,0.092129670,-6.056205237958,-6.056205237958,0.028837549,0.028833088
6055000000.000000,-0.074179097,0.074179097,0.091534539,0.091532712,-6.066546313776,-6.066546313776,0.017355442,0.017353615
6056000000.000000,-0.088396176,0.088396176,0.090926925,0.090927713,-6.076887389594,-6.076887389594,0.002530749,0.002531537
6057000000.000000,-0.079754977,0.079754977,0.090311310,0.090314692,-6.087228465412,-6.087228465412,0.010556333,0.010559715
6058000000.000000,-0.065636490,0.065636490,0.089687712,0.089693669,-6.097569541230,-6.097569541230,0.024051222,0.024057179
6059000000.000000,-0.075285307,0.075285307,0.089056154,0.089064663,-6.107910617048,-6.107910617048,0.013770847,0.013779356
6060000000.000000,-0.076263745,0.076263745,0.088416657,0.088427696,-6.118251692866,-6.118251692866,0.012152912,0.012163951
6061000000.000000,-0.074235929,0.074235929,0.087769244,0.087782792,-6.128592768684,-6.128592768684,0.013533315,0.013546863
6062000000.000000,-0.071706002,0.071706002,0.087113941,0.087129974,-6.138933844502,-6.138933844502,0.015407939,0.015423972
6063000000.000000,-0.072134249,0.072134249,0.086450774,0.086469268,-6.149274920320,-6.149274920320,0.014316525,0.014335019
6064000000.000000,-0.067228588,0.067228588,0.085779769,0.085800700,-6.159615996138,-6.159615996138,0.018551181,0.018572112
6065000000.000000,-0.062677494,0.062677494,0.085100955,0.085124299,-6.169957071956,-6.169957071956,0.022423461,0.022446805
6066000000.000000,-0.080590728,0.080590728,0.084414361,0.084440094,-6.180298147775,-6.180298147775,0.003823633,0.003849366
6067000000.000000,-0.054836283,0.054836283,0.083720020,0.083748114,-6.190639223593,-6.190639223593,0.028883737,0.028911831
6068000000.000000,-0.059374390,0.059374390,0.083017963,0.083048393,-6.200980299411,-6.200980299411,0.023643573,0.023674003
6069000000.000000,-0.075663052,0.075663052,0.082308224,0.082340962,-6.211321375229,-6.211321375229,0.006645172,0.006677910
6070000000.000000,-0.058604918,0.058604918,0.081590838,0.081625858,-6.221662451047,-6.221662451047,0.022985920,0.023020940
6071000000.000000,-0.069523642,0.069523642,0.080865841,0.080903114,-6.232003526865,-6.232003526865,0.011342199,0.011379472
6072000000.000000,-0.058607880,0.058607880,0.080133271,0.080172769,-6.242344602683,-6.242344602683,0.021525391,0.021564889
6073000000.000000,-0.051529520,0.051529520,0.079393167,0.079434862,-6.252685678501,-6.252685678501,0.027863647,0.027905342
6074000000.000000,-0.052261953,0.052261953,0.078645570,0.078689431,-6.263026754319,-6.263026754319,0.026383617,0.026427478
6075000000.000000,-0.064197564,0.064197564,0.077890522,0.077936519,-6.273367830137,-6.273367830137,0.013692958,0.013738955
6076000000.000000,-0.055132325,0.055132325,0.077128066,0.077176169,-6.283708905955,-6.283708905955,0.021995741,0.022043844
6077000000.000000,-0.058118743,0.058118743,0.076358246,0.076408424,-6.294049981773,-6.294049981773,0.018239503,0.018289681
6078000000.000000,-0.059481963,0.059481963,0.075581109,0.075633330,-6.304391057591,-6.304391057591,0.016099146,0.016151367
6079000000.000000,-0.055943287,0.055943287,0.074796703,0.074850934,-6.314732133409,-6.314732133409,0.018853416,0.018907647
6080000000.000000,-0.052817642,0.052817642,0.074005076,0.074061286,-6.325073209227,-6.325073209227,0.021187434,0.021243644
6081000000.000000,-0.054583139,0.054583139,0.073206279,0.073264434,-6.335414285046,-6.335414285046,0.018623140,0.018681295
6082000000.000000,-0.044015989,0.044015989,0.072400365,0.072460431,-6.345755360864,-6.345755360864,0.028384376,0.028444442
6083000000.000000,-0.048757053,0.048757053,0.071587386,0.071649329,-6.356096436682,-6.356096436682,0.022830333,0.022892276
6084000000.000000,-0.047411710,0.047411710,0.070767398,0.070831184,-6.366437512500,-6.366437512500,0.023355688,0.023419474
6085000000.000000,-0.049854953,0.049854953,0.069940458,0.070006050,-6.376778588318,-6.376778588318,0.020085505,0.020151097
6086000000.000000,-0.058966490,0.058966490,0.069106622,0.069173986,-6.387119664136,-6.387119664136,0.010140132,0.010207496
6087000000.000000,-0.042284558,0.042284558,0.068265951,0.068335050,-6.397460739954,-6.397460739954,0.025981393,0.026050492
6088000000.000000,-0.052310844,0.052310844,0.067418507,0.067489304,-6.407801815772,-6.407801815772,0.015107663,0.015178460
6089000000.000000,-0.045254472,0.045254472,0.066564350,0.066636808,-6.418142891590,-6.418142891590,0.021309878,0.021382336
6090000000.000000,-0.044467525,0.044467525,0.065703547,0.065777628,-6.428483967408,-6.428483967408,0.021236022,0.021310103
6091000000.000000,-0.050041396,0.050041396,0.064836161,0.064911828,-6.438825043226,-6.438825043226,0.014794765,0.014870432
6092000000.000000,-0.053986746,0.053986746,0.063962262,0.064039475,-6.449166119044,-6.449166119044,0.009975516,0.010052729
6093000000.000000,-0.038327113,0.038327113,0.063081917,0.063160637,-6.459507194862,-6.459507194862,0.024754804,0.024833524
6094000000.000000,-0.036094257,0.036094257,0.062195196,0.062275385,-6.469848270680,-6.469848270680,0.026100939,0.026181128
6095000000.000000,-0.039139342,0.039139342,0.061302173,0.061383789,-6.480189346498,-6.480189346498,0.022162831,0.022244447
6096000000.000000,-0.040002277,0.040002277,0.060402920,0.060485923,-6.490530422317,-6.490530422317,0.020400643,0.020483646
6097000000.000000,-0.050957716,0.050957716,0.059497512,0.059581862,-6.500871498135,-6.500871498135,0.008539796,0.008624146
6098000000.000000,-0.045563900,0.045563900,0.058586027,0.058671681,-6.511212573953,-6.511212573953,0.013022127,0.013107781
6099000000.000000,-0.038214191,0.038214191,0.057668542,0.057755459,-6.521553649771,-6.521553649771,0.019454351,0.019541268
6100000000.000000,-0.043936486,0.043936486,0.056745137,0.056833275,-6.531894725589,-6.531894725589,0.012808651,0.012896789
6101000000.000000,-0.046386553,0.046386553,0.055815895,0.055905210,-6.542235801407,-6.542235801407,0.009429342,0.009518657
6102000000.000000,-0.024227316,0.024227316,0.054880897,0.054971347,-6.552576877225,-6.552576877225,0.030653581,0.030744031
6103000000.000000,-0.037427746,0.037427746,0.053940230,0.054031770,-6.562917953043,-6.562917953043,0.016512484,0.016604024
6104000000.000000,-0.033145979,0.033145979,0.052993978,0.053086565,-6.573259028861,-6.573259028861,0.019847999,0.019940586
6105000000.000000,-0.038464668,0.038464668,0.052042230,0.052135819,-6.583600104679,-6.583600104679,0.013577562,0.013671151
6106000000.000000,-0.036589722,0.036589722,0.051085076,0.051179622,-6.593941180497,-6.593941180497,0.014495354,0.014589900
6107000000.000000,-0.053138828,0.053138828,0.050122606,0.050218064,-6.604282256315,-6.604282256315,-0.003016222,-0.002920764
6108000000.000000,-0.034389377,0.034389377,0.049154913,0.049251238,-6.614623332133,-6.614623332133,0.014765536,0.014861861
6109000000.000000,-0.043691356,0.043691356,0.048182092,0.048279237,-6.624964407951,-6.624964407951,0.004490736,0.004587881
6110000000.000000,-0.031581528,0.031581528,0.047204239,0.047302158,-6.635305483769,-6.635305483769,0.015622711,0.015720630
6111000000.000000,-0.040367001,0.040367001,0.046221451,0.046320096,-6.645646559588,-6.645646559588,0.005854450,0.005953095
6112000000.000000,-0.039658850,0.039658850,0.045233827,0.045333151,-6.655987635406,-6.655987635406,0.005574977,0.005674301
6113000000.000000,-0.035811399,0.035811399,0.044241467,0.044341424,-6.666328711224,-6.666328711224,0.008430068,0.008530025
6114000000.000000,-0.032557888,0.032557888,0.043244476,0.043345016,-6.676669787042,-6.676669787042,0.010686588,0.010787128
6115000000.000000,-0.028525690,0.028525690,0.042242955,0.042344031,-6.687010862860,-6.687010862860,0.013717265,0.013818341
6116000000.000000,-0.040764559,0.040764559,0.041237011,0.041338573,-6.697351938678,-6.697351938678,0.000472452,0.000574014
6117000000.000000,-0.033769209,0.033769209,0.040226751,0.040328751,-6.707693014496,-6.707693014496,0.006457542,0.006559542
6118000000.000000,-0.031576536,0.031576536,0.039212284,0.039314671,-6.718034090314,-6.718034090314,0.007635748,0.007738135
6119000000.000000,-0.031921087,0.031921087,0.038193719,0.038296445,-6.728375166132,-6.728375166132,0.006272632,0.006375358
6120000000.000000,-0.030383547,0.030383547,0.037171169,0.037274183,-6.738716241950,-6.738716241950,0.006787622,0.006890636
6121000000.000000,-0.024919946,0.024919946,0.036144747,0.036247998,-6.749057317768,-6.749057317768,0.011224801,0.011328052
6122000000.000000,-0.026034716,0.026034716,0.035114568,0.035218006,-6.759398393586,-6.759398393586,0.009079852,0.009183290
6123000000.000000,-0.038169460,0.038169460,0.034080749,0.034184322,-6.769739469404,-6.769739469404,-0.004088711,-0.003985138
6124000000.000000,-0.025505104,0.025505104,0.033043407,0.033147064,-6.780080545222,-6.780080545222,0.007538303,0.007641960
6125000000.000000,-0.030074262,0.030074262,0.032002662,0.032106352,-6.790421621040,-6.790421621040,0.001928400,0.002032090
6126000000.000000,-0.023625871,0.023625871,0.030958636,0.031062306,-6.800762696859,-6.800762696859,0.007332765,0.007436435
6127000000.000000,-0.030726316,0.030726316,0.029911451,0.030015048,-6.811103772677,-6.811103772677,-0.000814865,-0.000711268
6128000000.000000,-0.029115167,0.029115167,0.028861230,0.028964703,-6.821444848495,-6.821444848495,-0.000253937,-0.000150464
6129000000.000000,-0.030371638,0.030371638,0.027808101,0.027911396,-6.831785924313,-6.831785924313,-0.002563537,-0.002460242
6130000000.000000,-0.017566772,0.017566772,0.026752190,0.026855254,-6.842127000131,-6.842127000131,0.009185418,0.009288482
6131000000.000000,-0.024658394,0.024658394,0.025693625,0.025796405,-6.852468075949,-6.852468075949,0.001035231,0.001138011
6132000000.000000,-0.020362661,0.020362661,0.024632536,0.024734979,-6.862809151767,-6.862809151767,0.004269875,0.004372318
6133000000.000000,-0.021732506,0.021732506,0.023569056,0.023671107,-6.873150227585,-6.873150227585,0.001836550,0.001938601
6134000000.000000,-0.017984034,0.017984034,0.022503318,0.022604922,-6.883491303403,-6.883491303403,0.004519284,0.004620888
6135000000.000000,-0.017429679,0.017429679,0.021435454,0.021536559,-6.893832379221,-6.893832379221,0.004005775,0.004106880
6136000000.000000,-0.016971252,0.016971252,0.020365603,0.020466152,-6.904173455039,-6.904173455039,0.003394351,0.003494900
6137000000.000000,-0.021186655,0.021186655,0.019293900,0.019393839,-6.914514530857,-6.914514530857,-0.001892755,-0.001792816
6138000000.000000,-0.012067703,0.012067703,0.018220485,0.018319759,-6.924855606675,-6.924855606675,0.006152782,0.006252056
6139000000.000000,-0.019329903,0.019329903,0.017145498,0.017244051,-6.935196682493,-6.935196682493,-0.002184405,-0.002085852
6140000000.000000,-0.020811228,0.020811228,0.016069079,0.016166857,-6.945537758311,-6.945537758311,-0.004742149,-0.004644371
6141000000.000000,-0.015042498,0.015042498,0.014991372,0.015088318,-6.955878834129,-6.955878834129,-0.000051126,0.000045820
6142000000.000000,-0.009126059,0.009126059,0.013912521,0.014008580,-6.966219909948,-6.966219909948,0.004786462,0.004882521
6143000000.000000,-0.012556076,0.012556076,0.012832671,0.012927786,-6.976560985766,-6.976560985766,0.000276595,0.000371710
6144000000.000000,-0.011892890,0.011892890,0.011751969,0.011846084,-6.986902061584,-6.986902061584,-0.000140921,-0.000046806
6145000000.000000,-0.004673625,0.004673625,0.010670562,0.010763622,-6.997243137402,-6.997243137402,0.005996937,0.006089997
6146000000.000000,-0.005979811,0.005979811,0.009588601,0.009680548,-7.007584213220,-7.007584213220,0.003608790,0.003700737
6147000000.000000,-0.026114443,0.026114443,0.008506236,0.008597014,-7.017925289038,-7.017925289038,-0.017608207,-0.017517429
6148000000.000000,-0.006504125,0.006504125,0.007423617,0.007513169,-7.028266364856,-7.028266364856,0.000919492,0.001009044
6149000000.000000,-0.008856501,0.008856501,0.006340899,0.006429168,-7.038607440674,-7.038607440674,-0.002515602,-0.002427333
6150000000.000000,-0.008933408,0.008933408,0.005258236,0.005345165,-7.048948516492,-7.048948516492,-0.003675172,-0.003588243
6151000000.000000,-0.007071009,0.007071009,0.004175781,0.004261313,-7.059289592310,-7.059289592310,-0.002895228,-0.002809696
6152000000.000000,-0.009548203,0.009548203,0.003093693,0.003177771,-7.069630668128,-7.069630668128,-0.006454510,-0.006370432
6153000000.000000,-0.012877903,0.012877903,0.002012128,0.002094694,-7.079971743946,-7.079971743946,-0.010865775,-0.010783209
6154000000.000000,-0.003425661,0.003425661,0.000931246,0.001012242,-7.090312819764,-7.090312819764,-0.002494415,-0.002413419
6155000000.000000,-0.018114525,0.018114525,-0.000148795,-0.000069425,-7.100653895582,-7.100653895582,-0.018263320,-0.018183950
6156000000.000000,-0.016557927,0.016557927,-0.001227833,-0.001150148,-7.110994971401,-7.110994971401,-0.017785760,-0.017708075
6157000000.000000,-0.012379809,0.012379809,-0.002305707,-0.002229763,-7.121336047219,-7.121336047219,-0.014685516,-0.014609572
6158000000.000000,-0.011081532,0.011081532,-0.003382253,-0.003308110,-7.131677123037,-7.131677123037,-0.014463785,-0.014389642
6159000000.000000,-0.007658427,0.007658427,-0.004457309,-0.004385023,-7.142018198855,-7.142018198855,-0.012115736,-0.012043450
6160000000.000000,-0.000810635,0.000810635,-0.005530709,-0.005460338,-7.152359274673,-7.152359274673,-0.006341344,-0.006270973
6161000000.000000,-0.003894566,0.003894566,-0.006602288,-0.006533890,-7.162700350491,-7.162700350491,-0.010496854,-0.010428456
6162000000.000000,-0.012890087,0.012890087,-0.007671879,-0.007605512,-7.173041426309,-7.173041426309,-0.020561966,-0.020495599
6163000000.000000,-0.001856827,0.001856827,-0.008739314,-0.008675036,-7.183382502127,-7.183382502127,-0.010596141,-0.010531863
6164000000.000000,-0.002275157,0.002275157,-0.009804426,-0.009742294,-7.193723577945,-7.193723577945,-0.012079583,-0.012017451
6165000000.000000,-0.000914197,0.000914197,-0.010867046,-0.010807118,-7.204064653763,-7.204064653763,-0.011781243,-0.011721315
6166000000.000000,-0.001175195,0.001175195,-0.011927002,-0.011869336,-7.214405729581,-7.214405729581,-0.013102197,-0.013044531
6167000000.000000,-0.002767475,0.002767475,-0.012984125,-0.012928779,-7.224746805399,-7.224746805399,-0.015751600,-0.015696254
6168000000.000000,-0.004040595,0.004040595,-0.014038244,-0.013985276,-7.235087881217,-7.235087881217,-0.018078839,-0.018025871
6169000000.000000,-0.009114637,0.009114637,-0.015089186,-0.015038653,-7.245428957035,-7.245428957035,-0.024203823,-0.024153290
6170000000.000000,-0.000442868,0.000442868,-0.016136778,-0.016088737,-7.255770032853,-7.255770032853,-0.016579646,-0.016531605
6171000000.000000,0.005410373,-0.005410373,-0.017180847,-0.017135357,-7.266111108671,-7.266111108671,-0.011770474,-0.011724984
6172000000.000000,0.013941378,-0.013941378,-0.018221219,-0.018178337,-7.276452184490,-7.276452184490,-0.004279841,-0.004236959
6173000000.000000,0.014443045,-0.014443045,-0.019257719,-0.019217502,-7.286793260308,-7.286793260308,-0.004814674,-0.004774457
6174000000.000000,0.004886161,-0.004886161,-0.020290172,-0.020252678,-7.297134336126,-7.297134336126,-0.015404011,-0.015366517
6175000000.000000,0.001797791,-0.001797791,-0.021318402,-0.021283688,-7.307475411944,-7.307475411944,-0.019520611,-0.019485897
6176000000.000000,0.008166781,-0.008166781,-0.022342233,-0.022310356,-7.317816487762,-7.317816487762,-0.014175452,-0.014143575
6177000000.000000,0.002480256,-0.002480256,-0.023361489,-0.023332505,-7.328157563580,-7.328157563580,-0.020881233,-0.020852249
6178000000.000000,0.013767422,-0.013767422,-0.024375992,-0.024349959,-7.338498639398,-7.338498639398,-0.010608570,-0.010582537
6179000000.000000,0.013587484,-0.013587484,-0.025385565,-0.025362539,-7.348839715216,-7.348839715216,-0.011798081,-0.011775055
6180000000.000000,0.005792523,-0.005792523,-0.026390030,-0.026370068,-7.359180791034,-7.359180791034,-0.020597507,-0.020577545
6181000000.000000,0.005547268,-0.005547268,-0.027389208,-0.027372366,-7.369521866852,-7.369521866852,-0.021841940,-0.021825098
6182000000.000000,0.010826480,-0.010826480,-0.028382922,-0.028369257,-7.379862942670,-7.379862942670,-0.017556442,-0.017542777
6183000000.000000,0.021072772,-0.021072772,-0.029370993,-0.029360560,-7.390204018488,-7.390204018488,-0.008298221,-0.008287788
6184000000.000000,0.008514681,-0.008514681,-0.030353241,-0.030346096,-7.400545094306,-7.400545094306,-0.021838560,-0.021831415
6185000000.000000,0.018288499,-0.018288499,-0.031329488,-0.031325687,-7.410886170124,-7.410886170124,-0.013040989,-0.013037188
6186000000.000000,0.007960933,-0.007960933,-0.032299555,-0.032299153,-7.421227245942,-7.421227245942,-0.024338622,-0.024338220
6187000000.000000,0.035034257,-0.035034257,-0.033263261,-0.033266314,-7.431568321761,-7.431568321761,0.001770996,0.001767943
6188000000.000000,0.015456586,-0.015456586,-0.034220429,-0.034226991,-7.441909397579,-7.441909397579,-0.018763843,-0.018770405
6189000000.000000,0.014159453,-0.014159453,-0.035170878,-0.035181004,-7.452250473397,-7.452250473397,-0.021011425,-0.021021551
6190000000.000000,0.019723061,-0.019723061,-0.036114429,-0.036128174,-7.462591549215,-7.462591549215,-0.016391368,-0.016405113
6191000000.000000,0.018064919,-0.018064919,-0.037050902,-0.037068320,-7.472932625033,-7.472932625033,-0.018985983,-0.019003401
6192000000.000000,0.014983333,-0.014983333,-0.037980119,-0.038001264,-7.483273700851,-7.483273700851,-0.022996786,-0.023017931
6193000000.000000,0.019462701,-0.019462701,-0.038901900,-0.038926825,-7.493614776669,-7.493614776669,-0.019439199,-0.019464124
6194000000.000000,0.025032886,-0.025032886,-0.039816066,-0.039844825,-7.503955852487,-7.503955852487,-0.014783180,-0.014811939
6195000000.000000,0.026803289,-0.026803289,-0.040722439,-0.040755085,-7.514296928305,-7.514296928305,-0.013919150,-0.013951796
6196000000.000000,0.032687214,-0.032687214,-0.041620840,-0.041657426,-7.524638004123,-7.524638004123,-0.008933626,-0.008970212
6197000000.000000,0.031918339,-0.031918339,-0.042511091,-0.042551669,-7.534979079941,-7.534979079941,-0.010592752,-0.010633330
6198000000.000000,0.019113926,-0.019113926,-0.043393014,-0.043437636,-7.545320155759,-7.545320155759,-0.024279088,-0.024323710
6199000000.000000,0.027964593,-0.027964593,-0.044266431,-0.044315149,-7.555661231577,-7.555661231577,-0.016301838,-0.016350556
6200000000.000000,0.033157027,-0.033157027,-0.045131166,-0.045184031,-7.566002307395,-7.566002307395,-0.011974139,-0.012027004
6201000000.000000,0.045549981,-0.045549981,-0.045987042,-0.046044105,-7.576343383213,-7.576343383213,-0.000437061,-0.000494124
6202000000.000000,0.029081307,-0.029081307,-0.046833882,-0.046895195,-7.586684459032,-7.586684459032,-0.017752575,-0.017813888
6203000000.000000,0.042248682,-0.042248682,-0.047671512,-0.047737124,-7.597025534850,-7.597025534850,-0.005422830,-0.005488442
6204000000.000000,0.032513505,-0.032513505,-0.048499755,-0.048569717,-7.607366610668,-7.607366610668,-0.015986250,-0.016056212
6205000000.000000,0.037726868,-0.037726868,-0.049318439,-0.049392799,-7.617707686486,-7.617707686486,-0.011591571,-0.011665931
6206000000.000000,0.032817785,-0.032817785,-0.050127389,-0.050206196,-7.628048762304,-7.628048762304,-0.017309604,-0.017388411
6207000000.000000,0.039050938,-0.039050938,-0.050926431,-0.051009736,-7.638389838122,-7.638389838122,-0.011875493,-0.011958798
6208000000.000000,0.033385731,-0.033385731,-0.051715395,-0.051803244,-7.648730913940,-7.648730913940,-0.018329664,-0.018417513
6209000000.000000,0.040015964,-0.040015964,-0.052494109,-0.052586550,-7.659071989758,-7.659071989758,-0.012478145,-0.012570586
6210000000.000000,0.034699232,-0.034699232,-0.053262401,-0.053359483,-7.669413065576,-7.669413065576,-0.018563169,-0.018660251
6211000000.000000,0.053434774,-0.053434774,-0.054020103,-0.054121872,-7.679754141394,-7.679754141394,-0.000585329,-0.000687098
6212000000.000000,0.049499916,-0.049499916,-0.054767045,-0.054873548,-7.690095217212,-7.690095217212,-0.005267129,-0.005373632
6213000000.000000,0.039488631,-0.039488631,-0.055503061,-0.055614342,-7.700436293030,-7.700436293030,-0.016014430,-0.016125711
6214000000.000000,0.041731293,-0.041731293,-0.056227983,-0.056344089,-7.710777368848,-7.710777368848,-0.014496690,-0.014612796
6215000000.000000,0.043968887,-0.043968887,-0.056941646,-0.057062622,-7.721118444666,-7.721118444666,-0.012972759,-0.013093735
6216000000.000000,0.041297810,-0.041297810,-0.057643885,-0.057769775,-7.731459520484,-7.731459520484,-0.016346075,-0.016471965
6217000000.000000,0.057044522,-0.057044522,-0.058334537,-0.058465385,-7.741800596303,-7.741800596303,-0.001290015,-0.001420863
6218000000.000000,0.060629083,-0.060629083,-0.059013440,-0.059149289,-7.752141672121,-7.752141672121,0.001615643,0.001479794
6219000000.000000,0.055132170,-0.055132170,-0.059680433,-0.059821326,-7.762482747939,-7.762482747939,-0.004548263,-0.004689156
6220000000.000000,0.045402614,-0.045402614,-0.060335356,-0.060481337,-7.772823823757,-7.772823823757,-0.014932742,-0.015078723
6221000000.000000,0.055181096,-0.055181096,-0.060978052,-0.061129161,-7.783164899575,-7.783164899575,-0.005796956,-0.005948065
6222000000.000000,0.051146266,-0.051146266,-0.061608364,-0.061764642,-7.793505975393,-7.793505975393,-0.010462098,-0.010618376
6223000000.000000,0.043334488,-0.043334488,-0.062226136,-0.062387624,-7.803847051211,-7.803847051211,-0.018891648,-0.019053136
6224000000.000000,0.060309565,-0.060309565,-0.062831214,-0.062997953,-7.814188127029,-7.814188127029,-0.002521649,-0.002688388
6225000000.000000,0.064579146,-0.064579146,-0.063423447,-0.063595475,-7.824529202847,-7.824529202847,0.001155699,0.000983671
6226000000.000000,0.060618451,-0.060618451,-0.064002683,-0.064180040,-7.834870278665,-7.834870278665,-0.003384232,-0.003561589
6227000000.000000,0.054250133,-0.054250133,-0.064568774,-0.064751497,-7.845211354483,-7.845211354483,-0.010318641,-0.010501364
6228000000.000000,0.062757165,-0.062757165,-0.065121572,-0.065309699,-7.855552430301,-7.855552430301,-0.002364407,-0.002552534
6229000000.000000,0.065889933,-0.065889933,-0.065660932,-0.065854500,-7.865893506119,-7.865893506119,0.000229001,0.000035433
6230000000.000000,0.059351151,-0.059351151,-0.066186709,-0.066385755,-7.876234581937,-7.876234581937,-0.006835558,-0.007034604
6231000000.000000,0.053494383,-0.053494383,-0.066698763,-0.066903321,-7.886575657755,-7.886575657755,-0.013204380,-0.013408938
6232000000.000000,0.064793420,-0.064793420,-0.067196951,-0.067407058,-7.896916733574,-7.896916733574,-0.002403531,-0.002613638
6233000000.000000,0.066886591,-0.066886591,-0.067681138,-0.067896826,-7.907257809392,-7.907257809392,-0.000794547,-0.001010235
6234000000.000000,0.063097392,-0.063097392,-0.068151185,-0.068372490,-7.917598885210,-7.917598885210,-0.005053793,-0.005275098
6235000000.000000,0.068113929,-0.068113929,-0.068606960,-0.068833913,-7.927939961028,-7.927939961028,-0.000493031,-0.000719984
6236000000.000000,0.061378577,-0.061378577,-0.069048329,-0.069280963,-7.938281036846,-7.938281036846,-0.007669752,-0.007902386
6237000000.000000,0.059583275,-0.059583275,-0.069475164,-0.069713510,-7.948622112664,-7.948622112664,-0.009891889,-0.010130235
6238000000.000000,0.062438936,-0.062438936,-0.069887335,-0.070131424,-7.958963188482,-7.958963188482,-0.007448399,-0.007692488
6239000000.000000,0.068657385,-0.068657385,-0.070284717,-0.070534580,-7.969304264300,-7.969304264300,-0.001627332,-0.001877195
6240000000.000000,0.067391120,-0.067391120,-0.070667187,-0.070922852,-7.979645340118,-7.979645340118,-0.003276067,-0.003531732
6241000000.000000,0.065865747,-0.065865747,-0.071034624,-0.071296120,-7.989986415936,-7.989986415936,-0.005168877,-0.005430373
6242000000.000000,0.057619339,-0.057619339,-0.071386909,-0.071654264,-8.000327491754,-8.000327491754,-0.013767570,-0.014034925
6243000000.000000,0.073597904,-0.073597904,-0.071723925,-0.071997166,-8.010668567572,-8.010668567572,0.001873979,0.001600738
6244000000.000000,0.066663606,-0.066663606,-0.072045559,-0.072324712,-8.021009643390,-8.021009643390,-0.005381953,-0.005661106
6245000000.000000,0.078791018,-0.078791018,-0.072351699,-0.072636790,-8.031350719208,-8.031350719208,0.006439319,0.006154228
6246000000.000000,0.063647270,-0.063647270,-0.072642236,-0.072933290,-8.041691795026,-8.041691795026,-0.008994966,-0.009286020
6247000000.000000,0.076410546,-0.076410546,-0.072917065,-0.073214105,-8.052032870845,-8.052032870845,0.003493481,0.003196441
6248000000.000000,0.079711225,-0.079711225,-0.073176080,-0.073479130,-8.062373946663,-8.062373946663,0.006535145,0.006232095
6249000000.000000,0.066940120,-0.066940120,-0.073419182,-0.073728263,-8.072715022481,-8.072715022481,-0.006479062,-0.006788143
6250000000.000000,0.068744282,-0.068744282,-0.073646272,-0.073961406,-8.083056098299,-8.083056098299,-0.004901990,-0.005217124
6251000000.000000,0.079583638,-0.079583638,-0.073857254,-0.074178462,-8.093397174117,-8.093397174117,0.005726384,0.005405176
6252000000.000000,0.081172522,-0.081172522,-0.074052035,-0.074379338,-8.103738249935,-8.103738249935,0.007120487,0.006793184
6253000000.000000,0.082628366,-0.082628366,-0.074230527,-0.074563942,-8.114079325753,-8.114079325753,0.008397839,0.008064424
6254000000.000000,0.080020223,-0.080020223,-0.074392641,-0.074732187,-8.124420401571,-8.124420401571,0.005627582,0.005288036
6255000000.000000,0.068408207,-0.068408207,-0.074538294,-0.074883988,-8.134761477389,-8.134761477389,-0.006130087,-0.006475781
6256000000.000000,0.082325624,-0.082325624,-0.074667405,-0.075019263,-8.145102553207,-8.145102553207,0.007658219,0.007306361
6257000000.000000,0.076846251,-0.076846251,-0.074779895,-0.075137933,-8.155443629025,-8.155443629025,0.002066356,0.001708318
6258000000.000000,0.087456402,-0.087456402,-0.074875691,-0.075239923,-8.165784704843,-8.165784704843,0.012580711,0.012216479
6259000000.000000,0.079942474,-0.079942474,-0.074954719,-0.075325160,-8.176125780661,-8.176125780661,0.004987755,0.004617314
6260000000.000000,0.079511335,-0.079511335,-0.075016912,-0.075393574,-8.186466856479,-8.186466856479,0.004494423,0.004117761
6261000000.000000,0.077705955,-0.077705955,-0.075062203,-0.075445098,-8.196807932297,-8.196807932297,0.002643752,0.002260857
6262000000.000000,0.081242306,-0.081242306,-0.075090531,-0.075479670,-8.207149008116,-8.207149008116,0.006151775,0.005762636
6263000000.000000,0.087719880,-0.087719880,-0.075101837,-0.075497231,-8.217490083934,-8.217490083934,0.012618043,0.012222649
6264000000.000000,0.075871584,-0.075871584,-0.075096066,-0.075497722,-8.227831159752,-8.227831159752,0.000775518,0.000373862
6265000000.000000,0.094160318,-0.094160318,-0.075073164,-0.075481093,-8.238172235570,-8.238172235570,0.019087154,0.018679225
6266000000.000000,0.082121055,-0.082121055,-0.075033084,-0.075447291,-8.248513311388,-8.248513311388,0.007087971,0.006673764
6267000000.000000,0.088746451,-0.088746451,-0.074975780,-0.075396272,-8.258854387206,-8.258854387206,0.013770671,0.013350179
6268000000.000000,0.079450317,-0.079450317,-0.074901210,-0.075327993,-8.269195463024,-8.269195463024,0.004549107,0.004122324
6269000000.000000,0.076447095,-0.076447095,-0.074809336,-0.075242414,-8.279536538842,-8.279536538842,0.001637759,0.001204681
6270000000.000000,0.084029773,-0.084029773,-0.074700123,-0.075139500,-8.289877614660,-8.289877614660,0.009329650,0.008890273
6271000000.000000,0.085003732,-0.085003732,-0.074573540,-0.075019219,-8.300218690478,-8.300218690478,0.010430192,0.009984513
6272000000.000000,0.075449561,-0.075449561,-0.074429561,-0.074881542,-8.310559766296,-8.310559766296,0.001020000,0.000568019
6273000000.000000,0.079114861,-0.079114861,-0.074268160,-0.074726444,-8.320900842114,-8.320900842114,0.004846701,0.004388417
6274000000.000000,0.087954085,-0.087954085,-0.074089318,-0.074553905,-8.331241917932,-8.331241917932,0.013864767,0.013400180
6275000000.000000,0.079776911,-0.079776911,-0.073893019,-0.074363908,-8.341582993750,-8.341582993750,0.005883892,0.005413003
6276000000.000000,0.084910343,-0.084910343,-0.073679250,-0.074156438,-8.351924069568,-8.351924069568,0.011231093,0.010753905
6277000000.000000,0.078620935,-0.078620935,-0.073448003,-0.073931487,-8.362265145387,-8.362265145387,0.005172932,0.004689448
6278000000.000000,0.095467515,-0.095467515,-0.073199273,-0.073689049,-8.372606221205,-8.372606221205,0.022268242,0.021778466
6279000000.000000,0.093741015,-0.093741015,-0.072933060,-0.073429121,-8.382947297023,-8.382947297023,0.020807955,0.020311894
6280000000.000000,0.084516409,-0.084516409,-0.072649366,-0.073151706,-8.393288372841,-8.393288372841,0.011867043,0.011364703
6281000000.000000,0.076576723,-0.076576723,-0.072348198,-0.072856811,-8.403629448659,-8.403629448659,0.004228525,0.003719912
6282000000.000000,0.095100311,-0.095100311,-0.072029568,-0.072544444,-8.413970524477,-8.413970524477,0.023070743,0.022555867
6283000000.000000,0.079516168,-0.079516168,-0.071693491,-0.072214621,-8.424311600295,-8.424311600295,0.007822677,0.007301547
6284000000.000000,0.079063006,-0.079063006,-0.071339986,-0.071867360,-8.434652676113,-8.434652676113,0.007723020,0.007195646
6285000000.000000,0.085769535,-0.085769535,-0.070969077,-0.071502682,-8.444993751931,-8.444993751931,0.014800458,0.014266853
6286000000.000000,0.081009489,-0.081009489,-0.070580791,-0.071120615,-8.455334827749,-8.455334827749,0.010428698,0.009888874
6287000000.000000,0.080935408,-0.080935408,-0.070175159,-0.070721189,-8.465675903567,-8.465675903567,0.010760249,0.010214219
6288000000.000000,0.085292592,-0.085292592,-0.069752218,-0.070304439,-8.476016979385,-8.476016979385,0.015540374,0.014988153
6289000000.000000,0.074741975,-0.074741975,-0.069312008,-0.069870404,-8.486358055203,-8.486358055203,0.005429967,0.004871571
6290000000.000000,0.091363821,-0.091363821,-0.068854573,-0.069419127,-8.496699131021,-8.496699131021,0.022509248,0.021944694
6291000000.000000,0.078245254,-0.078245254,-0.068379962,-0.068950656,-8.507040206839,-8.507040206839,0.009865292,0.009294598
6292000000.000000,0.075597854,-0.075597854,-0.067888228,-0.068465043,-8.517381282658,-8.517381282658,0.007709626,0.007132811
6293000000.000000,0.079090513,-0.079090513,-0.067379428,-0.067962345,-8.527722358476,-8.527722358476,0.011711085,0.011128168
6294000000.000000,0.073745990,-0.073745990,-0.066853623,-0.067442620,-8.538063434294,-8.538063434294,0.006892367,0.006303370
6295000000.000000,0.087318502,-0.087318502,-0.066310881,-0.066905936,-8.548404510112,-8.548404510112,0.021007621,0.020412566
6296000000.000000,0.080325935,-0.080325935,-0.065751271,-0.066352361,-8.558745585930,-8.558745585930,0.014574664,0.013973574
6297000000.000000,0.079808211,-0.079808211,-0.065174869,-0.065781969,-8.569086661748,-8.569086661748,0.014633342,0.014026242
6298000000.000000,0.081478994,-0.081478994,-0.064581754,-0.065194838,-8.579427737566,-8.579427737566,0.016897240,0.016284156
6299000000.000000,0.070882474,-0.070882474,-0.063972009,-0.064591052,-8.589768813384,-8.589768813384,0.006910465,0.006291422
6300000000.000000,0.078074767,-0.078074767,-0.063345724,-0.063970698,-8.600109889202,-8.600109889202,0.014729043,0.014104069
6301000000.000000,0.088045793,-0.088045793,-0.062702991,-0.063333867,-8.610450965020,-8.610450965020,0.025342802,0.024711926
6302000000.000000,0.076775798,-0.076775798,-0.062043907,-0.062680655,-8.620792040838,-8.620792040838,0.014731891,0.014095143
6303000000.000000,0.078280150,-0.078280150,-0.061368576,-0.062011165,-8.631133116656,-8.631133116656,0.016911574,0.016268985
6304000000.000000,0.073360067,-0.073360067,-0.060677102,-0.061325502,-8.641474192474,-8.641474192474,0.012682965,0.012034565
6305000000.000000,0.062400163,-0.062400163,-0.059969599,-0.060623775,-8.651815268292,-8.651815268292,0.002430564,0.001776388
6306000000.000000,0.061315871,-0.061315871,-0.059246181,-0.059906099,-8.662156344110,-8.662156344110,0.002069690,0.001409772
6307000000.000000,0.058711033,-0.058711033,-0.058506970,-0.059172595,-8.672497419929,-8.672497419929,0.000204063,-0.000461562
6308000000.000000,0.074012371,-0.074012371,-0.057752090,-0.058423385,-8.682838495747,-8.682838495747,0.016260281,0.015588986
6309000000.000000,0.065943536,-0.065943536,-0.056981671,-0.057658600,-8.693179571565,-8.693179571565,0.008961865,0.008284936
6310000000.000000,0.066361390,-0.066361390,-0.056195849,-0.056878372,-8.703520647383,-8.703520647383,0.010165541,0.009483018
6311000000.000000,0.072340860,-0.072340860,-0.055394761,-0.056082839,-8.713861723201,-8.713861723201,0.016946099,0.016258021
6312000000.000000,0.066596180,-0.066596180,-0.054578553,-0.055272145,-8.724202799019,-8.724202799019,0.012017627,0.011324035
6313000000.000000,0.059702752,-0.059702752,-0.053747372,-0.054446437,-8.734543874837,-8.734543874837,0.005955380,0.005256315
6314000000.000000,0.071843214,-0.071843214,-0.052901373,-0.053605867,-8.744884950655,-8.744884950655,0.018941841,0.018237347
6315000000.000000,0.064666729,-0.064666729,-0.052040714,-0.052750593,-8.755226026473,-8.755226026473,0.012626015,0.011916136
6316000000.000000,0.058903218,-0.058903218,-0.051165557,-0.051880777,-8.765567102291,-8.765567102291,0.007737661,0.007022441
6317000000.000000,0.056059201,-0.056059201,-0.050276071,-0.050996584,-8.775908178109,-8.775908178109,0.005783130,0.005062617
6318000000.000000,0.050682998,-0.050682998,-0.049372427,-0.050098187,-8.786249253927,-8.786249253927,0.001310571,0.000584811
6319000000.000000,0.059705581,-0.059705581,-0.048454803,-0.049185761,-8.796590329745,-8.796590329745,0.011250778,0.010519820
6320000000.000000,0.044164540,-0.044164540,-0.047523382,-0.048259488,-8.806931405563,-8.806931405563,-0.003358842,-0.004094948
6321000000.000000,0.048728525,-0.048728525,-0.046578349,-0.047319554,-8.817272481381,-8.817272481381,0.002150176,0.001408971
6322000000.000000,0.051601010,-0.051601010,-0.045619898,-0.046366148,-8.827613557200,-8.827613557200,0.005981112,0.005234862
6323000000.000000,0.052356661,-0.052356661,-0.044648223,-0.045399467,-8.837954633018,-8.837954633018,0.007708438,0.006957194
6324000000.000000,0.047874436,-0.047874436,-0.043663527,-0.044419710,-8.848295708836,-8.848295708836,0.004210909,0.003454726
6325000000.000000,0.039153081,-0.039153081,-0.042666016,-0.043427083,-8.858636784654,-8.858636784654,-0.003512935,-0.004274002
6326000000.000000,0.055941330,-0.055941330,-0.041655900,-0.042421795,-8.868977860472,-8.868977860472,0.014285430,0.013519535
6327000000.000000,0.052608282,-0.052608282,-0.040633395,-0.041404061,-8.879318936290,-8.879318936290,0.011974887,0.011204221
6328000000.000000,0.048136209,-0.048136209,-0.039598722,-0.040374100,-8.889660012108,-8.889660012108,0.008537487,0.007762109
6329000000.000000,0.042457637,-0.042457637,-0.038552106,-0.039332137,-8.900001087926,-8.900001087926,0.003905531,0.003125500
6330000000.000000,0.050548444,-0.050548444,-0.037493777,-0.038278400,-8.910342163744,-8.910342163744,0.013054667,0.012270044
6331000000.000000,0.049883151,-0.049883151,-0.036423970,-0.037213124,-8.920683239562,-8.920683239562,0.013459181,0.012670027
6332000000.000000,0.038162923,-0.038162923,-0.035342924,-0.036136547,-8.931024315380,-8.931024315380,0.002819999,0.002026376
6333000000.000000,0.035056848,-0.035056848,-0.034250886,-0.035048913,-8.941365391198,-8.941365391198,0.000805962,0.000007935
6334000000.000000,0.030764898,-0.030764898,-0.033148102,-0.033950469,-8.951706467016,-8.951706467016,-0.002383204,-0.003185571
6335000000.000000,0.038789432,-0.038789432,-0.032034829,-0.032841469,-8.962047542834,-8.962047542834,0.006754603,0.005947963
6336000000.000000,0.035826080,-0.035826080,-0.030911324,-0.031722171,-8.972388618652,-8.972388618652,0.004914756,0.004103909
6337000000.000000,0.021160941,-0.021160941,-0.029777851,-0.030592837,-8.982729694471,-8.982729694471,-0.008616910,-0.009431896
6338000000.000000,0.028104129,-0.028104129,-0.028634679,-0.029453734,-8.993070770289,-8.993070770289,-0.000530550,-0.001349605
6339000000.000000,0.025130430,-0.025130430,-0.027482080,-0.028305135,-9.003411846107,-9.003411846107,-0.002351650,-0.003174705
6340000000.000000,0.021551931,-0.021551931,-0.026320333,-0.027147316,-9.013752921925,-9.013752921925,-0.004768402,-0.005595385
6341000000.000000,0.026552844,-0.026552844,-0.025149720,-0.025980559,-9.024093997743,-9.024093997743,0.001403124,0.000572285
6342000000.000000,0.023275081,-0.023275081,-0.023970529,-0.024805151,-9.034435073561,-9.034435073561,-0.000695448,-0.001530070
6343000000.000000,0.023533340,-0.023533340,-0.022783051,-0.023621381,-9.044776149379,-9.044776149379,0.000750289,-0.000088041
6344000000.000000,0.016581531,-0.016581531,-0.021587584,-0.022429546,-9.055117225197,-9.055117225197,-0.005006053,-0.005848015
6345000000.000000,0.024022332,-0.024022332,-0.020384428,-0.021229947,-9.065458301015,-9.065458301015,0.003637904,0.002792385
6346000000.000000,0.011984384,-0.011984384,-0.019173890,-0.020022887,-9.075799376833,-9.075799376833,-0.007189506,-0.008038503
6347000000.000000,0.021988269,-0.021988269,-0.017956281,-0.018808678,-9.086140452651,-9.086140452651,0.004031988,0.003179591
6348000000.000000,0.015157480,-0.015157480,-0.016731915,-0.017587632,-9.096481528469,-9.096481528469,-0.001574435,-0.002430152
6349000000.000000,0.017849248,-0.017849248,-0.015501112,-0.016360070,-9.106822604287,-9.106822604287,0.002348136,0.001489178
6350000000.000000,0.021159833,-0.021159833,-0.014264198,-0.015126314,-9.117163680105,-9.117163680105,0.006895635,0.006033519
6351000000.000000,0.018785330,-0.018785330,-0.013021501,-0.013886692,-9.127504755923,-9.127504755923,0.005763829,0.004898638
6352000000.000000,0.014032479,-0.014032479,-0.011773354,-0.012641538,-9.137845831742,-9.137845831742,0.002259125,0.001390941
6353000000.000000,0.013574030,-0.013574030,-0.010520097,-0.011391188,-9.148186907560,-9.148186907560,0.003053933,0.002182842
6354000000.000000,0.004626574,-0.004626574,-0.009262071,-0.010135983,-9.158527983378,-9.158527983378,-0.004635497,-0.005509409
6355000000.000000,-0.003567154,0.003567154,-0.007999623,-0.008876271,-9.168869059196,-9.168869059196,-0.011566777,-0.012443425
6356000000.000000,0.004024628,-0.004024628,-0.006733106,-0.007612401,-9.179210135014,-9.179210135014,-0.002708478,-0.003587773
6357000000.000000,0.004026634,-0.004026634,-0.005462875,-0.006344729,-9.189551210832,-9.189551210832,-0.001436241,-0.002318095
6358000000.000000,-0.002097837,0.002097837,-0.004189291,-0.005073614,-9.199892286650,-9.199892286650,-0.006287128,-0.007171451
6359000000.000000,-0.000600870,0.000600870,-0.002912719,-0.003799420,-9.210233362468,-9.210233362468,-0.003513589,-0.004400290
6360000000.000000,-0.001625249,0.001625249,-0.001633527,-0.002522515,-9.220574438286,-9.220574438286,-0.003258776,-0.004147764
6361000000.000000,0.001252243,-0.001252243,-0.000352089,-0.001243272,-9.230915514104,-9.230915514104,0.000900154,0.000008971
6362000000.000000,-0.006904295,0.006904295,0.000931217,0.000037933,-9.241256589922,-9.241256589922,-0.005973078,-0.006866362
6363000000.000000,-0.009491403,0.009491403,0.002216008,0.001320718,-9.251597665740,-9.251597665740,-0.007275395,-0.008170685
6364000000.000000,-0.006378838,0.006378838,0.003501900,0.002604699,-9.261938741558,-9.261938741558,-0.002876938,-0.003774139
6365000000.000000,-0.003623921,0.003623921,0.004788500,0.003889485,-9.272279817376,-9.272279817376,0.001164579,0.000265564
6366000000.000000,-0.008596811,0.008596811,0.006075415,0.005174682,-9.282620893194,-9.282620893194,-0.002521396,-0.003422129
6367000000.000000,-0.013217423,0.013217423,0.007362246,0.006459894,-9.292961969013,-9.292961969013,-0.005855177,-0.006757529
6368000000.000000,-0.018771060,0.018771060,0.008648589,0.007744717,-9.303303044831,-9.303303044831,-0.010122471,-0.011026343
6369000000.000000,-0.023478262,0.023478262,0.009934038,0.009028746,-9.313644120649,-9.313644120649,-0.013544224,-0.014449516
6370000000.000000,-0.021924952,0.021924952,0.011218181,0.010311570,-9.323985196467,-9.323985196467,-0.010706771,-0.011613382
6371000000.000000,-0.032545255,0.032545255,0.012500604,0.011592776,-9.334326272285,-9.334326272285,-0.020044651,-0.020952479
6372000000.000000,-0.031226796,0.031226796,0.013780887,0.012871945,-9.344667348103,-9.344667348103,-0.017445909,-0.018354851
6373000000.000000,-0.031241113,0.031241113,0.015058607,0.014148654,-9.355008423921,-9.355008423921,-0.016182506,-0.017092459
6374000000.000000,-0.024270477,0.024270477,0.016333338,0.015422479,-9.365349499739,-9.365349499739,-0.007937139,-0.008847998
6375000000.000000,-0.018656094,0.018656094,0.017604648,0.016692989,-9.375690575557,-9.375690575557,-0.001051446,-0.001963105
6376000000.000000,-0.020487440,0.020487440,0.018872103,0.017959750,-9.386031651375,-9.386031651375,-0.001615337,-0.002527690
6377000000.000000,-0.026404180,0.026404180,0.020135265,0.019222325,-9.396372727193,-9.396372727193,-0.006268915,-0.007181855
6378000000.000000,-0.025761605,0.025761605,0.021393691,0.020480272,-9.406713803011,-9.406713803011,-0.004367914,-0.005281333
6379000000.000000,-0.022633657,0.022633657,0.022646935,0.021733147,-9.417054878829,-9.417054878829,0.000013278,-0.000900510
6380000000.000000,-0.033891750,0.033891750,0.023894549,0.022980500,-9.427395954647,-9.427395954647,-0.009997201,-0.010911250
6381000000.000000,-0.026530217,0.026530217,0.025136078,0.024221880,-9.437737030465,-9.437737030465,-0.001394139,-0.002308337
6382000000.000000,-0.040281111,0.040281111,0.026371067,0.025456830,-9.448078106283,-9.448078106283,-0.013910044,-0.014824281
6383000000.000000,-0.029686514,0.029686514,0.027599054,0.026684892,-9.458419182102,-9.458419182102,-0.002087460,-0.003001622
6384000000.000000,-0.038451282,0.038451282,0.028819576,0.027905601,-9.468760257920,-9.468760257920,-0.009631706,-0.010545681
6385000000.000000,-0.036259010,0.036259010,0.030032165,0.029118492,-9.479101333738,-9.479101333738,-0.006226845,-0.007140518
6386000000.000000,-0.037550944,0.037550944,0.031236352,0.030323095,-9.489442409556,-9.489442409556,-0.006314592,-0.007227849
6387000000.000000,-0.035838347,0.035838347,0.032431662,0.031518936,-9.499783485374,-9.499783485374,-0.003406685,-0.004319411
6388000000.000000,-0.038188100,0.038188100,0.033617617,0.032705539,-9.510124561192,-9.510124561192,-0.004570483,-0.005482561
6389000000.000000,-0.053760805,0.053760805,0.034793737,0.033882424,-9.520465637010,-9.520465637010,-0.018967068,-0.019878381
6390000000.000000,-0.043649121,0.043649121,0.035959539,0.035049108,-9.530806712828,-9.530806712828,-0.007689582,-0.008600013
6391000000.000000,-0.052730973,0.052730973,0.037114534,0.036205105,-9.541147788646,-9.541147788646,-0.015616439,-0.016525868
6392000000.000000,-0.049119672,0.049119672,0.038258233,0.037349926,-9.551488864464,-9.551488864464,-0.010861439,-0.011769746
6393000000.000000,-0.056769624,0.056769624,0.039390143,0.038483077,-9.561829940282,-9.561829940282,-0.017379481,-0.018286547
6394000000.000000,-0.050204309,0.050204309,0.040509768,0.039604063,-9.572171016100,-9.572171016100,-0.009694541,-0.010600246
6395000000.000000,-0.045935442,0.045935442,0.041616607,0.040712387,-9.582512091918,-9.582512091918,-0.004318835,-0.005223055
6396000000.000000,-0.052390134,0.052390134,0.042710159,0.041807545,-9.592853167736,-9.592853167736,-0.009679975,-0.010582589
6397000000.000000,-0.044906338,0.044906338,0.043789919,0.042889035,-9.603194243555,-9.603194243555,-0.001116419,-0.002017303
6398000000.000000,-0.064381931,0.064381931,0.044855379,0.043956348,-9.613535319373,-9.613535319373,-0.019526552,-0.020425583
6399000000.000000,-0.057263259,0.057263259,0.045906028,0.045008975,-9.623876395191,-9.623876395191,-0.011357231,-0.012254284
6400000000.000000,-0.063610850,0.063610850,0.046941352,0.046046403,-9.634217471009,-9.634217471009,-0.016669498,-0.017564447
6401000000.000000,-0.057493129,0.057493129,0.047960836,0.047068116,-9.644558546827,-9.644558546827,-0.009532293,-0.010425013
6402000000.000000,-0.053821921,0.053821921,0.048963961,0.048073597,-9.654899622645,-9.654899622645,-0.004857960,-0.005748324
6403000000.000000,-0.064371807,0.064371807,0.049950205,0.049062325,-9.665240698463,-9.665240698463,-0.014421602,-0.015309482
6404000000.000000,-0.062655792,0.062655792,0.050919045,0.050033776,-9.675581774281,-9.675581774281,-0.011736747,-0.012622016
6405000000.000000,-0.070646152,0.070646152,0.051869954,0.050987426,-9.685922850099,-9.685922850099,-0.018776198,-0.019658726
6406000000.000000,-0.064192636,0.064192636,0.052802404,0.051922745,-9.696263925917,-9.696263925917,-0.011390232,-0.012269891
6407000000.000000,-0.064422654,0.064422654,0.053715863,0.052839204,-9.706605001735,-9.706605001735,-0.010706791,-0.011583450
6408000000.000000,-0.049207854,0.049207854,0.054609798,0.053736270,-9.716946077553,-9.716946077553,0.005401944,0.004528416
6409000000.000000,-0.062474203,0.062474203,0.055483673,0.054613407,-9.727287153371,-9.727287153371,-0.006990530,-0.007860796
6410000000.000000,-0.067990690,0.067990690,0.056336951,0.055470079,-9.737628229189,-9.737628229189,-0.011653739,-0.012520611
6411000000.000000,-0.061372314,0.061372314,0.057169092,0.056305747,-9.747969305007,-9.747969305007,-0.004203222,-0.005066567
6412000000.000000,-0.063983135,0.063983135,0.057979554,0.057119869,-9.758310380825,-9.758310380825,-0.006003581,-0.006863266
6413000000.000000,-0.066843281,0.066843281,0.058767792,0.057911901,-9.768651456644,-9.768651456644,-0.008075489,-0.008931380
6414000000.000000,-0.065203379,0.065203379,0.059533261,0.058681298,-9.778992532462,-9.778992532462,-0.005670118,-0.006522081
6415000000.000000,-0.060492923,0.060492923,0.060275413,0.059427513,-9.789333608280,-9.789333608280,-0.000217510,-0.001065410
6416000000.000000,-0.071091272,0.071091272,0.060993697,0.060149997,-9.799674684098,-9.799674684098,-0.010097575,-0.010941275
6417000000.000000,-0.071162664,0.071162664,0.061687563,0.060848198,-9.810015759916,-9.810015759916,-0.009475101,-0.010314466
6418000000.000000,-0.068973599,0.068973599,0.062356458,0.061521565,-9.820356835734,-9.820356835734,-0.006617141,-0.007452034
6419000000.000000,-0.072743359,0.072743359,0.062999826,0.062169543,-9.830697911552,-9.830697911552,-0.009743533,-0.010573816
6420000000.000000,-0.068005757,0.068005757,0.063617110,0.062791575,-9.841038987370,-9.841038987370,-0.004388647,-0.005214182
6421000000.000000,-0.068656663,0.068656663,0.064207754,0.063387105,-9.851380063188,-9.851380063188,-0.004448909,-0.005269558
6422000000.000000,-0.069739374,0.069739374,0.064771196,0.063955573,-9.861721139006,-9.861721139006,-0.004968178,-0.005783801
6423000000.000000,-0.063027112,0.063027112,0.065306877,0.064496419,-9.872062214824,-9.872062214824,0.002279765,0.001469307
6424000000.000000,-0.062792383,0.062792383,0.065814234,0.065009081,-9.882403290642,-9.882403290642,0.003021851,0.002216698
6425000000.000000,-0.070036427,0.070036427,0.066292704,0.065492997,-9.892744366460,-9.892744366460,-0.003743723,-0.004543430
6426000000.000000,-0.075016002,0.075016002,0.066741721,0.065947601,-9.903085442278,-9.903085442278,-0.008274281,-0.009068401
6427000000.000000,-0.077493817,0.077493817,0.067160719,0.066372328,-9.913426518096,-9.913426518096,-0.010333098,-0.011121489
6428000000.000000,-0.059175068,0.059175068,0.067549132,0.066766612,-9.923767593915,-9.923767593915,0.008374064,0.007591544
6429000000.000000,-0.075793679,0.075793679,0.067906390,0.067129885,-9.934108669733,-9.934108669733,-0.007887289,-0.008663794
6430000000.000000,-0.057537488,0.057537488,0.068231926,0.067461578,-9.944449745551,-9.944449745551,0.010694438,0.009924090
6431000000.000000,-0.077498802,0.077498802,0.068525169,0.067761122,-9.954790821369,-9.954790821369,-0.008973633,-0.009737680
6432000000.000000,-0.071528806,0.071528806,0.068785547,0.068027946,-9.965131897187,-9.965131897187,-0.002743259,-0.003500860
6433000000.000000,-0.062951076,0.062951076,0.069012490,0.068261479,-9.975472973005,-9.975472973005,0.006061414,0.005310403
6434000000.000000,-0.057460106,0.057460106,0.069205424,0.068461148,-9.985814048823,-9.985814048823,0.011745318,0.011001042
6435000000.000000,-0.069666751,0.069666751,0.069363776,0.068626382,-9.996155124641,-9.996155124641,-0.000302975,-0.001040369
6436000000.000000,-0.068956060,0.068956060,0.069486973,0.068756606,-10.006496200459,-10.006496200459,0.000530913,-0.000199454
6437000000.000000,-0.068823323,0.068823323,0.069574441,0.068851247,-10.016837276277,-10.016837276277,0.000751118,0.000027924
6438000000.000000,-0.070193392,0.070193392,0.069625603,0.068909731,-10.027178352095,-10.027178352095,-0.000567789,-0.001283661
6439000000.000000,-0.060485080,0.060485080,0.069639886,0.068931483,-10.037519427913,-10.037519427913,0.009154806,0.008446403
6440000000.000000,-0.063029791,0.063029791,0.069616714,0.068915927,-10.047860503731,-10.047860503731,0.006586923,0.005886136
6441000000.000000,-0.064605448,0.064605448,0.069555511,0.068862488,-10.058201579549,-10.058201579549,0.004950063,0.004257040
6442000000.000000,-0.057915500,0.057915500,0.069455701,0.068770591,-10.068542655367,-10.068542655367,0.011540201,0.010855091
6443000000.000000,-0.072893576,0.072893576,0.069316707,0.068639660,-10.078883731186,-10.078883731186,-0.003576869,-0.004253916
6444000000.000000,-0.060334933,0.060334933,0.069137954,0.068469119,-10.089224807004,-10.089224807004,0.008803021,0.008134186
6445000000.000000,-0.051632274,0.051632274,0.068918864,0.068258392,-10.099565882822,-10.099565882822,0.017286590,0.016626118
6446000000.000000,-0.052642612,0.052642612,0.068658863,0.068006903,-10.109906958640,-10.109906958640,0.016016251,0.015364291
6447000000.000000,-0.072611830,0.072611830,0.068357373,0.067714076,-10.120248034458,-10.120248034458,-0.004254457,-0.004897754
6448000000.000000,-0.059944706,0.059944706,0.068013820,0.067379337,-10.130589110276,-10.130589110276,0.008069114,0.007434631
6449000000.000000,-0.056782280,0.056782280,0.067627626,0.067002109,-10.140930186094,-10.140930186094,0.010845346,0.010219829
6450000000.000000,-0.059121389,0.059121389,0.067198217,0.066581818,-10.151271261912,-10.151271261912,0.008076828,0.007460429
6451000000.000000,-0.058608354,0.058608354,0.066725018,0.066117889,-10.161612337730,-10.161612337730,0.008116664,0.007509535
6452000000.000000,-0.053484233,0.053484233,0.066207454,0.065609748,-10.171953413548,-10.171953413548,0.012723221,0.012125515
6453000000.000000,-0.051608207,0.051608207,0.065644952,0.065056822,-10.182294489366,-10.182294489366,0.014036745,0.013448615
6454000000.000000,-0.059377108,0.059377108,0.065036937,0.064458536,-10.192635565184,-10.192635565184,0.005659829,0.005081428
6455000000.000000,-0.061097268,0.061097268,0.064382838,0.063814320,-10.202976641002,-10.202976641002,0.003285570,0.002717052
6456000000.000000,-0.056353775,0.056353775,0.063682082,0.063123600,-10.213317716820,-10.213317716820,0.007328307,0.006769825
6457000000.000000,-0.054198928,0.054198928,0.062934097,0.062385807,-10.223658792638,-10.223658792638,0.008735169,0.008186879
6458000000.000000,-0.062890074,0.062890074,0.062138315,0.061600371,-10.233999868457,-10.233999868457,-0.000751759,-0.001289703
6459000000.000000,-0.042161828,0.042161828,0.061294164,0.060766721,-10.244340944275,-10.244340944275,0.019132336,0.018604893
6460000000.000000,-0.053164942,0.053164942,0.060401078,0.059884291,-10.254682020093,-10.254682020093,0.007236136,0.006719349
6461000000.000000,-0.045454221,0.045454221,0.059458488,0.058952513,-10.265023095911,-10.265023095911,0.014004267,0.013498292
6462000000.000000,-0.039853629,0.039853629,0.058465828,0.057970821,-10.275364171729,-10.275364171729,0.018612199,0.018117192
6463000000.000000,-0.045782275,0.045782275,0.057422534,0.056938652,-10.285705247547,-10.285705247547,0.011640259,0.011156377
6464000000.000000,-0.038161771,0.038161771,0.056328042,0.055855440,-10.296046323365,-10.296046323365,0.018166271,0.017693669
6465000000.000000,-0.040360959,0.040360959,0.055181789,0.054720625,-10.306387399183,-10.306387399183,0.014820830,0.014359666
6466000000.000000,-0.049511069,0.049511069,0.053983215,0.053533646,-10.316728475001,-10.316728475001,0.004472146,0.004022577
6467000000.000000,-0.046950063,0.046950063,0.052731760,0.052293943,-10.327069550819,-10.327069550819,0.005781697,0.005343880
6468000000.000000,-0.036925753,0.036925753,0.051426866,0.051000959,-10.337410626637,-10.337410626637,0.014501113,0.014075206
6469000000.000000,-0.037865300,0.037865300,0.050067978,0.049654139,-10.347751702455,-10.347751702455,0.012202678,0.011788839
6470000000.000000,-0.039877030,0.039877030,0.048654541,0.048252928,-10.358092778273,-10.358092778273,0.008777511,0.008375898
6471000000.000000,-0.041288300,0.041288300,0.047186002,0.046796774,-10.368433854091,-10.368433854091,0.005897702,0.005508474
6472000000.000000,-0.040238257,0.040238257,0.045661810,0.045285126,-10.378774929909,-10.378774929909,0.005423553,0.005046869
6473000000.000000,-0.034658687,0.034658687,0.044081417,0.043717435,-10.389116005728,-10.389116005728,0.009422730,0.009058748
6474000000.000000,-0.029244306,0.029244306,0.042444275,0.042093155,-10.399457081546,-10.399457081546,0.013199969,0.012848849
6475000000.000000,-0.043694753,0.043694753,0.040749840,0.040411742,-10.409798157364,-10.409798157364,-0.002944913,-0.003283011
6476000000.000000,-0.034246282,0.034246282,0.038997570,0.038672653,-10.420139233182,-10.420139233182,0.004751288,0.004426371
6477000000.000000,-0.025000673,0.025000673,0.037186924,0.036875348,-10.430480309000,-10.430480309000,0.012186251,0.011874675
6478000000.000000,-0.035187750,0.035187750,0.035317363,0.035019289,-10.440821384818,-10.440821384818,0.000129613,-0.000168461
6479000000.000000,-0.026620798,0.026620798,0.033388352,0.033103940,-10.451162460636,-10.451162460636,0.006767554,0.006483142
6480000000.000000,-0.030880643,0.030880643,0.031399358,0.031128769,-10.461503536454,-10.461503536454,0.000518715,0.000248126
6481000000.000000,-0.027065200,0.027065200,0.029349849,0.029093245,-10.471844612272,-10.471844612272,0.002284649,0.002028045
6482000000.000000,-0.027068568,0.027068568,0.027239299,0.026996839,-10.482185688090,-10.482185688090,0.000170731,-0.000071729
6483000000.000000,-0.022594711,0.022594711,0.025067181,0.024839027,-10.492526763908,-10.492526763908,0.002472470,0.002244316
6484000000.000000,-0.024946861,0.024946861,0.022832972,0.022619286,-10.502867839726,-10.502867839726,-0.002113889,-0.002327575
6485000000.000000,-0.015206355,0.015206355,0.020536152,0.020337096,-10.513208915544,-10.513208915544,0.005329797,0.005130741
6486000000.000000,-0.022330603,0.022330603,0.018176205,0.017991941,-10.523549991362,-10.523549991362,-0.004154398,-0.004338662
6487000000.000000,-0.030639617,0.030639617,0.015752616,0.015583306,-10.533891067180,-10.533891067180,-0.014887001,-0.015056311
6488000000.000000,-0.003652032,0.003652032,0.013264874,0.013110681,-10.544232142999,-10.544232142999,0.009612842,0.009458649
6489000000.000000,-0.027630280,0.027630280,0.010712471,0.010573557,-10.554573218817,-10.554573218817,-0.016917809,-0.017056723
6490000000.000000,-0.015957576,0.015957576,0.008094903,0.007971431,-10.564914294635,-10.564914294635,-0.007862673,-0.007986145
6491000000.000000,0.002061139,-0.002061139,0.005411668,0.005303801,-10.575255370453,-10.575255370453,0.007472807,0.007364940
6492000000.000000,-0.006701194,0.006701194,0.002662268,0.002570168,-10.585596446271,-10.585596446271,-0.004038926,-0.004131026
6493000000.000000,-0.013075935,0.013075935,-0.000153792,-0.000229960,-10.595937522089,-10.595937522089,-0.013229727,-0.013305895
6494000000.000000,-0.021281402,0.021281402,-0.003037003,-0.003097076,-10.606278597907,-10.606278597907,-0.024318405,-0.024378478
6495000000.000000,0.001099311,-0.001099311,-0.005987852,-0.006031667,-10.616619673725,-10.616619673725,-0.004888541,-0.004932356
6496000000.000000,-0.010400934,0.010400934,-0.009006824,-0.009034216,-10.626960749543,-10.626960749543,-0.019407758,-0.019435150
6497000000.000000,0.015164751,-0.015164751,-0.012094398,-0.012105205,-10.637301825361,-10.637301825361,0.003070353,0.003059546
6498000000.000000,-0.006503704,0.006503704,-0.015251052,-0.015245107,-10.647642901179,-10.647642901179,-0.021754756,-0.021748811
6499000000.000000,-0.000696269,0.000696269,-0.018477256,-0.018454397,-10.657983976997,-10.657983976997,-0.019173525,-0.019150666
6500000000.000000,0.012691156,-0.012691156,-0.021773481,-0.021733543,-10.668325052815,-10.668325052815,-0.009082325,-0.009042387
