freq_hz,h1_db,h2_target_db,h2_float_db,h2_fixed_db,h2_float_phase_rad,h2_fixed_phase_rad,htotal_float_db,htotal_fixed_db
5500000000.000000,-0.277289155,0.277289155,0.263569212,0.262979036,-0.327249234749,-0.327249234749,-0.013719943,-0.014310119
5501000000.000000,-0.288613798,0.288613798,0.265304094,0.264698028,-0.337590310567,-0.337590310567,-0.023309704,-0.023915770
5502000000.000000,-0.270425438,0.270425438,0.266926197,0.266304223,-0.347931386385,-0.347931386385,-0.003499241,-0.004121215
5503000000.000000,-0.282910591,0.282910591,0.268437367,0.267799468,-0.358272462203,-0.358272462203,-0.014473224,-0.015111123
5504000000.000000,-0.264355900,0.264355900,0.269839428,0.269185588,-0.368613538021,-0.368613538021,0.005483528,0.004829688
5505000000.000000,-0.268307730,0.268307730,0.271134189,0.270464392,-0.378954613839,-0.378954613839,0.002826459,0.002156662
5506000000.000000,-0.270349037,0.270349037,0.272323441,0.271637673,-0.389295689657,-0.389295689657,0.001974404,0.001288636
5507000000.000000,-0.266387857,0.266387857,0.273408955,0.272707204,-0.399636765475,-0.399636765475,0.007021098,0.006319347
5508000000.000000,-0.270837720,0.270837720,0.274392488,0.273674741,-0.409977841293,-0.409977841293,0.003554768,0.002837021
5509000000.000000,-0.282109232,0.282109232,0.275275777,0.274542023,-0.420318917112,-0.420318917112,-0.006833455,-0.007567209
5510000000.000000,-0.279347177,0.279347177,0.276060543,0.275310773,-0.430659992930,-0.430659992930,-0.003286634,-0.004036404
5511000000.000000,-0.282183467,0.282183467,0.276748491,0.275982695,-0.441001068748,-0.441001068748,-0.005434976,-0.006200772
5512000000.000000,-0.274238040,0.274238040,0.277341308,0.276559478,-0.451342144566,-0.451342144566,0.003103268,0.002321438
5513000000.000000,-0.268435584,0.268435584,0.277840665,0.277042795,-0.461683220384,-0.461683220384,0.009405081,0.008607211
5514000000.000000,-0.264625948,0.264625948,0.278248216,0.277434300,-0.472024296202,-0.472024296202,0.013622268,0.012808352
5515000000.000000,-0.269087352,0.269087352,0.278565599,0.277735633,-0.482365372020,-0.482365372020,0.009478247,0.008648281
5516000000.000000,-0.275882906,0.275882906,0.278794436,0.277948418,-0.492706447838,-0.492706447838,0.002911530,0.002065512
5517000000.000000,-0.290128678,0.290128678,0.278936334,0.278074261,-0.503047523656,-0.503047523656,-0.011192344,-0.012054417
5518000000.000000,-0.275855476,0.275855476,0.278992883,0.278114755,-0.513388599474,-0.513388599474,0.003137407,0.002259279
5519000000.000000,-0.279627019,0.279627019,0.278965657,0.278071474,-0.523729675292,-0.523729675292,-0.000661362,-0.001555545
5520000000.000000,-0.283820076,0.283820076,0.278856216,0.277945979,-0.534070751110,-0.534070751110,-0.004963860,-0.005874097
5521000000.000000,-0.268122826,0.268122826,0.278666102,0.277739815,-0.544411826928,-0.544411826928,0.010543276,0.009616989
5522000000.000000,-0.265623792,0.265623792,0.278396845,0.277454511,-0.554752902746,-0.554752902746,0.012773053,0.011830719
5523000000.000000,-0.262693003,0.262693003,0.278049957,0.277091582,-0.565093978564,-0.565093978564,0.015356954,0.014398579
5524000000.000000,-0.267363811,0.267363811,0.277626936,0.276652528,-0.575435054383,-0.575435054383,0.010263125,0.009288717
5525000000.000000,-0.279729636,0.279729636,0.277129266,0.276138832,-0.585776130201,-0.585776130201,-0.002600370,-0.003590804
5526000000.000000,-0.265078886,0.265078886,0.276558414,0.275551963,-0.596117206019,-0.596117206019,0.011479528,0.010473077
5527000000.000000,-0.282855263,0.282855263,0.275915834,0.274893378,-0.606458281837,-0.606458281837,-0.006939429,-0.007961885
5528000000.000000,-0.259129128,0.259129128,0.275202966,0.274164516,-0.616799357655,-0.616799357655,0.016073838,0.015035388
5529000000.000000,-0.260809121,0.260809121,0.274421233,0.273366802,-0.627140433473,-0.627140433473,0.013612112,0.012557681
5530000000.000000,-0.262090203,0.262090203,0.273572045,0.272501649,-0.637481509291,-0.637481509291,0.011481842,0.010411446
5531000000.000000,-0.263385511,0.263385511,0.272656798,0.271570453,-0.647822585109,-0.647822585109,0.009271287,0.008184942
5532000000.000000,-0.275370289,0.275370289,0.271676874,0.270574598,-0.658163660927,-0.658163660927,-0.003693415,-0.004795691
5533000000.000000,-0.263885652,0.263885652,0.270633640,0.269515451,-0.668504736745,-0.668504736745,0.006747988,0.005629799
5534000000.000000,-0.273167100,0.273167100,0.269528450,0.268394368,-0.678845812563,-0.678845812563,-0.003638650,-0.004772732
5535000000.000000,-0.269097326,0.269097326,0.268362642,0.267212690,-0.689186888381,-0.689186888381,-0.000734684,-0.001884636
5536000000.000000,-0.264600840,0.264600840,0.267137542,0.265971743,-0.699527964199,-0.699527964199,0.002536702,0.001370903
5537000000.000000,-0.251291871,0.251291871,0.265854463,0.264672841,-0.709869040017,-0.709869040017,0.014562592,0.013380970
5538000000.000000,-0.255989539,0.255989539,0.264514702,0.263317284,-0.720210115835,-0.720210115835,0.008525163,0.007327745
5539000000.000000,-0.250698649,0.250698649,0.263119544,0.261906357,-0.730551191654,-0.730551191654,0.012420895,0.011207708
5540000000.000000,-0.251868440,0.251868440,0.261670261,0.260441334,-0.740892267472,-0.740892267472,0.009801821,0.008572894
5541000000.000000,-0.239465019,0.239465019,0.260168109,0.258923473,-0.751233343290,-0.751233343290,0.020703090,0.019458454
5542000000.000000,-0.248895056,0.248895056,0.258614334,0.257354021,-0.761574419108,-0.761574419108,0.009719278,0.008458965
5543000000.000000,-0.249784363,0.249784363,0.257010167,0.255734210,-0.771915494926,-0.771915494926,0.007225804,0.005949847
5544000000.000000,-0.240984917,0.240984917,0.255356824,0.254065260,-0.782256570744,-0.782256570744,0.014371907,0.013080343
5545000000.000000,-0.256745560,0.256745560,0.253655513,0.252348376,-0.792597646562,-0.792597646562,-0.003090047,-0.004397184
5546000000.000000,-0.255041654,0.255041654,0.251907423,0.250584753,-0.802938722380,-0.802938722380,-0.003134231,-0.004456901
5547000000.000000,-0.239353093,0.239353093,0.250113734,0.248775571,-0.813279798198,-0.813279798198,0.010760641,0.009422478
5548000000.000000,-0.238364614,0.238364614,0.248275612,0.246921997,-0.823620874016,-0.823620874016,0.009910998,0.008557383
5549000000.000000,-0.248435995,0.248435995,0.246394211,0.245025186,-0.833961949834,-0.833961949834,-0.002041784,-0.003410809
5550000000.000000,-0.240710116,0.240710116,0.244470670,0.243086280,-0.844303025652,-0.844303025652,0.003760554,0.002376164
5551000000.000000,-0.231130632,0.231130632,0.242506117,0.241106409,-0.854644101470,-0.854644101470,0.011375485,0.009975777
5552000000.000000,-0.236559294,0.236559294,0.240501668,0.239086688,-0.864985177288,-0.864985177288,0.003942374,0.002527394
5553000000.000000,-0.249102554,0.249102554,0.238458425,0.237028223,-0.875326253106,-0.875326253106,-0.010644129,-0.012074331
5554000000.000000,-0.244042373,0.244042373,0.236377478,0.234932105,-0.885667328925,-0.885667328925,-0.007664895,-0.009110268
5555000000.000000,-0.232906488,0.232906488,0.234259905,0.232799414,-0.896008404743,-0.896008404743,0.001353417,-0.000107074
5556000000.000000,-0.230767356,0.230767356,0.232106771,0.230631215,-0.906349480561,-0.906349480561,0.001339415,-0.000136141
5557000000.000000,-0.239881544,0.239881544,0.229919128,0.228428564,-0.916690556379,-0.916690556379,-0.009962416,-0.011452980
5558000000.000000,-0.244221551,0.244221551,0.227698019,0.226192504,-0.927031632197,-0.927031632197,-0.016523532,-0.018029047
5559000000.000000,-0.222810799,0.222810799,0.225444471,0.223924063,-0.937372708015,-0.937372708015,0.002633672,0.001113264
5560000000.000000,-0.239395342,0.239395342,0.223159501,0.221624262,-0.947713783833,-0.947713783833,-0.016235841,-0.017771080
5561000000.000000,-0.219010050,0.219010050,0.220844113,0.219294105,-0.958054859651,-0.958054859651,0.001834063,0.000284055
5562000000.000000,-0.240714146,0.240714146,0.218499299,0.216934586,-0.968395935469,-0.968395935469,-0.022214847,-0.023779560
5563000000.000000,-0.233071555,0.233071555,0.216126041,0.214546688,-0.978737011287,-0.978737011287,-0.016945514,-0.018524867
5564000000.000000,-0.211857664,0.211857664,0.213725306,0.212131381,-0.989078087105,-0.989078087105,0.001867642,0.000273717
5565000000.000000,-0.214273513,0.214273513,0.211298052,0.209689624,-0.999419162923,-0.999419162923,-0.002975461,-0.004583889
5566000000.000000,-0.215442781,0.215442781,0.208845223,0.207222362,-1.009760238741,-1.009760238741,-0.006597558,-0.008220419
5567000000.000000,-0.203829881,0.203829881,0.206367752,0.204730532,-1.020101314559,-1.020101314559,0.002537871,0.000900651
5568000000.000000,-0.198170340,0.198170340,0.203866561,0.202215055,-1.030442390377,-1.030442390377,0.005696221,0.004044715
5569000000.000000,-0.207461398,0.207461398,0.201342560,0.199676844,-1.040783466196,-1.040783466196,-0.006118838,-0.007784554
5570000000.000000,-0.192239035,0.192239035,0.198796648,0.197116799,-1.051124542014,-1.051124542014,0.006557613,0.004877764
5571000000.000000,-0.209084453,0.209084453,0.196229711,0.194535809,-1.061465617832,-1.061465617832,-0.012854742,-0.014548644
5572000000.000000,-0.202134485,0.202134485,0.193642624,0.191934750,-1.071806693650,-1.071806693650,-0.008491861,-0.010199735
5573000000.000000,-0.199370253,0.199370253,0.191036253,0.189314489,-1.082147769468,-1.082147769468,-0.008334000,-0.010055764
5574000000.000000,-0.195415129,0.195415129,0.188411448,0.186675879,-1.092488845286,-1.092488845286,-0.007003681,-0.008739250
5575000000.000000,-0.198725194,0.198725194,0.185769053,0.184019765,-1.102829921104,-1.102829921104,-0.012956141,-0.014705429
5576000000.000000,-0.184728924,0.184728924,0.183109897,0.181346977,-1.113170996922,-1.113170996922,-0.001619027,-0.003381947
5577000000.000000,-0.199798407,0.199798407,0.180434799,0.178658336,-1.123512072740,-1.123512072740,-0.019363608,-0.021140071
5578000000.000000,-0.186785922,0.186785922,0.177744566,0.175954653,-1.133853148558,-1.133853148558,-0.009041356,-0.010831269
5579000000.000000,-0.175182368,0.175182368,0.175039997,0.173236726,-1.144194224376,-1.144194224376,-0.000142371,-0.001945642
5580000000.000000,-0.177359530,0.177359530,0.172321876,0.170505342,-1.154535300194,-1.154535300194,-0.005037654,-0.006854188
5581000000.000000,-0.186707483,0.186707483,0.169590979,0.167761277,-1.164876376012,-1.164876376012,-0.017116504,-0.018946206
5582000000.000000,-0.171068819,0.171068819,0.166848069,0.165005298,-1.175217451830,-1.175217451830,-0.004220750,-0.006063521
5583000000.000000,-0.176249077,0.176249077,0.164093899,0.162238160,-1.185558527648,-1.185558527648,-0.012155178,-0.014010917
5584000000.000000,-0.166256625,0.166256625,0.161329212,0.159460605,-1.195899603467,-1.195899603467,-0.004927413,-0.006796020
5585000000.000000,-0.168554814,0.168554814,0.158554739,0.156673368,-1.206240679285,-1.206240679285,-0.010000075,-0.011881446
5586000000.000000,-0.153000983,0.153000983,0.155771201,0.153877171,-1.216581755103,-1.216581755103,0.002770218,0.000876188
5587000000.000000,-0.165229361,0.165229361,0.152979309,0.151072725,-1.226922830921,-1.226922830921,-0.012250052,-0.014156636
5588000000.000000,-0.152996456,0.152996456,0.150179761,0.148260733,-1.237263906739,-1.237263906739,-0.002816695,-0.004735723
5589000000.000000,-0.169298476,0.169298476,0.147373247,0.145441885,-1.247604982557,-1.247604982557,-0.021925229,-0.023856591
5590000000.000000,-0.145613208,0.145613208,0.144560445,0.142616861,-1.257946058375,-1.257946058375,-0.001052763,-0.002996347
5591000000.000000,-0.156327122,0.156327122,0.141742023,0.139786330,-1.268287134193,-1.268287134193,-0.014585099,-0.016540792
5592000000.000000,-0.147051693,0.147051693,0.138918640,0.136950954,-1.278628210011,-1.278628210011,-0.008133053,-0.010100739
5593000000.000000,-0.150991018,0.150991018,0.136090942,0.134111379,-1.288969285829,-1.288969285829,-0.014900076,-0.016879639
5594000000.000000,-0.156502315,0.156502315,0.133259568,0.131268247,-1.299310361647,-1.299310361647,-0.023242747,-0.025234068
5595000000.000000,-0.146475132,0.146475132,0.130425143,0.128422184,-1.309651437465,-1.309651437465,-0.016049989,-0.018052948
5596000000.000000,-0.132969212,0.132969212,0.127588285,0.125573811,-1.319992513283,-1.319992513283,-0.005380927,-0.007395401
5597000000.000000,-0.124088562,0.124088562,0.124749600,0.122723734,-1.330333589101,-1.330333589101,0.000661038,-0.001364828
5598000000.000000,-0.132292143,0.132292143,0.121909686,0.119872554,-1.340674664919,-1.340674664919,-0.010382457,-0.012419589
5599000000.000000,-0.104579567,0.104579567,0.119069129,0.117020857,-1.351015740738,-1.351015740738,0.014489562,0.012441290
5600000000.000000,-0.126084494,0.126084494,0.116228505,0.114169222,-1.361356816556,-1.361356816556,-0.009855989,-0.011915272
5601000000.000000,-0.110467370,0.110467370,0.113388382,0.111318219,-1.371697892374,-1.371697892374,0.002921012,0.000850849
5602000000.000000,-0.111908944,0.111908944,0.110549317,0.108468406,-1.382038968192,-1.382038968192,-0.001359627,-0.003440538
5603000000.000000,-0.119825555,0.119825555,0.107711857,0.105620332,-1.392380044010,-1.392380044010,-0.012113698,-0.014205223
5604000000.000000,-0.104741997,0.104741997,0.104876540,0.102774536,-1.402721119828,-1.402721119828,0.000134543,-0.001967461
5605000000.000000,-0.121974276,0.121974276,0.102043894,0.099931549,-1.413062195646,-1.413062195646,-0.019930382,-0.022042727
5606000000.000000,-0.106676174,0.106676174,0.099214438,0.097091890,-1.423403271464,-1.423403271464,-0.007461736,-0.009584284
5607000000.000000,-0.117405258,0.117405258,0.096388681,0.094256069,-1.433744347282,-1.433744347282,-0.021016577,-0.023149189
5608000000.000000,-0.107614147,0.107614147,0.093567122,0.091424589,-1.444085423100,-1.444085423100,-0.014047025,-0.016189558
5609000000.000000,-0.103032273,0.103032273,0.090750251,0.088597942,-1.454426498918,-1.454426498918,-0.012282022,-0.014434331
5610000000.000000,-0.092101265,0.092101265,0.087938550,0.085776608,-1.464767574736,-1.464767574736,-0.004162715,-0.006324657
5611000000.000000,-0.068880433,0.068880433,0.085132489,0.082961063,-1.475108650554,-1.475108650554,0.016252056,0.014080630
5612000000.000000,-0.090192543,0.090192543,0.082332532,0.080151769,-1.485449726372,-1.485449726372,-0.007860011,-0.010040774
5613000000.000000,-0.078084504,0.078084504,0.079539132,0.077349181,-1.495790802190,-1.495790802190,0.001454628,-0.000735323
5614000000.000000,-0.095993699,0.095993699,0.076752732,0.074553746,-1.506131878008,-1.506131878008,-0.019240967,-0.021439953
5615000000.000000,-0.094448469,0.094448469,0.073973769,0.071765901,-1.516472953827,-1.516472953827,-0.020474700,-0.022682568
5616000000.000000,-0.083138630,0.083138630,0.071202668,0.068986072,-1.526814029645,-1.526814029645,-0.011935962,-0.014152558
5617000000.000000,-0.088056057,0.088056057,0.068439846,0.066214679,-1.537155105463,-1.537155105463,-0.019616211,-0.021841378
5618000000.000000,-0.046793514,0.046793514,0.065685713,0.063452132,-1.547496181281,-1.547496181281,0.018892199,0.016658618
5619000000.000000,-0.059454085,0.059454085,0.062940668,0.060698833,-1.557837257099,-1.557837257099,0.003486583,0.001244748
5620000000.000000,-0.067926996,0.067926996,0.060205102,0.057955174,-1.568178332917,-1.568178332917,-0.007721894,-0.009971822
5621000000.000000,-0.079514242,0.079514242,0.057479398,0.055221538,-1.578519408735,-1.578519408735,-0.022034844,-0.024292704
5622000000.000000,-0.047639852,0.047639852,0.054763930,0.052498302,-1.588860484553,-1.588860484553,0.007124078,0.004858450
5623000000.000000,-0.062024412,0.062024412,0.052059063,0.049785833,-1.599201560371,-1.599201560371,-0.009965349,-0.012238579
5624000000.000000,-0.053323635,0.053323635,0.049365154,0.047084489,-1.609542636189,-1.609542636189,-0.003958481,-0.006239146
5625000000.000000,-0.069078904,0.069078904,0.046682552,0.044394619,-1.619883712007,-1.619883712007,-0.022396352,-0.024684285
5626000000.000000,-0.049184749,0.049184749,0.044011597,0.041716567,-1.630224787825,-1.630224787825,-0.005173152,-0.007468182
5627000000.000000,-0.041855007,0.041855007,0.041352622,0.039050666,-1.640565863643,-1.640565863643,-0.000502385,-0.002804341
5628000000.000000,-0.052916698,0.052916698,0.038705951,0.036397241,-1.650906939461,-1.650906939461,-0.014210747,-0.016519457
5629000000.000000,-0.023104083,0.023104083,0.036071900,0.033756609,-1.661248015280,-1.661248015280,0.012967817,0.010652526
5630000000.000000,-0.023957023,0.023957023,0.033450776,0.031129081,-1.671589091098,-1.671589091098,0.009493753,0.007172058
5631000000.000000,-0.042577216,0.042577216,0.030842880,0.028514957,-1.681930166916,-1.681930166916,-0.011734336,-0.014062259
5632000000.000000,-0.041336765,0.041336765,0.028248505,0.025914532,-1.692271242734,-1.692271242734,-0.013088260,-0.015422233
5633000000.000000,-0.041079864,0.041079864,0.025667934,0.023328090,-1.702612318552,-1.702612318552,-0.015411930,-0.017751774
5634000000.000000,-0.030718867,0.030718867,0.023101444,0.020755911,-1.712953394370,-1.712953394370,-0.007617423,-0.009962956
5635000000.000000,-0.026537086,0.026537086,0.020549305,0.018198265,-1.723294470188,-1.723294470188,-0.005987781,-0.008338821
5636000000.000000,-0.008112055,0.008112055,0.018011778,0.015655413,-1.733635546006,-1.733635546006,0.009899723,0.007543358
5637000000.000000,-0.003820536,0.003820536,0.015489117,0.013127613,-1.743976621824,-1.743976621824,0.011668581,0.009307077
5638000000.000000,-0.016654595,0.016654595,0.012981569,0.010615111,-1.754317697642,-1.754317697642,-0.003673026,-0.006039484
5639000000.000000,-0.017960912,0.017960912,0.010489372,0.008118149,-1.764658773460,-1.764658773460,-0.007471540,-0.009842763
5640000000.000000,-0.007481588,0.007481588,0.008012760,0.005636958,-1.774999849278,-1.774999849278,0.000531172,-0.001844630
5641000000.000000,0.005962135,-0.005962135,0.005551956,0.003171767,-1.785340925096,-1.785340925096,0.011514091,0.009133902
5642000000.000000,0.007371898,-0.007371898,0.003107179,0.000722793,-1.795682000914,-1.795682000914,0.010479077,0.008094691
5643000000.000000,0.001747540,-0.001747540,0.000678638,-0.001709752,-1.806023076732,-1.806023076732,0.002426178,0.000037788
5644000000.000000,0.009457199,-0.009457199,-0.001733461,-0.004125663,-1.816364152551,-1.816364152551,0.007723738,0.005331536
5645000000.000000,0.021590788,-0.021590788,-0.004128924,-0.006524741,-1.826705228369,-1.826705228369,0.017461864,0.015066047
5646000000.000000,0.011838687,-0.011838687,-0.006507558,-0.008906797,-1.837046304187,-1.837046304187,0.005331129,0.002931890
5647000000.000000,0.007441777,-0.007441777,-0.008869182,-0.011271645,-1.847387380005,-1.847387380005,-0.001427405,-0.003829868
5648000000.000000,-0.000693231,0.000693231,-0.011213619,-0.013619107,-1.857728455823,-1.857728455823,-0.011906850,-0.014312338
5649000000.000000,0.012012352,-0.012012352,-0.013540699,-0.015949014,-1.868069531641,-1.868069531641,-0.001528347,-0.003936662
5650000000.000000,0.009549615,-0.009549615,-0.015850259,-0.018261200,-1.878410607459,-1.878410607459,-0.006300644,-0.008711585
5651000000.000000,0.026823949,-0.026823949,-0.018142141,-0.020555507,-1.888751683277,-1.888751683277,0.008681808,0.006268442
5652000000.000000,0.016890418,-0.016890418,-0.020416195,-0.022831784,-1.899092759095,-1.899092759095,-0.003525777,-0.005941366
5653000000.000000,0.013939529,-0.013939529,-0.022672276,-0.025089884,-1.909433834913,-1.909433834913,-0.008732747,-0.011150355
5654000000.000000,0.037792511,-0.037792511,-0.024910247,-0.027329670,-1.919774910731,-1.919774910731,0.012882264,0.010462841
5655000000.000000,0.030679739,-0.030679739,-0.027129976,-0.029551007,-1.930115986549,-1.930115986549,0.003549763,0.001128732
5656000000.000000,0.050843089,-0.050843089,-0.029331335,-0.031753770,-1.940457062367,-1.940457062367,0.021511754,0.019089319
5657000000.000000,0.031588361,-0.031588361,-0.031514206,-0.033937836,-1.950798138185,-1.950798138185,0.000074155,-0.002349475
5658000000.000000,0.034338653,-0.034338653,-0.033678475,-0.036103092,-1.961139214003,-1.961139214003,0.000660178,-0.001764439
5659000000.000000,0.058027159,-0.058027159,-0.035824032,-0.038249427,-1.971480289821,-1.971480289821,0.022203127,0.019777732
5660000000.000000,0.059829665,-0.059829665,-0.037950776,-0.040376738,-1.981821365640,-1.981821365640,0.021878889,0.019452927
5661000000.000000,0.038111788,-0.038111788,-0.040058609,-0.042484928,-1.992162441458,-1.992162441458,-0.001946821,-0.004373140
5662000000.000000,0.030888064,-0.030888064,-0.042147440,-0.044573903,-2.002503517276,-2.002503517276,-0.011259376,-0.013685839
5663000000.000000,0.055919527,-0.055919527,-0.044217184,-0.046643578,-2.012844593094,-2.012844593094,0.011702343,0.009275949
5664000000.000000,0.054829313,-0.054829313,-0.046267759,-0.048693871,-2.023185668912,-2.023185668912,0.008561554,0.006135442
5665000000.000000,0.054511599,-0.054511599,-0.048299091,-0.050724706,-2.033526744730,-2.033526744730,0.006212508,0.003786893
5666000000.000000,0.065670559,-0.065670559,-0.050311110,-0.052736013,-2.043867820548,-2.043867820548,0.015359449,0.012934546
5667000000.000000,0.062464102,-0.062464102,-0.052303750,-0.054727725,-2.054208896366,-2.054208896366,0.010160352,0.007736377
5668000000.000000,0.070351932,-0.070351932,-0.054276954,-0.056699783,-2.064549972184,-2.064549972184,0.016074978,0.013652149
5669000000.000000,0.070652948,-0.070652948,-0.056230665,-0.058652131,-2.074891048002,-2.074891048002,0.014422283,0.012000817
5670000000.000000,0.049161157,-0.049161157,-0.058164834,-0.060584719,-2.085232123820,-2.085232123820,-0.009003677,-0.011423562
5671000000.000000,0.077688908,-0.077688908,-0.060079417,-0.062497502,-2.095573199638,-2.095573199638,0.017609491,0.015191406
5672000000.000000,0.073053782,-0.073053782,-0.061974373,-0.064390438,-2.105914275456,-2.105914275456,0.011079409,0.008663344
5673000000.000000,0.078496286,-0.078496286,-0.063849667,-0.066263492,-2.116255351274,-2.116255351274,0.014646619,0.012232794
5674000000.000000,0.082740558,-0.082740558,-0.065705269,-0.068116632,-2.126596427092,-2.126596427092,0.017035289,0.014623926
5675000000.000000,0.083176206,-0.083176206,-0.067541152,-0.069949832,-2.136937502911,-2.136937502911,0.015635054,0.013226374
5676000000.000000,0.083406466,-0.083406466,-0.069357294,-0.071763069,-2.147278578729,-2.147278578729,0.014049172,0.011643397
5677000000.000000,0.083540437,-0.083540437,-0.071153679,-0.073556325,-2.157619654547,-2.157619654547,0.012386758,0.009984112
5678000000.000000,0.075190586,-0.075190586,-0.072930293,-0.075329587,-2.167960730365,-2.167960730365,0.002260293,-0.000139001
5679000000.000000,0.092058874,-0.092058874,-0.074687127,-0.077082845,-2.178301806183,-2.178301806183,0.017371747,0.014976029
5680000000.000000,0.086039940,-0.086039940,-0.076424176,-0.078816094,-2.188642882001,-2.188642882001,0.009615764,0.007223846
5681000000.000000,0.100707145,-0.100707145,-0.078141441,-0.080529333,-2.198983957819,-2.198983957819,0.022565704,0.020177812
5682000000.000000,0.090590069,-0.090590069,-0.079838924,-0.082222565,-2.209325033637,-2.209325033637,0.010751145,0.008367504
5683000000.000000,0.093438975,-0.093438975,-0.081516633,-0.083895797,-2.219666109455,-2.219666109455,0.011922342,0.009543178
5684000000.000000,0.086678279,-0.086678279,-0.083174579,-0.085549040,-2.230007185273,-2.230007185273,0.003503700,0.001129239
5685000000.000000,0.095709949,-0.095709949,-0.084812776,-0.087182307,-2.240348261091,-2.240348261091,0.010897173,0.008527642
5686000000.000000,0.106449272,-0.106449272,-0.086431244,-0.088795617,-2.250689336909,-2.250689336909,0.020018028,0.017653655
5687000000.000000,0.102355848,-0.102355848,-0.088030004,-0.090388992,-2.261030412727,-2.261030412727,0.014325844,0.011966856
5688000000.000000,0.126694207,-0.126694207,-0.089609082,-0.091962457,-2.271371488545,-2.271371488545,0.037085125,0.034731750
5689000000.000000,0.103424584,-0.103424584,-0.091168507,-0.093516040,-2.281712564363,-2.281712564363,0.012256077,0.009908544
5690000000.000000,0.105173196,-0.105173196,-0.092708311,-0.095049775,-2.292053640182,-2.292053640182,0.012464885,0.010123421
5691000000.000000,0.108084397,-0.108084397,-0.094228531,-0.096563696,-2.302394716000,-2.302394716000,0.013855866,0.011520701
5692000000.000000,0.122617647,-0.122617647,-0.095729206,-0.098057841,-2.312735791818,-2.312735791818,0.026888441,0.024559806
5693000000.000000,0.117422096,-0.117422096,-0.097210376,-0.099532254,-2.323076867636,-2.323076867636,0.020211720,0.017889842
5694000000.000000,0.110078097,-0.110078097,-0.098672088,-0.100986979,-2.333417943454,-2.333417943454,0.011406009,0.009091118
5695000000.000000,0.115672309,-0.115672309,-0.100114390,-0.102422063,-2.343759019272,-2.343759019272,0.015557919,0.013250246
5696000000.000000,0.106826590,-0.106826590,-0.101537332,-0.103837558,-2.354100095090,-2.354100095090,0.005289258,0.002989032
5697000000.000000,0.140715036,-0.140715036,-0.102940969,-0.105233517,-2.364441170908,-2.364441170908,0.037774067,0.035481519
5698000000.000000,0.125414849,-0.125414849,-0.104325357,-0.106609997,-2.374782246726,-2.374782246726,0.021089492,0.018804852
5699000000.000000,0.114030666,-0.114030666,-0.105690556,-0.107967058,-2.385123322544,-2.385123322544,0.008340110,0.006063608
5700000000.000000,0.125380296,-0.125380296,-0.107036628,-0.109304760,-2.395464398362,-2.395464398362,0.018343668,0.016075536
5701000000.000000,0.115207359,-0.115207359,-0.108363636,-0.110623168,-2.405805474180,-2.405805474180,0.006843723,0.004584191
5702000000.000000,0.125983130,-0.125983130,-0.109671649,-0.111922350,-2.416146549998,-2.416146549998,0.016311481,0.014060780
5703000000.000000,0.123828183,-0.123828183,-0.110960735,-0.113202374,-2.426487625816,-2.426487625816,0.012867448,0.010625809
5704000000.000000,0.134210063,-0.134210063,-0.112230966,-0.114463312,-2.436828701634,-2.436828701634,0.021979097,0.019746751
5705000000.000000,0.119616862,-0.119616862,-0.113482417,-0.115705239,-2.447169777453,-2.447169777453,0.006134445,0.003911623
5706000000.000000,0.120971346,-0.120971346,-0.114715162,-0.116928231,-2.457510853271,-2.457510853271,0.006256184,0.004043115
5707000000.000000,0.148163775,-0.148163775,-0.115929282,-0.118132365,-2.467851929089,-2.467851929089,0.032234493,0.030031410
5708000000.000000,0.139826148,-0.139826148,-0.117124855,-0.119317722,-2.478193004907,-2.478193004907,0.022701293,0.020508426
5709000000.000000,0.135636477,-0.135636477,-0.118301964,-0.120484384,-2.488534080725,-2.488534080725,0.017334513,0.015152093
5710000000.000000,0.139452692,-0.139452692,-0.119460694,-0.121632437,-2.498875156543,-2.498875156543,0.019991998,0.017820255
5711000000.000000,0.156063365,-0.156063365,-0.120601131,-0.122761966,-2.509216232361,-2.509216232361,0.035462234,0.033301399
5712000000.000000,0.145970840,-0.145970840,-0.121723361,-0.123873058,-2.519557308179,-2.519557308179,0.024247479,0.022097782
5713000000.000000,0.135631881,-0.135631881,-0.122827476,-0.124965805,-2.529898383997,-2.529898383997,0.012804405,0.010666076
5714000000.000000,0.144587221,-0.144587221,-0.123913566,-0.126040296,-2.540239459815,-2.540239459815,0.020673655,0.018546925
5715000000.000000,0.138827584,-0.138827584,-0.124981723,-0.127096626,-2.550580535633,-2.550580535633,0.013845861,0.011730958
5716000000.000000,0.136768863,-0.136768863,-0.126032043,-0.128134888,-2.560921611451,-2.560921611451,0.010736820,0.008633975
5717000000.000000,0.143717304,-0.143717304,-0.127064621,-0.129155179,-2.571262687269,-2.571262687269,0.016652683,0.014562125
5718000000.000000,0.152866988,-0.152866988,-0.128079554,-0.130157596,-2.581603763087,-2.581603763087,0.024787434,0.022709392
5719000000.000000,0.169967532,-0.169967532,-0.129076940,-0.131142238,-2.591944838905,-2.591944838905,0.040890592,0.038825294
5720000000.000000,0.135800336,-0.135800336,-0.130056879,-0.132109205,-2.602285914724,-2.602285914724,0.005743457,0.003691131
5721000000.000000,0.150662713,-0.150662713,-0.131019472,-0.133058597,-2.612626990542,-2.612626990542,0.019643241,0.017604116
5722000000.000000,0.128213047,-0.128213047,-0.131964822,-0.133990518,-2.622968066360,-2.622968066360,-0.003751775,-0.005777471
5723000000.000000,0.134809677,-0.134809677,-0.132893030,-0.134905071,-2.633309142178,-2.633309142178,0.001916647,-0.000095394
5724000000.000000,0.161266545,-0.161266545,-0.133804202,-0.135802360,-2.643650217996,-2.643650217996,0.027462343,0.025464185
5725000000.000000,0.151309005,-0.151309005,-0.134698442,-0.136682491,-2.653991293814,-2.653991293814,0.016610563,0.014626514
5726000000.000000,0.146077151,-0.146077151,-0.135575857,-0.137545570,-2.664332369632,-2.664332369632,0.010501294,0.008531581
5727000000.000000,0.151610300,-0.151610300,-0.136436553,-0.138391705,-2.674673445450,-2.674673445450,0.015173747,0.013218595
5728000000.000000,0.139148470,-0.139148470,-0.137280637,-0.139221003,-2.685014521268,-2.685014521268,0.001867833,-0.000072533
5729000000.000000,0.156540802,-0.156540802,-0.138108219,-0.140033574,-2.695355597086,-2.695355597086,0.018432583,0.016507228
5730000000.000000,0.141075850,-0.141075850,-0.138919407,-0.140829527,-2.705696672904,-2.705696672904,0.002156443,0.000246323
5731000000.000000,0.137027023,-0.137027023,-0.139714310,-0.141608972,-2.716037748722,-2.716037748722,-0.002687287,-0.004581949
5732000000.000000,0.154937746,-0.154937746,-0.140493039,-0.142372020,-2.726378824540,-2.726378824540,0.014444707,0.012565726
5733000000.000000,0.143525605,-0.143525605,-0.141255705,-0.143118781,-2.736719900358,-2.736719900358,0.002269900,0.000406824
5734000000.000000,0.149573336,-0.149573336,-0.142002418,-0.143849369,-2.747060976176,-2.747060976176,0.007570918,0.005723967
5735000000.000000,0.144986585,-0.144986585,-0.142733291,-0.144563894,-2.757402051995,-2.757402051995,0.002253294,0.000422691
5736000000.000000,0.154668301,-0.154668301,-0.143448434,-0.145262470,-2.767743127813,-2.767743127813,0.011219867,0.009405831
5737000000.000000,0.140748963,-0.140748963,-0.144147961,-0.145945209,-2.778084203631,-2.778084203631,-0.003398998,-0.005196246
5738000000.000000,0.143592544,-0.143592544,-0.144831983,-0.146612224,-2.788425279449,-2.788425279449,-0.001239439,-0.003019680
5739000000.000000,0.152981810,-0.152981810,-0.145500613,-0.147263629,-2.798766355267,-2.798766355267,0.007481197,0.005718181
5740000000.000000,0.166186182,-0.166186182,-0.146153964,-0.147899536,-2.809107431085,-2.809107431085,0.020032218,0.018286646
5741000000.000000,0.147946415,-0.147946415,-0.146792148,-0.148520061,-2.819448506903,-2.819448506903,0.001154267,-0.000573646
5742000000.000000,0.145098063,-0.145098063,-0.147415280,-0.149125315,-2.829789582721,-2.829789582721,-0.002317217,-0.004027252
5743000000.000000,0.149992876,-0.149992876,-0.148023470,-0.149715414,-2.840130658539,-2.840130658539,0.001969406,0.000277462
5744000000.000000,0.134245130,-0.134245130,-0.148616833,-0.150290470,-2.850471734357,-2.850471734357,-0.014371703,-0.016045340
5745000000.000000,0.142204440,-0.142204440,-0.149195482,-0.150850597,-2.860812810175,-2.860812810175,-0.006991042,-0.008646157
5746000000.000000,0.133524616,-0.133524616,-0.149759528,-0.151395908,-2.871153885993,-2.871153885993,-0.016234912,-0.017871292
5747000000.000000,0.140516858,-0.140516858,-0.150309084,-0.151926518,-2.881494961811,-2.881494961811,-0.009792226,-0.011409660
5748000000.000000,0.147945138,-0.147945138,-0.150844262,-0.152442539,-2.891836037629,-2.891836037629,-0.002899124,-0.004497401
5749000000.000000,0.147243453,-0.147243453,-0.151365175,-0.152944084,-2.902177113447,-2.902177113447,-0.004121722,-0.005700631
5750000000.000000,0.146253960,-0.146253960,-0.151871935,-0.153431265,-2.912518189266,-2.912518189266,-0.005617975,-0.007177305
5751000000.000000,0.135811940,-0.135811940,-0.152364651,-0.153904195,-2.922859265084,-2.922859265084,-0.016552711,-0.018092255
5752000000.000000,0.132432768,-0.132432768,-0.152843437,-0.154362986,-2.933200340902,-2.933200340902,-0.020410669,-0.021930218
5753000000.000000,0.155530093,-0.155530093,-0.153308401,-0.154807749,-2.943541416720,-2.943541416720,0.002221692,0.000722344
5754000000.000000,0.132416744,-0.132416744,-0.153759654,-0.155238595,-2.953882492538,-2.953882492538,-0.021342910,-0.022821851
5755000000.000000,0.148367075,-0.148367075,-0.154197306,-0.155655635,-2.964223568356,-2.964223568356,-0.005830231,-0.007288560
5756000000.000000,0.164920137,-0.164920137,-0.154621466,-0.156058979,-2.974564644174,-2.974564644174,0.010298671,0.008861158
5757000000.000000,0.142691797,-0.142691797,-0.155032242,-0.156448737,-2.984905719992,-2.984905719992,-0.012340445,-0.013756940
5758000000.000000,0.145196591,-0.145196591,-0.155429743,-0.156825018,-2.995246795810,-2.995246795810,-0.010233152,-0.011628427
5759000000.000000,0.153316671,-0.153316671,-0.155814075,-0.157187929,-3.005587871628,-3.005587871628,-0.002497404,-0.003871258
5760000000.000000,0.153134308,-0.153134308,-0.156185345,-0.157537579,-3.015928947446,-3.015928947446,-0.003051037,-0.004403271
5761000000.000000,0.139980114,-0.139980114,-0.156543658,-0.157874074,-3.026270023264,-3.026270023264,-0.016563544,-0.017893960
5762000000.000000,0.163753464,-0.163753464,-0.156889121,-0.158197521,-3.036611099082,-3.036611099082,0.006864343,0.005555943
5763000000.000000,0.161620334,-0.161620334,-0.157221838,-0.158508026,-3.046952174900,-3.046952174900,0.004398496,0.003112308
5764000000.000000,0.129053218,-0.129053218,-0.157541912,-0.158805693,-3.057293250718,-3.057293250718,-0.028488694,-0.029752475
5765000000.000000,0.135272575,-0.135272575,-0.157849445,-0.159090626,-3.067634326537,-3.067634326537,-0.022576870,-0.023818051
5766000000.000000,0.137225434,-0.137225434,-0.158144541,-0.159362928,-3.077975402355,-3.077975402355,-0.020919107,-0.022137494
5767000000.000000,0.128489564,-0.128489564,-0.158427299,-0.159622702,-3.088316478173,-3.088316478173,-0.029937735,-0.031133138
5768000000.000000,0.139876915,-0.139876915,-0.158697820,-0.159870049,-3.098657553991,-3.098657553991,-0.018820905,-0.019993134
5769000000.000000,0.125504327,-0.125504327,-0.158956204,-0.160105069,-3.108998629809,-3.108998629809,-0.033451877,-0.034600742
5770000000.000000,0.138395167,-0.138395167,-0.159202548,-0.160327862,-3.119339705627,-3.119339705627,-0.020807381,-0.021932695
5771000000.000000,0.126254952,-0.126254952,-0.159436950,-0.160538526,-3.129680781445,-3.129680781445,-0.033181998,-0.034283574
5772000000.000000,0.136662111,-0.136662111,-0.159659506,-0.160737160,-3.140021857263,-3.140021857263,-0.022997395,-0.024075049
5773000000.000000,0.140350949,-0.140350949,-0.159870311,-0.160923859,-3.150362933081,-3.150362933081,-0.019519362,-0.020572910
5774000000.000000,0.137814819,-0.137814819,-0.160069460,-0.161098719,-3.160704008899,-3.160704008899,-0.022254641,-0.023283900
5775000000.000000,0.144676391,-0.144676391,-0.160257045,-0.161261834,-3.171045084717,-3.171045084717,-0.015580654,-0.016585443
5776000000.000000,0.120127240,-0.120127240,-0.160433159,-0.161413299,-3.181386160535,-3.181386160535,-0.040305919,-0.041286059
5777000000.000000,0.127302251,-0.127302251,-0.160597893,-0.161553205,-3.191727236353,-3.191727236353,-0.033295642,-0.034250954
5778000000.000000,0.136840054,-0.136840054,-0.160751335,-0.161681643,-3.202068312171,-3.202068312171,-0.023911281,-0.024841589
5779000000.000000,0.120810990,-0.120810990,-0.160893576,-0.161798703,-3.212409387989,-3.212409387989,-0.040082586,-0.040987713
5780000000.000000,0.139632985,-0.139632985,-0.161024701,-0.161904475,-3.222750463808,-3.222750463808,-0.021391716,-0.022271490
5781000000.000000,0.132613913,-0.132613913,-0.161144799,-0.161999046,-3.233091539626,-3.233091539626,-0.028530886,-0.029385133
5782000000.000000,0.138201292,-0.138201292,-0.161253952,-0.162082502,-3.243432615444,-3.243432615444,-0.023052660,-0.023881210
5783000000.000000,0.154563118,-0.154563118,-0.161352246,-0.162154929,-3.253773691262,-3.253773691262,-0.006789128,-0.007591811
5784000000.000000,0.127033545,-0.127033545,-0.161439764,-0.162216410,-3.264114767080,-3.264114767080,-0.034406219,-0.035182865
5785000000.000000,0.121026035,-0.121026035,-0.161516585,-0.162267030,-3.274455842898,-3.274455842898,-0.040490550,-0.041240995
5786000000.000000,0.135259449,-0.135259449,-0.161582791,-0.162306869,-3.284796918716,-3.284796918716,-0.026323342,-0.027047420
5787000000.000000,0.121852110,-0.121852110,-0.161638461,-0.162336007,-3.295137994534,-3.295137994534,-0.039786351,-0.040483897
5788000000.000000,0.133640492,-0.133640492,-0.161683671,-0.162354524,-3.305479070352,-3.305479070352,-0.028043179,-0.028714032
5789000000.000000,0.144667925,-0.144667925,-0.161718498,-0.162362498,-3.315820146170,-3.315820146170,-0.017050573,-0.017694573
5790000000.000000,0.139311002,-0.139311002,-0.161743017,-0.162360005,-3.326161221988,-3.326161221988,-0.022432015,-0.023049003
5791000000.000000,0.127655069,-0.127655069,-0.161757302,-0.162347121,-3.336502297806,-3.336502297806,-0.034102233,-0.034692052
5792000000.000000,0.129473898,-0.129473898,-0.161761424,-0.162323918,-3.346843373624,-3.346843373624,-0.032287526,-0.032850020
5793000000.000000,0.121227544,-0.121227544,-0.161755456,-0.162290471,-3.357184449442,-3.357184449442,-0.040527912,-0.041062927
5794000000.000000,0.133517796,-0.133517796,-0.161739465,-0.162246849,-3.367525525260,-3.367525525260,-0.028221669,-0.028729053
5795000000.000000,0.137584048,-0.137584048,-0.161713522,-0.162193124,-3.377866601079,-3.377866601079,-0.024129474,-0.024609076
5796000000.000000,0.151881074,-0.151881074,-0.161677693,-0.162129363,-3.388207676897,-3.388207676897,-0.009796619,-0.010248289
5797000000.000000,0.129653887,-0.129653887,-0.161632042,-0.162055634,-3.398548752715,-3.398548752715,-0.031978155,-0.032401747
5798000000.000000,0.137694805,-0.137694805,-0.161576635,-0.161972003,-3.408889828533,-3.408889828533,-0.023881830,-0.024277198
5799000000.000000,0.114188196,-0.114188196,-0.161511535,-0.161878534,-3.419230904351,-3.419230904351,-0.047323339,-0.047690338
5800000000.000000,0.133482232,-0.133482232,-0.161436802,-0.161775291,-3.429571980169,-3.429571980169,-0.027954570,-0.028293059
5801000000.000000,0.130828463,-0.130828463,-0.161352497,-0.161662336,-3.439913055987,-3.439913055987,-0.030524034,-0.030833873
5802000000.000000,0.139353896,-0.139353896,-0.161258679,-0.161539728,-3.450254131805,-3.450254131805,-0.021904783,-0.022185832
5803000000.000000,0.126217183,-0.126217183,-0.161155405,-0.161407527,-3.460595207623,-3.460595207623,-0.034938222,-0.035190344
5804000000.000000,0.139512729,-0.139512729,-0.161042731,-0.161265792,-3.470936283441,-3.470936283441,-0.021530002,-0.021753063
5805000000.000000,0.141702297,-0.141702297,-0.160920712,-0.161114577,-3.481277359259,-3.481277359259,-0.019218415,-0.019412280
5806000000.000000,0.138714295,-0.138714295,-0.160789400,-0.160953939,-3.491618435077,-3.491618435077,-0.022075105,-0.022239644
5807000000.000000,0.142263258,-0.142263258,-0.160648849,-0.160783931,-3.501959510895,-3.501959510895,-0.018385591,-0.018520673
5808000000.000000,0.138409596,-0.138409596,-0.160499107,-0.160604605,-3.512300586713,-3.512300586713,-0.022089511,-0.022195009
5809000000.000000,0.140730472,-0.140730472,-0.160340226,-0.160416013,-3.522641662531,-3.522641662531,-0.019609754,-0.019685541
5810000000.000000,0.132866996,-0.132866996,-0.160172251,-0.160218203,-3.532982738350,-3.532982738350,-0.027305255,-0.027351207
5811000000.000000,0.144989636,-0.144989636,-0.159995230,-0.160011225,-3.543323814168,-3.543323814168,-0.015005594,-0.015021589
5812000000.000000,0.141330453,-0.141330453,-0.159809208,-0.159795126,-3.553664889986,-3.553664889986,-0.018478755,-0.018464673
5813000000.000000,0.136737976,-0.136737976,-0.159614228,-0.159569950,-3.564005965804,-3.564005965804,-0.022876252,-0.022831974
5814000000.000000,0.131484500,-0.131484500,-0.159410333,-0.159335742,-3.574347041622,-3.574347041622,-0.027925833,-0.027851242
5815000000.000000,0.137500783,-0.137500783,-0.159197564,-0.159092546,-3.584688117440,-3.584688117440,-0.021696781,-0.021591763
5816000000.000000,0.143715110,-0.143715110,-0.158975961,-0.158840402,-3.595029193258,-3.595029193258,-0.015260851,-0.015125292
5817000000.000000,0.136327238,-0.136327238,-0.158745562,-0.158579351,-3.605370269076,-3.605370269076,-0.022418324,-0.022252113
5818000000.000000,0.126016188,-0.126016188,-0.158506404,-0.158309433,-3.615711344894,-3.615711344894,-0.032490216,-0.032293245
5819000000.000000,0.143781041,-0.143781041,-0.158258523,-0.158030685,-3.626052420712,-3.626052420712,-0.014477482,-0.014249644
5820000000.000000,0.126370852,-0.126370852,-0.158001953,-0.157743143,-3.636393496530,-3.636393496530,-0.031631101,-0.031372291
5821000000.000000,0.148189275,-0.148189275,-0.157736728,-0.157446842,-3.646734572348,-3.646734572348,-0.009547453,-0.009257567
5822000000.000000,0.134582892,-0.134582892,-0.157462880,-0.157141817,-3.657075648166,-3.657075648166,-0.022879988,-0.022558925
5823000000.000000,0.150585475,-0.150585475,-0.157180438,-0.156828101,-3.667416723984,-3.667416723984,-0.006594963,-0.006242626
5824000000.000000,0.141094925,-0.141094925,-0.156889434,-0.156505724,-3.677757799802,-3.677757799802,-0.015794509,-0.015410799
5825000000.000000,0.133526211,-0.133526211,-0.156589894,-0.156174717,-3.688098875621,-3.688098875621,-0.023063683,-0.022648506
5826000000.000000,0.151694245,-0.151694245,-0.156281847,-0.155835109,-3.698439951439,-3.698439951439,-0.004587602,-0.004140864
5827000000.000000,0.151412708,-0.151412708,-0.155965316,-0.155486927,-3.708781027257,-3.708781027257,-0.004552608,-0.004074219
5828000000.000000,0.132772819,-0.132772819,-0.155640328,-0.155130199,-3.719122103075,-3.719122103075,-0.022867509,-0.022357380
5829000000.000000,0.121827906,-0.121827906,-0.155306906,-0.154764950,-3.729463178893,-3.729463178893,-0.033479000,-0.032937044
5830000000.000000,0.150546805,-0.150546805,-0.154965071,-0.154391203,-3.739804254711,-3.739804254711,-0.004418266,-0.003844398
5831000000.000000,0.147164781,-0.147164781,-0.154614845,-0.154008983,-3.750145330529,-3.750145330529,-0.007450064,-0.006844202
5832000000.000000,0.145073235,-0.145073235,-0.154256247,-0.153618311,-3.760486406347,-3.760486406347,-0.009183012,-0.008545076
5833000000.000000,0.137346902,-0.137346902,-0.153889297,-0.153219207,-3.770827482165,-3.770827482165,-0.016542395,-0.015872305
5834000000.000000,0.146921151,-0.146921151,-0.153514012,-0.152811693,-3.781168557983,-3.781168557983,-0.006592861,-0.005890542
5835000000.000000,0.152470316,-0.152470316,-0.153130409,-0.152395786,-3.791509633801,-3.791509633801,-0.000660093,0.000074530
5836000000.000000,0.155480506,-0.155480506,-0.152738503,-0.151971504,-3.801850709619,-3.801850709619,0.002742003,0.003509002
5837000000.000000,0.144023558,-0.144023558,-0.152338308,-0.151538864,-3.812191785437,-3.812191785437,-0.008314750,-0.007515306
5838000000.000000,0.166425500,-0.166425500,-0.151929839,-0.151097881,-3.822532861255,-3.822532861255,0.014495661,0.015327619
5839000000.000000,0.152234745,-0.152234745,-0.151513107,-0.150648570,-3.832873937073,-3.832873937073,0.000721638,0.001586175
5840000000.000000,0.158098246,-0.158098246,-0.151088123,-0.150190944,-3.843215012892,-3.843215012892,0.007010123,0.007907302
5841000000.000000,0.156634309,-0.156634309,-0.150654899,-0.149725016,-3.853556088710,-3.853556088710,0.005979410,0.006909293
5842000000.000000,0.133789338,-0.133789338,-0.150213444,-0.149250798,-3.863897164528,-3.863897164528,-0.016424106,-0.015461460
5843000000.000000,0.158801421,-0.158801421,-0.149763766,-0.148768300,-3.874238240346,-3.874238240346,0.009037655,0.010033121
5844000000.000000,0.159217863,-0.159217863,-0.149305873,-0.148277532,-3.884579316164,-3.884579316164,0.009911990,0.010940331
5845000000.000000,0.143930739,-0.143930739,-0.148839771,-0.147778503,-3.894920391982,-3.894920391982,-0.004909032,-0.003847764
5846000000.000000,0.160269555,-0.160269555,-0.148365467,-0.147271222,-3.905261467800,-3.905261467800,0.011904088,0.012998333
5847000000.000000,0.140306584,-0.140306584,-0.147882965,-0.146755694,-3.915602543618,-3.915602543618,-0.007576381,-0.006449110
5848000000.000000,0.160549183,-0.160549183,-0.147392269,-0.146231927,-3.925943619436,-3.925943619436,0.013156914,0.014317256
5849000000.000000,0.149658008,-0.149658008,-0.146893383,-0.145699926,-3.936284695254,-3.936284695254,0.002764625,0.003958082
5850000000.000000,0.163136318,-0.163136318,-0.146386310,-0.145159696,-3.946625771072,-3.946625771072,0.016750008,0.017976622
5851000000.000000,0.151541008,-0.151541008,-0.145871050,-0.144611241,-3.956966846890,-3.956966846890,0.005669958,0.006929767
5852000000.000000,0.159593614,-0.159593614,-0.145347606,-0.144054564,-3.967307922708,-3.967307922708,0.014246008,0.015539050
5853000000.000000,0.161233223,-0.161233223,-0.144815977,-0.143489668,-3.977648998526,-3.977648998526,0.016417246,0.017743555
5854000000.000000,0.148492962,-0.148492962,-0.144276164,-0.142916554,-3.987990074344,-3.987990074344,0.004216798,0.005576408
5855000000.000000,0.145649540,-0.145649540,-0.143728164,-0.142335224,-3.998331150163,-3.998331150163,0.001921376,0.003314316
5856000000.000000,0.155257892,-0.155257892,-0.143171977,-0.141745679,-4.008672225981,-4.008672225981,0.012085915,0.013512213
5857000000.000000,0.145255519,-0.145255519,-0.142607599,-0.141147918,-4.019013301799,-4.019013301799,0.002647920,0.004107601
5858000000.000000,0.169215590,-0.169215590,-0.142035029,-0.140541941,-4.029354377617,-4.029354377617,0.027180561,0.028673649
5859000000.000000,0.138165495,-0.138165495,-0.141454263,-0.139927746,-4.039695453435,-4.039695453435,-0.003288768,-0.001762251
5860000000.000000,0.144135450,-0.144135450,-0.140865296,-0.139305332,-4.050036529253,-4.050036529253,0.003270154,0.004830118
5861000000.000000,0.165991750,-0.165991750,-0.140268124,-0.138674697,-4.060377605071,-4.060377605071,0.025723626,0.027317053
5862000000.000000,0.147742805,-0.147742805,-0.139662742,-0.138035837,-4.070718680889,-4.070718680889,0.008080063,0.009706968
5863000000.000000,0.154592028,-0.154592028,-0.139049144,-0.137388750,-4.081059756707,-4.081059756707,0.015542884,0.017203278
5864000000.000000,0.149379333,-0.149379333,-0.138427326,-0.136733432,-4.091400832525,-4.091400832525,0.010952007,0.012645901
5865000000.000000,0.139676131,-0.139676131,-0.137797279,-0.136069879,-4.101741908343,-4.101741908343,0.001878852,0.003606252
5866000000.000000,0.161937958,-0.161937958,-0.137158998,-0.135398087,-4.112082984161,-4.112082984161,0.024778960,0.026539871
5867000000.000000,0.149291044,-0.149291044,-0.136512475,-0.134718050,-4.122424059979,-4.122424059979,0.012778569,0.014572994
5868000000.000000,0.152185376,-0.152185376,-0.135857703,-0.134029763,-4.132765135797,-4.132765135797,0.016327673,0.018155613
5869000000.000000,0.169567666,-0.169567666,-0.135194674,-0.133333222,-4.143106211615,-4.143106211615,0.034372992,0.036234444
5870000000.000000,0.156936281,-0.156936281,-0.134523380,-0.132628420,-4.153447287434,-4.153447287434,0.022412901,0.024307861
5871000000.000000,0.153923375,-0.153923375,-0.133843813,-0.131915351,-4.163788363252,-4.163788363252,0.020079562,0.022008024
5872000000.000000,0.139026905,-0.139026905,-0.133155965,-0.131194010,-4.174129439070,-4.174129439070,0.005870940,0.007832895
5873000000.000000,0.151357671,-0.151357671,-0.132459826,-0.130464389,-4.184470514888,-4.184470514888,0.018897845,0.020893282
5874000000.000000,0.164549346,-0.164549346,-0.131755388,-0.129726483,-4.194811590706,-4.194811590706,0.032793958,0.034822863
5875000000.000000,0.172700410,-0.172700410,-0.131042641,-0.128980284,-4.205152666524,-4.205152666524,0.041657769,0.043720126
5876000000.000000,0.160576012,-0.160576012,-0.130321577,-0.128225787,-4.215493742342,-4.215493742342,0.030254435,0.032350225
5877000000.000000,0.140131752,-0.140131752,-0.129592187,-0.127462983,-4.225834818160,-4.225834818160,0.010539565,0.012668769
5878000000.000000,0.140997865,-0.140997865,-0.128854460,-0.126691866,-4.236175893978,-4.236175893978,0.012143405,0.014305999
5879000000.000000,0.138702461,-0.138702461,-0.128108389,-0.125912429,-4.246516969796,-4.246516969796,0.010594072,0.012790032
5880000000.000000,0.166154891,-0.166154891,-0.127353963,-0.125124666,-4.256858045614,-4.256858045614,0.038800928,0.041030225
5881000000.000000,0.165975668,-0.165975668,-0.126591173,-0.124328568,-4.267199121432,-4.267199121432,0.039384495,0.041647100
5882000000.000000,0.141567213,-0.141567213,-0.125820010,-0.123524130,-4.277540197250,-4.277540197250,0.015747203,0.018043083
5883000000.000000,0.147507113,-0.147507113,-0.125040465,-0.122711344,-4.287881273068,-4.287881273068,0.022466648,0.024795769
5884000000.000000,0.140314634,-0.140314634,-0.124252529,-0.121890204,-4.298222348886,-4.298222348886,0.016062105,0.018424430
5885000000.000000,0.142814491,-0.142814491,-0.123456193,-0.121060703,-4.308563424704,-4.308563424704,0.019358298,0.021753788
5886000000.000000,0.137279740,-0.137279740,-0.122651448,-0.120222835,-4.318904500523,-4.318904500523,0.014628292,0.017056905
5887000000.000000,0.150943715,-0.150943715,-0.121838286,-0.119376594,-4.329245576341,-4.329245576341,0.029105429,0.031567121
5888000000.000000,0.144876603,-0.144876603,-0.121016699,-0.118521974,-4.339586652159,-4.339586652159,0.023859904,0.026354629
5889000000.000000,0.157173087,-0.157173087,-0.120186678,-0.117658968,-4.349927727977,-4.349927727977,0.036986409,0.039514119
5890000000.000000,0.144017028,-0.144017028,-0.119348216,-0.116787573,-4.360268803795,-4.360268803795,0.024668812,0.027229455
5891000000.000000,0.157593036,-0.157593036,-0.118501305,-0.115907781,-4.370609879613,-4.370609879613,0.039091731,0.041685255
5892000000.000000,0.145881583,-0.145881583,-0.117645938,-0.115019590,-4.380950955431,-4.380950955431,0.028235645,0.030861993
5893000000.000000,0.140370543,-0.140370543,-0.116782109,-0.114122994,-4.391292031249,-4.391292031249,0.023588434,0.026247549
5894000000.000000,0.136428134,-0.136428134,-0.115909811,-0.113217989,-4.401633107067,-4.401633107067,0.020518323,0.023210145
5895000000.000000,0.139797923,-0.139797923,-0.115029038,-0.112304572,-4.411974182885,-4.411974182885,0.024768885,0.027493351
5896000000.000000,0.136520912,-0.136520912,-0.114139785,-0.111382740,-4.422315258703,-4.422315258703,0.022381127,0.025138172
5897000000.000000,0.142608173,-0.142608173,-0.113242047,-0.110452490,-4.432656334521,-4.432656334521,0.029366126,0.032155683
5898000000.000000,0.156196925,-0.156196925,-0.112335819,-0.109513820,-4.442997410339,-4.442997410339,0.043861106,0.046683105
5899000000.000000,0.132752430,-0.132752430,-0.111421098,-0.108566728,-4.453338486157,-4.453338486157,0.021331332,0.024185702
5900000000.000000,0.132452606,-0.132452606,-0.110497880,-0.107611213,-4.463679561975,-4.463679561975,0.021954726,0.024841393
5901000000.000000,0.136979210,-0.136979210,-0.109566163,-0.106647275,-4.474020637794,-4.474020637794,0.027413047,0.030331935
5902000000.000000,0.138341452,-0.138341452,-0.108625943,-0.105674913,-4.484361713612,-4.484361713612,0.029715509,0.032666539
5903000000.000000,0.114499391,-0.114499391,-0.107677221,-0.104694130,-4.494702789430,-4.494702789430,0.006822170,0.009805261
5904000000.000000,0.125444847,-0.125444847,-0.106719994,-0.103704925,-4.505043865248,-4.505043865248,0.018724853,0.021739922
5905000000.000000,0.134770425,-0.134770425,-0.105754263,-0.102707302,-4.515384941066,-4.515384941066,0.029016162,0.032063123
5906000000.000000,0.107930056,-0.107930056,-0.104780029,-0.101701263,-4.525726016884,-4.525726016884,0.003150027,0.006228793
5907000000.000000,0.128653651,-0.128653651,-0.103797292,-0.100686812,-4.536067092702,-4.536067092702,0.024856359,0.027966839
5908000000.000000,0.127371833,-0.127371833,-0.102806055,-0.099663953,-4.546408168520,-4.546408168520,0.024565778,0.027707880
5909000000.000000,0.132544513,-0.132544513,-0.101806321,-0.098632691,-4.556749244338,-4.556749244338,0.030738192,0.033911822
5910000000.000000,0.120697395,-0.120697395,-0.100798094,-0.097593033,-4.567090320156,-4.567090320156,0.019899301,0.023104362
5911000000.000000,0.113773521,-0.113773521,-0.099781377,-0.096544985,-4.577431395974,-4.577431395974,0.013992144,0.017228536
5912000000.000000,0.125958675,-0.125958675,-0.098756178,-0.095488555,-4.587772471792,-4.587772471792,0.027202497,0.030470120
5913000000.000000,0.117844577,-0.117844577,-0.097722502,-0.094423752,-4.598113547610,-4.598113547610,0.020122075,0.023420825
5914000000.000000,0.121245067,-0.121245067,-0.096680356,-0.093350586,-4.608454623428,-4.608454623428,0.024564711,0.027894481
5915000000.000000,0.100425953,-0.100425953,-0.095629749,-0.092269066,-4.618795699246,-4.618795699246,0.004796204,0.008156887
5916000000.000000,0.099064422,-0.099064422,-0.094570690,-0.091179204,-4.629136775065,-4.629136775065,0.004493732,0.007885218
5917000000.000000,0.119260938,-0.119260938,-0.093503190,-0.090081013,-4.639477850883,-4.639477850883,0.025757748,0.029179925
5918000000.000000,0.103793494,-0.103793494,-0.092427260,-0.088974507,-4.649818926701,-4.649818926701,0.011366234,0.014818987
5919000000.000000,0.107257068,-0.107257068,-0.091342911,-0.087859699,-4.660160002519,-4.660160002519,0.015914157,0.019397369
5920000000.000000,0.101837271,-0.101837271,-0.090250159,-0.086736607,-4.670501078337,-4.670501078337,0.011587112,0.015100664
5921000000.000000,0.105410743,-0.105410743,-0.089149017,-0.085605245,-4.680842154155,-4.680842154155,0.016261726,0.019805498
5922000000.000000,0.104317147,-0.104317147,-0.088039500,-0.084465633,-4.691183229973,-4.691183229973,0.016277647,0.019851514
5923000000.000000,0.090645799,-0.090645799,-0.086921627,-0.083317789,-4.701524305791,-4.701524305791,0.003724172,0.007328010
5924000000.000000,0.125203319,-0.125203319,-0.085795415,-0.082161734,-4.711865381609,-4.711865381609,0.039407904,0.043041585
5925000000.000000,0.104738422,-0.104738422,-0.084660882,-0.080997489,-4.722206457427,-4.722206457427,0.020077540,0.023740933
5926000000.000000,0.103576255,-0.103576255,-0.083518050,-0.079825076,-4.732547533245,-4.732547533245,0.020058205,0.023751179
5927000000.000000,0.108506129,-0.108506129,-0.082366941,-0.078644519,-4.742888609063,-4.742888609063,0.026139188,0.029861610
5928000000.000000,0.091639644,-0.091639644,-0.081207576,-0.077455843,-4.753229684881,-4.753229684881,0.010432068,0.014183801
5929000000.000000,0.087563916,-0.087563916,-0.080039981,-0.076259075,-4.763570760699,-4.763570760699,0.007523935,0.011304841
5930000000.000000,0.092489883,-0.092489883,-0.078864181,-0.075054242,-4.773911836517,-4.773911836517,0.013625702,0.017435641
5931000000.000000,0.098344345,-0.098344345,-0.077680203,-0.073841374,-4.784252912336,-4.784252912336,0.020664142,0.024502971
5932000000.000000,0.074912581,-0.074912581,-0.076488074,-0.072620499,-4.794593988154,-4.794593988154,-0.001575493,0.002292082
5933000000.000000,0.099742791,-0.099742791,-0.075287825,-0.071391651,-4.804935063972,-4.804935063972,0.024454966,0.028351140
5934000000.000000,0.078703426,-0.078703426,-0.074079487,-0.070154861,-4.815276139790,-4.815276139790,0.004623939,0.008548565
5935000000.000000,0.071065502,-0.071065502,-0.072863091,-0.068910165,-4.825617215608,-4.825617215608,-0.001797589,0.002155337
5936000000.000000,0.081114375,-0.081114375,-0.071638671,-0.067657597,-4.835958291426,-4.835958291426,0.009475704,0.013456778
5937000000.000000,0.094609751,-0.094609751,-0.070406264,-0.066397196,-4.846299367244,-4.846299367244,0.024203487,0.028212555
5938000000.000000,0.087022572,-0.087022572,-0.069165904,-0.065129000,-4.856640443062,-4.856640443062,0.017856668,0.021893572
5939000000.000000,0.084026873,-0.084026873,-0.067917631,-0.063853048,-4.866981518880,-4.866981518880,0.016109242,0.020173825
5940000000.000000,0.078169701,-0.078169701,-0.066661483,-0.062569383,-4.877322594698,-4.877322594698,0.011508218,0.015600318
5941000000.000000,0.064403309,-0.064403309,-0.065397503,-0.061278048,-4.887663670516,-4.887663670516,-0.000994194,0.003125261
5942000000.000000,0.062941351,-0.062941351,-0.064125733,-0.059979087,-4.898004746334,-4.898004746334,-0.001184382,0.002962264
5943000000.000000,0.070438645,-0.070438645,-0.062846216,-0.058672545,-4.908345822152,-4.908345822152,0.007592429,0.011766100
5944000000.000000,0.057524798,-0.057524798,-0.061558998,-0.057358472,-4.918686897970,-4.918686897970,-0.004034200,0.000166326
5945000000.000000,0.061535044,-0.061535044,-0.060264128,-0.056036915,-4.929027973788,-4.929027973788,0.001270916,0.005498129
5946000000.000000,0.060716470,-0.060716470,-0.058961652,-0.054707926,-4.939369049607,-4.939369049607,0.001754818,0.006008544
5947000000.000000,0.061703187,-0.061703187,-0.057651623,-0.053371557,-4.949710125425,-4.949710125425,0.004051564,0.008331630
5948000000.000000,0.056474552,-0.056474552,-0.056334092,-0.052027862,-4.960051201243,-4.960051201243,0.000140460,0.004446690
5949000000.000000,0.068843276,-0.068843276,-0.055009113,-0.050676896,-4.970392277061,-4.970392277061,0.013834163,0.018166380
5950000000.000000,0.049183995,-0.049183995,-0.053676740,-0.049318717,-4.980733352879,-4.980733352879,-0.004492745,-0.000134722
5951000000.000000,0.063095040,-0.063095040,-0.052337032,-0.047953383,-4.991074428697,-4.991074428697,0.010758008,0.015141657
5952000000.000000,0.062708993,-0.062708993,-0.050990046,-0.046580954,-5.001415504515,-5.001415504515,0.011718947,0.016128039
5953000000.000000,0.056406918,-0.056406918,-0.049635843,-0.045201494,-5.011756580333,-5.011756580333,0.006771075,0.011205424
5954000000.000000,0.042135998,-0.042135998,-0.048274484,-0.043815065,-5.022097656151,-5.022097656151,-0.006138486,-0.001679067
5955000000.000000,0.047100232,-0.047100232,-0.046906034,-0.042421733,-5.032438731969,-5.032438731969,0.000194198,0.004678499
5956000000.000000,0.053140897,-0.053140897,-0.045530558,-0.041021565,-5.042779807787,-5.042779807787,0.007610339,0.012119332
5957000000.000000,0.038919809,-0.038919809,-0.044148123,-0.039614629,-5.053120883605,-5.053120883605,-0.005228314,-0.000694820
5958000000.000000,0.041091473,-0.041091473,-0.042758797,-0.038200997,-5.063461959423,-5.063461959423,-0.001667324,0.002890476
5959000000.000000,0.040473360,-0.040473360,-0.041362651,-0.036780741,-5.073803035241,-5.073803035241,-0.000889291,0.003692619
5960000000.000000,0.042300431,-0.042300431,-0.039959758,-0.035353934,-5.084144111059,-5.084144111059,0.002340673,0.006946497
5961000000.000000,0.044827641,-0.044827641,-0.038550191,-0.033920652,-5.094485186878,-5.094485186878,0.006277450,0.010906989
5962000000.000000,0.039969432,-0.039969432,-0.037134026,-0.032480973,-5.104826262696,-5.104826262696,0.002835406,0.007488459
5963000000.000000,0.027873115,-0.027873115,-0.035711341,-0.031034975,-5.115167338514,-5.115167338514,-0.007838226,-0.003161860
5964000000.000000,0.035276753,-0.035276753,-0.034282214,-0.029582740,-5.125508414332,-5.125508414332,0.000994539,0.005694013
5965000000.000000,0.021169935,-0.021169935,-0.032846728,-0.028124350,-5.135849490150,-5.135849490150,-0.011676793,-0.006954415
5966000000.000000,0.038133864,-0.038133864,-0.031404964,-0.026659889,-5.146190565968,-5.146190565968,0.006728900,0.011473975
5967000000.000000,0.037364254,-0.037364254,-0.029957008,-0.025189445,-5.156531641786,-5.156531641786,0.007407246,0.012174809
5968000000.000000,0.025421696,-0.025421696,-0.028502945,-0.023713104,-5.166872717604,-5.166872717604,-0.003081249,0.001708592
5969000000.000000,0.034657506,-0.034657506,-0.027042864,-0.022230956,-5.177213793422,-5.177213793422,0.007614642,0.012426550
5970000000.000000,0.011106263,-0.011106263,-0.025576855,-0.020743094,-5.187554869240,-5.187554869240,-0.014470592,-0.009636831
5971000000.000000,0.033828531,-0.033828531,-0.024105009,-0.019249609,-5.197895945058,-5.197895945058,0.009723522,0.014578922
5972000000.000000,0.025105426,-0.025105426,-0.022627421,-0.017750598,-5.208237020876,-5.208237020876,0.002478005,0.007354828
5973000000.000000,-0.000604280,0.000604280,-0.021144185,-0.016246157,-5.218578096694,-5.218578096694,-0.021748465,-0.016850437
5974000000.000000,0.017875789,-0.017875789,-0.019655399,-0.014736385,-5.228919172512,-5.228919172512,-0.001779610,0.003139404
5975000000.000000,0.022834428,-0.022834428,-0.018161162,-0.013221381,-5.239260248330,-5.239260248330,0.004673266,0.009613047
5976000000.000000,-0.004899301,0.004899301,-0.016661574,-0.011701249,-5.249601324149,-5.249601324149,-0.021560875,-0.016600550
5977000000.000000,0.006345999,-0.006345999,-0.015156738,-0.010176092,-5.259942399967,-5.259942399967,-0.008810739,-0.003830093
5978000000.000000,-0.000930803,0.000930803,-0.013646759,-0.008646016,-5.270283475785,-5.270283475785,-0.014577562,-0.009576819
5979000000.000000,0.015624515,-0.015624515,-0.012131742,-0.007111129,-5.280624551603,-5.280624551603,0.003492773,0.008513386
5980000000.000000,0.001186348,-0.001186348,-0.010611796,-0.005571540,-5.290965627421,-5.290965627421,-0.009425448,-0.004385192
5981000000.000000,0.010548310,-0.010548310,-0.009087030,-0.004027359,-5.301306703239,-5.301306703239,0.001461280,0.006520951
5982000000.000000,-0.005501286,0.005501286,-0.007557556,-0.002478700,-5.311647779057,-5.311647779057,-0.013058842,-0.007979986
5983000000.000000,-0.014691999,0.014691999,-0.006023488,-0.000925678,-5.321988854875,-5.321988854875,-0.020715487,-0.015617677
5984000000.000000,0.002020589,-0.002020589,-0.004484940,0.000631591,-5.332329930693,-5.332329930693,-0.002464351,0.002652180
5985000000.000000,-0.012764882,0.012764882,-0.002942029,0.002192990,-5.342671006511,-5.342671006511,-0.015706911,-0.010571892
5986000000.000000,-0.003243351,0.003243351,-0.001394874,0.003758397,-5.353012082329,-5.353012082329,-0.004638225,0.000515046
5987000000.000000,-0.007810591,0.007810591,0.000156404,0.005327691,-5.363353158147,-5.363353158147,-0.007654187,-0.002482900
5988000000.000000,-0.026653952,0.026653952,0.001711683,0.006900750,-5.373694233965,-5.373694233965,-0.024942269,-0.019753202
5989000000.000000,-0.020150245,0.020150245,0.003270839,0.008477447,-5.384035309783,-5.384035309783,-0.016879406,-0.011672798
5990000000.000000,-0.016429085,0.016429085,0.004833746,0.010057655,-5.394376385601,-5.394376385601,-0.011595339,-0.006371430
5991000000.000000,0.002630095,-0.002630095,0.006400277,0.011641247,-5.404717461420,-5.404717461420,0.009030372,0.014271342
5992000000.000000,-0.013766656,0.013766656,0.007970303,0.013228091,-5.415058537238,-5.415058537238,-0.005796353,-0.000538565
5993000000.000000,-0.019770933,0.019770933,0.009543692,0.014818056,-5.425399613056,-5.425399613056,-0.010227241,-0.004952877
5994000000.000000,-0.034137732,0.034137732,0.011120312,0.016411008,-5.435740688874,-5.435740688874,-0.023017420,-0.017726724
5995000000.000000,-0.016768093,0.016768093,0.012700028,0.018006810,-5.446081764692,-5.446081764692,-0.004068065,0.001238717
5996000000.000000,-0.004428500,0.004428500,0.014282704,0.019605327,-5.456422840510,-5.456422840510,0.009854204,0.015176827
5997000000.000000,-0.026026515,0.026026515,0.015868202,0.021206419,-5.466763916328,-5.466763916328,-0.010158313,-0.004820096
5998000000.000000,-0.031297494,0.031297494,0.017456383,0.022809945,-5.477104992146,-5.477104992146,-0.013841111,-0.008487549
5999000000.000000,-0.045033110,0.045033110,0.019047105,0.024415764,-5.487446067964,-5.487446067964,-0.025986005,-0.020617346
6000000000.000000,-0.029464412,0.029464412,0.020640226,0.026023732,-5.497787143782,-5.497787143782,-0.008824186,-0.003440680
6001000000.000000,-0.044165314,0.044165314,0.022235600,0.027633702,-5.508128219600,-5.508128219600,-0.021929714,-0.016531612
6002000000.000000,-0.025860891,0.025860891,0.023833083,0.029245529,-5.518469295418,-5.518469295418,-0.002027808,0.003384638
6003000000.000000,-0.025291125,0.025291125,0.025432526,0.030859063,-5.528810371236,-5.528810371236,0.000141401,0.005567938
6004000000.000000,-0.042743513,0.042743513,0.027033779,0.032474154,-5.539151447054,-5.539151447054,-0.015709734,-0.010269359
6005000000.000000,-0.041551705,0.041551705,0.028636692,0.034090651,-5.549492522872,-5.549492522872,-0.012915013,-0.007461054
6006000000.000000,-0.029904509,0.029904509,0.030241111,0.035708399,-5.559833598691,-5.559833598691,0.000336602,0.005803890
6007000000.000000,-0.044591011,0.044591011,0.031846884,0.037327243,-5.570174674509,-5.570174674509,-0.012744127,-0.007263768
6008000000.000000,-0.049679588,0.049679588,0.033453853,0.038947029,-5.580515750327,-5.580515750327,-0.016225735,-0.010732559
6009000000.000000,-0.054001614,0.054001614,0.035061863,0.040567596,-5.590856826145,-5.590856826145,-0.018939751,-0.013434018
6010000000.000000,-0.048995170,0.048995170,0.036670753,0.042188786,-5.601197901963,-5.601197901963,-0.012324417,-0.006806384
6011000000.000000,-0.045677500,0.045677500,0.038280364,0.043810438,-5.611538977781,-5.611538977781,-0.007397136,-0.001867062
6012000000.000000,-0.060096494,0.060096494,0.039890534,0.045432389,-5.621880053599,-5.621880053599,-0.020205960,-0.014664105
6013000000.000000,-0.044792384,0.044792384,0.041501100,0.047054475,-5.632221129417,-5.632221129417,-0.003291284,0.002262091
6014000000.000000,-0.048959278,0.048959278,0.043111896,0.048676532,-5.642562205235,-5.642562205235,-0.005847382,-0.000282746
6015000000.000000,-0.060324166,0.060324166,0.044722757,0.050298391,-5.652903281053,-5.652903281053,-0.015601409,-0.010025775
6016000000.000000,-0.068683044,0.068683044,0.046333516,0.051919885,-5.663244356871,-5.663244356871,-0.022349528,-0.016763159
6017000000.000000,-0.067931017,0.067931017,0.047944003,0.053540845,-5.673585432689,-5.673585432689,-0.019987014,-0.014390172
6018000000.000000,-0.071913466,0.071913466,0.049554047,0.055161099,-5.683926508507,-5.683926508507,-0.022359419,-0.016752367
6019000000.000000,-0.066704918,0.066704918,0.051163478,0.056780476,-5.694267584325,-5.694267584325,-0.015541440,-0.009924442
6020000000.000000,-0.069907147,0.069907147,0.052772123,0.058398801,-5.704608660143,-5.704608660143,-0.017135024,-0.011508346
6021000000.000000,-0.060562624,0.060562624,0.054379805,0.060015900,-5.714949735962,-5.714949735962,-0.006182819,-0.000546724
6022000000.000000,-0.085155020,0.085155020,0.055986352,0.061631596,-5.725290811780,-5.725290811780,-0.029168668,-0.023523424
6023000000.000000,-0.058910418,0.058910418,0.057591584,0.063245713,-5.735631887598,-5.735631887598,-0.001318834,0.004335295
6024000000.000000,-0.089451843,0.089451843,0.059195325,0.064858072,-5.745972963416,-5.745972963416,-0.030256518,-0.024593771
6025000000.000000,-0.083467844,0.083467844,0.060797394,0.066468493,-5.756314039234,-5.756314039234,-0.022670450,-0.016999351
6026000000.000000,-0.067226781,0.067226781,0.062397612,0.068076794,-5.766655115052,-5.766655115052,-0.004829169,0.000850013
6027000000.000000,-0.091415249,0.091415249,0.063995796,0.069682794,-5.776996190870,-5.776996190870,-0.027419453,-0.021732455
6028000000.000000,-0.080170038,0.080170038,0.065591763,0.071286310,-5.787337266688,-5.787337266688,-0.014578275,-0.008883728
6029000000.000000,-0.078635058,0.078635058,0.067185330,0.072887157,-5.797678342506,-5.797678342506,-0.011449728,-0.005747901
6030000000.000000,-0.078258924,0.078258924,0.068776311,0.074485149,-5.808019418324,-5.808019418324,-0.009482613,-0.003773775
6031000000.000000,-0.088241759,0.088241759,0.070364520,0.076080100,-5.818360494142,-5.818360494142,-0.017877239,-0.012161659
6032000000.000000,-0.087124850,0.087124850,0.071949770,0.077671823,-5.828701569960,-5.828701569960,-0.015175080,-0.009453027
6033000000.000000,-0.085332965,0.085332965,0.073531872,0.079260129,-5.839042645778,-5.839042645778,-0.011801093,-0.006072836
6034000000.000000,-0.082708068,0.082708068,0.075110637,0.080844827,-5.849383721596,-5.849383721596,-0.007597431,-0.001863241
6035000000.000000,-0.085879461,0.085879461,0.076685875,0.082425729,-5.859724797414,-5.859724797414,-0.009193586,-0.003453732
6036000000.000000,-0.096825639,0.096825639,0.078257394,0.084002642,-5.870065873233,-5.870065873233,-0.018568245,-0.012822997
6037000000.000000,-0.103421190,0.103421190,0.079825003,0.085575373,-5.880406949051,-5.880406949051,-0.023596187,-0.017845817
6038000000.000000,-0.107651170,0.107651170,0.081388508,0.087143730,-5.890748024869,-5.890748024869,-0.026262662,-0.020507440
6039000000.000000,-0.104648807,0.104648807,0.082947714,0.088707519,-5.901089100687,-5.901089100687,-0.021701093,-0.015941288
6040000000.000000,-0.096713166,0.096713166,0.084502429,0.090266545,-5.911430176505,-5.911430176505,-0.012210737,-0.006446621
6041000000.000000,-0.094338730,0.094338730,0.086052455,0.091820611,-5.921771252323,-5.921771252323,-0.008286275,-0.002518119
6042000000.000000,-0.104785064,0.104785064,0.087597596,0.093369521,-5.932112328141,-5.932112328141,-0.017187468,-0.011415543
6043000000.000000,-0.102082256,0.102082256,0.089137656,0.094913079,-5.942453403959,-5.942453403959,-0.012944600,-0.007169177
6044000000.000000,-0.087396068,0.087396068,0.090672436,0.096451087,-5.952794479777,-5.952794479777,0.003276368,0.009055019
6045000000.000000,-0.094310674,0.094310674,0.092201738,0.097983344,-5.963135555595,-5.963135555595,-0.002108936,0.003672670
6046000000.000000,-0.116622574,0.116622574,0.093725363,0.099509654,-5.973476631413,-5.973476631413,-0.022897211,-0.017112920
6047000000.000000,-0.099963364,0.099963364,0.095243110,0.101029815,-5.983817707231,-5.983817707231,-0.004720254,0.001066451
6048000000.000000,-0.092019817,0.092019817,0.096754780,0.102543627,-5.994158783049,-5.994158783049,0.004734963,0.010523810
6049000000.000000,-0.103064959,0.103064959,0.098260171,0.104050890,-6.004499858867,-6.004499858867,-0.004804788,0.000985931
6050000000.000000,-0.121620111,0.121620111,0.099759082,0.105551401,-6.014840934685,-6.014840934685,-0.021861029,-0.016068710
6051000000.000000,-0.115571561,0.115571561,0.101251310,0.107044959,-6.025182010504,-6.025182010504,-0.014320251,-0.008526602
6052000000.000000,-0.117994366,0.117994366,0.102736653,0.108531362,-6.035523086322,-6.035523086322,-0.015257713,-0.009463004
6053000000.000000,-0.125589415,0.125589415,0.104214908,0.110010406,-6.045864162140,-6.045864162140,-0.021374507,-0.015579009
6054000000.000000,-0.115607743,0.115607743,0.105685872,0.111481888,-6.056205237958,-6.056205237958,-0.009921871,-0.004125855
6055000000.000000,-0.129571238,0.129571238,0.107149341,0.112945605,-6.066546313776,-6.066546313776,-0.022421897,-0.016625633
6056000000.000000,-0.136503033,0.136503033,0.108605110,0.114401352,-6.076887389594,-6.076887389594,-0.027897923,-0.022101681
6057000000.000000,-0.130949264,0.130949264,0.110052976,0.115848926,-6.087228465412,-6.087228465412,-0.020896288,-0.015100338
6058000000.000000,-0.114347210,0.114347210,0.111492733,0.117288122,-6.097569541230,-6.097569541230,-0.002854477,0.002940912
6059000000.000000,-0.132001090,0.132001090,0.112924177,0.118718735,-6.107910617048,-6.107910617048,-0.019076913,-0.013282355
6060000000.000000,-0.135392412,0.135392412,0.114347102,0.120140560,-6.118251692866,-6.118251692866,-0.021045310,-0.015251852
6061000000.000000,-0.134941722,0.134941722,0.115761303,0.121553392,-6.128592768684,-6.128592768684,-0.019180419,-0.013388330
6062000000.000000,-0.132511885,0.132511885,0.117166575,0.122957027,-6.138933844502,-6.138933844502,-0.015345310,-0.009554858
6063000000.000000,-0.133463431,0.133463431,0.118562711,0.124351258,-6.149274920320,-6.149274920320,-0.014900720,-0.009112173
6064000000.000000,-0.137651613,0.137651613,0.119949507,0.125735880,-6.159615996138,-6.159615996138,-0.017702106,-0.011915733
6065000000.000000,-0.124495348,0.124495348,0.121326756,0.127110688,-6.169957071956,-6.169957071956,-0.003168592,0.002615340
6066000000.000000,-0.138211282,0.138211282,0.122694252,0.128475477,-6.180298147775,-6.180298147775,-0.015517030,-0.009735805
6067000000.000000,-0.131001054,0.131001054,0.124051791,0.129830041,-6.190639223593,-6.190639223593,-0.006949263,-0.001171013
6068000000.000000,-0.126243996,0.126243996,0.125399166,0.131174176,-6.200980299411,-6.200980299411,-0.000844830,0.004930180
6069000000.000000,-0.145435841,0.145435841,0.126736172,0.132507675,-6.211321375229,-6.211321375229,-0.018699669,-0.012928166
6070000000.000000,-0.144228179,0.144228179,0.128062603,0.133830334,-6.221662451047,-6.221662451047,-0.016165576,-0.010397845
6071000000.000000,-0.141522765,0.141522765,0.129378254,0.135141948,-6.232003526865,-6.232003526865,-0.012144511,-0.006380817
6072000000.000000,-0.136967843,0.136967843,0.130682921,0.136442314,-6.242344602683,-6.242344602683,-0.006284922,-0.000525529
6073000000.000000,-0.140235696,0.140235696,0.131976398,0.137731225,-6.252685678501,-6.252685678501,-0.008259298,-0.002504471
6074000000.000000,-0.155203040,0.155203040,0.133258480,0.139008479,-6.263026754319,-6.263026754319,-0.021944560,-0.016194561
6075000000.000000,-0.138364424,0.138364424,0.134528965,0.140273872,-6.273367830137,-6.273367830137,-0.003835459,0.001909448
6076000000.000000,-0.142876880,0.142876880,0.135787648,0.141527201,-6.283708905955,-6.283708905955,-0.007089232,-0.001349679
6077000000.000000,-0.136752128,0.136752128,0.137034325,0.142768262,-6.294049981773,-6.294049981773,0.000282197,0.006016134
6078000000.000000,-0.131580843,0.131580843,0.138268793,0.143996853,-6.304391057591,-6.304391057591,0.006687950,0.012416010
6079000000.000000,-0.159966472,0.159966472,0.139490851,0.145212773,-6.314732133409,-6.314732133409,-0.020475621,-0.014753699
6080000000.000000,-0.168935789,0.168935789,0.140700296,0.146415820,-6.325073209227,-6.325073209227,-0.028235493,-0.022519969
6081000000.000000,-0.165038973,0.165038973,0.141896926,0.147605794,-6.335414285046,-6.335414285046,-0.023142047,-0.017433179
6082000000.000000,-0.136530532,0.136530532,0.143080541,0.148782493,-6.345755360864,-6.345755360864,0.006550009,0.012251961
6083000000.000000,-0.155514708,0.155514708,0.144250940,0.149945719,-6.356096436682,-6.356096436682,-0.011263768,-0.005568989
6084000000.000000,-0.172906463,0.172906463,0.145407924,0.151095272,-6.366437512500,-6.366437512500,-0.027498539,-0.021811191
6085000000.000000,-0.148542269,0.148542269,0.146551294,0.152230954,-6.376778588318,-6.376778588318,-0.001990975,0.003688685
6086000000.000000,-0.139452951,0.139452951,0.147680852,0.153352568,-6.387119664136,-6.387119664136,0.008227901,0.013899617
6087000000.000000,-0.155607424,0.155607424,0.148796400,0.154459917,-6.397460739954,-6.397460739954,-0.006811024,-0.001147507
6088000000.000000,-0.158942408,0.158942408,0.149897742,0.155552806,-6.407801815772,-6.407801815772,-0.009044666,-0.003389602
6089000000.000000,-0.156441866,0.156441866,0.150984681,0.156631039,-6.418142891590,-6.418142891590,-0.005457185,0.000189173
6090000000.000000,-0.167544857,0.167544857,0.152057024,0.157694421,-6.428483967408,-6.428483967408,-0.015487833,-0.009850436
6091000000.000000,-0.149495138,0.149495138,0.153114576,0.158742761,-6.438825043226,-6.438825043226,0.003619438,0.009247623
6092000000.000000,-0.154043415,0.154043415,0.154157144,0.159775865,-6.449166119044,-6.449166119044,0.000113729,0.005732450
6093000000.000000,-0.155598018,0.155598018,0.155184535,0.160793544,-6.459507194862,-6.459507194862,-0.000413483,0.005195526
6094000000.000000,-0.169748770,0.169748770,0.156196560,0.161795605,-6.469848270680,-6.469848270680,-0.013552210,-0.007953165
6095000000.000000,-0.162231108,0.162231108,0.157193029,0.162781861,-6.480189346498,-6.480189346498,-0.005038079,0.000550753
6096000000.000000,-0.161018937,0.161018937,0.158173751,0.163752123,-6.490530422317,-6.490530422317,-0.002845186,0.002733186
6097000000.000000,-0.173453057,0.173453057,0.159138541,0.164706206,-6.500871498135,-6.500871498135,-0.014314516,-0.008746851
6098000000.000000,-0.166066981,0.166066981,0.160087211,0.165643922,-6.511212573953,-6.511212573953,-0.005979770,-0.000423059
6099000000.000000,-0.148937435,0.148937435,0.161019576,0.166565089,-6.521553649771,-6.521553649771,0.012082141,0.017627654
6100000000.000000,-0.165487193,0.165487193,0.161935453,0.167469522,-6.531894725589,-6.531894725589,-0.003551740,0.001982329
6101000000.000000,-0.153457322,0.153457322,0.162834658,0.168357040,-6.542235801407,-6.542235801407,0.009377336,0.014899718
6102000000.000000,-0.170606750,0.170606750,0.163717010,0.169227464,-6.552576877225,-6.552576877225,-0.006889740,-0.001379286
6103000000.000000,-0.158030221,0.158030221,0.164582330,0.170080613,-6.562917953043,-6.562917953043,0.006552109,0.012050392
6104000000.000000,-0.163390851,0.163390851,0.165430439,0.170916311,-6.573259028861,-6.573259028861,0.002039588,0.007525460
6105000000.000000,-0.161756216,0.161756216,0.166261160,0.171734382,-6.583600104679,-6.583600104679,0.004504944,0.009978166
6106000000.000000,-0.170578467,0.170578467,0.167074317,0.172534650,-6.593941180497,-6.593941180497,-0.003504150,0.001956183
6107000000.000000,-0.170395165,0.170395165,0.167869737,0.173316943,-6.604282256315,-6.604282256315,-0.002525428,0.002921778
6108000000.000000,-0.168235242,0.168235242,0.168647246,0.174081090,-6.614623332133,-6.614623332133,0.000412004,0.005845848
6109000000.000000,-0.175882631,0.175882631,0.169406675,0.174826920,-6.624964407951,-6.624964407951,-0.006475956,-0.001055711
6110000000.000000,-0.164842294,0.164842294,0.170147855,0.175554267,-6.635305483769,-6.635305483769,0.005305561,0.010711973
6111000000.000000,-0.184000109,0.184000109,0.170870616,0.176262962,-6.645646559588,-6.645646559588,-0.013129493,-0.007737147
6112000000.000000,-0.172220217,0.172220217,0.171574795,0.176952843,-6.655987635406,-6.655987635406,-0.000645422,0.004732626
6113000000.000000,-0.180611326,0.180611326,0.172260226,0.177623745,-6.666328711224,-6.666328711224,-0.008351100,-0.002987581
6114000000.000000,-0.188986947,0.188986947,0.172926749,0.178275508,-6.676669787042,-6.676669787042,-0.016060198,-0.010711439
6115000000.000000,-0.171440182,0.171440182,0.173574202,0.178907972,-6.687010862860,-6.687010862860,0.002134020,0.007467790
6116000000.000000,-0.164504971,0.164504971,0.174202426,0.179520981,-6.697351938678,-6.697351938678,0.009697455,0.015016010
6117000000.000000,-0.162415550,0.162415550,0.174811267,0.180114378,-6.707693014496,-6.707693014496,0.012395717,0.017698828
6118000000.000000,-0.174935433,0.174935433,0.175400568,0.180688011,-6.718034090314,-6.718034090314,0.000465135,0.005752578
6119000000.000000,-0.188879319,0.188879319,0.175970178,0.181241728,-6.728375166132,-6.728375166132,-0.012909141,-0.007637591
6120000000.000000,-0.159575318,0.159575318,0.176519945,0.181775380,-6.738716241950,-6.738716241950,0.016944627,0.022200062
6121000000.000000,-0.176448861,0.176448861,0.177049722,0.182288819,-6.749057317768,-6.749057317768,0.000600861,0.005839958
6122000000.000000,-0.159595032,0.159595032,0.177559361,0.182781901,-6.759398393586,-6.759398393586,0.017964329,0.023186869
6123000000.000000,-0.167442027,0.167442027,0.178048720,0.183254481,-6.769739469404,-6.769739469404,0.010606693,0.015812454
6124000000.000000,-0.156348508,0.156348508,0.178517655,0.183706420,-6.780080545222,-6.780080545222,0.022169147,0.027357912
6125000000.000000,-0.182797478,0.182797478,0.178966027,0.184137579,-6.790421621040,-6.790421621040,-0.003831451,0.001340101
6126000000.000000,-0.176663276,0.176663276,0.179393698,0.184547821,-6.800762696859,-6.800762696859,0.002730422,0.007884545
6127000000.000000,-0.166707582,0.166707582,0.179800533,0.184937013,-6.811103772677,-6.811103772677,0.013092951,0.018229431
6128000000.000000,-0.165969144,0.165969144,0.180186399,0.185305022,-6.821444848495,-6.821444848495,0.014217255,0.019335878
6129000000.000000,-0.163903587,0.163903587,0.180551165,0.185651720,-6.831785924313,-6.831785924313,0.016647578,0.021748133
6130000000.000000,-0.194128987,0.194128987,0.180894704,0.185976979,-6.842127000131,-6.842127000131,-0.013234283,-0.008152008
6131000000.000000,-0.173110226,0.173110226,0.181216888,0.186280675,-6.852468075949,-6.852468075949,0.008106662,0.013170449
6132000000.000000,-0.179729313,0.179729313,0.181517596,0.186562686,-6.862809151767,-6.862809151767,0.001788283,0.006833373
6133000000.000000,-0.179862360,0.179862360,0.181796706,0.186822892,-6.873150227585,-6.873150227585,0.001934346,0.006960532
6134000000.000000,-0.168391702,0.168391702,0.182054101,0.187061178,-6.883491303403,-6.883491303403,0.013662399,0.018669476
6135000000.000000,-0.176375357,0.176375357,0.182289663,0.187277427,-6.893832379221,-6.893832379221,0.005914306,0.010902070
6136000000.000000,-0.170076191,0.170076191,0.182503281,0.187471529,-6.904173455039,-6.904173455039,0.012427090,0.017395338
6137000000.000000,-0.176907375,0.176907375,0.182694843,0.187643374,-6.914514530857,-6.914514530857,0.005787468,0.010735999
6138000000.000000,-0.173853788,0.173853788,0.182864243,0.187792856,-6.924855606675,-6.924855606675,0.009010455,0.013939068
6139000000.000000,-0.163409421,0.163409421,0.183011374,0.187919872,-6.935196682493,-6.935196682493,0.019601953,0.024510451
6140000000.000000,-0.180543658,0.180543658,0.183136135,0.188024320,-6.945537758311,-6.945537758311,0.002592477,0.007480662
6141000000.000000,-0.182553315,0.182553315,0.183238427,0.188106102,-6.955878834129,-6.955878834129,0.000685112,0.005552787
6142000000.000000,-0.161074374,0.161074374,0.183318152,0.188165124,-6.966219909948,-6.966219909948,0.022243778,0.027090750
6143000000.000000,-0.177958675,0.177958675,0.183375217,0.188201293,-6.976560985766,-6.976560985766,0.005416542,0.010242618
6144000000.000000,-0.185087608,0.185087608,0.183409530,0.188214519,-6.986902061584,-6.986902061584,-0.001678078,0.003126911
6145000000.000000,-0.176335367,0.176335367,0.183421005,0.188204715,-6.997243137402,-6.997243137402,0.007085638,0.011869348
6146000000.000000,-0.175981333,0.175981333,0.183409555,0.188171799,-7.007584213220,-7.007584213220,0.007428222,0.012190466
6147000000.000000,-0.167591381,0.167591381,0.183375099,0.188115689,-7.017925289038,-7.017925289038,0.015783718,0.020524308
6148000000.000000,-0.174028353,0.174028353,0.183317557,0.188036308,-7.028266364856,-7.028266364856,0.009289204,0.014007955
6149000000.000000,-0.171095870,0.171095870,0.183236854,0.187933581,-7.038607440674,-7.038607440674,0.012140984,0.016837711
6150000000.000000,-0.177403996,0.177403996,0.183132917,0.187807437,-7.048948516492,-7.048948516492,0.005728921,0.010403441
6151000000.000000,-0.168821679,0.168821679,0.183005676,0.187657808,-7.059289592310,-7.059289592310,0.014183997,0.018836129
6152000000.000000,-0.166393951,0.166393951,0.182855064,0.187484628,-7.069630668128,-7.069630668128,0.016461113,0.021090677
6153000000.000000,-0.183390549,0.183390549,0.182681017,0.187287836,-7.079971743946,-7.079971743946,-0.000709532,0.003897287
6154000000.000000,-0.146037961,0.146037961,0.182483476,0.187067373,-7.090312819764,-7.090312819764,0.036445515,0.041029412
6155000000.000000,-0.165593743,0.165593743,0.182262383,0.186823182,-7.100653895582,-7.100653895582,0.016668640,0.021229439
6156000000.000000,-0.153753959,0.153753959,0.182017685,0.186555213,-7.110994971401,-7.110994971401,0.028263726,0.032801254
6157000000.000000,-0.158136131,0.158136131,0.181749332,0.186263416,-7.121336047219,-7.121336047219,0.023613201,0.028127285
6158000000.000000,-0.167096403,0.167096403,0.181457275,0.185947745,-7.131677123037,-7.131677123037,0.014360872,0.018851342
6159000000.000000,-0.181925924,0.181925924,0.181141471,0.185608158,-7.142018198855,-7.142018198855,-0.000784453,0.003682234
6160000000.000000,-0.173705239,0.173705239,0.180801881,0.185244617,-7.152359274673,-7.152359274673,0.007096642,0.011539378
6161000000.000000,-0.168016377,0.168016377,0.180438466,0.184857086,-7.162700350491,-7.162700350491,0.012422089,0.016840709
6162000000.000000,-0.161124360,0.161124360,0.180051194,0.184445533,-7.173041426309,-7.173041426309,0.018926834,0.023321173
6163000000.000000,-0.163653131,0.163653131,0.179640034,0.184009930,-7.183382502127,-7.183382502127,0.015986903,0.020356799
6164000000.000000,-0.163751855,0.163751855,0.179204960,0.183550251,-7.193723577945,-7.193723577945,0.015453105,0.019798396
6165000000.000000,-0.163285777,0.163285777,0.178745949,0.183066476,-7.204064653763,-7.204064653763,0.015460172,0.019780699
6166000000.000000,-0.157419794,0.157419794,0.178262981,0.182558587,-7.214405729581,-7.214405729581,0.020843187,0.025138793
6167000000.000000,-0.144748364,0.144748364,0.177756040,0.182026569,-7.224746805399,-7.224746805399,0.033007676,0.037278205
6168000000.000000,-0.158432114,0.158432114,0.177225115,0.181470411,-7.235087881217,-7.235087881217,0.018793001,0.023038297
6169000000.000000,-0.144878842,0.144878842,0.176670197,0.180890107,-7.245428957035,-7.245428957035,0.031791355,0.036011265
6170000000.000000,-0.151214661,0.151214661,0.176091280,0.180285654,-7.255770032853,-7.255770032853,0.024876619,0.029070993
6171000000.000000,-0.154642605,0.154642605,0.175488364,0.179657052,-7.266111108671,-7.266111108671,0.020845759,0.025014447
6172000000.000000,-0.152026353,0.152026353,0.174861451,0.179004304,-7.276452184490,-7.276452184490,0.022835098,0.026977951
6173000000.000000,-0.160787813,0.160787813,0.174210547,0.178327420,-7.286793260308,-7.286793260308,0.013422734,0.017539607
6174000000.000000,-0.150973280,0.150973280,0.173535662,0.177626410,-7.297134336126,-7.297134336126,0.022562382,0.026653130
6175000000.000000,-0.152797208,0.152797208,0.172836809,0.176901290,-7.307475411944,-7.307475411944,0.020039601,0.024104082
6176000000.000000,-0.145594720,0.145594720,0.172114008,0.176152079,-7.317816487762,-7.317816487762,0.026519288,0.030557359
6177000000.000000,-0.162223013,0.162223013,0.171367278,0.175378801,-7.328157563580,-7.328157563580,0.009144265,0.013155788
6178000000.000000,-0.155520214,0.155520214,0.170596646,0.174581482,-7.338498639398,-7.338498639398,0.015076432,0.019061268
6179000000.000000,-0.148620510,0.148620510,0.169802139,0.173760153,-7.348839715216,-7.348839715216,0.021181629,0.025139643
6180000000.000000,-0.160091403,0.160091403,0.168983793,0.172914849,-7.359180791034,-7.359180791034,0.008892390,0.012823446
6181000000.000000,-0.144626231,0.144626231,0.168141642,0.172045609,-7.369521866852,-7.369521866852,0.023515411,0.027419378
6182000000.000000,-0.151658855,0.151658855,0.167275729,0.171152476,-7.379862942670,-7.379862942670,0.015616874,0.019493621
6183000000.000000,-0.148722721,0.148722721,0.166386098,0.170235495,-7.390204018488,-7.390204018488,0.017663377,0.021512774
6184000000.000000,-0.154053291,0.154053291,0.165472798,0.169294718,-7.400545094306,-7.400545094306,0.011419507,0.015241427
6185000000.000000,-0.136736638,0.136736638,0.164535883,0.168330200,-7.410886170124,-7.410886170124,0.027799245,0.031593562
6186000000.000000,-0.144709964,0.144709964,0.163575408,0.167341999,-7.421227245942,-7.421227245942,0.018865444,0.022632035
6187000000.000000,-0.137016140,0.137016140,0.162591436,0.166330178,-7.431568321761,-7.431568321761,0.025575296,0.029314038
6188000000.000000,-0.143429010,0.143429010,0.161584030,0.165294803,-7.441909397579,-7.441909397579,0.018155020,0.021865793
6189000000.000000,-0.135489968,0.135489968,0.160553261,0.164235947,-7.452250473397,-7.452250473397,0.025063293,0.028745979
6190000000.000000,-0.121090732,0.121090732,0.159499201,0.163153682,-7.462591549215,-7.462591549215,0.038408469,0.042062950
6191000000.000000,-0.129679582,0.129679582,0.158421927,0.162048090,-7.472932625033,-7.472932625033,0.028742345,0.032368508
6192000000.000000,-0.147897361,0.147897361,0.157321522,0.160919253,-7.483273700851,-7.483273700851,0.009424161,0.013021892
6193000000.000000,-0.152495454,0.152495454,0.156198071,0.159767258,-7.493614776669,-7.493614776669,0.003702617,0.007271804
6194000000.000000,-0.135736509,0.135736509,0.155051664,0.158592198,-7.503955852487,-7.503955852487,0.019315155,0.022855689
6195000000.000000,-0.132117160,0.132117160,0.153882394,0.157394168,-7.514296928305,-7.514296928305,0.021765234,0.025277008
6196000000.000000,-0.129479178,0.129479178,0.152690361,0.156173268,-7.524638004123,-7.524638004123,0.023211183,0.026694090
6197000000.000000,-0.129082258,0.129082258,0.151475666,0.154929602,-7.534979079941,-7.534979079941,0.022393408,0.025847344
6198000000.000000,-0.129186436,0.129186436,0.150238415,0.153663279,-7.545320155759,-7.545320155759,0.021051979,0.024476843
6199000000.000000,-0.148428398,0.148428398,0.148978721,0.152374412,-7.555661231577,-7.555661231577,0.000550323,0.003946014
6200000000.000000,-0.129771052,0.129771052,0.147696698,0.151063117,-7.566002307395,-7.566002307395,0.017925646,0.021292065
6201000000.000000,-0.124288028,0.124288028,0.146392465,0.149729516,-7.576343383213,-7.576343383213,0.022104437,0.025441488
6202000000.000000,-0.128985358,0.128985358,0.145066146,0.148373734,-7.586684459032,-7.586684459032,0.016080788,0.019388376
6203000000.000000,-0.134455926,0.134455926,0.143717869,0.146995902,-7.597025534850,-7.597025534850,0.009261943,0.012539976
6204000000.000000,-0.118770690,0.118770690,0.142347766,0.145596153,-7.607366610668,-7.607366610668,0.023577076,0.026825463
6205000000.000000,-0.124809025,0.124809025,0.140955974,0.144174625,-7.617707686486,-7.617707686486,0.016146949,0.019365600
6206000000.000000,-0.136992744,0.136992744,0.139542634,0.142731463,-7.628048762304,-7.628048762304,0.002549890,0.005738719
6207000000.000000,-0.104260098,0.104260098,0.138107891,0.141266811,-7.638389838122,-7.638389838122,0.033847793,0.037006713
6208000000.000000,-0.112686680,0.112686680,0.136651894,0.139780823,-7.648730913940,-7.648730913940,0.023965214,0.027094143
6209000000.000000,-0.111850543,0.111850543,0.135174797,0.138273654,-7.659071989758,-7.659071989758,0.023324254,0.026423111
6210000000.000000,-0.103243252,0.103243252,0.133676759,0.136745463,-7.669413065576,-7.669413065576,0.030433507,0.033502211
6211000000.000000,-0.130041844,0.130041844,0.132157942,0.135196416,-7.679754141394,-7.679754141394,0.002116098,0.005154572
6212000000.000000,-0.115272632,0.115272632,0.130618513,0.133626682,-7.690095217212,-7.690095217212,0.015345881,0.018354050
6213000000.000000,-0.106956473,0.106956473,0.129058642,0.132036432,-7.700436293030,-7.700436293030,0.022102169,0.025079959
6214000000.000000,-0.109684269,0.109684269,0.127478507,0.130425846,-7.710777368848,-7.710777368848,0.017794238,0.020741577
6215000000.000000,-0.113549870,0.113549870,0.125878287,0.128795105,-7.721118444666,-7.721118444666,0.012328417,0.015245235
6216000000.000000,-0.106079562,0.106079562,0.124258165,0.127144395,-7.731459520484,-7.731459520484,0.018178603,0.021064833
6217000000.000000,-0.102210406,0.102210406,0.122618332,0.125473907,-7.741800596303,-7.741800596303,0.020407926,0.023263501
6218000000.000000,-0.114998555,0.114998555,0.120958979,0.123783837,-7.752141672121,-7.752141672121,0.005960424,0.008785282
6219000000.000000,-0.117053903,0.117053903,0.119280305,0.122074382,-7.762482747939,-7.762482747939,0.002226402,0.005020479
6220000000.000000,-0.097558295,0.097558295,0.117582512,0.120345749,-7.772823823757,-7.772823823757,0.020024217,0.022787454
6221000000.000000,-0.104804830,0.104804830,0.115865805,0.118598144,-7.783164899575,-7.783164899575,0.011060975,0.013793314
6222000000.000000,-0.109704632,0.109704632,0.114130396,0.116831780,-7.793505975393,-7.793505975393,0.004425764,0.007127148
6223000000.000000,-0.116461939,0.116461939,0.112376499,0.115046875,-7.803847051211,-7.803847051211,-0.004085440,-0.001415064
6224000000.000000,-0.093463636,0.093463636,0.110604333,0.113243649,-7.814188127029,-7.814188127029,0.017140697,0.019780013
6225000000.000000,-0.109435302,0.109435302,0.108814123,0.111422329,-7.824529202847,-7.824529202847,-0.000621179,0.001987027
6226000000.000000,-0.092125586,0.092125586,0.107006096,0.109583144,-7.834870278665,-7.834870278665,0.014880510,0.017457558
6227000000.000000,-0.095514689,0.095514689,0.105180485,0.107726329,-7.845211354483,-7.845211354483,0.009665796,0.012211640
6228000000.000000,-0.100351451,0.100351451,0.103337527,0.105852123,-7.855552430301,-7.855552430301,0.002986076,0.005500672
6229000000.000000,-0.090046672,0.090046672,0.101477462,0.103960769,-7.865893506119,-7.865893506119,0.011430790,0.013914097
6230000000.000000,-0.107298927,0.107298927,0.099600537,0.102052514,-7.876234581937,-7.876234581937,-0.007698390,-0.005246413
6231000000.000000,-0.093675956,0.093675956,0.097707001,0.100127611,-7.886575657755,-7.886575657755,0.004031045,0.006451655
6232000000.000000,-0.094783973,0.094783973,0.095797108,0.098186315,-7.896916733574,-7.896916733574,0.001013135,0.003402342
6233000000.000000,-0.101505640,0.101505640,0.093871116,0.096228887,-7.907257809392,-7.907257809392,-0.007634524,-0.005276753
6234000000.000000,-0.099077234,0.099077234,0.091929289,0.094255592,-7.917598885210,-7.917598885210,-0.007147945,-0.004821642
6235000000.000000,-0.082004470,0.082004470,0.089971893,0.092266698,-7.927939961028,-7.927939961028,0.007967423,0.010262228
6236000000.000000,-0.104422305,0.104422305,0.087999200,0.090262479,-7.938281036846,-7.938281036846,-0.016423105,-0.014159826
6237000000.000000,-0.075282253,0.075282253,0.086011485,0.088243214,-7.948622112664,-7.948622112664,0.010729232,0.012960961
6238000000.000000,-0.103544844,0.103544844,0.084009028,0.086209182,-7.958963188482,-7.958963188482,-0.019535816,-0.017335662
6239000000.000000,-0.069783784,0.069783784,0.081992113,0.084160672,-7.969304264300,-7.969304264300,0.012208329,0.014376888
6240000000.000000,-0.085123011,0.085123011,0.079961028,0.082097973,-7.979645340118,-7.979645340118,-0.005161983,-0.003025038
6241000000.000000,-0.082056533,0.082056533,0.077916066,0.080021379,-7.989986415936,-7.989986415936,-0.004140467,-0.002035154
6242000000.000000,-0.072332213,0.072332213,0.075857523,0.077931189,-8.000327491754,-8.000327491754,0.003525310,0.005598976
6243000000.000000,-0.076557639,0.076557639,0.073785700,0.075827707,-8.010668567572,-8.010668567572,-0.002771939,-0.000729932
6244000000.000000,-0.069444999,0.069444999,0.071700902,0.073711239,-8.021009643390,-8.021009643390,0.002255903,0.004266240
6245000000.000000,-0.084285333,0.084285333,0.069603438,0.071582096,-8.031350719208,-8.031350719208,-0.014681895,-0.012703237
6246000000.000000,-0.084157663,0.084157663,0.067493622,0.069440595,-8.041691795026,-8.041691795026,-0.016664041,-0.014717068
6247000000.000000,-0.065186036,0.065186036,0.065371770,0.067287053,-8.052032870845,-8.052032870845,0.000185734,0.002101017
6248000000.000000,-0.048130547,0.048130547,0.063238203,0.065121795,-8.062373946663,-8.062373946663,0.015107656,0.016991248
6249000000.000000,-0.072224494,0.072224494,0.061093248,0.062945148,-8.072715022481,-8.072715022481,-0.011131246,-0.009279346
6250000000.000000,-0.051596903,0.051596903,0.058937234,0.060757444,-8.083056098299,-8.083056098299,0.007340331,0.009160541
6251000000.000000,-0.075389778,0.075389778,0.056770494,0.058559018,-8.093397174117,-8.093397174117,-0.018619284,-0.016830760
6252000000.000000,-0.060972529,0.060972529,0.054593365,0.056350209,-8.103738249935,-8.103738249935,-0.006379164,-0.004622320
6253000000.000000,-0.055761309,0.055761309,0.052406188,0.054131361,-8.114079325753,-8.114079325753,-0.003355121,-0.001629948
6254000000.000000,-0.059775804,0.059775804,0.050209309,0.051902822,-8.124420401571,-8.124420401571,-0.009566495,-0.007872982
6255000000.000000,-0.043507695,0.043507695,0.048003077,0.049664942,-8.134761477389,-8.134761477389,0.004495382,0.006157247
6256000000.000000,-0.042638856,0.042638856,0.045787844,0.047418077,-8.145102553207,-8.145102553207,0.003148988,0.004779221
6257000000.000000,-0.071936921,0.071936921,0.043563968,0.045162585,-8.155443629025,-8.155443629025,-0.028372953,-0.026774336
6258000000.000000,-0.059729577,0.059729577,0.041331809,0.042898830,-8.165784704843,-8.165784704843,-0.018397768,-0.016830747
6259000000.000000,-0.037956371,0.037956371,0.039091731,0.040627177,-8.176125780661,-8.176125780661,0.001135360,0.002670806
6260000000.000000,-0.058288253,0.058288253,0.036844102,0.038347996,-8.186466856479,-8.186466856479,-0.021444151,-0.019940257
6261000000.000000,-0.056933648,0.056933648,0.034589293,0.036061662,-8.196807932297,-8.196807932297,-0.022344355,-0.020871986
6262000000.000000,-0.050786800,0.050786800,0.032327681,0.033768552,-8.207149008116,-8.207149008116,-0.018459119,-0.017018248
6263000000.000000,-0.028845738,0.028845738,0.030059643,0.031469048,-8.217490083934,-8.217490083934,0.001213905,0.002623310
6264000000.000000,-0.043242558,0.043242558,0.027785563,0.029163532,-8.227831159752,-8.227831159752,-0.015456995,-0.014079026
6265000000.000000,-0.057478699,0.057478699,0.025505826,0.026852395,-8.238172235570,-8.238172235570,-0.031972873,-0.030626304
6266000000.000000,-0.039619446,0.039619446,0.023220822,0.024536028,-8.248513311388,-8.248513311388,-0.016398624,-0.015083418
6267000000.000000,-0.037119367,0.037119367,0.020930944,0.022214825,-8.258854387206,-8.258854387206,-0.016188423,-0.014904542
6268000000.000000,-0.047724159,0.047724159,0.018636588,0.019889185,-8.269195463024,-8.269195463024,-0.029087571,-0.027834974
6269000000.000000,-0.036736935,0.036736935,0.016338154,0.017559511,-8.279536538842,-8.279536538842,-0.020398781,-0.019177424
6270000000.000000,-0.037188212,0.037188212,0.014036044,0.015226207,-8.289877614660,-8.289877614660,-0.023152168,-0.021962005
6271000000.000000,-0.032545630,0.032545630,0.011730666,0.012889682,-8.300218690478,-8.300218690478,-0.020814964,-0.019655948
6272000000.000000,-0.028875697,0.028875697,0.009422428,0.010550348,-8.310559766296,-8.310559766296,-0.019453269,-0.018325349
6273000000.000000,-0.034670466,0.034670466,0.007111744,0.008208619,-8.320900842114,-8.320900842114,-0.027558722,-0.026461847
6274000000.000000,-0.022505112,0.022505112,0.004799029,0.005864914,-8.331241917932,-8.331241917932,-0.017706083,-0.016640198
6275000000.000000,-0.026859149,0.026859149,0.002484702,0.003519654,-8.341582993750,-8.341582993750,-0.024374447,-0.023339495
6276000000.000000,-0.030843966,0.030843966,0.000169186,0.001173263,-8.351924069568,-8.351924069568,-0.030674780,-0.029670703
6277000000.000000,-0.042799147,0.042799147,-0.002147096,-0.001173832,-8.362265145387,-8.362265145387,-0.044946243,-0.043972979
6278000000.000000,-0.017493816,0.017493816,-0.004463715,-0.003521201,-8.372606221205,-8.372606221205,-0.021957531,-0.021015017
6279000000.000000,-0.022352486,0.022352486,-0.006780240,-0.005868411,-8.382947297023,-8.382947297023,-0.029132726,-0.028220897
6280000000.000000,-0.016053689,0.016053689,-0.009096239,-0.008215026,-8.393288372841,-8.393288372841,-0.025149928,-0.024268715
6281000000.000000,-0.002715713,0.002715713,-0.011411273,-0.010560607,-8.403629448659,-8.403629448659,-0.014126986,-0.013276320
6282000000.000000,-0.012883332,0.012883332,-0.013724906,-0.012904714,-8.413970524477,-8.413970524477,-0.026608238,-0.025788046
6283000000.000000,0.002422519,-0.002422519,-0.016036694,-0.015246902,-8.424311600295,-8.424311600295,-0.013614175,-0.012824383
6284000000.000000,0.000034692,-0.000034692,-0.018346194,-0.017586726,-8.434652676113,-8.434652676113,-0.018311502,-0.017552034
6285000000.000000,-0.001935185,0.001935185,-0.020652959,-0.019923735,-8.444993751931,-8.444993751931,-0.022588144,-0.021858920
6286000000.000000,-0.012833536,0.012833536,-0.022956540,-0.022257479,-8.455334827749,-8.455334827749,-0.035790076,-0.035091015
6287000000.000000,-0.001486528,0.001486528,-0.025256484,-0.024587503,-8.465675903567,-8.465675903567,-0.026743012,-0.026074031
6288000000.000000,0.003700291,-0.003700291,-0.027552340,-0.026913353,-8.476016979385,-8.476016979385,-0.023852049,-0.023213062
6289000000.000000,0.004525674,-0.004525674,-0.029843649,-0.029234568,-8.486358055203,-8.486358055203,-0.025317975,-0.024708894
6290000000.000000,0.003175237,-0.003175237,-0.032129953,-0.031550689,-8.496699131021,-8.496699131021,-0.028954716,-0.028375452
6291000000.000000,-0.004628808,0.004628808,-0.034410793,-0.033861253,-8.507040206839,-8.507040206839,-0.039039601,-0.038490061
6292000000.000000,0.011322677,-0.011322677,-0.036685706,-0.036165794,-8.517381282658,-8.517381282658,-0.025363029,-0.024843117
6293000000.000000,0.010937852,-0.010937852,-0.038954226,-0.038463847,-8.527722358476,-8.527722358476,-0.028016374,-0.027525995
6294000000.000000,0.015211004,-0.015211004,-0.041215887,-0.040754942,-8.538063434294,-8.538063434294,-0.026004883,-0.025543938
6295000000.000000,0.017184910,-0.017184910,-0.043470221,-0.043038608,-8.548404510112,-8.548404510112,-0.026285311,-0.025853698
6296000000.000000,0.013086933,-0.013086933,-0.045716758,-0.045314374,-8.558745585930,-8.558745585930,-0.032629825,-0.032227441
6297000000.000000,0.029707160,-0.029707160,-0.047955026,-0.047581765,-8.569086661748,-8.569086661748,-0.018247866,-0.017874605
6298000000.000000,0.028585522,-0.028585522,-0.050184552,-0.049840306,-8.579427737566,-8.579427737566,-0.021599030,-0.021254784
6299000000.000000,0.031983048,-0.031983048,-0.052404859,-0.052089518,-8.589768813384,-8.589768813384,-0.020421811,-0.020106470
6300000000.000000,0.020496349,-0.020496349,-0.054615473,-0.054328924,-8.600109889202,-8.600109889202,-0.034119124,-0.033832575
6301000000.000000,0.034443114,-0.034443114,-0.056815914,-0.056558044,-8.610450965020,-8.610450965020,-0.022372800,-0.022114930
6302000000.000000,0.037164912,-0.037164912,-0.059005704,-0.058776395,-8.620792040838,-8.620792040838,-0.021840792,-0.021611483
6303000000.000000,0.025795586,-0.025795586,-0.061184362,-0.060983495,-8.631133116656,-8.631133116656,-0.035388776,-0.035187909
6304000000.000000,0.023804251,-0.023804251,-0.063351406,-0.063178861,-8.641474192474,-8.641474192474,-0.039547155,-0.039374610
6305000000.000000,0.047487136,-0.047487136,-0.065506354,-0.065362006,-8.651815268292,-8.651815268292,-0.018019218,-0.017874870
6306000000.000000,0.027216666,-0.027216666,-0.067648721,-0.067532446,-8.662156344110,-8.662156344110,-0.040432055,-0.040315780
6307000000.000000,0.042908190,-0.042908190,-0.069778024,-0.069689694,-8.672497419929,-8.672497419929,-0.026869834,-0.026781504
6308000000.000000,0.034306581,-0.034306581,-0.071893777,-0.071833261,-8.682838495747,-8.682838495747,-0.037587196,-0.037526680
6309000000.000000,0.031295998,-0.031295998,-0.073995494,-0.073962660,-8.693179571565,-8.693179571565,-0.042699496,-0.042666662
6310000000.000000,0.049229043,-0.049229043,-0.076082687,-0.076077401,-8.703520647383,-8.703520647383,-0.026853644,-0.026848358
6311000000.000000,0.049271015,-0.049271015,-0.078154869,-0.078176996,-8.713861723201,-8.713861723201,-0.028883854,-0.028905981
6312000000.000000,0.058833959,-0.058833959,-0.080211553,-0.080260953,-8.724202799019,-8.724202799019,-0.021377594,-0.021426994
6313000000.000000,0.061255649,-0.061255649,-0.082252251,-0.082328782,-8.734543874837,-8.734543874837,-0.020996602,-0.021073133
6314000000.000000,0.058721762,-0.058721762,-0.084276473,-0.084379993,-8.744884950655,-8.744884950655,-0.025554711,-0.025658231
6315000000.000000,0.054278724,-0.054278724,-0.086283731,-0.086414095,-8.755226026473,-8.755226026473,-0.032005007,-0.032135371
6316000000.000000,0.059865463,-0.059865463,-0.088273536,-0.088430597,-8.765567102291,-8.765567102291,-0.028408073,-0.028565134
6317000000.000000,0.058462313,-0.058462313,-0.090245400,-0.090429008,-8.775908178109,-8.775908178109,-0.031783087,-0.031966695
6318000000.000000,0.068822062,-0.068822062,-0.092198833,-0.092408837,-8.786249253927,-8.786249253927,-0.023376771,-0.023586775
6319000000.000000,0.065072601,-0.065072601,-0.094133347,-0.094369594,-8.796590329745,-8.796590329745,-0.029060746,-0.029296993
6320000000.000000,0.075824092,-0.075824092,-0.096048455,-0.096310788,-8.806931405563,-8.806931405563,-0.020224363,-0.020486696
6321000000.000000,0.060457086,-0.060457086,-0.097943667,-0.098231928,-8.817272481381,-8.817272481381,-0.037486581,-0.037774842
6322000000.000000,0.075297603,-0.075297603,-0.099818497,-0.100132527,-8.827613557200,-8.827613557200,-0.024520894,-0.024834924
6323000000.000000,0.094079699,-0.094079699,-0.101672458,-0.102012094,-8.837954633018,-8.837954633018,-0.007592759,-0.007932395
6324000000.000000,0.082556774,-0.082556774,-0.103505063,-0.103870141,-8.848295708836,-8.848295708836,-0.020948289,-0.021313367
6325000000.000000,0.107941181,-0.107941181,-0.105315828,-0.105706182,-8.858636784654,-8.858636784654,0.002625353,0.002234999
6326000000.000000,0.124079531,-0.124079531,-0.107104268,-0.107519730,-8.868977860472,-8.868977860472,0.016975263,0.016559801
6327000000.000000,0.093014365,-0.093014365,-0.108869900,-0.109310299,-8.879318936290,-8.879318936290,-0.015855535,-0.016295934
6328000000.000000,0.103364879,-0.103364879,-0.110612240,-0.111077404,-8.889660012108,-8.889660012108,-0.007247361,-0.007712525
6329000000.000000,0.100468575,-0.100468575,-0.112330809,-0.112820564,-8.900001087926,-8.900001087926,-0.011862234,-0.012351989
6330000000.000000,0.085173386,-0.085173386,-0.114025127,-0.114539295,-8.910342163744,-8.910342163744,-0.028851741,-0.029365909
6331000000.000000,0.111615903,-0.111615903,-0.115694714,-0.116233118,-8.920683239562,-8.920683239562,-0.004078811,-0.004617215
6332000000.000000,0.114917247,-0.114917247,-0.117339095,-0.117901553,-8.931024315380,-8.931024315380,-0.002421848,-0.002984306
6333000000.000000,0.119504681,-0.119504681,-0.118957794,-0.119544125,-8.941365391198,-8.941365391198,0.000546887,-0.000039444
6334000000.000000,0.107891728,-0.107891728,-0.120550337,-0.121160356,-8.951706467016,-8.951706467016,-0.012658609,-0.013268628
6335000000.000000,0.101128140,-0.101128140,-0.122116253,-0.122749773,-8.962047542834,-8.962047542834,-0.020988113,-0.021621633
6336000000.000000,0.108953303,-0.108953303,-0.123655072,-0.124311906,-8.972388618652,-8.972388618652,-0.014701769,-0.015358603
6337000000.000000,0.111617257,-0.111617257,-0.125166328,-0.125846284,-8.982729694471,-8.982729694471,-0.013549071,-0.014229027
6338000000.000000,0.123831206,-0.123831206,-0.126649554,-0.127352440,-8.993070770289,-8.993070770289,-0.002818348,-0.003521234
6339000000.000000,0.122991366,-0.122991366,-0.128104287,-0.128829910,-9.003411846107,-9.003411846107,-0.005112921,-0.005838544
6340000000.000000,0.128128805,-0.128128805,-0.129530067,-0.130278230,-9.013752921925,-9.013752921925,-0.001401262,-0.002149425
6341000000.000000,0.113645713,-0.113645713,-0.130926435,-0.131696941,-9.024093997743,-9.024093997743,-0.017280722,-0.018051228
6342000000.000000,0.145740698,-0.145740698,-0.132292937,-0.133085585,-9.034435073561,-9.034435073561,0.013447761,0.012655113
6343000000.000000,0.145958743,-0.145958743,-0.133629120,-0.134443709,-9.044776149379,-9.044776149379,0.012329623,0.011515034
6344000000.000000,0.141258015,-0.141258015,-0.134934533,-0.135770859,-9.055117225197,-9.055117225197,0.006323482,0.005487156
6345000000.000000,0.133824108,-0.133824108,-0.136208730,-0.137066588,-9.065458301015,-9.065458301015,-0.002384622,-0.003242480
6346000000.000000,0.146929923,-0.146929923,-0.137451268,-0.138330450,-9.075799376833,-9.075799376833,0.009478655,0.008599473
6347000000.000000,0.140254592,-0.140254592,-0.138661705,-0.139562003,-9.086140452651,-9.086140452651,0.001592887,0.000692589
6348000000.000000,0.143320847,-0.143320847,-0.139839606,-0.140760808,-9.096481528469,-9.096481528469,0.003481241,0.002560039
6349000000.000000,0.158402706,-0.158402706,-0.140984535,-0.141926429,-9.106822604287,-9.106822604287,0.017418171,0.016476277
6350000000.000000,0.150134819,-0.150134819,-0.142096063,-0.143058435,-9.117163680105,-9.117163680105,0.008038756,0.007076384
6351000000.000000,0.165574387,-0.165574387,-0.143173764,-0.144156398,-9.127504755923,-9.127504755923,0.022400623,0.021417989
6352000000.000000,0.153059567,-0.153059567,-0.144217215,-0.145219893,-9.137845831742,-9.137845831742,0.008842352,0.007839674
6353000000.000000,0.158825574,-0.158825574,-0.145225997,-0.146248500,-9.148186907560,-9.148186907560,0.013599577,0.012577074
6354000000.000000,0.155504618,-0.155504618,-0.146199697,-0.147241803,-9.158527983378,-9.158527983378,0.009304921,0.008262815
6355000000.000000,0.165036790,-0.165036790,-0.147137903,-0.148199389,-9.168869059196,-9.168869059196,0.017898887,0.016837401
6356000000.000000,0.164684271,-0.164684271,-0.148040209,-0.149120852,-9.179210135014,-9.179210135014,0.016644062,0.015563419
6357000000.000000,0.158096651,-0.158096651,-0.148906214,-0.150005787,-9.189551210832,-9.189551210832,0.009190437,0.008090864
6358000000.000000,0.174800936,-0.174800936,-0.149735521,-0.150853796,-9.199892286650,-9.199892286650,0.025065415,0.023947140
6359000000.000000,0.183890041,-0.183890041,-0.150527736,-0.151664485,-9.210233362468,-9.210233362468,0.033362305,0.032225556
6360000000.000000,0.180223149,-0.180223149,-0.151282474,-0.152437465,-9.220574438286,-9.220574438286,0.028940675,0.027785684
6361000000.000000,0.160061199,-0.160061199,-0.151999350,-0.153172351,-9.230915514104,-9.230915514104,0.008061849,0.006888848
6362000000.000000,0.180618159,-0.180618159,-0.152677987,-0.153868764,-9.241256589922,-9.241256589922,0.027940172,0.026749395
6363000000.000000,0.181945716,-0.181945716,-0.153318012,-0.154526330,-9.251597665740,-9.251597665740,0.028627704,0.027419386
6364000000.000000,0.178932139,-0.178932139,-0.153919058,-0.155144680,-9.261938741558,-9.261938741558,0.025013081,0.023787459
6365000000.000000,0.182774074,-0.182774074,-0.154480764,-0.155723450,-9.272279817376,-9.272279817376,0.028293310,0.027050624
6366000000.000000,0.165843846,-0.165843846,-0.155002771,-0.156262284,-9.282620893194,-9.282620893194,0.010841075,0.009581562
6367000000.000000,0.169240903,-0.169240903,-0.155484730,-0.156760827,-9.292961969013,-9.292961969013,0.013756173,0.012480076
6368000000.000000,0.180150048,-0.180150048,-0.155926296,-0.157218735,-9.303303044831,-9.303303044831,0.024223752,0.022931313
6369000000.000000,0.172113069,-0.172113069,-0.156327128,-0.157635665,-9.313644120649,-9.313644120649,0.015785941,0.014477404
6370000000.000000,0.190447026,-0.190447026,-0.156686894,-0.158011284,-9.323985196467,-9.323985196467,0.033760132,0.032435742
6371000000.000000,0.187274910,-0.187274910,-0.157005267,-0.158345263,-9.334326272285,-9.334326272285,0.030269643,0.028929647
6372000000.000000,0.187239199,-0.187239199,-0.157281926,-0.158637280,-9.344667348103,-9.344667348103,0.029957273,0.028601919
6373000000.000000,0.176949850,-0.176949850,-0.157516556,-0.158887019,-9.355008423921,-9.355008423921,0.019433294,0.018062831
6374000000.000000,0.195121248,-0.195121248,-0.157708848,-0.159094170,-9.365349499739,-9.365349499739,0.037412400,0.036027078
6375000000.000000,0.181509210,-0.181509210,-0.157858502,-0.159258430,-9.375690575557,-9.375690575557,0.023650708,0.022250780
6376000000.000000,0.194338884,-0.194338884,-0.157965222,-0.159379504,-9.386031651375,-9.386031651375,0.036373662,0.034959380
6377000000.000000,0.204835795,-0.204835795,-0.158028720,-0.159457103,-9.396372727193,-9.396372727193,0.046807075,0.045378692
6378000000.000000,0.191856552,-0.191856552,-0.158048715,-0.159490942,-9.406713803011,-9.406713803011,0.033807837,0.032365610
6379000000.000000,0.207975859,-0.207975859,-0.158024933,-0.159480749,-9.417054878829,-9.417054878829,0.049950926,0.048495110
6380000000.000000,0.190041807,-0.190041807,-0.157957107,-0.159426254,-9.427395954647,-9.427395954647,0.032084700,0.030615553
6381000000.000000,0.184897523,-0.184897523,-0.157844977,-0.159327196,-9.437737030465,-9.437737030465,0.027052546,0.025570327
6382000000.000000,0.172527463,-0.172527463,-0.157688290,-0.159183323,-9.448078106283,-9.448078106283,0.014839173,0.013344140
6383000000.000000,0.191661175,-0.191661175,-0.157486803,-0.158994388,-9.458419182102,-9.458419182102,0.034174372,0.032666787
6384000000.000000,0.193735060,-0.193735060,-0.157240277,-0.158760153,-9.468760257920,-9.468760257920,0.036494783,0.034974907
6385000000.000000,0.167080425,-0.167080425,-0.156948483,-0.158480388,-9.479101333738,-9.479101333738,0.010131942,0.008600037
6386000000.000000,0.192638328,-0.192638328,-0.156611200,-0.158154869,-9.489442409556,-9.489442409556,0.036027128,0.034483459
6387000000.000000,0.200453595,-0.200453595,-0.156228214,-0.157783384,-9.499783485374,-9.499783485374,0.044225381,0.042670211
6388000000.000000,0.181841510,-0.181841510,-0.155799319,-0.157365724,-9.510124561192,-9.510124561192,0.026042191,0.024475786
6389000000.000000,0.177044768,-0.177044768,-0.155324318,-0.156901692,-9.520465637010,-9.520465637010,0.021720450,0.020143076
6390000000.000000,0.181395357,-0.181395357,-0.154803021,-0.156391098,-9.530806712828,-9.530806712828,0.026592336,0.025004259
6391000000.000000,0.185530950,-0.185530950,-0.154235248,-0.155833759,-9.541147788646,-9.541147788646,0.031295702,0.029697191
6392000000.000000,0.173027277,-0.173027277,-0.153620826,-0.155229503,-9.551488864464,-9.551488864464,0.019406451,0.017797774
6393000000.000000,0.192987643,-0.192987643,-0.152959592,-0.154578166,-9.561829940282,-9.561829940282,0.040028051,0.038409477
6394000000.000000,0.192753621,-0.192753621,-0.152251390,-0.153879591,-9.572171016100,-9.572171016100,0.040502231,0.038874030
6395000000.000000,0.187492441,-0.187492441,-0.151496075,-0.153133632,-9.582512091918,-9.582512091918,0.035996366,0.034358809
6396000000.000000,0.173707154,-0.173707154,-0.150693509,-0.152340150,-9.592853167736,-9.592853167736,0.023013645,0.021367004
6397000000.000000,0.182118564,-0.182118564,-0.149843563,-0.151499018,-9.603194243555,-9.603194243555,0.032275001,0.030619546
6398000000.000000,0.183401651,-0.183401651,-0.148946119,-0.150610114,-9.613535319373,-9.613535319373,0.034455532,0.032791537
6399000000.000000,0.183925062,-0.183925062,-0.148001066,-0.149673329,-9.623876395191,-9.623876395191,0.035923996,0.034251733
6400000000.000000,0.165820055,-0.165820055,-0.147008304,-0.148688561,-9.634217471009,-9.634217471009,0.018811751,0.017131494
6401000000.000000,0.180848313,-0.180848313,-0.145967742,-0.147655718,-9.644558546827,-9.644558546827,0.034880571,0.033192595
6402000000.000000,0.170710112,-0.170710112,-0.144879297,-0.146574718,-9.654899622645,-9.654899622645,0.025830815,0.024135394
6403000000.000000,0.173873971,-0.173873971,-0.143742898,-0.145445489,-9.665240698463,-9.665240698463,0.030131073,0.028428482
6404000000.000000,0.183743536,-0.183743536,-0.142558482,-0.144267968,-9.675581774281,-9.675581774281,0.041185054,0.039475568
6405000000.000000,0.167901511,-0.167901511,-0.141325997,-0.143042101,-9.685922850099,-9.685922850099,0.026575514,0.024859410
6406000000.000000,0.155495468,-0.155495468,-0.140045399,-0.141767845,-9.696263925917,-9.696263925917,0.015450069,0.013727623
6407000000.000000,0.175893450,-0.175893450,-0.138716655,-0.140445167,-9.706605001735,-9.706605001735,0.037176795,0.035448283
6408000000.000000,0.149301569,-0.149301569,-0.137339743,-0.139074045,-9.716946077553,-9.716946077553,0.011961826,0.010227524
6409000000.000000,0.147678645,-0.147678645,-0.135914650,-0.137654464,-9.727287153371,-9.727287153371,0.011763995,0.010024181
6410000000.000000,0.152101809,-0.152101809,-0.134441374,-0.136186422,-9.737628229189,-9.737628229189,0.017660435,0.015915387
6411000000.000000,0.137057021,-0.137057021,-0.132919922,-0.134669927,-9.747969305007,-9.747969305007,0.004137099,0.002387094
6412000000.000000,0.167410300,-0.167410300,-0.131350313,-0.133104998,-9.758310380825,-9.758310380825,0.036059987,0.034305302
6413000000.000000,0.144256961,-0.144256961,-0.129732574,-0.131491661,-9.768651456644,-9.768651456644,0.014524387,0.012765300
6414000000.000000,0.141464730,-0.141464730,-0.128066747,-0.129829957,-9.778992532462,-9.778992532462,0.013397983,0.011634773
6415000000.000000,0.146672727,-0.146672727,-0.126352879,-0.128119935,-9.789333608280,-9.789333608280,0.020319848,0.018552792
6416000000.000000,0.134764476,-0.134764476,-0.124591033,-0.126361657,-9.799674684098,-9.799674684098,0.010173443,0.008402819
6417000000.000000,0.139582957,-0.139582957,-0.122781278,-0.124555192,-9.810015759916,-9.810015759916,0.016801679,0.015027765
6418000000.000000,0.114925245,-0.114925245,-0.120923698,-0.122700623,-9.820356835734,-9.820356835734,-0.005998453,-0.007775378
6419000000.000000,0.127266656,-0.127266656,-0.119018385,-0.120798044,-9.830697911552,-9.830697911552,0.008248271,0.006468612
6420000000.000000,0.123528930,-0.123528930,-0.117065443,-0.118847558,-9.841038987370,-9.841038987370,0.006463487,0.004681372
6421000000.000000,0.120751679,-0.120751679,-0.115064988,-0.116849280,-9.851380063188,-9.851380063188,0.005686691,0.003902399
6422000000.000000,0.130800097,-0.130800097,-0.113017146,-0.114803338,-9.861721139006,-9.861721139006,0.017782951,0.015996759
6423000000.000000,0.112088432,-0.112088432,-0.110922054,-0.112709869,-9.872062214824,-9.872062214824,0.001166378,-0.000621437
6424000000.000000,0.120538975,-0.120538975,-0.108779861,-0.110569021,-9.882403290642,-9.882403290642,0.011759114,0.009969954
6425000000.000000,0.099440417,-0.099440417,-0.106590726,-0.108380954,-9.892744366460,-9.892744366460,-0.007150309,-0.008940537
6426000000.000000,0.102196354,-0.102196354,-0.104354822,-0.106145841,-9.903085442278,-9.903085442278,-0.002158468,-0.003949487
6427000000.000000,0.092558323,-0.092558323,-0.102072330,-0.103863865,-9.913426518096,-9.913426518096,-0.009514007,-0.011305542
6428000000.000000,0.087324835,-0.087324835,-0.099743446,-0.101535219,-9.923767593915,-9.923767593915,-0.012418611,-0.014210384
6429000000.000000,0.089110726,-0.089110726,-0.097368375,-0.099160111,-9.934108669733,-9.934108669733,-0.008257649,-0.010049385
6430000000.000000,0.094536702,-0.094536702,-0.094947334,-0.096738757,-9.944449745551,-9.944449745551,-0.000410632,-0.002202055
6431000000.000000,0.084945337,-0.084945337,-0.092480553,-0.094271388,-9.954790821369,-9.954790821369,-0.007535216,-0.009326051
6432000000.000000,0.080928995,-0.080928995,-0.089968272,-0.091758245,-9.965131897187,-9.965131897187,-0.009039277,-0.010829250
6433000000.000000,0.063287586,-0.063287586,-0.087410743,-0.089199579,-9.975472973005,-9.975472973005,-0.024123157,-0.025911993
6434000000.000000,0.078682808,-0.078682808,-0.084808231,-0.086595658,-9.985814048823,-9.985814048823,-0.006125423,-0.007912850
6435000000.000000,0.049985948,-0.049985948,-0.082161013,-0.083946755,-9.996155124641,-9.996155124641,-0.032175065,-0.033960807
6436000000.000000,0.069872960,-0.069872960,-0.079469375,-0.081253162,-10.006496200459,-10.006496200459,-0.009596415,-0.011380202
6437000000.000000,0.038217211,-0.038217211,-0.076733618,-0.078515177,-10.016837276277,-10.016837276277,-0.038516407,-0.040297966
6438000000.000000,0.054333931,-0.054333931,-0.073954053,-0.075733113,-10.027178352095,-10.027178352095,-0.019620122,-0.021399182
6439000000.000000,0.058185675,-0.058185675,-0.071131005,-0.072907295,-10.037519427913,-10.037519427913,-0.012945330,-0.014721620
6440000000.000000,0.059472138,-0.059472138,-0.068264809,-0.070038058,-10.047860503731,-10.047860503731,-0.008792671,-0.010565920
6441000000.000000,0.052702224,-0.052702224,-0.065355813,-0.067125753,-10.058201579549,-10.058201579549,-0.012653589,-0.014423529
6442000000.000000,0.044808007,-0.044808007,-0.062404376,-0.064170739,-10.068542655367,-10.068542655367,-0.017596369,-0.019362732
6443000000.000000,0.044661817,-0.044661817,-0.059410872,-0.061173389,-10.078883731186,-10.078883731186,-0.014749055,-0.016511572
6444000000.000000,0.038088831,-0.038088831,-0.056375684,-0.058134088,-10.089224807004,-10.089224807004,-0.018286853,-0.020045257
6445000000.000000,0.020643553,-0.020643553,-0.053299209,-0.055053233,-10.099565882822,-10.099565882822,-0.032655656,-0.034409680
6446000000.000000,0.034754803,-0.034754803,-0.050181854,-0.051931234,-10.109906958640,-10.109906958640,-0.015427051,-0.017176431
6447000000.000000,0.039059748,-0.039059748,-0.047024042,-0.048768512,-10.120248034458,-10.120248034458,-0.007964294,-0.009708764
6448000000.000000,0.015781866,-0.015781866,-0.043826204,-0.045565502,-10.130589110276,-10.130589110276,-0.028044338,-0.029783636
6449000000.000000,-0.006819433,0.006819433,-0.040588786,-0.042322649,-10.140930186094,-10.140930186094,-0.047408219,-0.049142082
6450000000.000000,0.004709095,-0.004709095,-0.037312246,-0.039040411,-10.151271261912,-10.151271261912,-0.032603151,-0.034331316
6451000000.000000,0.011506746,-0.011506746,-0.033997054,-0.035719260,-10.161612337730,-10.161612337730,-0.022490308,-0.024212514
6452000000.000000,0.002392939,-0.002392939,-0.030643690,-0.032359679,-10.171953413548,-10.171953413548,-0.028250751,-0.029966740
6453000000.000000,-0.002304907,0.002304907,-0.027252651,-0.028962162,-10.182294489366,-10.182294489366,-0.029557558,-0.031267069
6454000000.000000,-0.013544635,0.013544635,-0.023824442,-0.025527218,-10.192635565184,-10.192635565184,-0.037369077,-0.039071853
6455000000.000000,-0.007971511,0.007971511,-0.020359582,-0.022055368,-10.202976641002,-10.202976641002,-0.028331093,-0.030026879
6456000000.000000,-0.012396143,0.012396143,-0.016858604,-0.018547142,-10.213317716820,-10.213317716820,-0.029254747,-0.030943285
6457000000.000000,-0.034150922,0.034150922,-0.013322050,-0.015003087,-10.223658792638,-10.223658792638,-0.047472972,-0.049154009
6458000000.000000,-0.027071200,0.027071200,-0.009750477,-0.011423758,-10.233999868457,-10.233999868457,-0.036821677,-0.038494958
6459000000.000000,-0.029271531,0.029271531,-0.006144453,-0.007809727,-10.244340944275,-10.244340944275,-0.035415984,-0.037081258
6460000000.000000,-0.022243817,0.022243817,-0.002504559,-0.004161575,-10.254682020093,-10.254682020093,-0.024748376,-0.026405392
6461000000.000000,-0.031181773,0.031181773,0.001168613,-0.000479895,-10.265023095911,-10.265023095911,-0.030013160,-0.031661668
6462000000.000000,-0.019611175,0.019611175,0.004874456,0.003234705,-10.275364171729,-10.275364171729,-0.014736719,-0.016376470
6463000000.000000,-0.051682687,0.051682687,0.008612353,0.006981606,-10.285705247547,-10.285705247547,-0.043070334,-0.044701081
6464000000.000000,-0.035179444,0.035179444,0.012381674,0.010760177,-10.296046323365,-10.296046323365,-0.022797770,-0.024419267
6465000000.000000,-0.039330026,0.039330026,0.016181776,0.014569775,-10.306387399183,-10.306387399183,-0.023148250,-0.024760251
6466000000.000000,-0.048709575,0.048709575,0.020012006,0.018409743,-10.316728475001,-10.316728475001,-0.028697569,-0.030299832
6467000000.000000,-0.045993625,0.045993625,0.023871695,0.022279413,-10.327069550819,-10.327069550819,-0.022121930,-0.023714212
6468000000.000000,-0.040889692,0.040889692,0.027760165,0.026178104,-10.337410626637,-10.337410626637,-0.013129527,-0.014711588
6469000000.000000,-0.054856051,0.054856051,0.031676724,0.030105124,-10.347751702455,-10.347751702455,-0.023179327,-0.024750927
6470000000.000000,-0.079526118,0.079526118,0.035620668,0.034059767,-10.358092778273,-10.358092778273,-0.043905450,-0.045466351
6471000000.000000,-0.074970721,0.074970721,0.039591281,0.038041316,-10.368433854091,-10.368433854091,-0.035379440,-0.036929405
6472000000.000000,-0.051144591,0.051144591,0.043587836,0.042049041,-10.378774929909,-10.378774929909,-0.007556755,-0.009095550
6473000000.000000,-0.063918113,0.063918113,0.047609590,0.046082201,-10.389116005728,-10.389116005728,-0.016308523,-0.017835912
6474000000.000000,-0.074678653,0.074678653,0.051655792,0.050140040,-10.399457081546,-10.399457081546,-0.023022861,-0.024538613
6475000000.000000,-0.083119349,0.083119349,0.055725678,0.054221793,-10.409798157364,-10.409798157364,-0.027393671,-0.028897556
6476000000.000000,-0.087511737,0.087511737,0.059818469,0.058326682,-10.420139233182,-10.420139233182,-0.027693268,-0.029185055
6477000000.000000,-0.062115510,0.062115510,0.063933376,0.062453915,-10.430480309000,-10.430480309000,0.001817866,0.000338405
6478000000.000000,-0.074394168,0.074394168,0.068069600,0.066602690,-10.440821384818,-10.440821384818,-0.006324568,-0.007791478
6479000000.000000,-0.090859039,0.090859039,0.072226326,0.070772192,-10.451162460636,-10.451162460636,-0.018632713,-0.020086847
6480000000.000000,-0.078915483,0.078915483,0.076402728,0.074961595,-10.461503536454,-10.461503536454,-0.002512755,-0.003953888
6481000000.000000,-0.077860858,0.077860858,0.080597971,0.079170059,-10.471844612272,-10.471844612272,0.002737113,0.001309201
6482000000.000000,-0.087281732,0.087281732,0.084811203,0.083396733,-10.482185688090,-10.482185688090,-0.002470529,-0.003884999
6483000000.000000,-0.091391809,0.091391809,0.089041565,0.087640755,-10.492526763908,-10.492526763908,-0.002350244,-0.003751054
6484000000.000000,-0.089203768,0.089203768,0.093288183,0.091901251,-10.502867839726,-10.502867839726,0.004084415,0.002697483
6485000000.000000,-0.096114984,0.096114984,0.097550172,0.096177332,-10.513208915544,-10.513208915544,0.001435188,0.000062348
6486000000.000000,-0.112943697,0.112943697,0.101826634,0.100468101,-10.523549991362,-10.523549991362,-0.011117063,-0.012475596
6487000000.000000,-0.110272323,0.110272323,0.106116661,0.104772647,-10.533891067180,-10.533891067180,-0.004155662,-0.005499676
6488000000.000000,-0.092498932,0.092498932,0.110419333,0.109090048,-10.544232142999,-10.544232142999,0.017920401,0.016591116
6489000000.000000,-0.091645898,0.091645898,0.114733718,0.113419371,-10.554573218817,-10.554573218817,0.023087820,0.021773473
6490000000.000000,-0.095040609,0.095040609,0.119058870,0.117759668,-10.564914294635,-10.564914294635,0.024018261,0.022719059
6491000000.000000,-0.093599766,0.093599766,0.123393834,0.122109984,-10.575255370453,-10.575255370453,0.029794068,0.028510218
6492000000.000000,-0.114902282,0.114902282,0.127737644,0.126469348,-10.585596446271,-10.585596446271,0.012835362,0.011567066
6493000000.000000,-0.103885518,0.103885518,0.132089319,0.130836780,-10.595937522089,-10.595937522089,0.028203801,0.026951262
6494000000.000000,-0.111447764,0.111447764,0.136447870,0.135211288,-10.606278597907,-10.606278597907,0.025000106,0.023763524
6495000000.000000,-0.107183643,0.107183643,0.140812294,0.139591868,-10.616619673725,-10.616619673725,0.033628651,0.032408225
6496000000.000000,-0.115808844,0.115808844,0.145181578,0.143977505,-10.626960749543,-10.626960749543,0.029372734,0.028168661
6497000000.000000,-0.107671054,0.107671054,0.149554695,0.148367171,-10.637301825361,-10.637301825361,0.041883641,0.040696117
6498000000.000000,-0.109496675,0.109496675,0.153930611,0.152759830,-10.647642901179,-10.647642901179,0.044433936,0.043263155
6499000000.000000,-0.123178832,0.123178832,0.158308277,0.157154429,-10.657983976997,-10.657983976997,0.035129445,0.033975597
6500000000.000000,-0.095797332,0.095797332,0.162686633,0.161549910,-10.668325052815,-10.668325052815,0.066889301,0.065752578
