freq_hz,digital_w_rad_per_sample,original_phase_rad,allpass_phase_rad,compensated_phase_rad,original_group_delay_ns,allpass_group_delay_ns,compensated_group_delay_ns,target_delay_ns
5500000000.000000,1.439896632895,-109.172017540097,1.719432219272,-107.452585320825,5.366460933,10.148941420,15.515402353,15.164223649
5501000000.000000,1.440158432283,-109.205736008581,1.655664539660,-107.550071468921,5.091426382,10.162715361,15.254141743,15.164223649
5502000000.000000,1.440420231671,-109.235998290975,1.591723771595,-107.644274519380,4.435169442,10.190234959,14.625404401,15.164223649
5503000000.000000,1.440682031059,-109.261469991522,1.527610270523,-107.733859720999,4.311575322,10.217686752,14.529262074,15.164223649
5504000000.000000,1.440943830447,-109.290179144406,1.463324533052,-107.826854611354,4.928859399,10.245047940,15.173907339,15.164223649
5505000000.000000,1.441205629834,-109.323407865442,1.398867201147,-107.924540664295,5.312538106,10.272295067,15.584833173,15.164223649
5506000000.000000,1.441467429222,-109.356938467150,1.334239066183,-108.022699400967,4.652374759,10.299404042,14.951778801,15.164223649
5507000000.000000,1.441729228610,-109.381871330899,1.269441072848,-108.112430258051,4.386769065,10.326350169,14.713119234,15.164223649
5508000000.000000,1.441991027998,-109.412064233020,1.204474322861,-108.207589910159,4.810233633,10.353108176,15.163341809,15.164223649
5509000000.000000,1.442252827386,-109.442318509479,1.139340078493,-108.302978430986,4.908565848,10.379652249,15.288218097,15.164223649
5510000000.000000,1.442514626773,-109.473747090652,1.074039765857,-108.399707324795,4.708817384,10.405956068,15.114773452,15.164223649
5511000000.000000,1.442776426161,-109.501491253886,1.008574977950,-108.492916275936,4.570888631,10.431992853,15.002881484,15.164223649
5512000000.000000,1.443038225549,-109.531186571220,0.942947477422,-108.588239093798,4.425065694,10.457735406,14.882801100,15.164223649
5513000000.000000,1.443300024937,-109.557098269386,0.877159199047,-108.679939070339,4.185673031,10.483156163,14.668829194,15.164223649
5514000000.000000,1.443561824325,-109.583785289793,0.811212251867,-108.772573037926,4.648370535,10.508227244,15.156597779,15.164223649
5515000000.000000,1.443823623712,-109.615511416279,0.745108920999,-108.870402495280,4.789926336,10.532920512,15.322846848,15.164223649
5516000000.000000,1.444085423100,-109.643977279346,0.678851669064,-108.965125610282,4.346628864,10.557207633,14.903836497,15.164223649
5517000000.000000,1.444347222488,-109.670132765508,0.612443137227,-109.057689628281,4.797216842,10.581060142,15.378276984,15.164223649
5518000000.000000,1.444609021876,-109.704260884106,0.545886145826,-109.158374738280,4.886094483,10.604449507,15.490543990,15.164223649
5519000000.000000,1.444870821264,-109.731533239636,0.479183694563,-109.252349545073,4.376370007,10.627347202,15.003717209,15.164223649
5520000000.000000,1.445132620651,-109.759255971565,0.412338962240,-109.346917009325,4.460563825,10.649724781,15.110288606,15.164223649
5521000000.000000,1.445394420039,-109.787586337815,0.345355306028,-109.442231031787,4.680859931,10.671553953,15.352413884,15.164223649
5522000000.000000,1.445656219427,-109.818077392250,0.278236260239,-109.539841132011,4.905235698,10.692806662,15.598042360,15.164223649
5523000000.000000,1.445918018815,-109.849227347548,0.210985534606,-109.638241812942,4.169568733,10.713455168,14.883023901,15.164223649
5524000000.000000,1.446179818203,-109.870473738249,0.143607012034,-109.726866726215,4.229174579,10.733472130,14.962646709,15.164223649
5525000000.000000,1.446441617590,-109.902372722701,0.076104745839,-109.826267976862,4.895822484,10.752830689,15.648653173,15.164223649
5526000000.000000,1.446703416978,-109.931996458049,0.008482956446,-109.923513501603,4.384643305,10.771504553,15.156147858,15.164223649
5527000000.000000,1.446965216366,-109.957471775486,-0.059253972450,-110.016725747936,4.695427663,10.789468086,15.484895749,15.164223649
5528000000.000000,1.447227015754,-109.991000942254,-0.127101498260,-110.118102440514,4.591626595,10.806696391,15.398322986,15.164223649
5529000000.000000,1.447488815141,-110.015171857005,-0.195054924419,-110.210226781424,4.192611940,10.823165395,15.015777335,15.164223649
5530000000.000000,1.447750614529,-110.043686857736,-0.263109405836,-110.306796263572,4.426634262,10.838851936,15.265486198,15.164223649
5531000000.000000,1.448012413917,-110.070798583720,-0.331259954876,-110.402058538596,4.119601214,10.853733843,14.973335057,15.164223649
5532000000.000000,1.448274213305,-110.095455293378,-0.399501447855,-110.494956741233,4.403525813,10.867790021,15.271315834,15.164223649
5533000000.000000,1.448536012693,-110.126134921102,-0.467828632041,-110.593963553143,4.551686209,10.881000528,15.432686737,15.164223649
5534000000.000000,1.448797812080,-110.152653469206,-0.536236133140,-110.688889602346,4.624814454,10.893346648,15.518161102,15.164223649
5535000000.000000,1.449059611468,-110.184252053558,-0.604718463255,-110.788970516813,4.331547537,10.904810971,15.236358508,15.164223649
5536000000.000000,1.449321410856,-110.207085300884,-0.673270029277,-110.880355330161,4.208207207,10.915377451,15.123584658,15.164223649
5537000000.000000,1.449583210244,-110.237133944939,-0.741885141704,-110.979019086643,4.870176436,10.925031481,15.795207917,15.164223649
5538000000.000000,1.449845009632,-110.268285742941,-0.810558023840,-111.078843766781,4.454012923,10.933759943,15.387772866,15.164223649
5539000000.000000,1.450106809019,-110.293104722048,-0.879282821355,-111.172387543403,4.139768514,10.941551267,15.081319781,15.164223649
5540000000.000000,1.450368608407,-110.320307608342,-0.948053612161,-111.268361220503,3.992483018,10.948395479,14.940878497,15.164223649
5541000000.000000,1.450630407795,-110.343275743321,-1.016864416574,-111.360140159895,4.156052329,10.954284239,15.110336568,15.164223649
5542000000.000000,1.450892207183,-110.372534102206,-1.085709207719,-111.458243309925,4.989578302,10.959210881,15.948789183,15.164223649
5543000000.000000,1.451154006571,-110.405976633478,-1.154581922141,-111.560558555619,4.547955583,10.963170439,15.511126022,15.164223649
5544000000.000000,1.451415805958,-110.429685397601,-1.223476470570,-111.653161868171,3.981671389,10.966159673,14.947831062,15.164223649
5545000000.000000,1.451677605346,-110.456011791817,-1.292386748811,-111.748398540628,4.321048245,10.968177078,15.289225323,15.164223649
5546000000.000000,1.451939404734,-110.483985291292,-1.361306648701,-111.845291939993,4.543928996,10.969222897,15.513151893,15.164223649
5547000000.000000,1.452201204122,-110.513112487623,-1.430230069091,-111.943342556714,4.595782565,10.969299119,15.565081684,15.164223649
5548000000.000000,1.452463003510,-110.541737598263,-1.499150926814,-112.040888525077,4.331845115,10.968409474,15.300254589,15.164223649
5549000000.000000,1.452724802897,-110.567548058782,-1.568063167586,-112.135611226368,4.441066701,10.966559415,15.407626116,15.164223649
5550000000.000000,1.452986602285,-110.597545688348,-1.636960776794,-112.234506465142,4.561925468,10.963756106,15.525681574,15.164223649
5551000000.000000,1.453248401673,-110.624874904925,-1.705837790140,-112.330712695065,4.191622282,10.960008384,15.151630666,15.164223649
5552000000.000000,1.453510201061,-110.650219167419,-1.774688304082,-112.424907471501,4.581384984,10.955326730,15.536711714,15.164223649
5553000000.000000,1.453772000449,-110.682446286559,-1.843506486036,-112.525952772595,4.402935282,10.949723230,15.352658512,15.164223649
5554000000.000000,1.454033799836,-110.705548083960,-1.912286584310,-112.617834668270,4.234427078,10.943211520,15.177638598,15.164223649
5555000000.000000,1.454295599224,-110.735657666560,-1.981022937713,-112.716680604273,4.721727905,10.935806744,15.657534649,15.164223649
5556000000.000000,1.454557398612,-110.764883066757,-2.049709984825,-112.814593051582,4.618772218,10.927525487,15.546297705,15.164223649
5557000000.000000,1.454819198000,-110.793698870039,-2.118342272876,-112.912041142915,4.124205026,10.918385714,15.042590740,15.164223649
5558000000.000000,1.455080997388,-110.816709355602,-2.186914466221,-113.003623821823,4.309567388,10.908406707,15.217974095,15.164223649
5559000000.000000,1.455342796775,-110.847854491024,-2.255421354369,-113.103275845393,4.474019645,10.897608987,15.371628632,15.164223649
5560000000.000000,1.455604596163,-110.872931544592,-2.323857859558,-113.196789404150,4.563288219,10.886014242,15.449302461,15.164223649
5561000000.000000,1.455866395551,-110.905198462003,-2.392219043843,-113.297417505846,4.430801078,10.873645249,15.304446327,15.164223649
5562000000.000000,1.456128194939,-110.928610633052,-2.460500115681,-113.389110748733,4.155403338,10.860525792,15.015929130,15.164223649
5563000000.000000,1.456389994327,-110.957416800396,-2.528696436008,-113.486113236404,4.653413368,10.846680580,15.500093948,15.164223649
5564000000.000000,1.456651793714,-110.987087150062,-2.596803523790,-113.583890673852,4.757050426,10.832135165,15.589185591,15.164223649
5565000000.000000,1.456913593102,-111.017195659078,-2.664817061033,-113.682012720111,4.264982470,10.816915850,15.081898320,15.164223649
5566000000.000000,1.457175392490,-111.040682500442,-2.732732897272,-113.773415397714,4.258850309,10.801049614,15.059899923,15.164223649
5567000000.000000,1.457437191878,-111.070713950456,-2.800547053502,-113.871261003958,4.505174493,10.784564015,15.289738508,15.164223649
5568000000.000000,1.457698991266,-111.097296192807,-2.868255725592,-113.965551918399,4.592976933,10.767487113,15.360464046,15.164223649
5569000000.000000,1.457960790653,-111.128431000824,-2.935855287154,-114.064286287978,4.884621518,10.749847386,15.634468904,15.164223649
5570000000.000000,1.458222590041,-111.158678157109,-3.003342291891,-114.162020449000,4.277409881,10.731673640,15.009083521,15.164223649
5571000000.000000,1.458484389429,-111.182182518661,-3.070713475429,-114.252895994090,4.239945113,10.712994936,14.952940049,15.164223649
5572000000.000000,1.458746188817,-111.211958878787,-3.137965756648,-114.349924635435,4.776634331,10.693840507,15.470474838,15.164223649
5573000000.000000,1.459007988205,-111.242207475950,-3.205096238525,-114.447303714475,4.771442001,10.674239680,15.445681681,15.164223649
5574000000.000000,1.459269787592,-111.271918587336,-3.272102208495,-114.544020795831,4.526843545,10.654221808,15.181065353,15.164223649
5575000000.000000,1.459531586980,-111.299093469649,-3.338981138374,-114.638074608023,4.234516018,10.633816194,14.868332212,15.164223649
5576000000.000000,1.459793386368,-111.325131084994,-3.405730683828,-114.730861768822,4.700908794,10.613052023,15.313960817,15.164223649
5577000000.000000,1.460055185756,-111.358166831783,-3.472348683439,-114.830515515222,4.534497410,10.591958301,15.126455711,15.164223649
5578000000.000000,1.460316985144,-111.382113259992,-3.538833157376,-114.920946417368,4.419619197,10.570563795,14.990182992,15.164223649
5579000000.000000,1.460578784531,-111.413705404585,-3.605182305689,-115.018887710274,5.027305196,10.548896969,15.576202165,15.164223649
5580000000.000000,1.460840583919,-111.445288240281,-3.671394506266,-115.116682746547,4.614300204,10.526985939,15.141286143,15.164223649
5581000000.000000,1.461102383307,-111.471690411072,-3.737468312455,-115.209158723527,4.601395111,10.504858418,15.106253529,15.164223649
5582000000.000000,1.461364182695,-111.503111076592,-3.803402450398,-115.306513526990,4.847338244,10.482541671,15.329879915,15.164223649
5583000000.000000,1.461625982083,-111.532603859934,-3.869195816077,-115.401799676011,4.421983696,10.460062476,14.882046172,15.164223649
5584000000.000000,1.461887781470,-111.558679362572,-3.934847472121,-115.493526834693,4.872988955,10.437447082,15.310436037,15.164223649
5585000000.000000,1.462149580858,-111.593839645142,-4.000356644378,-115.594196289520,4.914611105,10.414721177,15.329332282,15.164223649
5586000000.000000,1.462411380246,-111.620438187147,-4.065722718281,-115.686160905428,4.386241615,10.391909858,14.778151473,15.164223649
5587000000.000000,1.462673179634,-111.648958782874,-4.130945235046,-115.779904017920,4.851016716,10.369037601,15.220054317,15.164223649
5588000000.000000,1.462934979022,-111.681397861061,-4.196023887693,-115.877421748754,4.816280290,10.346128241,15.162408531,15.164223649
5589000000.000000,1.463196778409,-111.709481945975,-4.260958516949,-115.970440462924,4.759739670,10.323204950,15.082944620,15.164223649
5590000000.000000,1.463458577797,-111.741210513782,-4.325749107023,-116.066959620805,4.801771737,10.300290220,15.102061957,15.164223649
5591000000.000000,1.463720377185,-111.769822789222,-4.390395781290,-116.160218570512,4.820610373,10.277405851,15.098016224,15.164223649
5592000000.000000,1.463982176573,-111.801788090319,-4.454898797904,-116.256686888223,4.954171862,10.254572940,15.208744802,15.164223649
5593000000.000000,1.464243975961,-111.832078748932,-4.519258545347,-116.351337294280,4.824767791,10.231811872,15.056579663,15.164223649
5594000000.000000,1.464505775348,-111.862417910515,-4.583475537942,-116.445893448457,4.971632151,10.209142316,15.180774467,15.164223649
5595000000.000000,1.464767574736,-111.894554121099,-4.647550411343,-116.542104532442,4.895171205,10.186583223,15.081754428,15.164223649
5596000000.000000,1.465029374124,-111.923932446101,-4.711483918013,-116.635416364114,4.558686814,10.164152825,14.722839639,15.164223649
5597000000.000000,1.465291173512,-111.951840269115,-4.775276922721,-116.727117191836,5.256939844,10.141868638,15.398808482,15.164223649
5598000000.000000,1.465552972900,-111.989993100479,-4.838930398041,-116.828923498520,5.249931413,10.119747466,15.369678879,15.164223649
5599000000.000000,1.465814772287,-112.017812852953,-4.902445419898,-116.920258272851,4.950806466,10.097805405,15.048611871,15.164223649
5600000000.000000,1.466076571675,-112.052206769370,-4.965823163154,-117.018029932524,5.013799604,10.076057856,15.089857460,15.164223649
5601000000.000000,1.466338371063,-112.080818116963,-5.029064897245,-117.109883014208,4.378788147,10.054519527,14.433307674,15.164223649
5602000000.000000,1.466600170451,-112.107232244061,-5.092171981885,-117.199404225946,4.907675606,10.033204452,14.940880058,15.164223649
5603000000.000000,1.466861969839,-112.142489787477,-5.155145862840,-117.297635650317,5.524341814,10.012125996,15.536467810,15.164223649
5604000000.000000,1.467123769226,-112.176653170696,-5.217988067786,-117.394641238482,5.107896934,9.991296872,15.099193806,15.164223649
5605000000.000000,1.467385568614,-112.206677513405,-5.280700202247,-117.487377715652,5.011326279,9.970729154,14.982055433,15.164223649
5606000000.000000,1.467647368002,-112.239627353984,-5.343283945630,-117.582911299614,5.306094577,9.950434294,15.256528871,15.164223649
5607000000.000000,1.467909167390,-112.273355864380,-5.405741047356,-117.679096911736,5.145686151,9.930423134,15.076109285,15.164223649
5608000000.000000,1.468170966778,-112.304289953226,-5.468073323090,-117.772363276316,4.736546544,9.910705927,14.647252471,15.164223649
5609000000.000000,1.468432766165,-112.332877063681,-5.530282651082,-117.863159714763,5.054294852,9.891292350,14.945587202,15.164223649
5610000000.000000,1.468694565553,-112.367804095534,-5.592370968611,-117.960175064145,5.375599702,9.872191523,15.247791225,15.164223649
5611000000.000000,1.468956364941,-112.400428841806,-5.654340268538,-118.054769110344,5.197668503,9.853412029,15.051080532,15.164223649
5612000000.000000,1.469218164329,-112.433119924270,-5.716192595980,-118.149312520250,4.990123422,9.834961927,14.825085349,15.164223649
5613000000.000000,1.469479963717,-112.463136582136,-5.777930045085,-118.241066627221,5.376517073,9.816848773,15.193365846,15.164223649
5614000000.000000,1.469741763104,-112.500683230427,-5.839554755931,-118.340237986358,5.443165105,9.799079641,15.242244746,15.164223649
5615000000.000000,1.470003562492,-112.531537412165,-5.901068911534,-118.432606323699,5.255227395,9.781661134,15.036888529,15.164223649
5616000000.000000,1.470265361880,-112.566722365540,-5.962474734970,-118.529197100510,5.053509208,9.764599409,14.818108617,15.164223649
5617000000.000000,1.470527161268,-112.595041681773,-6.023774486612,-118.618816168385,5.137149440,9.747900191,14.885049631,15.164223649
5618000000.000000,1.470788960656,-112.631277689299,-6.084970461479,-118.716248150778,5.697301362,9.731568790,15.428870152,15.164223649
5619000000.000000,1.471050760043,-112.666636082194,-6.146064986691,-118.812701068885,5.548285388,9.715610124,15.263895512,15.164223649
5620000000.000000,1.471312559431,-112.700999499765,-6.207060419046,-118.908059918811,5.172939104,9.700028730,14.872967834,15.164223649
5621000000.000000,1.471574358819,-112.731641152139,-6.267959142685,-118.999600294824,5.441855516,9.684828784,15.126684300,15.164223649
5622000000.000000,1.471836158207,-112.769383873011,-6.328763566885,-119.098147439896,5.508067030,9.670014118,15.178081148,15.164223649
5623000000.000000,1.472097957595,-112.800857563802,-6.389476123933,-119.190333687735,5.076564009,9.655588233,14.732152242,15.164223649
5624000000.000000,1.472359756982,-112.833177857796,-6.450099267120,-119.283277124916,5.355242932,9.641554320,14.996797252,15.164223649
5625000000.000000,1.472621556370,-112.868153531221,-6.510635468819,-119.378789000040,5.542668639,9.627915271,15.170583910,15.164223649
5626000000.000000,1.472883355758,-112.902829086112,-6.571087218665,-119.473916304777,5.243178139,9.614673697,14.857851836,15.164223649
5627000000.000000,1.473145155146,-112.934041250909,-6.631457021828,-119.565498272737,5.310068474,9.601831938,14.911900412,15.164223649
5628000000.000000,1.473406954534,-112.969557374547,-6.691747397374,-119.661304771921,5.532395659,9.589392083,15.121787742,15.164223649
5629000000.000000,1.473668753921,-113.003563385139,-6.751960876709,-119.755524261848,5.539184127,9.577355979,15.116540106,15.164223649
5630000000.000000,1.473930553309,-113.039164815190,-6.812100002116,-119.851264817306,5.401767480,9.565725247,14.967492727,15.164223649
5631000000.000000,1.474192352697,-113.071443997259,-6.872167325362,-119.943611322621,5.637668558,9.554501292,15.192169850,15.164223649
5632000000.000000,1.474454152085,-113.110009847696,-6.932165406392,-120.042175254088,5.826450886,9.543685317,15.370136203,15.164223649
5633000000.000000,1.474715951473,-113.144661338461,-6.992096812085,-120.136758150546,5.531495466,9.533278333,15.064773799,15.164223649
5634000000.000000,1.474977750860,-113.179520669776,-7.051964115098,-120.231484784874,5.384205551,9.523281172,14.907486723,15.164223649
5635000000.000000,1.475239550248,-113.212321260883,-7.111769892760,-120.324091153643,5.520553517,9.513694496,15.034248013,15.164223649
5636000000.000000,1.475501349636,-113.248893991262,-7.171516726047,-120.420410717309,5.739478015,9.504518807,15.243996822,15.164223649
5637000000.000000,1.475763149024,-113.284445668752,-7.231207198603,-120.515652867355,5.759001638,9.495754459,15.254756097,15.164223649
5638000000.000000,1.476024948412,-113.321263740216,-7.290843895836,-120.612107636052,5.268973367,9.487401662,14.756375029,15.164223649
5639000000.000000,1.476286747799,-113.350657540838,-7.350429404053,-120.701086944891,5.370737445,9.479460497,14.850197942,15.164223649
5640000000.000000,1.476548547187,-113.388754417419,-7.409966309662,-120.798720727081,5.808727582,9.471930919,15.280658501,15.164223649
5641000000.000000,1.476810346575,-113.423652164426,-7.469457198415,-120.893109362841,5.630313581,9.464812768,15.095126349,15.164223649
5642000000.000000,1.477072145963,-113.459507024559,-7.528904654700,-120.988411679259,5.653526406,9.458105774,15.111632180,15.164223649
5643000000.000000,1.477333945351,-113.494696472520,-7.588311260876,-121.083007733396,5.560270965,9.451809563,15.012080528,15.164223649
5644000000.000000,1.477595744738,-113.529379450216,-7.647679596649,-121.177059046865,5.605551079,9.445923668,15.051474747,15.164223649
5645000000.000000,1.477857544126,-113.565137904871,-7.707012238487,-121.272150143358,5.823648869,9.440447530,15.264096399,15.164223649
5646000000.000000,1.478119343514,-113.602561580231,-7.766311759072,-121.368873339303,5.679583010,9.435380503,15.114963513,15.164223649
5647000000.000000,1.478381142902,-113.636509649906,-7.825580726778,-121.462090376684,5.739337615,9.430721865,15.170059480,15.164223649
5648000000.000000,1.478642942290,-113.674684223776,-7.884821705184,-121.559505928960,5.640272351,9.426470814,15.066743165,15.164223649
5649000000.000000,1.478904741677,-113.707387402640,-7.944037252615,-121.651424655255,5.362777199,9.422626481,14.785403680,15.164223649
5650000000.000000,1.479166541065,-113.742074869580,-8.003229921705,-121.745304791285,5.817358946,9.419187926,15.236546872,15.164223649
5651000000.000000,1.479428340453,-113.780490491155,-8.062402258984,-121.842892750139,5.650653895,9.416154147,15.066808042,15.164223649
5652000000.000000,1.479690139841,-113.813083080638,-8.121556804481,-121.934639885119,5.481195374,9.413524079,14.894719453,15.164223649
5653000000.000000,1.479951939229,-113.849369223630,-8.180696091352,-122.030065314982,5.690315839,9.411296599,15.101612438,15.164223649
5654000000.000000,1.480213738616,-113.884589698385,-8.239822645511,-122.124412343896,5.604189415,9.409470528,15.013659943,15.164223649
5655000000.000000,1.480475538004,-113.919793544814,-8.298938985290,-122.218732530104,5.926931099,9.408044630,15.334975729,15.164223649
5656000000.000000,1.480737337392,-113.959069711179,-8.358047621092,-122.317117332271,5.890508681,9.407017619,15.297526300,15.164223649
5657000000.000000,1.480999136780,-113.993815860011,-8.417151055065,-122.410966915076,5.454347094,9.406388154,14.860735248,15.164223649
5658000000.000000,1.481260936168,-114.027611058219,-8.476251780772,-122.503862838991,5.541987661,9.406154843,14.948142504,15.164223649
5659000000.000000,1.481522735555,-114.063458530895,-8.535352282878,-122.598810813773,5.858861489,9.406316245,15.265177734,15.164223649
5660000000.000000,1.481784534943,-114.101235683072,-8.594455036820,-122.695690719892,5.935966544,9.406870866,15.342837410,15.164223649
5661000000.000000,1.482046334331,-114.138052086436,-8.653562508497,-122.791614594933,5.735265122,9.407817161,15.143082283,15.164223649
5662000000.000000,1.482308133719,-114.173307150172,-8.712677153939,-122.885984304111,5.623373064,9.409153535,15.032526599,15.164223649
5663000000.000000,1.482569933107,-114.208717476458,-8.771801418984,-122.980518895442,5.841124586,9.410878338,15.252002924,15.164223649
5664000000.000000,1.482831732494,-114.246708886519,-8.830937738945,-123.077646625464,5.634485355,9.412989869,15.047475224,15.164223649
5665000000.000000,1.483093531882,-114.279522507654,-8.890088538263,-123.169611045917,5.689539255,9.415486368,15.105025623,15.164223649
5666000000.000000,1.483355331270,-114.318205745422,-8.949256230161,-123.267461975583,5.519201570,9.418366022,14.937567592,15.164223649
5667000000.000000,1.483617130658,-114.348878840084,-9.008443216272,-123.357322056356,5.554989439,9.421626955,14.976616394,15.164223649
5668000000.000000,1.483878930046,-114.388011801468,-9.067651886263,-123.455663687731,5.955940251,9.425267232,15.381207483,15.164223649
5669000000.000000,1.484140729433,-114.423723392633,-9.126884617443,-123.550608010076,5.739653208,9.429284852,15.168938060,15.164223649
5670000000.000000,1.484402528821,-114.460138410874,-9.186143774342,-123.646282185216,5.889846598,9.433677748,15.323524346,15.164223649
5671000000.000000,1.484664328209,-114.497737387839,-9.245431708287,-123.743169096126,5.628303210,9.438443783,15.066746993,15.164223649
5672000000.000000,1.484926127597,-114.530865754945,-9.304750756939,-123.835616511884,5.520802093,9.443580742,14.964382835,15.164223649
5673000000.000000,1.485187926985,-114.567113833022,-9.364103243823,-123.931217076845,5.604398477,9.449086338,15.053484815,15.164223649
5674000000.000000,1.485449726372,-114.601292703281,-9.423491477824,-124.024784181105,5.415161005,9.454958196,14.870119201,15.164223649
5675000000.000000,1.485711525760,-114.635162753142,-9.482917752654,-124.118080505796,6.139419855,9.461193858,15.600613713,15.164223649
5676000000.000000,1.485973325148,-114.678442928537,-9.542384346301,-124.220827274838,5.872427961,9.467790776,15.340218737,15.164223649
5677000000.000000,1.486235124536,-114.708957859305,-9.601893520442,-124.310851379747,5.199608382,9.474746303,14.674354685,15.164223649
5678000000.000000,1.486496923924,-114.743783134513,-9.661447519821,-124.405230654334,5.478352985,9.482057693,14.960410678,15.164223649
5679000000.000000,1.486758723311,-114.777800873276,-9.721048571601,-124.498849444877,5.670145192,9.489722094,15.159867286,15.164223649
5680000000.000000,1.487020522699,-114.815036280432,-9.780698884683,-124.595735165115,5.813054238,9.497736541,15.310790779,15.164223649
5681000000.000000,1.487282322087,-114.850849867226,-9.840400648977,-124.691250516203,5.927283498,9.506097953,15.433381451,15.164223649
5682000000.000000,1.487544121475,-114.889520721608,-9.900156034653,-124.789676756261,5.578282149,9.514803123,15.093085272,15.164223649
5683000000.000000,1.487805920863,-114.920948628103,-9.959967191338,-124.880915819441,5.092281488,9.523848715,14.616130203,15.164223649
5684000000.000000,1.488067720250,-114.953512218060,-10.019836247286,-124.973348465346,5.660805625,9.533231259,15.194036884,15.164223649
5685000000.000000,1.488329519638,-114.992084409560,-10.079765308494,-125.071849718054,6.009298278,9.542947139,15.552245417,15.164223649
5686000000.000000,1.488591319026,-115.029027287353,-10.139756457788,-125.168783745141,5.242879361,9.552992590,14.795871951,15.164223649
5687000000.000000,1.488853118414,-115.057968374693,-10.199811753859,-125.257780128552,4.871452933,9.563363691,14.434816624,15.164223649
5688000000.000000,1.489114917802,-115.090243770345,-10.259933230256,-125.350177000600,5.702705611,9.574056357,15.276761968,15.164223649
5689000000.000000,1.489376717189,-115.129630686903,-10.320122894329,-125.449753581232,6.114440493,9.585066331,15.699506824,15.164223649
5690000000.000000,1.489638516577,-115.167080095676,-10.380382726140,-125.547462821816,5.599712612,9.596389179,15.196101791,15.164223649
5691000000.000000,1.489900315965,-115.199998750925,-10.440714677309,-125.640713428234,5.441299257,9.608020278,15.049319535,15.164223649
5692000000.000000,1.490162115353,-115.235457478768,-10.501120669823,-125.736578148591,5.730011868,9.619954814,15.349966682,15.164223649
5693000000.000000,1.490423914741,-115.272004203686,-10.561602594798,-125.833606798484,5.392379947,9.632187771,15.024567718,15.164223649
5694000000.000000,1.490685714128,-115.303220123678,-10.622162311185,-125.925382434863,5.241132247,9.644713924,14.885846171,15.164223649
5695000000.000000,1.490947513516,-115.337866213940,-10.682801644432,-126.020667858372,5.352802031,9.657527829,15.010329860,15.164223649
5696000000.000000,1.491209312904,-115.370485417820,-10.743522385097,-126.114007802917,5.420986220,9.670623819,15.091610039,15.164223649
5697000000.000000,1.491471112292,-115.405988335875,-10.804326287413,-126.210314623288,5.731499095,9.683995995,15.415495090,15.164223649
5698000000.000000,1.491732911680,-115.442509559624,-10.865215067795,-126.307724627419,5.088772094,9.697638216,14.786410310,15.164223649
5699000000.000000,1.491994711067,-115.469935731985,-10.926190403316,-126.396126135301,5.359397758,9.711544094,15.070941852,15.164223649
5700000000.000000,1.492256510455,-115.509857738116,-10.987253930113,-126.497111668229,5.855537935,9.725706984,15.581244919,15.164223649
5701000000.000000,1.492518309843,-115.543518591820,-11.048407241766,-126.591925833586,5.095097130,9.740119980,14.835217110,15.164223649
5702000000.000000,1.492780109231,-115.573884616967,-11.109651887615,-126.683536504582,5.120983072,9.754775904,14.875758976,15.164223649
5703000000.000000,1.493041908619,-115.607870763015,-11.170989371040,-126.778860134055,5.411017147,9.769667301,15.180684448,15.164223649
5704000000.000000,1.493303708006,-115.641881463839,-11.232421147697,-126.874302611536,5.306661475,9.784786430,15.091447905,15.164223649
5705000000.000000,1.493565507394,-115.674556237835,-11.293948623705,-126.968504861540,5.343356386,9.800125261,15.143481647,15.164223649
5706000000.000000,1.493827306782,-115.709028060504,-11.355573153797,-127.064601214301,5.192107578,9.815675465,15.007783043,15.164223649
5707000000.000000,1.494089106170,-115.739802185924,-11.417296039433,-127.157098225357,5.296810460,9.831428411,15.128238871,15.164223649
5708000000.000000,1.494350905558,-115.775589743820,-11.479118526875,-127.254708270695,5.130347794,9.847375156,14.977722950,15.164223649
5709000000.000000,1.494612704945,-115.804272037689,-11.541041805227,-127.345313842916,5.346215549,9.863506447,15.209721996,15.164223649
5710000000.000000,1.494874504333,-115.842772269788,-11.603067004444,-127.445839274232,5.497571187,9.879812708,15.377383895,15.164223649
5711000000.000000,1.495136303721,-115.873356554698,-11.665195193321,-127.538551748019,5.038628477,9.896284044,14.934912521,15.164223649
5712000000.000000,1.495398103109,-115.906089542613,-11.727427377441,-127.633516920054,5.201235209,9.912910229,15.114145438,15.164223649
5713000000.000000,1.495659902497,-115.938717203990,-11.789764497125,-127.728481701115,4.960341793,9.929680712,14.890022505,15.164223649
5714000000.000000,1.495921701884,-115.968423035954,-11.852207425345,-127.820630461299,5.116249945,9.946584606,15.062834551,15.164223649
5715000000.000000,1.496183501272,-116.003009896952,-11.914756965637,-127.917766862589,5.317254515,9.963610696,15.280865211,15.164223649
5716000000.000000,1.496445300660,-116.035241626840,-11.977413850007,-128.012655476847,5.206763683,9.980747428,15.187511111,15.164223649
5717000000.000000,1.496707100048,-116.068440019094,-12.040178736828,-128.108618755922,5.137607399,9.997982918,15.135590317,15.164223649
5718000000.000000,1.496968899436,-116.099802705490,-12.103052208748,-128.202854914238,5.090717009,10.015304947,15.106021956,15.164223649
5719000000.000000,1.497230698823,-116.132411855722,-12.166034770604,-128.298446626326,4.993823978,10.032700966,15.026524944,15.164223649
5720000000.000000,1.497492498211,-116.162556948386,-12.229126847352,-128.391683795738,4.921963373,10.050158100,14.972121473,15.164223649
5721000000.000000,1.497754297599,-116.194263071620,-12.292328782020,-128.486591853640,5.158964316,10.067663148,15.226627464,15.164223649
5722000000.000000,1.498016096987,-116.227386405967,-12.355640833686,-128.583027239653,5.488307151,10.085202591,15.573509742,15.164223649
5723000000.000000,1.498277896375,-116.263231173331,-12.419063175500,-128.682294348831,5.042167781,10.102762599,15.144930380,15.164223649
5724000000.000000,1.498539695762,-116.290748155004,-12.482595892740,-128.773344047744,4.879796332,10.120329038,15.000125370,15.164223649
5725000000.000000,1.498801495150,-116.324552502567,-12.546238980925,-128.870791483492,4.885155621,10.137887474,15.023043095,15.164223649
5726000000.000000,1.499063294538,-116.352136831048,-12.609992343984,-128.962129175032,4.536143448,10.155423191,14.691566639,15.164223649
5727000000.000000,1.499325093926,-116.381555362290,-12.673855792494,-129.055411154784,4.927323532,10.172921198,15.100244730,15.164223649
5728000000.000000,1.499586893314,-116.414055404692,-12.737829041991,-129.151884446683,5.090139741,10.190366240,15.280505981,15.164223649
5729000000.000000,1.499848692701,-116.445519944754,-12.801911711366,-129.247431656120,5.164075631,10.207742816,15.371818447,15.164223649
5730000000.000000,1.500110492089,-116.478949092951,-12.866103321356,-129.345052414307,5.054665182,10.225035192,15.279700374,15.164223649
5731000000.000000,1.500372291477,-116.509038740761,-12.930403293131,-129.439442033892,4.557687570,10.242227417,14.799914987,15.164223649
5732000000.000000,1.500634090865,-116.536222684094,-12.994810946996,-129.531033631090,4.850048759,10.259303345,15.109352104,15.164223649
5733000000.000000,1.500895890253,-116.569986250970,-13.059325501210,-129.629311752180,5.006188236,10.276246651,15.282434887,15.164223649
5734000000.000000,1.501157689640,-116.599132300830,-13.123946070933,-129.723078371763,4.490753885,10.293040853,14.783794738,15.164223649
5735000000.000000,1.501419489028,-116.626418728624,-13.188671667314,-129.815090395938,4.778986738,10.309669336,15.088656074,15.164223649
5736000000.000000,1.501681288416,-116.659186819345,-13.253501196718,-129.912688016063,5.111380378,10.326115374,15.437495752,15.164223649
5737000000.000000,1.501943087804,-116.690650228803,-13.318433460113,-130.009083688916,4.795710007,10.342362158,15.138072165,15.164223649
5738000000.000000,1.502204887192,-116.719451488656,-13.383467152620,-130.102918641276,4.782793516,10.358392818,15.141186334,15.164223649
5739000000.000000,1.502466686579,-116.750752584691,-13.448600863229,-130.199353447920,4.911360820,10.374190455,15.285551275,15.164223649
5740000000.000000,1.502728485967,-116.781169468941,-13.513833074704,-130.295002543645,4.444377877,10.389738170,14.834116047,15.164223649
5741000000.000000,1.502990285355,-116.806602284245,-13.579162163661,-130.385764447906,4.611471338,10.405019091,15.016490429,15.164223649
5742000000.000000,1.503252084743,-116.839118926847,-13.644586400854,-130.483705327701,5.095972220,10.420016408,15.515988628,15.164223649
5743000000.000000,1.503513884131,-116.870640159805,-13.710103951652,-130.580744111457,4.774503335,10.434713403,15.209216738,15.164223649
5744000000.000000,1.503775683518,-116.899117105256,-13.775712876726,-130.674829981982,4.711815624,10.449093483,15.160909107,15.164223649
5745000000.000000,1.504037482906,-116.929850581203,-13.841411132948,-130.771261714151,4.669845195,10.463140219,15.132985414,15.164223649
5746000000.000000,1.504299282294,-116.957800110691,-13.907196574506,-130.864996685197,4.378515551,10.476837372,14.855352923,15.164223649
5747000000.000000,1.504561081682,-116.984872630352,-13.973066954237,-130.957939584589,4.763171255,10.490168938,15.253340193,15.164223649
5748000000.000000,1.504822881070,-117.017655885976,-14.039019925194,-131.056675811170,4.938216749,10.503119177,15.441335926,15.164223649
5749000000.000000,1.505084680457,-117.046928092198,-14.105053042426,-131.151981134624,4.567478113,10.515672652,15.083150765,15.164223649
5750000000.000000,1.505346479845,-117.075052508715,-14.171163764996,-131.246216273711,4.353414239,10.527814264,14.881228503,15.164223649
5751000000.000000,1.505608279233,-117.101634708968,-14.237349458225,-131.338984167193,4.497436434,10.539529291,15.036965725,15.164223649
5752000000.000000,1.505870078621,-117.131568961755,-14.303607396166,-131.435176357921,4.965123257,10.550803421,15.515926678,15.164223649
5753000000.000000,1.506131878009,-117.164028287960,-14.369934764299,-131.533963052259,4.603928407,10.561622792,15.165551199,15.164223649
5754000000.000000,1.506393677396,-117.189423632404,-14.436328662461,-131.625752294865,4.367487395,10.571974022,14.939461417,15.164223649
5755000000.000000,1.506655476784,-117.218911753216,-14.502786107990,-131.721697861206,5.062914768,10.581844250,15.644759018,15.164223649
5756000000.000000,1.506917276172,-117.253046095767,-14.569304039091,-131.822350134858,4.517559753,10.591221165,15.108780918,15.164223649
5757000000.000000,1.507179075560,-117.275681083347,-14.635879318411,-131.911560401758,4.312656740,10.600093044,14.912749784,15.164223649
5758000000.000000,1.507440874948,-117.307240538697,-14.702508736824,-132.009749275521,4.777467731,10.608448779,15.385916510,15.164223649
5759000000.000000,1.507702674335,-117.335716513455,-14.769189017408,-132.104905530863,4.300748951,10.616277912,14.917026863,15.164223649
5760000000.000000,1.507964473723,-117.361285343940,-14.835916819617,-132.197202163557,4.627218268,10.623570665,15.250788933,15.164223649
5761000000.000000,1.508226273111,-117.393863853122,-14.902688743631,-132.296552596753,4.880016491,10.630317962,15.510334453,15.164223649
5762000000.000000,1.508488072499,-117.422609439775,-14.969501334878,-132.392110774653,4.313410115,10.636511462,14.949921577,15.164223649
5763000000.000000,1.508749871886,-117.448067763242,-15.036351088709,-132.484418851951,4.782589551,10.642143579,15.424733130,15.164223649
5764000000.000000,1.509011671274,-117.482709232573,-15.103234455229,-132.585943687802,4.839604043,10.647207507,15.486811550,15.164223649
5765000000.000000,1.509273470662,-117.508884021276,-15.170147844247,-132.679031865523,4.460997531,10.651697236,15.112694767,15.164223649
5766000000.000000,1.509535270050,-117.538767780855,-15.237087630364,-132.775855411219,4.324094797,10.655607574,14.979702371,15.164223649
5767000000.000000,1.509797069438,-117.563222199061,-15.304050158145,-132.867272357206,4.657965775,10.658934162,15.316899937,15.164223649
5768000000.000000,1.510058868825,-117.597301505096,-15.371031747400,-132.968333252496,4.508604357,10.661673485,15.170277842,15.164223649
5769000000.000000,1.510320668213,-117.619878992369,-15.438028698526,-133.057907690895,4.300613259,10.663822883,14.964436142,15.164223649
5770000000.000000,1.510582467601,-117.651344605174,-15.505037297915,-133.156381903089,4.533555133,10.665380561,15.198935694,15.164223649
5771000000.000000,1.510844266989,-117.676849326368,-15.572053823397,-133.248903149765,4.473716412,10.666345592,15.140062004,15.164223649
5772000000.000000,1.511106066377,-117.707562983636,-15.639074549720,-133.346637533356,4.704301341,10.666717920,15.371019261,15.164223649
5773000000.000000,1.511367865764,-117.735965320506,-15.706095754021,-133.442061074527,4.554095636,10.666498363,15.220593999,15.164223649
5774000000.000000,1.511629665152,-117.764791437217,-15.773113721308,-133.537905158525,4.293000662,10.665688606,14.958689268,15.164223649
5775000000.000000,1.511891464540,-117.789912757868,-15.840124749902,-133.630037507770,4.470673991,10.664291198,15.134965189,15.164223649
5776000000.000000,1.512153263928,-117.820971583480,-15.907125156847,-133.728096740327,4.839539417,10.662309545,15.501848962,15.164223649
5777000000.000000,1.512415063316,-117.850728203785,-15.974111283255,-133.824839487040,4.536510290,10.659747898,15.196258188,15.164223649
5778000000.000000,1.512676862703,-117.877979053085,-16.041079499584,-133.919058552669,4.779745046,10.656611338,15.436356384,15.164223649
5779000000.000000,1.512938662091,-117.910792251477,-16.108026210818,-134.018818462295,4.496433732,10.652905766,15.149339498,15.164223649
5780000000.000000,1.513200461479,-117.934482905809,-16.174947861553,-134.109430767362,4.267918945,10.648637880,14.916556825,15.164223649
5781000000.000000,1.513462260867,-117.964424502690,-16.241840940955,-134.206265443645,4.846236533,10.643815159,15.490051692,15.164223649
5782000000.000000,1.513724060255,-117.995382510168,-16.308701987587,-134.304084497755,4.500104665,10.638445836,15.138550501,15.164223649
5783000000.000000,1.513985859642,-118.020974485708,-16.375527594094,-134.396502079802,4.435548431,10.632538880,15.068087311,15.164223649
5784000000.000000,1.514247659030,-118.051121255628,-16.442314411723,-134.493435667351,4.568336625,10.626103963,15.194440588,15.164223649
5785000000.000000,1.514509458418,-118.078381896828,-16.509059154682,-134.587441051510,4.453285264,10.619151438,15.072436702,15.164223649
5786000000.000000,1.514771257806,-118.107082888701,-16.575758604310,-134.682841493010,4.659799219,10.611692307,15.271491526,15.164223649
5787000000.000000,1.515033057194,-118.136938660804,-16.642409613061,-134.779348273865,4.580483908,10.603738189,15.184222097,15.164223649
5788000000.000000,1.515294856581,-118.164642947081,-16.709009108294,-134.873652055375,4.892233517,10.595301291,15.487534808,15.164223649
5789000000.000000,1.515556655969,-118.198416280309,-16.775554095851,-134.973970376160,4.743870308,10.586394371,15.330264679,15.164223649
5790000000.000000,1.515818455357,-118.224256179520,-16.842041663424,-135.066297842944,4.099294035,10.577030706,14.676324741,15.164223649
5791000000.000000,1.516080254745,-118.249929528416,-16.908468983707,-135.158398512123,4.579337325,10.567224060,15.146561385,15.164223649
5792000000.000000,1.516342054133,-118.281801829516,-16.974833317324,-135.256635146840,5.013531595,10.556988640,15.570520235,15.164223649
5793000000.000000,1.516603853520,-118.312931424531,-17.041132015534,-135.354063440065,4.593977497,10.546339070,15.140316567,15.164223649
5794000000.000000,1.516865652908,-118.339531453333,-17.107362522705,-135.446893976038,4.623366734,10.535290347,15.158657081,15.164223649
5795000000.000000,1.517127452296,-118.371030364399,-17.173522378561,-135.544552742960,4.712060002,10.523857807,15.235917809,15.164223649
5796000000.000000,1.517389251684,-118.398744945669,-17.239609220201,-135.638354165870,4.167881565,10.512057091,14.679938656,15.164223649
5797000000.000000,1.517651051072,-118.423405508824,-17.305620783886,-135.729026292710,4.618043805,10.499904105,15.117947910,15.164223649
5798000000.000000,1.517912850459,-118.456776995634,-17.371554906603,-135.828331902237,5.032067799,10.487414987,15.519482786,15.164223649
5799000000.000000,1.518174649847,-118.486640337746,-17.437409527403,-135.924049865149,4.689744540,10.474606070,15.164350610,15.164223649
5800000000.000000,1.518436449235,-118.515710063610,-17.503182688515,-136.018892752125,4.610874249,10.461493846,15.072368095,15.164223649
5801000000.000000,1.518698248623,-118.544582292418,-17.568872536248,-136.113454828666,4.588525476,10.448094934,15.036620410,15.164223649
5802000000.000000,1.518960048011,-118.573371175310,-17.634477321674,-136.207848496984,4.716260080,10.434426048,15.150686128,15.164223649
5803000000.000000,1.519221847398,-118.603848564493,-17.699995401113,-136.303843965606,4.808786944,10.420503959,15.229290903,15.164223649
5804000000.000000,1.519483646786,-118.633800174255,-17.765425236408,-136.399225410663,4.836840695,10.406345468,15.243186163,15.164223649
5805000000.000000,1.519745446174,-118.664630097270,-17.830765395008,-136.495395492278,4.799591192,10.391967376,15.191558568,15.164223649
5806000000.000000,1.520007245562,-118.694113615968,-17.896014549870,-136.590128165838,4.613945894,10.377386452,14.991332346,15.164223649
5807000000.000000,1.520269044950,-118.722610651373,-17.961171479172,-136.683782130545,4.781441657,10.362619406,15.144061063,15.164223649
5808000000.000000,1.520530844337,-118.754198983900,-18.026235065858,-136.780434049758,5.004036564,10.347682863,15.351719427,15.164223649
5809000000.000000,1.520792643725,-118.785493229398,-18.091204297025,-136.876697526423,4.549590950,10.332593337,14.882184287,15.164223649
5810000000.000000,1.521054443113,-118.811370829916,-18.156078263143,-136.967449093059,4.640573073,10.317367209,14.957940282,15.164223649
5811000000.000000,1.521316242501,-118.843808390496,-18.220856157138,-137.064664547634,5.151368634,10.302020700,15.453389334,15.164223649
5812000000.000000,1.521578041889,-118.876104837340,-18.285537273334,-137.161642110674,4.938565965,10.286569853,15.225135818,15.164223649
5813000000.000000,1.521839841276,-118.905868240715,-18.350121006265,-137.255989246980,4.775289893,10.271030515,15.046320408,15.164223649
5814000000.000000,1.522101640664,-118.936112899931,-18.414606849371,-137.350719749302,4.591396770,10.255418312,14.846815082,15.164223649
5815000000.000000,1.522363440052,-118.963565434164,-18.478994393576,-137.442559827740,4.896906475,10.239748639,15.136655114,15.164223649
5816000000.000000,1.522625239440,-118.997649241561,-18.543283325772,-137.540932567333,5.149304772,10.224036643,15.373341415,15.164223649
5817000000.000000,1.522887038828,-119.028273506330,-18.607473427205,-137.635746933535,5.111512621,10.208297204,15.319809825,15.164223649
5818000000.000000,1.523148838215,-119.061882403560,-18.671564571776,-137.733446975336,4.769012340,10.192544928,14.961557268,15.164223649
5819000000.000000,1.523410637603,-119.088202682861,-18.735556724270,-137.823759407131,4.645840707,10.176794133,14.822634840,15.164223649
5820000000.000000,1.523672436991,-119.120263759704,-18.799449938514,-137.919713698218,5.162803812,10.161058839,15.323862651,15.164223649
5821000000.000000,1.523934236379,-119.153080388976,-18.863244355476,-138.016324744452,5.388251303,10.145352760,15.533604063,15.164223649
5822000000.000000,1.524196035767,-119.187974522544,-18.926940201314,-138.114914723858,5.285661103,10.129689296,15.415350399,15.164223649
5823000000.000000,1.524457835154,-119.219501965342,-18.990537785379,-138.210039750721,4.785232096,10.114081525,14.899313621,15.164223649
5824000000.000000,1.524719634542,-119.248107522535,-19.054037498184,-138.302145020719,4.886348505,10.098542201,14.984890706,15.164223649
5825000000.000000,1.524981433930,-119.280905631605,-19.117439809341,-138.398345440946,5.072573615,10.083083747,15.155657362,15.164223649
5826000000.000000,1.525243233318,-119.311851362552,-19.180745265479,-138.492596628031,4.980307209,10.067718252,15.048025461,15.164223649
5827000000.000000,1.525505032706,-119.343490017771,-19.243954488140,-138.587444505911,4.901294068,10.052457473,14.953751541,15.164223649
5828000000.000000,1.525766832093,-119.373442840301,-19.307068171673,-138.680511011974,5.075503558,10.037312828,15.112816386,15.164223649
5829000000.000000,1.526028631481,-119.407270676541,-19.370087081114,-138.777357757655,5.044523418,10.022295400,15.066818818,15.164223649
5830000000.000000,1.526290430869,-119.436834191146,-19.433012050078,-138.869846241224,4.880553020,10.007415935,14.887968955,15.164223649
5831000000.000000,1.526552230257,-119.468601514599,-19.495843978651,-138.964445493250,5.342012281,9.992684846,15.334697127,15.164223649
5832000000.000000,1.526814029645,-119.503963897295,-19.558583831289,-139.062547728584,5.413457351,9.978112213,15.391569564,15.164223649
5833000000.000000,1.527075829032,-119.536629025977,-19.621232634746,-139.157861660723,5.269827607,9.963707785,15.233535392,15.164223649
5834000000.000000,1.527337628420,-119.570186504084,-19.683791476011,-139.253977980095,4.868587140,9.949480989,14.818068129,15.164223649
5835000000.000000,1.527599427808,-119.597809496341,-19.746261500270,-139.344070996611,5.006507161,9.935440926,14.941948087,15.164223649
5836000000.000000,1.527861227196,-119.633100128554,-19.808643908899,-139.441744037453,5.208437028,9.921596382,15.130033410,15.164223649
5837000000.000000,1.528123026584,-119.663260646356,-19.870939957486,-139.534200603842,5.119669238,9.907955830,15.027625068,15.164223649
5838000000.000000,1.528384825971,-119.697435789620,-19.933150953887,-139.630586743507,5.497209977,9.894527437,15.391737414,15.164223649
5839000000.000000,1.528646625359,-119.732340624267,-19.995278256314,-139.727618880581,5.300112962,9.881319069,15.181432031,15.164223649
5840000000.000000,1.528908424747,-119.764038973395,-20.057323271469,-139.821362244864,5.375018934,9.868338298,15.243357232,15.164223649
5841000000.000000,1.529170224135,-119.799885104246,-20.119287452711,-139.919172556957,5.063602250,9.855592406,14.919194656,15.164223649
5842000000.000000,1.529432023523,-119.827670075918,-20.181172298269,-140.008842374187,5.279921881,9.843088397,15.123010278,15.164223649
5843000000.000000,1.529693822910,-119.866234559419,-20.242979349501,-140.109213908920,5.512179400,9.830833000,15.343012400,15.164223649
5844000000.000000,1.529955622298,-119.896938165152,-20.304710189193,-140.201648354345,5.256253382,9.818832676,15.075086058,15.164223649
5845000000.000000,1.530217421686,-119.932286587457,-20.366366439911,-140.298653027368,5.210650313,9.807093630,15.017743943,15.164223649
5846000000.000000,1.530479221074,-119.962417128131,-20.427949762392,-140.390366890523,5.168392489,9.795621811,14.964014300,15.164223649
5847000000.000000,1.530741020462,-119.997234522953,-20.489461853992,-140.486696376945,5.606125314,9.784422930,15.390548244,15.164223649
5848000000.000000,1.531002819849,-120.032865776541,-20.550904447174,-140.583770223715,5.580428926,9.773502456,15.353931382,15.164223649
5849000000.000000,1.531264619237,-120.067360261030,-20.612279308054,-140.679639569084,5.037417447,9.762865634,14.800283081,15.164223649
5850000000.000000,1.531526418625,-120.096167831120,-20.673588234990,-140.769756066110,5.087315310,9.752517487,14.839832797,15.164223649
5851000000.000000,1.531788218013,-120.131289350650,-20.734833057218,-140.866122407868,5.706319962,9.742462825,15.448782787,15.164223649
5852000000.000000,1.532050017401,-120.167875562611,-20.796015633546,-140.963891196157,5.467139554,9.732706254,15.199845808,15.164223649
5853000000.000000,1.532311816788,-120.199991452484,-20.857137851088,-141.057129303572,5.230774871,9.723252183,14.954027054,15.164223649
5854000000.000000,1.532573616176,-120.233607418238,-20.918201624051,-141.151809042289,5.338951178,9.714104830,15.053056008,15.164223649
5855000000.000000,1.532835415564,-120.267082691678,-20.979208892567,-141.246291584245,5.555981358,9.705268233,15.261249591,15.164223649
5856000000.000000,1.533097214952,-120.303425939108,-21.040161621577,-141.343587560685,5.351981294,9.696746255,15.048727549,15.164223649
5857000000.000000,1.533359014340,-120.334337672136,-21.101061799756,-141.435399471892,5.555909255,9.688542591,15.244451846,15.164223649
5858000000.000000,1.533620813727,-120.373243553906,-21.161911438486,-141.535154992392,5.534411560,9.680660777,15.215072337,15.164223649
5859000000.000000,1.533882613115,-120.403885138937,-21.222712570877,-141.626597709814,5.349544892,9.673104198,15.022649090,15.164223649
5860000000.000000,1.534144412503,-120.440467917643,-21.283467250826,-141.723935168469,5.527332647,9.665876089,15.193208736,15.164223649
5861000000.000000,1.534406211891,-120.473343649494,-21.344177552123,-141.817521201617,5.277753743,9.658979549,14.936733292,15.164223649
5862000000.000000,1.534668011279,-120.506790127186,-21.404845567600,-141.911635694786,5.672674404,9.652417545,15.325091949,15.164223649
5863000000.000000,1.534929810666,-120.544628578429,-21.465473408313,-142.010101986742,5.737972669,9.646192914,15.384165583,15.164223649
5864000000.000000,1.535191610054,-120.578895618324,-21.526063202775,-142.104958821099,5.455478716,9.640308377,15.095787093,15.164223649
5865000000.000000,1.535453409442,-120.613184145859,-21.586617096217,-142.199801242076,5.361145612,9.634766539,14.995912151,15.164223649
5866000000.000000,1.535715208830,-120.646265760998,-21.647137249890,-142.293403010888,5.495854308,9.629569897,15.125424205,15.164223649
5867000000.000000,1.535977008218,-120.682247087941,-21.707625840405,-142.389872928346,5.637600308,9.624720846,15.262321154,15.164223649
5868000000.000000,1.536238807605,-120.717109935850,-21.768085059102,-142.485194994952,5.533978586,9.620221682,15.154200268,15.164223649
5869000000.000000,1.536500606993,-120.751789113825,-21.828517111454,-142.580306225279,5.650249393,9.616074610,15.266324003,15.164223649
5870000000.000000,1.536762406381,-120.788113063786,-21.888924216505,-142.677037280291,5.429235394,9.612281747,15.041517141,15.164223649
5871000000.000000,1.537024205769,-120.820014897940,-21.949308606333,-142.769323504273,5.204578096,9.608845127,14.813423223,15.164223649
5872000000.000000,1.537286005157,-120.853515721029,-22.009672525543,-142.863188246572,5.949973509,9.605766706,15.555740215,15.164223649
5873000000.000000,1.537547804544,-120.894784470196,-22.070018230792,-142.964802700988,5.897159456,9.603048365,15.500207821,15.164223649
5874000000.000000,1.537809603932,-120.927621612324,-22.130347990328,-143.057969602652,5.332921421,9.600691916,14.933613337,15.164223649
5875000000.000000,1.538071403320,-120.961799937235,-22.190664083566,-143.152464020801,5.535747697,9.598699103,15.134446800,15.164223649
5876000000.000000,1.538333202708,-120.997185869515,-22.250968800675,-143.248154670190,5.453601458,9.597071607,15.050673065,15.164223649
5877000000.000000,1.538595002096,-121.030331914345,-22.311264442190,-143.341596356535,5.387937811,9.595811048,14.983748859,15.164223649
5878000000.000000,1.538856801483,-121.064892692901,-22.371553318647,-143.436446011548,5.601965462,9.594918990,15.196884452,15.164223649
5879000000.000000,1.539118600871,-121.100728288514,-22.431837750228,-143.532566038742,5.681410395,9.594396941,15.275807336,15.164223649
5880000000.000000,1.539380400259,-121.136287401535,-22.492120066426,-143.628407467961,5.642663627,9.594246357,15.236909984,15.164223649
5881000000.000000,1.539642199647,-121.171636090900,-22.552402605721,-143.724038696621,5.637504844,9.594468646,15.231973490,15.164223649
5882000000.000000,1.539903999035,-121.207130376747,-22.612687715274,-143.819818092021,5.582167493,9.595065163,15.177232656,15.164223649
5883000000.000000,1.540165798422,-121.241783676453,-22.672977750624,-143.914761427077,5.734148247,9.596037219,15.330185466,15.164223649
5884000000.000000,1.540427597810,-121.279187808782,-22.733275075401,-144.012462884183,5.691401994,9.597386080,15.288788074,15.164223649
5885000000.000000,1.540689397198,-121.313303943231,-22.793582061040,-144.106886004271,5.088216506,9.599112966,14.687329472,15.164223649
5886000000.000000,1.540951196586,-121.343128223166,-22.853901086504,-144.197029309670,5.213433845,9.601219053,14.814652898,15.164223649
5887000000.000000,1.541212995974,-121.378817885097,-22.914234538011,-144.293052423108,5.591927986,9.603705474,15.195633460,15.164223649
5888000000.000000,1.541474795361,-121.413398462693,-22.974584808761,-144.387983271454,5.563940452,9.606573318,15.170513770,15.164223649
5889000000.000000,1.541736594749,-121.448736422893,-23.034954298662,-144.483690721555,5.672213206,9.609823632,15.282036838,15.164223649
5890000000.000000,1.541998394137,-121.484677596049,-23.095345414059,-144.580023010108,5.631140967,9.613457417,15.244598384,15.164223649
5891000000.000000,1.542260193525,-121.519499427269,-23.155760567452,-144.675259994721,5.628859417,9.617475631,15.246335048,15.164223649
5892000000.000000,1.542521992913,-121.555411929618,-23.216202177216,-144.771614106834,5.472485044,9.621879186,15.094364230,15.164223649
5893000000.000000,1.542783792300,-121.588268702519,-23.276672667308,-144.864941369827,5.654726390,9.626668945,15.281395335,15.164223649
5894000000.000000,1.543045591688,-121.626471317154,-23.337174466966,-144.963645784120,5.675456909,9.631845726,15.307302635,15.164223649
5895000000.000000,1.543307391076,-121.659588597445,-23.397710010397,-145.057298607842,5.391449448,9.637410292,15.028859740,15.164223649
5896000000.000000,1.543569190464,-121.694222269070,-23.458281736453,-145.152504005523,5.435888650,9.643363355,15.079252005,15.164223649
5897000000.000000,1.543830989852,-121.727897988841,-23.518892088285,-145.246790077126,5.589029992,9.649705572,15.238735564,15.164223649
5898000000.000000,1.544092789239,-121.764456091329,-23.579543512991,-145.343999604320,5.366841794,9.656437540,15.023279334,15.164223649
5899000000.000000,1.544354588627,-121.795339711848,-23.640238461231,-145.435578173079,5.239772823,9.663559795,14.903332618,15.164223649
5900000000.000000,1.544616388015,-121.830301018552,-23.700979386828,-145.531280405380,5.610551982,9.671072806,15.281624788,15.164223649
5901000000.000000,1.544878187403,-121.865843987410,-23.761768746345,-145.627612733755,5.418360870,9.678976973,15.097337843,15.164223649
5902000000.000000,1.545139986791,-121.898390149373,-23.822608998633,-145.720999148006,5.399185520,9.687272621,15.086458141,15.164223649
5903000000.000000,1.545401786178,-121.933692153666,-23.883502604348,-145.817194758014,5.555934134,9.695959999,15.251894133,15.164223649
5904000000.000000,1.545663585566,-121.968208076812,-23.944452025446,-145.912660102258,5.514466368,9.705039269,15.219505637,15.164223649
5905000000.000000,1.545925384954,-122.002988981789,-24.005459724633,-146.008448706422,5.272089039,9.714510505,14.986599544,15.164223649
5906000000.000000,1.546187184342,-122.034459101582,-24.066528164790,-146.100987266372,5.022909074,9.724373685,14.747282759,15.164223649
5907000000.000000,1.546448983730,-122.066108718774,-24.127659808353,-146.193768527127,5.325148082,9.734628686,15.059776768,15.164223649
5908000000.000000,1.546710783117,-122.101376885956,-24.188857116655,-146.290234002611,5.434917163,9.745275277,15.180192440,15.164223649
5909000000.000000,1.546972582505,-122.134405902101,-24.250122549224,-146.384528451325,5.327162764,9.756313111,15.083475875,15.164223649
5910000000.000000,1.547234381893,-122.168319987568,-24.311458563041,-146.479778550609,5.524025539,9.767741720,15.291767259,15.164223649
5911000000.000000,1.547496181281,-122.203822854312,-24.372867611738,-146.576690466050,5.457514629,9.779560502,15.237075131,15.164223649
5912000000.000000,1.547757980669,-122.236901139029,-24.434352144759,-146.671253283788,5.232949966,9.791768721,15.024718687,15.164223649
5913000000.000000,1.548019780056,-122.269582042989,-24.495914606460,-146.765496649449,5.484573087,9.804365491,15.288938578,15.164223649
5914000000.000000,1.548281579444,-122.305822317105,-24.557557435153,-146.863379752258,5.280583890,9.817349768,15.097933658,15.164223649
5915000000.000000,1.548543378832,-122.335939817214,-24.619283062098,-146.955222879312,5.135846614,9.830720346,14.966566960,15.164223649
5916000000.000000,1.548805178220,-122.370361269077,-24.681093910425,-147.051455179502,5.194968728,9.844475840,15.039444568,15.164223649
5917000000.000000,1.549066977608,-122.401221719582,-24.742992394003,-147.144214113585,5.054194815,9.858614680,14.912809495,15.164223649
5918000000.000000,1.549328776995,-122.433874154284,-24.804980916233,-147.238855070517,5.086789117,9.873135099,14.959924216,15.164223649
5919000000.000000,1.549590576383,-122.465144196868,-24.867061868777,-147.332206065645,5.149832494,9.888035122,15.037867616,15.164223649
5920000000.000000,1.549852375771,-122.498588858006,-24.929237630219,-147.427826488225,5.121498939,9.903312554,15.024811493,15.164223649
5921000000.000000,1.550114175159,-122.529502850633,-24.991510564646,-147.521013415279,5.439287096,9.918964971,15.358252067,15.164223649
5922000000.000000,1.550375974547,-122.566940955537,-25.053883020157,-147.620823975694,5.154463722,9.934989702,15.089453424,15.164223649
5923000000.000000,1.550637773934,-122.594275752082,-25.116357327292,-147.710633079374,4.976956865,9.951383821,14.928340686,15.164223649
5924000000.000000,1.550899573322,-122.629483240032,-25.178935797379,-147.808419037411,5.219823616,9.968144133,15.187967749,15.164223649
5925000000.000000,1.551161372710,-122.659869990187,-25.241620720802,-147.901490710989,4.988859438,9.985267159,14.974126597,15.164223649
5926000000.000000,1.551423172098,-122.692175096676,-25.304414365182,-147.996589461858,5.175574747,10.002749125,15.178323872,15.164223649
5927000000.000000,1.551684971486,-122.724908180597,-25.367318973464,-148.092227154061,4.975746709,10.020585944,14.996332653,15.164223649
5928000000.000000,1.551946770873,-122.754702173900,-25.430336761930,-148.185038935830,5.210120543,10.038773207,15.248893750,15.164223649
5929000000.000000,1.552208570261,-122.790380486286,-25.493469918103,-148.283850404389,4.950078009,10.057306165,15.007384174,15.164223649
5930000000.000000,1.552470369649,-122.816906688728,-25.556720598577,-148.373627287305,4.896770758,10.076179712,14.972950470,15.164223649
5931000000.000000,1.552732169037,-122.851915122448,-25.620090926737,-148.472006049185,5.321453542,10.095388376,15.416841918,15.164223649
5932000000.000000,1.552993968425,-122.883778046141,-25.683582990399,-148.567361036540,4.958076700,10.114926299,15.073002999,15.164223649
5933000000.000000,1.553255767812,-122.914220151799,-25.747198839342,-148.661418991141,4.918063351,10.134787224,15.052850575,15.164223649
5934000000.000000,1.553517567200,-122.945580252919,-25.810940482753,-148.756520735672,4.709756489,10.154964480,14.864720969,15.164223649
5935000000.000000,1.553779366588,-122.973404697345,-25.874809886571,-148.848214583916,4.893887832,10.175450964,15.069338796,15.164223649
5936000000.000000,1.554041165976,-123.007078661160,-25.938808970736,-148.945887631896,4.992304544,10.196239130,15.188543674,15.164223649
5937000000.000000,1.554302965364,-123.036139846469,-26.002939606348,-149.039079452817,4.772688959,10.217320969,14.990009928,15.164223649
5938000000.000000,1.554564764751,-123.067054039445,-26.067203612717,-149.134257652162,4.678770939,10.238687998,14.917458937,15.164223649
5939000000.000000,1.554826564139,-123.094935016108,-26.131602754338,-149.226537770446,4.425129260,10.260331244,14.685460504,15.164223649
5940000000.000000,1.555088363527,-123.122661853742,-26.196138737759,-149.318800591501,4.740731875,10.282241229,15.022973104,15.164223649
5941000000.000000,1.555350162915,-123.154508809834,-26.260813208366,-149.415322018200,5.086952527,10.304407955,15.391360482,15.164223649
5942000000.000000,1.555611962303,-123.186586384495,-26.325627747086,-149.512214131581,4.871784861,10.326820894,15.198605755,15.164223649
5943000000.000000,1.555873761690,-123.215729463950,-26.390583866994,-149.606313330944,5.018286487,10.349468972,15.367755459,15.164223649
5944000000.000000,1.556135561078,-123.249648032337,-26.455683009853,-149.705331042190,4.728143299,10.372340557,15.100483856,15.164223649
5945000000.000000,1.556397360466,-123.275145064960,-26.520926542575,-149.796071607535,4.396070159,10.395423449,14.791493608,15.164223649
5946000000.000000,1.556659159854,-123.304890679199,-26.586315753607,-149.891206432806,4.407873618,10.418704867,14.826578485,15.164223649
5947000000.000000,1.556920959242,-123.330536038467,-26.651851849260,-149.982387887727,4.455229719,10.442171443,14.897401162,15.164223649
5948000000.000000,1.557182758629,-123.360876747021,-26.717535949980,-150.078412697001,5.063860617,10.465809209,15.529669826,15.164223649
5949000000.000000,1.557444558017,-123.394170387717,-26.783369086564,-150.177539474282,4.711680120,10.489603594,15.201283714,15.164223649
5950000000.000000,1.557706357405,-123.420085465624,-26.849352196340,-150.269437661964,4.230399960,10.513539414,14.743939374,15.164223649
5951000000.000000,1.557968156793,-123.447331161463,-26.915486119308,-150.362817280771,4.442760174,10.537600871,14.980361045,15.164223649
5952000000.000000,1.558229956181,-123.475914836523,-26.981771594266,-150.457686430789,4.609582058,10.561771547,15.171353605,15.164223649
5953000000.000000,1.558491755568,-123.505256877981,-27.048209254914,-150.553466132895,4.537880721,10.586034407,15.123915128,15.164223649
5954000000.000000,1.558753554956,-123.532939527464,-27.114799625962,-150.647739153426,4.441994838,10.610371795,15.052366633,15.164223649
5955000000.000000,1.559015354344,-123.561076631388,-27.181543119248,-150.742619750636,4.567246700,10.634765440,15.202012140,15.164223649
5956000000.000000,1.559277153732,-123.590333242185,-27.248440029875,-150.838773272060,4.256004120,10.659196458,14.915200578,15.164223649
5957000000.000000,1.559538953120,-123.614559156492,-27.315490532392,-150.930049688884,4.244086120,10.683645363,14.927731483,15.164223649
5958000000.000000,1.559800752507,-123.643666001283,-27.382694677023,-151.026360678306,4.511765682,10.708092073,15.219857755,15.164223649
5959000000.000000,1.560062551895,-123.671255676175,-27.450052385958,-151.121308062133,4.712888322,10.732515923,15.445404245,15.164223649
5960000000.000000,1.560324351283,-123.702889902600,-27.517563449741,-151.220453352341,4.829855653,10.756895681,15.586751334,15.164223649
5961000000.000000,1.560586150671,-123.731949432327,-27.585227523741,-151.317176956068,4.202441420,10.781209561,14.983650981,15.164223649
5962000000.000000,1.560847950059,-123.755699338973,-27.653044124751,-151.408743463724,3.940621566,10.805435248,14.746056814,15.164223649
5963000000.000000,1.561109749446,-123.781468743375,-27.721012627722,-151.502481371097,4.283190447,10.829549921,15.112740368,15.164223649
5964000000.000000,1.561371548834,-123.809523497540,-27.789132262643,-151.598655760183,4.392036246,10.853530273,15.245566519,15.164223649
5965000000.000000,1.561633348222,-123.836660698589,-27.857402111603,-151.694062810192,3.799515292,10.877352546,14.676867838,15.164223649
5966000000.000000,1.561895147610,-123.857269614859,-27.925821106038,-151.783090720897,4.643882575,10.900992561,15.544875136,15.164223649
5967000000.000000,1.562156946998,-123.895017448115,-27.994388024194,-151.889405472309,4.583759552,10.924425755,15.508185307,15.164223649
5968000000.000000,1.562418746385,-123.914870836193,-28.063101488820,-151.977972325013,3.781312771,10.947627214,14.728939985,15.164223649
5969000000.000000,1.562680545773,-123.942534825798,-28.131959965108,-152.074494790906,4.486054421,10.970571721,15.456626142,15.164223649
5970000000.000000,1.562942345161,-123.971244258647,-28.200961758915,-152.172206017562,4.398978794,10.993233798,15.392212592,15.164223649
5971000000.000000,1.563204144549,-123.997814023645,-28.270105015262,-152.267919038907,3.820876604,11.015587753,14.836464357,15.164223649
5972000000.000000,1.563465943937,-124.019258810122,-28.339387717151,-152.358646527273,4.015901603,11.037607731,15.053509334,15.164223649
5973000000.000000,1.563727743324,-124.048279331538,-28.408807684710,-152.457087016248,4.487632320,11.059267771,15.546900091,15.164223649
5974000000.000000,1.563989542712,-124.075652061032,-28.478362574681,-152.554014635713,4.011064431,11.080541855,15.091606286,15.164223649
5975000000.000000,1.564251342100,-124.098683853739,-28.548049880272,-152.646733734011,3.892269710,11.101403977,14.993673687,15.164223649
5976000000.000000,1.564513141488,-124.124563764733,-28.617866931390,-152.742430696123,4.198980318,11.121828194,15.320808512,15.164223649
5977000000.000000,1.564774940876,-124.151449796613,-28.687810895270,-152.839260691883,4.161574078,11.141788701,15.303362779,15.164223649
5978000000.000000,1.565036740263,-124.176859646936,-28.757878777508,-152.934738424444,3.972228621,11.161259886,15.133488507,15.164223649
5979000000.000000,1.565298539651,-124.201366293634,-28.828067423516,-153.029433717150,4.067455278,11.180216406,15.247671684,15.164223649
5980000000.000000,1.565560339039,-124.227972797413,-28.898373520412,-153.126346317825,4.188399297,11.198633253,15.387032550,15.164223649
5981000000.000000,1.565822138427,-124.253999271476,-28.968793599345,-153.222792870821,4.089786362,11.216485824,15.306272186,15.164223649
5982000000.000000,1.566083937815,-124.279366568573,-29.039324038268,-153.318690606841,3.995974482,11.233749994,15.229724476,15.164223649
5983000000.000000,1.566345737202,-124.304214167777,-29.109961065163,-153.414175232940,3.760937399,11.250402188,15.011339587,15.164223649
5984000000.000000,1.566607536590,-124.326627901788,-29.180700761720,-153.507328663508,4.212834660,11.266419450,15.479254110,15.164223649
5985000000.000000,1.566869335978,-124.357154209450,-29.251539067473,-153.608693276923,4.074620837,11.281779522,15.356400359,15.164223649
5986000000.000000,1.567131135366,-124.377831097343,-29.322471784378,-153.700302881721,3.960672747,11.296460906,15.257133653,15.164223649
5987000000.000000,1.567392934754,-124.406925491068,-29.393494581854,-153.800420072922,4.343307113,11.310442946,15.653750059,15.164223649
5988000000.000000,1.567654734141,-124.432410704211,-29.464603002247,-153.897013706458,3.658033291,11.323705885,14.981739176,15.164223649
5989000000.000000,1.567916533529,-124.452893693125,-29.535792466739,-153.988686159864,3.652466040,11.336230944,14.988696984,15.164223649
5990000000.000000,1.568178332917,-124.478308946130,-29.607058281664,-154.085367227794,3.842306751,11.348000379,15.190307130,15.164223649
5991000000.000000,1.568440132305,-124.501177543776,-29.678395645234,-154.179573189010,4.065666683,11.358997547,15.424664230,15.164223649
5992000000.000000,1.568701931693,-124.529399620458,-29.749799654645,-154.279199275103,4.074529550,11.369206965,15.443736515,15.164223649
5993000000.000000,1.568963731080,-124.552379592178,-29.821265313550,-154.373644905728,3.913341968,11.378614368,15.291956336,15.164223649
5994000000.000000,1.569225530468,-124.578576125968,-29.892787539876,-154.471363665844,3.935956738,11.387206760,15.323163498,15.164223649
5995000000.000000,1.569487329856,-124.601840283268,-29.964361173956,-154.566201457224,3.844642217,11.394972460,15.239614677,15.164223649
5996000000.000000,1.569749129244,-124.626889324943,-30.035980986953,-154.662870311896,3.893643496,11.401901152,15.295544648,15.164223649
5997000000.000000,1.570010928631,-124.650769250474,-30.107641689543,-154.758410940017,3.887056244,11.407983918,15.295040162,15.164223649
5998000000.000000,1.570272728019,-124.675735514307,-30.179337940834,-154.855073455141,4.071431598,11.413213277,15.484644875,15.164223649
5999000000.000000,1.570534527407,-124.701932368870,-30.251064357479,-154.952996726349,3.720943044,11.417583209,15.138526253,15.164223649
6000000000.000000,1.570796326795,-124.722494263639,-30.322815522954,-155.045309786593,3.926342143,11.421089182,15.347431325,15.164223649
6001000000.000000,1.571058126183,-124.751272239393,-30.394585996963,-155.145858236356,4.082670595,11.423728170,15.506398765,15.164223649
6002000000.000000,1.571319925570,-124.773798615430,-30.466370324941,-155.240168940371,3.520010259,11.425498663,14.945508922,15.164223649
6003000000.000000,1.571581724958,-124.795505992872,-30.538163047612,-155.333669040484,3.862885356,11.426400671,15.289286027,15.164223649
6004000000.000000,1.571843524346,-124.822341064450,-30.609958710558,-155.432299775008,4.172572603,11.426435729,15.599008332,15.164223649
6005000000.000000,1.572105323734,-124.847940086618,-30.681751873784,-155.529691960402,3.766293666,11.425606889,15.191900555,15.164223649
6006000000.000000,1.572367123122,-124.869669706499,-30.753537121214,-155.623206827713,3.947638598,11.423918705,15.371557303,15.164223649
6007000000.000000,1.572628922509,-124.897547576289,-30.825309070104,-155.722856646393,4.106348160,11.421377223,15.527725383,15.164223649
6008000000.000000,1.572890721897,-124.921271599345,-30.897062380323,-155.818333979668,3.553200054,11.417989949,14.971190003,15.164223649
6009000000.000000,1.573152521285,-124.942198405034,-30.968791763469,-155.910990168503,3.632210712,11.413765826,15.045976538,15.164223649
6010000000.000000,1.573414320673,-124.966915305299,-31.040491991794,-156.007407297093,3.812296635,11.408715199,15.221011834,15.164223649
6011000000.000000,1.573676120061,-124.990105137439,-31.112157906888,-156.102263044327,4.200755195,11.402849774,15.603604969,15.164223649
6012000000.000000,1.573937919448,-125.019703551940,-31.183784428118,-156.203487980058,4.155195638,11.396182579,15.551378217,15.164223649
6013000000.000000,1.574199718836,-125.042320865804,-31.255366560759,-156.297687426563,3.493150150,11.388727907,14.881878057,15.164223649
6014000000.000000,1.574461518224,-125.063599771339,-31.326899403822,-156.390499175161,3.878932787,11.380501273,15.259434060,15.164223649
6015000000.000000,1.574723317612,-125.091064972799,-31.398378157533,-156.489443130332,4.051574856,11.371519352,15.423094208,15.164223649
6016000000.000000,1.574985117000,-125.114513362551,-31.469798130452,-156.584311493003,4.118511546,11.361799922,15.480311468,15.164223649
6017000000.000000,1.575246916387,-125.142819715270,-31.541154746200,-156.683974461470,3.830261453,11.351361799,15.181623252,15.164223649
6018000000.000000,1.575508715775,-125.162645847520,-31.612443549791,-156.775089397311,4.131629177,11.340224773,15.471853950,15.164223649
6019000000.000000,1.575770515163,-125.194739298745,-31.683660213546,-156.878399512291,4.153440699,11.328409542,15.481850241,15.164223649
6020000000.000000,1.576032314551,-125.214839522666,-31.754800542569,-156.969640065235,3.678844583,11.315937641,14.994782224,15.164223649
6021000000.000000,1.576294113939,-125.240969023202,-31.825860479795,-157.066829502997,3.816871073,11.302831372,15.119702445,15.164223649
6022000000.000000,1.576555913326,-125.262803739159,-31.896836110578,-157.159639849737,3.717398574,11.289113730,15.006512304,15.164223649
6023000000.000000,1.576817712714,-125.287683231406,-31.967723666840,-157.255406898246,4.204938401,11.274808337,15.479746738,15.164223649
6024000000.000000,1.577079512102,-125.315644553518,-32.038519530753,-157.354164084271,3.957245141,11.259939364,15.217184505,15.164223649
6025000000.000000,1.577341311490,-125.337411440456,-32.109220237977,-157.446631678433,4.000545024,11.244531458,15.245076482,15.164223649
6026000000.000000,1.577603110878,-125.365916884950,-32.179822480442,-157.545739365392,4.226236395,11.228609678,15.454846073,15.164223649
6027000000.000000,1.577864910265,-125.390519893295,-32.250323108680,-157.640843001975,3.616810721,11.212199417,14.829010138,15.164223649
6028000000.000000,1.578126709653,-125.411367068914,-32.320719133722,-157.732086202636,3.960687954,11.195326336,15.156014290,15.164223649
6029000000.000000,1.578388509041,-125.440291366013,-32.391007728564,-157.831299094577,4.539999248,11.178016294,15.718015542,15.164223649
6030000000.000000,1.578650308429,-125.468418382048,-32.461186229203,-157.929604611251,3.909893044,11.160295285,15.070188329,15.164223649
6031000000.000000,1.578912107817,-125.489424531065,-32.531252135277,-158.020676666342,3.626718172,11.142189371,14.768907543,15.164223649
6032000000.000000,1.579173907204,-125.513993066708,-32.601203110299,-158.115196177007,4.035966232,11.123724624,15.159690856,15.164223649
6033000000.000000,1.579435706592,-125.540141978518,-32.671036981516,-158.211178960034,4.511166915,11.104927062,15.616093977,15.164223649
6034000000.000000,1.579697505980,-125.570682062061,-32.740751739407,-158.311433801468,4.076919387,11.085822596,15.162741983,15.164223649
6035000000.000000,1.579959305368,-125.591374058499,-32.810345536823,-158.401719595322,3.958612626,11.066436975,15.025049601,15.164223649
6036000000.000000,1.580221104756,-125.620427455433,-32.879816687811,-158.500244143244,4.206758077,11.046795734,15.253553811,15.164223649
6037000000.000000,1.580482904143,-125.644237739574,-32.949163666119,-158.593401405693,4.036669750,11.026924150,15.063593900,15.164223649
6038000000.000000,1.580744703531,-125.671153743559,-33.018385103412,-158.689538846971,3.972841497,11.006847191,14.979688688,15.164223649
6039000000.000000,1.581006502919,-125.694161938221,-33.087479787219,-158.781641725440,4.231288358,10.986589482,15.217877840,15.164223649
6040000000.000000,1.581268302307,-125.724325681243,-33.156446658625,-158.880772339868,4.321604596,10.966175258,15.287779854,15.164223649
6041000000.000000,1.581530101695,-125.748468823221,-33.225284809728,-158.973753632949,3.924680130,10.945628335,14.870308465,15.164223649
6042000000.000000,1.581791901082,-125.773644666302,-33.293993480892,-159.067638147194,4.223375014,10.924972077,15.148347091,15.164223649
6043000000.000000,1.582053700470,-125.801541318893,-33.362572057797,-159.164113376690,4.401061639,10.904229363,15.305291002,15.164223649
6044000000.000000,1.582315499858,-125.828950037949,-33.431020068326,-159.259970106275,4.299347874,10.883422564,15.182770438,15.164223649
6045000000.000000,1.582577299246,-125.855568517673,-33.499337179286,-159.354905696959,4.140589820,10.862573520,15.003163340,15.164223649
6046000000.000000,1.582839098634,-125.880982224192,-33.567523193003,-159.448505417195,4.349989973,10.841703518,15.191693491,15.164223649
6047000000.000000,1.583100898021,-125.910232103841,-33.635578043790,-159.545810147631,4.352866622,10.820833278,15.173699900,15.164223649
6048000000.000000,1.583362697409,-125.935681959395,-33.703501794326,-159.639183753721,4.389339815,10.799982931,15.189322746,15.164223649
6049000000.000000,1.583624496797,-125.965390174705,-33.771294631936,-159.736684806641,4.326595244,10.779172018,15.105767262,15.164223649
6050000000.000000,1.583886296185,-125.990051558728,-33.838956864816,-159.829008423544,4.359157145,10.758419468,15.117576613,15.164223649
6051000000.000000,1.584148095573,-126.020168958953,-33.906488918199,-159.926657877152,4.370755505,10.737743602,15.108499107,15.164223649
6052000000.000000,1.584409894960,-126.044976092264,-33.973891330484,-160.018867422748,4.520721267,10.717162121,15.237883388,15.164223649
6053000000.000000,1.584671694348,-126.076978017833,-34.041164749342,-160.118142767175,4.678946080,10.696692104,15.375638184,15.164223649
6054000000.000000,1.584933493736,-126.103773462785,-34.108309927807,-160.212083390592,4.093562571,10.676350010,14.769912581,15.164223649
6055000000.000000,1.585195293124,-126.128419242232,-34.175327720374,-160.303746962606,4.349917666,10.656151677,15.006069343,15.164223649
6056000000.000000,1.585457092512,-126.158436140323,-34.242219079101,-160.400655219424,4.204341898,10.636112325,14.840454223,15.164223649
6057000000.000000,1.585718891899,-126.181252560716,-34.308985049742,-160.490237610458,4.141410137,10.616246560,14.757656697,15.164223649
6058000000.000000,1.585980691287,-126.210478634968,-34.375626767904,-160.586105402872,4.635679424,10.596568380,15.232247804,15.164223649
6059000000.000000,1.586242490675,-126.239506226406,-34.442145455248,-160.681651681654,4.591972238,10.577091184,15.169063422,15.164223649
6060000000.000000,1.586504290063,-126.268183059964,-34.508542415744,-160.776725475708,4.730226802,10.557827777,15.288054579,15.164223649
6061000000.000000,1.586766089451,-126.298948009489,-34.574819031973,-160.873767041462,4.648259020,10.538790381,15.187049401,15.164223649
6062000000.000000,1.587027888838,-126.326594805517,-34.640976761499,-160.967571567016,4.483171722,10.519990647,15.003162369,15.164223649
6063000000.000000,1.587289688226,-126.355285206874,-34.707017133305,-161.062302340179,4.701914426,10.501439665,15.203354091,15.164223649
6064000000.000000,1.587551487614,-126.385680804785,-34.772941744309,-161.158622549094,4.530073328,10.483147974,15.013221302,15.164223649
6065000000.000000,1.587813287002,-126.412211787223,-34.838752255949,-161.250964043172,4.353690612,10.465125579,14.818816191,15.164223649
6066000000.000000,1.588075086390,-126.440390894560,-34.904450390861,-161.344841285421,4.538618995,10.447381962,14.986000957,15.164223649
6067000000.000000,1.588336885777,-126.469245755595,-34.970037929631,-161.439283685226,4.750847498,10.429926095,15.180773593,15.164223649
6068000000.000000,1.588598685165,-126.500091804952,-35.035516707648,-161.535608512600,4.596824132,10.412766456,15.009590588,15.164223649
6069000000.000000,1.588860484553,-126.527011151284,-35.100888612037,-161.627899763321,4.619554882,10.395911043,15.015465925,15.164223649
6070000000.000000,1.589122283941,-126.558142843667,-35.166155578686,-161.724298422353,5.257001829,10.379367388,15.636369217,15.164223649
6071000000.000000,1.589384083329,-126.593072584583,-35.231319589374,-161.824392173957,4.785061696,10.363142573,15.148204269,15.164223649
6072000000.000000,1.589645882716,-126.618273702352,-35.296382668984,-161.914656371336,4.514329324,10.347243244,14.861572568,15.164223649
6073000000.000000,1.589907682104,-126.649801319943,-35.361346882813,-162.011148202756,4.612942094,10.331675627,14.944617721,15.164223649
6074000000.000000,1.590169481492,-126.676241642323,-35.426214333984,-162.102455976307,4.847924268,10.316445544,15.164369812,15.164223649
6075000000.000000,1.590431280880,-126.710722133010,-35.490987160939,-162.201709293949,4.565306438,10.301558424,14.866864862,15.164223649
6076000000.000000,1.590693080268,-126.733610974997,-35.555667535040,-162.289278510037,4.361189493,10.287019322,14.648208815,15.164223649
6077000000.000000,1.590954879655,-126.765526456496,-35.620257658254,-162.385784114750,5.001030391,10.272832933,15.273863324,15.164223649
6078000000.000000,1.591216679043,-126.796455776347,-35.684759760930,-162.481215537277,4.984794031,10.259003604,15.243797635,15.164223649
6079000000.000000,1.591478478431,-126.828167225726,-35.749176099673,-162.577343325399,4.974053640,10.245535352,15.219588992,15.164223649
6080000000.000000,1.591740277819,-126.858961577837,-35.813508955302,-162.672470533139,4.529050665,10.232431874,14.761482539,15.164223649
6081000000.000000,1.592002077207,-126.885080954908,-35.877760630893,-162.762841585801,4.784905949,10.219696566,15.004602515,15.164223649
6082000000.000000,1.592263876594,-126.919090479350,-35.941933449916,-162.861023929266,5.233122462,10.207332529,15.440454991,15.164223649
6083000000.000000,1.592525675982,-126.950842311242,-36.006029754442,-162.956872065684,5.176444663,10.195342590,15.371787253,15.164223649
6084000000.000000,1.592787475370,-126.984139601447,-36.070051903447,-163.054191504894,4.830153042,10.183729309,15.013882351,15.164223649
6085000000.000000,1.593049274758,-127.011539804492,-36.134002271180,-163.145542075672,4.804279606,10.172494994,14.976774600,15.164223649
6086000000.000000,1.593311074146,-127.044511959509,-36.197883245619,-163.242395205128,4.807310014,10.161641713,14.968951727,15.164223649
6087000000.000000,1.593572873533,-127.071950243781,-36.261697226991,-163.333647470772,4.675110779,10.151171302,14.826282081,15.164223649
6088000000.000000,1.593834672921,-127.103261134226,-36.325446626371,-163.428707760597,5.223382717,10.141085383,15.364468100,15.164223649
6089000000.000000,1.594096472309,-127.137589206864,-36.389133864348,-163.526723071212,4.927474060,10.131385369,15.058859429,15.164223649
6090000000.000000,1.594358271697,-127.165181599453,-36.452761369752,-163.617942969205,4.614411632,10.122072475,14.736484107,15.164223649
6091000000.000000,1.594620071085,-127.195575613594,-36.516331578454,-163.711907192048,5.188229853,10.113147731,15.301377584,15.164223649
6092000000.000000,1.594881870472,-127.230378818614,-36.579846932217,-163.810225750831,5.076463837,10.104611988,15.181075825,15.164223649
6093000000.000000,1.595143669860,-127.259368339581,-36.643309877615,-163.902678217196,5.057640888,10.096465930,15.154106818,15.164223649
6094000000.000000,1.595405469248,-127.293935008450,-36.706722864995,-164.000657873445,5.058388364,10.088710080,15.147098444,15.164223649
6095000000.000000,1.595667268636,-127.322933922472,-36.770088347506,-164.093022269978,5.129497676,10.081344810,15.210842486,15.164223649
6096000000.000000,1.595929068024,-127.358394177313,-36.833408780170,-164.191802957483,5.128254635,10.074370347,15.202624982,15.164223649
6097000000.000000,1.596190867411,-127.387377470815,-36.896686618999,-164.284064089814,4.885007975,10.067786784,14.952794759,15.164223649
6098000000.000000,1.596452666799,-127.419780997980,-36.959924320161,-164.379705318141,5.335239875,10.061594081,15.396833956,15.164223649
6099000000.000000,1.596714466187,-127.454422072405,-37.023124339191,-164.477546411596,5.045809915,10.055792078,15.101601993,15.164223649
6100000000.000000,1.596976265575,-127.483188515424,-37.086289130232,-164.569477645656,4.839923557,10.050380496,14.890304053,15.164223649
6101000000.000000,1.597238064963,-127.515242345568,-37.149421145321,-164.664663490889,5.085029606,10.045358947,15.130388553,15.164223649
6102000000.000000,1.597499864350,-127.547088882038,-37.212522833709,-164.759611715747,5.077729754,10.040726934,15.118456688,15.164223649
6103000000.000000,1.597761663738,-127.579050979531,-37.275596641210,-164.854647620741,5.114833943,10.036483862,15.151317805,15.164223649
6104000000.000000,1.598023463126,-127.611363780992,-37.338645009582,-164.950008790574,4.840742976,10.032629038,14.873372014,15.164223649
6105000000.000000,1.598285262514,-127.639881549810,-37.401670375932,-165.041551925742,5.060472363,10.029161676,15.089634039,15.164223649
6106000000.000000,1.598547061902,-127.674955552185,-37.464675172153,-165.139630724338,5.297633966,10.026080903,15.323714869,15.164223649
6107000000.000000,1.598808861289,-127.706453581606,-37.527661824374,-165.234115405980,5.171773779,10.023385761,15.195159540,15.164223649
6108000000.000000,1.599070660677,-127.739945978227,-37.590632752437,-165.330578730664,5.162331143,10.021075208,15.183406351,15.164223649
6109000000.000000,1.599332460065,-127.771325347980,-37.653590369390,-165.424915717370,4.873145252,10.019148124,14.892293376,15.164223649
6110000000.000000,1.599594259453,-127.801183727525,-37.716537080998,-165.517720808523,4.879362057,10.017603310,14.896965367,15.164223649
6111000000.000000,1.599856058841,-127.832641219948,-37.779475285257,-165.612116505205,5.420869030,10.016439496,15.437308526,15.164223649
6112000000.000000,1.600117858228,-127.869304376803,-37.842407371937,-165.711711748740,5.259356370,10.015655333,15.275011703,15.164223649
6113000000.000000,1.600379657616,-127.898732241291,-37.905335722120,-165.804067963411,4.907478526,10.015249405,14.922727931,15.164223649
6114000000.000000,1.600641457004,-127.930973570738,-37.968262707750,-165.899236278488,5.571948080,10.015220220,15.587168300,15.164223649
6115000000.000000,1.600903256392,-127.968751405903,-38.031190691188,-165.999942097091,5.340912416,10.015566219,15.356478635,15.164223649
6116000000.000000,1.601165055780,-127.998089455577,-38.094122024771,-166.092211480348,4.986660454,10.016285772,15.002946226,15.164223649
6117000000.000000,1.601426855167,-128.031415629300,-38.157059050373,-166.188474679673,4.905862039,10.017377177,14.923239216,15.164223649
6118000000.000000,1.601688654555,-128.059738336145,-38.220004098960,-166.279742435105,4.831096340,10.018838664,14.849935004,15.164223649
6119000000.000000,1.601950453943,-128.092124976384,-38.282959490150,-166.375084466534,5.304140666,10.020668391,15.324809057,15.164223649
6120000000.000000,1.602212253331,-128.126392133549,-38.345927531761,-166.472319665310,5.216736035,10.022864443,15.239600478,15.164223649
6121000000.000000,1.602474052719,-128.157680414795,-38.408910519359,-166.566590934154,5.199388036,10.025424834,15.224812870,15.164223649
6122000000.000000,1.602735852106,-128.191729570571,-38.471910735797,-166.663640306368,5.367338567,10.028347504,15.395686071,15.164223649
6123000000.000000,1.602997651494,-128.225128380443,-38.534930450738,-166.760058831181,5.044702806,10.031630313,15.076333119,15.164223649
6124000000.000000,1.603259450882,-128.255123175676,-38.597971920176,-166.853095095852,4.935561927,10.035271047,14.970832974,15.164223649
6125000000.000000,1.603521250270,-128.287150480802,-38.661037385935,-166.948187866737,5.323717771,10.039267411,15.362985182,15.164223649
6126000000.000000,1.603783049658,-128.322022986233,-38.724129075162,-167.046152061395,5.107167826,10.043617026,15.150784852,15.164223649
6127000000.000000,1.604044849045,-128.351329044487,-38.787249199794,-167.138578244281,4.746061098,10.048317428,14.794378526,15.164223649
6128000000.000000,1.604306648433,-128.381663748944,-38.850399956017,-167.232063704961,5.073450003,10.053366066,15.126816069,15.164223649
6129000000.000000,1.604568447821,-128.415083897515,-38.913583523697,-167.328667421212,5.162564102,10.058760294,15.221324396,15.164223649
6130000000.000000,1.604830247209,-128.446538442774,-38.976802065796,-167.423340508570,5.349097456,10.064497375,15.413594831,15.164223649
6131000000.000000,1.605092046597,-128.482302638600,-39.040057727764,-167.522360366364,4.857177282,10.070574472,14.927751754,15.164223649
6132000000.000000,1.605353845984,-128.507575532642,-39.103352636905,-167.610928169547,4.420646682,10.076988642,14.497635324,15.164223649
6133000000.000000,1.605615645372,-128.537854123156,-39.166688901720,-167.704543024876,5.578239367,10.083736841,15.661976208,15.164223649
6134000000.000000,1.605877444760,-128.577673755906,-39.230068611226,-167.807742367132,5.315259603,10.090815910,15.406075513,15.164223649
6135000000.000000,1.606139244148,-128.604647645243,-39.293493834244,-167.898141479487,4.681303681,10.098222575,14.779526256,15.164223649
6136000000.000000,1.606401043536,-128.636500752918,-39.356966618656,-167.993467371574,5.269657927,10.105953445,15.375611372,15.164223649
6137000000.000000,1.606662842923,-128.670868119765,-39.420488990639,-168.091357110404,5.048779701,10.114004999,15.162784700,15.164223649
6138000000.000000,1.606924642311,-128.699945589791,-39.484062953865,-168.184008543656,4.988957865,10.122373590,15.111331455,15.164223649
6139000000.000000,1.607186441699,-128.733561213280,-39.547690488666,-168.281251701946,5.165054363,10.131055434,15.296109797,15.164223649
6140000000.000000,1.607448241087,-128.764851577164,-39.611373551167,-168.376225128331,4.762759104,10.140046608,14.902805712,15.164223649
6141000000.000000,1.607710040475,-128.793411809326,-39.675114072393,-168.468525881719,4.883592248,10.149343042,15.032935290,15.164223649
6142000000.000000,1.607971839862,-128.826220607287,-39.738913957327,-168.565134564614,5.089244574,10.158940515,15.248185089,15.164223649
6143000000.000000,1.608233639250,-128.857365142796,-39.802775083949,-168.660140226745,4.978195663,10.168834648,15.147030311,15.164223649
6144000000.000000,1.608495438638,-128.888778458983,-39.866699302224,-168.755477761207,4.944078048,10.179020900,15.123098948,15.164223649
6145000000.000000,1.608757238026,-128.919494259896,-39.930688433067,-168.850182692963,5.123982730,10.189494562,15.313477292,15.164223649
6146000000.000000,1.609019037414,-128.953168324988,-39.994744267257,-168.947912592245,4.785484780,10.200250748,14.985735528,15.164223649
6147000000.000000,1.609280836801,-128.979630435216,-40.058868564331,-169.038498999547,4.609787152,10.211284396,14.821071548,15.164223649
6148000000.000000,1.609542636189,-129.011096618796,-40.123063051422,-169.134159670218,5.277346510,10.222590252,15.499936762,15.164223649
6149000000.000000,1.609804435577,-129.045947527318,-40.187329422074,-169.233276949392,5.114273090,10.234162873,15.348435963,15.164223649
6150000000.000000,1.610066234965,-129.075364469862,-40.251669335015,-169.327033804877,4.766942371,10.245996618,15.012938989,15.164223649
6151000000.000000,1.610328034353,-129.105850691851,-40.316084412887,-169.421935104738,4.827452592,10.258085639,15.085538231,15.164223649
6152000000.000000,1.610589833740,-129.136028028261,-40.380576240949,-169.516604269210,4.836190101,10.270423880,15.106613981,15.164223649
6153000000.000000,1.610851633128,-129.166624049020,-40.445146365734,-169.611770414754,5.006664081,10.283005069,15.289669150,15.164223649
6154000000.000000,1.611113432516,-129.198943624646,-40.509796293679,-169.708739918325,5.055442427,10.295822712,15.351265139,15.164223649
6155000000.000000,1.611375231904,-129.230152612180,-40.574527489709,-169.804680101889,4.602272870,10.308870087,14.911142957,15.164223649
6156000000.000000,1.611637031292,-129.256777491197,-40.639341375802,-169.896118866999,4.925340193,10.322140240,15.247480433,15.164223649
6157000000.000000,1.611898830679,-129.292046262442,-40.704239329502,-169.996285591944,5.160587853,10.335625982,15.496213835,15.164223649
6158000000.000000,1.612160630067,-129.321627350745,-40.769222682417,-170.090850033162,4.766452302,10.349319876,15.115772178,15.164223649
6159000000.000000,1.612422429455,-129.351943268586,-40.834292718677,-170.186235987263,4.311872903,10.363214244,14.675087147,15.164223649
6160000000.000000,1.612684228843,-129.375811943685,-40.899450673365,-170.275262617050,4.854937840,10.377301152,15.232238992,15.164223649
6161000000.000000,1.612946028231,-129.412952216787,-40.964697730927,-170.377649947714,5.028055294,10.391572411,15.419627705,15.164223649
6162000000.000000,1.613207827618,-129.438996349976,-41.030035023547,-170.469031373523,4.428492081,10.406019574,14.834511655,15.164223649
6163000000.000000,1.613469627006,-129.468602289536,-41.095463629510,-170.564065919046,5.033258830,10.420633929,15.453892759,15.164223649
6164000000.000000,1.613731426394,-129.502246145830,-41.160984571536,-170.663230717366,4.996243701,10.435406501,15.431650202,15.164223649
6165000000.000000,1.613993225782,-129.531386939559,-41.226598815110,-170.757985754669,4.380896679,10.450328044,14.831224723,15.164223649
6166000000.000000,1.614255025170,-129.557298117122,-41.292307266781,-170.849605383903,4.709269377,10.465389044,15.174658421,15.164223649
6167000000.000000,1.614516824557,-129.590565363874,-41.358110772467,-170.948676136341,4.858390408,10.480579715,15.338970123,15.164223649
6168000000.000000,1.614778623945,-129.618350451577,-41.424010115739,-171.042360567316,4.475273704,10.495889999,14.971163703,15.164223649
6169000000.000000,1.615040423333,-129.646803311841,-41.490006016116,-171.136809327957,4.534463600,10.511309563,15.045773163,15.164223649
6170000000.000000,1.615302222721,-129.675332201708,-41.556099127346,-171.231431329054,4.685427536,10.526827805,15.212255341,15.164223649
6171000000.000000,1.615564022109,-129.705682130746,-41.622290035704,-171.327972166450,4.439673732,10.542433851,14.982107583,15.164223649
6172000000.000000,1.615825821496,-129.731122787234,-41.688579258292,-171.419702045526,4.629993953,10.558116558,15.188110511,15.164223649
6173000000.000000,1.616087620884,-129.763864350707,-41.754967241360,-171.518831592067,5.089671516,10.573864517,15.663536033,15.164223649
6174000000.000000,1.616349420272,-129.795081485810,-41.821454358637,-171.616535844447,4.284161313,10.589666056,14.873827369,15.164223649
6175000000.000000,1.616611219660,-129.817700709539,-41.888040909696,-171.705741619235,4.318569281,10.605509244,14.924078525,15.164223649
6176000000.000000,1.616873019048,-129.849350227925,-41.954727118345,-171.804077346270,4.840659571,10.621381897,15.462041468,15.164223649
6177000000.000000,1.617134818435,-129.878530231732,-42.021513131053,-171.900043362785,4.203574543,10.637271586,14.840846129,15.164223649
6178000000.000000,1.617396617823,-129.902173903539,-42.088399015418,-171.990572918957,4.203183062,10.653165639,14.856348701,15.164223649
6179000000.000000,1.617658417211,-129.931348987843,-42.155384758686,-172.086733746529,4.831353831,10.669051153,15.500404984,15.164223649
6180000000.000000,1.617920216599,-129.962886486349,-42.222470266316,-172.185356752665,4.768537119,10.684915004,15.453452123,15.164223649
6181000000.000000,1.618182015987,-129.991272192564,-42.289655360615,-172.280927553179,4.273966945,10.700743854,14.974710799,15.164223649
6182000000.000000,1.618443815374,-130.016594738969,-42.356939779434,-172.373534518403,4.623613101,10.716524162,15.340137263,15.164223649
6183000000.000000,1.618705614762,-130.049374228371,-42.424323174939,-172.473697403310,4.497410594,10.732242201,15.229652795,15.164223649
6184000000.000000,1.618967414150,-130.073110867295,-42.491805112458,-172.564915979753,4.128900738,10.747884066,14.876784804,15.164223649
6185000000.000000,1.619229213538,-130.101259525277,-42.559385069426,-172.660644594703,4.350441954,10.763435689,15.113877643,15.164223649
6186000000.000000,1.619491012926,-130.127780133220,-42.627062434412,-172.754842567632,4.356075136,10.778882860,15.134957996,15.164223649
6187000000.000000,1.619752812313,-130.155999579862,-42.694836506253,-172.850836086115,4.353211575,10.794211236,15.147422811,15.164223649
6188000000.000000,1.620014611701,-130.182484203229,-42.762706493294,-172.945190696523,4.410003326,10.809406364,15.219409690,15.164223649
6189000000.000000,1.620276411089,-130.211417316066,-42.830671512743,-173.042088828809,4.761260799,10.824453697,15.585714496,15.164223649
6190000000.000000,1.620538210477,-130.242315971025,-42.898730590146,-173.141046561171,4.377737914,10.839338615,15.217076529,15.164223649
6191000000.000000,1.620800009865,-130.266429593152,-42.966882658989,-173.233312252141,4.314210551,10.854046445,15.168256996,15.164223649
6192000000.000000,1.621061809252,-130.296529939716,-43.035126560437,-173.331656500153,4.332818487,10.868562484,15.201380971,15.164223649
6193000000.000000,1.621323608640,-130.320877396060,-43.103461043210,-173.424338439270,4.083334171,10.882872021,14.966206192,15.164223649
6194000000.000000,1.621585408028,-130.347842630250,-43.171884763605,-173.519727393855,4.458421480,10.896960360,15.355381840,15.164223649
6195000000.000000,1.621847207416,-130.376903572728,-43.240396285669,-173.617299858397,4.160077040,10.910812846,15.070889886,15.164223649
6196000000.000000,1.622109006804,-130.400119700114,-43.308994081532,-173.709113781646,4.261379993,10.924414888,15.185794881,15.164223649
6197000000.000000,1.622370806191,-130.430453653044,-43.377676531898,-173.808130184942,4.566304889,10.937751988,15.504056877,15.164223649
6198000000.000000,1.622632605579,-130.457501579691,-43.446441926703,-173.903943506394,4.137728845,10.950809766,15.088538611,15.164223649
6199000000.000000,1.622894404967,-130.482449887210,-43.515288465945,-173.997738353155,4.309168782,10.963573987,15.272742769,15.164223649
6200000000.000000,1.623156204355,-130.511652191647,-43.584214260681,-174.095866452328,4.251453466,10.976030590,15.227484056,15.164223649
6201000000.000000,1.623418003743,-130.535875227118,-43.653217334211,-174.189092561329,4.214289713,10.988165715,15.202455428,15.164223649
6202000000.000000,1.623679803130,-130.564610518062,-43.722295623427,-174.286906141489,3.903145749,10.999965733,14.903111482,15.164223649
6203000000.000000,1.623941602518,-130.584923603163,-43.791446980358,-174.376370583521,4.065775641,11.011417274,15.077192915,15.164223649
6204000000.000000,1.624203401906,-130.615702561600,-43.860669173879,-174.476371735479,4.683489478,11.022507255,15.705996733,15.164223649
6205000000.000000,1.624465201294,-130.643778067712,-43.929959891619,-174.573737959331,4.212045215,11.033222910,15.245268125,15.164223649
6206000000.000000,1.624727000682,-130.668632682815,-43.999316742038,-174.667949424853,4.409416615,11.043551820,15.452968435,15.164223649
6207000000.000000,1.624988800069,-130.699188431091,-44.068737256686,-174.767925687777,4.437963943,11.053481938,15.491445881,15.164223649
6208000000.000000,1.625250599457,-130.724401782499,-44.138218892651,-174.862620675150,3.751516071,11.063001621,14.814517692,15.164223649
6209000000.000000,1.625512398845,-130.746331372405,-44.207759035167,-174.954090407572,3.820961320,11.072099656,14.893060976,15.164223649
6210000000.000000,1.625774198233,-130.772417398543,-44.277355000407,-175.049772398950,4.191504746,11.080765286,15.272270032,15.164223649
6211000000.000000,1.626035997621,-130.799003374480,-44.347004038441,-175.146007412921,4.200122284,11.088988239,15.289110523,15.164223649
6212000000.000000,1.626297797008,-130.825197691790,-44.416703336354,-175.241901028144,4.424516355,11.096758751,15.521275106,15.164223649
6213000000.000000,1.626559596396,-130.854603486780,-44.486450021527,-175.341053508307,3.974238038,11.104067594,15.078305632,15.164223649
6214000000.000000,1.626821395784,-130.875139439884,-44.556241165069,-175.431380604953,3.899884000,11.110906096,15.010790096,15.164223649
6215000000.000000,1.627083195172,-130.903610874477,-44.626073785391,-175.529684659868,4.560857165,11.117266165,15.678123330,15.164223649
6216000000.000000,1.627344994560,-130.932452861342,-44.695944851916,-175.628397713258,3.966859415,11.123140310,15.089999725,15.164223649
6217000000.000000,1.627606793947,-130.953459900058,-44.765851288924,-175.719311188982,4.101894858,11.128521662,15.230416520,15.164223649
6218000000.000000,1.627868593335,-130.983998792345,-44.835789979506,-175.819788771851,4.060887421,11.133403988,15.194291409,15.164223649
6219000000.000000,1.628130392723,-131.004490516416,-44.905757769638,-175.910248286054,3.818515786,11.137781714,14.956297500,15.164223649
6220000000.000000,1.628392192111,-131.031983676913,-44.975751472341,-176.007735149254,4.349824088,11.141649932,15.491474020,15.164223649
6221000000.000000,1.628653991499,-131.059152018014,-45.045767871944,-176.104919889958,4.456390139,11.145004422,15.601394561,15.164223649
6222000000.000000,1.628915790886,-131.087984327003,-45.115803728408,-176.203788055411,4.355495943,11.147841655,15.503337598,15.164223649
6223000000.000000,1.629177590274,-131.113884794241,-45.185855781730,-176.299740575971,3.990914009,11.150158807,15.141072816,15.164223649
6224000000.000000,1.629439389662,-131.138135631529,-45.255920756387,-176.394056387916,4.041377505,11.151953766,15.193331271,15.164223649
6225000000.000000,1.629701189050,-131.164670241757,-45.325995365826,-176.490665607583,4.297262073,11.153225135,15.450487208,15.164223649
6226000000.000000,1.629962988438,-131.192136619368,-45.396076316984,-176.588212936352,4.081733816,11.153972240,15.235706056,15.164223649
6227000000.000000,1.630224787825,-131.215962821634,-45.466160314819,-176.682123136453,3.966402623,11.154195126,15.120597749,15.164223649
6228000000.000000,1.630486587213,-131.241979904740,-45.536244066845,-176.778223971585,4.160762225,11.153894560,15.314656785,15.164223649
6229000000.000000,1.630748386601,-131.268248501797,-45.606324287652,-176.874572789449,3.981518769,11.153072026,15.134590795,15.164223649
6230000000.000000,1.631010185989,-131.292013145199,-45.676397703411,-176.968410848610,4.150124117,11.151729722,15.301853839,15.164223649
6231000000.000000,1.631271985377,-131.320400499550,-45.746461056335,-177.066861555885,4.186110254,11.149870554,15.335980808,15.164223649
6232000000.000000,1.631533784764,-131.344617358078,-45.816511109096,-177.161128467174,4.111230976,11.147498123,15.258729099,15.164223649
6233000000.000000,1.631795584152,-131.372063751680,-45.886544649174,-177.258608400854,4.128738313,11.144616719,15.273355032,15.164223649
6234000000.000000,1.632057383540,-131.396500613892,-45.956558493144,-177.353059107036,4.353601851,11.141231306,15.494833157,15.164223649
6235000000.000000,1.632319182928,-131.426772726044,-46.026549490870,-177.453322216914,4.444955687,11.137347509,15.582303196,15.164223649
6236000000.000000,1.632580982315,-131.452357574420,-46.096514529605,-177.548872104025,3.819087772,11.132971596,14.952059368,15.164223649
6237000000.000000,1.632842781703,-131.474764798398,-46.166450537988,-177.641215336386,4.019158378,11.128110463,15.147268841,15.164223649
6238000000.000000,1.633104581091,-131.502863808161,-46.236354489922,-177.739218298083,4.324538251,11.122771612,15.447309863,15.164223649
6239000000.000000,1.633366380479,-131.529108548802,-46.306223408326,-177.835331957128,4.059427358,11.116963133,15.176390491,15.164223649
6240000000.000000,1.633628179867,-131.553876076822,-46.376054368754,-177.929930445576,4.301811977,11.110693679,15.412505656,15.164223649
6241000000.000000,1.633889979254,-131.583166712422,-46.445844502873,-178.029011215295,4.226393443,11.103972445,15.330365888,15.164223649
6242000000.000000,1.634151778642,-131.606986503186,-46.515591001789,-178.122577504975,3.969654661,11.096809144,15.066463805,15.164223649
6243000000.000000,1.634413578030,-131.633050864102,-46.585291119213,-178.218341983315,4.182527638,11.089213979,15.271741617,15.164223649
6244000000.000000,1.634675377418,-131.659545695591,-46.654942174471,-178.314487870062,4.265388301,11.081197619,15.346585920,15.164223649
6245000000.000000,1.634937176806,-131.686651314303,-46.724541555344,-178.411192869647,4.335715640,11.072771171,15.408486811,15.164223649
6246000000.000000,1.635198976193,-131.714029905197,-46.794086720730,-178.508116625927,4.237594972,11.063946151,15.301541123,15.164223649
6247000000.000000,1.635460775581,-131.739902503230,-46.863575203138,-178.603477706368,4.059865713,11.054734460,15.114600173,15.164223649
6248000000.000000,1.635722574969,-131.765047682389,-46.933004611000,-178.698052293389,4.030625490,11.045148351,15.075773841,15.164223649
6249000000.000000,1.635984374357,-131.790552836946,-47.002372630802,-178.792925467748,4.298882863,11.035200400,15.334083263,15.164223649
6250000000.000000,1.636246173745,-131.819069037676,-47.071677029027,-178.890746066703,4.065320609,11.024903481,15.090224090,15.164223649
6251000000.000000,1.636507973132,-131.841639162389,-47.140915653930,-178.982554816319,4.178800685,11.014270733,15.193071418,15.164223649
6252000000.000000,1.636769772520,-131.871581395807,-47.210086437111,-179.081667832918,4.452117132,11.003315534,15.455432666,15.164223649
6253000000.000000,1.637031571908,-131.897586116290,-47.279187394920,-179.176773511210,4.046737888,10.992051469,15.038789357,15.164223649
6254000000.000000,1.637293371296,-131.922434203887,-47.348216629679,-179.270650833566,4.045241985,10.980492302,15.025734287,15.164223649
6255000000.000000,1.637555170684,-131.948420126297,-47.417172330716,-179.365592457013,4.222357028,10.968651951,15.191008979,15.164223649
6256000000.000000,1.637816970071,-131.975493907171,-47.486052775235,-179.461546682406,4.781553527,10.956544456,15.738097983,15.164223649
6257000000.000000,1.638078769459,-132.008506900033,-47.554856329006,-179.563363229039,4.476634117,10.944183955,15.420818072,15.164223649
6258000000.000000,1.638340568847,-132.031748950585,-47.623581446890,-179.655330397475,3.790017203,10.931584656,14.721601859,15.164223649
6259000000.000000,1.638602368235,-132.056133660841,-47.692226673193,-179.748360334034,4.078142250,10.918760809,14.996903059,15.164223649
6260000000.000000,1.638864167623,-132.082996397522,-47.760790641868,-179.843787039390,4.230058581,10.905726687,15.135785268,15.164223649
6261000000.000000,1.639125967010,-132.109290144690,-47.829272076555,-179.938562221245,4.499216972,10.892496554,15.391713526,15.164223649
6262000000.000000,1.639387766398,-132.139535225463,-47.897669790476,-180.037205015939,4.462660042,10.879084648,15.341744690,15.164223649
6263000000.000000,1.639649565786,-132.165369584703,-47.965982686181,-180.131352270884,4.154695227,10.865505155,15.020200382,15.164223649
6264000000.000000,1.639911365174,-132.191744665469,-48.034209755163,-180.225954420632,4.700415720,10.851772189,15.552187909,15.164223649
6265000000.000000,1.640173164562,-132.224436750677,-48.102350077333,-180.326786828010,4.680016153,10.837899772,15.517915925,15.164223649
6266000000.000000,1.640434963949,-132.250555482934,-48.170402820377,-180.420958303311,4.276064173,10.823901812,15.099965985,15.164223649
6267000000.000000,1.640696763337,-132.278171357848,-48.238367238992,-180.516538596840,4.245196985,10.809792087,15.054989072,15.164223649
6268000000.000000,1.640958562725,-132.303902201583,-48.306242674003,-180.610144875586,4.142569137,10.795584227,14.938153364,15.164223649
6269000000.000000,1.641220362113,-132.330228416925,-48.374028551390,-180.704256968315,4.522682363,10.781291699,15.303974062,15.164223649
6270000000.000000,1.641482161501,-132.360735904326,-48.441724381200,-180.802460285526,4.424084701,10.766927790,15.191012491,15.164223649
6271000000.000000,1.641743960888,-132.385823104907,-48.509329756378,-180.895152861285,4.476203608,10.752505593,15.228709201,15.164223649
6272000000.000000,1.642005760276,-132.416985537808,-48.576844351509,-180.993829889317,4.454750133,10.738037994,15.192788127,15.164223649
6273000000.000000,1.642267559664,-132.441803146078,-48.644267921485,-181.086071067563,4.352317132,10.723537664,15.075854796,15.164223649
6274000000.000000,1.642529359052,-132.471678367925,-48.711600300095,-181.183278668020,4.257601549,10.709017042,14.966618591,15.164223649
6275000000.000000,1.642791158440,-132.495305745075,-48.778841398555,-181.274147143630,4.566587130,10.694488330,15.261075460,15.164223649
6276000000.000000,1.643052957827,-132.529063794243,-48.845991203979,-181.375054998222,5.065198234,10.679963480,15.745161714,15.164223649
6277000000.000000,1.643314757215,-132.558956903319,-48.913049777795,-181.472006681114,4.426502765,10.665454191,15.091956956,15.164223649
6278000000.000000,1.643576556603,-132.584688868511,-48.980017254118,-181.564706122629,4.104337349,10.650971899,14.755309248,15.164223649
6279000000.000000,1.643838355991,-132.610533527569,-49.046893838083,-181.657427365652,4.266086044,10.636527771,14.902613815,15.164223649
6280000000.000000,1.644100155379,-132.638298086814,-49.113679804137,-181.751977890951,4.866499054,10.622132701,15.488631755,15.164223649
6281000000.000000,1.644361954766,-132.671687758282,-49.180375494313,-181.852063252595,4.717701436,10.607797305,15.325498741,15.164223649
6282000000.000000,1.644623754154,-132.697582471505,-49.246981316471,-181.944563787976,4.260171948,10.593531920,14.853703868,15.164223649
6283000000.000000,1.644885553542,-132.725222657859,-49.313497742528,-182.038720400387,4.404332404,10.579346597,14.983679001,15.164223649
6284000000.000000,1.645147352930,-132.752928944804,-49.379925306665,-182.132854251469,4.557683863,10.565251104,15.122934967,15.164223649
6285000000.000000,1.645409152318,-132.782496202428,-49.446264603535,-182.228760805963,4.786872614,10.551254922,15.338127536,15.164223649
6286000000.000000,1.645670951705,-132.813082560161,-49.512516286458,-182.325598846619,4.646243608,10.537367244,15.183610852,15.164223649
6287000000.000000,1.645932751093,-132.840882621570,-49.578681065623,-182.419563687193,4.618939013,10.523596978,15.142535991,15.164223649
6288000000.000000,1.646194550481,-132.871125859647,-49.644759706283,-182.515885565930,4.716651476,10.509952746,15.226604222,15.164223649
6289000000.000000,1.646456349869,-132.900153812077,-49.710753026970,-182.610906839047,4.491297648,10.496442885,14.987740533,15.164223649
6290000000.000000,1.646718149257,-132.927565170429,-49.776661897709,-182.704227068138,4.852972807,10.483075450,15.336048257,15.164223649
6291000000.000000,1.646979948644,-132.961138066947,-49.842487238247,-182.803625305194,4.770313127,10.469858214,15.240171341,15.164223649
6292000000.000000,1.647241748032,-132.987510693133,-49.908230016306,-182.895740709439,4.178549615,10.456798676,14.635348291,15.164223649
6293000000.000000,1.647503547420,-133.013647270036,-49.973891245846,-182.987538515882,4.766596916,10.443904057,15.210500973,15.164223649
6294000000.000000,1.647765346808,-133.047409516544,-50.039471985353,-183.086881501897,5.153919150,10.431181311,15.585100461,15.164223649
6295000000.000000,1.648027146196,-133.078413328196,-50.104973336147,-183.183386664343,4.590585826,10.418637122,15.009222948,15.164223649
6296000000.000000,1.648288945583,-133.105096519373,-50.170396440726,-183.275492960099,4.749189117,10.406277913,15.155467030,15.164223649
6297000000.000000,1.648550744971,-133.138093398754,-50.235742481121,-183.373835879875,4.909318608,10.394109849,15.303428457,15.164223649
6298000000.000000,1.648812544359,-133.166788836460,-50.301012677294,-183.467801513754,4.686513447,10.382138840,15.068652287,15.164223649
6299000000.000000,1.649074343747,-133.196985863616,-50.366208285557,-183.563194149173,4.673500164,10.370370550,15.043870714,15.164223649
6300000000.000000,1.649336143135,-133.225517771587,-50.431330597028,-183.656848368615,4.734925663,10.358810396,15.093736059,15.164223649
6301000000.000000,1.649597942522,-133.256486694326,-50.496380936117,-183.752867630443,4.979335242,10.347463560,15.326798802,15.164223649
6302000000.000000,1.649859741910,-133.288089943648,-50.561360659042,-183.849450602690,4.614216184,10.336334989,14.950551173,15.164223649
6303000000.000000,1.650121541298,-133.314470644983,-50.626271152386,-183.940741797369,4.788440167,10.325429404,15.113869571,15.164223649
6304000000.000000,1.650383340686,-133.348263257445,-50.691113831685,-184.039377089130,5.025192699,10.314751302,15.339944001,15.164223649
6305000000.000000,1.650645140074,-133.377619078842,-50.755890140047,-184.133509218888,4.458179851,10.304304966,14.762484817,15.164223649
6306000000.000000,1.650906939461,-133.404286397718,-50.820601546809,-184.224887944527,4.742027976,10.294094465,15.036122441,15.164223649
6307000000.000000,1.651168738849,-133.437209159850,-50.885249546235,-184.322458706085,5.203567798,10.284123666,15.487691464,15.164223649
6308000000.000000,1.651430538237,-133.469676359183,-50.949835656239,-184.419512015422,4.913793365,10.274396234,15.188189599,15.164223649
6309000000.000000,1.651692337625,-133.498957708397,-51.014361417150,-184.513319125547,4.506276401,10.264915641,14.771192042,15.164223649
6310000000.000000,1.651954137013,-133.526303898535,-51.078828390506,-184.605132289041,5.155060281,10.255685169,15.410745450,15.164223649
6311000000.000000,1.652215936400,-133.563738106430,-51.143238157893,-184.706976264323,4.716489895,10.246707920,14.963197815,15.164223649
6312000000.000000,1.652477735788,-133.585573058552,-51.207592319803,-184.793165378355,4.709176591,10.237986814,14.947163405,15.164223649
6313000000.000000,1.652739535176,-133.622915364762,-51.271892494541,-184.894807859303,5.197436819,10.229524602,15.426961421,15.164223649
6314000000.000000,1.653001334564,-133.650885975869,-51.336140317154,-184.987026293023,4.558674415,10.221323865,14.779998280,15.164223649
6315000000.000000,1.653263133952,-133.680201356977,-51.400337438397,-185.080538795374,4.947814764,10.213387024,15.161201788,15.164223649
6316000000.000000,1.653524933339,-133.713062049927,-51.464485523730,-185.177547573657,4.921319964,10.205716343,15.127036307,15.164223649
6317000000.000000,1.653786732727,-133.742044487552,-51.528586252346,-185.270630739898,4.854579221,10.198313931,15.052893152,15.164223649
6318000000.000000,1.654048532115,-133.774066491589,-51.592641316229,-185.366707807818,5.336417498,10.191181752,15.527599250,15.164223649
6319000000.000000,1.654310331503,-133.809103887591,-51.656652419239,-185.465756306830,5.369505580,10.184321626,15.553827206,15.164223649
6320000000.000000,1.654572130891,-133.841541688718,-51.720621276232,-185.562162964950,4.928363137,10.177735233,15.106098370,15.164223649
6321000000.000000,1.654833930278,-133.871035525291,-51.784549612197,-185.655585137488,4.660819228,10.171424122,14.832243350,15.164223649
6322000000.000000,1.655095729666,-133.900111270499,-51.848439161428,-185.748550431927,4.572081383,10.165389709,14.737471092,15.164223649
6323000000.000000,1.655357529054,-133.928489994429,-51.912291666718,-185.840781661147,4.932923345,10.159633284,15.092556629,15.164223649
6324000000.000000,1.655619328442,-133.962100213465,-51.976108878576,-185.938209092041,4.910488088,10.154156014,15.064644102,15.164223649
6325000000.000000,1.655881127830,-133.990197007640,-52.039892554469,-186.030089562109,4.799678607,10.148958950,14.948637557,15.164223649
6326000000.000000,1.656142927217,-134.022414753669,-52.103644458086,-186.126059211755,5.397315347,10.144043022,15.541358369,15.164223649
6327000000.000000,1.656404726605,-134.058021672615,-52.167366358618,-186.225388031233,5.240732712,10.139409054,15.380141766,15.164223649
6328000000.000000,1.656666525993,-134.088271743217,-52.231060030067,-186.319331773284,4.923137615,10.135057755,15.058195370,15.164223649
6329000000.000000,1.656928325381,-134.119887644465,-52.294727250566,-186.414614895031,5.005264962,10.130989731,15.136254693,15.164223649
6330000000.000000,1.657190124769,-134.151169757750,-52.358369801716,-186.509539559466,4.931287294,10.127205482,15.058492776,15.164223649
6331000000.000000,1.657451924156,-134.181856028210,-52.421989467945,-186.603845496155,4.693482448,10.123705409,14.817187857,15.164223649
6332000000.000000,1.657713723544,-134.210149797663,-52.485588035876,-186.695737833539,4.690057746,10.120489811,14.810547557,15.164223649
6333000000.000000,1.657975522932,-134.240793032048,-52.549167293712,-186.789960325760,5.411951716,10.117558893,15.529510609,15.164223649
6334000000.000000,1.658237322320,-134.278158388678,-52.612729030633,-186.890887419311,5.189693508,10.114912761,15.304606269,15.164223649
6335000000.000000,1.658499121708,-134.306008644040,-52.676275036202,-186.982283680242,4.504164663,10.112551432,14.616716095,15.164223649
6336000000.000000,1.658760921095,-134.334759391145,-52.739807099785,-187.074566490930,4.961300756,10.110474828,15.071775584,15.164223649
6337000000.000000,1.659022720483,-134.368354188075,-52.803327009976,-187.171681198051,5.609370634,10.108682781,15.718053415,15.164223649
6338000000.000000,1.659284519871,-134.405248821449,-52.866836554033,-187.272085375482,4.888080700,10.107175034,14.995255734,15.164223649
6339000000.000000,1.659546319259,-134.429779621744,-52.930337517317,-187.360117139061,4.545146471,10.105951241,14.651097712,15.164223649
6340000000.000000,1.659808118647,-134.462364816503,-52.993831682739,-187.456196499242,5.268619545,10.105010969,15.373630514,15.164223649
6341000000.000000,1.660069918034,-134.495987047576,-53.057320830212,-187.553307877788,5.114091854,10.104353696,15.218445550,15.164223649
6342000000.000000,1.660331717422,-134.526630390100,-53.120806736098,-187.647437126198,4.828141815,10.103978814,14.932120629,15.164223649
6343000000.000000,1.660593516810,-134.556659267003,-53.184291172671,-187.740950439674,5.006179008,10.103885630,15.110064638,15.164223649
6344000000.000000,1.660855316198,-134.589539890877,-53.247775907566,-187.837315798443,5.125562206,10.104073361,15.229635567,15.164223649
6345000000.000000,1.661117115586,-134.621068981288,-53.311262703235,-187.932331684523,5.204847851,10.104541139,15.309388990,15.164223649
6346000000.000000,1.661378914973,-134.654945937959,-53.374753316402,-188.029699254361,5.122217137,10.105288008,15.227505145,15.164223649
6347000000.000000,1.661640714361,-134.685436660204,-53.438249497510,-188.123686157714,4.983182310,10.106312926,15.089495236,15.164223649
6348000000.000000,1.661902513749,-134.717566453709,-53.501752990169,-188.219319443878,4.961520716,10.107614759,15.069135475,15.164223649
6349000000.000000,1.662164313137,-134.747784968333,-53.565265530596,-188.313050498929,4.808918091,10.109192286,14.918110377,15.164223649
6350000000.000000,1.662426112525,-134.777997100695,-53.628788847050,-188.406785947745,5.115224323,10.111044196,15.226268519,15.164223649
6351000000.000000,1.662687911912,-134.812064772953,-53.692324659260,-188.504389432213,5.123058840,10.113169084,15.236227924,15.164223649
6352000000.000000,1.662949711300,-134.842375356762,-53.755874677841,-188.598250034603,5.002657122,10.115565453,15.118222575,15.164223649
6353000000.000000,1.663211510688,-134.874930016404,-53.819440603711,-188.694370620115,4.683640166,10.118231711,14.801871877,15.164223649
6354000000.000000,1.663473310076,-134.901231714916,-53.883024127480,-188.784255842396,4.662784586,10.121166170,14.783950756,15.164223649
6355000000.000000,1.663735109464,-134.933524295610,-53.946626928850,-188.880151224460,5.191191247,10.124367043,15.315558290,15.164223649
6356000000.000000,1.663996908851,-134.966466148051,-54.010250675980,-188.976716824031,5.251091694,10.127832444,15.378924138,15.164223649
6357000000.000000,1.664258708239,-134.999511459967,-54.073897024859,-189.073408484826,5.187143527,10.131560382,15.318703909,15.164223649
6358000000.000000,1.664520507627,-135.031649716040,-54.137567618646,-189.169217334686,5.046529677,10.135548764,15.182078441,15.164223649
6359000000.000000,1.664782307015,-135.062928022199,-54.201264087010,-189.264192109209,4.904862008,10.139795388,15.044657396,15.164223649
6360000000.000000,1.665044106403,-135.093286029841,-54.264988045445,-189.358274075286,4.767483426,10.144297942,14.911781368,15.164223649
6361000000.000000,1.665305905790,-135.122837985829,-54.328741094574,-189.451579080402,4.909892247,10.149054003,15.058946250,15.164223649
6362000000.000000,1.665567705178,-135.154985555495,-54.392524819429,-189.547510374924,4.835073699,10.154061030,14.989134729,15.164223649
6363000000.000000,1.665829504566,-135.183597313881,-54.456340788724,-189.639938102605,4.744544555,10.159316368,14.903860923,15.164223649
6364000000.000000,1.666091303954,-135.214607260766,-54.520190554096,-189.734797814862,5.018669981,10.164817236,15.183487217,15.164223649
6365000000.000000,1.666353103342,-135.246663780848,-54.584075649339,-189.830739430186,5.275649130,10.170560732,15.446209862,15.164223649
6366000000.000000,1.666614902729,-135.280903022967,-54.647997589607,-189.928900612574,4.947308727,10.176543824,15.123852551,15.164223649
6367000000.000000,1.666876702117,-135.308833495852,-54.711957870607,-190.020791366459,4.713175220,10.182763352,14.895938572,15.164223649
6368000000.000000,1.667138501505,-135.340130529554,-54.775957967762,-190.116088497316,4.821585756,10.189216018,15.010801774,15.164223649
6369000000.000000,1.667400300893,-135.369423329412,-54.839999335363,-190.209422664775,4.796740179,10.195898390,14.992638569,15.164223649
6370000000.000000,1.667662100281,-135.400408144379,-54.904083405684,-190.304491550063,4.890026772,10.202806893,15.092833665,15.164223649
6371000000.000000,1.667923899668,-135.430873218138,-54.968211588092,-190.399084806230,5.290310436,10.209937808,15.500248244,15.164223649
6372000000.000000,1.668185699056,-135.466888145986,-55.032385268126,-190.499273414112,4.964983568,10.217287266,15.182270834,15.164223649
6373000000.000000,1.668447498444,-135.493265041752,-55.096605806552,-190.589870848304,4.751533265,10.224851249,14.976384514,15.164223649
6374000000.000000,1.668709297832,-135.526597673980,-55.160874538401,-190.687472212381,5.227829252,10.232625583,15.460454835,15.164223649
6375000000.000000,1.668971097220,-135.558959881644,-55.225192771980,-190.784152653624,4.731333873,10.240605933,14.971939806,15.164223649
6376000000.000000,1.669232896607,-135.586053368928,-55.289561787869,-190.875615156797,4.352633000,10.248787805,14.601420805,15.164223649
6377000000.000000,1.669494695995,-135.613656681068,-55.353982837881,-190.967639518949,4.733624169,10.257166536,14.990790705,15.164223649
6378000000.000000,1.669756495383,-135.645537844590,-55.418457144018,-191.063994988608,4.886955194,10.265737297,15.152692491,15.164223649
6379000000.000000,1.670018294771,-135.675067971206,-55.482985897390,-191.158053868596,4.968796187,10.274495085,15.243291272,15.164223649
6380000000.000000,1.670280094159,-135.707977578978,-55.547570257125,-191.255547836103,5.043291173,10.283434719,15.326725892,15.164223649
6381000000.000000,1.670541893546,-135.738443837204,-55.612211349254,-191.350655186458,4.489214315,10.292550842,14.781765157,15.164223649
6382000000.000000,1.670803692934,-135.764390709829,-55.676910265573,-191.441300975402,4.978118314,10.301837914,15.279956228,15.164223649
6383000000.000000,1.671065492322,-135.801000716896,-55.741668062490,-191.542668779386,4.879007602,10.311290210,15.190297812,15.164223649
6384000000.000000,1.671327291710,-135.825702127586,-55.806485759860,-191.632187887446,4.931591683,10.320901816,15.252493499,15.164223649
6385000000.000000,1.671589091098,-135.862972925700,-55.871364339788,-191.734337265488,5.148316874,10.330666631,15.478983505,15.164223649
6386000000.000000,1.671850890485,-135.890397785465,-55.936304745435,-191.826702530900,4.330817758,10.340578357,14.671396115,15.164223649
6387000000.000000,1.672112689873,-135.917395586708,-56.001307879792,-191.918703466500,4.768865852,10.350630505,15.119496357,15.164223649
6388000000.000000,1.672374489261,-135.950325121172,-56.066374604458,-192.016699725630,5.000591887,10.360816388,15.361408275,15.164223649
6389000000.000000,1.672636288649,-135.980234877651,-56.131505738393,-192.111740616044,4.553083988,10.371129120,14.924213108,15.164223649
6390000000.000000,1.672898088037,-136.007540862006,-56.196702056671,-192.204242918677,4.681398303,10.381561616,15.062959919,15.164223649
6391000000.000000,1.673159887424,-136.039063063718,-56.261964289220,-192.301027352938,4.676634503,10.392106591,15.068741094,15.164223649
6392000000.000000,1.673421686812,-136.066309184396,-56.327293119561,-192.393602303957,4.479608907,10.402756558,14.882365465,15.164223649
6393000000.000000,1.673683486200,-136.095355489455,-56.392689183539,-192.488044672994,4.653593127,10.413503828,15.067096955,15.164223649
6394000000.000000,1.673945285588,-136.124787960317,-56.458153068058,-192.582941028376,4.812538119,10.424340511,15.236878630,15.164223649
6395000000.000000,1.674207084976,-136.155831627054,-56.523685309815,-192.679516936869,4.844489605,10.435258517,15.279748122,15.164223649
6396000000.000000,1.674468884363,-136.185665612126,-56.589286394036,-192.774952006162,4.660714810,10.446249553,15.106964363,15.164223649
6397000000.000000,1.674730683751,-136.214399896681,-56.654956753226,-192.869356649907,4.952606261,10.457305129,15.409911390,15.164223649
6398000000.000000,1.674992483139,-136.247901897911,-56.720696765920,-192.968598663831,4.673184873,10.468416559,15.141601432,15.164223649
6399000000.000000,1.675254282527,-136.273124869743,-56.786506755455,-193.059631625198,4.218081999,10.479574961,14.697656960,15.164223649
6400000000.000000,1.675516081915,-136.300907879596,-56.852386988755,-193.153294868351,4.842739047,10.490771259,15.333510306,15.164223649
6401000000.000000,1.675777881302,-136.333980523400,-56.918337675131,-193.252318198531,5.005488348,10.501996194,15.507484542,15.164223649
6402000000.000000,1.676039680690,-136.363808701280,-56.984358965116,-193.348167666396,4.706749306,10.513240317,15.219989623,15.164223649
6403000000.000000,1.676301480078,-136.393127279568,-57.050450949312,-193.443578228880,4.520512541,10.524494002,15.045006543,15.164223649
6404000000.000000,1.676563279466,-136.420615137231,-57.116613657279,-193.537228794510,4.410576118,10.535747449,14.946323567,15.164223649
6405000000.000000,1.676825078854,-136.448552213686,-57.182847056454,-193.631399270140,4.460399301,10.546990686,15.007389987,15.164223649
6406000000.000000,1.677086878241,-136.476666167936,-57.249151051107,-193.725817219043,4.691605643,10.558213581,15.249819224,15.164223649
6407000000.000000,1.677348677629,-136.507508668973,-57.315525481340,-193.823034150313,4.972634109,10.569405846,15.542039955,15.164223649
6408000000.000000,1.677610477017,-136.539154131084,-57.381970122137,-193.921124253221,4.453061208,10.580557043,15.033618251,15.164223649
6409000000.000000,1.677872276405,-136.563467486478,-57.448484682454,-194.011952168932,4.339039499,10.591656599,14.930696098,15.164223649
6410000000.000000,1.678134075793,-136.593680109542,-57.515068804378,-194.108748913920,4.857988274,10.602693806,15.460682080,15.164223649
6411000000.000000,1.678395875180,-136.624514767575,-57.581722062331,-194.206236829906,4.495896916,10.613657838,15.109554754,15.164223649
6412000000.000000,1.678657674568,-136.650177216433,-57.648443962348,-194.298621178781,4.250464604,10.624537759,14.875002363,15.164223649
6413000000.000000,1.678919473956,-136.677927681074,-57.715233941418,-194.393161622492,4.609303232,10.635322533,15.244625765,15.164223649
6414000000.000000,1.679181273344,-136.708099429125,-57.782091366898,-194.490190796023,4.426074676,10.646001036,15.072075712,15.164223649
6415000000.000000,1.679443072732,-136.733547375823,-57.849015536003,-194.582562911826,4.515086064,10.656562073,15.171648137,15.164223649
6416000000.000000,1.679704872119,-136.764837673964,-57.916005675377,-194.680843349341,4.674118607,10.666994382,15.341112989,15.164223649
6417000000.000000,1.679966671507,-136.792284082534,-57.983060940747,-194.775345023281,4.492306635,10.677286658,15.169593293,15.164223649
6418000000.000000,1.680228470895,-136.821289664057,-58.050180416672,-194.871470080729,4.644149798,10.687427560,15.331577358,15.164223649
6419000000.000000,1.680490270283,-136.850644190090,-58.117363116376,-194.968007306466,4.555605058,10.697405730,15.253010788,15.164223649
6420000000.000000,1.680752069671,-136.878537085588,-58.184607981682,-195.063145067270,4.450794384,10.707209806,15.158004190,15.164223649
6421000000.000000,1.681013869058,-136.906574521853,-58.251913883049,-195.158488404902,4.424980365,10.716828443,15.141808808,15.164223649
6422000000.000000,1.681275668446,-136.934143028820,-58.319279619708,-195.253422648528,4.549519980,10.726250323,15.275770303,15.164223649
6423000000.000000,1.681537467834,-136.963745476035,-58.386703919909,-195.350449395944,4.938062069,10.735464177,15.673526246,15.164223649
6424000000.000000,1.681799267222,-136.996196546892,-58.454185441271,-195.450381988163,4.378982119,10.744458801,15.123440920,15.164223649
6425000000.000000,1.682061066610,-137.018773388250,-58.521722771256,-195.540496159506,4.143870998,10.753223077,14.897094075,15.164223649
6426000000.000000,1.682322865997,-137.048269965625,-58.589314427751,-195.637584393376,4.332740560,10.761745985,15.094486545,15.164223649
6427000000.000000,1.682584665385,-137.073220211903,-58.656958859764,-195.730179071667,4.351434009,10.770016630,15.121450639,15.164223649
6428000000.000000,1.682846464773,-137.102951698080,-58.724654448250,-195.827606146330,4.640568236,10.778024256,15.418592492,15.164223649
6429000000.000000,1.683108264161,-137.131535312220,-58.792399507052,-195.923934819272,4.629904952,10.785758265,15.415663217,15.164223649
6430000000.000000,1.683370063549,-137.161132799621,-58.860192283963,-196.021325083584,4.441610623,10.793208240,15.234818863,15.164223649
6431000000.000000,1.683631862936,-137.187350237428,-58.928030961911,-196.115381199339,4.382981049,10.800363962,15.183345011,15.164223649
6432000000.000000,1.683893662324,-137.216210963874,-58.995913660274,-196.212124624148,4.650212720,10.807215430,15.457428150,15.164223649
6433000000.000000,1.684155461712,-137.245786533897,-59.063838436310,-196.309624970207,4.595531425,10.813752882,15.409284307,15.164223649
6434000000.000000,1.684417261100,-137.273960114930,-59.131803286717,-196.405763401647,4.412570131,10.819966812,15.232536943,15.164223649
6435000000.000000,1.684679060488,-137.301236525530,-59.199806149308,-196.501042674838,4.143942177,10.825847993,14.969790170,15.164223649
6436000000.000000,1.684940859875,-137.326034428129,-59.267844904815,-196.593879332944,4.150835543,10.831387492,14.982223035,15.164223649
6437000000.000000,1.685202659263,-137.353397463321,-59.335917378805,-196.689314842126,4.586385860,10.836576692,15.422962552,15.164223649
6438000000.000000,1.685464458651,-137.383668652629,-59.404021343718,-196.787689996347,4.578866971,10.841407308,15.420274279,15.164223649
6439000000.000000,1.685726258039,-137.410937202670,-59.472154521015,-196.883091723685,4.494296017,10.845871406,15.340167423,15.164223649
6440000000.000000,1.685988057427,-137.440145642024,-59.540314583441,-196.980460225465,4.708744446,10.849961422,15.558705868,15.164223649
6441000000.000000,1.686249856814,-137.470109030504,-59.608499157394,-197.078608187898,4.400332951,10.853670176,15.254003127,15.164223649
6442000000.000000,1.686511656202,-137.495441856709,-59.676705825394,-197.172147682103,4.168898394,10.856990889,15.025889283,15.164223649
6443000000.000000,1.686773455590,-137.522496952782,-59.744932128659,-197.267429081441,4.059951349,10.859917199,14.919868548,15.164223649
6444000000.000000,1.687035254978,-137.546460710041,-59.813175569763,-197.359636279804,4.184563584,10.862443177,15.047006761,15.164223649
6445000000.000000,1.687297054366,-137.575081729643,-59.881433615399,-197.456515345042,4.631776263,10.864563336,15.496339599,15.164223649
6446000000.000000,1.687558853753,-137.604665327160,-59.949703699208,-197.554369026368,4.450764521,10.866272648,15.317037169,15.164223649
6447000000.000000,1.687820653141,-137.631011686134,-60.017983224696,-197.648994910830,4.530318694,10.867566555,15.397885249,15.164223649
6448000000.000000,1.688082452529,-137.661594990865,-60.086269568217,-197.747864559082,4.528185255,10.868440978,15.396626233,15.164223649
6449000000.000000,1.688344251917,-137.687914540256,-60.154560082023,-197.842474622279,4.391856126,10.868892327,15.260748453,15.164223649
6450000000.000000,1.688606051305,-137.716784682634,-60.222852097367,-197.939636780001,4.483663336,10.868917512,15.352580848,15.164223649
6451000000.000000,1.688867850692,-137.744257915446,-60.291142927657,-198.035400843103,4.409056878,10.868513947,15.277570825,15.164223649
6452000000.000000,1.689129650080,-137.772190525421,-60.359429871651,-198.131620397072,4.402877497,10.867679557,15.270557054,15.164223649
6453000000.000000,1.689391449468,-137.799586105842,-60.427710216688,-198.227296322530,4.074386293,10.866412784,14.940799077,15.164223649
6454000000.000000,1.689653248856,-137.823390773605,-60.495981241945,-198.319372015550,4.646787513,10.864712590,15.511500103,15.164223649
6455000000.000000,1.689915048244,-137.857979359901,-60.564240221708,-198.422219581609,4.812367515,10.862578457,15.674945972,15.164223649
6456000000.000000,1.690176847631,-137.883864767326,-60.632484428659,-198.516349195985,4.534654718,10.860010391,15.394665109,15.164223649
6457000000.000000,1.690438647019,-137.914963511699,-60.700711137160,-198.615674648859,4.549899497,10.857008922,15.406908419,15.164223649
6458000000.000000,1.690700446407,-137.941040490659,-60.768917626533,-198.709958117192,4.181358742,10.853575097,15.034933839,15.164223649
6459000000.000000,1.690962245795,-137.967508015324,-60.837101184326,-198.804609199650,4.173521728,10.849710486,15.023232214,15.164223649
6460000000.000000,1.691224045183,-137.993486511454,-60.905259109554,-198.898745621008,4.762835524,10.845417167,15.608252691,15.164223649
6461000000.000000,1.691485844570,-138.027359571691,-60.973388715912,-199.000748287603,4.513344864,10.840697730,15.354042594,15.164223649
6462000000.000000,1.691747643958,-138.050202875731,-61.041487334950,-199.091690210681,4.281617446,10.835555266,15.117172712,15.164223649
6463000000.000000,1.692009443346,-138.081163963350,-61.109552319197,-199.190716282547,4.315231364,10.829993358,15.145224722,15.164223649
6464000000.000000,1.692271242734,-138.104429672338,-61.177581045236,-199.282010717574,4.318123391,10.824016074,15.142139465,15.164223649
6465000000.000000,1.692533042122,-138.135427102246,-61.245570916722,-199.380998018968,4.734502896,10.817627958,15.552130854,15.164223649
6466000000.000000,1.692794841509,-138.163925190404,-61.313519367322,-199.477444557726,4.444058511,10.810834014,15.254892525,15.164223649
6467000000.000000,1.693056640897,-138.191272788528,-61.381423863590,-199.572696652118,4.463770137,10.803639698,15.267409835,15.164223649
6468000000.000000,1.693318440285,-138.220018580288,-61.449281907757,-199.669300488045,4.855409696,10.796050905,15.651460601,15.164223649
6469000000.000000,1.693580239673,-138.252287666251,-61.517091040438,-199.769378706689,4.646088570,10.788073951,15.434162521,15.164223649
6470000000.000000,1.693842039060,-138.278403051165,-61.584848843243,-199.863251894408,4.284264084,10.779715561,15.063979645,15.164223649
6471000000.000000,1.694103838448,-138.306125316541,-61.652552941295,-199.958678257836,4.472884802,10.770982852,15.243867654,15.164223649
6472000000.000000,1.694365637836,-138.334610979300,-61.720201005644,-200.054811984944,4.665516658,10.761883318,15.427399976,15.164223649
6473000000.000000,1.694627437224,-138.364753927967,-61.787790755576,-200.152544683543,4.642945397,10.752424810,15.395370207,15.164223649
6474000000.000000,1.694889236612,-138.392955951901,-61.855319960812,-200.248275912713,4.026905124,10.742615522,14.769520646,15.164223649
6475000000.000000,1.695151035999,-138.415357510181,-61.922786443593,-200.338143953774,4.483770387,10.732463969,15.216234356,15.164223649
6476000000.000000,1.695412835387,-138.449300672337,-61.990188080655,-200.439488752992,4.880911057,10.721978972,15.602890029,15.164223649
6477000000.000000,1.695674634775,-138.476692847454,-62.057522805072,-200.534215652526,4.651490205,10.711169635,15.362659840,15.164223649
6478000000.000000,1.695936434163,-138.507753022166,-62.124788607997,-200.632541630163,4.653854427,10.700045329,15.353899756,15.164223649
6479000000.000000,1.696198233551,-138.535174906970,-62.191983540263,-200.727158447233,4.350273584,10.688615671,15.038889255,15.164223649
6480000000.000000,1.696460032938,-138.562420172295,-62.259105713876,-200.821525886171,4.537600154,10.676890506,15.214490660,15.164223649
6481000000.000000,1.696721832326,-138.592196072205,-62.326153303373,-200.918349375578,4.600519368,10.664879885,15.265399253,15.164223649
6482000000.000000,1.696983631714,-138.620232003696,-62.393124547062,-201.013356550758,4.440795887,10.652594045,15.093389932,15.164223649
6483000000.000000,1.697245431102,-138.648000759141,-62.460017748141,-201.108018507282,4.636921451,10.640043392,15.276964843,15.164223649
6484000000.000000,1.697507230490,-138.678501277158,-62.526831275685,-201.205332552843,4.999197779,10.627238482,15.626436261,15.164223649
6485000000.000000,1.697769029877,-138.710822531202,-62.593563565518,-201.304386096720,4.559047528,10.614189997,15.173237525,15.164223649
6486000000.000000,1.698030829265,-138.735791958045,-62.660213120965,-201.396005079010,4.287202176,10.600908731,14.888110907,15.164223649
6487000000.000000,1.698292628653,-138.764697102639,-62.726778513479,-201.491475616118,4.523031526,10.587405567,15.110437093,15.164223649
6488000000.000000,1.698554428041,-138.792630048503,-62.793258383159,-201.585888431662,4.868196369,10.573691462,15.441887831,15.164223649
6489000000.000000,1.698816227429,-138.825872662438,-62.859651439146,-201.685524101584,4.875979704,10.559777427,15.435757131,15.164223649
6490000000.000000,1.699078026816,-138.853903416568,-62.925956459914,-201.779859876482,4.261943569,10.545674512,14.807618081,15.164223649
6491000000.000000,1.699339826204,-138.879429824859,-62.992172293445,-201.871602118304,4.399087450,10.531393785,14.930481235,15.164223649
6492000000.000000,1.699601625592,-138.909183979824,-63.058297857307,-201.967481837131,4.683958812,10.516946319,15.200905131,15.164223649
6493000000.000000,1.699863424980,-138.938290187235,-63.124332138621,-202.062622325856,4.784238847,10.502343173,15.286582020,15.164223649
6494000000.000000,1.700125224368,-138.969304498285,-63.190274193938,-202.159578692223,4.823444156,10.487595379,15.311039535,15.164223649
6495000000.000000,1.700387023755,-138.998903374135,-63.256123149012,-202.255026523147,4.425354994,10.472713927,14.898068921,15.164223649
6496000000.000000,1.700648823143,-139.024915149234,-63.321878198487,-202.346793347721,4.694927528,10.457709750,15.152637278,15.164223649
6497000000.000000,1.700910622531,-139.057901573454,-63.387538605502,-202.445440178956,5.024917730,10.442593708,15.467511438,15.164223649
6498000000.000000,1.701172421919,-139.088060127736,-63.453103701201,-202.541163828937,4.861947757,10.427376583,15.289324340,15.164223649
6499000000.000000,1.701434221307,-139.118998610882,-63.518572884175,-202.637571495057,4.749513835,10.412069056,15.161582891,15.164223649
6500000000.000000,1.701696020694,-139.147744278823,-63.583945619825,-202.731689898648,4.575015145,10.404394022,14.979409167,15.164223649
