subcarrier_index,fft_bin,freq_hz,reference_i,reference_q,after_h1_equalized_i,after_h1_equalized_q,after_float_fir_equalized_i,after_float_fir_equalized_q,after_fixed_fir_equalized_i,after_fixed_fir_equalized_q
0,15156,5550292968.750000,1.344342184910e+02,-2.240570308183e+02,1.660715780861e+02,-2.064928622435e+02,1.672226581692e+02,-2.081469169762e+02,1.672043957705e+02,-2.081251220421e+02
1,15157,5550659179.687500,2.240570308183e+02,-2.240570308183e+02,2.569523138143e+02,-1.934775334242e+02,2.587586572331e+02,-1.950497902335e+02,2.587307891209e+02,-1.950296752236e+02
2,15158,5551025390.625000,3.136798431456e+02,4.481140616365e+01,3.089508749266e+02,9.044767168764e+01,3.112436908246e+02,9.094221310323e+01,3.112110199541e+02,9.093192466546e+01
3,15159,5551391601.562500,2.240570308183e+02,2.240570308183e+02,1.926886847111e+02,2.576571519581e+02,1.941940032795e+02,2.593870645754e+02,1.941741481512e+02,2.593593557711e+02
4,15160,5551757812.500000,1.344342184910e+02,2.240570308183e+02,1.024711770009e+02,2.445654911340e+02,1.033120463696e+02,2.462110281316e+02,1.033017657707e+02,2.461850111989e+02
5,15161,5552124023.437500,4.481140616365e+01,-1.344342184910e+02,6.469567885857e+01,-1.283889022900e+02,6.506739800969e+01,-1.292947987219e+02,6.506032635371e+01,-1.292814542658e+02
6,15162,5552490234.375000,1.344342184910e+02,4.481140616365e+01,1.282134041319e+02,6.514014251791e+01,1.290980599807e+02,6.550468064772e+01,1.290847927361e+02,6.549759208494e+01
7,15163,5552856445.312500,-2.240570308183e+02,-3.136798431456e+02,-1.767453690692e+02,-3.491433281951e+02,-1.780735010697e+02,-3.513108586359e+02,-1.780558509820e+02,-3.512741234543e+02
8,15164,5553222656.250000,2.240570308183e+02,-4.481140616365e+01,2.317960980816e+02,-1.001796230820e+01,2.332551159422e+02,-1.020323741206e+01,2.332310634241e+02,-1.020269884293e+01
9,15165,5553588867.187500,-2.240570308183e+02,2.240570308183e+02,-2.601912169395e+02,1.893513053956e+02,-2.616943721209e+02,1.906546322153e+02,-2.616671061282e+02,1.906356481684e+02
10,15166,5553955078.125000,-4.481140616365e+01,2.240570308183e+02,-8.084322029172e+01,2.175548384979e+02,-8.121408855820e+01,2.189034230954e+02,-8.120531085539e+01,2.188812388372e+02
11,15167,5554321289.062500,2.240570308183e+02,1.344342184910e+02,2.032663837949e+02,1.708506741474e+02,2.045447465042e+02,1.717427045667e+02,2.045243162350e+02,1.717247842547e+02
12,15168,5554687500.000000,-2.240570308183e+02,-4.481140616365e+01,-2.177686029581e+02,-8.093406506140e+01,-2.190504818158e+02,-8.128012071942e+01,-2.190284715660e+02,-8.127140603482e+01
13,15169,5555053710.937500,3.136798431456e+02,1.344342184910e+02,2.934853044518e+02,1.853967079589e+02,2.952073371168e+02,1.862686034947e+02,2.951779704479e+02,1.862491668565e+02
14,15170,5555419921.875000,1.344342184910e+02,2.240570308183e+02,9.874839583012e+01,2.467270367502e+02,9.940939705587e+01,2.480025263760e+02,9.939995797435e+01,2.479774000839e+02
15,15171,5555786132.812500,3.136798431456e+02,-1.344342184910e+02,3.367830487149e+02,-8.383987924233e+01,3.384987346981e+02,-8.445501066262e+01,3.384646981908e+02,-8.444730874989e+01
16,15172,5556152343.750000,-2.240570308183e+02,1.344342184910e+02,-2.470288467092e+02,9.795509816299e+01,-2.482299730852e+02,9.858164706655e+01,-2.482050395776e+02,9.857237653122e+01
17,15173,5556518554.687500,3.136798431456e+02,4.481140616365e+01,3.071944606087e+02,9.770056954377e+01,3.087561663318e+02,9.801948039631e+01,3.087257710199e+02,9.800908405687e+01
18,15174,5556884765.625000,-2.240570308183e+02,3.136798431456e+02,-2.784939930639e+02,2.762735961660e+02,-2.796752627348e+02,2.777358036478e+02,-2.796470451925e+02,2.777090024618e+02
19,15175,5557250976.562500,-2.240570308183e+02,-4.481140616365e+01,-2.169331890700e+02,-8.378805361711e+01,-2.179771856565e+02,-8.406030868667e+01,-2.179559472505e+02,-8.405156810770e+01
20,15176,5557617187.500000,2.240570308183e+02,-4.481140616365e+01,2.324877522709e+02,-5.734226928447e+00,2.335208644515e+02,-5.881910522636e+00,2.334980011611e+02,-5.881848130710e+00
21,15177,5557983398.437500,3.136798431456e+02,-1.344342184910e+02,3.381577514015e+02,-7.939565904864e+01,3.395715385876e+02,-7.991500179514e+01,3.395382813635e+02,-7.990796255417e+01
22,15178,5558349609.375000,-3.136798431456e+02,-3.136798431456e+02,-2.590056415268e+02,-3.701483343192e+02,-2.602754315805e+02,-3.715491952405e+02,-2.602510034461e+02,-3.715125860151e+02
23,15179,5558715820.312500,3.136798431456e+02,3.136798431456e+02,2.589637483025e+02,3.705016581496e+02,2.601942352760e+02,3.718478228351e+02,2.601699274361e+02,3.718113445452e+02
24,15180,5559082031.250000,4.481140616365e+01,1.344342184910e+02,2.092665038911e+01,1.429230630970e+02,2.108223184761e+01,1.434621971931e+02,2.108052040745e+01,1.434483594101e+02
25,15181,5559448242.187500,-3.136798431456e+02,-4.481140616365e+01,-3.063620090531e+02,-1.018201029433e+02,-3.075484410247e+02,-1.020358399059e+02,-3.075192316816e+02,-1.020253988453e+02
26,15182,5559814453.125000,4.481140616365e+01,-2.240570308183e+02,8.608764902882e+01,-2.161808192740e+02,8.627960610771e+01,-2.169929530558e+02,8.627090898873e+01,-2.169724686858e+02
27,15183,5560180664.062500,3.136798431456e+02,4.481140616365e+01,3.058463718190e+02,1.027658421092e+02,3.069394724831e+02,1.029545149189e+02,3.069105867338e+02,1.029440755901e+02
28,15184,5560546875.000000,1.344342184910e+02,-4.481140616365e+01,1.429042457728e+02,-2.025383326981e+01,1.433577845384e+02,-2.039459808260e+01,1.433442042484e+02,-2.039298750680e+01
29,15185,5560913085.937500,-3.136798431456e+02,1.344342184910e+02,-3.389106877702e+02,7.765081265436e+01,-3.399202040607e+02,7.806923735182e+01,-3.398880837385e+02,7.806264667835e+01
30,15186,5561279296.875000,-1.344342184910e+02,-3.136798431456e+02,-7.715727863466e+01,-3.391039071079e+02,-7.756277160926e+01,-3.400638447317e+02,-7.755626206677e+01,-3.400318576389e+02
31,15187,5561645507.812500,-1.344342184910e+02,-3.136798431456e+02,-7.636607082359e+01,-3.393584680062e+02,-7.675801038093e+01,-3.402692447153e+02,-7.675160943619e+01,-3.402373858067e+02
32,15188,5562011718.750000,-1.344342184910e+02,-2.240570308183e+02,-9.246671767509e+01,-2.498182659890e+02,-9.284311646795e+01,-2.504327859161e+02,-9.283505977199e+01,-2.504093655119e+02
33,15189,5562377929.687500,-2.240570308183e+02,1.344342184910e+02,-2.500971694657e+02,9.196812972763e+01,-2.506758238577e+02,9.232977249485e+01,-2.506524892283e+02,9.232180339883e+01
34,15190,5562744140.625000,-4.481140616365e+01,1.344342184910e+02,-7.081252462043e+01,1.260312889586e+02,-7.091354092901e+01,1.263657829509e+02,-7.090674981903e+01,1.263543320676e+02
35,15191,5563110351.562500,4.481140616365e+01,2.240570308183e+02,1.520152400459e+00,2.331406931481e+02,1.645713833124e+00,2.336558295093e+02,1.646076838608e+00,2.336344643619e+02
36,15192,5563476562.500000,2.240570308183e+02,1.344342184910e+02,1.988663722869e+02,1.775292261132e+02,1.993704388435e+02,1.777919379414e+02,1.993526875908e+02,1.777753214309e+02
37,15193,5563842773.437500,1.344342184910e+02,2.240570308183e+02,9.254699955832e+01,2.499637646659e+02,9.285577961909e+01,2.503955072366e+02,9.284791995698e+01,2.503726249662e+02
38,15194,5564208984.375000,-4.481140616365e+01,-1.344342184910e+02,-1.942076551609e+01,-1.432332354441e+02,-1.953029828799e+01,-1.434774470970e+02,-1.952885305782e+01,-1.434644706589e+02
39,15195,5564575195.312500,-2.240570308183e+02,-3.136798431456e+02,-1.636714046246e+02,-3.575006035297e+02,-1.641256710089e+02,-3.579980560717e+02,-1.641117328337e+02,-3.579655768496e+02
40,15196,5564941406.250000,4.481140616365e+01,-4.481140616365e+01,5.368906048354e+01,-3.599148042607e+01,5.375004651684e+01,-3.607312050965e+01,5.374516783583e+01,-3.607001761172e+01
41,15197,5565307617.187500,-2.240570308183e+02,-4.481140616365e+01,-2.152640800886e+02,-8.973131705852e+01,-2.156002160831e+02,-8.973911559622e+01,-2.155812538266e+02,-8.973066708323e+01
42,15198,5565673828.125000,1.344342184910e+02,4.481140616365e+01,1.254971216571e+02,7.215067840636e+01,1.256854804459e+02,7.217153881752e+01,1.256745233746e+02,7.216487974403e+01
43,15199,5566040039.062500,3.136798431456e+02,-3.136798431456e+02,3.784880668113e+02,-2.498670284769e+02,3.787573145355e+02,-2.503292876181e+02,3.787234279838e+02,-2.503080871315e+02
44,15200,5566406250.000000,2.240570308183e+02,4.481140616365e+01,2.155495607731e+02,9.020530062492e+01,2.157939203025e+02,9.017497123281e+01,2.157752169525e+02,9.016659854439e+01
45,15201,5566772460.937500,-4.481140616365e+01,4.481140616365e+01,-5.388590574242e+01,3.603341582925e+01,-5.390868256963e+01,3.608946075521e+01,-5.390390425306e+01,3.608643344348e+01
46,15202,5567138671.875000,3.136798431456e+02,-4.481140616365e+01,3.236836142892e+02,1.724051374166e+01,3.238969529884e+02,1.708200994182e+01,3.238688950862e+02,1.707981644462e+01
47,15203,5567504882.812500,3.136798431456e+02,-2.240570308183e+02,3.595600589670e+02,-1.616967050527e+02,3.596517298434e+02,-1.619641120754e+02,3.596203294966e+02,-1.619509219966e+02
48,15204,5567871093.750000,3.136798431456e+02,2.240570308183e+02,2.687798947954e+02,2.882963679178e+02,2.690247315461e+02,2.882565901635e+02,2.690022572683e+02,2.882312393364e+02
49,15205,5568237304.687500,2.240570308183e+02,4.481140616365e+01,2.153894313882e+02,9.068845580574e+01,2.154820518367e+02,9.059481192355e+01,2.154638334193e+02,9.058659515213e+01
50,15206,5568603515.625000,-2.240570308183e+02,3.136798431456e+02,-2.888284922781e+02,2.687116947704e+02,-2.887082447876e+02,2.688816358876e+02,-2.886830997964e+02,2.688594024325e+02
51,15207,5568969726.562500,-2.240570308183e+02,2.240570308183e+02,-2.706706235815e+02,1.789209920287e+02,-2.705584462933e+02,1.790502342064e+02,-2.705351566671e+02,1.790356765409e+02
52,15208,5569335937.500000,4.481140616365e+01,-2.240570308183e+02,9.105771389814e+01,-2.155086221626e+02,9.092615550207e+01,-2.155115606414e+02,9.091802563324e+01,-2.154936136847e+02
53,15209,5569702148.437500,-2.240570308183e+02,-2.240570308183e+02,-1.782834926543e+02,-2.710137882184e+02,-1.783636126428e+02,-2.708269946186e+02,-1.783492642695e+02,-2.708039124392e+02
54,15210,5570068359.375000,3.136798431456e+02,-2.240570308183e+02,3.610272472161e+02,-1.593601239662e+02,3.607696205330e+02,-1.594718939085e+02,3.607391964871e+02,-1.594593932018e+02
55,15211,5570434570.312500,-1.344342184910e+02,4.481140616365e+01,-1.441417578212e+02,1.689667050339e+01,-1.440435742132e+02,1.696153267783e+01,-1.440315902178e+02,1.696044245829e+01
56,15212,5570800781.250000,-4.481140616365e+01,-1.344342184910e+02,-1.683185719437e+01,-1.442079541516e+02,-1.689448575530e+01,-1.440900755464e+02,-1.689340831106e+01,-1.440781485005e+02
57,15213,5571166992.187500,-2.240570308183e+02,-3.136798431456e+02,-1.592220506393e+02,-3.615104066135e+02,-1.592688458993e+02,-3.611045802466e+02,-1.592565640016e+02,-3.610745847754e+02
58,15214,5571533203.125000,2.240570308183e+02,-1.344342184910e+02,2.527603492015e+02,-8.828238921349e+01,2.524543960658e+02,-8.832368963506e+01,2.524335824144e+02,-8.831703045445e+01
59,15215,5571899414.062500,2.240570308183e+02,-3.136798431456e+02,2.897481813321e+02,-2.683844913950e+02,2.892710128556e+02,-2.682237204417e+02,2.892469182898e+02,-2.682025612184e+02
60,15216,5572265625.000000,-1.344342184910e+02,-3.136798431456e+02,-7.027765654491e+01,-3.426083617446e+02,-7.036541681938e+01,-3.421271273261e+02,-7.036048053427e+01,-3.420993162009e+02
61,15217,5572631835.937500,-3.136798431456e+02,-2.240570308183e+02,-2.690211645156e+02,-2.894985688092e+02,-2.687872541979e+02,-2.889436700817e+02,-2.687662739061e+02,-2.889198432226e+02
62,15218,5572998046.875000,4.481140616365e+01,-1.344342184910e+02,7.256222575878e+01,-1.259224789300e+02,7.238291878810e+01,-1.257633073242e+02,7.237685186415e+01,-1.257534054614e+02
63,15219,5573364257.812500,-2.240570308183e+02,-2.240570308183e+02,-1.791608118047e+02,-2.710798129006e+02,-1.789981451339e+02,-2.705260117722e+02,-1.789844948672e+02,-2.705040898272e+02
64,15220,5573730468.750000,1.344342184910e+02,2.240570308183e+02,8.900679204065e+01,2.526977563737e+02,8.897579494257e+01,2.521887757951e+02,8.896930559662e+01,2.521686163890e+02
65,15221,5574096679.687500,1.344342184910e+02,3.136798431456e+02,7.054023180846e+01,3.427338935030e+02,7.058070670734e+01,3.420245537369e+02,7.057590045752e+01,3.419974659824e+02
66,15222,5574462890.625000,1.344342184910e+02,-2.240570308183e+02,1.810683891491e+02,-1.975710340136e+02,1.805861937460e+02,-1.972518942172e+02,1.805716154060e+02,-1.972368408090e+02
67,15223,5574829101.562500,-4.481140616365e+01,2.240570308183e+02,-9.092818455119e+01,2.160707059018e+02,-9.061316900988e+01,2.156375118381e+02,-9.060563540395e+01,2.156209104999e+02
68,15224,5575195312.500000,2.240570308183e+02,-1.344342184910e+02,2.528096946377e+02,-8.927412521174e+01,2.521678015822e+02,-8.919580579579e+01,2.521480640214e+02,-8.918944778534e+01
69,15225,5575561523.437500,4.481140616365e+01,4.481140616365e+01,3.585040557391e+01,5.424942715632e+01,3.578963278262e+01,5.409593713106e+01,3.578699306069e+01,5.409168886479e+01
70,15226,5575927734.375000,2.240570308183e+02,-1.344342184910e+02,2.528864749631e+02,-8.903024872364e+01,2.521790270540e+02,-8.892944500182e+01,2.521594989354e+02,-8.892318161689e+01
71,15227,5576293945.312500,-3.136798431456e+02,3.136798431456e+02,-3.803394007102e+02,2.504689579276e+02,-3.791656565961e+02,2.499803890716e+02,-3.791361968688e+02,2.499621619586e+02
72,15228,5576660156.250000,-3.136798431456e+02,3.136798431456e+02,-3.809093702842e+02,2.501412231537e+02,-3.796854203606e+02,2.496217582476e+02,-3.796560792741e+02,2.496036631584e+02
73,15229,5577026367.187500,-1.344342184910e+02,-4.481140616365e+01,-1.258741868225e+02,-7.327808307618e+01,-1.255349691014e+02,-7.299273134373e+01,-1.255256618784e+02,-7.298695049032e+01
74,15230,5577392578.125000,-4.481140616365e+01,3.136798431456e+02,-1.104470360609e+02,3.061988398532e+02,-1.099421932669e+02,3.052993804707e+02,-1.099332762141e+02,3.052767232933e+02
75,15231,5577758789.062500,-1.344342184910e+02,-1.344342184910e+02,-1.073464978510e+02,-1.630340207789e+02,-1.070823795683e+02,-1.624478563597e+02,-1.070747491863e+02,-1.624355039119e+02
76,15232,5578125000.000000,3.136798431456e+02,-3.136798431456e+02,3.800322612071e+02,-2.508750861512e+02,3.786176940369e+02,-2.502256683471e+02,3.785890591011e+02,-2.502079391729e+02
77,15233,5578491210.937500,2.240570308183e+02,-2.240570308183e+02,2.713375551301e+02,-1.796098199120e+02,2.702932829458e+02,-1.791219382071e+02,2.702729510514e+02,-1.791093192072e+02
78,15234,5578857421.875000,3.136798431456e+02,2.240570308183e+02,2.702723512358e+02,2.894628333157e+02,2.694424804468e+02,2.882716611122e+02,2.694233494736e+02,2.882499233525e+02
79,15235,5579223632.812500,-1.344342184910e+02,-4.481140616365e+01,-1.263578536216e+02,-7.246674382281e+01,-1.259213931108e+02,-7.212894411138e+01,-1.259123667175e+02,-7.212340619604e+01
80,15236,5579589843.750000,3.136798431456e+02,-1.344342184910e+02,3.436189180988e+02,-7.176449423794e+01,3.422493887841e+02,-7.166528589975e+01,3.422244078244e+02,-7.166084010239e+01
81,15237,5579956054.687500,1.344342184910e+02,-4.481140616365e+01,1.447572240622e+02,-1.785212379229e+01,1.441688830619e+02,-1.785611575602e+01,1.441584464127e+02,-1.785514479827e+01
82,15238,5580322265.625000,-2.240570308183e+02,-2.240570308183e+02,-1.802665455275e+02,-2.718880016476e+02,-1.796649437632e+02,-2.706731686388e+02,-1.796526549142e+02,-2.706533639998e+02
83,15239,5580688476.562500,4.481140616365e+01,-3.136798431456e+02,1.096770026655e+02,-3.072956110220e+02,1.090513970069e+02,-3.060482563568e+02,1.090429491202e+02,-3.060266748651e+02
84,15240,5581054687.500000,1.344342184910e+02,3.136798431456e+02,7.094560637218e+01,3.442181390364e+02,7.081504647296e+01,3.426781282432e+02,7.081077942096e+01,3.426536800331e+02
85,15241,5581420898.437500,-1.344342184910e+02,3.136798431456e+02,-1.999969667203e+02,2.888398132001e+02,-1.989490649715e+02,2.876477168976e+02,-1.989344105948e+02,2.876278802207e+02
86,15242,5581787109.375000,-3.136798431456e+02,-4.481140616365e+01,-3.072194022671e+02,-1.092683897911e+02,-3.058605608363e+02,-1.086049323592e+02,-3.058393668279e+02,-1.085966499008e+02
87,15243,5582153320.312500,-1.344342184910e+02,3.136798431456e+02,-1.992646136705e+02,2.890990051003e+02,-1.981719884809e+02,2.878358279809e+02,-1.981575501787e+02,2.878162112274e+02
88,15244,5582519531.250000,-4.481140616365e+01,-1.344342184910e+02,-1.815383592658e+01,-1.446640338646e+02,-1.814112464964e+01,-1.439533270163e+02,-1.814018457238e+01,-1.439433171865e+02
89,15245,5582885742.187500,-1.344342184910e+02,-3.136798431456e+02,-7.308017279507e+01,-3.434511656814e+02,-7.289595939656e+01,-3.417074505630e+02,-7.289169132042e+01,-3.416837632830e+02
90,15246,5583251953.125000,3.136798431456e+02,4.481140616365e+01,3.079502803216e+02,1.076193702145e+02,3.064404855652e+02,1.069119407492e+02,3.064197460985e+02,1.069039497065e+02
91,15247,5583618164.062500,3.136798431456e+02,2.240570308183e+02,2.727153539222e+02,2.887574152908e+02,2.714468520697e+02,2.871133482301e+02,2.714290138889e+02,2.870932166356e+02
92,15248,5583984375.000000,2.240570308183e+02,1.344342184910e+02,2.001473713307e+02,1.803949124903e+02,1.991765584599e+02,1.793312130531e+02,1.991634813673e+02,1.793186463928e+02
93,15249,5584350585.937500,2.240570308183e+02,3.136798431456e+02,1.646139420434e+02,3.616351507622e+02,1.639072181048e+02,3.595837203434e+02,1.638969888768e+02,3.595591854325e+02
94,15250,5584716796.875000,2.240570308183e+02,-3.136798431456e+02,2.885552485973e+02,-2.728720013102e+02,2.868113164459e+02,-2.715071246002e+02,2.867915534544e+02,-2.714896112625e+02
95,15251,5585083007.812500,1.344342184910e+02,-3.136798431456e+02,1.977812012729e+02,-2.905850687392e+02,1.965092158768e+02,-2.890410975606e+02,1.964955281535e+02,-2.890223307139e+02
96,15252,5585449218.750000,1.344342184910e+02,-2.240570308183e+02,1.798854424899e+02,-2.003701156867e+02,1.787411469782e+02,-1.993050917500e+02,1.787289086869e+02,-1.992923266311e+02
97,15253,5585815429.687500,-4.481140616365e+01,3.136798431456e+02,-1.063326112794e+02,3.089246813500e+02,-1.055450308298e+02,3.071584414120e+02,-1.055374303359e+02,3.071385187033e+02
98,15254,5586181640.625000,-4.481140616365e+01,1.344342184910e+02,-7.130284881073e+01,1.275616608333e+02,-7.080800747979e+01,1.268320807289e+02,-7.080311104672e+01,1.268239650405e+02
99,15255,5586547851.562500,-4.481140616365e+01,-3.136798431456e+02,1.447061492720e+01,-3.263971479077e+02,1.421235647052e+01,-3.244061078844e+02,1.421072241744e+01,-3.243851133368e+02
100,15256,5586914062.500000,-3.136798431456e+02,2.240570308183e+02,-3.602589984245e+02,1.677564583188e+02,-3.579253763874e+02,1.668976266395e+02,-3.579019548107e+02,1.668876629414e+02
101,15257,5587280273.437500,3.136798431456e+02,-3.136798431456e+02,3.768908479361e+02,-2.590884758702e+02,3.743638763404e+02,-2.576397531410e+02,3.743393463471e+02,-2.576240837759e+02
102,15258,5587646484.375000,1.344342184910e+02,-4.481140616365e+01,1.446907854869e+02,-2.035436421574e+01,1.437456649138e+02,-2.029807867282e+01,1.437364762994e+02,-2.029710335487e+01
103,15259,5588012695.312500,-4.481140616365e+01,4.481140616365e+01,-5.377061786652e+01,3.714535571671e+01,-5.339806338759e+01,3.692925865652e+01,-5.339460676430e+01,3.692704158198e+01
104,15260,5588378906.250000,-4.481140616365e+01,-4.481140616365e+01,-3.716132511318e+01,-5.377385924198e+01,-3.694102684989e+01,-5.339535187308e+01,-3.693882374699e+01,-5.339191667401e+01
105,15261,5588745117.187500,-2.240570308183e+02,-2.240570308183e+02,-1.858864836966e+02,-2.688854835168e+02,-1.847640772959e+02,-2.669633357248e+02,-1.847531315718e+02,-2.669462666743e+02
106,15262,5589111328.125000,4.481140616365e+01,-4.481140616365e+01,5.373921276958e+01,-3.725371982448e+01,5.334914403676e+01,-3.702463541386e+01,5.334575398271e+01,-3.702245640176e+01
107,15263,5589477539.062500,-4.481140616365e+01,3.136798431456e+02,-1.020218161763e+02,3.106928412998e+02,-1.011456080410e+02,3.085688157821e+02,-1.011386970606e+02,3.085500231807e+02
108,15264,5589843750.000000,-3.136798431456e+02,-1.344342184910e+02,-2.953578134480e+02,-1.920014051411e+02,-2.933561019564e+02,-1.904819881235e+02,-2.933385593373e+02,-1.904696808717e+02
109,15265,5590209960.937500,-3.136798431456e+02,4.481140616365e+01,-3.270979323337e+02,-9.269110160994e+00,-3.247404254257e+02,-9.032338401683e+00,-3.247206909427e+02,-9.031075311108e+00
110,15266,5590576171.875000,3.136798431456e+02,-4.481140616365e+01,3.272958341115e+02,9.469840634616e+00,3.249020876791e+02,9.230524511175e+00,3.248824721068e+02,9.229252654452e+00
111,15267,5590942382.812500,1.344342184910e+02,-2.240570308183e+02,1.764859971314e+02,-2.045670908676e+02,1.750676677872e+02,-2.031377847416e+02,1.750567099749e+02,-2.031259726828e+02
112,15268,5591308593.750000,3.136798431456e+02,2.240570308183e+02,2.805333868109e+02,2.831354223216e+02,2.785650358458e+02,2.808548873435e+02,2.785490371315e+02,2.808375226722e+02
113,15269,5591674804.687500,3.136798431456e+02,1.344342184910e+02,2.965446776119e+02,1.911584507560e+02,2.943767384480e+02,1.895431032688e+02,2.943597116352e+02,1.895312249387e+02
114,15270,5592041015.625000,-1.344342184910e+02,-3.136798431456e+02,-8.356297746819e+01,-3.427424321996e+02,-8.309326219228e+01,-3.400429793126e+02,-8.308911836645e+01,-3.400227808390e+02
115,15271,5592407226.562500,2.240570308183e+02,3.136798431456e+02,1.752972466073e+02,3.579501959938e+02,1.741063254374e+02,3.550481706047e+02,1.740969255205e+02,3.550270279808e+02
116,15272,5592773437.500000,2.240570308183e+02,-1.344342184910e+02,2.513002401167e+02,-9.934215490366e+01,2.492492635041e+02,-9.868213151502e+01,2.492345702911e+02,-9.867694782202e+01
117,15273,5593139648.437500,-4.481140616365e+01,-4.481140616365e+01,-3.824839034454e+01,-5.322140570737e+01,-3.796775996540e+01,-5.277265816420e+01,-3.796568560443e+01,-5.276953030907e+01
118,15274,5593505859.375000,-4.481140616365e+01,3.136798431456e+02,-9.716421544359e+01,3.128530789916e+02,-9.620899473451e+01,3.103503386837e+02,-9.620279999153e+01,3.103327672129e+02
119,15275,5593872070.312500,-2.240570308183e+02,-3.136798431456e+02,-1.783129099451e+02,-3.562775591081e+02,-1.770244447860e+02,-3.532414507733e+02,-1.770151465656e+02,-3.532209586982e+02
120,15276,5594238281.250000,3.136798431456e+02,2.240570308183e+02,2.845445857058e+02,2.788555588670e+02,2.823095806393e+02,2.763759485823e+02,2.822942313941e+02,2.763597069544e+02
121,15277,5594604492.187500,-2.240570308183e+02,-1.344342184910e+02,-2.073931558451e+02,-1.730290023927e+02,-2.057277005573e+02,-1.714571040144e+02,-2.057165290800e+02,-1.714470273770e+02
122,15278,5594970703.125000,4.481140616365e+01,-3.136798431456e+02,9.575346202274e+01,-3.132819660724e+02,9.477112623428e+01,-3.106491049107e+02,9.476516039325e+01,-3.106319955698e+02
123,15279,5595336914.062500,4.481140616365e+01,2.240570308183e+02,1.069391021566e+01,2.360282027315e+02,1.072365284626e+01,2.339782876281e+02,1.072357337405e+01,2.339653110322e+02
124,15280,5595703125.000000,-1.344342184910e+02,-2.240570308183e+02,-1.030218445004e+02,-2.498268646857e+02,-1.022488926022e+02,-2.475849991396e+02,-1.022438156551e+02,-2.475711636822e+02
125,15281,5596069335.937500,-2.240570308183e+02,-2.240570308183e+02,-1.954212150337e+02,-2.631724080803e+02,-1.938266557506e+02,-2.607400218986e+02,-1.938166479748e+02,-2.607253624455e+02
126,15282,5596435546.875000,-2.240570308183e+02,-2.240570308183e+02,-1.959919368035e+02,-2.629953663496e+02,-1.943731763228e+02,-2.605387122097e+02,-1.943632130133e+02,-2.605241627297e+02
127,15283,5596801757.812500,4.481140616365e+01,-4.481140616365e+01,5.256342794365e+01,-3.931252539069e+01,5.206728411898e+01,-3.898393444054e+01,5.206439616147e+01,-3.898195072903e+01
128,15284,5597167968.750000,3.136798431456e+02,3.136798431456e+02,2.757422887705e+02,3.676916956821e+02,2.734105256340e+02,3.641854191907e+02,2.733967156369e+02,3.641653572467e+02
129,15285,5597534179.687500,-4.481140616365e+01,-4.481140616365e+01,-3.942976844423e+01,-5.249106881518e+01,-3.909253072942e+01,-5.198548172768e+01,-3.909057092317e+01,-5.198263773472e+01
130,15286,5597900390.625000,-1.344342184910e+02,3.136798431456e+02,-1.833381294656e+02,3.022481931138e+02,-1.814696347989e+02,2.995209676411e+02,-1.814594180006e+02,2.995055897349e+02
131,15287,5598266601.562500,2.240570308183e+02,4.481140616365e+01,2.236227612412e+02,7.769761024645e+01,2.215539045375e+02,7.684895504282e+01,2.215424879097e+02,7.684444956571e+01
132,15288,5598632812.500000,2.240570308183e+02,-1.344342184910e+02,2.486104817592e+02,-1.073793271512e+02,2.461868240182e+02,-1.064853096025e+02,2.461738100252e+02,-1.064803227873e+02
133,15289,5598999023.437500,-1.344342184910e+02,3.136798431456e+02,-1.798727738330e+02,3.046879033185e+02,-1.779849411357e+02,3.018505735626e+02,-1.779751058538e+02,3.018354097134e+02
134,15290,5599365234.375000,-3.136798431456e+02,-3.136798431456e+02,-2.805766447004e+02,-3.642486810682e+02,-2.780407904496e+02,-3.605663865431e+02,-2.780273601641e+02,-3.605473314081e+02
135,15291,5599731445.312500,-1.344342184910e+02,4.481140616365e+01,-1.441285261023e+02,2.802730227509e+01,-1.427012521247e+02,2.782721356411e+01,-1.426939453200e+02,2.782611423879e+01
136,15292,5600097656.250000,-2.240570308183e+02,-3.136798431456e+02,-1.883055659874e+02,-3.521808192714e+02,-1.866249803016e+02,-3.485991149967e+02,-1.866163409524e+02,-3.485811363465e+02
137,15293,5600463867.187500,2.240570308183e+02,4.481140616365e+01,2.245378599527e+02,7.520251579380e+01,2.223350710000e+02,7.433545801483e+01,2.223241129923e+02,7.433125109488e+01
138,15294,5600830078.125000,-1.344342184910e+02,1.344342184910e+02,-1.553269609650e+02,1.213164515322e+02,-1.536994452046e+02,1.201747667491e+02,-1.536915507388e+02,1.201691384744e+02
139,15295,5601196289.062500,1.344342184910e+02,-4.481140616365e+01,1.439405246600e+02,-2.959206530916e+01,1.424623443924e+02,-2.936583513487e+01,1.424552608140e+02,-2.936470137182e+01
140,15296,5601562500.000000,3.136798431456e+02,4.481140616365e+01,3.178569929701e+02,8.375979969865e+01,3.146417854164e+02,8.273659418287e+01,3.146265828490e+02,8.273185732366e+01
141,15297,5601928710.937500,-2.240570308183e+02,4.481140616365e+01,-2.362644523989e+02,2.009916429018e+01,-2.338111309830e+02,2.001362730105e+01,-2.337997422163e+02,2.001317004187e+01
142,15298,5602294921.875000,2.240570308183e+02,4.481140616365e+01,2.258720382189e+02,7.211788098253e+01,2.235541349661e+02,7.124899473441e+01,2.235435278343e+02,7.124507294561e+01
143,15299,5602661132.812500,1.344342184910e+02,4.481140616365e+01,1.334493372359e+02,6.170603648219e+01,1.320781629710e+02,6.098819283560e+01,1.320719868559e+02,6.098498881820e+01
144,15300,5603027343.750000,-2.240570308183e+02,-1.344342184910e+02,-2.155805979022e+02,-1.643329715130e+02,-2.133803827112e+02,-1.624794226837e+02,-2.133706246302e+02,-1.624712515339e+02
145,15301,5603393554.687500,3.136798431456e+02,1.344342184910e+02,3.085653277428e+02,1.739143585090e+02,3.053579478885e+02,1.718962429054e+02,3.053439635865e+02,1.718874869601e+02
146,15302,5603759765.625000,-1.344342184910e+02,-3.136798431456e+02,-1.044105081677e+02,-3.386255224885e+02,-1.034610707496e+02,-3.349241117313e+02,-1.034569789236e+02,-3.349082556222e+02
147,15303,5604125976.562500,-1.344342184910e+02,2.240570308183e+02,-1.628252052947e+02,2.170921016893e+02,-1.609453319523e+02,2.148196582904e+02,-1.609374090105e+02,2.148100670601e+02
148,15304,5604492187.500000,-3.136798431456e+02,2.240570308183e+02,-3.473241621541e+02,1.989382421447e+02,-3.434217094823e+02,1.969416145150e+02,-3.434055047498e+02,1.969333245135e+02
149,15305,5604858398.437500,3.136798431456e+02,4.481140616365e+01,3.195969589614e+02,7.786421804820e+01,3.161143962045e+02,7.684064080999e+01,3.161001634801e+02,7.683644539444e+01
150,15306,5605224609.375000,4.481140616365e+01,2.240570308183e+02,2.435779440450e+01,2.358969600425e+02,2.420929065840e+01,2.332646360595e+02,2.420870923577e+01,2.332540413340e+02
151,15307,5605590820.312500,2.240570308183e+02,3.136798431456e+02,2.015336338509e+02,3.455078283555e+02,1.994576636017e+02,3.415382676812e+02,1.994494734528e+02,3.415225198478e+02
152,15308,5605957031.250000,2.240570308183e+02,-2.240570308183e+02,2.523612762484e+02,-2.106260472920e+02,2.494085427726e+02,-2.083830257800e+02,2.493969961684e+02,-2.083743092129e+02
153,15309,5606323242.187500,4.481140616365e+01,2.240570308183e+02,2.616631886009e+01,2.357192543156e+02,2.599121659710e+01,2.330303883079e+02,2.599058261854e+01,2.330200556481e+02
154,15310,5606689453.125000,-4.481140616365e+01,-3.136798431456e+02,-1.914802460125e+01,-3.285517957721e+02,-1.909902633204e+01,-3.247865850066e+02,-1.909890485882e+01,-3.247723396150e+02
155,15311,5607055664.062500,-1.344342184910e+02,3.136798431456e+02,-1.655513364815e+02,3.136355840716e+02,-1.634837864763e+02,3.101113784483e+02,-1.634760149057e+02,3.100982886247e+02
156,15312,5607421875.000000,1.344342184910e+02,-1.344342184910e+02,1.502974405332e+02,-1.281594882010e+02,1.484894701909e+02,-1.267520029723e+02,1.484828056298e+02,-1.267468781389e+02
157,15313,5607788085.937500,-4.481140616365e+01,-2.240570308183e+02,-2.829560835325e+01,-2.356380673781e+02,-2.808728220284e+01,-2.328742762930e+02,-2.808659618573e+01,-2.328642836101e+02
158,15314,5608154296.875000,-1.344342184910e+02,3.136798431456e+02,-1.638410395065e+02,3.142799335955e+02,-1.617543460405e+02,3.106734922111e+02,-1.617468235750e+02,3.106607109716e+02
159,15315,5608520507.812500,-2.240570308183e+02,-1.344342184910e+02,-2.219863228321e+02,-1.560803108835e+02,-2.194426902138e+02,-1.541204275401e+02,-2.194338287923e+02,-1.541134837997e+02
160,15316,5608886718.750000,3.136798431456e+02,-2.240570308183e+02,3.410672325578e+02,-2.096448229731e+02,3.369007254747e+02,-2.073266227098e+02,3.368862662165e+02,-2.073187453415e+02
161,15317,5609252929.687500,-1.344342184910e+02,3.136798431456e+02,-1.610289024034e+02,3.157571082792e+02,-1.589375174040e+02,3.120593052719e+02,-1.589302821193e+02,3.120467952195e+02
162,15318,5609619140.625000,-3.136798431456e+02,1.344342184910e+02,-3.341496276059e+02,1.182763406638e+02,-3.300620844252e+02,1.170237830186e+02,-3.300483439644e+02,1.170197278607e+02
163,15319,5609985351.562500,4.481140616365e+01,2.240570308183e+02,3.187709774086e+01,2.351874848417e+02,3.161210898354e+01,2.323194736242e+02,3.161133942259e+01,2.323099965254e+02
164,15320,5610351562.500000,3.136798431456e+02,4.481140616365e+01,3.224204401788e+02,6.651501970292e+01,3.185216900583e+02,6.553706061504e+01,3.185090490105e+02,6.553373004563e+01
165,15321,5610717773.437500,1.344342184910e+02,1.344342184910e+02,1.310115242390e+02,1.478933238436e+02,1.294801132968e+02,1.460106639786e+02,1.294752829301e+02,1.460045705338e+02
166,15322,5611083984.375000,1.344342184910e+02,-3.136798431456e+02,1.586593319208e+02,-3.172509912208e+02,1.565367836347e+02,-3.134164154968e+02,1.565299225919e+02,-3.134044014470e+02
167,15323,5611450195.312500,1.344342184910e+02,3.136798431456e+02,1.214089081277e+02,3.332048536386e+02,1.200734032520e+02,3.290045632496e+02,1.200694341599e+02,3.289914428251e+02
168,15324,5611816406.250000,3.136798431456e+02,1.344342184910e+02,3.181716690126e+02,1.564513378439e+02,3.142787339957e+02,1.543330551401e+02,3.142669027469e+02,1.543263879386e+02
169,15325,5612182617.187500,4.481140616365e+01,1.344342184910e+02,3.974386234027e+01,1.417751870798e+02,3.931787727964e+01,1.399739087473e+02,3.931667612352e+01,1.399684510441e+02
170,15326,5612548828.125000,1.344342184910e+02,-4.481140616365e+01,1.416837413724e+02,-4.032776959759e+01,1.398733188602e+02,-3.989155372107e+01,1.398679127812e+02,-3.989034431182e+01
171,15327,5612915039.062500,4.481140616365e+01,1.344342184910e+02,4.091157876156e+01,1.415898923056e+02,4.046507444591e+01,1.397704545495e+02,4.046385715182e+01,1.397650999904e+02
172,15328,5613281250.000000,3.136798431456e+02,3.136798431456e+02,3.133597501342e+02,3.385596140667e+02,3.095328868835e+02,3.340743580045e+02,3.095220678497e+02,3.340612085572e+02
173,15329,5613647460.937500,-2.240570308183e+02,3.136798431456e+02,-2.449781533997e+02,3.171517248334e+02,-2.416691686267e+02,3.132063179887e+02,-2.416595441772e+02,3.131952677412e+02
174,15330,5614013671.875000,2.240570308183e+02,3.136798431456e+02,2.209269778971e+02,3.342118853028e+02,2.182479985888e+02,3.297841569792e+02,2.182407289763e+02,3.297715974579e+02
175,15331,5614379882.812500,-3.136798431456e+02,3.136798431456e+02,-3.362574241656e+02,3.155423144552e+02,-3.317317595283e+02,3.116218732438e+02,-3.317190383015e+02,3.116112955303e+02
176,15332,5614746093.750000,4.481140616365e+01,4.481140616365e+01,4.529540396812e+01,4.784703618994e+01,4.472938288356e+01,4.719966190146e+01,4.472787911667e+01,4.719786733067e+01
177,15333,5615112304.687500,-1.344342184910e+02,1.344342184910e+02,-1.430545277237e+02,1.364664934117e+02,-1.411089694324e+02,1.347515568430e+02,-1.411036506927e+02,1.347470706287e+02
178,15334,5615478515.625000,3.136798431456e+02,2.240570308183e+02,3.213560630537e+02,2.398910703017e+02,3.172464922472e+02,2.365650230318e+02,3.172358291082e+02,2.365559868597e+02
179,15335,5615844726.562500,-3.136798431456e+02,-2.240570308183e+02,-3.220926636992e+02,-2.391597130484e+02,-3.179520315141e+02,-2.358273588685e+02,-3.179414508312e+02,-2.358184279556e+02
180,15336,5616210937.500000,2.240570308183e+02,-4.481140616365e+01,2.339221382809e+02,-4.305099769371e+01,2.307880335205e+02,-4.259899476683e+01,2.307799625199e+02,-4.259802948505e+01
181,15337,5616577148.437500,2.240570308183e+02,-4.481140616365e+01,2.338011770148e+02,-4.385543206428e+01,2.306533246827e+02,-4.338985447146e+01,2.306453352241e+02,-4.338887634757e+01
182,15338,5616943359.375000,-3.136798431456e+02,4.481140616365e+01,-3.269887405770e+02,4.386110112284e+01,-3.225745440295e+02,4.344074349910e+01,-3.225635181269e+02,4.343998041237e+01
183,15339,5617309570.312500,-2.240570308183e+02,2.240570308183e+02,-2.349877441270e+02,2.318287872608e+02,-2.316974382294e+02,2.288219461782e+02,-2.316891628600e+02,2.288147793257e+02
184,15340,5617675781.250000,-3.136798431456e+02,-4.481140616365e+01,-3.267311194842e+02,-4.843596708046e+01,-3.223272127652e+02,-4.761085242075e+01,-3.223166136428e+02,-4.760856301315e+01
185,15341,5618041992.187500,3.136798431456e+02,-2.240570308183e+02,3.279414452840e+02,-2.325945382227e+02,3.233559833675e+02,-2.295965419287e+02,3.233448499403e+02,-2.295897056078e+02
186,15342,5618408203.125000,1.344342184910e+02,-1.344342184910e+02,1.399319024656e+02,-1.405031046964e+02,1.379454927934e+02,-1.386535378295e+02,1.379407001531e+02,-1.386493300193e+02
187,15343,5618774414.062500,2.240570308183e+02,-4.481140616365e+01,2.333518148115e+02,-4.847182834739e+01,2.301210389168e+02,-4.792628645140e+01,2.301135240128e+02,-4.792524901514e+01
188,15344,5619140625.000000,4.481140616365e+01,-4.481140616365e+01,4.618052566951e+01,-4.727167469919e+01,4.551896056100e+01,-4.664325341179e+01,4.551740763644e+01,-4.664186720240e+01
189,15345,5619506835.937500,-4.481140616365e+01,-3.136798431456e+02,-5.131869689412e+01,-3.261801381469e+02,-5.077580427342e+01,-3.216338514186e+02,-5.077491012695e+01,-3.216235985754e+02
190,15346,5619873046.875000,3.136798431456e+02,-2.240570308183e+02,3.227161733731e+02,-2.387180176579e+02,3.181023515892e+02,-2.355625933981e+02,3.180919098366e+02,-2.355559434572e+02
191,15347,5620239257.812500,4.481140616365e+01,-3.136798431456e+02,4.051867518790e+01,-3.274478534850e+02,3.978363937785e+01,-3.228932131072e+02,3.978170181369e+01,-3.228833341367e+02
192,15348,5620605468.750000,3.136798431456e+02,4.481140616365e+01,3.276288792632e+02,3.988678291474e+01,3.230525890031e+02,3.915820525007e+01,3.230428106257e+02,3.915629959612e+01
193,15349,5620971679.687500,-3.136798431456e+02,3.136798431456e+02,-3.193241513440e+02,3.341720864998e+02,-3.146533840923e+02,3.296290995025e+02,-3.146431555366e+02,3.296198345091e+02
194,15350,5621337890.625000,4.481140616365e+01,-4.481140616365e+01,4.541135131078e+01,-4.795662233329e+01,4.474434426608e+01,-4.730175472254e+01,4.474290352578e+01,-4.730043986165e+01
195,15351,5621704101.562500,1.344342184910e+02,3.136798431456e+02,1.505280338409e+02,3.223321564218e+02,1.485568321508e+02,3.176776856891e+02,1.485531407293e+02,3.176679724557e+02
196,15352,5622070312.500000,2.240570308183e+02,-4.481140616365e+01,2.317483911497e+02,-5.517074567877e+01,2.284165568053e+02,-5.450380155553e+01,2.284097624833e+02,-5.450271088387e+01
197,15353,5622436523.437500,-3.136798431456e+02,-2.240570308183e+02,-3.358136751082e+02,-2.207251896737e+02,-3.311224244841e+02,-2.173938043396e+02,-3.311133345486e+02,-2.173867951144e+02
198,15354,5622802734.375000,4.481140616365e+01,-2.240570308183e+02,3.704574526688e+01,-2.352790899056e+02,3.639239891550e+01,-2.319190014053e+02,3.639084952690e+01,-2.319124555798e+02
199,15355,5623168945.312500,2.240570308183e+02,4.481140616365e+01,2.354026412411e+02,3.651513488377e+01,2.320279722799e+02,3.586740841703e+01,2.320214974359e+02,3.586588541956e+01
200,15356,5623535156.250000,-3.136798431456e+02,-4.481140616365e+01,-3.289759018540e+02,-3.178289443305e+01,-3.242325504619e+02,-3.115349088164e+01,-3.242235657687e+02,-3.115190846954e+01
201,15357,5623901367.187500,-4.481140616365e+01,4.481140616365e+01,-4.448209166822e+01,4.893829841749e+01,-4.381097212873e+01,4.825062043155e+01,-4.380965693426e+01,4.824938502491e+01
202,15358,5624267578.125000,-1.344342184910e+02,-3.136798431456e+02,-1.566410092655e+02,-3.197745118913e+02,-1.545232550082e+02,-3.150340729514e+02,-1.545197322679e+02,-3.150251398821e+02
203,15359,5624633789.062500,-4.481140616365e+01,2.240570308183e+02,-3.408988395560e+01,2.358589580667e+02,-3.346985021258e+01,2.324276159973e+02,-3.346843715544e+01,2.324214238985e+02
204,15360,5625000000.000000,-3.136798431456e+02,-4.481140616365e+01,-3.291548551906e+02,-2.797594948858e+01,-3.243395583969e+02,-2.739584130034e+01,-3.243309788780e+02,-2.739439874608e+01
205,15361,5625366210.937500,-3.136798431456e+02,3.136798431456e+02,-3.068012067888e+02,3.459349788991e+02,-3.021059814050e+02,3.409999359500e+02,-3.020972807791e+02,3.409916249870e+02
206,15362,5625732421.875000,2.240570308183e+02,3.136798431456e+02,2.535003600099e+02,3.116253059088e+02,2.499162328105e+02,3.068913775474e+02,2.499104090027e+02,3.068828486164e+02
207,15363,5626098632.812500,-4.481140616365e+01,4.481140616365e+01,-4.355408246598e+01,4.963146359230e+01,-4.288301732598e+01,4.891834034554e+01,-4.288180836716e+01,4.891717811697e+01
208,15364,5626464843.750000,3.136798431456e+02,4.481140616365e+01,3.292472244309e+02,2.478195321959e+01,3.243645821819e+02,2.424385391507e+01,3.243564065307e+02,2.424252602092e+01
209,15365,5626831054.687500,-4.481140616365e+01,-3.136798431456e+02,-6.893336143491e+01,-3.229209584177e+02,-6.807152011749e+01,-3.180687892760e+02,-6.807051361375e+01,-3.180606705653e+02
210,15366,5627197265.625000,-4.481140616365e+01,-2.240570308183e+02,-6.317261727795e+01,-2.296083269259e+02,-6.234566619391e+01,-2.261402168515e+02,-6.234462068187e+01,-2.261344849125e+02
211,15367,5627563476.562500,-4.481140616365e+01,3.136798431456e+02,-2.219276585059e+01,3.295619372036e+02,-2.168990820604e+01,3.246269819247e+02,-2.168866494087e+01,3.246190995388e+02
212,15368,5627929687.500000,-2.240570308183e+02,1.344342184910e+02,-2.219433553172e+02,1.579930556230e+02,-2.185206924852e+02,1.557288494648e+02,-2.185150803076e+02,1.557255740756e+02
213,15369,5628295898.437500,3.136798431456e+02,4.481140616365e+01,3.297507421778e+02,1.988457670568e+01,3.247818304248e+02,1.941447601370e+01,3.247741414530e+02,1.941330007924e+01
214,15370,5628662109.375000,2.240570308183e+02,1.344342184910e+02,2.446226625521e+02,1.197799896458e+02,2.409797231927e+02,1.178400135209e+02,2.409743201465e+02,1.178367151799e+02
215,15371,5629028320.312500,2.240570308183e+02,4.481140616365e+01,2.367435041338e+02,2.590172995008e+01,2.331611301940e+02,2.538639730584e+01,2.331557796749e+02,2.538529626162e+01
216,15372,5629394531.250000,1.344342184910e+02,-1.344342184910e+02,1.268649092848e+02,-1.522812621111e+02,1.248541260007e+02,-1.500271107276e+02,1.248509397313e+02,-1.500239526174e+02
217,15373,5629760742.187500,3.136798431456e+02,-3.136798431456e+02,2.952383872008e+02,-3.561065521640e+02,2.905454017935e+02,-3.508192773786e+02,2.905380725197e+02,-3.508119970863e+02
218,15374,5630126953.125000,1.344342184910e+02,-1.344342184910e+02,1.261319320832e+02,-1.530025870034e+02,1.241212213708e+02,-1.507240531434e+02,1.241181263846e+02,-1.507209698230e+02
219,15375,5630493164.062500,-1.344342184910e+02,4.481140616365e+01,-1.349015174245e+02,6.045059232678e+01,-1.327985273864e+02,5.959163958781e+01,-1.327954799486e+02,5.959062270357e+01
220,15376,5630859375.000000,-2.240570308183e+02,2.240570308183e+02,-2.084819772898e+02,2.565981475656e+02,-2.051393458570e+02,2.527540360905e+02,-2.051343475198e+02,2.527490128204e+02
221,15377,5631225585.937500,-2.240570308183e+02,-4.481140616365e+01,-2.374143693846e+02,-2.180739005686e+01,-2.337599297857e+02,-2.134843929673e+01,-2.337549847687e+02,-2.134746967524e+01
222,15378,5631591796.875000,2.240570308183e+02,-2.240570308183e+02,2.072067703036e+02,-2.575888876666e+02,2.038665963063e+02,-2.537081173991e+02,2.038617467131e+02,-2.537032240836e+02
223,15379,5631958007.812500,-4.481140616365e+01,-4.481140616365e+01,-5.160234370910e+01,-4.132477351256e+01,-5.082278638549e+01,-4.065687255106e+01,-5.082182104720e+01,-4.065591713671e+01
224,15380,5632324218.750000,3.136798431456e+02,4.481140616365e+01,3.304339969222e+02,9.213609969431e+00,3.252977916989e+02,8.900141788604e+00,3.252911581222e+02,8.899244862112e+00
225,15381,5632690429.687500,1.344342184910e+02,4.481140616365e+01,1.447853679964e+02,2.989849286096e+01,1.425426228477e+02,2.935764388317e+01,1.425398146150e+02,2.935673895856e+01
226,15382,5633056640.625000,1.344342184910e+02,-2.240570308183e+02,1.107559543891e+02,-2.491058925086e+02,1.088961373720e+02,-2.452683474911e+02,1.088934361308e+02,-2.452637168045e+02
227,15383,5633422851.562500,1.344342184910e+02,-2.240570308183e+02,1.099773227884e+02,-2.494612076015e+02,1.081254147278e+02,-2.456084357730e+02,1.081227601333e+02,-2.456038695349e+02
228,15384,5633789062.500000,-1.344342184910e+02,-3.136798431456e+02,-1.810050250945e+02,-3.066552404598e+02,-1.783196684380e+02,-3.017451511319e+02,-1.783168965581e+02,-3.017389466513e+02
229,15385,5634155273.437500,-2.240570308183e+02,4.481140616365e+01,-2.257140205624e+02,7.676674550464e+01,-2.221208743350e+02,7.567431856306e+01,-2.221164947295e+02,7.567337128413e+01
230,15386,5634521484.375000,3.136798431456e+02,-1.344342184910e+02,3.061168984250e+02,-1.818486135295e+02,3.011929448091e+02,-1.791367117186e+02,3.011869264208e+02,-1.791340283079e+02
231,15387,5634887695.312500,-3.136798431456e+02,-3.136798431456e+02,-3.674214021982e+02,-2.813817123775e+02,-3.617556976186e+02,-2.767427262604e+02,-3.617496560010e+02,-2.767368441437e+02
232,15388,5635253906.250000,-1.344342184910e+02,1.344342184910e+02,-1.199815620889e+02,1.578784329998e+02,-1.179987483282e+02,1.554380137203e+02,-1.179962720875e+02,1.554354611151e+02
233,15389,5635620117.187500,-3.136798431456e+02,-3.136798431456e+02,-3.696869623049e+02,-2.780211242456e+02,-3.639584816543e+02,-2.734151731733e+02,-3.639526041852e+02,-2.734095066068e+02
234,15390,5635986328.125000,-3.136798431456e+02,3.136798431456e+02,-2.760792393007e+02,3.709807613921e+02,-2.714942871328e+02,3.652183870462e+02,-2.714887306226e+02,3.652125887100e+02
235,15391,5636352539.062500,-3.136798431456e+02,-4.481140616365e+01,-3.304761294176e+02,2.269702144711e+00,-3.252043544024e+02,2.403579225672e+00,-3.251987486308e+02,2.404252526328e+00
236,15392,5636718750.000000,-3.136798431456e+02,-1.344342184910e+02,-3.447963479400e+02,-8.916684860560e+01,-3.393321516701e+02,-8.756446147193e+01,-3.393265979005e+02,-8.756223292407e+01
237,15393,5637084960.937500,-4.481140616365e+01,-1.344342184910e+02,-6.784939649656e+01,-1.314670576534e+02,-6.683062477497e+01,-1.293270514076e+02,-6.682979644219e+01,-1.293247515846e+02
238,15394,5637451171.875000,4.481140616365e+01,3.136798431456e+02,9.737756251819e+01,3.161664601286e+02,9.597799341014e+01,3.110439741619e+02,9.597710660850e+01,3.110386739831e+02
239,15395,5637817382.812500,3.136798431456e+02,2.240570308183e+02,3.604296145603e+02,1.791057314420e+02,3.547282692671e+02,1.760413375089e+02,3.547229530512e+02,1.760377276483e+02
240,15396,5638183593.750000,-4.481140616365e+01,-1.344342184910e+02,-6.868418476410e+01,-1.310298668206e+02,-6.764552560445e+01,-1.288844365208e+02,-6.764474046119e+01,-1.288822522636e+02
241,15397,5638549804.687500,2.240570308183e+02,-1.344342184910e+02,2.080180625442e+02,-1.763793849745e+02,2.045712886906e+02,-1.736408359224e+02,2.045677338627e+02,-1.736385920633e+02
242,15398,5638916015.625000,4.481140616365e+01,-2.240570308183e+02,7.805582738884e+00,-2.383150665341e+02,7.556808059388e+00,-2.344673870140e+02,7.556177683138e+00,-2.344638326299e+02
243,15399,5639282226.562500,2.240570308183e+02,-3.136798431456e+02,1.755557338819e+02,-3.620584186814e+02,1.725271067624e+02,-3.562868188471e+02,1.725237444889e+02,-3.562818715424e+02
244,15400,5639648437.500000,3.136798431456e+02,-2.240570308183e+02,2.822331860490e+02,-2.870292493015e+02,2.775081504059e+02,-2.825193129576e+02,2.775034582832e+02,-2.825157780797e+02
245,15401,5640014648.437500,1.344342184910e+02,-1.344342184910e+02,1.133127459605e+02,-1.631109319107e+02,1.113879906887e+02,-1.605193885585e+02,1.113860347676e+02,-1.605173230804e+02
246,15402,5640380859.375000,4.481140616365e+01,1.344342184910e+02,7.109737137849e+01,1.297296348410e+02,7.000719030162e+01,1.275820486263e+02,7.000648251110e+01,1.275800939086e+02
247,15403,5640747070.312500,3.136798431456e+02,-3.136798431456e+02,2.630171143047e+02,-3.807949150068e+02,2.585344090403e+02,-3.747238117974e+02,2.585300075949e+02,-3.747191940794e+02
248,15404,5641113281.250000,-2.240570308183e+02,-3.136798431456e+02,-2.892245608450e+02,-2.792252897049e+02,-2.846468349506e+02,-2.745183602610e+02,-2.846435772478e+02,-2.745140110745e+02
249,15405,5641479492.187500,-3.136798431456e+02,3.136798431456e+02,-2.612662688665e+02,3.820115279773e+02,-2.567982117936e+02,3.759002818259e+02,-2.567939727798e+02,3.758958503915e+02
250,15406,5641845703.125000,-4.481140616365e+01,2.240570308183e+02,-2.156825386324e+00,2.384620690624e+02,-1.998841063238e+00,2.345586066592e+02,-1.998299557794e+00,2.345555577358e+02
251,15407,5642211914.062500,-1.344342184910e+02,-1.344342184910e+02,-1.644545314126e+02,-1.110397803090e+02,-1.618149174846e+02,-1.091343489634e+02,-1.618130949298e+02,-1.091326023828e+02
252,15408,5642578125.000000,1.344342184910e+02,-4.481140616365e+01,1.285735835945e+02,-7.305024187556e+01,1.264246246083e+02,-7.191677777584e+01,1.264228894612e+02,-7.191615848451e+01
253,15409,5642944335.937500,-2.240570308183e+02,4.481140616365e+01,-2.199769655348e+02,9.190200476491e+01,-2.163122587168e+02,9.050386392411e+01,-2.163094197594e+02,9.050323472483e+01
254,15410,5643310546.875000,-2.240570308183e+02,2.240570308183e+02,-1.826663831842e+02,2.756161093543e+02,-1.795166307522e+02,2.711714701000e+02,-1.795138920630e+02,2.711686278757e+02
255,15411,5643676757.812500,4.481140616365e+01,1.344342184910e+02,7.391603462568e+01,1.281072484766e+02,7.276312127424e+01,1.259568612334e+02,7.276254904918e+01,1.259552315908e+02
256,15412,5644042968.750000,2.240570308183e+02,1.344342184910e+02,2.574122091573e+02,9.025022991147e+01,2.532086239117e+02,8.862775489538e+01,2.532059316096e+02,8.862618789024e+01
257,15413,5644409179.687500,-1.344342184910e+02,-2.240570308183e+02,-1.852793284512e+02,-2.002917029066e+02,-1.823194141773e+02,-1.968853008662e+02,-1.823178164731e+02,-1.968827075751e+02
258,15414,5644775390.625000,-3.136798431456e+02,4.481140616365e+01,-3.108035040068e+02,1.137402621518e+02,-3.056006404150e+02,1.120175066611e+02,-3.055970717274e+02,1.120169604157e+02
259,15415,5645141601.562500,-1.344342184910e+02,4.481140616365e+01,-1.274810853566e+02,7.521029636999e+01,-1.253298250489e+02,7.402949865793e+01,-1.253283327681e+02,7.402898873709e+01
260,15416,5645507812.500000,-2.240570308183e+02,4.481140616365e+01,-2.187873534909e+02,9.513935117785e+01,-2.151085074639e+02,9.367341050855e+01,-2.151060759958e+02,9.367291406615e+01
261,15417,5645874023.437500,1.344342184910e+02,-4.481140616365e+01,1.271586219644e+02,-7.554356615066e+01,1.250076766299e+02,-7.435419058280e+01,1.250062524938e+02,-7.435371543362e+01
262,15418,5646240234.375000,-2.240570308183e+02,-3.136798431456e+02,-2.986968656888e+02,-2.696899476306e+02,-2.938687568403e+02,-2.650518617672e+02,-2.938664520615e+02,-2.650486117810e+02
263,15419,5646606445.312500,-2.240570308183e+02,1.344342184910e+02,-1.980986751627e+02,1.877346036589e+02,-1.947045642611e+02,1.847114374083e+02,-1.947022957769e+02,1.847100983581e+02
264,15420,5646972656.250000,-1.344342184910e+02,-4.481140616365e+01,-1.473256667791e+02,-1.502619357009e+01,-1.448784510898e+02,-1.470004217481e+01,-1.448771348644e+02,-1.469958694813e+01
265,15421,5647338867.187500,-2.240570308183e+02,4.481140616365e+01,-2.178700052822e+02,9.744351766849e+01,-2.141857845294e+02,9.593018344935e+01,-2.141836350852e+02,9.592978588952e+01
266,15422,5647705078.125000,-2.240570308183e+02,-3.136798431456e+02,-3.014126527681e+02,-2.666190432745e+02,-2.965172347234e+02,-2.620124471819e+02,-2.965152025953e+02,-2.620094910554e+02
267,15423,5648071289.062500,-2.240570308183e+02,-1.344342184910e+02,-2.595881883339e+02,-8.342712205832e+01,-2.552927874372e+02,-8.189937706795e+01,-2.552907870925e+02,-8.189811654857e+01
268,15424,5648437500.000000,3.136798431456e+02,2.240570308183e+02,3.725735418931e+02,1.521502174765e+02,3.664195485465e+02,1.494135321474e+02,3.664168404468e+02,1.494114887007e+02
269,15425,5648803710.937500,-2.240570308183e+02,-4.481140616365e+01,-2.384830498142e+02,9.121087740450e+00,-2.344856049186e+02,9.091013131881e+00,-2.344837010202e+02,9.091455420380e+00
270,15426,5649169921.875000,-1.344342184910e+02,-4.481140616365e+01,-1.475295077635e+02,-1.238905694370e+01,-1.450637898259e+02,-1.210559693357e+01,-1.450626874342e+02,-1.210518391246e+01
271,15427,5649536132.812500,-3.136798431456e+02,3.136798431456e+02,-2.406484271499e+02,3.961188047700e+02,-2.364089836864e+02,3.895995009192e+02,-2.364063467536e+02,3.895970858816e+02
272,15428,5649902343.750000,3.136798431456e+02,-2.240570308183e+02,2.624131879927e+02,-3.055610404122e+02,2.578518273462e+02,-3.005675559094e+02,2.578492888564e+02,-3.005659335582e+02
273,15429,5650268554.687500,2.240570308183e+02,-1.344342184910e+02,1.933911749257e+02,-1.927353508383e+02,1.900437991303e+02,-1.895975345795e+02,1.900420455433e+02,-1.895966184689e+02
274,15430,5650634765.625000,-2.240570308183e+02,-2.240570308183e+02,-2.840913182286e+02,-1.701053861546e+02,-2.794035899533e+02,-1.671000662214e+02,-2.794020607163e+02,-1.670983179724e+02
275,15431,5651000976.562500,-2.240570308183e+02,2.240570308183e+02,-1.693782388866e+02,2.845525121490e+02,-1.663829103778e+02,2.798533043818e+02,-1.663812069513e+02,2.798518393822e+02
276,15432,5651367187.500000,-3.136798431456e+02,4.481140616365e+01,-3.059612850234e+02,1.263115437666e+02,-3.007464808543e+02,1.243428198272e+02,-3.007443139342e+02,1.243426978525e+02
277,15433,5651733398.437500,3.136798431456e+02,-1.344342184910e+02,2.824656043024e+02,-2.172645593010e+02,2.775964587235e+02,-2.137505104441e+02,2.775943087821e+02,-2.137498267705e+02
278,15434,5652099609.375000,2.240570308183e+02,-2.240570308183e+02,1.680196230156e+02,-2.849567518374e+02,1.650415014569e+02,-2.802408127510e+02,1.650399267141e+02,-2.802395473212e+02
279,15435,5652465820.312500,2.240570308183e+02,-2.240570308183e+02,1.669951739359e+02,-2.857081219791e+02,1.640322927492e+02,-2.809761873662e+02,1.640307619031e+02,-2.809749833634e+02
280,15436,5652832031.250000,4.481140616365e+01,2.240570308183e+02,1.054865190179e+02,2.141627899357e+02,1.038168649567e+02,2.104952023297e+02,1.038167744833e+02,2.104938527686e+02
281,15437,5653198242.187500,2.240570308183e+02,3.136798431456e+02,3.111911463994e+02,2.557998404602e+02,3.060695008923e+02,2.513217277062e+02,3.060684959668e+02,2.513197763527e+02
282,15438,5653564453.125000,1.344342184910e+02,2.240570308183e+02,1.966186065319e+02,1.894803038064e+02,1.933952973531e+02,1.861790436794e+02,1.933947686536e+02,1.861777157832e+02
283,15439,5653930664.062500,3.136798431456e+02,-4.481140616365e+01,3.041839948726e+02,-1.308696089087e+02,2.989768898156e+02,-1.288146890752e+02,2.989752277989e+02,-1.288147520277e+02
284,15440,5654296875.000000,-2.240570308183e+02,-4.481140616365e+01,-2.382117475528e+02,1.647216204503e+01,-2.341764341444e+02,1.631618245926e+01,-2.341753735585e+02,1.631662571213e+01
285,15441,5654663085.937500,-2.240570308183e+02,2.240570308183e+02,-1.635641021344e+02,2.878920351973e+02,-1.606499896488e+02,2.831074727858e+02,-1.606487022550e+02,2.831066535772e+02
286,15442,5655029296.875000,1.344342184910e+02,-2.240570308183e+02,7.265695270491e+01,-2.631686322673e+02,7.129245084318e+01,-2.587537424011e+02,7.129160366299e+01,-2.587528882166e+02
287,15443,5655395507.812500,-4.481140616365e+01,-1.344342184910e+02,-8.297155745988e+01,-1.225121640132e+02,-8.163034948438e+01,-1.203961334601e+02,-8.163031419388e+01,-1.203955117608e+02
288,15444,5655761718.750000,-4.481140616365e+01,-1.344342184910e+02,-8.322226597516e+01,-1.222232223853e+02,-8.187620882609e+01,-1.201112815226e+02,-8.187619099053e+01,-1.201106881789e+02
289,15445,5656127929.687500,3.136798431456e+02,3.136798431456e+02,4.043965865013e+02,2.248326958740e+02,3.976639934417e+02,2.208173959530e+02,3.976632018044e+02,2.208158129429e+02
290,15446,5656494140.625000,1.344342184910e+02,1.344342184910e+02,1.733985310427e+02,9.620183911392e+01,1.705108132701e+02,9.448314001554e+01,1.705105125538e+02,9.448248358980e+01
291,15447,5656860351.562500,4.481140616365e+01,-3.136798431456e+02,-4.542179084598e+01,-3.273588664964e+02,-4.482051203203e+01,-3.217890847219e+02,-4.482109584656e+01,-3.217881003849e+02
292,15448,5657226562.500000,-1.344342184910e+02,-1.344342184910e+02,-1.735957540245e+02,-9.594845372986e+01,-1.707032281487e+02,-9.423320718358e+01,-1.707030041560e+02,-9.423259405345e+01
293,15449,5657592773.437500,1.344342184910e+02,-1.344342184910e+02,9.588514015870e+01,-1.737235325499e+02,9.417059902574e+01,-1.708282611636e+02,9.417000709589e+01,-1.708280753873e+02
294,15450,5657958984.375000,-3.136798431456e+02,4.481140616365e+01,-3.016135756106e+02,1.359800200193e+02,-2.964305868644e+02,1.338298931260e+02,-2.964296780239e+02,1.338302670653e+02
295,15451,5658325195.312500,-4.481140616365e+01,-2.240570308183e+02,-1.104135980230e+02,-2.114939197711e+02,-1.086503062564e+02,-2.078513507754e+02,-1.086505620958e+02,-2.078507275558e+02
296,15452,5658691406.250000,-4.481140616365e+01,-4.481140616365e+01,-5.808755037427e+01,-3.168585801280e+01,-5.711888418741e+01,-3.111871623928e+01,-5.711885967239e+01,-3.111854009336e+01
297,15453,5659057617.187500,1.344342184910e+02,-3.136798431456e+02,4.139958941306e+01,-3.538805843305e+02,4.051561348930e+01,-3.479008625267e+02,4.051479199729e+01,-3.479004629209e+02
298,15454,5659423828.125000,-4.481140616365e+01,-1.344342184910e+02,-8.512053531037e+01,-1.209476219882e+02,-8.373919370333e+01,-1.188527628917e+02,-8.373935578509e+01,-1.188524381708e+02
299,15455,5659790039.062500,2.240570308183e+02,1.344342184910e+02,2.644307513242e+02,6.634899463571e+01,2.599803925230e+02,6.508783865918e+01,2.599802849596e+02,6.508720455592e+01
300,15456,5660156250.000000,-3.136798431456e+02,1.344342184910e+02,-2.720653239778e+02,2.296777112309e+02,-2.673333171524e+02,2.259225022686e+02,-2.673326213967e+02,2.259229214107e+02
301,15457,5660522460.937500,2.240570308183e+02,-3.136798431456e+02,1.281804107114e+02,-3.812950572940e+02,1.258106507660e+02,-3.748948084503e+02,1.258097604582e+02,-3.748948870947e+02
302,15458,5660888671.875000,-4.481140616365e+01,-3.136798431456e+02,-1.401436012515e+02,-2.995739594746e+02,-1.379211412876e+02,-2.944219086678e+02,-1.379217454064e+02,-2.944215139006e+02
303,15459,5661254882.812500,2.240570308183e+02,2.240570308183e+02,2.921136362576e+02,1.550493308839e+02,2.872402672820e+02,1.522701342118e+02,2.872405743616e+02,1.522694883265e+02
304,15460,5661621093.750000,1.344342184910e+02,3.136798431456e+02,2.307691851631e+02,2.712322486644e+02,2.269961331794e+02,2.665150949167e+02,2.269967457488e+02,2.665146275632e+02
305,15461,5661987304.687500,-3.136798431456e+02,-4.481140616365e+01,-3.263193440499e+02,5.293884623079e+01,-3.207604114708e+02,5.220919995799e+01,-3.207604030276e+02,5.220992219954e+01
306,15462,5662353515.625000,4.481140616365e+01,4.481140616365e+01,5.860422653739e+01,3.059187531590e+01,5.762666524679e+01,3.004324122020e+01,5.762676258860e+01,3.004313089923e+01
307,15463,5662719726.562500,-3.136798431456e+02,1.344342184910e+02,-2.697765935419e+02,2.322215814283e+02,-2.650855936867e+02,2.284250709347e+02,-2.650852916371e+02,2.284258258268e+02
308,15464,5663085937.500000,-2.240570308183e+02,-2.240570308183e+02,-2.933981195855e+02,-1.520903984817e+02,-2.885054770082e+02,-1.493627981251e+02,-2.885060834279e+02,-1.493623080802e+02
309,15465,5663452148.437500,3.136798431456e+02,4.481140616365e+01,3.259771114675e+02,-5.458053636268e+01,3.204275782645e+02,-5.382363058964e+01,3.204278357919e+02,-5.382439792610e+01
310,15466,5663818359.375000,-1.344342184910e+02,1.344342184910e+02,-9.105190248952e+01,1.761970840008e+02,-8.941946831458e+01,1.732602239994e+02,-8.941921097791e+01,1.732606596973e+02
311,15467,5664184570.312500,-2.240570308183e+02,-4.481140616365e+01,-2.368993204535e+02,2.642323413020e+01,-2.328753186837e+02,2.609771684320e+01,-2.328756308922e+02,2.609827005334e+01
312,15468,5664550781.250000,-3.136798431456e+02,2.240570308183e+02,-2.409745273050e+02,3.218941224830e+02,-2.367309212641e+02,3.165704672288e+02,-2.367306498368e+02,3.165715549024e+02
313,15469,5664916992.187500,1.344342184910e+02,4.481140616365e+01,1.477849095357e+02,2.122103489780e+00,1.452858328402e+02,2.010221776174e+00,1.452861273415e+02,2.009906492554e+00
314,15470,5665283203.125000,-4.481140616365e+01,-2.240570308183e+02,-1.157224152752e+02,-2.082724085719e+02,-1.138724692652e+02,-2.046907374597e+02,-1.138731696167e+02,-2.046909374829e+02
315,15471,5665649414.062500,-1.344342184910e+02,-2.240570308183e+02,-2.052482733119e+02,-1.790734351256e+02,-2.018706761548e+02,-1.759407221406e+02,-2.018715476954e+02,-1.759407010768e+02
316,15472,5666015625.000000,-3.136798431456e+02,2.240570308183e+02,-2.381325189275e+02,3.235564646347e+02,-2.339422872021e+02,3.182115572244e+02,-2.339421967826e+02,3.182128996257e+02
317,15473,5666381835.937500,2.240570308183e+02,4.481140616365e+01,2.364938743340e+02,-2.827304160257e+01,2.324849245073e+02,-2.791709833360e+01,2.324855147457e+02,-2.791768751442e+01
318,15474,5666748046.875000,4.481140616365e+01,4.481140616365e+01,5.894578447595e+01,2.984692520341e+01,5.796599541128e+01,2.931273633843e+01,5.796623381675e+01,2.931269692723e+01
319,15475,5667114257.812500,-1.344342184910e+02,-3.136798431456e+02,-2.351489034158e+02,-2.670565799604e+02,-2.313183428579e+02,-2.624294030103e+02,-2.313196596248e+02,-2.624297341862e+02
320,15476,5667480468.750000,-4.481140616365e+01,-3.136798431456e+02,-1.464798728728e+02,-2.960496825074e+02,-1.441616933869e+02,-2.909814647749e+02,-1.441628224116e+02,-2.909821360308e+02
321,15477,5667846679.687500,-1.344342184910e+02,2.240570308183e+02,-6.004979788659e+01,2.656130681821e+02,-5.890103586737e+01,2.611667955107e+02,-5.890067341700e+01,2.611678628439e+02
322,15478,5668212890.625000,-3.136798431456e+02,-4.481140616365e+01,-3.251286294964e+02,5.795447212313e+01,-3.196216157791e+02,5.714532433621e+01,-3.196227001087e+02,5.714624309779e+01
323,15479,5668579101.562500,3.136798431456e+02,-3.136798431456e+02,2.082522846881e+02,-4.129388794567e+02,2.045337666767e+02,-4.060935986275e+02,2.045336879758e+02,-4.060956638636e+02
324,15480,5668945312.500000,4.481140616365e+01,3.136798431456e+02,1.467558813062e+02,2.960539893198e+02,1.444388113413e+02,2.909971660233e+02,1.444400533032e+02,2.909980622886e+02
325,15481,5669311523.437500,2.240570308183e+02,2.240570308183e+02,2.953668837929e+02,1.481776688887e+02,2.904764711312e+02,1.455341836895e+02,2.904780579937e+02,1.455341801028e+02
326,15482,5669677734.375000,-3.136798431456e+02,1.344342184910e+02,-2.657461899736e+02,2.367584531020e+02,-2.611589080927e+02,2.329166581234e+02,-2.611595849455e+02,2.329182922650e+02
327,15483,5670043945.312500,4.481140616365e+01,4.481140616365e+01,5.920625756611e+01,2.937350960008e+01,5.822716148144e+01,2.884982182484e+01,5.822750091725e+01,2.884983062315e+01
328,15484,5670410156.250000,-3.136798431456e+02,-1.344342184910e+02,-3.546923650710e+02,-2.904353404706e+01,-3.487555298049e+02,-2.837379713481e+01,-3.487573109409e+02,-2.837317050132e+01
329,15485,5670776367.187500,-2.240570308183e+02,4.481140616365e+01,-2.068840433711e+02,1.181569197900e+02,-2.033543298863e+02,1.162820894150e+02,-2.033551144735e+02,1.162831311067e+02
330,15486,5671142578.125000,2.240570308183e+02,2.240570308183e+02,2.953861534357e+02,1.479345112778e+02,2.905130937476e+02,1.453040087921e+02,2.905149529331e+02,1.453041404993e+02
331,15487,5671508789.062500,4.481140616365e+01,-1.344342184910e+02,-1.282968898335e-01,-1.477310199346e+02,-2.021156926569e-01,-1.452577112062e+02,-2.024360378479e-01,-1.452585074784e+02
332,15488,5671875000.000000,-4.481140616365e+01,3.136798431456e+02,5.986503255989e+01,3.248434804380e+02,5.903066203918e+01,3.193787546384e+02,5.903169854107e+01,3.193804351929e+02
333,15489,5672241210.937500,-4.481140616365e+01,-1.344342184910e+02,-8.903709211882e+01,-1.178686408394e+02,-8.760955374856e+01,-1.158528181738e+02,-8.761032090861e+01,-1.158533034124e+02
334,15490,5672607421.875000,2.240570308183e+02,-1.344342184910e+02,1.763825406043e+02,-2.075585283687e+02,1.733303235648e+02,-2.041831310942e+02,1.733309202612e+02,-2.041847435496e+02
335,15491,5672973632.812500,-4.481140616365e+01,2.240570308183e+02,3.073924999860e+01,2.362003368988e+02,3.034784578012e+01,2.322436301486e+02,3.034854469287e+01,2.322450060253e+02
336,15492,5673339843.750000,4.481140616365e+01,-2.240570308183e+02,-3.048908356101e+01,-2.362090427648e+02,-3.010232365222e+01,-2.322559142023e+02,-3.010302645241e+01,-2.322573322463e+02
337,15493,5673706054.687500,-3.136798431456e+02,2.240570308183e+02,-2.353863751407e+02,3.255837203687e+02,-2.312988754369e+02,3.202825875381e+02,-2.312996907536e+02,3.202851995412e+02
338,15494,5674072265.625000,2.240570308183e+02,-3.136798431456e+02,1.173844525734e+02,-3.842369911639e+02,1.152338361186e+02,-3.779045238418e+02,1.152337828251e+02,-3.779073260140e+02
339,15495,5674438476.562500,2.240570308183e+02,-2.240570308183e+02,1.469717061295e+02,-2.959382148453e+02,1.443766391476e+02,-2.910949036803e+02,1.443769985561e+02,-2.910972354986e+02
340,15496,5674804687.500000,4.481140616365e+01,1.344342184910e+02,8.910973560188e+01,1.179761798838e+02,8.769077825228e+01,1.159714034910e+02,8.769165529149e+01,1.159720335867e+02
341,15497,5675170898.437500,-4.481140616365e+01,-1.344342184910e+02,-8.923845351280e+01,-1.178918184255e+02,-8.781884606435e+01,-1.158903964800e+02,-8.781973906307e+01,-1.158910458163e+02
342,15498,5675537109.375000,-1.344342184910e+02,4.481140616365e+01,-1.177112245461e+02,8.936680560710e+01,-1.157147934821e+02,8.794654288879e+01,-1.157154612008e+02,8.794745158435e+01
343,15499,5675903320.312500,3.136798431456e+02,-1.344342184910e+02,2.641742466720e+02,-2.382936780092e+02,2.596790615214e+02,-2.344852996908e+02,2.596805228476e+02,-2.344876552836e+02
344,15500,5676269531.250000,3.136798431456e+02,2.240570308183e+02,3.849640650326e+02,1.149908968093e+02,3.786582971476e+02,1.128916633624e+02,3.786614919968e+02,1.128917097037e+02
345,15501,5676635742.187500,3.136798431456e+02,1.344342184910e+02,3.546726058298e+02,2.634820877150e+01,3.488286909240e+02,2.573064167461e+01,3.488315210435e+02,2.573007962972e+01
346,15502,5677001953.125000,-4.481140616365e+01,-1.344342184910e+02,-8.973991496165e+01,-1.172578683531e+02,-8.831986597795e+01,-1.152774102223e+02,-8.832083639865e+01,-1.152781520601e+02
347,15503,5677368164.062500,1.344342184910e+02,-4.481140616365e+01,1.174214984178e+02,-8.953456981787e+01,1.154407217508e+02,-8.811972906015e+01,1.154414846148e+02,-8.812071291712e+01
348,15504,5677734375.000000,1.344342184910e+02,4.481140616365e+01,1.476651710512e+02,-9.122798245848e-01,1.452345776162e+02,-9.732212461142e-01,1.452358029460e+02,-9.735486581413e-01
349,15505,5678100585.937500,-1.344342184910e+02,4.481140616365e+01,-1.177098495581e+02,8.917126950549e+01,-1.157291995425e+02,8.776612050788e+01,-1.157300038122e+02,8.776713106794e+01
350,15506,5678466796.875000,3.136798431456e+02,-4.481140616365e+01,2.946731705032e+02,-1.490162582216e+02,2.897590468781e+02,-1.467215265276e+02,2.897612684667e+02,-1.467234515349e+02
351,15507,5678833007.812500,2.240570308183e+02,-4.481140616365e+01,2.062380378357e+02,-1.190251945143e+02,2.027954244040e+02,-1.171798004485e+02,2.027969803393e+02,-1.171812940001e+02
352,15508,5679199218.750000,-4.481140616365e+01,3.136798431456e+02,6.017110006257e+01,3.245842490247e+02,5.935280843111e+01,3.192384400381e+02,5.935405036408e+01,3.192412158567e+02
353,15509,5679565429.687500,3.136798431456e+02,4.481140616365e+01,3.244819512238e+02,-5.970921980189e+01,3.191450500085e+02,-5.889972951715e+01,3.191478771324e+02,-5.890097656207e+01
354,15510,5679931640.625000,-3.136798431456e+02,-2.240570308183e+02,-3.835080400454e+02,-1.176647083071e+02,-3.773055497623e+02,-1.155458497711e+02,-3.773093591449e+02,-1.155461093708e+02
355,15511,5680297851.562500,-4.481140616365e+01,-2.240570308183e+02,-1.184454144839e+02,-2.062737132087e+02,-1.166198525826e+02,-2.028487428503e+02,-1.166214157690e+02,-2.028504301211e+02
356,15512,5680664062.500000,-1.344342184910e+02,3.136798431456e+02,-2.810508526993e+01,3.543419982775e+02,-2.746507117774e+01,3.485856504219e+02,-2.746457254524e+01,3.485891054566e+02
357,15513,5681030273.437500,-4.481140616365e+01,-4.481140616365e+01,-5.922791982631e+01,-2.920403233656e+01,-5.827972046405e+01,-2.869861578267e+01,-5.828036017775e+01,-2.869877165429e+01
358,15514,5681396484.375000,-4.481140616365e+01,1.344342184910e+02,5.075180463427e-01,1.476011523209e+02,5.752147595242e-01,1.452038951114e+02,5.755396598058e-01,1.452053530385e+02
359,15515,5681762695.312500,1.344342184910e+02,-3.136798431456e+02,2.903931560776e+01,-3.541393399753e+02,2.838620971435e+01,-3.484115518789e+02,2.838573362363e+01,-3.484151691251e+02
360,15516,5682128906.250000,4.481140616365e+01,1.344342184910e+02,8.854440565279e+01,1.179538507560e+02,8.717138309594e+01,1.159983849576e+02,8.717254075602e+01,1.159993946297e+02
361,15517,5682495117.187500,2.240570308183e+02,-4.481140616365e+01,2.062234618152e+02,-1.183279193180e+02,2.028284321457e+02,-1.165209425550e+02,2.028303072619e+02,-1.165226126501e+02
362,15518,5682861328.125000,3.136798431456e+02,-4.481140616365e+01,2.943679847231e+02,-1.483340066214e+02,2.895396957746e+02,-1.460909220681e+02,2.895424606042e+02,-1.460931154297e+02
363,15519,5683227539.062500,-3.136798431456e+02,-3.136798431456e+02,-4.132224692814e+02,-2.054010908998e+02,-4.066678777156e+02,-2.018778323539e+02,-4.066727164217e+02,-2.018791203837e+02
364,15520,5683593750.000000,1.344342184910e+02,2.240570308183e+02,2.064335539208e+02,1.768434676205e+02,2.032025129781e+02,1.738913860491e+02,2.032051213959e+02,1.738928445860e+02
365,15521,5683959960.937500,3.136798431456e+02,-2.240570308183e+02,2.364644727772e+02,-3.239186088213e+02,2.324985606343e+02,-3.188359466722e+02,2.325004413808e+02,-3.188399977238e+02
366,15522,5684326171.875000,1.344342184910e+02,1.344342184910e+02,1.767364848561e+02,8.886102239977e+01,1.739472222375e+02,8.734467630969e+01,1.739493709981e+02,8.734527659335e+01
367,15523,5684692382.812500,1.344342184910e+02,-2.240570308183e+02,5.963986107928e+01,-2.652872190243e+02,5.854824718391e+01,-2.610694958891e+02,5.854834055291e+01,-2.610725993351e+02
368,15524,5685058593.750000,1.344342184910e+02,-1.344342184910e+02,8.905435192548e+01,-1.766829803535e+02,8.753965479634e+01,-1.739040572370e+02,8.754028269100e+01,-1.739062562463e+02
369,15525,5685424804.687500,-4.481140616365e+01,4.481140616365e+01,-2.988376780606e+01,5.878095951999e+01,-2.937655291972e+01,5.785815632087e+01,-2.937676893035e+01,5.785889676392e+01
370,15526,5685791015.625000,2.240570308183e+02,3.136798431456e+02,3.219192009365e+02,2.391608549196e+02,3.169130528141e+02,2.351845618947e+02,3.169173167571e+02,2.351866461419e+02
371,15527,5686157226.562500,-2.240570308183e+02,1.344342184910e+02,-1.793643609599e+02,2.041748457308e+02,-1.764063823862e+02,2.010196338467e+02,-1.764080512183e+02,2.010224266493e+02
372,15528,5686523437.500000,-3.136798431456e+02,-2.240570308183e+02,-3.816059876779e+02,-1.225560709881e+02,-3.756100803315e+02,-1.204137728007e+02,-3.756148914897e+02,-1.204144048391e+02
373,15529,5686889648.437500,-2.240570308183e+02,3.136798431456e+02,-1.225455411386e+02,3.814669759569e+02,-1.204069477873e+02,3.754840792565e+02,-1.204075967270e+02,3.754889409752e+02
374,15530,5687255859.375000,2.240570308183e+02,-2.240570308183e+02,1.507927648122e+02,-2.928616222811e+02,1.482563938069e+02,-2.883059860141e+02,1.482575957189e+02,-2.883098813042e+02
375,15531,5687622070.312500,2.240570308183e+02,-1.344342184910e+02,1.791257593272e+02,-2.043428865597e+02,1.761918895251e+02,-2.012081757185e+02,1.761936527920e+02,-2.012110815529e+02
376,15532,5687988281.250000,3.136798431456e+02,1.344342184910e+02,3.535042547924e+02,3.315238459311e+01,3.479492567391e+02,3.244786359693e+01,3.479537306529e+02,3.244750945720e+01
377,15533,5688354492.187500,1.344342184910e+02,-2.240570308183e+02,6.204554817507e+01,-2.645442643779e+02,6.093322556948e+01,-2.604141884700e+02,6.093343243014e+01,-2.604176524328e+02
378,15534,5688720703.125000,4.481140616365e+01,-2.240570308183e+02,-2.636623248809e+01,-2.360331586975e+02,-2.607370903839e+01,-2.323131898492e+02,-2.607455649989e+01,-2.323161342523e+02
379,15535,5689086914.062500,2.240570308183e+02,-3.136798431456e+02,1.233152301356e+02,-3.811442985129e+02,1.211863477739e+02,-3.752342387271e+02,1.211871049915e+02,-3.752394031210e+02
380,15536,5689453125.000000,2.240570308183e+02,-2.240570308183e+02,1.518768280561e+02,-2.924256780886e+02,1.493506117112e+02,-2.879297052081e+02,1.493519480532e+02,-2.879338296982e+02
381,15537,5689819335.937500,-2.240570308183e+02,2.240570308183e+02,-1.522625926276e+02,2.924791871016e+02,-1.497350039766e+02,2.879915951701e+02,-1.497363647570e+02,2.879957588386e+02
382,15538,5690185546.875000,2.240570308183e+02,4.481140616365e+01,2.364237636363e+02,-2.559872214525e+01,2.327270641443e+02,-2.532160804607e+01,2.327301373126e+02,-2.532245994803e+01
383,15539,5690551757.812500,-4.481140616365e+01,1.344342184910e+02,-2.341210149699e+00,1.473973128236e+02,-2.228920276845e+00,1.451066776753e+02,-2.228631621202e+00,1.451086520085e+02
384,15540,5690917968.750000,1.344342184910e+02,3.136798431456e+02,2.316858132066e+02,2.687995853069e+02,2.282291415786e+02,2.645093379903e+02,2.282328495134e+02,2.645124600304e+02
385,15541,5691284179.687500,3.136798431456e+02,4.481140616365e+01,3.251078514643e+02,-5.319583591515e+01,3.200461808028e+02,-5.253949225302e+01,3.200504901344e+02,-5.254092201763e+01
386,15542,5691650390.625000,3.136798431456e+02,-2.240570308183e+02,2.424340152551e+02,-3.190820329022e+02,2.385234784643e+02,-3.142762058588e+02,2.385261152929e+02,-3.142811143899e+02
387,15543,5692016601.562500,2.240570308183e+02,3.136798431456e+02,3.182769411084e+02,2.434287645835e+02,3.134944549739e+02,2.395112072701e+02,3.134993936347e+02,2.395138892887e+02
388,15544,5692382812.500000,-3.136798431456e+02,2.240570308183e+02,-2.438727949819e+02,3.178717569553e+02,-2.399566216276e+02,3.131062152232e+02,-2.399593402656e+02,3.131111878879e+02
389,15545,5692749023.437500,2.240570308183e+02,-2.240570308183e+02,1.551933772531e+02,-2.904205266942e+02,1.526610057854e+02,-2.860413627178e+02,1.526625631391e+02,-2.860457941418e+02
390,15546,5693115234.375000,-3.136798431456e+02,-4.481140616365e+01,-3.254895934770e+02,4.970010626884e+01,-3.204773760742e+02,4.910629801607e+01,-3.204818958923e+02,4.910771144605e+01
391,15547,5693481445.312500,2.240570308183e+02,-2.240570308183e+02,1.557135531985e+02,-2.901353448295e+02,1.531838084838e+02,-2.857803539258e+02,1.531854107601e+02,-2.857848515331e+02
392,15548,5693847656.250000,2.240570308183e+02,-2.240570308183e+02,1.558933993534e+02,-2.900588398540e+02,1.533662509668e+02,-2.857149962336e+02,1.533678742574e+02,-2.857195272229e+02
393,15549,5694213867.187500,4.481140616365e+01,4.481140616365e+01,5.796972307019e+01,3.126119213723e+01,5.710363017131e+01,3.075559849135e+01,5.710454269493e+01,3.075592806553e+01
394,15550,5694580078.125000,3.136798431456e+02,1.344342184910e+02,3.522958158354e+02,4.106692349802e+01,3.469678715871e+02,4.026193683426e+01,3.469731344515e+02,4.026177471856e+01
395,15551,5694946289.062500,3.136798431456e+02,1.344342184910e+02,3.522192398203e+02,4.176719303172e+01,3.469051174969e+02,4.095306511978e+01,3.469104210670e+02,4.095291818538e+01
396,15552,5695312500.000000,2.240570308183e+02,4.481140616365e+01,2.366036028864e+02,-2.056402289514e+01,2.330171200699e+02,-2.037509855079e+01,2.330206039671e+02,-2.037591921218e+01
397,15553,5695678710.937500,3.136798431456e+02,4.481140616365e+01,3.261893961721e+02,-4.573123854423e+01,3.212475710250e+02,-4.520972282879e+01,3.212523729458e+02,-4.521111861537e+01
398,15554,5696044921.875000,-3.136798431456e+02,4.481140616365e+01,-3.006838772302e+02,1.344781517936e+02,-2.960916552169e+02,1.326101886579e+02,-2.960959145801e+02,1.326128775566e+02
399,15555,5696411132.812500,-1.344342184910e+02,3.136798431456e+02,-4.458194889438e+01,3.517531838864e+02,-4.373174459755e+01,3.464976719890e+02,-4.373166009995e+01,3.465031322763e+02
400,15556,5696777343.750000,-1.344342184910e+02,1.344342184910e+02,-9.575620048378e+01,1.726391710188e+02,-9.423380377461e+01,1.701041068906e+02,-9.423489918910e+01,1.701069661964e+02
401,15557,5697143554.687500,1.344342184910e+02,-1.344342184910e+02,9.595027675074e+01,-1.724833976411e+02,9.442855915392e+01,-1.699570723789e+02,9.442966826758e+01,-1.699599484298e+02
402,15558,5697509765.625000,2.240570308183e+02,4.481140616365e+01,2.365851152701e+02,-1.823514132183e+01,2.330514227100e+02,-1.808538672004e+01,2.330550674172e+02,-1.808618483154e+01
403,15559,5697875976.562500,2.240570308183e+02,2.240570308183e+02,2.865436949123e+02,1.619775838831e+02,2.823692662879e+02,1.594230572680e+02,2.823741111525e+02,1.594249742401e+02
404,15560,5698242187.500000,-1.344342184910e+02,-1.344342184910e+02,-1.716952081589e+02,-9.771856939114e+01,-1.692006724872e+02,-9.618171337439e+01,-1.692035950597e+02,-9.618288268276e+01
405,15561,5698608398.437500,-4.481140616365e+01,-1.344342184910e+02,-8.159028835104e+01,-1.226339937717e+02,-8.044720470687e+01,-1.207788742428e+02,-8.044876767638e+01,-1.207806454748e+02
406,15562,5698974609.375000,-1.344342184910e+02,-1.344342184910e+02,-1.712808942494e+02,-9.869426277852e+01,-1.688059348623e+02,-9.715060131965e+01,-1.688088886600e+02,-9.715180740578e+01
407,15563,5699340820.312500,-1.344342184910e+02,1.344342184910e+02,-9.853713278577e+01,1.712294583227e+02,-9.699956863314e+01,1.687617071806e+02,-9.700078239420e+01,1.687646773780e+02
408,15564,5699707031.250000,1.344342184910e+02,-1.344342184910e+02,9.833210664387e+01,-1.711895190365e+02,9.680134968044e+01,-1.687288226791e+02,9.680257018678e+01,-1.687318091795e+02
409,15565,5700073242.187500,-2.240570308183e+02,1.344342184910e+02,-1.880957106574e+02,1.953259652325e+02,-1.852429386816e+02,1.925649914164e+02,-1.852455794848e+02,1.925685836576e+02
410,15566,5700439453.125000,4.481140616365e+01,4.481140616365e+01,5.687813528442e+01,3.299429840277e+01,5.606514051768e+01,3.248351476493e+01,5.606614488195e+01,3.248393210222e+01
411,15567,5700805664.062500,2.240570308183e+02,2.240570308183e+02,2.836593483522e+02,1.660995222633e+02,2.796167339025e+02,1.635360155879e+02,2.796217741698e+02,1.635381386950e+02
412,15568,5701171875.000000,1.344342184910e+02,-2.240570308183e+02,7.693174922774e+01,-2.599047466651e+02,7.568120686705e+01,-2.561721281124e+02,7.568191823209e+01,-2.561766080274e+02
413,15569,5701538085.937500,-4.481140616365e+01,-2.240570308183e+02,-1.027279832415e+02,-2.136439567423e+02,-1.013511707336e+02,-2.104986406561e+02,-1.013533498401e+02,-2.105019829154e+02
414,15570,5701904296.875000,-3.136798431456e+02,4.481140616365e+01,-3.039863711454e+02,1.252642875963e+02,-2.995339076362e+02,1.236128407668e+02,-2.995387377373e+02,1.236156044870e+02
415,15571,5702270507.812500,3.136798431456e+02,-4.481140616365e+01,3.043227168144e+02,-1.246881543816e+02,2.998779033483e+02,-1.230502065165e+02,2.998827691460e+02,-1.230529731458e+02
416,15572,5702636718.750000,1.344342184910e+02,-1.344342184910e+02,1.015718183305e+02,-1.692528453272e+02,1.000266079077e+02,-1.668757415319e+02,1.000279638270e+02,-1.668788353203e+02
417,15573,5703002929.687500,-4.481140616365e+01,-4.481140616365e+01,-5.636608849210e+01,-3.398468019736e+01,-5.557681530900e+01,-3.346918655272e+01,-5.557785120714e+01,-3.346964394487e+01
418,15574,5703369140.625000,-2.240570308183e+02,1.344342184910e+02,-1.923918624878e+02,1.912266661504e+02,-1.895473527994e+02,1.885965476288e+02,-1.895502379354e+02,1.886002472797e+02
419,15575,5703735351.562500,1.344342184910e+02,-2.240570308183e+02,7.996411961213e+01,-2.590843393185e+02,7.869254231474e+01,-2.554384026127e+02,7.869335799118e+01,-2.554430455603e+02
420,15576,5704101562.500000,4.481140616365e+01,-3.136798431456e+02,-3.212582901944e+01,-3.271449199399e+02,-3.183861914273e+01,-3.224861065423e+02,-3.183988792095e+01,-3.224917090215e+02
421,15577,5704467773.437500,-3.136798431456e+02,-1.344342184910e+02,-3.491339768558e+02,-5.898829448412e+01,-3.442246148736e+02,-5.797368348509e+01,-3.442308279024e+02,-5.797395189311e+01
422,15578,5704833984.375000,4.481140616365e+01,-1.344342184910e+02,1.270347892063e+01,-1.464920310148e+02,1.244874108884e+01,-1.444320358881e+02,1.244864484803e+01,-1.444346294679e+02
423,15579,5705200195.312500,1.344342184910e+02,4.481140616365e+01,1.464696387040e+02,1.313402752609e+01,1.444163339971e+02,1.287377600275e+01,1.444189408664e+02,1.287368847457e+01
424,15580,5705566406.250000,4.481140616365e+01,-2.240570308183e+02,-7.455597891735e+00,-2.370283556694e+02,-7.473273172591e+00,-2.337007472490e+02,-7.473920872095e+00,-2.337049238046e+02
425,15581,5705932617.187500,4.481140616365e+01,2.240570308183e+02,9.730428139846e+01,2.162884703206e+02,9.605548216510e+01,2.132145403592e+02,9.605768236924e+01,2.132181729136e+02
426,15582,5706298828.125000,2.240570308183e+02,-1.344342184910e+02,1.957520724451e+02,-1.875514171578e+02,1.929270579570e+02,-1.850383649368e+02,1.929301455369e+02,-1.850421403134e+02
427,15583,5706665039.062500,-3.136798431456e+02,-3.136798431456e+02,-3.889625393222e+02,-2.455967918555e+02,-3.836847143182e+02,-2.419837279934e+02,-3.836922274177e+02,-2.419872877282e+02
428,15584,5707031250.000000,3.136798431456e+02,1.344342184910e+02,3.477305594921e+02,6.476324189919e+01,3.429473742513e+02,6.368683797173e+01,3.429537826039e+02,6.368724832444e+01
429,15585,5707397460.937500,-2.240570308183e+02,4.481140616365e+01,-2.165647422793e+02,9.570578355465e+01,-2.135250227203e+02,9.449595846385e+01,-2.135287352835e+02,9.449816265092e+01
430,15586,5707763671.875000,1.344342184910e+02,-4.481140616365e+01,1.260345660415e+02,-7.528245075550e+01,1.242609218685e+02,-7.431122425770e+01,1.242630499637e+02,-7.431286767650e+01
431,15587,5708129882.812500,-1.344342184910e+02,-4.481140616365e+01,-1.459424002535e+02,-1.581315216139e+01,-1.439481060483e+02,-1.552090511638e+01,-1.439508060885e+02,-1.552087620204e+01
432,15588,5708496093.750000,2.240570308183e+02,-1.344342184910e+02,1.981240857701e+02,-1.845102185090e+02,1.953191976623e+02,-1.820888978247e+02,1.953224301876e+02,-1.820927137321e+02
433,15589,5708862304.687500,-4.481140616365e+01,1.344342184910e+02,-1.710529402420e+01,1.458566264625e+02,-1.679686345370e+01,1.438770369549e+02,-1.679686095671e+01,1.438797610141e+02
434,15590,5709228515.625000,-4.481140616365e+01,3.136798431456e+02,1.988684188766e+01,3.278093369468e+02,1.978572208575e+01,3.233447208116e+02,1.978680377046e+01,3.233507411844e+02
435,15591,5709594726.562500,2.240570308183e+02,3.136798431456e+02,2.924929201515e+02,2.721811280099e+02,2.886719160820e+02,2.683439069402e+02,2.886779413702e+02,2.683483252787e+02
436,15592,5709960937.500000,-2.240570308183e+02,-1.344342184910e+02,-2.552653977102e+02,-9.049792871117e+01,-2.518663019991e+02,-8.914461593641e+01,-2.518712593032e+02,-8.914574762308e+01
437,15593,5710327148.437500,4.481140616365e+01,3.136798431456e+02,1.090357408176e+02,3.096913429101e+02,1.077285768013e+02,3.054685560695e+02,1.077312926667e+02,3.054741166248e+02
438,15594,5710693359.375000,-2.240570308183e+02,-4.481140616365e+01,-2.366691837685e+02,-9.612849304624e-01,-2.334962778430e+02,-8.262821830285e-01,-2.335007281168e+02,-8.257847572038e-01
439,15595,5711059570.312500,3.136798431456e+02,1.344342184910e+02,3.452157715188e+02,7.540814341905e+01,3.406415014011e+02,7.422232312490e+01,3.406481788321e+02,7.422299387973e+01
440,15596,5711425781.250000,4.481140616365e+01,-4.481140616365e+01,3.704362579811e+01,-5.413095669164e+01,3.652236275837e+01,-5.342917941972e+01,3.652294637511e+01,-5.343028525170e+01
441,15597,5711791992.187500,-3.136798431456e+02,-1.344342184910e+02,-3.442613615448e+02,-7.850153387008e+01,-3.397329220296e+02,-7.728202965741e+01,-3.397396368657e+02,-7.728277185343e+01
442,15598,5712158203.125000,-4.481140616365e+01,4.481140616365e+01,-3.747749820247e+01,5.381192553459e+01,-3.695406043240e+01,5.311956391476e+01,-3.695465817403e+01,5.312067216695e+01
443,15599,5712524414.062500,-4.481140616365e+01,-3.136798431456e+02,-1.021388545712e+02,-3.118295610958e+02,-1.009536429937e+02,-3.076670806981e+02,-1.009562779558e+02,-3.076728284341e+02
444,15600,5712890625.000000,3.136798431456e+02,-4.481140616365e+01,3.123119011540e+02,-1.014607619253e+02,3.081579008128e+02,-1.002894510287e+02,3.081636803206e+02,-1.002920809481e+02
445,15601,5713256835.937500,-3.136798431456e+02,-1.344342184910e+02,-3.440053648781e+02,-8.211919057508e+01,-3.395459046482e+02,-8.086698032722e+01,-3.395527160183e+02,-8.086781397085e+01
446,15602,5713623046.875000,3.136798431456e+02,3.136798431456e+02,3.750550125869e+02,2.655897444153e+02,3.703014637020e+02,2.619329241908e+02,3.703092981720e+02,2.619372448777e+02
447,15603,5713989257.812500,-2.240570308183e+02,4.481140616365e+01,-2.210203134822e+02,8.453255234777e+01,-2.181050014502e+02,8.354832292883e+01,-2.181091073261e+02,8.355044542456e+01
448,15604,5714355468.750000,-2.240570308183e+02,-1.344342184910e+02,-2.516638139503e+02,-9.918560902709e+01,-2.484570554004e+02,-9.777167305263e+01,-2.484621725544e+02,-9.777305612524e+01
449,15605,5714721679.687500,3.136798431456e+02,-2.240570308183e+02,2.829612306930e+02,-2.812040794441e+02,2.791663301676e+02,-2.777230839688e+02,2.791712455423e+02,-2.777291946839e+02
450,15606,5715087890.625000,1.344342184910e+02,-4.481140616365e+01,1.300237933090e+02,-6.775780602089e+01,1.283178972129e+02,-6.695418675372e+01,1.283202979011e+02,-6.695579818527e+01
451,15607,5715454101.562500,-4.481140616365e+01,4.481140616365e+01,-3.872151696563e+01,5.294218570463e+01,-3.819842614300e+01,5.228434979968e+01,-3.819907202094e+01,5.228547508181e+01
452,15608,5715820312.500000,-1.344342184910e+02,-1.344342184910e+02,-1.583255541153e+02,-1.169531120276e+02,-1.563664491234e+02,-1.153795961451e+02,-1.563698264022e+02,-1.153815574055e+02
453,15609,5716186523.437500,-1.344342184910e+02,2.240570308183e+02,-1.038362569817e+02,2.498086551324e+02,-1.023877991275e+02,2.466878877720e+02,-1.023893084110e+02,2.466930554383e+02
454,15610,5716552734.375000,4.481140616365e+01,-2.240570308183e+02,1.220658790326e+01,-2.361869809929e+02,1.193010721633e+01,-2.332033844537e+02,1.192983441918e+01,-2.332080967373e+02
455,15611,5716918945.312500,3.136798431456e+02,-3.136798431456e+02,2.742599787651e+02,-3.680809976244e+02,2.706113118604e+02,-3.635808810867e+02,2.706159660831e+02,-3.635888026078e+02
456,15612,5717285156.250000,-3.136798431456e+02,1.344342184910e+02,-3.016066188353e+02,1.837960863519e+02,-2.977228958765e+02,1.816429759412e+02,-2.977285131230e+02,1.816473009479e+02
457,15613,5717651367.187500,3.136798431456e+02,2.240570308183e+02,3.537917077983e+02,1.846467449068e+02,3.494599427211e+02,1.821534835759e+02,3.494674244521e+02,1.821564066771e+02
458,15614,5718017578.125000,2.240570308183e+02,4.481140616365e+01,2.361776839829e+02,1.450803767256e+01,2.332413486427e+02,1.420522648157e+01,2.332461189908e+02,1.420500250320e+01
459,15615,5718383789.062500,-1.344342184910e+02,2.240570308183e+02,-1.072856923863e+02,2.483493745668e+02,-1.058254286059e+02,2.453214288936e+02,-1.058270453652e+02,2.453266592554e+02
460,15616,5718750000.000000,3.136798431456e+02,2.240570308183e+02,3.518855649952e+02,1.881509461834e+02,3.476312686438e+02,1.856424858425e+02,3.476387771228e+02,1.856455136410e+02
461,15617,5719116210.937500,3.136798431456e+02,3.136798431456e+02,3.629072909400e+02,2.811487569331e+02,3.585826633686e+02,2.774984528931e+02,3.585906160761e+02,2.775033472557e+02
462,15618,5719482421.875000,-3.136798431456e+02,3.136798431456e+02,-2.817591770528e+02,3.621810317151e+02,-2.781156815639e+02,3.578836180548e+02,-2.781206043334e+02,3.578915761174e+02
463,15619,5719848632.812500,-1.344342184910e+02,2.240570308183e+02,-1.097167791336e+02,2.468832803947e+02,-1.082487743494e+02,2.439236559600e+02,-1.082504658983e+02,2.439289135307e+02
464,15620,5720214843.750000,-2.240570308183e+02,-2.240570308183e+02,-2.578154857539e+02,-2.022536189723e+02,-2.547829621110e+02,-1.996594745581e+02,-2.547886566422e+02,-1.996630332330e+02
465,15621,5720581054.687500,3.136798431456e+02,-1.344342184910e+02,3.059291264083e+02,-1.763945218454e+02,3.021308559788e+02,-1.744150928523e+02,3.021367197541e+02,-1.744193632082e+02
466,15622,5720947265.625000,4.481140616365e+01,1.344342184910e+02,6.220704661004e+01,1.328829174991e+02,6.152502193802e+01,1.312472180614e+02,6.152658546087e+01,1.312498028724e+02
467,15623,5721313476.562500,3.136798431456e+02,-3.136798431456e+02,2.862723435923e+02,-3.592525175673e+02,2.826465485775e+02,-3.550832491067e+02,2.826516391158e+02,-3.550912458235e+02
468,15624,5721679687.500000,3.136798431456e+02,3.136798431456e+02,3.581839075561e+02,2.876220749835e+02,3.540462672568e+02,2.839951222631e+02,3.540542616610e+02,2.840002561372e+02
469,15625,5722045898.437500,3.136798431456e+02,4.481140616365e+01,3.279040446012e+02,1.212171214952e+01,3.240029984424e+02,1.180782631406e+01,3.240097838310e+02,1.180736057142e+01
470,15626,5722412109.375000,-1.344342184910e+02,-2.240570308183e+02,-1.617066071773e+02,-2.169461970057e+02,-1.599000317529e+02,-2.142885130731e+02,-1.599038456544e+02,-2.142926416698e+02
471,15627,5722778320.312500,-4.481140616365e+01,4.481140616365e+01,-4.177909427414e+01,5.060908038538e+01,-4.125934818752e+01,5.003276026636e+01,-4.126010260404e+01,5.003389912254e+01
472,15628,5723144531.250000,3.136798431456e+02,-3.136798431456e+02,2.938404077062e+02,-3.530027404274e+02,2.902014499420e+02,-3.490021473777e+02,2.902067749248e+02,-3.490101115404e+02
473,15629,5723510742.187500,1.344342184910e+02,3.136798431456e+02,1.672029220029e+02,3.110849820419e+02,1.654054212324e+02,3.073551252008e+02,1.654095758599e+02,3.073612265816e+02
474,15630,5723876953.125000,-3.136798431456e+02,3.136798431456e+02,-2.956135810177e+02,3.509462563084e+02,-2.919851286686e+02,3.470067813362e+02,-2.919905195537e+02,3.470147361415e+02
475,15631,5724243164.062500,-1.344342184910e+02,2.240570308183e+02,-1.194855435434e+02,2.423230101655e+02,-1.179731551041e+02,2.395716000849e+02,-1.179751195550e+02,2.395769178523e+02
476,15632,5724609375.000000,-2.240570308183e+02,3.136798431456e+02,-2.052311509783e+02,3.415645837926e+02,-2.026826141840e+02,3.377230231514e+02,-2.026861594664e+02,3.377306127398e+02
477,15633,5724975585.937500,-3.136798431456e+02,1.344342184910e+02,-3.126670131687e+02,1.631647743080e+02,-3.089851829409e+02,1.614490717112e+02,-3.089913761643e+02,1.614531722339e+02
478,15634,5725341796.875000,1.344342184910e+02,2.240570308183e+02,1.558016557068e+02,2.204822147503e+02,1.541311080810e+02,2.178762890265e+02,1.541348590548e+02,2.178805756986e+02
479,15635,5725708007.812500,4.481140616365e+01,-1.344342184910e+02,3.596231156142e+01,-1.419014887194e+02,3.547890940071e+01,-1.403021422877e+02,3.547935554997e+01,-1.403052039481e+02
480,15636,5726074218.750000,4.481140616365e+01,3.136798431456e+02,6.945481326010e+01,3.198369279955e+02,6.883189254454e+01,3.161709691871e+02,6.883405366387e+01,3.161775529588e+02
481,15637,5726440429.687500,1.344342184910e+02,-4.481140616365e+01,1.353639129014e+02,-5.572264701622e+01,1.338058420778e+02,-5.516311943408e+01,1.338085758385e+02,-5.516459051486e+01
482,15638,5726806640.625000,2.240570308183e+02,4.481140616365e+01,2.340145365565e+02,3.102710847342e+01,2.313990965875e+02,3.055720153937e+01,2.314041089684e+02,3.055734601660e+01
483,15639,5727172851.562500,4.481140616365e+01,1.344342184910e+02,5.488163199007e+01,1.357253881060e+02,5.433756144021e+01,1.341779136816e+02,5.433901938665e+01,1.341806662401e+02
484,15640,5727539062.500000,4.481140616365e+01,2.240570308183e+02,5.998707804060e+01,2.282937471494e+02,5.943690098039e+01,2.257195942860e+02,5.943867119126e+01,2.257243023493e+02
485,15641,5727905273.437500,1.344342184910e+02,-2.240570308183e+02,1.255457551965e+02,-2.389243137646e+02,1.240302716853e+02,-2.363403072079e+02,1.240324149964e+02,-2.363456536434e+02
486,15642,5728271484.375000,-1.344342184910e+02,4.481140616365e+01,-1.362425650397e+02,5.356009899531e+01,-1.347115625386e+02,5.303958246564e+01,-1.347143421660e+02,5.304101883998e+01
487,15643,5728637695.312500,-2.240570308183e+02,-4.481140616365e+01,-2.334927001336e+02,-3.497250786890e+01,-2.309468157350e+02,-3.446770549502e+01,-2.309518636030e+02,-3.446793999362e+01
488,15644,5729003906.250000,3.136798431456e+02,-3.136798431456e+02,3.093889931319e+02,-3.383270683374e+02,3.058330498648e+02,-3.347899356098e+02,3.058389073768e+02,-3.347978253249e+02
489,15645,5729370117.187500,-1.344342184910e+02,2.240570308183e+02,-1.290200068497e+02,2.372517304579e+02,-1.274942489827e+02,2.347384746120e+02,-1.274964852913e+02,2.347438220938e+02
490,15646,5729736328.125000,2.240570308183e+02,-2.240570308183e+02,2.221431073910e+02,-2.406816807388e+02,2.196147621632e+02,-2.381921556618e+02,2.196189855451e+02,-2.381977867357e+02
491,15647,5730102539.062500,3.136798431456e+02,-1.344342184910e+02,3.187797547382e+02,-1.510545116447e+02,3.152691135119e+02,-1.495929365759e+02,3.152756075944e+02,-1.495968668566e+02
492,15648,5730468750.000000,4.481140616365e+01,4.481140616365e+01,4.789715297781e+01,4.466278254653e+01,4.740709139520e+01,4.415948571220e+01,4.740821563497e+01,4.416033834335e+01
493,15649,5730834960.937500,4.481140616365e+01,1.344342184910e+02,5.074994453969e+01,1.373267364179e+02,5.027999123612e+01,1.358365421673e+02,5.028138047723e+01,1.358393783146e+02
494,15650,5731201171.875000,-2.240570308183e+02,-2.240570308183e+02,-2.379246939378e+02,-2.248863309914e+02,-2.355175341138e+02,-2.223779881621e+02,-2.355231375978e+02,-2.223822999485e+02
495,15651,5731567382.812500,1.344342184910e+02,4.481140616365e+01,1.399652977913e+02,4.311168857509e+01,1.385106310229e+02,4.258432868151e+01,1.385137359350e+02,4.258495008247e+01
496,15652,5731933593.750000,4.481140616365e+01,-2.240570308183e+02,4.220895702429e+01,-2.324178433276e+02,4.164555799327e+01,-2.299996756269e+02,4.164595886632e+01,-2.300047727761e+02
497,15653,5732299804.687500,-1.344342184910e+02,4.481140616365e+01,-1.380886921695e+02,4.874299415234e+01,-1.366212394608e+02,4.830537520348e+01,-1.366241096869e+02,4.830672783100e+01
498,15654,5732666015.625000,-3.136798431456e+02,2.240570308183e+02,-3.196346440388e+02,2.373764840181e+02,-3.161908063281e+02,2.350755818329e+02,-3.161971848690e+02,2.350814030442e+02
499,15655,5733032226.562500,3.136798431456e+02,1.344342184910e+02,3.263948449457e+02,1.325977659157e+02,3.230899982879e+02,1.310583596376e+02,3.230973385938e+02,1.310605102488e+02
500,15656,5733398437.500000,3.136798431456e+02,3.136798431456e+02,3.285024700654e+02,3.190517487038e+02,3.252902474424e+02,3.156015146782e+02,3.252980477900e+02,3.156076948252e+02
501,15657,5733764648.437500,-3.136798431456e+02,-2.240570308183e+02,-3.261449061146e+02,-2.279838155748e+02,-3.229275902634e+02,-2.254835122391e+02,-3.229351470745e+02,-2.254877330256e+02
502,15658,5734130859.375000,1.344342184910e+02,1.344342184910e+02,1.395715598972e+02,1.379527949511e+02,1.382232716909e+02,1.364773096506e+02,1.382265965981e+02,1.364799926216e+02
503,15659,5734497070.312500,-3.136798431456e+02,-2.240570308183e+02,-3.240974566535e+02,-2.307078139968e+02,-3.209379712175e+02,-2.282059433463e+02,-3.209455019746e+02,-2.282102361900e+02
504,15660,5734863281.250000,2.240570308183e+02,-1.344342184910e+02,2.315485088172e+02,-1.381117858174e+02,2.291471146333e+02,-1.368419513730e+02,2.291518365233e+02,-1.368454543988e+02
505,15661,5735229492.187500,2.240570308183e+02,1.344342184910e+02,2.303965457238e+02,1.401005254801e+02,2.281634435635e+02,1.385792162492e+02,2.281687528476e+02,1.385817545079e+02
506,15662,5735595703.125000,-1.344342184910e+02,-1.344342184910e+02,-1.375661342133e+02,-1.399850928236e+02,-1.362695272741e+02,-1.385207031755e+02,-1.362728228293e+02,-1.385234442206e+02
507,15663,5735961914.062500,-2.240570308183e+02,-3.136798431456e+02,-2.276378383700e+02,-3.265738744544e+02,-2.255539904074e+02,-3.232238769224e+02,-2.255596549577e+02,-3.232304806599e+02
508,15664,5736328125.000000,-2.240570308183e+02,-2.240570308183e+02,-2.279037188019e+02,-2.348232049708e+02,-2.257823240456e+02,-2.323940951647e+02,-2.257877970892e+02,-2.323987065606e+02
509,15665,5736694335.937500,2.240570308183e+02,1.344342184910e+02,2.287857270841e+02,1.430846701099e+02,2.266208061296e+02,1.415658883664e+02,2.266261009265e+02,1.415685035149e+02
510,15666,5737060546.875000,-2.240570308183e+02,-1.344342184910e+02,-2.282750482590e+02,-1.438261520696e+02,-2.261281599992e+02,-1.423083398129e+02,-2.261334483644e+02,-1.423109741151e+02
511,15667,5737426757.812500,-3.136798431456e+02,2.240570308183e+02,-3.291151596517e+02,2.232591157492e+02,-3.258151284463e+02,2.212693947219e+02,-3.258218149663e+02,2.212749820300e+02
512,15668,5737792968.750000,-4.481140616365e+01,-1.344342184910e+02,-4.249164992772e+01,-1.397511819190e+02,-4.215526083255e+01,-1.383847566530e+02,-4.215649347172e+01,-1.383877120376e+02
513,15669,5738159179.687500,-1.344342184910e+02,-3.136798431456e+02,-1.290369661324e+02,-3.271895366338e+02,-1.279722784254e+02,-3.239933192339e+02,-1.279758104615e+02,-3.240001774443e+02
514,15670,5738525390.625000,3.136798431456e+02,2.240570308183e+02,3.158888633800e+02,2.413904387261e+02,3.130102151730e+02,2.389314992609e+02,3.130176406496e+02,2.389360786234e+02
515,15671,5738891601.562500,-1.344342184910e+02,-1.344342184910e+02,-1.337674491193e+02,-1.435522095942e+02,-1.325773263987e+02,-1.421259314627e+02,-1.325805625882e+02,-1.421287745026e+02
516,15672,5739257812.500000,3.136798431456e+02,3.136798431456e+02,3.114676955331e+02,3.355683019689e+02,3.087146818170e+02,3.322536089563e+02,3.087222227917e+02,3.322602605430e+02
517,15673,5739624023.437500,-1.344342184910e+02,4.481140616365e+01,-1.403928315384e+02,4.082709856013e+01,-1.390602659452e+02,4.051846808203e+01,-1.390632457942e+02,4.051966789910e+01
518,15674,5739990234.375000,1.344342184910e+02,-4.481140616365e+01,1.404132596842e+02,-4.060178743065e+01,1.390884874906e+02,-4.029755158941e+01,1.390914693470e+02,-4.029874685360e+01
519,15675,5740356445.312500,-2.240570308183e+02,2.240570308183e+02,-2.409370547041e+02,2.208564618663e+02,-2.385990393904e+02,2.189430470602e+02,-2.386038267255e+02,2.189484059388e+02
520,15676,5740722656.250000,-2.240570308183e+02,2.240570308183e+02,-2.416591801382e+02,2.200847102346e+02,-2.393284714131e+02,2.181911645187e+02,-2.393332777157e+02,2.181965094998e+02
521,15677,5741088867.187500,-1.344342184910e+02,-1.344342184910e+02,-1.315813147656e+02,-1.454169122775e+02,-1.304571188242e+02,-1.440230415439e+02,-1.304603172100e+02,-1.440259363650e+02
522,15678,5741455078.125000,-2.240570308183e+02,1.344342184910e+02,-2.381040435275e+02,1.261916503560e+02,-2.358813969481e+02,1.251717351263e+02,-2.358863334390e+02,1.251750190951e+02
523,15679,5741821289.062500,-3.136798431456e+02,2.240570308183e+02,-3.359159713916e+02,2.124843411207e+02,-3.327813544555e+02,2.107452870685e+02,-3.327882447769e+02,2.107506752940e+02
524,15680,5742187500.000000,-3.136798431456e+02,1.344342184910e+02,-3.309794735066e+02,1.193021974145e+02,-3.279562801351e+02,1.184063161413e+02,-3.279632675172e+02,1.184096536105e+02
525,15681,5742553710.937500,1.344342184910e+02,-1.344342184910e+02,1.467766118283e+02,-1.298301441441e+02,1.454043651552e+02,-1.287519372726e+02,1.454072957555e+02,-1.287551023697e+02
526,15682,5742919921.875000,1.344342184910e+02,-2.240570308183e+02,1.528946549719e+02,-2.216440542118e+02,1.514290700268e+02,-2.197652722358e+02,1.514319338871e+02,-2.197704622448e+02
527,15683,5743286132.812500,1.344342184910e+02,-4.481140616365e+01,1.412778662564e+02,-3.693754032049e+01,1.400186522375e+02,-3.668655792595e+01,1.400216662995e+02,-3.668767649945e+01
528,15684,5743652343.750000,4.481140616365e+01,1.344342184910e+02,3.656144479787e+01,1.413816077735e+02,3.631589499936e+01,1.401296949780e+02,3.631700560734e+01,1.401327122425e+02
529,15685,5744018554.687500,1.344342184910e+02,-4.481140616365e+01,1.414866642513e+02,-3.617632425561e+01,1.402420661996e+02,-3.593624544083e+01,1.402450866210e+02,-3.593734786367e+01
530,15686,5744384765.625000,-2.240570308183e+02,-2.240570308183e+02,-2.128877180350e+02,-2.476399512896e+02,-2.111837496409e+02,-2.453980909401e+02,-2.111889558209e+02,-2.454030497489e+02
531,15687,5744750976.562500,1.344342184910e+02,-4.481140616365e+01,1.417782519035e+02,-3.507727445453e+01,1.405478176649e+02,-3.485086626623e+01,1.405508466233e+02,-3.485194522357e+01
532,15688,5745117187.500000,2.240570308183e+02,-4.481140616365e+01,2.339951293187e+02,-2.691966693235e+01,2.319937663567e+02,-2.681236363822e+01,2.319988328448e+02,-2.681346586826e+01
533,15689,5745483398.437500,2.240570308183e+02,-1.344342184910e+02,2.420973335985e+02,-1.182775796253e+02,2.399935784640e+02,-1.174052908877e+02,2.399986216737e+02,-1.174084117120e+02
534,15690,5745849609.375000,-4.481140616365e+01,-3.136798431456e+02,-1.725419844032e+01,-3.264116956796e+02,-1.727889603243e+01,-3.236676426442e+02,-1.727998897467e+01,-3.236747527435e+02
535,15691,5746215820.312500,2.240570308183e+02,-1.344342184910e+02,2.427645184691e+02,-1.169775500302e+02,2.406835136395e+02,-1.161299423565e+02,2.406885725811e+02,-1.161330354108e+02
536,15692,5746582031.250000,2.240570308183e+02,2.240570308183e+02,2.084480499061e+02,2.514000121309e+02,2.068556048168e+02,2.492140636215e+02,2.068607185993e+02,2.492191100793e+02
537,15693,5746948242.187500,1.344342184910e+02,-2.240570308183e+02,1.597040942051e+02,-2.166189764746e+02,1.582809085943e+02,-2.149238351197e+02,1.582839290712e+02,-2.149289257669e+02
538,15694,5747314453.125000,-4.481140616365e+01,-2.240570308183e+02,-2.327610582776e+01,-2.341770002002e+02,-2.320786272623e+01,-2.322562414541e+02,-2.320888514038e+01,-2.322613140686e+02
539,15695,5747680664.062500,3.136798431456e+02,-1.344342184910e+02,3.355036545285e+02,-1.048270769661e+02,3.327339397007e+02,-1.041527197030e+02,3.327410484096e+02,-1.041557477998e+02
540,15696,5748046875.000000,2.240570308183e+02,1.344342184910e+02,2.149050700431e+02,1.620161618429e+02,2.132621487766e+02,1.606027167923e+02,2.132672029235e+02,1.606057884414e+02
541,15697,5748413085.937500,1.344342184910e+02,-4.481140616365e+01,1.426379702987e+02,-3.101781364484e+01,1.414838283960e+02,-3.084433668181e+01,1.414868782253e+02,-3.084532728930e+01
542,15698,5748779296.875000,-4.481140616365e+01,-2.240570308183e+02,-2.062088168728e+01,-2.344878014374e+02,-2.057920103428e+01,-2.326196868431e+02,-2.058016554498e+01,-2.326247651885e+02
543,15699,5749145507.812500,-2.240570308183e+02,2.240570308183e+02,-2.549371953091e+02,2.038628153634e+02,-2.528266700129e+02,2.023919789981e+02,-2.528317912571e+02,2.023969903700e+02
544,15700,5749511718.750000,-3.136798431456e+02,-4.481140616365e+01,-3.160059815396e+02,-8.157378326901e+01,-3.135815089229e+02,-8.077302904651e+01,-3.135885866244e+02,-8.077411723323e+01
545,15701,5749877929.687500,-2.240570308183e+02,3.136798431456e+02,-2.649740097308e+02,2.955874464995e+02,-2.627674343590e+02,2.934345486928e+02,-2.627725684882e+02,2.934415796817e+02
546,15702,5750244140.625000,-3.136798431456e+02,2.240570308183e+02,-3.469652456120e+02,1.927648915552e+02,-3.441966815208e+02,1.914623866242e+02,-3.442038264631e+02,1.914673515901e+02
547,15703,5750610351.562500,-1.344342184910e+02,-2.240570308183e+02,-1.105279776265e+02,-2.452630477293e+02,-1.098115582402e+02,-2.433334869619e+02,-1.098145053828e+02,-2.433385912013e+02
548,15704,5750976562.500000,-4.481140616365e+01,2.240570308183e+02,-7.361618798177e+01,2.234094507309e+02,-7.294253526394e+01,2.217551594655e+02,-7.294364933712e+01,2.217601883644e+02
549,15705,5751342773.437500,-1.344342184910e+02,1.344342184910e+02,-1.544261058787e+02,1.203991617604e+02,-1.532026249312e+02,1.195741453157e+02,-1.532057235329e+02,1.195771055781e+02
550,15706,5751708984.375000,-3.136798431456e+02,-1.344342184910e+02,-3.033914239972e+02,-1.778605908362e+02,-3.012203384327e+02,-1.763762035464e+02,-3.012273307202e+02,-1.763794088176e+02
551,15707,5752075195.312500,-3.136798431456e+02,1.344342184910e+02,-3.383799046955e+02,9.628414191794e+01,-3.358250305194e+02,9.574704395113e+01,-3.358321784157e+02,9.574987994609e+01
552,15708,5752441406.250000,-1.344342184910e+02,-2.240570308183e+02,-1.072942362989e+02,-2.469986748878e+02,-1.066344058029e+02,-2.451288139579e+02,-1.066372793467e+02,-2.451339468083e+02
553,15709,5752807617.187500,4.481140616365e+01,2.240570308183e+02,1.501715823355e+01,2.349557903357e+02,1.502970954704e+01,2.332358700088e+02,1.503055098096e+01,2.332409399760e+02
554,15710,5753173828.125000,1.344342184910e+02,4.481140616365e+01,1.309249906236e+02,6.453970783208e+01,1.300120214649e+02,6.400516383507e+01,1.300150044847e+02,6.400627739472e+01
555,15711,5753540039.062500,4.481140616365e+01,2.240570308183e+02,1.382183363763e+01,2.348796197052e+02,1.384466928909e+01,2.331880522557e+02,1.384548421386e+01,2.331931157573e+02
556,15712,5753906250.000000,4.481140616365e+01,1.344342184910e+02,2.622366961939e+01,1.434915035919e+02,2.611163932991e+01,1.424571743107e+02,2.611252234634e+01,1.424602262859e+02
557,15713,5754272460.937500,-2.240570308183e+02,-1.344342184910e+02,-2.086271458095e+02,-1.698127557108e+02,-2.072433626902e+02,-1.685063072741e+02,-2.072482525880e+02,-1.685095265864e+02
558,15714,5754638671.875000,-3.136798431456e+02,1.344342184910e+02,-3.395806845074e+02,9.053344489327e+01,-3.371574393508e+02,9.007628415654e+01,-3.371645876265e+02,9.007898779858e+01
559,15715,5755004882.812500,-1.344342184910e+02,1.344342184910e+02,-1.571435475989e+02,1.168692279988e+02,-1.559923419471e+02,1.161398173980e+02,-1.559954824899e+02,1.161426884745e+02
560,15716,5755371093.750000,1.344342184910e+02,-3.136798431456e+02,1.846385602100e+02,-2.990243413163e+02,1.832126456999e+02,-2.970624750511e+02,1.832159774434e+02,-2.970693383976e+02
561,15717,5755737304.687500,2.240570308183e+02,-4.481140616365e+01,2.349708570936e+02,-1.100035146891e+01,2.333617987721e+02,-1.104733577036e+01,2.333668448967e+02,-1.104808867661e+01
562,15718,5756103515.625000,-2.240570308183e+02,-3.136798431456e+02,-1.787715213730e+02,-3.541950942562e+02,-1.777460137592e+02,-3.517059023319e+02,-1.777506449080e+02,-3.517131458725e+02
563,15719,5756469726.562500,-2.240570308183e+02,-2.240570308183e+02,-1.923068964638e+02,-2.633809421756e+02,-1.911538111395e+02,-2.615144092505e+02,-1.911585308855e+02,-2.615196598466e+02
564,15720,5756835937.500000,-4.481140616365e+01,-3.136798431456e+02,4.801157735718e+00,-3.260666427067e+02,4.599840641932e+00,-3.239009654783e+02,4.599228424378e+00,-3.239079917695e+02
565,15721,5757202148.437500,1.344342184910e+02,-1.344342184910e+02,1.583369913090e+02,-1.149420001196e+02,1.572336123790e+02,-1.142666320658e+02,1.572367635241e+02,-1.142694501691e+02
566,15722,5757568359.375000,-4.481140616365e+01,-4.481140616365e+01,-3.831351519273e+01,-5.278012764009e+01,-3.809062328869e+01,-5.241539196940e+01,-3.809156180070e+01,-5.241644119567e+01
567,15723,5757934570.312500,1.344342184910e+02,1.344342184910e+02,1.149390909571e+02,1.583437745259e+02,1.142771088714e+02,1.572587418255e+02,1.142799217779e+02,1.572618859521e+02
568,15724,5758300781.250000,-1.344342184910e+02,2.240570308183e+02,-1.732158249669e+02,2.056065458016e+02,-1.719974412966e+02,2.043771517533e+02,-1.720007013571e+02,2.043819372840e+02
569,15725,5758666992.187500,1.344342184910e+02,4.481140616365e+01,1.290108170617e+02,6.783370838028e+01,1.282256876624e+02,6.733531320512e+01,1.282285976706e+02,6.733648181929e+01
570,15726,5759033203.125000,-1.344342184910e+02,-2.240570308183e+02,-9.853148697695e+01,-2.499807571034e+02,-9.804056376734e+01,-2.483544558674e+02,-9.804321888118e+01,-2.483595836105e+02
571,15727,5759399414.062500,-4.481140616365e+01,-1.344342184910e+02,-2.238508051341e+01,-1.440513451642e+02,-2.232020186937e+01,-1.431404371638e+02,-2.232099607628e+01,-1.431434639235e+02
572,15728,5759765625.000000,-1.344342184910e+02,-2.240570308183e+02,-9.729467989221e+01,-2.506944995296e+02,-9.682324908286e+01,-2.490934882974e+02,-9.682587447262e+01,-2.490986213449e+02
573,15729,5760131835.937500,-4.481140616365e+01,-3.136798431456e+02,9.972702118382e+00,-3.260253230397e+02,9.742145298899e+00,-3.240331313199e+02,9.741641962432e+00,-3.240400979810e+02
574,15730,5760498046.875000,-3.136798431456e+02,-3.136798431456e+02,-2.620654925281e+02,-3.739189166866e+02,-2.606695683628e+02,-3.715136458658e+02,-2.606759647086e+02,-3.715210255333e+02
575,15731,5760864257.812500,-2.240570308183e+02,-1.344342184910e+02,-2.028665101282e+02,-1.765438367078e+02,-2.017390294793e+02,-1.753773278948e+02,-2.017437275675e+02,-1.753806336276e+02
576,15732,5761230468.750000,-2.240570308183e+02,-4.481140616365e+01,-2.189537199976e+02,-8.575490865451e+01,-2.176950947625e+02,-8.513067136354e+01,-2.176999293040e+02,-8.513201032651e+01
577,15733,5761596679.687500,-4.481140616365e+01,-4.481140616365e+01,-3.736580030744e+01,-5.344455974934e+01,-3.717335900615e+01,-5.311014134354e+01,-3.717426822627e+01,-5.311119189750e+01
578,15734,5761962890.625000,2.240570308183e+02,-1.344342184910e+02,2.510541373151e+02,-9.617311371076e+01,2.495390708468e+02,-9.574241100461e+01,2.495441728582e+02,-9.574499768925e+01
579,15735,5762329101.562500,-2.240570308183e+02,3.136798431456e+02,-2.841887464502e+02,2.764624036958e+02,-2.824031013244e+02,2.750129118761e+02,-2.824085003786e+02,2.750193788929e+02
580,15736,5762695312.500000,4.481140616365e+01,-2.240570308183e+02,8.740465744086e+01,-2.180535987470e+02,8.679137656165e+01,-2.168519283717e+02,8.679274234007e+01,-2.168567223502e+02
581,15737,5763061523.437500,4.481140616365e+01,-4.481140616365e+01,5.385157720659e+01,-3.664737946954e+01,5.352765703104e+01,-3.646791623453e+01,5.352871145963e+01,-3.646880685224e+01
582,15738,5763427734.375000,-2.240570308183e+02,-2.240570308183e+02,-1.834099691526e+02,-2.693236123565e+02,-1.825223814917e+02,-2.677192059254e+02,-1.825268328018e+02,-2.677244708291e+02
583,15739,5763793945.312500,-2.240570308183e+02,-1.344342184910e+02,-2.007443334468e+02,-1.787947829657e+02,-1.997242201851e+02,-1.776989868618e+02,-1.997288312370e+02,-1.777023029974e+02
584,15740,5764160156.250000,-1.344342184910e+02,-2.240570308183e+02,-9.276920977572e+01,-2.524019282025e+02,-9.239148725207e+01,-2.509688183994e+02,-9.239398816963e+01,-2.509739104827e+02
585,15741,5764526367.187500,-1.344342184910e+02,3.136798431456e+02,-1.971165541381e+02,2.907541280599e+02,-1.958952569263e+02,2.892782718302e+02,-1.958987477735e+02,2.892847961227e+02
586,15742,5764892578.125000,-1.344342184910e+02,-4.481140616365e+01,-1.269352621181e+02,-7.189038511637e+01,-1.262909566313e+02,-7.143827281507e+01,-1.262937697280e+02,-7.143949771432e+01
587,15743,5765258789.062500,-3.136798431456e+02,-2.240570308183e+02,-2.719824075845e+02,-2.888134945660e+02,-2.706877853399e+02,-2.871377337090e+02,-2.706941000854e+02,-2.871431678908e+02
588,15744,5765625000.000000,-4.481140616365e+01,4.481140616365e+01,-5.420151773530e+01,3.622096768943e+01,-5.389788719579e+01,3.605885165438e+01,-5.389893777619e+01,3.605972598908e+01
589,15745,5765991210.937500,2.240570308183e+02,4.481140616365e+01,2.168622430067e+02,9.036736959096e+01,2.157824127280e+02,8.978498382062e+01,2.157871257621e+02,8.978638852542e+01
590,15746,5766357421.875000,-4.481140616365e+01,-1.344342184910e+02,-1.805484900849e+01,-1.445766968309e+02,-1.803730437823e+01,-1.438244613814e+02,-1.803799729465e+01,-1.438274264363e+02
591,15747,5766723632.812500,3.136798431456e+02,3.136798431456e+02,2.529373001656e+02,3.795515737080e+02,2.518498747125e+02,3.774918535831e+02,2.518559567379e+02,3.774991727601e+02
592,15748,5767089843.750000,-1.344342184910e+02,-4.481140616365e+01,-1.264932255660e+02,-7.231649541184e+01,-1.258956177381e+02,-7.188750730696e+01,-1.258983967011e+02,-7.188872721655e+01
593,15749,5767456054.687500,-3.136798431456e+02,4.481140616365e+01,-3.253698507211e+02,-1.812265335999e+01,-3.237641886729e+02,-1.786337814911e+01,-3.237709562478e+02,-1.786303782167e+01
594,15750,5767822265.625000,2.240570308183e+02,-1.344342184910e+02,2.531257036269e+02,-9.037955621914e+01,2.518368751773e+02,-9.006789859026e+01,2.518419013362e+02,-9.007032043639e+01
595,15751,5768188476.562500,-1.344342184910e+02,-3.136798431456e+02,-7.185826150663e+01,-3.436076758556e+02,-7.168873340798e+01,-3.419045274345e+02,-7.169096922201e+01,-3.419114493707e+02
596,15752,5768554687.500000,-1.344342184910e+02,1.344342184910e+02,-1.630944438125e+02,1.078257527361e+02,-1.622571284038e+02,1.073941718427e+02,-1.622602458501e+02,1.073967480295e+02
597,15753,5768920898.437500,2.240570308183e+02,-2.240570308183e+02,2.722114264367e+02,-1.789861757753e+02,2.708301980814e+02,-1.782809259825e+02,2.708353931680e+02,-1.782851989256e+02
598,15754,5769287109.375000,4.481140616365e+01,-2.240570308183e+02,9.193084769640e+01,-2.162438785811e+02,9.138860973517e+01,-2.152810293245e+02,9.139001824951e+01,-2.152856627137e+02
599,15755,5769653320.312500,4.481140616365e+01,-2.240570308183e+02,9.204040634861e+01,-2.162796162363e+02,9.150296352895e+01,-2.153291899287e+02,9.150437066020e+01,-2.153338160144e+02
600,15756,5770019531.250000,2.240570308183e+02,3.136798431456e+02,1.599074460126e+02,3.629964689703e+02,1.593675535585e+02,3.612586651373e+02,1.593716161058e+02,3.612657242090e+02
601,15757,5770385742.187500,-3.136798431456e+02,-3.136798431456e+02,-2.500865521551e+02,-3.817248662494e+02,-2.491598577869e+02,-3.798768414099e+02,-2.491657927708e+02,-3.798840695969e+02
602,15758,5770751953.125000,-4.481140616365e+01,3.136798431456e+02,-1.109521502826e+02,3.064119291349e+02,-1.102997332078e+02,3.051085250007e+02,-1.103013158853e+02,3.051150002512e+02
603,15759,5771118164.062500,-2.240570308183e+02,4.481140616365e+01,-2.349291078809e+02,-1.998335815183e+00,-2.339001131026e+02,-1.867250031966e+00,-2.339048857065e+02,-1.866774043452e+00
604,15760,5771484375.000000,-4.481140616365e+01,-2.240570308183e+02,2.225381384391e+00,-2.348726462578e+02,2.093451093359e+00,-2.338575970305e+02,2.092979722410e+00,-2.338623594974e+02
605,15761,5771850585.937500,3.136798431456e+02,-1.344342184910e+02,3.439471244412e+02,-6.866690704233e+01,3.424431100976e+02,-6.855288785671e+01,3.424499120475e+02,-6.855503229124e+01
606,15762,5772216796.875000,-4.481140616365e+01,1.344342184910e+02,-7.374016508547e+01,1.256155500186e+02,-7.336422181314e+01,1.251249750852e+02,-7.336543320719e+01,1.251276714041e+02
607,15763,5772583007.812500,1.344342184910e+02,2.240570308183e+02,8.705103463281e+01,2.542149964682e+02,8.682187854608e+01,2.531138174680e+02,8.682419014448e+01,2.531187439659e+02
608,15764,5772949218.750000,-4.481140616365e+01,-4.481140616365e+01,-3.537450935159e+01,-5.477004719045e+01,-3.525815443712e+01,-5.452730461205e+01,-3.525898557545e+01,-5.452832716086e+01
609,15765,5773315429.687500,-4.481140616365e+01,-2.240570308183e+02,3.416459189570e+00,-2.350011381570e+02,3.280259396351e+00,-2.340539923502e+02,3.279811034995e+00,-2.340587111411e+02
610,15766,5773681640.625000,-1.344342184910e+02,-2.240570308183e+02,-8.673202543318e+01,-2.542810271552e+02,-8.651925885456e+01,-2.532237301875e+02,-8.652155322069e+01,-2.532286263374e+02
611,15767,5774047851.562500,2.240570308183e+02,-1.344342184910e+02,2.541533067400e+02,-8.676699909391e+01,2.531111401090e+02,-8.655903343600e+01,2.531160226417e+02,-8.656132450007e+01
612,15768,5774414062.500000,4.481140616365e+01,1.344342184910e+02,1.611244744280e+01,1.446445924793e+02,1.612552453673e+01,1.440771299811e+02,1.612616364170e+01,1.440799756179e+02
613,15769,5774780273.437500,2.240570308183e+02,-4.481140616365e+01,2.344851544192e+02,3.002417072390e+00,2.335938996857e+02,2.868821395373e+00,2.335985665381e+02,2.868365249884e+00
614,15770,5775146484.375000,4.481140616365e+01,-4.481140616365e+01,5.455208178162e+01,-3.538442924291e+01,5.432907242584e+01,-3.528015816578e+01,5.433007635503e+01,-3.528097984947e+01
615,15771,5775512695.312500,1.344342184910e+02,-3.136798431456e+02,2.021904808499e+02,-2.860762023071e+02,2.012948172079e+02,-2.851251940253e+02,2.012981882547e+02,-2.851312989632e+02
616,15772,5775878906.250000,1.344342184910e+02,-1.344342184910e+02,1.638826927407e+02,-1.061225136801e+02,1.632316586418e+02,-1.058221393525e+02,1.632346602552e+02,-1.058245947993e+02
617,15773,5776245117.187500,4.481140616365e+01,-3.136798431456e+02,1.125433249886e+02,-3.053678599134e+02,1.119815457115e+02,-3.043339827731e+02,1.119830903683e+02,-3.043402445691e+02
618,15774,5776611328.125000,-2.240570308183e+02,-3.136798431456e+02,-1.572857782386e+02,-3.633308032218e+02,-1.569214202750e+02,-3.619697789577e+02,-1.569253102303e+02,-3.619765719957e+02
619,15775,5776977539.062500,2.240570308183e+02,-1.344342184910e+02,2.540334151038e+02,-8.650576798552e+01,2.531086044322e+02,-8.633858938189e+01,2.531133938826e+02,-8.634084412259e+01
620,15776,5777343750.000000,3.136798431456e+02,4.481140616365e+01,3.051907940645e+02,1.129510857580e+02,3.042102615824e+02,1.124073384378e+02,3.042164785705e+02,1.124088757843e+02
621,15777,5777709960.937500,-4.481140616365e+01,2.240570308183e+02,-9.360573371293e+01,2.151790087216e+02,-9.318013805358e+01,2.145072723771e+02,-9.318149073756e+01,2.145116764150e+02
622,15778,5778076171.875000,2.240570308183e+02,1.344342184910e+02,1.956838205763e+02,1.835969382489e+02,1.951354698519e+02,1.828906661225e+02,1.951396823639e+02,1.828938087111e+02
623,15779,5778442382.812500,-3.136798431456e+02,1.344342184910e+02,-3.439746534568e+02,6.693145439681e+01,-3.428273067427e+02,6.689429940922e+01,-3.428338376456e+02,6.689635589172e+01
624,15780,5778808593.750000,1.344342184910e+02,-4.481140616365e+01,1.446210008862e+02,-1.589237229421e+01,1.441532551008e+02,-1.591727561833e+01,1.441560209887e+02,-1.591790170171e+01
625,15781,5779174804.687500,-3.136798431456e+02,-1.344342184910e+02,-2.857862335986e+02,-2.028975185166e+02,-2.850003835026e+02,-2.021155008322e+02,-2.850063511033e+02,-2.021187915349e+02
626,15782,5779541015.625000,4.481140616365e+01,-3.136798431456e+02,1.132617526324e+02,-3.053126474056e+02,1.127556621137e+02,-3.044365621407e+02,1.127571726612e+02,-3.044426948655e+02
627,15783,5779907226.562500,3.136798431456e+02,-1.344342184910e+02,3.446085221425e+02,-6.652876095982e+01,3.435379769052e+02,-6.650846365522e+01,3.435444542785e+02,-6.651050097634e+01
628,15784,5780273437.500000,3.136798431456e+02,-2.240570308183e+02,3.640509378771e+02,-1.568913830891e+02,3.628955610615e+02,-1.566185476114e+02,3.629021953068e+02,-1.566223569304e+02
629,15785,5780639648.437500,-4.481140616365e+01,2.240570308183e+02,-9.349085454075e+01,2.155020072180e+02,-9.310809712264e+01,2.149275164144e+02,-9.310941049908e+01,2.149318431715e+02
630,15786,5781005859.375000,-1.344342184910e+02,-1.344342184910e+02,-1.062416453149e+02,-1.639907180750e+02,-1.060259491888e+02,-1.634703666131e+02,-1.060283365288e+02,-1.634732604670e+02
631,15787,5781372070.312500,-3.136798431456e+02,-2.240570308183e+02,-2.671538359962e+02,-2.924272186567e+02,-2.665640837481e+02,-2.914754110756e+02,-2.665698094979e+02,-2.914803856163e+02
632,15788,5781738281.250000,-4.481140616365e+01,4.481140616365e+01,-5.461843629399e+01,3.542371977174e+01,-5.445130868811e+01,3.535579538235e+01,-5.445226692004e+01,3.535658769648e+01
633,15789,5782104492.187500,-4.481140616365e+01,-2.240570308183e+02,2.785092268741e+00,-2.346549867406e+02,2.655277685904e+00,-2.340310965655e+02,2.654813721340e+00,-2.340355426701e+02
634,15790,5782470703.125000,-2.240570308183e+02,-4.481140616365e+01,-2.156979299408e+02,-9.236803128518e+01,-2.151835068455e+02,-9.201459717375e+01,-2.151877804918e+02,-9.201586523284e+01
635,15791,5782836914.062500,1.344342184910e+02,-2.240570308183e+02,1.820068864155e+02,-1.971150609142e+02,1.814396367867e+02,-1.967070265395e+02,1.814426278943e+02,-1.967111367876e+02
636,15792,5783203125.000000,-1.344342184910e+02,2.240570308183e+02,-1.819082557852e+02,1.971223800423e+02,-1.813515348206e+02,1.967254278936e+02,-1.813545146356e+02,1.967295278924e+02
637,15793,5783569335.937500,-4.481140616365e+01,2.240570308183e+02,-9.204459237919e+01,2.156661481048e+02,-9.170761421421e+01,2.151882339845e+02,-9.170886190649e+01,2.151924729089e+02
638,15794,5783935546.875000,-3.136798431456e+02,3.136798431456e+02,-3.811042376580e+02,2.487488622755e+02,-3.800665880218e+02,2.483551254674e+02,-3.800731527137e+02,2.483606071385e+02
639,15795,5784301757.812500,-2.240570308183e+02,-4.481140616365e+01,-2.155262512687e+02,-9.233996902410e+01,-2.150731556065e+02,-9.201274949227e+01,-2.150773699909e+02,-9.201399330063e+01
640,15796,5784667968.750000,1.344342184910e+02,-3.136798431456e+02,2.013738902080e+02,-2.866834240342e+02,2.007672858023e+02,-2.861378749469e+02,2.007703913877e+02,-2.861436385977e+02
641,15797,5785034179.687500,1.344342184910e+02,-4.481140616365e+01,1.445683786536e+02,-1.661240688552e+01,1.442397497456e+02,-1.665107895343e+01,1.442423883066e+02,-1.665170477778e+01
642,15798,5785400390.625000,-4.481140616365e+01,-2.240570308183e+02,1.862941355689e+00,-2.345917747312e+02,1.736501198370e+00,-2.340867348147e+02,1.736018844689e+00,-2.340910673742e+02
643,15799,5785766601.562500,4.481140616365e+01,3.136798431456e+02,-1.997006355354e+01,3.246554373056e+02,-1.975867880092e+01,3.239838143997e+02,-1.975833105957e+01,3.239898311909e+02
644,15800,5786132812.500000,1.344342184910e+02,-2.240570308183e+02,1.812222326411e+02,-1.977023873113e+02,1.807485009067e+02,-1.973927224575e+02,1.807513896349e+02,-1.973967482040e+02
645,15801,5786499023.437500,2.240570308183e+02,1.344342184910e+02,1.979756207235e+02,1.809319979024e+02,1.976763468360e+02,1.804688518028e+02,1.976803662442e+02,1.804717247819e+02
646,15802,5786865234.375000,4.481140616365e+01,1.344342184910e+02,1.787593465502e+01,1.443517663323e+02,1.791673300487e+01,1.440634486968e+02,1.791737698205e+01,1.440660415400e+02
647,15803,5787231445.312500,-2.240570308183e+02,-2.240570308183e+02,-1.802962828886e+02,-2.707435791246e+02,-1.800992371275e+02,-2.701413439450e+02,-1.801031114150e+02,-2.701458688694e+02
648,15804,5787597656.250000,-2.240570308183e+02,-2.240570308183e+02,-1.803646057371e+02,-2.707632513573e+02,-1.801775262370e+02,-2.701760648702e+02,-1.801813919225e+02,-2.701805751036e+02
649,15805,5787963867.187500,-1.344342184910e+02,4.481140616365e+01,-1.443997514236e+02,1.801659315935e+01,-1.441354671994e+02,1.806017691353e+01,-1.441380367946e+02,1.806082063147e+01
650,15806,5788330078.125000,-2.240570308183e+02,-1.344342184910e+02,-1.984573005566e+02,-1.804511927242e+02,-1.982122788935e+02,-1.800391274972e+02,-1.982162516042e+02,-1.800419409437e+02
651,15807,5788696289.062500,-2.240570308183e+02,-1.344342184910e+02,-1.984002381036e+02,-1.803527441968e+02,-1.981663147746e+02,-1.799509133220e+02,-1.981702752066e+02,-1.799537150568e+02
652,15808,5789062500.000000,3.136798431456e+02,1.344342184910e+02,2.885387644876e+02,1.982629252879e+02,2.881811865183e+02,1.977954327114e+02,2.881867890701e+02,1.977983463523e+02
653,15809,5789428710.937500,-3.136798431456e+02,-1.344342184910e+02,-2.887392913590e+02,-1.981125375320e+02,-2.883973603820e+02,-1.976561778530e+02,-2.884029499912e+02,-1.976590772043e+02
654,15810,5789794921.875000,2.240570308183e+02,-1.344342184910e+02,2.523976603842e+02,-9.060033960579e+01,2.519750309562e+02,-9.059741824611e+01,2.519793215083e+02,-9.059958627960e+01
655,15811,5790161132.812500,2.240570308183e+02,4.481140616365e+01,2.167027009430e+02,8.961738756567e+01,2.164392729107e+02,8.937592382296e+01,2.164433133381e+02,8.937703547579e+01
656,15812,5790527343.750000,3.136798431456e+02,-2.240570308183e+02,3.599790382349e+02,-1.638032621642e+02,3.593980761761e+02,-1.637658331992e+02,3.594040784183e+02,-1.637695220930e+02
657,15813,5790893554.687500,3.136798431456e+02,-1.344342184910e+02,3.421042211603e+02,-7.406109259585e+01,3.416136403272e+02,-7.414193903496e+01,3.416195048560e+02,-7.414399798698e+01
658,15814,5791259765.625000,2.240570308183e+02,4.481140616365e+01,2.167895645253e+02,8.899537706508e+01,2.165616536108e+02,8.876950115582e+01,2.165656571101e+02,8.877058628796e+01
659,15815,5791625976.562500,4.481140616365e+01,-4.481140616365e+01,5.393858127238e+01,-3.627142604971e+01,5.385433892975e+01,-3.625569171675e+01,5.385520316605e+01,-3.625644553706e+01
660,15816,5791992187.500000,-4.481140616365e+01,3.136798431456e+02,-1.073317263322e+02,3.067864316499e+02,-1.070474495157e+02,3.064880138255e+02,-1.070486458866e+02,3.064936029671e+02
661,15817,5792358398.437500,3.136798431456e+02,4.481140616365e+01,3.073134221894e+02,1.062354571586e+02,3.070307332174e+02,1.059580076584e+02,3.070363113441e+02,1.059591775589e+02
662,15818,5792724609.375000,-1.344342184910e+02,4.481140616365e+01,-1.441609662814e+02,1.952837666128e+01,-1.440000416046e+02,1.958327370857e+01,-1.440024970191e+02,1.958392996193e+01
663,15819,5793090820.312500,-2.240570308183e+02,4.481140616365e+01,-2.345710759954e+02,3.104202484483e+00,-2.343370790719e+02,3.223681435352e+00,-2.343411239153e+02,3.224252190829e+00
664,15820,5793457031.250000,-2.240570308183e+02,-4.481140616365e+01,-2.175202325199e+02,-8.720451731760e+01,-2.173622333520e+02,-8.700925653104e+01,-2.173661700526e+02,-8.701027812227e+01
665,15821,5793823242.187500,-3.136798431456e+02,-2.240570308183e+02,-2.740686344595e+02,-2.843824953142e+02,-2.739757477598e+02,-2.839887205031e+02,-2.739810765468e+02,-2.839929949634e+02
666,15822,5794189453.125000,-1.344342184910e+02,4.481140616365e+01,-1.437399617526e+02,2.025222442185e+01,-1.436105869735e+02,2.031059800780e+01,-1.436129997828e+02,2.031126118065e+01
667,15823,5794555664.062500,-1.344342184910e+02,-1.344342184910e+02,-1.111412709813e+02,-1.600669018232e+02,-1.111391337054e+02,-1.598852748239e+02,-1.111413802160e+02,-1.598877568999e+02
668,15824,5794921875.000000,-3.136798431456e+02,-2.240570308183e+02,-2.767356380445e+02,-2.823449039113e+02,-2.766846808665e+02,-2.819977456808e+02,-2.766900019296e+02,-2.820019291762e+02
669,15825,5795288085.937500,2.240570308183e+02,2.240570308183e+02,1.863464642284e+02,2.662734062304e+02,1.863620997236e+02,2.659995053219e+02,1.863658396455e+02,2.660035994169e+02
670,15826,5795654296.875000,-4.481140616365e+01,2.240570308183e+02,-8.530601602492e+01,2.182716077856e+02,-8.514002335542e+01,2.181833702678e+02,-8.514098020120e+01,2.181872382564e+02
671,15827,5796020507.812500,4.481140616365e+01,-4.481140616365e+01,5.327246972541e+01,-3.723141895511e+01,5.322348395681e+01,-3.723862900857e+01,5.322429679127e+01,-3.723937195412e+01
672,15828,5796386718.750000,-3.136798431456e+02,4.481140616365e+01,-3.248065740246e+02,-1.016208848930e+01,-3.246494773647e+02,-9.987225374587e+00,-3.246549368293e+02,-9.986679150863e+00
673,15829,5796752929.687500,3.136798431456e+02,1.344342184910e+02,2.935590405018e+02,1.905811348918e+02,2.935277748834e+02,1.903427026869e+02,2.935330915455e+02,1.903452339893e+02
674,15830,5797119140.625000,2.240570308183e+02,-2.240570308183e+02,2.651037189193e+02,-1.878925828028e+02,2.649016225400e+02,-1.879575532419e+02,2.649056138673e+02,-1.879612605229e+02
675,15831,5797485351.562500,3.136798431456e+02,4.481140616365e+01,3.094759501763e+02,9.876221191022e+01,3.094230338235e+02,9.856705276378e+01,3.094283761102e+02,9.856800551428e+01
676,15832,5797851562.500000,4.481140616365e+01,2.240570308183e+02,7.537544701879e+00,2.340731298635e+02,7.657785096123e+00,2.340027311231e+02,7.658425757453e+00,2.340065762053e+02
677,15833,5798217773.437500,-4.481140616365e+01,-3.136798431456e+02,6.890682062772e+00,-3.247238374627e+02,6.719312089237e+00,-3.246527246599e+02,6.718709063001e+00,-3.246580773827e+02
678,15834,5798583984.375000,-3.136798431456e+02,-2.240570308183e+02,-2.806940768334e+02,-2.782804534658e+02,-2.807900884573e+02,-2.780846106170e+02,-2.807952990297e+02,-2.780885486063e+02
679,15835,5798950195.312500,-2.240570308183e+02,-3.136798431456e+02,-1.761327969553e+02,-3.539857390841e+02,-1.762962952588e+02,-3.538502139096e+02,-1.762999497921e+02,-3.538556006950e+02
680,15836,5799316406.250000,-2.240570308183e+02,3.136798431456e+02,-2.769402725453e+02,2.821160086933e+02,-2.767736118677e+02,2.822413446866e+02,-2.767774908745e+02,2.822465411530e+02
681,15837,5799682617.187500,2.240570308183e+02,-3.136798431456e+02,2.761150947830e+02,-2.828074170058e+02,2.759628966708e+02,-2.829474145997e+02,2.759667437842e+02,-2.829526031655e+02
682,15838,5800048828.125000,3.136798431456e+02,2.240570308183e+02,2.834741432804e+02,2.753178166771e+02,2.836288670872e+02,2.751799844409e+02,2.836340472933e+02,2.751838002300e+02
683,15839,5800415039.062500,4.481140616365e+01,2.240570308183e+02,1.143871535296e+01,2.339270697955e+02,1.156210866014e+01,2.339424236328e+02,1.156280860201e+01,2.339461575158e+02
684,15840,5800781250.000000,-2.240570308183e+02,-1.344342184910e+02,-2.070550502512e+02,-1.698267576065e+02,-2.071737933340e+02,-1.697429925453e+02,-2.071774825671e+02,-1.697452542643e+02
685,15841,5801147460.937500,-3.136798431456e+02,-4.481140616365e+01,-3.115416298412e+02,-9.169060618573e+01,-3.116511706266e+02,-9.154576791896e+01,-3.116563408153e+02,-9.154654260187e+01
686,15842,5801513671.875000,4.481140616365e+01,2.240570308183e+02,1.299231501970e+01,2.338798544592e+02,1.311791776147e+01,2.339317056118e+02,1.311864021428e+01,2.339353919240e+02
687,15843,5801879882.812500,-3.136798431456e+02,3.136798431456e+02,-3.632374674244e+02,2.738086951005e+02,-3.632045706315e+02,2.740818946370e+02,-3.632097135928e+02,2.740870284133e+02
688,15844,5802246093.750000,-1.344342184910e+02,4.481140616365e+01,-1.428665630268e+02,2.654247954352e+01,-1.429036386069e+02,2.662669025096e+01,-1.429058315973e+02,2.662742383233e+01
689,15845,5802612304.687500,3.136798431456e+02,-2.240570308183e+02,3.500332213718e+02,-1.836123106710e+02,3.500805149895e+02,-1.838706450148e+02,3.500856044734e+02,-1.838742997657e+02
690,15846,5802978515.625000,-4.481140616365e+01,-2.240570308183e+02,-1.431867392818e+01,-2.338440123269e+02,-1.444764564237e+01,-2.339446310093e+02,-1.444838559833e+01,-2.339482556157e+02
691,15847,5803344726.562500,-4.481140616365e+01,1.344342184910e+02,-6.396050012337e+01,1.304333843694e+02,-6.392519055700e+01,1.305340242560e+02,-6.392589872826e+01,1.305361966250e+02
692,15848,5803710937.500000,-3.136798431456e+02,1.344342184910e+02,-3.368569290088e+02,9.427296018339e+01,-3.369987940870e+02,9.450273724834e+01,-3.370038107234e+02,9.450494291702e+01
693,15849,5804077148.437500,-2.240570308183e+02,1.344342184910e+02,-2.455244391847e+02,1.069179403664e+02,-2.456207365723e+02,1.071127229847e+02,-2.456242933198e+02,1.071149165172e+02
694,15850,5804443359.375000,-4.481140616365e+01,-1.344342184910e+02,-2.812816349543e+01,-1.425059520609e+02,-2.822165764136e+01,-1.425870684770e+02,-2.822240493463e+01,-1.425891988044e+02
695,15851,5804809570.312500,1.344342184910e+02,2.240570308183e+02,1.083475671680e+02,2.449923753506e+02,1.085543205330e+02,2.451132513535e+02,1.085565214043e+02,2.451167659314e+02
696,15852,5805175781.250000,1.344342184910e+02,-3.136798431456e+02,1.755887663384e+02,-3.025862848766e+02,1.755668444449e+02,-3.029133202790e+02,1.755688558004e+02,-3.029183250203e+02
697,15853,5805541992.187500,1.344342184910e+02,-1.344342184910e+02,1.529546026992e+02,-1.206580661241e+02,1.530182846244e+02,-1.208381787136e+02,1.530203425527e+02,-1.208403498716e+02
698,15854,5805908203.125000,1.344342184910e+02,-4.481140616365e+01,1.420322299107e+02,-2.992795044568e+01,1.421417380403e+02,-3.002867133323e+01,1.421438213174e+02,-3.002943777720e+01
699,15855,5806274414.062500,4.481140616365e+01,-2.240570308183e+02,7.137500342292e+01,-2.229479629164e+02,7.132491054755e+01,-2.231933984096e+02,7.132549394509e+01,-2.231969157270e+02
700,15856,5806640625.000000,4.481140616365e+01,-3.136798431456e+02,8.138022734124e+01,-3.143949196632e+02,8.129581678060e+01,-3.147472535024e+02,8.129634389573e+01,-3.147521511047e+02
701,15857,5807006835.937500,3.136798431456e+02,2.240570308183e+02,2.943784825039e+02,2.637226936530e+02,2.948218070146e+02,2.638420516240e+02,2.948267881961e+02,2.638453425147e+02
702,15858,5807373046.875000,-3.136798431456e+02,-1.344342184910e+02,-3.052281580139e+02,-1.708718786577e+02,-3.056499108796e+02,-1.708981005077e+02,-3.056548298606e+02,-1.708999691135e+02
703,15859,5807739257.812500,-4.481140616365e+01,2.240570308183e+02,-6.875199416244e+01,2.238135531975e+02,-6.871320806724e+01,2.241047618158e+02,-6.871373253610e+01,2.241082297070e+02
704,15860,5808105468.750000,3.136798431456e+02,-3.136798431456e+02,3.510053678965e+02,-2.886126397348e+02,3.512725822497e+02,-2.891403987903e+02,3.512771232837e+02,-2.891454316851e+02
705,15861,5808471679.687500,1.344342184910e+02,4.481140616365e+01,1.325557918804e+02,5.905201860993e+01,1.327515125255e+02,5.905602472235e+01,1.327535900695e+02,5.905659944878e+01
706,15862,5808837890.625000,-3.136798431456e+02,1.344342184910e+02,-3.329884253235e+02,1.057266507732e+02,-3.333641430318e+02,1.060378942028e+02,-3.333687797448e+02,1.060401758457e+02
707,15863,5809204101.562500,1.344342184910e+02,3.136798431456e+02,1.063125050425e+02,3.327952539859e+02,1.066298630062e+02,3.331874671610e+02,1.066321460526e+02,3.331920785701e+02
708,15864,5809570312.500000,1.344342184910e+02,1.344342184910e+02,1.243585494414e+02,1.497694433478e+02,1.246107126207e+02,1.499135419625e+02,1.246128463683e+02,1.499154387428e+02
709,15865,5809936523.437500,4.481140616365e+01,-2.240570308183e+02,6.614894999520e+01,-2.244708078549e+02,6.612717368580e+01,-2.248304976930e+02,6.612763278479e+01,-2.248338839416e+02
710,15866,5810302734.375000,-3.136798431456e+02,-4.481140616365e+01,-3.160651906984e+02,-7.339812868112e+01,-3.165774218573e+02,-7.334261086150e+01,-3.165821261063e+02,-7.334296761190e+01
711,15867,5810668945.312500,3.136798431456e+02,-4.481140616365e+01,3.238535041196e+02,-1.894679780098e+01,3.243455186383e+02,-1.914579424145e+01,3.243501102062e+02,-1.914678058973e+01
712,15868,5811035156.250000,1.344342184910e+02,4.481140616365e+01,1.334689531407e+02,5.679968231870e+01,1.337123459827e+02,5.682068697680e+01,1.337143724779e+02,5.682120119836e+01
713,15869,5811401367.187500,-1.344342184910e+02,1.344342184910e+02,-1.478417167170e+02,1.265641852440e+02,-1.480195568279e+02,1.268506338704e+02,-1.480213735936e+02,1.268527550367e+02
714,15870,5811767578.125000,-2.240570308183e+02,1.344342184910e+02,-2.389358980179e+02,1.202452690489e+02,-2.392795619937e+02,1.205750913534e+02,-2.392826691178e+02,1.205773164686e+02
715,15871,5812133789.062500,2.240570308183e+02,-4.481140616365e+01,2.320650834477e+02,-2.931012316893e+01,2.324564088952e+02,-2.948306521966e+01,2.324596050715e+02,-2.948398969729e+01
716,15872,5812500000.000000,-2.240570308183e+02,4.481140616365e+01,-2.320119430923e+02,2.954481688143e+01,-2.324147446977e+02,2.971963750453e+01,-2.324179247829e+02,2.972056329288e+01
717,15873,5812866210.937500,-3.136798431456e+02,-3.136798431456e+02,-2.979067691323e+02,-3.426321399531e+02,-2.986383544364e+02,-3.431109989572e+02,-2.986432593854e+02,-3.431151116461e+02
718,15874,5813232421.875000,-2.240570308183e+02,-4.481140616365e+01,-2.257193264610e+02,-6.130663434059e+01,-2.261810721786e+02,-6.130505122967e+01,-2.261843360954e+02,-6.130540228846e+01
719,15875,5813598632.812500,2.240570308183e+02,4.481140616365e+01,2.259313493055e+02,6.078161336521e+01,2.264045461256e+02,6.078195960913e+01,2.264077973848e+02,6.078229902040e+01
720,15876,5813964843.750000,-4.481140616365e+01,3.136798431456e+02,-6.603573381221e+01,3.177549739932e+02,-6.600152237359e+01,3.184261904832e+02,-6.600172716453e+01,3.184306998546e+02
721,15877,5814331054.687500,-2.240570308183e+02,3.136798431456e+02,-2.477627837565e+02,3.075225162834e+02,-2.481103774221e+02,3.082838180459e+02,-2.481130844732e+02,3.082885687605e+02
722,15878,5814697265.625000,-3.136798431456e+02,-3.136798431456e+02,-3.040819935481e+02,-3.378764743218e+02,-3.048986116246e+02,-3.384277322889e+02,-3.049034950016e+02,-3.384316570235e+02
723,15879,5815063476.562500,4.481140616365e+01,-1.344342184910e+02,5.246793448428e+01,-1.354102559289e+02,5.250992431719e+01,-1.357292812172e+02,5.251033556096e+01,-1.357312306665e+02
724,15880,5815429687.500000,3.136798431456e+02,4.481140616365e+01,3.188494804944e+02,6.075633870004e+01,3.195836009243e+02,6.072303779578e+01,3.195880321725e+02,6.072315204299e+01
725,15881,5815795898.437500,2.240570308183e+02,4.481140616365e+01,2.271321545877e+02,5.613059919456e+01,2.276730890227e+02,5.613795544063e+01,2.276762595094e+02,5.613820640762e+01
726,15882,5816162109.375000,2.240570308183e+02,-3.136798431456e+02,2.427864501473e+02,-3.111012013378e+02,2.431821424295e+02,-3.119444560148e+02,2.431846958797e+02,-3.119491453587e+02
727,15883,5816528320.312500,-3.136798431456e+02,2.240570308183e+02,-3.297886425530e+02,2.167438247487e+02,-3.304502879107e+02,2.174262219868e+02,-3.304541901782e+02,2.174298302134e+02
728,15884,5816894531.250000,-3.136798431456e+02,-4.481140616365e+01,-3.193255193453e+02,-5.714990872472e+01,-3.201218640369e+02,-5.711966796856e+01,-3.201262121944e+02,-5.711971786999e+01
729,15885,5817260742.187500,-1.344342184910e+02,-2.240570308183e+02,-1.303623041029e+02,-2.335670882596e+02,-1.308040281627e+02,-2.340707809711e+02,-1.308062595756e+02,-2.340735660034e+02
730,15886,5817626953.125000,1.344342184910e+02,-3.136798431456e+02,1.463496666129e+02,-3.171795561525e+02,1.465489775666e+02,-3.180486471826e+02,1.465501928234e+02,-3.180531236610e+02
731,15887,5817993164.062500,-3.136798431456e+02,4.481140616365e+01,-3.220180222270e+02,3.831545718101e+01,-3.228181348902e+02,3.858188670030e+01,-3.228222460744e+02,3.858309765720e+01
732,15888,5818359375.000000,1.344342184910e+02,-4.481140616365e+01,1.384797234017e+02,-4.306651552258e+01,1.388166195333e+02,-4.325092116236e+01,1.388183199065e+02,-4.325178564461e+01
733,15889,5818725585.937500,2.240570308183e+02,-1.344342184910e+02,2.316008719012e+02,-1.336533968461e+02,2.321432810045e+02,-1.341282992858e+02,2.321459738406e+02,-1.341305356684e+02
734,15890,5819091796.875000,4.481140616365e+01,-1.344342184910e+02,4.778482302329e+01,-1.369265214842e+02,4.784171530592e+01,-1.373203516742e+02,4.784202615563e+01,-1.373222152947e+02
735,15891,5819458007.812500,-2.240570308183e+02,1.344342184910e+02,-2.309622629087e+02,1.349416836699e+02,-2.315247329979e+02,1.354327762084e+02,-2.315273853601e+02,1.354350106778e+02
736,15892,5819824218.750000,-3.136798431456e+02,4.481140616365e+01,-3.216328053981e+02,4.290145186858e+01,-3.225077051416e+02,4.318982905140e+01,-3.225116988829e+02,4.319108538842e+01
737,15893,5820190429.687500,-2.240570308183e+02,-1.344342184910e+02,-2.288105479470e+02,-1.388352854218e+02,-2.295328271896e+02,-1.391093585713e+02,-2.295360282061e+02,-1.391106088206e+02
738,15894,5820556640.625000,3.136798431456e+02,-4.481140616365e+01,3.212960646734e+02,-4.628809218902e+01,3.221992546830e+02,-4.659022542895e+01,3.222031958988e+02,-4.659151824810e+01
739,15895,5820922851.562500,-2.240570308183e+02,2.240570308183e+02,-2.278859911778e+02,2.312530511545e+02,-2.284334831231e+02,2.320512490813e+02,-2.284358254190e+02,2.320546485760e+02
740,15896,5821289062.500000,2.240570308183e+02,3.136798431456e+02,2.324588997151e+02,3.190759525020e+02,2.333196321132e+02,3.199057399900e+02,2.333232336209e+02,3.199092012768e+02
741,15897,5821655273.437500,-2.240570308183e+02,1.344342184910e+02,-2.278661865335e+02,1.399372467496e+02,-2.284833596922e+02,1.404808756582e+02,-2.284858747786e+02,1.404831140092e+02
742,15898,5822021484.375000,-2.240570308183e+02,-4.481140616365e+01,-2.296534165813e+02,-4.321470350373e+01,-2.303830569531e+02,-4.322726313551e+01,-2.303859846259e+02,-4.322728831328e+01
743,15899,5822387695.312500,-2.240570308183e+02,4.481140616365e+01,-2.284270954974e+02,4.917398757056e+01,-2.291153859204e+02,4.944754666582e+01,-2.291180797957e+02,4.944865504628e+01
744,15900,5822753906.250000,1.344342184910e+02,3.136798431456e+02,1.431733668067e+02,3.182291505392e+02,1.437947095729e+02,3.191639963354e+02,1.437971608041e+02,3.191675641159e+02
745,15901,5823120117.187500,-4.481140616365e+01,-4.481140616365e+01,-4.677449611288e+01,-4.485624088397e+01,-4.694869880863e+01,-4.497618930392e+01,-4.694936598762e+01,-4.497663057785e+01
746,15902,5823486328.125000,-4.481140616365e+01,3.136798431456e+02,-3.827293756062e+01,3.219562507948e+02,-3.822910740401e+01,3.230286568646e+02,-3.822885783431e+01,3.230326308649e+02
747,15903,5823852539.062500,1.344342184910e+02,-4.481140616365e+01,1.363860925952e+02,-4.947147539409e+01,1.368123630423e+02,-4.970707631436e+01,1.368138926923e+02,-4.970797243993e+01
748,15904,5824218750.000000,4.481140616365e+01,2.240570308183e+02,5.229817335246e+01,2.280516579141e+02,5.259371707426e+01,2.287911431316e+02,5.259484661157e+01,2.287937538506e+02
749,15905,5824584960.937500,2.240570308183e+02,-1.344342184910e+02,2.252670372026e+02,-1.442946324004e+02,2.259594799451e+02,-1.449048902134e+02,2.259618398339e+02,-1.449071044060e+02
750,15906,5824951171.875000,4.481140616365e+01,1.344342184910e+02,5.005249014781e+01,1.361529768929e+02,5.029697075088e+01,1.365973852044e+02,5.029786398013e+01,1.365988852089e+02
751,15907,5825317382.812500,1.344342184910e+02,4.481140616365e+01,1.390659031446e+02,4.115451439040e+01,1.395747605386e+02,4.122572826410e+01,1.395764880411e+02,4.122590500052e+01
752,15908,5825683593.750000,1.344342184910e+02,-1.344342184910e+02,1.322453692133e+02,-1.426596334838e+02,1.326400381251e+02,-1.432355584516e+02,1.326412706004e+02,-1.432375208282e+02
753,15909,5826049804.687500,-1.344342184910e+02,4.481140616365e+01,-1.354794889715e+02,5.155471953027e+01,-1.359397716958e+02,5.181127795077e+01,-1.359412350979e+02,5.181217786218e+01
754,15910,5826416015.625000,-4.481140616365e+01,3.136798431456e+02,-3.074498205143e+01,3.226188450217e+02,-3.068766955501e+01,3.238105035190e+02,-3.068731205065e+01,3.238143078510e+02
755,15911,5826782226.562500,4.481140616365e+01,-4.481140616365e+01,4.338504462162e+01,-4.814016796863e+01,4.351987048781e+01,-4.834058304694e+01,4.352026377411e+01,-4.834123355125e+01
756,15912,5827148437.500000,-4.481140616365e+01,3.136798431456e+02,-2.790724943753e+01,3.228695771295e+02,-2.784203745465e+01,3.240905977198e+02,-2.784164303296e+01,3.240943587288e+02
757,15913,5827514648.437500,-1.344342184910e+02,3.136798431456e+02,-1.188645499018e+02,3.283960318998e+02,-1.191417736092e+02,3.297006224407e+02,-1.191424017505e+02,3.297046277078e+02
758,15914,5827880859.375000,2.240570308183e+02,-3.136798431456e+02,2.099094359883e+02,-3.342813415356e+02,2.105376237403e+02,-3.356714009778e+02,2.105392634438e+02,-3.356756541349e+02
759,15915,5828247070.312500,4.481140616365e+01,-1.344342184910e+02,3.710346412168e+01,-1.403260558490e+02,3.717355621746e+01,-1.408892535417e+02,3.717366405401e+01,-1.408909174835e+02
760,15916,5828613281.250000,-3.136798431456e+02,-2.240570308183e+02,-3.361777179520e+02,-2.072283140070e+02,-3.376045211510e+02,-2.078642604800e+02,-3.376087486218e+02,-2.078658401094e+02
761,15917,5828979492.187500,4.481140616365e+01,3.136798431456e+02,6.905343753287e+01,3.172486931085e+02,6.949389779846e+01,3.184707459418e+02,6.949536960604e+01,3.184741305749e+02
762,15918,5829345703.125000,-3.136798431456e+02,3.136798431456e+02,-2.959561120518e+02,3.444639226738e+02,-2.969626112327e+02,3.460013036776e+02,-2.969651310645e+02,3.460057782575e+02
763,15919,5829711914.062500,2.240570308183e+02,-1.344342184910e+02,2.176397105417e+02,-1.550831551006e+02,2.184413551660e+02,-1.558266918005e+02,2.184434122393e+02,-1.558288836060e+02
764,15920,5830078125.000000,4.481140616365e+01,4.481140616365e+01,4.937805844370e+01,4.191368183391e+01,4.960266486020e+01,4.205972265796e+01,4.960329914504e+01,4.206007309548e+01
765,15921,5830444335.937500,-4.481140616365e+01,1.344342184910e+02,-3.415148913271e+01,1.407608077439e+02,-3.421923943282e+01,1.413626600756e+02,-3.421930047445e+01,1.413642708868e+02
766,15922,5830810546.875000,4.481140616365e+01,3.136798431456e+02,7.314430420891e+01,3.155558136301e+02,7.361675722746e+01,3.168406898094e+02,7.361824877870e+01,3.168439505768e+02
767,15923,5831176757.812500,-3.136798431456e+02,2.240570308183e+02,-2.993115446636e+02,2.564022633432e+02,-3.004455548912e+02,2.576462551320e+02,-3.004482159033e+02,2.576496829526e+02
768,15924,5831542968.750000,4.481140616365e+01,-1.344342184910e+02,3.322905845487e+01,-1.410385161515e+02,3.329732352850e+01,-1.416601261270e+02,3.329736784933e+01,-1.416617123940e+02
769,15925,5831909179.687500,2.240570308183e+02,2.240570308183e+02,2.493535455803e+02,2.069559549501e+02,2.505415811894e+02,2.077207984342e+02,2.505446986673e+02,2.077224539792e+02
770,15926,5832275390.625000,-3.136798431456e+02,4.481140616365e+01,-3.149695896468e+02,7.644975019764e+01,-3.163068928548e+02,7.694953134150e+01,-3.163100641710e+02,7.695103914391e+01
771,15927,5832641601.562500,-1.344342184910e+02,1.344342184910e+02,-1.230903655925e+02,1.506118625252e+02,-1.235550619138e+02,1.513419210975e+02,-1.235560267287e+02,1.513437818473e+02
772,15928,5833007812.500000,4.481140616365e+01,-2.240570308183e+02,2.175880823594e+01,-2.328101001802e+02,2.173360988381e+01,-2.338604557930e+02,2.173332284076e+01,-2.338629452951e+02
773,15929,5833374023.437500,-1.344342184910e+02,3.136798431456e+02,-1.021852217973e+02,3.338121392183e+02,-1.024704068244e+02,3.353703107719e+02,-1.024707335544e+02,3.353740175859e+02
774,15930,5833740234.375000,4.481140616365e+01,1.344342184910e+02,6.082815036865e+01,1.315159235161e+02,6.117409282019e+01,1.320825402151e+02,6.117501453925e+01,1.320837691210e+02
775,15931,5834106445.312500,-4.481140616365e+01,2.240570308183e+02,-1.931363416309e+01,2.327817613435e+02,-1.928009195497e+01,2.338616725897e+02,-1.927977585451e+01,2.338641150147e+02
776,15932,5834472656.250000,-2.240570308183e+02,1.344342184910e+02,-2.114935160233e+02,1.631372561047e+02,-2.123890664592e+02,1.640052815171e+02,-2.123908731569e+02,1.640074217403e+02
777,15933,5834838867.187500,3.136798431456e+02,-2.240570308183e+02,2.912884243911e+02,-2.653618786875e+02,2.925133017403e+02,-2.667578036430e+02,2.925156829449e+02,-2.667611526954e+02
778,15934,5835205078.125000,1.344342184910e+02,-3.136798431456e+02,9.731321231415e+01,-3.349943358163e+02,9.759724629100e+01,-3.366291852729e+02,9.759749083653e+01,-3.366327950138e+02
779,15935,5835571289.062500,-4.481140616365e+01,2.240570308183e+02,-1.642919063713e+01,2.329831421245e+02,-1.638515394952e+01,2.341034254119e+02,-1.638480375412e+01,2.341058088933e+02
780,15936,5835937500.000000,-1.344342184910e+02,2.240570308183e+02,-1.061228625968e+02,2.450995841677e+02,-1.065050504462e+02,2.463355180451e+02,-1.065055708324e+02,2.463382078746e+02
781,15937,5836303710.937500,2.240570308183e+02,-4.481140616365e+01,2.208059404369e+02,-7.608222997069e+01,2.218387680516e+02,-7.656792178297e+01,2.218407984260e+02,-7.656916819278e+01
782,15938,5836669921.875000,1.344342184910e+02,2.240570308183e+02,1.672985046744e+02,2.081498765018e+02,1.682280037939e+02,2.090823176230e+02,1.682301208669e+02,2.090840080089e+02
783,15939,5837036132.812500,3.136798431456e+02,1.344342184910e+02,3.365125191630e+02,9.164812384913e+01,3.382248751324e+02,9.192450132769e+01,3.382283901884e+02,9.192465843142e+01
784,15940,5837402343.750000,2.240570308183e+02,-4.481140616365e+01,2.200977726398e+02,-7.807111331721e+01,2.211547248709e+02,-7.857626150339e+01,2.211567057436e+02,-7.857751270356e+01
785,15941,5837768554.687500,2.240570308183e+02,4.481140616365e+01,2.332695499495e+02,1.154444988374e+01,2.344493694485e+02,1.147992975209e+01,2.344516642599e+02,1.147952562569e+01
786,15942,5838134765.625000,2.240570308183e+02,-3.136798431456e+02,1.779585278403e+02,-3.515712411398e+02,1.786768240214e+02,-3.534489148928e+02,1.786777667041e+02,-3.534527089398e+02
787,15943,5838500976.562500,4.481140616365e+01,-2.240570308183e+02,1.010942515175e+01,-2.333550977022e+02,1.003849720451e+01,-2.345546367929e+02,1.003807774827e+01,-2.345569027066e+02
788,15944,5838867187.500000,4.481140616365e+01,1.344342184910e+02,6.667202245402e+01,1.286039151055e+02,6.708368132426e+01,1.292325155833e+02,6.708460329099e+01,1.292335971180e+02
789,15945,5839233398.437500,1.344342184910e+02,4.481140616365e+01,1.429176689867e+02,2.338545921785e+01,1.436735733235e+02,2.343200364038e+01,1.436749830028e+02,2.343190939255e+01
790,15946,5839599609.375000,-4.481140616365e+01,3.136798431456e+02,6.806110010044e+00,3.236060005130e+02,7.011939012142e+00,3.252999366994e+02,7.012719826057e+00,3.253029781264e+02
791,15947,5839965820.312500,-2.240570308183e+02,-4.481140616365e+01,-2.331890983298e+02,-7.255098017406e+00,-2.344260302385e+02,-7.170865630453e+00,-2.344282357567e+02,-7.170417406931e+00
792,15948,5840332031.250000,-3.136798431456e+02,-4.481140616365e+01,-3.236066120697e+02,8.148910778289e+00,-3.253272749169e+02,8.362488993718e+00,-3.253302772394e+02,8.363281623246e+00
793,15949,5840698242.187500,-3.136798431456e+02,2.240570308183e+02,-2.779663361809e+02,2.793252835137e+02,-2.793128707632e+02,2.809721365333e+02,-2.793148311850e+02,2.809753436268e+02
794,15950,5841064453.125000,4.481140616365e+01,-2.240570308183e+02,6.624254847076e+00,-2.336070182806e+02,6.537290195979e+00,-2.348754117398e+02,6.536833976446e+00,-2.348775808907e+02
795,15951,5841430664.062500,4.481140616365e+01,-4.481140616365e+01,3.715027198579e+01,-5.310139956643e+01,3.732506664555e+01,-5.341069163232e+01,3.732528963124e+01,-5.341126071624e+01
796,15952,5841796875.000000,2.240570308183e+02,2.240570308183e+02,2.665534659789e+02,1.841557026796e+02,2.681159625497e+02,1.850281237780e+02,2.681187994292e+02,1.850292116488e+02
797,15953,5842163085.937500,1.344342184910e+02,3.136798431456e+02,1.941933240114e+02,2.898124258044e+02,1.954216202091e+02,2.913159543044e+02,1.954240210885e+02,2.913181494211e+02
798,15954,5842529296.875000,2.240570308183e+02,1.344342184910e+02,2.506550191842e+02,9.202916653540e+01,2.521025614897e+02,9.241105006143e+01,2.521050221749e+02,9.241132355251e+01
799,15955,5842895507.812500,-4.481140616365e+01,-3.136798431456e+02,-1.059721257771e+02,-3.058629144850e+02,-1.067289174753e+02,-3.075271965970e+02,-1.067305433184e+02,-3.075296992951e+02
800,15956,5843261718.750000,4.481140616365e+01,-2.240570308183e+02,7.562387416233e-01,-2.333862364028e+02,6.377753490640e-01,-2.347087438030e+02,6.372651642317e-01,-2.347108216587e+02
801,15957,5843627929.687500,4.481140616365e+01,-1.344342184910e+02,1.808575667803e+01,-1.435930035478e+02,1.811343311275e+01,-1.444218867832e+02,1.811327498805e+01,-1.444231965303e+02
802,15958,5843994140.625000,-2.240570308183e+02,-1.344342184910e+02,-2.514166735627e+02,-8.940440748929e+01,-2.529086889925e+02,-8.978600844226e+01,-2.529110966956e+02,-8.978623733042e+01
803,15959,5844360351.562500,3.136798431456e+02,-1.344342184910e+02,2.863049048913e+02,-1.987049127201e+02,2.878576513705e+02,-2.000057074953e+02,2.878597123287e+02,-2.000080775081e+02
804,15960,5844726562.500000,4.481140616365e+01,-2.240570308183e+02,-1.747630199788e+00,-2.333178545188e+02,-1.880549403310e+00,-2.346770447109e+02,-1.881081396868e+00,-2.346790667144e+02
805,15961,5845092773.437500,-4.481140616365e+01,4.481140616365e+01,-3.534443445563e+01,5.421299344665e+01,-3.552339730382e+01,5.454983145375e+01,-3.552358224620e+01,5.455037761993e+01
806,15962,5845458984.375000,-2.240570308183e+02,2.240570308183e+02,-1.762845449229e+02,2.715012894158e+02,-1.771837353210e+02,2.731988731726e+02,-1.771846460418e+02,2.732015925938e+02
807,15963,5845825195.312500,2.240570308183e+02,-4.481140616365e+01,2.142823111319e+02,-9.282379181514e+01,2.155088051058e+02,-9.348897612100e+01,2.155104264056e+02,-9.349024221233e+01
808,15964,5846191406.250000,1.344342184910e+02,4.481140616365e+01,1.439854647166e+02,1.563367947487e+01,1.448564690304e+02,1.565160596203e+01,1.448577237921e+02,1.565141946545e+01
809,15965,5846557617.187500,-3.136798431456e+02,2.240570308183e+02,-2.639634432597e+02,2.923413994333e+02,-2.654019964701e+02,2.942438336487e+02,-2.654035720214e+02,2.942468806453e+02
810,15966,5846923828.125000,1.344342184910e+02,4.481140616365e+01,1.439845698763e+02,1.489975380136e+01,1.448667975896e+02,1.491447877142e+01,1.448680359059e+02,1.491428450687e+01
811,15967,5847290039.062500,-4.481140616365e+01,2.240570308183e+02,5.805829796487e+00,2.332647550661e+02,5.964058721506e+00,2.346876360344e+02,5.964623828605e+00,2.346895639444e+02
812,15968,5847656250.000000,4.481140616365e+01,2.240570308183e+02,9.588507642699e+01,2.126456184460e+02,9.658695019809e+01,2.139035715592e+02,9.658821423177e+01,2.139051175440e+02
813,15969,5848022460.937500,3.136798431456e+02,-4.481140616365e+01,3.012718311668e+02,-1.175374416355e+02,3.030757349593e+02,-1.184238766877e+02,3.030779506279e+02,-1.184255102132e+02
814,15970,5848388671.875000,-4.481140616365e+01,-3.136798431456e+02,-1.183560353490e+02,-3.010199678699e+02,-1.192521260219e+02,-3.028338639117e+02,-1.192537597927e+02,-3.028360605745e+02
815,15971,5848754882.812500,3.136798431456e+02,-3.136798431456e+02,2.367515280961e+02,-3.861183531631e+02,2.380333400352e+02,-3.886648505473e+02,2.380344065900e+02,-3.886685098904e+02
816,15972,5849121093.750000,4.481140616365e+01,1.344342184910e+02,7.681893059219e+01,1.226229742010e+02,7.736834773278e+01,1.233565455232e+02,7.736923929539e+01,1.233573647503e+02
817,15973,5849487304.687500,-2.240570308183e+02,1.344342184910e+02,-1.895478132023e+02,1.877602741235e+02,-1.906529074827e+02,1.890525921585e+02,-1.906540115315e+02,1.890545179432e+02
818,15974,5849853515.625000,2.240570308183e+02,-4.481140616365e+01,2.110819337662e+02,-9.936722990733e+01,2.123786284706e+02,-1.001133681265e+02,2.123800907191e+02,-1.001146278849e+02
819,15975,5850219726.562500,4.481140616365e+01,-4.481140616365e+01,3.329553925160e+01,-5.548921691541e+01,3.348042644227e+01,-5.586354262540e+01,3.348056723756e+01,-5.586405598155e+01
820,15976,5850585937.500000,3.136798431456e+02,3.136798431456e+02,3.890499498766e+02,2.321803591540e+02,3.916890103545e+02,2.334776039201e+02,3.916925879817e+02,2.334785697809e+02
821,15977,5850952148.437500,-3.136798431456e+02,-1.344342184910e+02,-3.444210479395e+02,-5.387210254115e+01,-3.466909766973e+02,-5.404141750003e+01,-3.466937912091e+02,-5.404107577304e+01
822,15978,5851318359.375000,-1.344342184910e+02,4.481140616365e+01,-1.215507496060e+02,7.860974794579e+01,-1.223051772337e+02,7.918840043276e+01,-1.223059483428e+02,7.918928117476e+01
823,15979,5851684570.312500,1.344342184910e+02,-4.481140616365e+01,1.213450343298e+02,-7.892685836771e+01,1.221026523427e+02,-7.951054196992e+01,1.221034153686e+02,-7.951142097280e+01
824,15980,5852050781.250000,2.240570308183e+02,-2.240570308183e+02,1.630187988679e+02,-2.796486422271e+02,1.639515092564e+02,-2.815870143419e+02,1.639521418274e+02,-2.815895239849e+02
825,15981,5852416992.187500,-1.344342184910e+02,-4.481140616365e+01,-1.445325926988e+02,-8.824230842583e+00,-1.455002762613e+02,-8.806936665984e+00,-1.455013993694e+02,-8.806683704279e+00
826,15982,5852783203.125000,-1.344342184910e+02,4.481140616365e+01,-1.207026305038e+02,8.006406659915e+01,-1.214693732582e+02,8.066416813987e+01,-1.214701117686e+02,8.066504324443e+01
827,15983,5853149414.062500,-1.344342184910e+02,2.240570308183e+02,-7.205419560109e+01,2.571293117051e+02,-7.240445225531e+01,2.589002672002e+02,-7.240442578203e+01,2.589023662406e+02
828,15984,5853515625.000000,-3.136798431456e+02,-2.240570308183e+02,-3.698254713386e+02,-1.348322313835e+02,-3.724031686695e+02,-1.355514127414e+02,-3.724062398129e+02,-1.355516037335e+02
829,15985,5853881835.937500,-1.344342184910e+02,-4.481140616365e+01,-1.444242749076e+02,-6.889584468932e+00,-1.454123220588e+02,-6.860499388873e+00,-1.454134133551e+02,-6.860230587453e+00
830,15986,5854248046.875000,1.344342184910e+02,-3.136798431456e+02,4.456020279281e+01,-3.454148809190e+02,4.468374178405e+01,-3.478058652893e+02,4.468330608331e+01,-3.478085218665e+02
831,15987,5854614257.812500,-4.481140616365e+01,4.481140616365e+01,-3.140769882765e+01,5.658267453301e+01,-3.159436500949e+01,5.698918069520e+01,-3.159447073886e+01,5.698966676056e+01
832,15988,5854980468.750000,-4.481140616365e+01,-1.344342184910e+02,-8.205743274421e+01,-1.193052233647e+02,-8.268889542500e+01,-1.200887652646e+02,-8.268976015884e+01,-1.200894560926e+02
833,15989,5855346679.687500,1.344342184910e+02,-1.344342184910e+02,9.369286725555e+01,-1.700673095709e+02,9.425609804296e+01,-1.713015706323e+02,9.425640223848e+01,-1.713030148353e+02
834,15990,5855712890.625000,-3.136798431456e+02,-2.240570308183e+02,-3.712843555231e+02,-1.302253414113e+02,-3.739537368047e+02,-1.309420192995e+02,-3.739567085943e+02,-1.309421372732e+02
835,15991,5856079101.562500,3.136798431456e+02,2.240570308183e+02,3.712781459464e+02,1.296516387442e+02,3.739610680871e+02,1.303691422549e+02,3.739640223025e+02,1.303692503947e+02
836,15992,5856445312.500000,-4.481140616365e+01,-3.136798431456e+02,-1.343494570200e+02,-2.939671221630e+02,-1.354554170410e+02,-2.959775166077e+02,-1.354570279245e+02,-2.959793174510e+02
837,15993,5856811523.437500,-1.344342184910e+02,-4.481140616365e+01,-1.444471046107e+02,-4.692260068678e+00,-1.454775641556e+02,-4.649573182120e+00,-1.454785995679e+02,-4.649286227794e+00
838,15994,5857177734.375000,-3.136798431456e+02,3.136798431456e+02,-2.146490462186e+02,3.982428206948e+02,-2.159748312416e+02,4.012048134173e+02,-2.159754622606e+02,4.012080982414e+02
839,15995,5857543945.312500,-1.344342184910e+02,2.240570308183e+02,-6.551066345477e+01,2.583111689452e+02,-6.584566781317e+01,2.602031117528e+02,-6.584555436839e+01,2.602050679725e+02
840,15996,5857910156.250000,-2.240570308183e+02,3.136798431456e+02,-1.263642882625e+02,3.723089631642e+02,-1.270814703490e+02,3.750663926555e+02,-1.270815254356e+02,3.750692673379e+02
841,15997,5858276367.187500,3.136798431456e+02,4.481140616365e+01,3.192541701229e+02,-4.982279792740e+01,3.215470538338e+02,-5.035289708814e+01,3.215491547982e+02,-5.035395009263e+01
842,15998,5858642578.125000,-4.481140616365e+01,3.136798431456e+02,5.125498529803e+01,3.189349454344e+02,5.179720132388e+01,3.212364233520e+02,5.179826143562e+01,3.212385057084e+02
843,15999,5859008789.062500,4.481140616365e+01,-3.136798431456e+02,-5.264827108993e+01,-3.186190536592e+02,-5.320241897906e+01,-3.209291104884e+02,-5.320348583866e+01,-3.209311744827e+02
844,16000,5859375000.000000,2.240570308183e+02,-3.136798431456e+02,1.217327326209e+02,-3.736118674752e+02,1.224335119339e+02,-3.764308727454e+02,1.224335116726e+02,-3.764336845905e+02
845,16001,5859741210.937500,-1.344342184910e+02,1.344342184910e+02,-8.959668835398e+01,1.718832448719e+02,-9.017002995241e+01,1.732040799906e+02,-9.017025475257e+01,1.732054411560e+02
846,16002,5860107421.875000,-1.344342184910e+02,-2.240570308183e+02,-1.994143280851e+02,-1.767008360536e+02,-2.009922627060e+02,-1.779114816320e+02,-2.009939952522e+02,-1.779122273955e+02
847,16003,5860473632.812500,4.481140616365e+01,-3.136798431456e+02,-5.330728410975e+01,-3.186992952126e+02,-5.387404866630e+01,-3.210557134727e+02,-5.387511171261e+01,-3.210577252695e+02
848,16004,5860839843.750000,-1.344342184910e+02,3.136798431456e+02,-3.299046167621e+01,3.464759879836e+02,-3.305591841909e+01,3.490981372167e+02,-3.305536922325e+01,3.491005124119e+02
849,16005,5861206054.687500,4.481140616365e+01,3.136798431456e+02,1.417834914593e+02,2.903888564203e+02,1.430074900984e+02,2.925076454625e+02,1.430090706204e+02,2.925092490814e+02
850,16006,5861572265.625000,-4.481140616365e+01,-1.344342184910e+02,-8.588749141732e+01,-1.162218535875e+02,-8.660056203977e+01,-1.170586404279e+02,-8.660138378568e+01,-1.170592131192e+02
851,16007,5861938476.562500,-1.344342184910e+02,-4.481140616365e+01,-1.445069087585e+02,-6.818816308830e-01,-1.456091140944e+02,-6.109306455583e-01,-1.456100589911e+02,-6.106145951953e-01
852,16008,5862304687.500000,-1.344342184910e+02,-4.481140616365e+01,-1.444272719704e+02,-3.979499684790e-01,-1.455338375322e+02,-3.248874310448e-01,-1.455347758082e+02,-3.245696802700e-01
853,16009,5862670898.437500,-1.344342184910e+02,-4.481140616365e+01,-1.443317994795e+02,-1.259171301335e-01,-1.454425873382e+02,-5.082283388281e-02,-1.454435189769e+02,-5.050351617328e-02
854,16010,5863037109.375000,2.240570308183e+02,4.481140616365e+01,2.307754054505e+02,-2.906943825275e+01,2.325441662093e+02,-2.941579217959e+01,2.325455823312e+02,-2.941649055907e+01
855,16011,5863403320.312500,-1.344342184910e+02,2.240570308183e+02,-5.714643510336e+01,2.598912637917e+02,-5.745325521240e+01,2.619396702720e+02,-5.745304327593e+01,2.619414548742e+02
856,16012,5863769531.250000,3.136798431456e+02,-4.481140616365e+01,2.882403281981e+02,-1.453854652851e+02,2.904122246157e+02,-1.466715166425e+02,2.904137303144e+02,-1.466730781350e+02
857,16013,5864135742.187500,-3.136798431456e+02,1.344342184910e+02,-2.588332970936e+02,2.322792154516e+02,-2.607390119793e+02,2.342357139399e+02,-2.607401290777e+02,2.342377529818e+02
858,16014,5864501953.125000,-3.136798431456e+02,-4.481140616365e+01,-3.173097523129e+02,5.962779468925e+01,-3.197756937452e+02,6.026434457353e+01,-3.197775512998e+02,6.026542238497e+01
859,16015,5864868164.062500,4.481140616365e+01,-4.481140616365e+01,2.846624968210e+01,-5.795099314312e+01,2.866073075117e+01,-5.842410487088e+01,2.866077970095e+01,-5.842452938246e+01
860,16016,5865234375.000000,2.240570308183e+02,2.240570308183e+02,2.900730258262e+02,1.419794990284e+02,2.924509251516e+02,1.429538500199e+02,2.924530388029e+02,1.429540869008e+02
861,16017,5865600585.937500,-4.481140616365e+01,-2.240570308183e+02,-1.176469260520e+02,-2.011749795718e+02,-1.186910881268e+02,-2.027171252183e+02,-1.186922598741e+02,-2.027181047247e+02
862,16018,5865966796.875000,-3.136798431456e+02,-4.481140616365e+01,-3.175000893494e+02,6.153230529798e+01,-3.200102698258e+02,6.219244646794e+01,-3.200120802822e+02,6.219352818013e+01
863,16019,5866333007.812500,3.136798431456e+02,3.136798431456e+02,4.073745388582e+02,1.967297232405e+02,4.107545223151e+02,1.980971416174e+02,4.107574431351e+02,1.980974375676e+02
864,16020,5866699218.750000,-4.481140616365e+01,-2.240570308183e+02,-1.187121408792e+02,-2.002398972173e+02,-1.197764802811e+02,-2.017945390941e+02,-1.197776445474e+02,-2.017954901939e+02
865,16021,5867065429.687500,-1.344342184910e+02,3.136798431456e+02,-2.264829460530e+01,3.466936454720e+02,-2.264919699401e+01,3.495174024142e+02,-2.264856440128e+01,3.495195439850e+02
866,16022,5867431640.625000,-2.240570308183e+02,-3.136798431456e+02,-3.217317843762e+02,-2.251129319671e+02,-3.244707175525e+02,-2.267766655917e+02,-3.244731473000e+02,-2.267773023416e+02
867,16023,5867797851.562500,-3.136798431456e+02,-3.136798431456e+02,-4.081062930719e+02,-1.946271497469e+02,-4.115463594937e+02,-1.960036128822e+02,-4.115492267068e+02,-1.960038688030e+02
868,16024,5868164062.500000,4.481140616365e+01,4.481140616365e+01,5.833961667371e+01,2.777163065170e+01,5.883331408010e+01,2.796891574502e+01,5.883372199061e+01,2.796895114163e+01
869,16025,5868530273.437500,-4.481140616365e+01,1.344342184910e+02,2.958942481865e+00,1.444498164194e+02,3.059505787125e+00,1.456392363910e+02,3.059843782639e+00,1.456400827124e+02
870,16026,5868896484.375000,-3.136798431456e+02,1.344342184910e+02,-2.550130052634e+02,2.367364927362e+02,-2.569992448060e+02,2.388307373010e+02,-2.570002172910e+02,2.388326936285e+02
871,16027,5869262695.312500,4.481140616365e+01,2.240570308183e+02,1.200072466663e+02,1.996091326345e+02,1.211099495855e+02,2.012049073482e+02,1.211110937163e+02,2.012058073390e+02
872,16028,5869628906.250000,-4.481140616365e+01,-2.240570308183e+02,-1.200269834043e+02,-1.994915343302e+02,-1.211337674069e+02,-2.010929268003e+02,-1.211349077853e+02,-2.010938200399e+02
873,16029,5869995117.187500,3.136798431456e+02,-1.344342184910e+02,2.544552565175e+02,-2.367986329127e+02,2.564621183965e+02,-2.389166411302e+02,2.564630644171e+02,-2.389185752150e+02
874,16030,5870361328.125000,-3.136798431456e+02,-4.481140616365e+01,-3.157767492892e+02,6.572068937428e+01,-3.183979470152e+02,6.643997015534e+01,-3.183996180430e+02,6.644104906883e+01
875,16031,5870727539.062500,3.136798431456e+02,3.136798431456e+02,4.091201339657e+02,1.904934465696e+02,4.126749358275e+02,1.918860782425e+02,4.126777006982e+02,1.918862608201e+02
876,16032,5871093750.000000,2.240570308183e+02,-3.136798431456e+02,1.040504328420e+02,-3.779451445313e+02,1.047330311176e+02,-3.812034824623e+02,1.047327850285e+02,-3.812058662551e+02
877,16033,5871459960.937500,-2.240570308183e+02,4.481140616365e+01,-1.982161871228e+02,1.213336665856e+02,-1.998387228492e+02,1.224705838619e+02,-1.998395770832e+02,1.224717115195e+02
878,16034,5871826171.875000,2.240570308183e+02,-4.481140616365e+01,1.982165576793e+02,-1.214142136702e+02,1.998454806788e+02,-1.225557576111e+02,1.998463292435e+02,-1.225568823771e+02
879,16035,5872192382.812500,-4.481140616365e+01,3.136798431456e+02,6.732944088416e+01,3.153177539613e+02,6.807299394293e+01,3.179855511066e+02,6.807407172718e+01,3.179871716180e+02
880,16036,5872558593.750000,1.344342184910e+02,-4.481140616365e+01,1.127072599974e+02,-9.001039104197e+01,1.136296830443e+02,-9.084442561584e+01,1.136301128870e+02,-9.084517860915e+01
881,16037,5872924804.687500,4.481140616365e+01,2.240570308183e+02,1.214900502199e+02,1.984103877744e+02,1.226440911085e+02,2.000600882622e+02,1.226452069842e+02,2.000609217560e+02
882,16038,5873291015.625000,-2.240570308183e+02,2.240570308183e+02,-1.350055382105e+02,2.929646142315e+02,-1.360214336890e+02,2.955757042158e+02,-1.360215305198e+02,2.955776251418e+02
883,16039,5873657226.562500,3.136798431456e+02,4.481140616365e+01,3.151486540340e+02,-6.837784608155e+01,3.178548215531e+02,-6.913908009943e+01,3.178564057376e+02,-6.914015629702e+01
884,16040,5874023437.500000,-1.344342184910e+02,4.481140616365e+01,-1.121866515316e+02,9.056188565816e+01,-1.131186197086e+02,9.141196046775e+01,-1.131190338285e+02,9.141270607211e+01
885,16041,5874389648.437500,4.481140616365e+01,-4.481140616365e+01,2.677385326635e+01,-5.865126728230e+01,2.697757819017e+01,-5.917945801636e+01,2.697759413961e+01,-5.917983760025e+01
886,16042,5874755859.375000,-3.136798431456e+02,1.344342184910e+02,-2.512079928998e+02,2.396314000106e+02,-2.532912697418e+02,2.418718020765e+02,-2.532921029108e+02,2.418736619498e+02
887,16043,5875122070.312500,1.344342184910e+02,-4.481140616365e+01,1.121859384076e+02,-9.051870238606e+01,1.131285251872e+02,-9.137696325454e+01,1.131289312095e+02,-9.137770204405e+01
888,16044,5875488281.250000,3.136798431456e+02,2.240570308183e+02,3.787766581512e+02,1.015398319189e+02,3.821858094046e+02,1.022395250895e+02,3.821880752815e+02,1.022392311921e+02
889,16045,5875854492.187500,-4.481140616365e+01,3.136798431456e+02,6.959700182874e+01,3.147591101066e+02,7.038180588455e+01,3.175206472379e+02,7.038287798824e+01,3.175221810879e+02
890,16046,5876220703.125000,-1.344342184910e+02,-2.240570308183e+02,-2.081709960836e+02,-1.653342398278e+02,-2.101153720444e+02,-1.666993820315e+02,-2.101168510360e+02,-1.666998029854e+02
891,16047,5876586914.062500,-4.481140616365e+01,-4.481140616365e+01,-5.867417764906e+01,-2.673660379939e+01,-5.921354600500e+01,-2.694499407190e+01,-5.921391747085e+01,-2.694500602462e+01
892,16048,5876953125.000000,4.481140616365e+01,1.344342184910e+02,9.046623883601e+01,1.122739850054e+02,9.133814014680e+01,1.132348037758e+02,9.133886867794e+01,1.132351977046e+02
893,16049,5877319335.937500,-3.136798431456e+02,-3.136798431456e+02,-4.105786388334e+02,-1.872131242691e+02,-4.143782625564e+02,-1.886839480118e+02,-4.143808445959e+02,-1.886840242148e+02
894,16050,5877685546.875000,-2.240570308183e+02,-2.240570308183e+02,-2.933673279699e+02,-1.332545175341e+02,-2.960909496260e+02,-1.343048989534e+02,-2.960927873159e+02,-1.343049479059e+02
895,16051,5878051757.812500,-1.344342184910e+02,3.136798431456e+02,-1.552782544582e+01,3.465977496414e+02,-1.548582905112e+01,3.497512443230e+02,-1.548514075470e+01,3.497530933222e+02
896,16052,5878417968.750000,4.481140616365e+01,-4.481140616365e+01,2.665244499363e+01,-5.866865555930e+01,2.686415788126e+01,-5.921690845428e+01,2.686416661088e+01,-5.921727361135e+01
897,16053,5878784179.687500,4.481140616365e+01,2.240570308183e+02,1.225008706698e+02,1.974728827967e+02,1.237241844252e+02,1.992122288694e+02,1.237252594159e+02,1.992129828965e+02
898,16054,5879150390.625000,1.344342184910e+02,-2.240570308183e+02,4.835183277287e+01,-2.613156846883e+02,4.865708924063e+01,-2.637363075007e+02,4.865675927952e+01,-2.637377676625e+02
899,16055,5879516601.562500,3.136798431456e+02,1.344342184910e+02,3.466535742684e+02,1.622016519722e+01,3.498498183673e+02,1.618635970460e+01,3.498516425256e+02,1.618567358266e+01
900,16056,5879882812.500000,2.240570308183e+02,3.136798431456e+02,3.252805606514e+02,2.186108160166e+02,3.283968209915e+02,2.204559266780e+02,3.283989784573e+02,2.204563280290e+02
901,16057,5880249023.437500,-3.136798431456e+02,3.136798431456e+02,-1.860862398801e+02,4.108509804185e+02,-1.875916699188e+02,4.147517513594e+02,-1.875917107530e+02,4.147542691996e+02
902,16058,5880615234.375000,3.136798431456e+02,-4.481140616365e+01,2.822047779153e+02,-1.554898455080e+02,2.847429744250e+02,-1.570825249983e+02,2.847440698550e+02,-1.570839455425e+02
903,16059,5880981445.312500,1.344342184910e+02,-2.240570308183e+02,4.682374035600e+01,-2.615751776616e+02,4.712181083572e+01,-2.640363531496e+02,4.712146817971e+01,-2.640377881782e+02
904,16060,5881347656.250000,-1.344342184910e+02,-2.240570308183e+02,-2.085556976672e+02,-1.646129065293e+02,-2.105913413390e+02,-1.660409648221e+02,-2.105927647787e+02,-1.660413365973e+02
905,16061,5881713867.187500,-3.136798431456e+02,-1.344342184910e+02,-3.466283951494e+02,-1.523866631682e+01,-3.498855172201e+02,-1.519852566621e+01,-3.498873037642e+02,-1.519783286813e+01
906,16062,5882080078.125000,-4.481140616365e+01,-4.481140616365e+01,-5.867874101641e+01,-2.658159763163e+01,-5.924450654438e+01,-2.680055771831e+01,-5.924486138489e+01,-2.680056139029e+01
907,16063,5882446289.062500,1.344342184910e+02,-4.481140616365e+01,1.117982076450e+02,-9.079091399625e+01,1.128047284182e+02,-9.170624872297e+01,1.128050886759e+02,-9.170695336253e+01
908,16064,5882812500.000000,-4.481140616365e+01,3.136798431456e+02,6.985737389018e+01,3.143148847491e+02,7.068421103105e+01,3.172516549044e+02,7.068525927000e+01,3.172530749840e+02
909,16065,5883178710.937500,-4.481140616365e+01,-3.136798431456e+02,-1.548376416935e+02,-2.823203465192e+02,-1.564560418311e+02,-2.849177162812e+02,-1.564574427481e+02,-2.849187833028e+02
910,16066,5883544921.875000,3.136798431456e+02,-3.136798431456e+02,1.870044961978e+02,-4.102876575864e+02,1.885678671708e+02,-4.142916728353e+02,1.885678878775e+02,-4.142941331542e+02
911,16067,5883911132.812500,1.344342184910e+02,2.240570308183e+02,2.074502091343e+02,1.659285764482e+02,2.095183571074e+02,1.674031810238e+02,2.095197569389e+02,1.674035450587e+02
912,16068,5884277343.750000,-1.344342184910e+02,3.136798431456e+02,-1.735834524921e+01,3.465117995404e+02,-1.734160880121e+01,3.498390322067e+02,-1.734092514399e+01,3.498407889423e+02
913,16069,5884643554.687500,1.344342184910e+02,-1.344342184910e+02,8.075371100097e+01,-1.755745092778e+02,8.143657149319e+01,-1.773033766598e+02,8.143658090610e+01,-1.773044245036e+02
914,16070,5885009765.625000,3.136798431456e+02,1.344342184910e+02,3.464070735670e+02,1.771496088614e+01,3.497531566807e+02,1.770268988934e+01,3.497549054525e+02,1.770200777283e+01
915,16071,5885375976.562500,3.136798431456e+02,4.481140616365e+01,3.147537748977e+02,-6.776174124924e+01,3.177587073176e+02,-6.858256051189e+01,3.177601064807e+02,-6.858359337384e+01
916,16072,5885742187.500000,4.481140616365e+01,1.344342184910e+02,9.004806653573e+01,1.123057987993e+02,9.097981856030e+01,1.133463474645e+02,9.098051044657e+01,1.133466991520e+02
917,16073,5886108398.437500,1.344342184910e+02,-4.481140616365e+01,1.122817618345e+02,-9.006481601482e+01,1.133252099788e+02,-9.099923999472e+01,1.133255603561e+02,-9.099993099391e+01
918,16074,5886474609.375000,-3.136798431456e+02,1.344342184910e+02,-2.515009767320e+02,2.387943375308e+02,-2.538256446903e+02,2.412540972692e+02,-2.538263447063e+02,2.412558244031e+02
919,16075,5886840820.312500,-2.240570308183e+02,1.344342184910e+02,-1.661006472602e+02,2.073139867692e+02,-1.676143579008e+02,2.094276441345e+02,-1.676147084548e+02,2.094290255906e+02
920,16076,5887207031.250000,-3.136798431456e+02,-2.240570308183e+02,-3.781751601774e+02,-1.030743273342e+02,-3.819357041985e+02,-1.038847382984e+02,-3.819377767017e+02,-1.038844005210e+02
921,16077,5887573242.187500,-1.344342184910e+02,3.136798431456e+02,-1.813734858361e+01,3.465264051032e+02,-1.813258688575e+01,3.499414787947e+02,-1.813190521279e+01,3.499432054184e+02
922,16078,5887939453.125000,1.344342184910e+02,-3.136798431456e+02,1.867588884992e+01,-3.464810158912e+02,1.867695083725e+01,-3.499054301143e+02,1.867627171971e+01,-3.499071549929e+02
923,16079,5888305664.062500,-4.481140616365e+01,-3.136798431456e+02,-1.520086897055e+02,-2.840553979245e+02,-1.536609012658e+02,-2.867822229461e+02,-1.536622698462e+02,-2.867832631774e+02
924,16080,5888671875.000000,-2.240570308183e+02,3.136798431456e+02,-1.054392173700e+02,3.774994260795e+02,-1.062846820147e+02,3.812959281611e+02,-1.062843539704e+02,3.812979911498e+02
925,16081,5889038085.937500,3.136798431456e+02,-3.136798431456e+02,1.916364765669e+02,-4.082898070273e+02,1.933250316856e+02,-4.124480128371e+02,1.933250515328e+02,-4.124504139084e+02
926,16082,5889404296.875000,-1.344342184910e+02,-4.481140616365e+01,-1.439208478022e+02,3.703330065365e+00,-1.453528492050e+02,3.816245680541e+00,-1.453535363874e+02,3.816583388229e+00
927,16083,5889770507.812500,-1.344342184910e+02,1.344342184910e+02,-8.168727572797e+01,1.748724259870e+02,-8.241099417084e+01,1.766626148008e+02,-8.241099982889e+01,1.766636403416e+02
928,16084,5890136718.750000,3.136798431456e+02,4.481140616365e+01,3.147324077983e+02,-6.586373783372e+01,3.178503315193e+02,-6.668975024389e+01,3.178517026363e+02,-6.669076722377e+01
929,16085,5890502929.687500,-4.481140616365e+01,3.136798431456e+02,6.521328444634e+01,3.149089171711e+02,6.603461590324e+01,3.180373399658e+02,6.603562986537e+01,3.180387119678e+02
930,16086,5890869140.625000,1.344342184910e+02,-4.481140616365e+01,1.131211567680e+02,-8.884176875737e+01,1.142133891581e+02,-8.979618662767e+01,1.142137361763e+02,-8.979686562504e+01
931,16087,5891235351.562500,4.481140616365e+01,-3.136798431456e+02,-6.415363872241e+01,-3.151663946668e+02,-6.496786824079e+01,-3.183146457122e+02,-6.496887722653e+01,-3.183160189457e+02
932,16088,5891601562.500000,-3.136798431456e+02,-1.344342184910e+02,-3.456916049457e+02,-2.182037484602e+01,-3.492025687140e+02,-2.185864314195e+01,-3.492042787942e+02,-2.185797972793e+01
933,16089,5891967773.437500,2.240570308183e+02,3.136798431456e+02,3.207647221748e+02,2.239719270029e+02,3.241385457145e+02,2.260756051415e+02,3.241405844677e+02,2.260759681981e+02
934,16090,5892333984.375000,2.240570308183e+02,-3.136798431456e+02,1.080591553681e+02,-3.758657906384e+02,1.089601163000e+02,-3.797474131807e+02,1.089597998031e+02,-3.797494582666e+02
935,16091,5892700195.312500,-1.344342184910e+02,2.240570308183e+02,-5.285369525154e+01,2.596758446563e+02,-5.325567782784e+01,2.623527816073e+02,-5.325535438158e+01,2.623541456535e+02
936,16092,5893066406.250000,-1.344342184910e+02,-1.344342184910e+02,-1.738536906761e+02,-8.327953136842e+01,-1.756757060750e+02,-8.403938666334e+01,-1.756767255838e+02,-8.403939993294e+01
937,16093,5893432617.187500,-1.344342184910e+02,1.344342184910e+02,-8.368396757651e+01,1.737281842299e+02,-8.445017719244e+01,1.755536028821e+02,-8.445019262703e+01,1.755546225983e+02
938,16094,5893798828.125000,1.344342184910e+02,4.481140616365e+01,1.437639109926e+02,-1.808412651261e+00,1.452406266606e+02,-1.902958561513e+00,1.452413125445e+02,-1.903286801671e+00
939,16095,5894165039.062500,-1.344342184910e+02,-3.136798431456e+02,-2.329753516566e+02,-2.562738830300e+02,-2.355113305588e+02,-2.587914261591e+02,-2.355130183473e+02,-2.587921382223e+02
940,16096,5894531250.000000,2.240570308183e+02,3.136798431456e+02,3.188801837448e+02,2.267382398826e+02,3.222938228751e+02,2.289118155868e+02,3.222958576089e+02,2.289121951399e+02
941,16097,5894897460.937500,1.344342184910e+02,-2.240570308183e+02,5.489382447301e+01,-2.595199909797e+02,5.532510353103e+01,-2.622362420865e+02,5.532479020423e+01,-2.622376102549e+02
942,16098,5895263671.875000,-4.481140616365e+01,2.240570308183e+02,3.051204719498e+01,2.299052884411e+02,3.095024151688e+01,2.322755503889e+02,3.095089917696e+01,2.322765869449e+02
943,16099,5895629882.812500,-1.344342184910e+02,4.481140616365e+01,-1.146711983420e+02,8.674388744687e+01,-1.158185071838e+02,8.770704627400e+01,-1.158188654642e+02,8.770771809993e+01
944,16100,5895996093.750000,3.136798431456e+02,-4.481140616365e+01,2.873817059750e+02,-1.439245477600e+02,2.903030119435e+02,-1.455775273979e+02,2.903040740074e+02,-1.455788584335e+02
945,16101,5896362304.687500,1.344342184910e+02,2.240570308183e+02,2.010479980662e+02,1.726071160818e+02,2.032411166846e+02,1.743054360254e+02,2.032424679695e+02,1.743058197221e+02
946,16102,5896728515.625000,2.240570308183e+02,-4.481140616365e+01,2.013969756740e+02,-1.144877284392e+02,2.034470093609e+02,-1.157939304463e+02,2.034477248396e+02,-1.157949296303e+02
947,16103,5897094726.562500,3.136798431456e+02,-4.481140616365e+01,2.878027007022e+02,-1.427293991429e+02,2.907503828853e+02,-1.443807398044e+02,2.907514530161e+02,-1.443820677680e+02
948,16104,5897460937.500000,-1.344342184910e+02,-2.240570308183e+02,-2.007021503428e+02,-1.731248811050e+02,-2.029067616799e+02,-1.748415798743e+02,-2.029081151612e+02,-1.748419691097e+02
949,16105,5897827148.437500,-2.240570308183e+02,4.481140616365e+01,-2.016981637488e+02,1.144528329314e+02,-2.037662022896e+02,1.157672539661e+02,-2.037669222756e+02,1.157682553873e+02
950,16106,5898193359.375000,2.240570308183e+02,-1.344342184910e+02,1.734338390693e+02,-2.006654669068e+02,1.751622510598e+02,-2.028796319086e+02,1.751626438263e+02,-2.028809882119e+02
951,16107,5898559570.312500,4.481140616365e+01,-1.344342184910e+02,9.067394372646e-01,-1.437988352246e+02,8.403512750852e-01,-1.453237986720e+02,8.400359221554e-01,-1.453244972124e+02
952,16108,5898925781.250000,-4.481140616365e+01,-2.240570308183e+02,-1.132949923382e+02,-2.022392895677e+02,-1.146057077582e+02,-2.043283185280e+02,-1.146067070222e+02,-2.043290476092e+02
953,16109,5899291992.187500,1.344342184910e+02,-3.136798431456e+02,3.287623703745e+01,-3.444975525655e+02,3.304427034948e+01,-3.481836695125e+02,3.304366401984e+01,-3.481854162567e+02
954,16110,5899658203.125000,2.240570308183e+02,1.344342184910e+02,2.575713796838e+02,6.153318846978e+01,2.603530634799e+02,6.205381415357e+01,2.603544537048e+02,6.205354081749e+01
955,16111,5900024414.062500,-2.240570308183e+02,4.481140616365e+01,-2.031788800748e+02,1.108898615977e+02,-2.052936975653e+02,1.121834596791e+02,-2.052944414049e+02,1.121844520590e+02
956,16112,5900390625.000000,3.136798431456e+02,-2.240570308183e+02,2.365856609246e+02,-3.108811707230e+02,2.389577115951e+02,-3.143391085052e+02,2.389581756590e+02,-3.143411528850e+02
957,16113,5900756835.937500,1.344342184910e+02,3.136798431456e+02,2.236335991507e+02,2.640253462377e+02,2.261759437441e+02,2.667438956804e+02,2.261776251981e+02,2.667446902768e+02
958,16114,5901123046.875000,-3.136798431456e+02,4.481140616365e+01,-2.910432266765e+02,1.361786208722e+02,-2.941051032825e+02,1.377987977226e+02,-2.941062274856e+02,1.378001127073e+02
959,16115,5901489257.812500,2.240570308183e+02,2.240570308183e+02,2.831982503236e+02,1.516757615192e+02,2.863344169805e+02,1.531627872941e+02,2.863361458862e+02,1.531629027614e+02
960,16116,5901855468.750000,4.481140616365e+01,3.136798431456e+02,1.349273511273e+02,2.914745511221e+02,1.365405618284e+02,2.945552793204e+02,1.365418745836e+02,2.945564146996e+02
961,16117,5902221679.687500,3.136798431456e+02,-1.344342184910e+02,2.657626021685e+02,-2.214229575201e+02,2.685256827013e+02,-2.239630671288e+02,2.685265021419e+02,-2.239647512519e+02
962,16118,5902587890.625000,2.240570308183e+02,2.240570308183e+02,2.822664713501e+02,1.532711478632e+02,2.854129734375e+02,1.547864827412e+02,2.854147111316e+02,1.547866133895e+02
963,16119,5902954101.562500,1.344342184910e+02,1.344342184910e+02,1.692047135671e+02,9.227334929612e+01,1.710949623387e+02,9.318811307767e+01,1.710960070138e+02,9.318819450116e+01
964,16120,5903320312.500000,2.240570308183e+02,1.344342184910e+02,2.562876637811e+02,6.721837216996e+01,2.591182267898e+02,6.781594864059e+01,2.591196511238e+02,6.781571293752e+01
965,16121,5903686523.437500,-4.481140616365e+01,1.344342184910e+02,-5.764451537720e+00,1.436220137117e+02,-5.751515993584e+00,1.451946274428e+02,-5.751225279664e+00,1.451953566223e+02
966,16122,5904052734.375000,2.240570308183e+02,-4.481140616365e+01,2.059582618088e+02,-1.063886572403e+02,2.081574575689e+02,-1.076626081842e+02,2.081582511056e+02,-1.076635984679e+02
967,16123,5904418945.312500,3.136798431456e+02,3.136798431456e+02,3.930211458121e+02,2.187505331101e+02,3.974495779952e+02,2.209431713186e+02,3.974520362187e+02,2.209433944354e+02
968,16124,5904785156.250000,3.136798431456e+02,3.136798431456e+02,3.923815470880e+02,2.193700215545e+02,3.968120430384e+02,2.215746843860e+02,3.968145053936e+02,2.215749153373e+02
969,16125,5905151367.187500,-3.136798431456e+02,-1.344342184910e+02,-3.426553959807e+02,-4.538190773199e+01,-3.464547315978e+02,-4.570074490567e+01,-3.464565620787e+02,-4.570021170306e+01
970,16126,5905517578.125000,4.481140616365e+01,-4.481140616365e+01,3.161397439914e+01,-5.582234344056e+01,3.193347580326e+01,-5.645533684970e+01,3.193351169982e+01,-5.645568984212e+01
971,16127,5905883789.062500,1.344342184910e+02,-3.136798431456e+02,4.746693653194e+01,-3.420207628868e+02,4.781116545466e+01,-3.458292795654e+02,4.781064571088e+01,-3.458311227421e+02
972,16128,5906250000.000000,1.344342184910e+02,-4.481140616365e+01,1.194962401167e+02,-7.933910187425e+01,1.207787623559e+02,-8.028166880411e+01,1.207791949851e+02,-8.028233908901e+01
973,16129,5906616210.937500,3.136798431456e+02,-3.136798431456e+02,2.246343366913e+02,-3.892335627579e+02,2.269232089033e+02,-3.936750091614e+02,2.269234920065e+02,-3.936774999777e+02
974,16130,5906982421.875000,3.136798431456e+02,-4.481140616365e+01,2.957251686756e+02,-1.255452070061e+02,2.989493802790e+02,-1.270985552118e+02,2.989506190836e+02,-1.270998576554e+02
975,16131,5907348632.812500,1.344342184910e+02,1.344342184910e+02,1.663347575874e+02,9.724723983975e+01,1.682406088877e+02,9.824346653475e+01,1.682416822707e+02,9.824359750505e+01
976,16132,5907714843.750000,-3.136798431456e+02,1.344342184910e+02,-2.735234282559e+02,2.113894432410e+02,-2.764669487479e+02,2.138953473123e+02,-2.764678929799e+02,2.138970491298e+02
977,16133,5908081054.687500,-4.481140616365e+01,3.136798431456e+02,3.459791199251e+01,3.189633030390e+02,3.515379243755e+01,3.225146854059e+02,3.515468175683e+01,3.225162643152e+02
978,16134,5908447265.625000,-2.240570308183e+02,-4.481140616365e+01,-2.310619879527e+02,1.155642742121e+01,-2.336467077410e+02,1.180820169481e+01,-2.336478862800e+02,1.180877605941e+01
979,16135,5908813476.562500,4.481140616365e+01,-2.240570308183e+02,-1.096084478228e+01,-2.310849461862e+02,-1.120618690720e+01,-2.336751137701e+02,-1.120675846071e+01,-2.336762985739e+02
980,16136,5909179687.500000,2.240570308183e+02,1.344342184910e+02,2.529157053113e+02,7.761655443385e+01,2.558032692395e+02,7.835635497871e+01,2.558047707867e+02,7.835619999052e+01
981,16137,5909545898.437500,-2.240570308183e+02,-4.481140616365e+01,-2.311437821464e+02,1.008012578491e+01,-2.337447538754e+02,1.031603229690e+01,-2.337459509498e+02,1.031659983560e+01
982,16138,5909912109.375000,3.136798431456e+02,-4.481140616365e+01,2.978322004731e+02,-1.193712433441e+02,3.011335126829e+02,-1.208772337675e+02,3.011348250717e+02,-1.208785290147e+02
983,16139,5910278320.312500,4.481140616365e+01,4.481140616365e+01,5.474301144559e+01,3.349257231482e+01,5.538025819881e+01,3.384265798993e+01,5.538062403774e+01,3.384271439065e+01
984,16140,5910644531.250000,-2.240570308183e+02,4.481140616365e+01,-2.102995839427e+02,9.654062490527e+01,-2.126328281658e+02,9.774639884045e+01,-2.126337373265e+02,9.774738283803e+01
985,16141,5911010742.187500,4.481140616365e+01,-1.344342184910e+02,1.320570739597e+01,-1.429063883280e+02,1.328011334754e+01,-1.445365185464e+02,1.327986620836e+01,-1.445373151669e+02
986,16142,5911376953.125000,2.240570308183e+02,4.481140616365e+01,2.313515347941e+02,-6.696603491727e+00,2.339804114295e+02,-6.895168934489e+00,2.339816442677e+02,-6.895719936269e+00
987,16143,5911743164.062500,3.136798431456e+02,-2.240570308183e+02,2.596989707167e+02,-2.916660785799e+02,2.625049172508e+02,-2.951280461834e+02,2.625056752421e+02,-2.951302045061e+02
988,16144,5912109375.000000,-3.136798431456e+02,-3.136798431456e+02,-3.795073937806e+02,-2.407710998933e+02,-3.839682592619e+02,-2.433196703924e+02,-3.839708611184e+02,-2.433201364555e+02
989,16145,5912475585.937500,-2.240570308183e+02,-2.240570308183e+02,-2.706042477199e+02,-1.725982452972e+02,-2.737909280934e+02,-1.744294197884e+02,-2.737927924322e+02,-1.744297615953e+02
990,16146,5912841796.875000,3.136798431456e+02,-1.344342184910e+02,2.812680056877e+02,-2.008440359775e+02,2.843847244007e+02,-2.032942256857e+02,2.843858233566e+02,-2.032959556680e+02
991,16147,5913208007.812500,-1.344342184910e+02,-1.344342184910e+02,-1.617346310366e+02,-1.044509994372e+02,-1.636463490457e+02,-1.055643820016e+02,-1.636474748976e+02,-1.055645989535e+02
992,16148,5913574218.750000,4.481140616365e+01,2.240570308183e+02,9.128674814383e+01,2.126495230340e+02,9.244886618220e+01,2.150463079853e+02,9.244984627457e+01,2.150472852617e+02
993,16149,5913940429.687500,4.481140616365e+01,1.344342184910e+02,7.206096493558e+01,1.241310286103e+02,7.295660808950e+01,1.255226139204e+02,7.295728645760e+01,1.255231460938e+02
994,16150,5914306640.625000,2.240570308183e+02,1.344342184910e+02,2.495614845086e+02,8.790391407175e+01,2.524872213052e+02,8.878605586641e+01,2.524888165439e+02,8.878599331188e+01
995,16151,5914672851.562500,1.344342184910e+02,4.481140616365e+01,1.423775299491e+02,1.748421581859e+01,1.440321693026e+02,1.761095175153e+01,1.440330108474e+02,1.761073337240e+01
996,16152,5915039062.500000,-2.240570308183e+02,-1.344342184910e+02,-2.489976193802e+02,-8.898964586650e+01,-2.519270371181e+02,-8.988804180553e+01,-2.519286462939e+02,-8.988799180993e+01
997,16153,5915405273.437500,-3.136798431456e+02,-2.240570308183e+02,-3.550185523704e+02,-1.615526609917e+02,-3.592204270380e+02,-1.632380289376e+02,-3.592228093179e+02,-1.632381590070e+02
998,16154,5915771484.375000,-1.344342184910e+02,3.136798431456e+02,-7.388729031355e+01,3.372726511565e+02,-7.456697733799e+01,3.412288027107e+02,-7.456664971440e+01,3.412308991095e+02
999,16155,5916137695.312500,-2.240570308183e+02,4.481140616365e+01,-2.144350165224e+02,8.630777611156e+01,-2.168838443256e+02,8.742523082396e+01,-2.168848871779e+02,8.742620529566e+01
1000,16156,5916503906.250000,-3.136798431456e+02,-2.240570308183e+02,-3.529959630037e+02,-1.657354532037e+02,-3.571966367238e+02,-1.674797854953e+02,-3.571990499571e+02,-1.674799593941e+02
1001,16157,5916870117.187500,-3.136798431456e+02,3.136798431456e+02,-2.563781163066e+02,3.683294461408e+02,-2.591752638694e+02,3.727636270182e+02,-2.591759368224e+02,3.727663427779e+02
1002,16158,5917236328.125000,-1.344342184910e+02,2.240570308183e+02,-9.472841640630e+01,2.467698339321e+02,-9.570512806067e+01,2.497044335592e+02,-9.570513339304e+01,2.497060896339e+02
1003,16159,5917602539.062500,-1.344342184910e+02,3.136798431456e+02,-8.009332583469e+01,3.358034901437e+02,-8.085333881392e+01,3.397772634766e+02,-8.085306286082e+01,3.397794195898e+02
1004,16160,5917968750.000000,4.481140616365e+01,-1.344342184910e+02,2.200643120113e+01,-1.416412509135e+02,2.218953038408e+01,-1.433137522999e+02,2.218934536369e+01,-1.433146403258e+02
1005,16161,5918334960.937500,4.481140616365e+01,-3.136798431456e+02,-7.220818840294e+00,-3.204559999650e+02,-7.475180430695e+00,-3.242156368002e+02,-7.475936996975e+00,-3.242175300069e+02
1006,16162,5918701171.875000,-4.481140616365e+01,-3.136798431456e+02,-9.568923549802e+01,-3.059430006097e+02,-9.697663752282e+01,-3.094909394129e+02,-9.697789223235e+01,-3.094925598476e+02
1007,16163,5919067382.812500,-3.136798431456e+02,-3.136798431456e+02,-3.633518516720e+02,-2.635110404612e+02,-3.677716703947e+02,-2.664230092016e+02,-3.677744476164e+02,-2.664237886599e+02
1008,16164,5919433593.750000,2.240570308183e+02,1.344342184910e+02,2.450272463751e+02,9.962746894777e+01,2.479708482145e+02,1.006732393892e+02,2.479725560166e+02,1.006732979387e+02
1009,16165,5919799804.687500,2.240570308183e+02,1.344342184910e+02,2.447767016773e+02,1.005841328230e+02,2.477222194459e+02,1.016431140566e+02,2.477239368012e+02,1.016431826235e+02
1010,16166,5920166015.625000,-2.240570308183e+02,-3.136798431456e+02,-2.712955884606e+02,-2.807838797271e+02,-2.746546195837e+02,-2.839630507200e+02,-2.746569100758e+02,-2.839641700001e+02
1011,16167,5920532226.562500,2.240570308183e+02,-4.481140616365e+01,2.177566829451e+02,-7.804933441626e+01,2.202960992238e+02,-7.908955879358e+01,2.202972701666e+02,-7.909052573307e+01
1012,16168,5920898437.500000,-3.136798431456e+02,-3.136798431456e+02,-3.600951382550e+02,-2.680130832483e+02,-3.645108968043e+02,-2.710035440941e+02,-3.645137311671e+02,-2.710044074615e+02
1013,16169,5921264648.437500,4.481140616365e+01,3.136798431456e+02,8.955437634222e+01,3.077433807614e+02,9.078170170763e+01,3.113539157872e+02,9.078294699887e+01,3.113556404043e+02
1014,16170,5921630859.375000,-1.344342184910e+02,-3.136798431456e+02,-1.776276337719e+02,-2.958473250694e+02,-1.798986018063e+02,-2.992749657643e+02,-1.799003782177e+02,-2.992764314162e+02
1015,16171,5921997070.312500,3.136798431456e+02,-2.240570308183e+02,2.849312692011e+02,-2.657667666881e+02,2.881872193572e+02,-2.690856978341e+02,2.881884313084e+02,-2.690880149917e+02
1016,16172,5922363281.250000,4.481140616365e+01,-1.344342184910e+02,2.761745745113e+01,-1.405895026296e+02,2.787274704186e+01,-1.422824524414e+02,2.787260986018e+01,-1.422834096594e+02
1017,16173,5922729492.187500,3.136798431456e+02,1.344342184910e+02,3.317490698296e+02,9.527766806362e+01,3.357654869016e+02,9.624112162185e+01,3.357678262084e+02,9.624099359482e+01
1018,16174,5923095703.125000,-2.240570308183e+02,2.240570308183e+02,-1.973036736505e+02,2.525875930214e+02,-1.995320458644e+02,2.557159054198e+02,-1.995327564347e+02,2.557179748275e+02
1019,16175,5923461914.062500,-3.136798431456e+02,2.240570308183e+02,-2.882448221591e+02,2.623806826522e+02,-2.915615529078e+02,2.656787611826e+02,-2.915628405092e+02,2.656811073086e+02
1020,16176,5923828125.000000,1.344342184910e+02,-3.136798431456e+02,9.888463869611e+01,-3.304761016890e+02,9.989684637663e+01,-3.344958171319e+02,9.989675662691e+01,-3.344981976799e+02
1021,16177,5924194335.937500,-1.344342184910e+02,-2.240570308183e+02,-1.601012257254e+02,-2.100373513421e+02,-1.621370602798e+02,-2.124775952463e+02,-1.621385815615e+02,-2.124786205716e+02
1022,16178,5924560546.875000,-4.481140616365e+01,-4.481140616365e+01,-4.993442023554e+01,-4.014145154477e+01,-5.055677660600e+01,-4.059824533642e+01,-5.055719673671e+01,-4.059839995209e+01
1023,16179,5924926757.812500,-3.136798431456e+02,-3.136798431456e+02,-3.488971018015e+02,-2.819590384563e+02,-3.532520535793e+02,-2.851731965129e+02,-3.532550076802e+02,-2.851742989976e+02
1024,16180,5925292968.750000,4.481140616365e+01,-2.240570308183e+02,2.212320975363e+01,-2.299894615391e+02,2.226851709829e+01,-2.327772642810e+02,2.226815320347e+01,-2.327788570163e+02
1025,16181,5925659179.687500,-3.136798431456e+02,3.136798431456e+02,-2.849949949586e+02,3.463505241364e+02,-2.882562987579e+02,3.506875799335e+02,-2.882574525113e+02,3.506905547185e+02
1026,16182,5926025390.625000,1.344342184910e+02,4.481140616365e+01,1.395133953544e+02,3.257458908907e+01,1.412191141117e+02,3.289498122925e+01,1.412201355294e+02,3.289489195277e+01
1027,16183,5926391601.562500,-3.136798431456e+02,3.136798431456e+02,-2.875518743464e+02,3.441888513570e+02,-2.908543862140e+02,3.485121088568e+02,-2.908555882348e+02,3.485151061507e+02
1028,16184,5926757812.500000,1.344342184910e+02,2.240570308183e+02,1.549703801081e+02,2.139480304257e+02,1.569640808263e+02,2.164621044915e+02,1.569656257625e+02,2.164632340282e+02
1029,16185,5927124023.437500,4.481140616365e+01,3.136798431456e+02,7.144149120568e+01,3.122361628243e+02,7.247477777945e+01,3.159919969696e+02,7.247596927840e+01,3.159940047725e+02
1030,16186,5927490234.375000,1.344342184910e+02,-4.481140616365e+01,1.318374057293e+02,-5.581426392614e+01,1.334117287065e+02,-5.656305917343e+01,1.334125255705e+02,-5.656374292986e+01
1031,16187,5927856445.312500,2.240570308183e+02,-1.344342184910e+02,2.155203184347e+02,-1.521883511400e+02,2.180649997626e+02,-1.541562351458e+02,2.180661769504e+02,-1.541577860832e+02
1032,16188,5928222656.250000,-3.136798431456e+02,1.344342184910e+02,-3.064874024486e+02,1.575470111885e+02,-3.101420137155e+02,1.596307417506e+02,-3.101438337917e+02,1.596325407262e+02
1033,16189,5928588867.187500,-1.344342184910e+02,-3.136798431456e+02,-1.561972834201e+02,-3.073387236981e+02,-1.582673850322e+02,-3.110091133913e+02,-1.582691840046e+02,-3.110109575352e+02
1034,16190,5928955078.125000,2.240570308183e+02,-3.136798431456e+02,2.067870074567e+02,-3.301632889607e+02,2.091405410795e+02,-3.343095484619e+02,2.091412905608e+02,-3.343123805837e+02
1035,16191,5929321289.062500,-1.344342184910e+02,-2.240570308183e+02,-1.486659191045e+02,-2.182633133321e+02,-1.506013828840e+02,-2.208565203694e+02,-1.506029444531e+02,-2.208577676125e+02
1036,16192,5929687500.000000,1.344342184910e+02,1.344342184910e+02,1.430791706036e+02,1.282607162864e+02,1.449007320002e+02,1.297570098892e+02,1.449020598297e+02,1.297576251260e+02
1037,16193,5930053710.937500,-2.240570308183e+02,4.481140616365e+01,-2.238275539751e+02,5.687486597876e+01,-2.265441187318e+02,5.769129279738e+01,-2.265456334650e+02,5.769220870724e+01
1038,16194,5930419921.875000,-1.344342184910e+02,4.481140616365e+01,-1.335694136129e+02,5.168681221844e+01,-1.351830948430e+02,5.239255265614e+01,-1.351839660873e+02,5.239323204422e+01
1039,16195,5930786132.812500,3.136798431456e+02,-3.136798431456e+02,3.029431191305e+02,-3.305154703094e+02,3.064945425239e+02,-3.347414122059e+02,3.064960589591e+02,-3.347445454611e+02
1040,16196,5931152343.750000,-4.481140616365e+01,3.136798431456e+02,-3.290829799529e+01,3.185425515168e+02,-3.314492594377e+01,3.224828712233e+02,-3.314446247640e+01,3.224853303472e+02
1041,16197,5931518554.687500,3.136798431456e+02,-4.481140616365e+01,3.153017925440e+02,-5.590936902774e+01,3.191597106204e+02,-5.676563353014e+01,3.191619642353e+02,-5.676675797318e+01
1042,16198,5931884765.625000,-4.481140616365e+01,-1.344342184910e+02,-4.910199080249e+01,-1.345175198707e+02,-4.977931295227e+01,-1.361519778153e+02,-4.977998575840e+01,-1.361528901990e+02
1043,16199,5932250976.562500,-3.136798431456e+02,2.240570308183e+02,-3.111422361777e+02,2.340100020555e+02,-3.148634157805e+02,2.370666130159e+02,-3.148652745112e+02,2.370690967514e+02
1044,16200,5932617187.500000,-4.481140616365e+01,1.344342184910e+02,-4.226296092086e+01,1.366127499563e+02,-4.271350784169e+01,1.383252957901e+02,-4.271352896531e+01,1.383264425631e+02
1045,16201,5932983398.437500,3.136798431456e+02,-1.344342184910e+02,3.136759805876e+02,-1.414921485444e+02,3.174862306552e+02,-1.434107358650e+02,3.174883493364e+02,-1.434125330053e+02
1046,16202,5933349609.375000,3.136798431456e+02,-1.344342184910e+02,3.140972924843e+02,-1.410827410761e+02,3.179173205596e+02,-1.429984340076e+02,3.179194608609e+02,-1.430002367654e+02
1047,16203,5933715820.312500,-1.344342184910e+02,-4.481140616365e+01,-1.364271788876e+02,-4.310132215614e+01,-1.381435339635e+02,-4.356412481238e+01,-1.381447039167e+02,-4.356415996686e+01
1048,16204,5934082031.250000,2.240570308183e+02,2.240570308183e+02,2.294054888361e+02,2.232365592009e+02,2.323745279678e+02,2.258892727450e+02,2.323768443232e+02,2.258905311687e+02
1049,16205,5934448242.187500,2.240570308183e+02,-4.481140616365e+01,2.259054861931e+02,-4.740904105248e+01,2.286907803943e+02,-4.811845077033e+01,2.286924785678e+02,-4.811933293205e+01
1050,16206,5934814453.125000,4.481140616365e+01,-2.240570308183e+02,4.406859698841e+01,-2.265829249302e+02,4.449745279257e+01,-2.294281188169e+02,4.449730209450e+01,-2.294300393703e+02
1051,16207,5935180664.062500,-4.481140616365e+01,-3.136798431456e+02,-4.547210945411e+01,-3.168881102734e+02,-4.620681443744e+01,-3.208147632851e+02,-4.620788925072e+01,-3.208172289065e+02
1052,16208,5935546875.000000,-1.344342184910e+02,-3.136798431456e+02,-1.343958158882e+02,-3.175967317189e+02,-1.362413058557e+02,-3.214893197139e+02,-1.362431104764e+02,-3.214916114218e+02
1053,16209,5935913085.937500,1.344342184910e+02,-3.136798431456e+02,1.389680667092e+02,-3.156963905812e+02,1.405371028492e+02,-3.197141371937e+02,1.405375410827e+02,-3.197170414941e+02
1054,16210,5936279296.875000,-2.240570308183e+02,-3.136798431456e+02,-2.219418204878e+02,-3.199521424565e+02,-2.248869547830e+02,-3.238360988315e+02,-2.248895053235e+02,-3.238382525045e+02
1055,16211,5936645507.812500,-1.344342184910e+02,-3.136798431456e+02,-1.301563311809e+02,-3.189258176099e+02,-1.319546830861e+02,-3.228496398904e+02,-1.319564793911e+02,-3.228520088528e+02
1056,16212,5937011718.750000,4.481140616365e+01,-2.240570308183e+02,4.992834863060e+01,-2.249807363991e+02,5.043492092645e+01,-2.278266554670e+02,5.043483861330e+01,-2.278286562721e+02
1057,16213,5937377929.687500,-1.344342184910e+02,-2.240570308183e+02,-1.304488713066e+02,-2.290891318791e+02,-1.322066297622e+02,-2.318939170529e+02,-1.322082440956e+02,-2.318955641582e+02
1058,16214,5937744140.625000,-4.481140616365e+01,-2.240570308183e+02,-3.965489256869e+01,-2.271794855911e+02,-4.027315163775e+01,-2.300112404822e+02,-4.027399609901e+01,-2.300130878575e+02
1059,16215,5938110351.562500,2.240570308183e+02,-2.240570308183e+02,2.323949623442e+02,-2.199018845433e+02,2.351996461748e+02,-2.227890489831e+02,2.352011504825e+02,-2.227914546148e+02
1060,16216,5938476562.500000,-4.481140616365e+01,-1.344342184910e+02,-4.070056414612e+01,-1.372682911780e+02,-4.128535059531e+01,-1.389738486646e+02,-4.128600857030e+01,-1.389749446686e+02
1061,16217,5938842773.437500,-4.481140616365e+01,1.344342184910e+02,-5.062272454224e+01,1.340251636854e+02,-5.118930303106e+01,1.357399135473e+02,-5.118944501206e+01,1.357411936046e+02
1062,16218,5939208984.375000,3.136798431456e+02,1.344342184910e+02,3.108540621864e+02,1.496568154222e+02,3.148520403010e+02,1.513788169609e+02,3.148551008840e+02,1.513794365534e+02
1063,16219,5939575195.312500,-4.481140616365e+01,-4.481140616365e+01,-4.309200130923e+01,-4.735307669051e+01,-4.366082646889e+01,-4.792777171679e+01,-4.366131283593e+01,-4.792809403483e+01
1064,16220,5939941406.250000,2.240570308183e+02,-1.344342184910e+02,2.327667863178e+02,-1.241731080388e+02,2.356409144446e+02,-1.258647072082e+02,2.356427092849e+02,-1.258663315276e+02
1065,16221,5940307617.187500,-2.240570308183e+02,-4.481140616365e+01,-2.232831289001e+02,-5.766671039334e+01,-2.261364053339e+02,-5.827748223000e+01,-2.261385358061e+02,-5.827750127828e+01
1066,16222,5940673828.125000,4.481140616365e+01,-4.481140616365e+01,4.786811136355e+01,-4.238621964982e+01,4.845136901571e+01,-4.294790982480e+01,4.845170678260e+01,-4.294839937563e+01
1067,16223,5941040039.062500,-4.481140616365e+01,4.481140616365e+01,-4.806653729019e+01,4.213397954083e+01,-4.865299458746e+01,4.269307028361e+01,-4.865333787665e+01,4.269356078085e+01
1068,16224,5941406250.000000,4.481140616365e+01,3.136798431456e+02,2.353183581363e+01,3.188303357317e+02,2.399899536817e+01,3.228595681120e+02,2.399992211581e+01,3.228624372128e+02
1069,16225,5941772460.937500,2.240570308183e+02,-3.136798431456e+02,2.479525710090e+02,-2.998021111373e+02,2.509398070672e+02,-3.037373112914e+02,2.509414270701e+02,-3.037406316225e+02
1070,16226,5942138671.875000,-1.344342184910e+02,3.136798431456e+02,-1.584936528965e+02,3.058807884066e+02,-1.603443956287e+02,3.098491724125e+02,-1.603451869995e+02,3.098523699475e+02
1071,16227,5942504882.812500,-1.344342184910e+02,-3.136798431456e+02,-1.114906116102e+02,-3.259712638272e+02,-1.130803365315e+02,-3.300554169955e+02,-1.130821078171e+02,-3.300582212496e+02
1072,16228,5942871093.750000,-2.240570308183e+02,3.136798431456e+02,-2.500246325226e+02,2.981974632874e+02,-2.530473465730e+02,3.021233560448e+02,-2.530490401505e+02,3.021267269660e+02
1073,16229,5943237304.687500,4.481140616365e+01,2.240570308183e+02,2.669140875159e+01,2.290835979388e+02,2.715258156187e+01,2.319862102767e+02,2.715334622149e+01,2.319883276955e+02
1074,16230,5943603515.625000,-4.481140616365e+01,4.481140616365e+01,-4.894813971622e+01,4.115718009188e+01,-4.955008945258e+01,4.170757291389e+01,-4.955046618435e+01,4.170807607095e+01
1075,16231,5943969726.562500,-2.240570308183e+02,-3.136798431456e+02,-1.963259184685e+02,-3.357261060844e+02,-1.990076236857e+02,-3.399038836353e+02,-1.990102656088e+02,-3.399066827557e+02
1076,16232,5944335937.500000,1.344342184910e+02,4.481140616365e+01,1.307765484706e+02,5.783438403693e+01,1.324764535107e+02,5.850333392037e+01,1.324778526764e+02,5.850360388183e+01
1077,16233,5944702148.437500,4.481140616365e+01,-1.344342184910e+02,5.829327378808e+01,-1.306064457734e+02,5.896878085950e+01,-1.323057905353e+02,5.896905977441e+01,-1.323071983182e+02
1078,16234,5945068359.375000,-1.344342184910e+02,3.136798431456e+02,-1.670248314863e+02,3.013083448662e+02,-1.690006760301e+02,3.052490834335e+02,-1.690016497323e+02,3.052524252551e+02
1079,16235,5945434570.312500,-2.240570308183e+02,-4.481140616365e+01,-2.202668369094e+02,-6.839415470693e+01,-2.231214655865e+02,-6.915261651415e+01,-2.231238045539e+02,-6.915280397122e+01
1080,16236,5945800781.250000,1.344342184910e+02,4.481140616365e+01,1.301359461448e+02,5.934045959620e+01,1.318338390312e+02,6.003141669492e+01,1.318352725539e+02,6.003171964647e+01
1081,16237,5946166992.187500,2.240570308183e+02,-2.240570308183e+02,2.496091984398e+02,-1.998791845641e+02,2.527022131049e+02,-2.025729655607e+02,2.527042809229e+02,-2.025755354384e+02
1082,16238,5946533203.125000,-2.240570308183e+02,1.344342184910e+02,-2.402888566313e+02,1.084804949364e+02,-2.433132225778e+02,1.099990899651e+02,-2.433154180215e+02,1.100007265298e+02
1083,16239,5946899414.062500,-3.136798431456e+02,-2.240570308183e+02,-2.864410601610e+02,-2.630034293200e+02,-2.902569349420e+02,-2.662274386493e+02,-2.902604485141e+02,-2.662294867761e+02
1084,16240,5947265625.000000,4.481140616365e+01,-1.344342184910e+02,6.184941506511e+01,-1.288145032290e+02,6.257564037705e+01,-1.305018913346e+02,6.257598947892e+01,-1.305033550549e+02
1085,16241,5947631835.937500,-3.136798431456e+02,-1.344342184910e+02,-2.962389513574e+02,-1.748021418242e+02,-3.001395875798e+02,-1.768922412820e+02,-3.001430484966e+02,-1.768933922794e+02
1086,16242,5947998046.875000,-3.136798431456e+02,1.344342184910e+02,-3.309400287497e+02,9.315529800046e+01,-3.351479376579e+02,9.452896034068e+01,-3.351511851799e+02,9.453067147189e+01
1087,16243,5948364257.812500,2.240570308183e+02,-1.344342184910e+02,2.417028649522e+02,-1.046411760852e+02,2.447589987493e+02,-1.061163076093e+02,2.447613071326e+02,-1.061179474461e+02
1088,16244,5948730468.750000,-2.240570308183e+02,2.240570308183e+02,-2.539886706190e+02,1.939708192880e+02,-2.571580010618e+02,1.966042442805e+02,-2.571602585777e+02,1.966068657182e+02
1089,16245,5949096679.687500,-4.481140616365e+01,-1.344342184910e+02,-2.645377485163e+01,-1.405152995036e+02,-2.686924924067e+01,-1.423128014820e+02,-2.686984505408e+01,-1.423142415887e+02
1090,16246,5949462890.625000,-2.240570308183e+02,-3.136798431456e+02,-1.792368580234e+02,-3.451857163478e+02,-1.817320456337e+02,-3.495440095368e+02,-1.817347420179e+02,-3.495473188022e+02
1091,16247,5949829101.562500,-4.481140616365e+01,2.240570308183e+02,-7.783233518555e+01,2.170046009092e+02,-7.872219213361e+01,2.198473475148e+02,-7.872255020956e+01,2.198498698625e+02
1092,16248,5950195312.500000,1.344342184910e+02,-3.136798431456e+02,1.817844263595e+02,-2.924561220420e+02,1.839779344248e+02,-2.963305945902e+02,1.839792633008e+02,-2.963341882968e+02
1093,16249,5950561523.437500,1.344342184910e+02,4.481140616365e+01,1.271025183373e+02,6.553243256209e+01,1.287803514277e+02,6.631227198326e+01,1.287818931429e+02,6.631270778250e+01
1094,16250,5950927734.375000,-4.481140616365e+01,-2.240570308183e+02,-9.236164679036e+00,-2.304289993056e+02,-9.477713119724e+00,-2.334049631698e+02,-9.478329556064e+00,-2.334074905516e+02
1095,16251,5951293945.312500,1.344342184910e+02,2.240570308183e+02,9.805393029862e+01,2.447467378896e+02,9.945285575741e+01,2.478629486184e+02,9.945449403511e+01,2.478654554392e+02
1096,16252,5951660156.250000,-2.240570308183e+02,3.136798431456e+02,-2.738563315073e+02,2.760557151451e+02,-2.772573572825e+02,2.797765469269e+02,-2.772598127583e+02,2.797802545148e+02
1097,16253,5952026367.187500,1.344342184910e+02,-2.240570308183e+02,1.704650808758e+02,-2.009270023905e+02,1.725680890391e+02,-2.036215844760e+02,1.725695661680e+02,-2.036242347081e+02
1098,16254,5952392578.125000,-3.136798431456e+02,-1.344342184910e+02,-2.891808344519e+02,-1.864669355413e+02,-2.930301445338e+02,-1.887321192823e+02,-2.930338507040e+02,-1.887335951641e+02
1099,16255,5952758789.062500,3.136798431456e+02,-4.481140616365e+01,3.192672598683e+02,9.777657763432e+00,3.234157482723e+02,9.735411097387e+00,3.234194281547e+02,9.734810441315e+00
1100,16256,5953125000.000000,2.240570308183e+02,-2.240570308183e+02,2.620450745019e+02,-1.827101427086e+02,2.653510701339e+02,-1.852215512900e+02,2.653536860087e+02,-1.852242445509e+02
1101,16257,5953491210.937500,-2.240570308183e+02,2.240570308183e+02,-2.627204990692e+02,1.821272894064e+02,-2.660376354339e+02,1.846329176658e+02,-2.660402818814e+02,1.846356206215e+02
1102,16258,5953857421.875000,1.344342184910e+02,3.136798431456e+02,7.618424388975e+01,3.360115335707e+02,7.735273436483e+01,3.403396926922e+02,7.735437607540e+01,3.403434549724e+02
1103,16259,5954223632.812500,-2.240570308183e+02,-3.136798431456e+02,-1.636082371249e+02,-3.531380333209e+02,-1.659236585120e+02,-3.576452338212e+02,-1.659263751306e+02,-3.576490305516e+02
1104,16260,5954589843.750000,-1.344342184910e+02,-3.136798431456e+02,-7.278573591740e+01,-3.366676129959e+02,-7.391149479718e+01,-3.410112013502e+02,-7.391311030733e+01,-3.410150347035e+02
1105,16261,5954956054.687500,2.240570308183e+02,-3.136798431456e+02,2.837846011877e+02,-2.659624412599e+02,2.873396102881e+02,-2.695765909069e+02,2.873424083995e+02,-2.695804033738e+02
1106,16262,5955322265.625000,-4.481140616365e+01,4.481140616365e+01,-5.331282026178e+01,3.531966660889e+01,-5.398882510433e+01,3.580816037766e+01,-5.398938794010e+01,3.580870452853e+01
1107,16263,5955688476.562500,-4.481140616365e+01,-4.481140616365e+01,-3.520302106716e+01,-5.340796644282e+01,-3.569029848835e+01,-5.408565670425e+01,-3.569084442285e+01,-5.408622545246e+01
1108,16264,5956054687.500000,-4.481140616365e+01,4.481140616365e+01,-5.350365959329e+01,3.507873767130e+01,-5.418304192678e+01,3.556469384910e+01,-5.418361665040e+01,3.556524147073e+01
1109,16265,5956420898.437500,1.344342184910e+02,4.481140616365e+01,1.234277313798e+02,7.229490848524e+01,1.250770356088e+02,7.317312272164e+01,1.250787140760e+02,7.317373569814e+01
1110,16266,5956787109.375000,3.136798431456e+02,-1.344342184910e+02,3.380046083036e+02,-6.632032302414e+01,3.423834890259e+02,-6.736548074594e+01,3.423875243070e+02,-6.736705630546e+01
1111,16267,5957153320.312500,-3.136798431456e+02,-3.136798431456e+02,-2.422963358716e+02,-3.765120246605e+02,-2.456616100447e+02,-3.813030813840e+02,-2.456654704791e+02,-3.813072327395e+02
1112,16268,5957519531.250000,1.344342184910e+02,3.136798431456e+02,6.495493104097e+01,3.383237866468e+02,6.598329881035e+01,3.427120862694e+02,6.598486944317e+01,3.427161869767e+02
1113,16269,5957885742.187500,2.240570308183e+02,3.136798431456e+02,1.527818094294e+02,3.579488255517e+02,1.549696837076e+02,3.625494754343e+02,1.549724136499e+02,3.625536574349e+02
1114,16270,5958251953.125000,2.240570308183e+02,1.344342184910e+02,1.912071736749e+02,1.817215016176e+02,1.938054702694e+02,1.839980889336e+02,1.938083089633e+02,1.839999741264e+02
1115,16271,5958618164.062500,-2.240570308183e+02,1.344342184910e+02,-2.505407549633e+02,8.237665938496e+01,-2.537771076509e+02,8.358785054901e+01,-2.537801335246e+02,8.358946544050e+01
1116,16272,5958984375.000000,-3.136798431456e+02,-3.136798431456e+02,-2.375811246395e+02,-3.794285595053e+02,-2.408939627657e+02,-3.842723873218e+02,-2.408978749076e+02,-3.842767513301e+02
1117,16273,5959350585.937500,4.481140616365e+01,4.481140616365e+01,3.372262857900e+01,5.431251078437e+01,3.419330470729e+01,5.500635191077e+01,3.419386401452e+01,5.500698203953e+01
1118,16274,5959716796.875000,2.240570308183e+02,-2.240570308183e+02,2.721025584955e+02,-1.675155649897e+02,2.755810462480e+02,-1.698558503415e+02,2.755842305905e+02,-1.698586487692e+02
1119,16275,5960083007.812500,4.481140616365e+01,-4.481140616365e+01,5.452343788056e+01,-3.329628602439e+01,5.522091381380e+01,-3.376188145039e+01,5.522155736878e+01,-3.376244164466e+01
1120,16276,5960449218.750000,2.240570308183e+02,-4.481140616365e+01,2.301015147475e+02,9.822004450588e+00,2.331260033087e+02,9.828967042946e+00,2.331290757296e+02,9.828583319470e+00
1121,16277,5960815429.687500,-4.481140616365e+01,2.240570308183e+02,-9.815536136603e+01,2.083100137428e+02,-9.933349181661e+01,2.110965418770e+02,-9.933433666517e+01,2.110995415230e+02
1122,16278,5961181640.625000,-4.481140616365e+01,1.344342184910e+02,-7.670109342299e+01,1.204726173990e+02,-7.764455372429e+01,1.220953877268e+02,-7.764531535739e+01,1.220971779843e+02
1123,16279,5961547851.562500,-2.240570308183e+02,-4.481140616365e+01,-2.079853145086e+02,-9.898144937483e+01,-2.107702945691e+02,-1.001716780565e+02,-2.107733295707e+02,-1.001725526363e+02
1124,16280,5961914062.500000,2.240570308183e+02,-3.136798431456e+02,2.967364601919e+02,-2.510347931534e+02,3.005035804170e+02,-2.544914750257e+02,3.005070614896e+02,-2.544955571855e+02
1125,16281,5962280273.437500,4.481140616365e+01,1.344342184910e+02,1.019361528581e+01,1.425275948635e+02,1.040316612234e+01,1.443962337658e+02,1.040362428615e+01,1.443981654590e+02
1126,16282,5962646484.375000,4.481140616365e+01,1.344342184910e+02,9.897892095468e+00,1.425524667896e+02,1.010361843790e+01,1.444223137947e+02,1.010407352479e+01,1.444242596560e+02
1127,16283,5963012695.312500,-3.136798431456e+02,2.240570308183e+02,-3.630241098140e+02,1.390063408792e+02,-3.677273680885e+02,1.410278305907e+02,-3.677321028720e+02,1.410305734740e+02
1128,16284,5963378906.250000,-1.344342184910e+02,1.344342184910e+02,-1.656771841120e+02,9.644461755571e+01,-1.678069769958e+02,9.780195457867e+01,-1.678090795587e+02,9.780367407418e+01
1129,16285,5963745117.187500,2.240570308183e+02,-3.136798431456e+02,3.000901112443e+02,-2.469967307332e+02,3.039109035490e+02,-2.504082573961e+02,3.039145784378e+02,-2.504124066984e+02
1130,16286,5964111328.125000,2.240570308183e+02,-4.481140616365e+01,2.298930762221e+02,1.544679337033e+01,2.329296203414e+02,1.552845959888e+01,2.329329144366e+02,1.552816500772e+01
1131,16287,5964477539.062500,-1.344342184910e+02,-4.481140616365e+01,-1.190974598769e+02,-7.911793529150e+01,-1.207087801431e+02,-8.009739991724e+01,-1.207106567904e+02,-8.009826308769e+01
1132,16288,5964843750.000000,3.136798431456e+02,1.344342184910e+02,2.701456324895e+02,2.138687649998e+02,2.738199714974e+02,2.165448056643e+02,2.738243307266e+02,2.165472749195e+02
1133,16289,5965209960.937500,-3.136798431456e+02,4.481140616365e+01,-3.174445296272e+02,-3.998945806499e+01,-3.216515859531e+02,-4.034855875222e+01,-3.216562664785e+02,-4.034842785396e+01
1134,16290,5965576171.875000,4.481140616365e+01,3.136798431456e+02,-4.130728829718e+01,3.172031560140e+02,-4.168406622129e+01,3.214090559872e+02,-4.168395884885e+01,3.214137662677e+02
1135,16291,5965942382.812500,-2.240570308183e+02,3.136798431456e+02,-3.037522464087e+02,2.431175642021e+02,-3.076312515630e+02,2.464863059754e+02,-3.076351596319e+02,2.464905474126e+02
1136,16292,5966308593.750000,2.240570308183e+02,-1.344342184910e+02,2.546583982561e+02,-6.838982756155e+01,2.579832330494e+02,-6.942739976277e+01,2.579868366096e+02,-6.942897758252e+01
1137,16293,5966674804.687500,-3.136798431456e+02,-1.344342184910e+02,-2.666439727746e+02,-2.178877893778e+02,-2.702797175208e+02,-2.206230996412e+02,-2.702841633435e+02,-2.206257388665e+02
1138,16294,5967041015.625000,-4.481140616365e+01,-4.481140616365e+01,-3.081960253526e+01,-5.601629335304e+01,-3.125628677177e+01,-5.673971073383e+01,-3.125687252435e+01,-5.674047899269e+01
1139,16295,5967407226.562500,-1.344342184910e+02,4.481140616365e+01,-1.428511505736e+02,5.279155645917e+00,-1.447353558048e+02,5.424585969933e+00,-1.447374927452e+02,5.424984599479e+00
1140,16296,5967773437.500000,-1.344342184910e+02,3.136798431456e+02,-2.196750690067e+02,2.650254118545e+02,-2.224372202755e+02,2.686436182971e+02,-2.224399538143e+02,2.686481215840e+02
1141,16297,5968139648.437500,-1.344342184910e+02,-4.481140616365e+01,-1.170126611007e+02,-8.205614534777e+01,-1.186026378033e+02,-8.307863517768e+01,-1.186046041921e+02,-8.307962403532e+01
1142,16298,5968505859.375000,-2.240570308183e+02,4.481140616365e+01,-2.293609431974e+02,-2.193801639321e+01,-2.324046669906e+02,-2.210649537802e+01,-2.324082335726e+02,-2.210631924575e+01
1143,16299,5968872070.312500,-1.344342184910e+02,-2.240570308183e+02,-6.382972565404e+01,-2.555875231747e+02,-6.480917678776e+01,-2.589333197403e+02,-6.481073322301e+01,-2.589371221451e+02
1144,16300,5969238281.250000,-4.481140616365e+01,1.344342184910e+02,-8.301816972900e+01,1.162789683797e+02,-8.405455275757e+01,1.178608655247e+02,-8.405558252981e+01,1.178628574051e+02
1145,16301,5969604492.187500,1.344342184910e+02,2.240570308183e+02,6.256086037755e+01,2.559469707226e+02,6.352410053890e+01,2.592997302353e+02,6.352565066837e+01,2.593035919354e+02
1146,16302,5969970703.125000,4.481140616365e+01,3.136798431456e+02,-5.129188853224e+01,3.154195956256e+02,-5.180343153659e+01,3.196203400159e+02,-5.180353359297e+01,3.196254175337e+02
1147,16303,5970336914.062500,-2.240570308183e+02,-3.136798431456e+02,-1.211139317050e+02,-3.695321697309e+02,-1.229126300596e+02,-3.743585680143e+02,-1.229153737961e+02,-3.743641487001e+02
1148,16304,5970703125.000000,2.240570308183e+02,3.136798431456e+02,1.210530809196e+02,3.696714118203e+02,1.228513639242e+02,3.745006490419e+02,1.228541192248e+02,3.745062693020e+02
1149,16305,5971069335.937500,1.344342184910e+02,-4.481140616365e+01,1.430048518991e+02,-2.459707877951e+00,1.448968770368e+02,-2.568052079500e+00,1.448991648253e+02,-2.568411173607e+00
1150,16306,5971435546.875000,-3.136798431456e+02,3.136798431456e+02,-3.975354830930e+02,2.059270143741e+02,-4.026905230650e+02,2.088645536745e+02,-4.026964781367e+02,2.088687655070e+02
1151,16307,5971801757.812500,1.344342184910e+02,-3.136798431456e+02,2.258529544417e+02,-2.599982376153e+02,2.287064350622e+02,-2.635614021389e+02,2.287095216555e+02,-2.635661292883e+02
1152,16308,5972167968.750000,-1.344342184910e+02,2.240570308183e+02,-1.985496704596e+02,1.734490507730e+02,-2.010878295613e+02,1.758518410889e+02,-2.010906864988e+02,1.758551194052e+02
1153,16309,5972534179.687500,-1.344342184910e+02,-4.481140616365e+01,-1.150732764046e+02,-8.479771205499e+01,-1.166427541076e+02,-8.586017233464e+01,-1.166448359749e+02,-8.586130953513e+01
1154,16310,5972900390.625000,3.136798431456e+02,-4.481140616365e+01,3.148099982908e+02,5.481131890771e+01,3.190103947307e+02,5.537076922715e+01,3.190157264869e+02,5.537097243538e+01
1155,16311,5973266601.562500,-4.481140616365e+01,-1.344342184910e+02,-4.921940103432e-01,-1.429116773460e+02,-5.744468528216e-01,-1.448053092159e+02,-5.747745390008e-01,-1.448076876520e+02
1156,16312,5973632812.500000,-4.481140616365e+01,-4.481140616365e+01,-2.848834138784e+01,-5.722387051276e+01,-2.889624616489e+01,-5.796721301200e+01,-2.889685138890e+01,-5.796810804758e+01
1157,16313,5973999023.437500,-2.240570308183e+02,4.481140616365e+01,-2.285332966879e+02,-3.017022642327e+01,-2.315786007876e+02,-3.044904473702e+01,-2.315825208128e+02,-3.044904240957e+01
1158,16314,5974365234.375000,-4.481140616365e+01,1.344342184910e+02,-8.644587306418e+01,1.138398255243e+02,-8.753155584197e+01,1.153948020123e+02,-8.753276762227e+01,1.153969262402e+02
1159,16315,5974731445.312500,-1.344342184910e+02,1.344342184910e+02,-1.719361543871e+02,8.489333437516e+01,-1.741707487531e+02,8.610998638614e+01,-1.741734933126e+02,8.611181964405e+01
1160,16316,5975097656.250000,-2.240570308183e+02,-3.136798431456e+02,-1.126967872092e+02,-3.720956833830e+02,-1.143882726566e+02,-3.769697801195e+02,-1.143910397869e+02,-3.769759175806e+02
1161,16317,5975463867.187500,4.481140616365e+01,1.344342184910e+02,-6.822884809063e-01,1.429602265288e+02,-6.155795239585e-01,1.448563353666e+02,-6.152716624860e-01,1.448588067747e+02
1162,16318,5975830078.125000,4.481140616365e+01,3.136798431456e+02,-5.881554238790e+01,3.143078026665e+02,-5.942897880051e+01,3.185072173420e+02,-5.942929835910e+01,3.185128122336e+02
1163,16319,5976196289.062500,3.136798431456e+02,2.240570308183e+02,2.269311151133e+02,3.159524988479e+02,2.301082327682e+02,3.200225869560e+02,2.301129078560e+02,3.200276049496e+02
1164,16320,5976562500.000000,-4.481140616365e+01,2.240570308183e+02,-1.157878376741e+02,1.993287327762e+02,-1.172179452482e+02,2.020338576113e+02,-1.172195367398e+02,2.020376235835e+02
1165,16321,5976928710.937500,2.240570308183e+02,-3.136798431456e+02,3.163108216100e+02,-2.260663324461e+02,3.203865782726e+02,-2.292324984428e+02,3.203916717295e+02,-2.292372073361e+02
1166,16322,5977294921.875000,-2.240570308183e+02,1.344342184910e+02,-2.577704133772e+02,5.440537595469e+01,-2.611607969364e+02,5.526363644699e+01,-2.611652655775e+02,5.526518171361e+01
1167,16323,5977661132.812500,4.481140616365e+01,3.136798431456e+02,-6.131693432482e+01,3.134282692199e+02,-6.196421330897e+01,3.176183902392e+02,-6.196461088290e+01,3.176241423925e+02
1168,16324,5978027343.750000,-2.240570308183e+02,-2.240570308183e+02,-1.382256316581e+02,-2.878135277439e+02,-1.402117570368e+02,-2.915582207524e+02,-1.402148918367e+02,-2.915630987152e+02
1169,16325,5978393554.687500,3.136798431456e+02,-4.481140616365e+01,3.133229426071e+02,6.255693511714e+01,3.175124888231e+02,6.322075143995e+01,3.175183093209e+02,6.322118489519e+01
1170,16326,5978759765.625000,-1.344342184910e+02,-3.136798431456e+02,-2.224154622562e+01,-3.436392877779e+02,-2.271869422799e+01,-3.481860915660e+02,-2.271986840627e+01,-3.481923092101e+02
1171,16327,5979125976.562500,3.136798431456e+02,-4.481140616365e+01,3.135492991854e+02,6.332751384565e+01,3.177422770635e+02,6.400143650230e+01,3.177481712862e+02,6.400189709818e+01
1172,16328,5979492187.500000,4.481140616365e+01,4.481140616365e+01,2.748211585326e+01,5.777669319355e+01,2.787729554246e+01,5.852856436333e+01,2.787793195719e+01,5.852956919039e+01
1173,16329,5979858398.437500,1.344342184910e+02,-2.240570308183e+02,2.036740634642e+02,-1.676690551972e+02,2.062869907987e+02,-1.700011493963e+02,2.062903968812e+02,-1.700047176185e+02
1174,16330,5980224609.375000,4.481140616365e+01,4.481140616365e+01,2.738976900078e+01,5.780173980319e+01,2.778371970528e+01,5.855395584360e+01,2.778436045900e+01,5.855497395769e+01
1175,16331,5980590820.312500,2.240570308183e+02,1.344342184910e+02,1.668808844574e+02,2.040185278861e+02,1.692025622897e+02,2.066362668337e+02,1.692061532133e+02,2.066397257264e+02
1176,16332,5980957031.250000,1.344342184910e+02,-4.481140616365e+01,1.428197765081e+02,3.559243669939e+00,1.447159868006e+02,3.530770190424e+00,1.447186931015e+02,3.530517978992e+00
1177,16333,5981323242.187500,-2.240570308183e+02,4.481140616365e+01,-2.278544269035e+02,-3.436033180732e+01,-2.308946724021e+02,-3.469531010198e+01,-2.308990793014e+02,-3.469545339536e+01
1178,16334,5981689453.125000,2.240570308183e+02,-1.344342184910e+02,2.587147447013e+02,-5.060151364647e+01,2.621190522214e+02,-5.140969676275e+01,2.621238841182e+02,-5.141124268153e+01
1179,16335,5982055664.062500,2.240570308183e+02,1.344342184910e+02,1.663658807139e+02,2.045983991981e+02,1.686805162574e+02,2.072234658315e+02,1.686841722950e+02,2.072270270533e+02
1180,16336,5982421875.000000,4.481140616365e+01,-3.136798431456e+02,1.507862033454e+02,-2.819234856780e+02,1.526362574750e+02,-2.857417396886e+02,1.526385424031e+02,-2.857475282567e+02
1181,16337,5982788085.937500,3.136798431456e+02,2.240570308183e+02,2.194885570007e+02,3.209991173849e+02,2.225688514780e+02,3.251389264698e+02,2.225738380396e+02,3.251446780330e+02
1182,16338,5983154296.875000,2.240570308183e+02,4.481140616365e+01,1.966565977960e+02,1.202086569025e+02,1.993275062888e+02,1.216981330590e+02,1.993316216134e+02,1.217000442731e+02
1183,16339,5983520507.812500,2.240570308183e+02,-4.481140616365e+01,2.278381814306e+02,3.509369681625e+01,2.308770582667e+02,3.543817369365e+01,2.308816185648e+02,3.543835430437e+01
1184,16340,5983886718.750000,-1.344342184910e+02,1.344342184910e+02,-1.738762550463e+02,8.105491149520e+01,-1.761379835109e+02,8.222141012656e+01,-1.761412419904e+02,8.222340264912e+01
1185,16341,5984252929.687500,1.344342184910e+02,-1.344342184910e+02,1.739972756589e+02,-8.081416938642e+01,1.762604482137e+02,-8.197740743059e+01,1.762637291950e+02,-8.197940456194e+01
1186,16342,5984619140.625000,3.136798431456e+02,1.344342184910e+02,2.500943374172e+02,2.367416914065e+02,2.535338620126e+02,2.397462975898e+02,2.535393956728e+02,2.397504748648e+02
1187,16343,5984985351.562500,-2.240570308183e+02,-2.240570308183e+02,-1.332359028125e+02,-2.906569025687e+02,-1.351552205247e+02,-2.944373308018e+02,-1.351585517381e+02,-2.944428811340e+02
1188,16344,5985351562.500000,1.344342184910e+02,-1.344342184910e+02,1.743124142172e+02,-8.021603004770e+01,1.765790935082e+02,-8.137105318401e+01,1.765824411949e+02,-8.137306635076e+01
1189,16345,5985717773.437500,4.481140616365e+01,-4.481140616365e+01,5.807284730022e+01,-2.684002224535e+01,5.882781563420e+01,-2.722629892074e+01,5.882893726370e+01,-2.722697500843e+01
1190,16346,5986083984.375000,-1.344342184910e+02,-2.240570308183e+02,-4.945826363249e+01,-2.591120321869e+02,-5.025054589632e+01,-2.625172546519e+02,-5.025213769842e+01,-2.625224459734e+02
1191,16347,5986450195.312500,-1.344342184910e+02,4.481140616365e+01,-1.429088224218e+02,-4.681603290005e+00,-1.448035133943e+02,-4.667863086270e+00,-1.448064643957e+02,-4.667639640450e+00
1192,16348,5986816406.250000,2.240570308183e+02,-3.136798431456e+02,3.223067724419e+02,-2.173755418384e+02,3.264583483663e+02,-2.204239950714e+02,3.264645306675e+02,-2.204292139169e+02
1193,16349,5987182617.187500,-4.481140616365e+01,3.136798431456e+02,-1.534664036816e+02,2.802895808120e+02,-1.553491001780e+02,2.840807073776e+02,-1.553516658644e+02,2.840868822734e+02
1194,16350,5987548828.125000,-3.136798431456e+02,3.136798431456e+02,-4.077179720064e+02,1.846825267769e+02,-4.130154014207e+02,1.873424621338e+02,-4.130235176238e+02,1.873472380869e+02
1195,16351,5987915039.062500,4.481140616365e+01,1.344342184910e+02,-5.629471386539e+00,1.429388631516e+02,-5.628206766964e+00,1.448329380378e+02,-5.628005309889e+00,1.448359573783e+02
1196,16352,5988281250.000000,3.136798431456e+02,-4.481140616365e+01,3.122512152735e+02,6.922109763636e+01,3.164180820692e+02,6.997123330183e+01,3.164248412552e+02,6.997199857992e+01
1197,16353,5988647460.937500,-1.344342184910e+02,-2.240570308183e+02,-4.773743355855e+01,-2.593034315266e+02,-4.850611982199e+01,-2.627071806917e+02,-4.850771531924e+01,-2.627125882375e+02
1198,16354,5989013671.875000,-4.481140616365e+01,2.240570308183e+02,-1.212986214129e+02,1.960069390742e+02,-1.227984332815e+02,1.986625985419e+02,-1.228005882218e+02,1.986670610230e+02
1199,16355,5989379882.812500,3.136798431456e+02,-4.481140616365e+01,3.124332119252e+02,6.852947751660e+01,3.165991355254e+02,6.926971571577e+01,3.166060056052e+02,6.927048972432e+01
1200,16356,5989746093.750000,3.136798431456e+02,-3.136798431456e+02,4.079513992808e+02,-1.853836921502e+02,4.132439007725e+02,-1.880495506076e+02,4.132523034809e+02,-1.880544706000e+02
1201,16357,5990112304.687500,-3.136798431456e+02,4.481140616365e+01,-3.125891386302e+02,-6.909315149613e+01,-3.167552463305e+02,-6.984027779456e+01,-3.167621938273e+02,-6.984107962904e+01
1202,16358,5990478515.625000,-1.344342184910e+02,-3.136798431456e+02,-1.583917674697e+01,-3.441475395529e+02,-1.623072291081e+01,-3.486842899982e+02,-1.623183923646e+01,-3.486917733886e+02
1203,16359,5990844726.562500,-3.136798431456e+02,-3.136798431456e+02,-1.853219207104e+02,-4.072699230486e+02,-1.879845659663e+02,-4.125489843107e+02,-1.879895480941e+02,-4.125575150918e+02
1204,16360,5991210937.500000,1.344342184910e+02,1.344342184910e+02,7.942631217365e+01,1.745628438349e+02,8.056718070454e+01,1.768248629039e+02,8.056932532328e+01,1.768285398180e+02
1205,16361,5991577148.437500,-3.136798431456e+02,3.136798431456e+02,-4.077081394606e+02,1.852904908548e+02,-4.129897791075e+02,1.879514860435e+02,-4.129984152605e+02,1.879565119957e+02
1206,16362,5991943359.375000,-1.344342184910e+02,-3.136798431456e+02,-1.572242736526e+01,-3.444314755491e+02,-1.611233050269e+01,-3.489665890821e+02,-1.611345236663e+01,-3.489742406196e+02
1207,16363,5992309570.312500,-4.481140616365e+01,1.344342184910e+02,-9.009842089072e+01,1.111845442213e+02,-9.122762487324e+01,1.126984633684e+02,-9.122939735321e+01,1.127011594843e+02
1208,16364,5992675781.250000,-4.481140616365e+01,2.240570308183e+02,-1.218268059783e+02,1.958027823627e+02,-1.233290393663e+02,1.984485085326e+02,-1.233313486395e+02,1.984531972237e+02
1209,16365,5993041992.187500,-4.481140616365e+01,1.344342184910e+02,-8.994852424111e+01,1.110886173297e+02,-9.107500559824e+01,1.126002069722e+02,-9.107679618829e+01,1.126029268788e+02
1210,16366,5993408203.125000,3.136798431456e+02,1.344342184910e+02,2.490975571877e+02,2.376093234027e+02,2.525049239437e+02,2.406074605618e+02,2.525111328189e+02,2.406123180603e+02
1211,16367,5993774414.062500,2.240570308183e+02,-3.136798431456e+02,3.218948607881e+02,-2.181521901346e+02,3.260182008288e+02,-2.211955280911e+02,3.260250866941e+02,-2.212012463276e+02
1212,16368,5994140625.000000,4.481140616365e+01,-2.240570308183e+02,1.207545036744e+02,-1.963953179111e+02,1.222400330999e+02,-1.990446162260e+02,1.222423741340e+02,-1.990494091179e+02
1213,16369,5994506835.937500,1.344342184910e+02,4.481140616365e+01,1.116014232488e+02,8.951597632997e+01,1.131174018700e+02,9.063477149801e+01,1.131201855132e+02,9.063659367021e+01
1214,16370,5994873046.875000,-4.481140616365e+01,-1.344342184910e+02,4.711594627354e+00,-1.430748670499e+02,4.697760557476e+00,-1.449593375250e+02,4.697549857117e+00,-1.449626769029e+02
1215,16371,5995239257.812500,-4.481140616365e+01,4.481140616365e+01,-5.817342160792e+01,2.673376243286e+01,-5.892415331649e+01,2.711609638247e+01,-5.892545390091e+01,2.711685181991e+01
1216,16372,5995605468.750000,-3.136798431456e+02,-2.240570308183e+02,-2.186074698968e+02,-3.221632434820e+02,-2.216513767995e+02,-3.262816791403e+02,-2.216572366201e+02,-3.262887623533e+02
1217,16373,5995971679.687500,-2.240570308183e+02,-2.240570308183e+02,-1.337585894071e+02,-2.906428704716e+02,-1.356698769227e+02,-2.943904000079e+02,-1.356736878004e+02,-2.943969671415e+02
1218,16374,5996337890.625000,2.240570308183e+02,3.136798431456e+02,1.021472782265e+02,3.755500653590e+02,1.036876811464e+02,3.804277438194e+02,1.036909475851e+02,3.804364328293e+02
1219,16375,5996704101.562500,2.240570308183e+02,-2.240570308183e+02,2.907636044994e+02,-1.333662479877e+02,2.945096537399e+02,-1.352709410392e+02,2.945162945097e+02,-1.352747750176e+02
1220,16376,5997070312.500000,3.136798431456e+02,4.481140616365e+01,2.811018141602e+02,1.526611766556e+02,2.848709530394e+02,1.545152592278e+02,2.848780375464e+02,1.545182916218e+02
1221,16377,5997436523.437500,-2.240570308183e+02,-1.344342184910e+02,-1.651103212602e+02,-2.057705478304e+02,-1.673847296047e+02,-2.083816991060e+02,-1.673891707277e+02,-2.083862899614e+02
1222,16378,5997802734.375000,-1.344342184910e+02,3.136798431456e+02,-2.368316180637e+02,2.503680935164e+02,-2.398035222326e+02,2.537755784454e+02,-2.398086995900e+02,2.537821747274e+02
1223,16379,5998168945.312500,4.481140616365e+01,2.240570308183e+02,-3.537864577688e+01,2.280499541118e+02,-3.572136792505e+01,2.310567319217e+02,-3.572171869507e+01,2.310623639790e+02
1224,16380,5998535156.250000,4.481140616365e+01,-3.136798431456e+02,1.511405721653e+02,-2.821358542011e+02,1.529704622346e+02,-2.859108518673e+02,1.529735289071e+02,-2.859180943052e+02
1225,16381,5998901367.187500,-2.240570308183e+02,4.481140616365e+01,-2.282018453297e+02,-3.474717831560e+01,-2.312073771824e+02,-3.508110590911e+01,-2.312130668895e+02,-3.508144937027e+01
1226,16382,5999267578.125000,4.481140616365e+01,-3.136798431456e+02,1.503908301212e+02,-2.826217875707e+02,1.522086973523e+02,-2.863990891877e+02,1.522117810975e+02,-2.864064105119e+02
1227,16383,5999633789.062500,4.481140616365e+01,1.344342184910e+02,-3.436223032076e+00,1.431487604619e+02,-3.405314549448e+00,1.450224837087e+02,-3.405079307234e+00,1.450260465134e+02
1228,16384,6000000000.000000,-3.136798431456e+02,2.240570308183e+02,-3.748353022033e+02,1.061112099069e+02,-3.796781218252e+02,1.076966597109e+02,-3.796872389284e+02,1.077001473831e+02
1229,16385,6000366210.937500,1.344342184910e+02,-3.136798431456e+02,2.348246377087e+02,-2.524800050732e+02,2.377583715598e+02,-2.559025488602e+02,2.377636952695e+02,-2.559094067130e+02
1230,16386,6000732421.875000,-2.240570308183e+02,-3.136798431456e+02,-1.061247245795e+02,-3.746302127795e+02,-1.077087615649e+02,-3.794651278183e+02,-1.077122750699e+02,-3.794743312565e+02
1231,16387,6001098632.812500,-4.481140616365e+01,1.344342184910e+02,-8.836257882862e+01,1.125887534368e+02,-8.945595194315e+01,1.141047128791e+02,-8.945793742998e+01,1.141077619267e+02
1232,16388,6001464843.750000,1.344342184910e+02,4.481140616365e+01,1.127808167999e+02,8.819618819573e+01,1.142983742311e+02,8.928664776363e+01,1.143014415887e+02,8.928863940457e+01
1233,16389,6001831054.687500,-3.136798431456e+02,-1.344342184910e+02,-2.535284615793e+02,-2.338650798384e+02,-2.569568803352e+02,-2.367789852163e+02,-2.569638865220e+02,-2.367843969791e+02
1234,16390,6002197265.625000,1.344342184910e+02,3.136798431456e+02,2.267360324751e+01,3.442158202474e+02,2.315132566461e+01,3.486877695088e+02,2.315267916864e+01,3.486965621187e+02
1235,16391,6002563476.562500,3.136798431456e+02,1.344342184910e+02,2.539073020077e+02,2.334834958270e+02,2.573366088162e+02,2.363886924624e+02,2.573436862437e+02,2.363941509640e+02
1236,16392,6002929687.500000,-3.136798431456e+02,3.136798431456e+02,-4.042456357323e+02,1.939094337668e+02,-4.094026300372e+02,1.966465923138e+02,-4.094126807783e+02,1.966525273046e+02
1237,16393,6003295898.437500,-3.136798431456e+02,1.344342184910e+02,-3.439696903332e+02,2.323314939523e+01,-3.484301331728e+02,2.371748558702e+01,-3.484390451899e+02,2.371886154164e+01
1238,16394,6003662109.375000,-1.344342184910e+02,1.344342184910e+02,-1.729479672560e+02,8.326228057672e+01,-1.751513726381e+02,8.443592472198e+01,-1.751557145869e+02,8.443849226402e+01
1239,16395,6004028320.312500,-2.240570308183e+02,-1.344342184910e+02,-1.687568441356e+02,-2.026074538809e+02,-1.710558592630e+02,-2.051493559604e+02,-1.710607526711e+02,-2.051543080069e+02
1240,16396,6004394531.250000,3.136798431456e+02,2.240570308183e+02,2.251856454767e+02,3.176050062263e+02,2.282765769797e+02,3.216078926355e+02,2.282832403296e+02,3.216157828037e+02
1241,16397,6004760742.187500,-3.136798431456e+02,-2.240570308183e+02,-2.260357670791e+02,-3.174019654558e+02,-2.291357316188e+02,-3.213991108807e+02,-2.291424449606e+02,-3.214070330325e+02
1242,16398,6005126953.125000,2.240570308183e+02,-1.344342184910e+02,2.584626844186e+02,-5.512510182196e+01,2.617836999983e+02,-5.597656127358e+01,2.617904719067e+02,-5.597861094065e+01
1243,16399,6005493164.062500,2.240570308183e+02,1.344342184910e+02,1.703196836872e+02,2.020906941045e+02,1.726329748925e+02,2.046182450852e+02,1.726379926144e+02,2.046232800528e+02
1244,16400,6005859375.000000,1.344342184910e+02,2.240570308183e+02,5.523604315993e+01,2.584688191318e+02,5.608798306851e+01,2.617853708963e+02,5.609004943176e+01,2.617922068167e+02
1245,16401,6006225585.937500,3.136798431456e+02,3.136798431456e+02,1.981867412330e+02,4.023991743839e+02,2.009636303850e+02,4.074995753600e+02,2.009698929886e+02,4.075100165286e+02
1246,16402,6006591796.875000,-3.136798431456e+02,4.481140616365e+01,-3.148731069251e+02,-5.812416415939e+01,-3.189742308201e+02,-5.870872888556e+01,-3.189829177095e+02,-5.870960296784e+01
1247,16403,6006958007.812500,-4.481140616365e+01,-1.344342184910e+02,-9.064201396094e-02,-1.431030355807e+02,-1.676194789944e-01,-1.449515629692e+02,-1.679425673609e-01,-1.449554693874e+02
1248,16404,6007324218.750000,-1.344342184910e+02,-3.136798431456e+02,-2.956339826454e+01,-3.434429172720e+02,-3.012695103652e+01,-3.478606110468e+02,-3.012853125775e+01,-3.478699633372e+02
1249,16405,6007690429.687500,2.240570308183e+02,-1.344342184910e+02,2.574567384044e+02,-5.847315015349e+01,2.607467519040e+02,-5.936378864491e+01,2.607537134241e+02,-5.936597632865e+01
1250,16406,6008056640.625000,-1.344342184910e+02,-3.136798431456e+02,-3.093824724690e+01,-3.435470808377e+02,-3.151901652362e+01,-3.479589217055e+02,-3.152064242477e+01,-3.479683594071e+02
1251,16407,6008422851.562500,3.136798431456e+02,3.136798431456e+02,2.042178800381e+02,3.993075534161e+02,2.070597518504e+02,4.043425093892e+02,2.070663233759e+02,4.043531517275e+02
1252,16408,6008789062.500000,-4.481140616365e+01,-1.344342184910e+02,-1.652665199745e+00,-1.432986136959e+02,-1.749842293519e+00,-1.451420494593e+02,-1.750209524587e+00,-1.451460470510e+02
1253,16409,6009155273.437500,1.344342184910e+02,1.344342184910e+02,8.822641610631e+01,1.708606194905e+02,8.945156250030e+01,1.730112482098e+02,8.945441990001e+01,1.730158427731e+02
1254,16410,6009521484.375000,4.481140616365e+01,1.344342184910e+02,1.888849165748e+00,1.433075886544e+02,1.989031872196e+00,1.451481743149e+02,1.989406203073e+00,1.451522074550e+02
1255,16411,6009887695.312500,2.240570308183e+02,-4.481140616365e+01,2.296615857134e+02,2.559805824021e+01,2.326241115286e+02,2.580509947452e+01,2.326306678293e+02,2.580530922118e+01
1256,16412,6010253906.250000,4.481140616365e+01,3.136798431456e+02,-5.246192864795e+01,3.160728063639e+02,-5.296760908562e+01,3.201558932702e+02,-5.296839194828e+01,3.201649945991e+02
1257,16413,6010620117.187500,3.136798431456e+02,3.136798431456e+02,2.078221320024e+02,3.973868944648e+02,2.106968846294e+02,4.023712836455e+02,2.107037081123e+02,4.023821626939e+02
1258,16414,6010986328.125000,-1.344342184910e+02,-4.481140616365e+01,-1.163568325258e+02,-8.350062365922e+01,-1.178915283297e+02,-8.450858939022e+01,-1.178950518333e+02,-8.451072291809e+01
1259,16415,6011352539.062500,1.344342184910e+02,1.344342184910e+02,8.966070480617e+01,1.699325461549e+02,9.089826812218e+01,1.720599982554e+02,9.090123108812e+01,1.720646912427e+02
1260,16416,6011718750.000000,-4.481140616365e+01,3.136798431456e+02,-1.366970402841e+02,2.895661385537e+02,-1.382917680487e+02,2.933415553882e+02,-1.382950730416e+02,2.933502373253e+02
1261,16417,6012084960.937500,3.136798431456e+02,3.136798431456e+02,2.099138955649e+02,3.961110077146e+02,2.128058328857e+02,4.010610538715e+02,2.128128186308e+02,4.010720905462e+02
1262,16418,6012451171.875000,2.240570308183e+02,-4.481140616365e+01,2.298251090934e+02,2.270944920409e+01,2.327711612982e+02,2.287763759750e+01,2.327779175256e+02,2.287778510448e+01
1263,16419,6012817382.812500,-1.344342184910e+02,-3.136798431456e+02,-3.828550955820e+01,-3.428579976461e+02,-3.895544497053e+01,-3.472109566378e+02,-3.895733518366e+01,-3.472209170810e+02
1264,16420,6013183593.750000,-4.481140616365e+01,-4.481140616365e+01,-3.038003133411e+01,-5.640694165640e+01,-3.079707081702e+01,-5.710970263371e+01,-3.079809123425e+01,-5.711129444517e+01
1265,16421,6013549804.687500,-4.481140616365e+01,-2.240570308183e+02,2.110964685222e+01,-2.300320604010e+02,2.125659577350e+01,-2.329721667904e+02,2.125670407450e+01,-2.329790122340e+02
1266,16422,6013916015.625000,2.240570308183e+02,-1.344342184910e+02,2.556825238042e+02,-6.636722108612e+01,2.588999673042e+02,-6.734691060245e+01,2.589074069088e+02,-6.734945335262e+01
1267,16423,6014282226.562500,1.344342184910e+02,-1.344342184910e+02,1.685630549507e+02,-9.237817146111e+01,1.706565031163e+02,-9.364153906131e+01,1.706613200353e+02,-9.364467016241e+01
1268,16424,6014648437.500000,1.344342184910e+02,-3.136798431456e+02,2.187438546266e+02,-2.668860653393e+02,2.213800972923e+02,-2.703908125828e+02,2.213860462405e+02,-2.703992909168e+02
1269,16425,6015014648.437500,1.344342184910e+02,3.136798431456e+02,4.320837022959e+01,3.423898350517e+02,4.393784889056e+01,3.467105338847e+02,4.393991500983e+01,3.467207280885e+02
1270,16426,6015380859.375000,-1.344342184910e+02,4.481140616365e+01,-1.431117005730e+02,6.289383884084e+00,-1.449221827468e+02,6.444889133286e+00,-1.449264881207e+02,6.445399736070e+00
1271,16427,6015747070.312500,3.136798431456e+02,2.240570308183e+02,2.432001472278e+02,3.043107439886e+02,2.464407145789e+02,3.080351327192e+02,2.464487677186e+02,3.080438108083e+02
1272,16428,6016113281.250000,1.344342184910e+02,2.240570308183e+02,6.936777193183e+01,2.547702037541e+02,7.038018515381e+01,2.579562591231e+02,7.038286739990e+01,2.579638574597e+02
1273,16429,6016479492.187500,2.240570308183e+02,1.344342184910e+02,1.816270191506e+02,1.918906524074e+02,1.840239459272e+02,1.942194751016e+02,1.840299266980e+02,1.942249322819e+02
1274,16430,6016845703.125000,-4.481140616365e+01,-4.481140616365e+01,-3.158786762547e+01,-5.580355251558e+01,-3.201621667509e+01,-5.649134352881e+01,-3.201731109210e+01,-5.649298515201e+01
1275,16431,6017211914.062500,3.136798431456e+02,-4.481140616365e+01,3.180467670247e+02,4.065700392444e+01,3.220796304334e+02,4.100135680195e+01,3.220895215046e+02,4.100189662257e+01
1276,16432,6017578125.000000,-3.136798431456e+02,4.481140616365e+01,-3.179518355895e+02,-4.043776411099e+01,-3.219793414947e+02,-4.077888993576e+01,-3.219892692559e+02,-4.077942830221e+01
1277,16433,6017944335.937500,3.136798431456e+02,-3.136798431456e+02,3.897832409451e+02,-2.219547709856e+02,3.945718400430e+02,-2.249548933206e+02,3.945834511657e+02,-2.249626621536e+02
1278,16434,6018310546.875000,-4.481140616365e+01,1.344342184910e+02,-7.926979427141e+01,1.194238252144e+02,-8.020328065874e+01,1.209674220805e+02,-8.020548547202e+01,1.209713247681e+02
1279,16435,6018676757.812500,4.481140616365e+01,2.240570308183e+02,-1.451639449759e+01,2.307889573223e+02,-1.457651789180e+01,2.336955316237e+02,-1.457645513378e+01,2.337027918953e+02
1280,16436,6019042968.750000,-2.240570308183e+02,4.481140616365e+01,-2.309400432342e+02,-1.365963161507e+01,-2.338450081596e+02,-1.370873439797e+01,-2.338523003810e+02,-1.370864618447e+01
1281,16437,6019409179.687500,-3.136798431456e+02,1.344342184910e+02,-3.415645588701e+02,5.160200794866e+01,-3.458184730889e+02,5.242966784840e+01,-3.458291405403e+02,5.243206264829e+01
1282,16438,6019775390.625000,2.240570308183e+02,-2.240570308183e+02,2.763396149190e+02,-1.626450761686e+02,2.797134634285e+02,-1.648278402260e+02,2.797218576591e+02,-1.648336149441e+02
1283,16439,6020141601.562500,-2.240570308183e+02,1.344342184910e+02,-2.533810719230e+02,7.540502462956e+01,-2.565102133973e+02,7.648229524147e+01,-2.565181074810e+02,7.648526285140e+01
1284,16440,6020507812.500000,1.344342184910e+02,1.344342184910e+02,9.849598125641e+01,1.651978543325e+02,9.981400564801e+01,1.672095830712e+02,9.981752279524e+01,1.672146400434e+02
1285,16441,6020874023.437500,-4.481140616365e+01,1.344342184910e+02,-7.687915779973e+01,1.209806735150e+02,-7.777451542669e+01,1.225311660991e+02,-7.777671004850e+01,1.225352188528e+02
1286,16442,6021240234.375000,2.240570308183e+02,1.344342184910e+02,1.874926634531e+02,1.863978791343e+02,1.899285645400e+02,1.886221589278e+02,1.899350198262e+02,1.886277406908e+02
1287,16443,6021606445.312500,2.240570308183e+02,4.481140616365e+01,2.094953978538e+02,9.805045906364e+01,2.121558404697e+02,9.916040571705e+01,2.121628326048e+02,9.916310566697e+01
1288,16444,6021972656.250000,-3.136798431456e+02,-1.344342184910e+02,-2.765006514370e+02,-2.073943877479e+02,-2.800493683256e+02,-2.098273992783e+02,-2.800588065493e+02,-2.098335098719e+02
1289,16445,6022338867.187500,-4.481140616365e+01,-4.481140616365e+01,-3.346356051548e+01,-5.476192166840e+01,-3.390826952840e+01,-5.542450452865e+01,-3.390948251733e+01,-5.542621358199e+01
1290,16446,6022705078.125000,4.481140616365e+01,1.344342184910e+02,1.241836989452e+01,1.429448575362e+02,1.264814670117e+01,1.447119994764e+02,1.264887334849e+01,1.447166466353e+02
1291,16447,6023071289.062500,1.344342184910e+02,-4.481140616365e+01,1.429092724305e+02,-1.270623175709e+01,1.446737326482e+02,-1.293937490264e+01,1.446783960061e+02,-1.294011249072e+01
1292,16448,6023437500.000000,1.344342184910e+02,3.136798431456e+02,6.011207302601e+01,3.403404956151e+02,6.103639778260e+01,3.445217628057e+02,6.103914201331e+01,3.445328446003e+02
1293,16449,6023803710.937500,1.344342184910e+02,-3.136798431456e+02,2.042078711530e+02,-2.789251466408e+02,2.065850610777e+02,-2.824819475151e+02,2.065911914388e+02,-2.824916330495e+02
1294,16450,6024169921.875000,4.481140616365e+01,3.136798431456e+02,-2.613461149262e+01,3.198980332012e+02,-2.628798730971e+01,3.238623555053e+02,-2.628813790267e+01,3.238730375315e+02
1295,16451,6024536132.812500,-4.481140616365e+01,1.344342184910e+02,-7.387144323658e+01,1.230276699141e+02,-7.471744561766e+01,1.245842135434e+02,-7.471963222769e+01,1.245884802711e+02
1296,16452,6024902343.750000,-2.240570308183e+02,-2.240570308183e+02,-1.733326801071e+02,-2.699370359705e+02,-1.756108486697e+02,-2.731705822454e+02,-1.756172537572e+02,-2.731792257888e+02
1297,16453,6025268554.687500,2.240570308183e+02,-3.136798431456e+02,2.888634913095e+02,-2.625188976586e+02,2.922785349983e+02,-2.659017202689e+02,2.922876481627e+02,-2.659111850335e+02
1298,16454,6025634765.625000,-2.240570308183e+02,1.344342184910e+02,-2.505365554539e+02,8.531852517696e+01,-2.535699751268e+02,8.649955260405e+01,-2.535782298799e+02,8.650299066642e+01
1299,16455,6026000976.562500,-2.240570308183e+02,2.240570308183e+02,-2.696194216594e+02,1.743079614852e+02,-2.728360088523e+02,1.765898662727e+02,-2.728447412480e+02,1.765963690452e+02
1300,16456,6026367187.500000,-2.240570308183e+02,1.344342184910e+02,-2.502115044443e+02,8.631367720059e+01,-2.532325545317e+02,8.750404890598e+01,-2.532408589570e+02,8.750754149056e+01
1301,16457,6026733398.437500,-2.240570308183e+02,4.481140616365e+01,-2.313885297056e+02,-1.756914620950e+00,-2.342218238125e+02,-1.655928052518e+00,-2.342297154943e+02,-1.655469050442e+00
1302,16458,6027099609.375000,3.136798431456e+02,-1.344342184910e+02,3.385200213733e+02,-6.943321718097e+01,3.426215792067e+02,-7.046122202288e+01,3.426330056923e+02,-7.046435677294e+01
1303,16459,6027465820.312500,-1.344342184910e+02,1.344342184910e+02,-1.607658001738e+02,1.060026852591e+02,-1.626724104695e+02,1.073819324156e+02,-1.626776933842e+02,1.073859330361e+02
1304,16460,6027832031.250000,-4.481140616365e+01,-2.240570308183e+02,1.147325244093e+00,-2.315025358409e+02,1.038766842018e+00,-2.343256996657e+02,1.038287214661e+00,-2.343336809588e+02
1305,16461,6028198242.187500,4.481140616365e+01,4.481140616365e+01,3.548810403153e+01,5.351599361072e+01,3.594853390157e+01,5.414881618072e+01,3.594988145894e+01,5.415058772212e+01
1306,16462,6028564453.125000,3.136798431456e+02,-2.240570308183e+02,3.558257280190e+02,-1.610094197026e+02,3.600671405255e+02,-1.631555556743e+02,3.600791320555e+02,-1.631619431747e+02
1307,16463,6028930664.062500,4.481140616365e+01,2.240570308183e+02,1.527298186812e+00,2.314764410940e+02,1.668371026936e+00,2.342864044689e+02,1.668943370489e+00,2.342944657898e+02
1308,16464,6029296875.000000,3.136798431456e+02,-4.481140616365e+01,3.207025433176e+02,1.431278145464e+01,3.245989687468e+02,1.431658439767e+01,3.246102143623e+02,1.431636560261e+01
1309,16465,6029663085.937500,-1.344342184910e+02,-1.344342184910e+02,-1.092662274854e+02,-1.586395398433e+02,-1.106733170853e+02,-1.605026921857e+02,-1.106775070700e+02,-1.605080138522e+02
1310,16466,6030029296.875000,-2.240570308183e+02,-2.240570308183e+02,-1.831953968690e+02,-2.636813124351e+02,-1.855501843535e+02,-2.667728121961e+02,-1.855572270006e+02,-2.667816869251e+02
1311,16467,6030395507.812500,1.344342184910e+02,-3.136798431456e+02,1.899141105377e+02,-2.890493019364e+02,1.920543258163e+02,-2.926400838448e+02,1.920603890903e+02,-2.926507247772e+02
1312,16468,6030761718.750000,3.136798431456e+02,-3.136798431456e+02,3.683403072723e+02,-2.578656753636e+02,3.726451579518e+02,-2.611698977068e+02,3.726576426418e+02,-2.611798689374e+02
1313,16469,6031127929.687500,3.136798431456e+02,4.481140616365e+01,3.054227957688e+02,9.935390904441e+01,3.091527610191e+02,1.003885063995e+02,3.091638535898e+02,1.003913572968e+02
1314,16470,6031494140.625000,3.136798431456e+02,2.240570308183e+02,2.748495184929e+02,2.776198767549e+02,2.783009037168e+02,2.808121660125e+02,2.783113422454e+02,2.808214643508e+02
1315,16471,6031860351.562500,3.136798431456e+02,1.344342184910e+02,2.906382369627e+02,1.873629162263e+02,2.942265426819e+02,1.894584054613e+02,2.942373787838e+02,1.894644682753e+02
1316,16472,6032226562.500000,2.240570308183e+02,-1.344342184910e+02,2.463681004629e+02,-9.706879001677e+01,2.492700204854e+02,-9.836277445647e+01,2.492786626814e+02,-9.836681784490e+01
1317,16473,6032592773.437500,3.136798431456e+02,-1.344342184910e+02,3.358607973823e+02,-8.309176906630e+01,3.398368772867e+02,-8.426407879762e+01,3.398488108565e+02,-8.426783059053e+01
1318,16474,6032958984.375000,2.240570308183e+02,2.240570308183e+02,1.882291645962e+02,2.604681512605e+02,1.906166081977e+02,2.634814861811e+02,1.906240082406e+02,2.634904955849e+02
1319,16475,6033325195.312500,-2.240570308183e+02,1.344342184910e+02,-2.456568135749e+02,9.896880027130e+01,-2.485359100925e+02,1.002798214105e+02,-2.485446138106e+02,1.002839683616e+02
1320,16476,6033691406.250000,3.136798431456e+02,4.481140616365e+01,3.068665232811e+02,9.398902371368e+01,3.105725500389e+02,9.494649768463e+01,3.105839485359e+02,9.494923600077e+01
1321,16477,6034057617.187500,-2.240570308183e+02,-3.136798431456e+02,-1.757245539485e+02,-3.484390188062e+02,-1.779994529951e+02,-3.524912260601e+02,-1.780066628189e+02,-3.525035782848e+02
1322,16478,6034423828.125000,-3.136798431456e+02,2.240570308183e+02,-3.482579238443e+02,1.766827163660e+02,-3.523010116548e+02,1.789656377464e+02,-3.523133981044e+02,1.789729040402e+02
1323,16479,6034790039.062500,1.344342184910e+02,2.240570308183e+02,1.012128932190e+02,2.447875115461e+02,1.025427404056e+02,2.476369512822e+02,1.025470169847e+02,2.476457393400e+02
1324,16480,6035156250.000000,4.481140616365e+01,-2.240570308183e+02,7.788555949409e+01,-2.182375690148e+02,7.869227542336e+01,-2.208628170354e+02,7.869466386887e+01,-2.208710559358e+02
1325,16481,6035522460.937500,1.344342184910e+02,3.136798431456e+02,9.003150928629e+01,3.341401513790e+02,9.127263331649e+01,3.380425578684e+02,9.127672072198e+01,3.380547439945e+02
1326,16482,6035888671.875000,-4.481140616365e+01,1.344342184910e+02,-6.375369303327e+01,1.287592417129e+02,-6.443801109527e+01,1.303126542879e+02,-6.444009373788e+01,1.303175868128e+02
1327,16483,6036254882.812500,-2.240570308183e+02,-1.344342184910e+02,-2.068110936618e+02,-1.656723549580e+02,-2.093356718772e+02,-1.675150874479e+02,-2.093437617493e+02,-1.675208064548e+02
1328,16484,6036621093.750000,-2.240570308183e+02,4.481140616365e+01,-2.313145855099e+02,1.508909194639e+01,-2.340277798860e+02,1.538899527613e+01,-2.340364071134e+02,1.539007914697e+01
1329,16485,6036987304.687500,3.136798431456e+02,2.240570308183e+02,2.863005688555e+02,2.665997028413e+02,2.898040985587e+02,2.695793041632e+02,2.898154515817e+02,2.695886768212e+02
1330,16486,6037353515.625000,3.136798431456e+02,2.240570308183e+02,2.872620417871e+02,2.654930819520e+02,2.907706542283e+02,2.684539856430e+02,2.907820760304e+02,2.684633470425e+02
1331,16487,6037719726.562500,-1.344342184910e+02,2.240570308183e+02,-1.630472963025e+02,2.090361223961e+02,-1.648452078432e+02,2.115692149068e+02,-1.648509036987e+02,2.115774842838e+02
1332,16488,6038085937.500000,-1.344342184910e+02,-2.240570308183e+02,-1.083793797020e+02,-2.418548282212e+02,-1.097738041206e+02,-2.446236676371e+02,-1.097784577019e+02,-2.446325984956e+02
1333,16489,6038452148.437500,3.136798431456e+02,1.344342184910e+02,2.994520763348e+02,1.730970640222e+02,3.030369158382e+02,1.749578934991e+02,3.030486993902e+02,1.749638086980e+02
1334,16490,6038818359.375000,-3.136798431456e+02,-1.344342184910e+02,-2.992017287878e+02,-1.729908477296e+02,-3.027775827531e+02,-1.748471005853e+02,-3.027893929447e+02,-1.748530333442e+02
1335,16491,6039184570.312500,-4.481140616365e+01,2.240570308183e+02,-7.145382455867e+01,2.200946062808e+02,-7.216804784770e+01,2.226910568513e+02,-7.217029054370e+01,2.226996460623e+02
1336,16492,6039550781.250000,3.136798431456e+02,4.481140616365e+01,3.109514405694e+02,8.031283683232e+01,3.146024853813e+02,8.108034991201e+01,3.146146117134e+02,8.108273779051e+01
1337,16493,6039916992.187500,-1.344342184910e+02,4.481140616365e+01,-1.403832424485e+02,3.088433784976e+01,-1.419931626947e+02,3.131638306803e+01,-1.419985036685e+02,3.131788826387e+01
1338,16494,6040283203.125000,4.481140616365e+01,-4.481140616365e+01,4.989626460099e+01,-4.053619360008e+01,5.045181227824e+01,-4.103134405173e+01,5.045365033590e+01,-4.103302312654e+01
1339,16495,6040649414.062500,2.240570308183e+02,4.481140616365e+01,2.214376943036e+02,6.838272643120e+01,2.240299529776e+02,6.905493292593e+01,2.240386939502e+02,6.905708808723e+01
1340,16496,6041015625.000000,-2.240570308183e+02,-1.344342184910e+02,-2.123191476474e+02,-1.585531976698e+02,-2.148494247616e+02,-1.602677750822e+02,-2.148580400043e+02,-1.602734667087e+02
1341,16497,6041381835.937500,-4.481140616365e+01,4.481140616365e+01,-4.966212951206e+01,4.081230188589e+01,-5.021171999208e+01,4.130796806588e+01,-5.021356634012e+01,4.130967205496e+01
1342,16498,6041748046.875000,3.136798431456e+02,2.240570308183e+02,2.954878614836e+02,2.561722347058e+02,2.990156385033e+02,2.589568411142e+02,2.990277792320e+02,2.589662052979e+02
1343,16499,6042114257.812500,1.344342184910e+02,-2.240570308183e+02,1.565718503667e+02,-2.139023561560e+02,1.582528590940e+02,-2.164362853956e+02,1.582585265327e+02,-2.164450349131e+02
1344,16500,6042480468.750000,1.344342184910e+02,2.240570308183e+02,1.151217131753e+02,2.386679996562e+02,1.165646810666e+02,2.413369062789e+02,1.165697502308e+02,2.413460471839e+02
1345,16501,6042846679.687500,-1.344342184910e+02,-1.344342184910e+02,-1.234008868437e+02,-1.480430967445e+02,-1.248879602493e+02,-1.496679099528e+02,-1.248931669009e+02,-1.496734810087e+02
1346,16502,6043212890.625000,-2.240570308183e+02,-4.481140616365e+01,-2.222998842568e+02,-6.512764726283e+01,-2.248673448380e+02,-6.575216619167e+01,-2.248762986517e+02,-6.575424785604e+01
1347,16503,6043579101.562500,1.344342184910e+02,-3.136798431456e+02,1.622062587805e+02,-3.057400770996e+02,1.638892910484e+02,-3.093030059371e+02,1.638950511634e+02,-3.093155199521e+02
1348,16504,6043945312.500000,-2.240570308183e+02,4.481140616365e+01,-2.301671862893e+02,2.757260735228e+01,-2.327652271008e+02,2.800732244262e+01,-2.327743394456e+02,2.800893785750e+01
1349,16505,6044311523.437500,3.136798431456e+02,3.136798431456e+02,2.926993681901e+02,3.417819201916e+02,2.961961293768e+02,3.454991584510e+02,2.962085976205e+02,3.455121653705e+02
1350,16506,6044677734.375000,3.136798431456e+02,-2.240570308183e+02,3.346283865004e+02,-2.021136784747e+02,3.383050969258e+02,-2.045759379806e+02,3.383180607535e+02,-2.045847927307e+02
1351,16507,6045043945.312500,-2.240570308183e+02,-1.344342184910e+02,-2.161450749110e+02,-1.532054818731e+02,-2.186652245270e+02,-1.548200378312e+02,-2.186742604037e+02,-1.548257139437e+02
1352,16508,6045410156.250000,-4.481140616365e+01,-1.344342184910e+02,-3.543825490308e+01,-1.392658203522e+02,-3.591102407728e+01,-1.408155301549e+02,-3.591276585135e+01,-1.408210675719e+02
1353,16509,6045776367.187500,-2.240570308183e+02,1.344342184910e+02,-2.361064767130e+02,1.203695342230e+02,-2.386966077396e+02,1.218473300248e+02,-2.387058882342e+02,1.218527287436e+02
1354,16510,6046142578.125000,2.240570308183e+02,4.481140616365e+01,2.237889714463e+02,6.040434497224e+01,2.263311974177e+02,6.096356182145e+01,2.263404115749e+02,6.096551018478e+01
1355,16511,6046508789.062500,2.240570308183e+02,-3.136798431456e+02,2.475304274804e+02,-3.028707005081e+02,2.501412233249e+02,-3.063920697962e+02,2.501506145929e+02,-3.064049475177e+02
1356,16512,6046875000.000000,-2.240570308183e+02,-1.344342184910e+02,-2.182734411104e+02,-1.506338869486e+02,-2.207915557902e+02,-1.522012759086e+02,-2.208007998150e+02,-1.522069323717e+02
1357,16513,6047241210.937500,-1.344342184910e+02,3.136798431456e+02,-1.552946593151e+02,3.095490801077e+02,-1.568622803616e+02,3.130822308606e+02,-1.568679403434e+02,3.130952457680e+02
1358,16514,6047607421.875000,3.136798431456e+02,-4.481140616365e+01,3.202153319860e+02,-2.776906098272e+01,3.237631863726e+02,-2.824733303998e+01,3.237762643308e+02,-2.824919103539e+01
1359,16515,6047973632.812500,4.481140616365e+01,-3.136798431456e+02,6.149286331861e+01,-3.153452093397e+02,6.200881949003e+01,-3.188787504659e+02,6.201064250014e+01,-3.188918655456e+02
1360,16516,6048339843.750000,4.481140616365e+01,-4.481140616365e+01,4.767017068595e+01,-4.312560840558e+01,4.817549634971e+01,-4.362859598252e+01,4.817736684765e+01,-4.363048265643e+01
1361,16517,6048706054.687500,1.344342184910e+02,-3.136798431456e+02,1.520566267526e+02,-3.111677622352e+02,1.535731281827e+02,-3.146882226540e+02,1.535787227137e+02,-3.147014411981e+02
1362,16518,6049072265.625000,-2.240570308183e+02,-2.240570308183e+02,-2.160525941662e+02,-2.383183691501e+02,-2.185620299574e+02,-2.408331864471e+02,-2.185715307775e+02,-2.408425917913e+02
1363,16519,6049438476.562500,-1.344342184910e+02,2.240570308183e+02,-1.469919016600e+02,2.207709932717e+02,-1.484932498147e+02,2.232789462682e+02,-1.484988715100e+02,2.232884634452e+02
1364,16520,6049804687.500000,-1.344342184910e+02,4.481140616365e+01,-1.383521145024e+02,3.929483839696e+01,-1.398510059194e+02,3.979960506675e+01,-1.398566911768e+02,3.980155526841e+01
1365,16521,6050170898.437500,1.344342184910e+02,1.344342184910e+02,1.304191713654e+02,1.421966941730e+02,1.319237529901e+02,1.436862232235e+02,1.319295294013e+02,1.436918807725e+02
1366,16522,6050537109.375000,-1.344342184910e+02,-3.136798431456e+02,-1.231153652351e+02,-3.237317676335e+02,-1.246329011685e+02,-3.272069812824e+02,-1.246387933773e+02,-3.272202885702e+02
1367,16523,6050903320.312500,2.240570308183e+02,4.481140616365e+01,2.254015104421e+02,5.448744423221e+01,2.278898221857e+02,5.496282639229e+01,2.278994278615e+02,5.496461311272e+01
1368,16524,6051269531.250000,2.240570308183e+02,-1.344342184910e+02,2.322930260371e+02,-1.278492542166e+02,2.347544746025e+02,-1.293639915643e+02,2.347639875697e+02,-1.293699064083e+02
1369,16525,6051635742.187500,-4.481140616365e+01,-2.240570308183e+02,-3.760028562472e+01,-2.287650211238e+02,-3.812966767589e+01,-2.312301652175e+02,-3.813177151080e+01,-2.312397578486e+02
1370,16526,6052001953.125000,1.344342184910e+02,1.344342184910e+02,1.319890467490e+02,1.406328508871e+02,1.334939070768e+02,1.420872733091e+02,1.334998208678e+02,1.420929420106e+02
1371,16527,6052368164.062500,-4.481140616365e+01,-1.344342184910e+02,-4.148024195685e+01,-1.376321421821e+02,-4.200154041776e+01,-1.390984825346e+02,-4.200361328924e+01,-1.391042426104e+02
1372,16528,6052734375.000000,-2.240570308183e+02,-1.344342184910e+02,-2.235971620370e+02,-1.423023571355e+02,-2.260846622097e+02,-1.437193869219e+02,-2.260945157551e+02,-1.437249530225e+02
1373,16529,6053100585.937500,-1.344342184910e+02,-1.344342184910e+02,-1.330881711873e+02,-1.396197414639e+02,-1.345944674084e+02,-1.410521846701e+02,-1.346004705775e+02,-1.410578551739e+02
1374,16530,6053466796.875000,-2.240570308183e+02,-4.481140616365e+01,-2.264848990967e+02,-5.056055655059e+01,-2.289436986607e+02,-5.098377472814e+01,-2.289535203743e+02,-5.098543381135e+01
1375,16531,6053833007.812500,-4.481140616365e+01,4.481140616365e+01,-4.648309981224e+01,4.461170609403e+01,-4.695749642629e+01,4.511420530260e+01,-4.695939402185e+01,4.511622687275e+01
1376,16532,6054199218.750000,-3.136798431456e+02,2.240570308183e+02,-3.229790610111e+02,2.221103053512e+02,-3.263135649068e+02,2.246548706871e+02,-3.263269831841e+02,2.246651657786e+02
1377,16533,6054565429.687500,-4.481140616365e+01,4.481140616365e+01,-4.619154760430e+01,4.489090866933e+01,-4.666032353211e+01,4.539395898039e+01,-4.666221826448e+01,4.539600189951e+01
1378,16534,6054931640.625000,2.240570308183e+02,4.481140616365e+01,2.271234609950e+02,4.796387282056e+01,2.295646240908e+02,4.835399931390e+01,2.295745685751e+02,4.835556703184e+01
1379,16535,6055297851.562500,4.481140616365e+01,2.240570308183e+02,4.347537521444e+01,2.278898422508e+02,4.405712985776e+01,2.302849580717e+02,4.405952896164e+01,2.302947557867e+02
1380,16536,6055664062.500000,2.240570308183e+02,-2.240570308183e+02,2.290436271169e+02,-2.256601096783e+02,2.313487705688e+02,-2.281697562317e+02,2.313582348568e+02,-2.281800935116e+02
1381,16537,6056030273.437500,-1.344342184910e+02,3.136798431456e+02,-1.382626135365e+02,3.173068053545e+02,-1.395548193117e+02,3.207302914535e+02,-1.395601413254e+02,3.207444494636e+02
1382,16538,6056396484.375000,1.344342184910e+02,-2.240570308183e+02,1.375561738439e+02,-2.266212332407e+02,1.388852563154e+02,-2.290808813057e+02,1.388907660682e+02,-2.290911049218e+02
1383,16539,6056762695.312500,2.240570308183e+02,3.136798431456e+02,2.260649329571e+02,3.193212447183e+02,2.286088422571e+02,3.225567317282e+02,2.286194741034e+02,3.225702300923e+02
1384,16540,6057128906.250000,2.240570308183e+02,-4.481140616365e+01,2.276454550264e+02,-4.480350031126e+01,2.300075354317e+02,-4.539334883192e+01,2.300174443778e+02,-4.539582962320e+01
1385,16541,6057495117.187500,2.240570308183e+02,1.344342184910e+02,2.274344493887e+02,1.369316430052e+02,2.298843284151e+02,1.382428905534e+02,2.298946605826e+02,1.382484159363e+02
1386,16542,6057861328.125000,-1.344342184910e+02,-4.481140616365e+01,-1.366679003054e+02,-4.555230336315e+01,-1.381170097230e+02,-4.595505824673e+01,-1.381231508235e+02,-4.595676438743e+01
1387,16543,6058227539.062500,-3.136798431456e+02,-2.240570308183e+02,-3.193434536741e+02,-2.271221748421e+02,-3.227847251819e+02,-2.293155586811e+02,-3.227993799901e+02,-2.293249024086e+02
1388,16544,6058593750.000000,-4.481140616365e+01,-1.344342184910e+02,-4.612706071751e+01,-1.364089743754e+02,-4.667763368726e+01,-1.377996241567e+02,-4.667998790988e+01,-1.378055775167e+02
1389,16545,6058959960.937500,-1.344342184910e+02,2.240570308183e+02,-1.350407736240e+02,2.284863741904e+02,-1.363172287355e+02,2.309217380837e+02,-1.363227266504e+02,2.309322109093e+02
1390,16546,6059326171.875000,-2.240570308183e+02,2.240570308183e+02,-2.253621078059e+02,2.297527275348e+02,-2.275662851722e+02,2.322426843027e+02,-2.275758245056e+02,2.322534407278e+02
1391,16547,6059692382.812500,-4.481140616365e+01,4.481140616365e+01,-4.492747651134e+01,4.608856549718e+01,-4.536552001687e+01,4.658664828876e+01,-4.536742589571e+01,4.658881031871e+01
1392,16548,6060058593.750000,-4.481140616365e+01,4.481140616365e+01,-4.479975290611e+01,4.621084715579e+01,-4.523519193454e+01,4.670885573778e+01,-4.523709658597e+01,4.671102785860e+01
1393,16549,6060424804.687500,4.481140616365e+01,-2.240570308183e+02,4.178799252150e+01,-2.282870048771e+02,4.209517209466e+01,-2.306460967047e+02,4.209653761061e+01,-2.306564485759e+02
1394,16550,6060791015.625000,-4.481140616365e+01,-4.481140616365e+01,-4.629451536953e+01,-4.472912947360e+01,-4.679079334006e+01,-4.516133612258e+01,-4.679297883784e+01,-4.516324687496e+01
1395,16551,6061157226.562500,3.136798431456e+02,-3.136798431456e+02,3.130131108824e+02,-3.242085579822e+02,3.160288764812e+02,-3.276749600465e+02,3.160422802384e+02,-3.276902990290e+02
1396,16552,6061523437.500000,2.240570308183e+02,-2.240570308183e+02,2.236647459550e+02,-2.315442039382e+02,2.258135096103e+02,-2.340134571753e+02,2.258231110204e+02,-2.340244365303e+02
1397,16553,6061889648.437500,-3.136798431456e+02,-2.240570308183e+02,-3.225627454116e+02,-2.221962677158e+02,-3.259463947685e+02,-2.242758245026e+02,-3.259615231353e+02,-2.242851784329e+02
1398,16554,6062255859.375000,1.344342184910e+02,-1.344342184910e+02,1.339674333801e+02,-1.391835227466e+02,1.352466974722e+02,-1.406597529339e+02,1.352524751902e+02,-1.406663806606e+02
1399,16555,6062622070.312500,1.344342184910e+02,4.481140616365e+01,1.375721542952e+02,4.249838459553e+01,1.389799105059e+02,4.285365769026e+01,1.389862740011e+02,4.285528534445e+01
1400,16556,6062988281.250000,-4.481140616365e+01,1.344342184910e+02,-4.207927699332e+01,1.376982066573e+02,-4.242907259702e+01,1.391031073264e+02,-4.243068521835e+01,1.391094898408e+02
1401,16557,6063354492.187500,-3.136798431456e+02,-3.136798431456e+02,-3.269631602693e+02,-3.103942104332e+02,-3.304009531955e+02,-3.133294389918e+02,-3.304166143086e+02,-3.133429116916e+02
1402,16558,6063720703.125000,1.344342184910e+02,-2.240570308183e+02,1.305139796311e+02,-2.313231495893e+02,1.316948827436e+02,-2.337016819752e+02,1.317003505357e+02,-2.337125858682e+02
1403,16559,6064086914.062500,-2.240570308183e+02,4.481140616365e+01,-2.264713366446e+02,5.175237413219e+01,-2.286986535106e+02,5.238721738328e+01,-2.287089490032e+02,5.239010474768e+01
1404,16560,6064453125.000000,-2.240570308183e+02,-1.344342184910e+02,-2.314619082322e+02,-1.304816419436e+02,-2.338284877993e+02,-1.316546485670e+02,-2.338394451430e+02,-1.316601411548e+02
1405,16561,6064819335.937500,1.344342184910e+02,-3.136798431456e+02,1.280904068687e+02,-3.226057841315e+02,1.291878336781e+02,-3.258665216412e+02,1.291930245640e+02,-3.258817057339e+02
1406,16562,6065185546.875000,4.481140616365e+01,-4.481140616365e+01,4.425598970288e+01,-4.683542480969e+01,4.466800428497e+01,-4.732100411176e+01,4.466994723570e+01,-4.732327081349e+01
1407,16563,6065551757.812500,-3.136798431456e+02,1.344342184910e+02,-3.142924941679e+02,1.464611597042e+02,-3.173076367754e+02,1.480682550680e+02,-3.173218842606e+02,1.480757527467e+02
1408,16564,6065917968.750000,-2.240570308183e+02,3.136798431456e+02,-2.164956582194e+02,3.260302173369e+02,-2.184473500798e+02,3.293429807811e+02,-2.184566807608e+02,3.293586196171e+02
1409,16565,6066284179.687500,1.344342184910e+02,1.344342184910e+02,1.414872205106e+02,1.314847810740e+02,1.429405144464e+02,1.326960884201e+02,1.429473995344e+02,1.327018951630e+02
1410,16566,6066650390.625000,-3.136798431456e+02,1.344342184910e+02,-3.134406140951e+02,1.490886113197e+02,-3.164183203335e+02,1.507079322522e+02,-3.164326161213e+02,1.507155944313e+02
1411,16567,6067016601.562500,-1.344342184910e+02,4.481140616365e+01,-1.348597949024e+02,5.125085863578e+01,-1.361437811378e+02,5.182031223004e+01,-1.361499742501e+02,5.182301207941e+01
1412,16568,6067382812.500000,2.240570308183e+02,2.240570308183e+02,2.372421735600e+02,2.185072425403e+02,2.396568566150e+02,2.204996934703e+02,2.396684672704e+02,2.205094034176e+02
1413,16569,6067749023.437500,-1.344342184910e+02,-4.481140616365e+01,-1.385582740608e+02,-3.999371205133e+01,-1.399181254809e+02,-4.030696339567e+01,-1.399247235173e+02,-4.030853109323e+01
1414,16570,6068115234.375000,2.240570308183e+02,-2.240570308183e+02,2.183466223915e+02,-2.371540748488e+02,2.203244840033e+02,-2.395535986132e+02,2.203342293150e+02,-2.395652511380e+02
1415,16571,6068481445.312500,-3.136798431456e+02,-2.240570308183e+02,-3.285402828175e+02,-2.136536275634e+02,-3.318076397226e+02,-2.155315980173e+02,-3.318236150910e+02,-2.155409381522e+02
1416,16572,6068847656.250000,-4.481140616365e+01,4.481140616365e+01,-4.338258558787e+01,4.757353163199e+01,-4.377270148535e+01,4.805178431810e+01,-4.377464513930e+01,4.805413011500e+01
1417,16573,6069213867.187500,4.481140616365e+01,-3.136798431456e+02,3.059076553559e+01,-3.205063339070e+02,3.071341672796e+01,-3.235804552777e+02,3.071414640798e+01,-3.235957028266e+02
1418,16574,6069580078.125000,2.240570308183e+02,4.481140616365e+01,2.296883081766e+02,3.498773226838e+01,2.318912444523e+02,3.519922072787e+01,2.319022228021e+02,3.520036575546e+01
1419,16575,6069946289.062500,3.136798431456e+02,1.344342184910e+02,3.251043343997e+02,1.220625208252e+02,3.282507455855e+02,1.230480319701e+02,3.282664782547e+02,1.230531067052e+02
1420,16576,6070312500.000000,-1.344342184910e+02,1.344342184910e+02,-1.300961121006e+02,1.431035829094e+02,-1.312498696128e+02,1.445244783097e+02,-1.312557470202e+02,1.445315883856e+02
1421,16577,6070678710.937500,-4.481140616365e+01,-3.136798431456e+02,-6.139599889357e+01,-3.162813601408e+02,-6.214121414830e+01,-3.192277976791e+02,-6.214485474745e+01,-3.192427591159e+02
1422,16578,6071044921.875000,1.344342184910e+02,-3.136798431456e+02,1.199893629139e+02,-3.254701002484e+02,1.209439368609e+02,-3.285887524552e+02,1.209489462160e+02,-3.286045900894e+02
1423,16579,6071411132.812500,4.481140616365e+01,-3.136798431456e+02,2.937759296450e+01,-3.208796486508e+02,2.948307501861e+01,-3.238973995999e+02,2.948376312968e+01,-3.239128443898e+02
1424,16580,6071777343.750000,4.481140616365e+01,-4.481140616365e+01,4.327790714053e+01,-4.779035925453e+01,4.365625094412e+01,-4.825885292636e+01,4.365822195037e+01,-4.826124492720e+01
1425,16581,6072143554.687500,-1.344342184910e+02,4.481140616365e+01,-1.344454906921e+02,5.220522709437e+01,-1.356674394118e+02,5.276137571727e+01,-1.356737908683e+02,5.276418908264e+01
1426,16582,6072509765.625000,-2.240570308183e+02,4.481140616365e+01,-2.256527084907e+02,5.653040255383e+01,-2.277129394200e+02,5.717311013728e+01,-2.277236902241e+02,5.717634142027e+01
1427,16583,6072875976.562500,2.240570308183e+02,1.344342184910e+02,2.344216430197e+02,1.259138024376e+02,2.366519937687e+02,1.269523548768e+02,2.366635980672e+02,1.269579102239e+02
1428,16584,6073242187.500000,-4.481140616365e+01,-1.344342184910e+02,-5.232574954619e+01,-1.345035134068e+02,-5.287808896964e+01,-1.357132079412e+02,-5.288092264994e+01,-1.357195989237e+02
1429,16585,6073608398.437500,3.136798431456e+02,1.344342184910e+02,3.261704221809e+02,1.200609592313e+02,3.292238944629e+02,1.209894521345e+02,3.292399761613e+02,1.209945408452e+02
1430,16586,6073974609.375000,4.481140616365e+01,2.240570308183e+02,5.813754193691e+01,2.253202232357e+02,5.878756663705e+01,2.273479345745e+02,5.879089578670e+01,2.273587477589e+02
1431,16587,6074340820.312500,-1.344342184910e+02,-1.344342184910e+02,-1.440710738603e+02,-1.292136816217e+02,-1.454508014795e+02,-1.303139333537e+02,-1.454581016837e+02,-1.303198975603e+02
1432,16588,6074707031.250000,-3.136798431456e+02,3.136798431456e+02,-3.017110860440e+02,3.356697255031e+02,-3.042708477109e+02,3.388738953117e+02,-3.042848026014e+02,3.388909354315e+02
1433,16589,6075073242.187500,-1.344342184910e+02,3.136798431456e+02,-1.198414882062e+02,3.257586925238e+02,-1.207528334087e+02,3.287664737207e+02,-1.207579553641e+02,3.287826516504e+02
1434,16590,6075439453.125000,4.481140616365e+01,-1.344342184910e+02,3.836174847940e+01,-1.389848947403e+02,3.863391904146e+01,-1.402569278648e+02,3.863548413425e+01,-1.402638138103e+02
1435,16591,6075805664.062500,1.344342184910e+02,4.481140616365e+01,1.390406253662e+02,3.836696660061e+01,1.403086473414e+02,3.863791118657e+01,1.403155482391e+02,3.863947978370e+01
1436,16592,6076171875.000000,-2.240570308183e+02,-2.240570308183e+02,-2.400086895789e+02,-2.155163964568e+02,-2.422684697529e+02,-2.173168163553e+02,-2.422807377624e+02,-2.173268599663e+02
1437,16593,6076538085.937500,2.240570308183e+02,-1.344342184910e+02,2.200154577821e+02,-1.494335826550e+02,2.218967066438e+02,-1.508809598850e+02,2.219071934492e+02,-1.508888036672e+02
1438,16594,6076904296.875000,-2.240570308183e+02,-1.344342184910e+02,-2.356679243901e+02,-1.232072004663e+02,-2.378247395936e+02,-1.241764548495e+02,-2.378366282202e+02,-1.241819971134e+02
1439,16595,6077270507.812500,1.344342184910e+02,-2.240570308183e+02,1.230035255890e+02,-2.357516894572e+02,1.239668817999e+02,-2.379013758683e+02,1.239724244069e+02,-2.379132884024e+02
1440,16596,6077636718.750000,1.344342184910e+02,-3.136798431456e+02,1.174942388239e+02,-3.268057646420e+02,1.183569587305e+02,-3.297469501128e+02,1.183620351969e+02,-3.297633725781e+02
1441,16597,6078002929.687500,-1.344342184910e+02,4.481140616365e+01,-1.338153091302e+02,5.371624787121e+01,-1.349614623794e+02,5.425831024565e+01,-1.349679697476e+02,5.426127095412e+01
1442,16598,6078369140.625000,-3.136798431456e+02,1.344342184910e+02,-3.106830411934e+02,1.552593992865e+02,-3.133176532208e+02,1.567808421188e+02,-3.133327192646e+02,1.567892420466e+02
1443,16599,6078735351.562500,-3.136798431456e+02,3.136798431456e+02,-3.005383628910e+02,3.369861493680e+02,-3.029783776553e+02,3.400799518504e+02,-3.029925579666e+02,3.400973734842e+02
1444,16600,6079101562.500000,1.344342184910e+02,-2.240570308183e+02,1.238696760615e+02,-2.353967654610e+02,1.248202972124e+02,-2.375046076813e+02,1.248259356276e+02,-2.375166038682e+02
1445,16601,6079467773.437500,2.240570308183e+02,3.136798431456e+02,2.455886366339e+02,3.061433017406e+02,2.478728073271e+02,3.086598228125e+02,2.478857400235e+02,3.086745375328e+02
1446,16602,6079833984.375000,-1.344342184910e+02,-2.240570308183e+02,-1.493685306911e+02,-2.201855656180e+02,-1.507706665724e+02,-2.220024697788e+02,-1.507786208269e+02,-2.220131322229e+02
1447,16603,6080200195.312500,-4.481140616365e+01,-2.240570308183e+02,-5.818675440040e+01,-2.252818518030e+02,-5.880457473125e+01,-2.271831109920e+02,-5.880799097025e+01,-2.271942508972e+02
1448,16604,6080566406.250000,-4.481140616365e+01,-4.481140616365e+01,-4.806743463429e+01,-4.305035941782e+01,-4.850072247412e+01,-4.339273285829e+01,-4.850322764954e+01,-4.339478227270e+01
1449,16605,6080932617.187500,-3.136798431456e+02,3.136798431456e+02,-3.014507961270e+02,3.363388447560e+02,-3.038380641196e+02,3.393593189016e+02,-3.038524395692e+02,3.393768757940e+02
1450,16606,6081298828.125000,-3.136798431456e+02,-2.240570308183e+02,-3.314034395653e+02,-2.105177567572e+02,-3.343226424145e+02,-2.121268104185e+02,-3.343397742035e+02,-2.121366498965e+02
1451,16607,6081665039.062500,4.481140616365e+01,-2.240570308183e+02,3.326830727835e+01,-2.304363137069e+02,3.342753888411e+01,-2.323985848890e+02,3.342869712930e+01,-2.324102618738e+02
1452,16608,6082031250.000000,4.481140616365e+01,-3.136798431456e+02,2.844338524724e+01,-3.217419877723e+02,2.851277209922e+01,-3.244612134184e+02,2.851348489915e+01,-3.244775022159e+02
1453,16609,6082397460.937500,4.481140616365e+01,1.344342184910e+02,5.294720700989e+01,1.343638389268e+02,5.346125768198e+01,1.354606055903e+02,5.346423322257e+01,1.354672731810e+02
1454,16610,6082763671.875000,-4.481140616365e+01,-2.240570308183e+02,-5.780896009417e+01,-2.255321987508e+02,-5.840978060058e+01,-2.273817242722e+02,-5.841321065012e+01,-2.273930031945e+02
1455,16611,6083129882.812500,4.481140616365e+01,4.481140616365e+01,4.803035361800e+01,4.314996198270e+01,4.845181651329e+01,4.348283063627e+01,4.845434661685e+01,4.348490900930e+01
1456,16612,6083496093.750000,2.240570308183e+02,-1.344342184910e+02,2.206374561147e+02,-1.489876938178e+02,2.223827691634e+02,-1.503356261693e+02,2.223936300513e+02,-1.503436804911e+02
1457,16613,6083862304.687500,-1.344342184910e+02,-3.136798431456e+02,-1.538913211266e+02,-3.118350249013e+02,-1.553224992785e+02,-3.143207431360e+02,-1.553310186496e+02,-3.143362441275e+02
1458,16614,6084228515.625000,-4.481140616365e+01,-4.481140616365e+01,-4.803244061945e+01,-4.315445010883e+01,-4.844889036183e+01,-4.348283794528e+01,-4.845143156992e+01,-4.348492642333e+01
1459,16615,6084594726.562500,4.481140616365e+01,3.136798431456e+02,6.260209932109e+01,3.166939421408e+02,6.327999179982e+01,3.192455804977e+02,6.328389257166e+01,3.192615809098e+02
1460,16616,6084960937.500000,-4.481140616365e+01,4.481140616365e+01,-4.316310429110e+01,4.800677729879e+01,-4.348854161023e+01,4.841964214144e+01,-4.349063705500e+01,4.842218925023e+01
1461,16617,6085327148.437500,1.344342184910e+02,4.481140616365e+01,1.390750914156e+02,3.849532015523e+01,1.402206106042e+02,3.873345505403e+01,1.402278057729e+02,3.873511089581e+01
1462,16618,6085693359.375000,-3.136798431456e+02,-1.344342184910e+02,-3.257749718482e+02,-1.206473260012e+02,-3.284627989095e+02,-1.214474335601e+02,-3.284797454208e+02,-1.214528788494e+02
1463,16619,6086059570.312500,4.481140616365e+01,2.240570308183e+02,5.676157637747e+01,2.255125778002e+02,5.733567553807e+01,2.272912149065e+02,5.733909088301e+01,2.273026477587e+02
1464,16620,6086425781.250000,-1.344342184910e+02,-4.481140616365e+01,-1.390469789783e+02,-3.865726194631e+01,-1.401775253959e+02,-3.889260708526e+01,-1.401847498957e+02,-3.889427973872e+01
1465,16621,6086791992.187500,2.240570308183e+02,-3.136798431456e+02,2.114320469959e+02,-3.311252184316e+02,2.129380381612e+02,-3.338685756150e+02,2.129481645173e+02,-3.338860713852e+02
1466,16622,6087158203.125000,-4.481140616365e+01,-3.136798431456e+02,-6.223687986332e+01,-3.169551538332e+02,-6.289640160546e+01,-3.194302560621e+02,-6.290031601815e+01,-3.194464323556e+02
1467,16623,6087524414.062500,1.344342184910e+02,-4.481140616365e+01,1.345198420957e+02,-5.247457210541e+01,1.355517332218e+02,-5.295879505350e+01,1.355585497148e+02,-5.296180158687e+01
1468,16624,6087890625.000000,2.240570308183e+02,2.240570308183e+02,2.389749213404e+02,2.169071502359e+02,2.409629232359e+02,2.184818447243e+02,2.409757448132e+02,2.184925051090e+02
1469,16625,6088256835.937500,-3.136798431456e+02,-3.136798431456e+02,-3.345273092137e+02,-3.037667942414e+02,-3.372981615750e+02,-3.059611632889e+02,-3.373161332667e+02,-3.059761140061e+02
1470,16626,6088623046.875000,1.344342184910e+02,1.344342184910e+02,1.434722015831e+02,1.301576376106e+02,1.446552944499e+02,1.310930885874e+02,1.446630117502e+02,1.310995033153e+02
1471,16627,6088989257.812500,-4.481140616365e+01,3.136798431456e+02,-2.993035629386e+01,3.215635198875e+02,-2.999229594906e+01,3.240655066275e+02,-2.999312613420e+01,3.240822383830e+02
1472,16628,6089355468.750000,-4.481140616365e+01,-2.240570308183e+02,-5.681058902372e+01,-2.258593303766e+02,-5.736678396783e+01,-2.275674141558e+02,-5.737023830128e+01,-2.275790069635e+02
1473,16629,6089721679.687500,1.344342184910e+02,2.240570308183e+02,1.480369199331e+02,2.214020126667e+02,1.492873470609e+02,2.230196235606e+02,1.492955351814e+02,2.230307953998e+02
1474,16630,6090087890.625000,2.240570308183e+02,4.481140616365e+01,2.303138480588e+02,3.457787658124e+01,2.320874964982e+02,3.472005816727e+01,2.320995560716e+02,3.472134076351e+01
1475,16631,6090454101.562500,1.344342184910e+02,3.136798431456e+02,1.516248256195e+02,3.129699770967e+02,1.529398341477e+02,3.152639897494e+02,1.529484339931e+02,3.152799526801e+02
1476,16632,6090820312.500000,-1.344342184910e+02,-4.481140616365e+01,-1.388399562122e+02,-3.956567210780e+01,-1.399087991104e+02,-3.979116417205e+01,-1.399161291331e+02,-3.979291652017e+01
1477,16633,6091186523.437500,-2.240570308183e+02,4.481140616365e+01,-2.260709435743e+02,5.531174659195e+01,-2.277398716171e+02,5.584632445373e+01,-2.277515531750e+02,5.584971963436e+01
1478,16634,6091552734.375000,3.136798431456e+02,2.240570308183e+02,3.286448227146e+02,2.147329259028e+02,3.312143036498e+02,2.161647133462e+02,3.312319680353e+02,2.161752038666e+02
1479,16635,6091918945.312500,4.481140616365e+01,2.240570308183e+02,5.481385367442e+01,2.261125208023e+02,5.534063385033e+01,2.277652322590e+02,5.534401008330e+01,2.277769459075e+02
1480,16636,6092285156.250000,-1.344342184910e+02,-4.481140616365e+01,-1.386144932155e+02,-4.031997315398e+01,-1.396614389403e+02,-4.054529933142e+01,-1.396687941944e+02,-4.054710182316e+01
1481,16637,6092651367.187500,4.481140616365e+01,-2.240570308183e+02,3.726142879474e+01,-2.299268301463e+02,3.741462654474e+01,-2.316392508729e+02,3.741606638599e+01,-2.316513992953e+02
1482,16638,6093017578.125000,2.240570308183e+02,2.240570308183e+02,2.363676968738e+02,2.204506759007e+02,2.382151831025e+02,2.219409167053e+02,2.382280946331e+02,2.219519681327e+02
1483,16639,6093383789.062500,-3.136798431456e+02,3.136798431456e+02,-3.090079493219e+02,3.306210756311e+02,-3.110855972278e+02,3.331931734867e+02,-3.111011085206e+02,3.332112551593e+02
1484,16640,6093750000.000000,-2.240570308183e+02,-1.344342184910e+02,-2.329560672069e+02,-1.296016793178e+02,-2.347131679284e+02,-1.304185210647e+02,-2.347257248094e+02,-1.304248231740e+02
1485,16641,6094116210.937500,-4.481140616365e+01,3.136798431456e+02,-3.567619491093e+01,3.213092942340e+02,-3.576423458780e+01,3.236453031358e+02,-3.576539512683e+01,3.236623209359e+02
1486,16642,6094482421.875000,-3.136798431456e+02,-2.240570308183e+02,-3.265169044353e+02,-2.191470582324e+02,-3.289747437106e+02,-2.205472165246e+02,-3.289924664840e+02,-2.205580500155e+02
1487,16643,6094848632.812500,-1.344342184910e+02,-4.481140616365e+01,-1.383048319295e+02,-4.199443603470e+01,-1.393138886557e+02,-4.222126007681e+01,-1.393212897491e+02,-4.222316878317e+01
1488,16644,6095214843.750000,-4.481140616365e+01,4.481140616365e+01,-4.446426075963e+01,4.691118751134e+01,-4.475515596319e+01,4.726757733785e+01,-4.475740255139e+01,4.727015812493e+01
1489,16645,6095581054.687500,-4.481140616365e+01,-4.481140616365e+01,-4.696340621873e+01,-4.440568088423e+01,-4.731834303213e+01,-4.469443940254e+01,-4.732092912778e+01,-4.469668531236e+01
1490,16646,6095947265.625000,-2.240570308183e+02,4.481140616365e+01,-2.270722229333e+02,5.235257599851e+01,-2.286390377088e+02,5.283975701652e+01,-2.286509560399e+02,5.284304075785e+01
1491,16647,6096313476.562500,4.481140616365e+01,2.240570308183e+02,5.162389325765e+01,2.271433168129e+02,5.210401122122e+01,2.287023058420e+02,5.210725936632e+01,2.287142422480e+02
1492,16648,6096679687.500000,3.136798431456e+02,-1.344342184910e+02,3.165047395952e+02,-1.440574366681e+02,3.186269114094e+02,-1.452245486239e+02,3.186433996016e+02,-1.452329094160e+02
1493,16649,6097045898.437500,-4.481140616365e+01,-1.344342184910e+02,-4.824719683052e+01,-1.360373794284e+02,-4.865203657115e+01,-1.369514714365e+02,-4.865490666253e+01,-1.369585962991e+02
1494,16650,6097412109.375000,3.136798431456e+02,1.344342184910e+02,3.223411392360e+02,1.303385696359e+02,3.246234668906e+02,1.310639416494e+02,3.246409148654e+02,1.310701563523e+02
1495,16651,6097778320.312500,-3.136798431456e+02,-2.240570308183e+02,-3.246471991719e+02,-2.211692056876e+02,-3.269806185484e+02,-2.225085912070e+02,-3.269984100375e+02,-2.225196467875e+02
1496,16652,6098144531.250000,1.344342184910e+02,-4.481140616365e+01,1.359854957874e+02,-4.870022362440e+01,1.368831989394e+02,-4.910249985697e+01,1.368903417284e+02,-4.910540166418e+01
1497,16653,6098510742.187500,4.481140616365e+01,3.136798431456e+02,5.194243682392e+01,3.188816373583e+02,5.246100088698e+01,3.210070994646e+02,5.246448807655e+01,3.210240051121e+02
1498,16654,6098876953.125000,1.344342184910e+02,3.136798431456e+02,1.425348955841e+02,3.175590256766e+02,1.436588002169e+02,3.196154815137e+02,1.436671275820e+02,3.196321298432e+02
1499,16655,6099243164.062500,-4.481140616365e+01,2.240570308183e+02,-4.230761122492e+01,2.291659823732e+02,-4.246928346843e+01,2.307174924206e+02,-4.247103272981e+01,2.307298434895e+02
1500,16656,6099609375.000000,-4.481140616365e+01,3.136798431456e+02,-4.156988088412e+01,3.204029797939e+02,-4.167697497500e+01,3.225503786607e+02,-4.167848245908e+01,3.225676235944e+02
1501,16657,6099975585.937500,-1.344342184910e+02,4.481140616365e+01,-1.365349729351e+02,4.717364543638e+01,-1.374105351580e+02,4.755661325103e+01,-1.374177451728e+02,4.755944675465e+01
1502,16658,6100341796.875000,2.240570308183e+02,-3.136798431456e+02,2.249655986361e+02,-3.221376478107e+02,2.262707321276e+02,-3.243677685751e+02,2.262820752741e+02,-3.243855486926e+02
1503,16659,6100708007.812500,-1.344342184910e+02,-3.136798431456e+02,-1.403501793628e+02,-3.182437488478e+02,-1.414321954386e+02,-3.202434905502e+02,-1.414404420207e+02,-3.202602586585e+02
1504,16660,6101074218.750000,-4.481140616365e+01,-3.136798431456e+02,-4.873908436422e+01,-3.192766853023e+02,-4.922278923771e+01,-3.213187605890e+02,-4.922612295905e+01,-3.213358044304e+02
1505,16661,6101440429.687500,-1.344342184910e+02,4.481140616365e+01,-1.368823209874e+02,4.652841530851e+01,-1.377388984056e+02,4.689995101324e+01,-1.377461544921e+02,4.690275952797e+01
1506,16662,6101806640.625000,4.481140616365e+01,1.344342184910e+02,4.606792958943e+01,1.371804971501e+02,4.643482631032e+01,1.380337905499e+02,4.643761283298e+01,1.380410699857e+02
1507,16663,6102172851.562500,-2.240570308183e+02,-1.344342184910e+02,-2.287580710390e+02,-1.374811504793e+02,-2.302846847350e+02,-1.382347472328e+02,-2.302973140583e+02,-1.382416398320e+02
1508,16664,6102539062.500000,4.481140616365e+01,-1.344342184910e+02,4.614298223470e+01,-1.371054780310e+02,4.636232538952e+01,-1.379958995211e+02,4.636450568910e+01,-1.380033937435e+02
1509,16665,6102905273.437500,-1.344342184910e+02,4.481140616365e+01,-1.373915615148e+02,4.502617967501e+01,-1.382303199452e+02,4.538112832503e+01,-1.382376313894e+02,4.538386522994e+01
1510,16666,6103271484.375000,4.481140616365e+01,-1.344342184910e+02,4.656308839251e+01,-1.368767698948e+02,4.678148601619e+01,-1.377550140541e+02,4.678369353222e+01,-1.377625087583e+02
1511,16667,6103637695.312500,1.344342184910e+02,2.240570308183e+02,1.356114841408e+02,2.295792970494e+02,1.365726995569e+02,2.309306757290e+02,1.365805415867e+02,2.309427774371e+02
1512,16668,6104003906.250000,3.136798431456e+02,1.344342184910e+02,3.191037284546e+02,1.396384265179e+02,3.211419099724e+02,1.403302607095e+02,3.211594789403e+02,1.403370972815e+02
1513,16669,6104370117.187500,-1.344342184910e+02,1.344342184910e+02,-1.384611618031e+02,1.358843186614e+02,-1.392365801400e+02,1.367883297403e+02,-1.392437690736e+02,1.367959936382e+02
1514,16670,6104736328.125000,-2.240570308183e+02,-3.136798431456e+02,-2.249862239701e+02,-3.225488604689e+02,-2.265230097077e+02,-3.243903731041e+02,-2.265359169439e+02,-3.244073379618e+02
1515,16671,6105102539.062500,3.136798431456e+02,-2.240570308183e+02,3.229291160769e+02,-2.243440565580e+02,3.247602138969e+02,-2.258680550266e+02,3.247772135701e+02,-2.258809371839e+02
1516,16672,6105468750.000000,3.136798431456e+02,1.344342184910e+02,3.178675805592e+02,1.419961029117e+02,3.198479801071e+02,1.426801695397e+02,3.198655381874e+02,1.426871591195e+02
1517,16673,6105834960.937500,1.344342184910e+02,-4.481140616365e+01,1.379241824561e+02,-4.332712497688e+01,1.387226734022e+02,-4.365768209666e+01,1.387300621944e+02,-4.366034252430e+01
1518,16674,6106201171.875000,3.136798431456e+02,-4.481140616365e+01,3.207213548265e+02,-3.958325879278e+01,3.225972452926e+02,-3.998607253542e+01,3.226145757603e+02,-3.998894056240e+01
1519,16675,6106567382.812500,4.481140616365e+01,4.481140616365e+01,4.472457188338e+01,4.659452517208e+01,4.501175515158e+01,4.684465246888e+01,4.501429021871e+01,4.684708468757e+01
1520,16676,6106933593.750000,1.344342184910e+02,3.136798431456e+02,1.298994218456e+02,3.223757820720e+02,1.308266046497e+02,3.241876225083e+02,1.308343910534e+02,3.242048640434e+02
1521,16677,6107299804.687500,-3.136798431456e+02,-3.136798431456e+02,-3.119045558390e+02,-3.271676952262e+02,-3.138829757835e+02,-3.288983517326e+02,-3.139006822346e+02,-3.289154579102e+02
1522,16678,6107666015.625000,4.481140616365e+01,4.481140616365e+01,4.449126433982e+01,4.687201423394e+01,4.477175429523e+01,4.711813831963e+01,4.477428200099e+01,4.712059111077e+01
1523,16679,6108032226.562500,-4.481140616365e+01,-1.344342184910e+02,-4.183346815030e+01,-1.384229741250e+02,-4.214510686788e+01,-1.391912475545e+02,-4.214769622708e+01,-1.391986963685e+02
1524,16680,6108398437.500000,-3.136798431456e+02,4.481140616365e+01,-3.212321879517e+02,3.581511930254e+01,-3.230340804450e+02,3.618706746030e+01,-3.230515143883e+02,3.618973933767e+01
1525,16681,6108764648.437500,4.481140616365e+01,3.136798431456e+02,3.496621122595e+01,3.211982017100e+02,3.533188012448e+01,3.229870945561e+02,3.533450675034e+01,3.230045389495e+02
1526,16682,6109130859.375000,4.481140616365e+01,2.240570308183e+02,3.745113793913e+01,2.299415925133e+02,3.778124170173e+01,2.312062005553e+02,3.778380075980e+01,2.312186682456e+02
1527,16683,6109497070.312500,-3.136798431456e+02,2.240570308183e+02,-3.284856611354e+02,2.161760724317e+02,-3.301930800922e+02,2.175472805338e+02,-3.302105369521e+02,2.175598226896e+02
1528,16684,6109863281.250000,3.136798431456e+02,1.344342184910e+02,3.143406817393e+02,1.500469128190e+02,3.161492240596e+02,1.507072382649e+02,3.161667376663e+02,1.507147342013e+02
1529,16685,6110229492.187500,4.481140616365e+01,2.240570308183e+02,3.622213126846e+01,2.303695358820e+02,3.654107170826e+01,2.316085062935e+02,3.654356786644e+01,2.316210209659e+02
1530,16686,6110595703.125000,-1.344342184910e+02,-3.136798431456e+02,-1.237092976604e+02,-3.254539006116e+02,-1.245508336937e+02,-3.271525599721e+02,-1.245583296936e+02,-3.271700870273e+02
1531,16687,6110961914.062500,-3.136798431456e+02,3.136798431456e+02,-3.330079041409e+02,3.062370969590e+02,-3.346376393939e+02,3.080589811718e+02,-3.346551804700e+02,3.080764878089e+02
1532,16688,6111328125.000000,3.136798431456e+02,1.344342184910e+02,3.135579117604e+02,1.510397775183e+02,3.153103794186e+02,1.516808237112e+02,3.153278879800e+02,1.516883928794e+02
1533,16689,6111694335.937500,4.481140616365e+01,-3.136798431456e+02,6.048523344391e+01,-3.174453444768e+02,6.063853733498e+01,-3.191576528918e+02,6.064114064188e+01,-3.191751800573e+02
1534,16690,6112060546.875000,-2.240570308183e+02,-4.481140616365e+01,-2.260240099409e+02,-5.676594386472e+01,-2.272409122533e+02,-5.694524731776e+01,-2.272534282347e+02,-5.694785294860e+01
1535,16691,6112426757.812500,-3.136798431456e+02,3.136798431456e+02,-3.357098117379e+02,3.034293265828e+02,-3.372993152957e+02,3.051866492212e+02,-3.373170457143e+02,3.052040398292e+02
1536,16692,6112792968.750000,-2.240570308183e+02,2.240570308183e+02,-2.402210074644e+02,2.163388020406e+02,-2.413487035040e+02,2.175830837825e+02,-2.413613983062e+02,2.175954900932e+02
1537,16693,6113159179.687500,-1.344342184910e+02,-2.240570308183e+02,-1.246389777900e+02,-2.356957591833e+02,-1.254017330193e+02,-2.368383427963e+02,-1.254091013016e+02,-2.368510000994e+02
1538,16694,6113525390.625000,-1.344342184910e+02,2.240570308183e+02,-1.496944316783e+02,2.206772512002e+02,-1.503394014995e+02,2.218777405451e+02,-1.503471271074e+02,2.218901924670e+02
1539,16695,6113891601.562500,2.240570308183e+02,-3.136798431456e+02,2.466358280399e+02,-3.065538206022e+02,2.477180328806e+02,-3.082288471750e+02,2.477308946299e+02,-3.082462380599e+02
1540,16696,6114257812.500000,2.240570308183e+02,-4.481140616365e+01,2.310791576015e+02,-3.179033544105e+01,2.322175712779e+02,-3.207070303972e+01,2.322301982328e+02,-3.207296701161e+01
1541,16697,6114624023.437500,1.344342184910e+02,-3.136798431456e+02,1.577279609376e+02,-3.107013196134e+02,1.583464271221e+02,-3.123241744034e+02,1.583544025140e+02,-3.123416071053e+02
1542,16698,6114990234.375000,1.344342184910e+02,-3.136798431456e+02,1.590516589508e+02,-3.100923605864e+02,1.596702543741e+02,-3.116997127633e+02,1.596783070575e+02,-3.117171210545e+02
1543,16699,6115356445.312500,3.136798431456e+02,2.240570308183e+02,3.034385837782e+02,2.504603138674e+02,3.050483599661e+02,2.515209265370e+02,3.050656126065e+02,2.515340255769e+02
1544,16700,6115722656.250000,-1.344342184910e+02,-2.240570308183e+02,-1.207120919137e+02,-2.376594192502e+02,-1.214198671798e+02,-2.387435743021e+02,-1.214270414968e+02,-2.387563823104e+02
1545,16701,6116088867.187500,-3.136798431456e+02,-2.240570308183e+02,-3.027989101911e+02,-2.507184079706e+02,-3.043798610551e+02,-2.517592371953e+02,-3.043970898304e+02,-2.517723608483e+02
1546,16702,6116455078.125000,2.240570308183e+02,-1.344342184910e+02,2.379466301014e+02,-1.201305206159e+02,2.390121511766e+02,-1.208253631460e+02,2.390249844242e+02,-1.208325101580e+02
1547,16703,6116821289.062500,3.136798431456e+02,-4.481140616365e+01,3.226017314068e+02,-2.179389635250e+01,3.241066527925e+02,-2.206584421826e+01,3.241243724932e+02,-2.206776624622e+01
1548,16704,6117187500.000000,-3.136798431456e+02,-2.240570308183e+02,-3.016057125994e+02,-2.526311918686e+02,-3.031431965405e+02,-2.536493698690e+02,-3.031603782299e+02,-2.536626136058e+02
1549,16705,6117553710.937500,4.481140616365e+01,-1.344342184910e+02,5.663297763152e+01,-1.330937340644e+02,5.682439076290e+01,-1.337376651445e+02,5.682721399359e+01,-1.337451263606e+02
1550,16706,6117919921.875000,4.481140616365e+01,1.344342184910e+02,3.405558898726e+01,1.405891936863e+02,3.428513900646e+01,1.412140204763e+02,3.428733066395e+01,1.412216938120e+02
1551,16707,6118286132.812500,3.136798431456e+02,2.240570308183e+02,2.991919516370e+02,2.556026099489e+02,3.006811330250e+02,2.566029359151e+02,3.006982004939e+02,2.566163592441e+02
1552,16708,6118652343.750000,-4.481140616365e+01,-4.481140616365e+01,-4.148992693446e+01,-4.963425689417e+01,-4.170210004475e+01,-4.983509086290e+01,-4.170449907618e+01,-4.983773522303e+01
1553,16709,6119018554.687500,3.136798431456e+02,3.136798431456e+02,2.896193660383e+02,3.481092001137e+02,2.910887782516e+02,3.495034365583e+02,2.911055315169e+02,3.495219897437e+02
1554,16710,6119384765.625000,-2.240570308183e+02,3.136798431456e+02,-2.572815249740e+02,2.977701464160e+02,-2.582568827216e+02,2.992151688333e+02,-2.582704105490e+02,2.992321716358e+02
1555,16711,6119750976.562500,-4.481140616365e+01,4.481140616365e+01,-4.980842143982e+01,4.129275988034e+01,-5.000367989125e+01,4.149877861983e+01,-5.000633587010e+01,4.150116844937e+01
1556,16712,6120117187.500000,-4.481140616365e+01,-2.240570308183e+02,-2.390186307202e+01,-2.320757328712e+02,-2.412682841295e+01,-2.330639526241e+02,-2.412866643991e+01,-2.330767066716e+02
1557,16713,6120483398.437500,2.240570308183e+02,2.240570308183e+02,2.053901308338e+02,2.500741247417e+02,2.063982508306e+02,2.510337788901e+02,2.064101464858e+02,2.510471224138e+02
1558,16714,6120849609.375000,-2.240570308183e+02,4.481140616365e+01,-2.323232251871e+02,2.250645750827e+01,-2.332930536511e+02,2.272356875199e+01,-2.333058280602e+02,2.272533062875e+01
1559,16715,6121215820.312500,3.136798431456e+02,-4.481140616365e+01,3.234694020289e+02,-1.232827091477e+01,3.248156165489e+02,-1.254970040856e+01,3.248334472870e+02,-1.255110428044e+01
1560,16716,6121582031.250000,-1.344342184910e+02,-2.240570308183e+02,-1.121605059130e+02,-2.422121855689e+02,-1.127518461621e+02,-2.431556114248e+02,-1.127585805716e+02,-2.431687342452e+02
1561,16717,6121948242.187500,1.344342184910e+02,-2.240570308183e+02,1.615549849127e+02,-2.124617885679e+02,1.621049137222e+02,-2.134165620031e+02,1.621133596692e+02,-2.134286551815e+02
1562,16718,6122314453.125000,1.344342184910e+02,-1.344342184910e+02,1.516352520190e+02,-1.211959149858e+02,1.521858643539e+02,-1.217664848943e+02,1.521939672228e+02,-1.217735167455e+02
1563,16719,6122680664.062500,3.136798431456e+02,-1.344342184910e+02,3.334682150622e+02,-1.004668218711e+02,3.347516993422e+02,-1.010444968807e+02,3.347698911128e+02,-1.010507908134e+02
1564,16720,6123046875.000000,-1.344342184910e+02,-2.240570308183e+02,-1.103600555568e+02,-2.426328112397e+02,-1.109248372020e+02,-2.435364865815e+02,-1.109314746980e+02,-2.435496403169e+02
1565,16721,6123413085.937500,-1.344342184910e+02,-1.344342184910e+02,-1.204550194101e+02,-1.521364924434e+02,-1.210070072480e+02,-1.526695345363e+02,-1.210140001779e+02,-1.526776679333e+02
1566,16722,6123779296.875000,-1.344342184910e+02,-2.240570308183e+02,-1.094279283242e+02,-2.433669684992e+02,-1.099797833707e+02,-2.442526828854e+02,-1.099863712723e+02,-2.442658799216e+02
1567,16723,6124145507.812500,-3.136798431456e+02,-2.240570308183e+02,-2.905153140694e+02,-2.657927540233e+02,-2.917679632796e+02,-2.666586265979e+02,-2.917846031304e+02,-2.666726575430e+02
1568,16724,6124511718.750000,-3.136798431456e+02,-3.136798431456e+02,-2.780217493427e+02,-3.577074201419e+02,-2.792625354458e+02,-3.589162829402e+02,-2.792786904702e+02,-3.589354182334e+02
1569,16725,6124877929.687500,4.481140616365e+01,4.481140616365e+01,3.950723787671e+01,5.124796622498e+01,3.968203183777e+01,5.141906993245e+01,3.968432835592e+01,5.142181205708e+01
1570,16726,6125244140.625000,4.481140616365e+01,-1.344342184910e+02,6.329271056126e+01,-1.301338341105e+02,6.345854001941e+01,-1.306484607387e+02,6.346174469632e+01,-1.306557891715e+02
1571,16727,6125610351.562500,2.240570308183e+02,-2.240570308183e+02,2.570722488544e+02,-1.966588925259e+02,2.579086558121e+02,-1.975126400486e+02,2.579224130215e+02,-1.975240749347e+02
1572,16728,6125976562.500000,4.481140616365e+01,-2.240570308183e+02,7.591803083091e+01,-2.207752772789e+02,7.607628618383e+01,-2.216123232393e+02,7.607998506813e+01,-2.216246842349e+02
1573,16729,6126342773.437500,3.136798431456e+02,1.344342184910e+02,2.988712649575e+02,1.794457359918e+02,3.000314129572e+02,1.799288941126e+02,3.000483163777e+02,1.799381345238e+02
1574,16730,6126708984.375000,1.344342184910e+02,-2.240570308183e+02,1.674277469936e+02,-2.077594460362e+02,1.679084466200e+02,-2.085791132375e+02,1.679172261340e+02,-2.085909578154e+02
1575,16731,6127075195.312500,3.136798431456e+02,-2.240570308183e+02,3.491096148574e+02,-1.816842027627e+02,3.502284619682e+02,-1.824993076783e+02,3.502473282609e+02,-1.825101174016e+02
1576,16732,6127441406.250000,3.136798431456e+02,-2.240570308183e+02,3.498976619643e+02,-1.802202644439e+02,3.510044863168e+02,-1.810226811875e+02,3.510233968903e+02,-1.810334105272e+02
1577,16733,6127807617.187500,4.481140616365e+01,4.481140616365e+01,3.846478462419e+01,5.203579759501e+01,3.862245251653e+01,5.219196911907e+01,3.862469159744e+01,5.219475497634e+01
1578,16734,6128173828.125000,-3.136798431456e+02,-1.344342184910e+02,-2.959359586226e+02,-1.839976102574e+02,-2.970223059773e+02,-1.844577299257e+02,-2.970390467770e+02,-1.844672217766e+02
1579,16735,6128540039.062500,-1.344342184910e+02,-1.344342184910e+02,-1.148966216595e+02,-1.564638715125e+02,-1.153578899852e+02,-1.569199321472e+02,-1.153645784022e+02,-1.569283076402e+02
1580,16736,6128906250.000000,4.481140616365e+01,-2.240570308183e+02,8.000079514953e+01,-2.191435989209e+02,8.014625981749e+01,-2.198990028447e+02,8.015018312038e+01,-2.199112694878e+02
1581,16737,6129272460.937500,-1.344342184910e+02,-2.240570308183e+02,-1.001860623725e+02,-2.473619848203e+02,-1.006375318470e+02,-2.481036801683e+02,-1.006436095079e+02,-2.481170980440e+02
1582,16738,6129638671.875000,3.136798431456e+02,4.481140616365e+01,3.092319368142e+02,9.608180251191e+01,3.102614535847e+02,9.622378886100e+01,3.102787181549e+02,9.622839576345e+01
1583,16739,6130004882.812500,-3.136798431456e+02,-1.344342184910e+02,-2.941567001243e+02,-1.877059808968e+02,-2.951734020043e+02,-1.881375994871e+02,-2.951900362068e+02,-1.881472894979e+02
1584,16740,6130371093.750000,-1.344342184910e+02,2.240570308183e+02,-1.729869478097e+02,2.034954657068e+02,-1.734124480711e+02,2.042123334920e+02,-1.734215268501e+02,2.042239344310e+02
1585,16741,6130737304.687500,-4.481140616365e+01,-2.240570308183e+02,-7.526345793907e+00,-2.333687019246e+02,-7.671582959805e+00,-2.340723410580e+02,-7.672518810299e+00,-2.340851817355e+02
1586,16742,6131103515.625000,1.344342184910e+02,1.344342184910e+02,1.126552898491e+02,1.582384586459e+02,1.130748214364e+02,1.586520635717e+02,1.130813798382e+02,1.586605277205e+02
1587,16743,6131469726.562500,-4.481140616365e+01,-4.481140616365e+01,-3.740748609891e+01,-5.286294129109e+01,-3.754528135041e+01,-5.299886425042e+01,-3.754745918429e+01,-5.300169153239e+01
1588,16744,6131835937.500000,-4.481140616365e+01,-1.344342184910e+02,-2.154636013476e+01,-1.432215195945e+02,-2.168390982525e+01,-1.436252050979e+02,-2.168541568641e+01,-1.436330408087e+02
1589,16745,6132202148.437500,-1.344342184910e+02,1.344342184910e+02,-1.593404195232e+02,1.112309235700e+02,-1.597366159478e+02,1.116317897047e+02,-1.597451358349e+02,1.116382663561e+02
1590,16746,6132568359.375000,-2.240570308183e+02,-1.344342184910e+02,-2.006910807649e+02,-1.761887735503e+02,-2.013469510230e+02,-1.765781966803e+02,-2.013583843602e+02,-1.765874406662e+02
1591,16747,6132934570.312500,4.481140616365e+01,-1.344342184910e+02,7.018019200947e+01,-1.266831086980e+02,7.030764002256e+01,-1.270698944113e+02,7.031121639361e+01,-1.270770174102e+02
1592,16748,6133300781.250000,-1.344342184910e+02,-1.344342184910e+02,-1.097580229157e+02,-1.603594889152e+02,-1.101403974340e+02,-1.607377301088e+02,-1.101467887999e+02,-1.607462999646e+02
1593,16749,6133666992.187500,-3.136798431456e+02,-3.136798431456e+02,-2.560014401464e+02,-3.743278116814e+02,-2.568819130928e+02,-3.751939917050e+02,-2.568968156056e+02,-3.752139888763e+02
1594,16750,6134033203.125000,1.344342184910e+02,-3.136798431456e+02,1.944124434432e+02,-2.897503919239e+02,1.947713299027e+02,-2.906136504503e+02,1.947813614156e+02,-2.906299993260e+02
1595,16751,6134399414.062500,-4.481140616365e+01,4.481140616365e+01,-5.357432008603e+01,3.644606496174e+01,-5.369355961721e+01,3.656827312473e+01,-5.369641966342e+01,3.657039372043e+01
1596,16752,6134765625.000000,-1.344342184910e+02,-4.481140616365e+01,-1.263318251482e+02,-7.094975962828e+01,-1.266895579806e+02,-7.106353936562e+01,-1.266966493619e+02,-7.106715105842e+01
1597,16753,6135131835.937500,4.481140616365e+01,-1.344342184910e+02,7.130753895476e+01,-1.261338715325e+02,7.141911193652e+01,-1.264855899563e+02,7.142274196150e+01,-1.264926681541e+02
1598,16754,6135498046.875000,-1.344342184910e+02,3.136798431456e+02,-1.976318009008e+02,2.876014372531e+02,-1.979646002549e+02,2.884087668969e+02,-1.979747943589e+02,2.884249769517e+02
1599,16755,6135864257.812500,-2.240570308183e+02,4.481140616365e+01,-2.336429386082e+02,-9.726525804146e-01,-2.342045714902e+02,-8.525048488545e-01,-2.342173779640e+02,-8.520367148671e-01
1600,16756,6136230468.750000,1.344342184910e+02,3.136798431456e+02,6.956050626038e+01,3.419261171753e+02,6.990365780002e+01,3.426953567094e+02,6.990823108580e+01,3.427139307045e+02
1601,16757,6136596679.687500,3.136798431456e+02,4.481140616365e+01,3.045329385676e+02,1.103681348162e+02,3.052945935032e+02,1.104635726720e+02,3.053115122463e+02,1.104689354848e+02
1602,16758,6136962890.625000,-3.136798431456e+02,4.481140616365e+01,-3.231636609303e+02,-2.119883721748e+01,-3.239069888737e+02,-2.107747845538e+01,-3.239247192765e+02,-2.107791731108e+01
1603,16759,6137329101.562500,1.344342184910e+02,-3.136798431456e+02,2.012026602879e+02,-2.850663790328e+02,2.015000044717e+02,-2.858048106305e+02,2.015103719624e+02,-2.858208495603e+02
1604,16760,6137695312.500000,-2.240570308183e+02,4.481140616365e+01,-2.336784831509e+02,-3.442310344040e+00,-2.341885577330e+02,-3.327323031734e+00,-2.342013378943e+02,-3.326989799358e+00
1605,16761,6138061523.437500,-3.136798431456e+02,-2.240570308183e+02,-2.647705888541e+02,-2.922836714721e+02,-2.654876554414e+02,-2.927673849611e+02,-2.655027711453e+02,-2.927827607847e+02
1606,16762,6138427734.375000,4.481140616365e+01,1.344342184910e+02,1.519319841405e+01,1.441329380731e+02,1.530040115350e+01,1.444253922943e+02,1.530155217558e+01,1.444332272759e+02
1607,16763,6138793945.312500,2.240570308183e+02,1.344342184910e+02,1.937611289220e+02,1.839303303071e+02,1.942525718814e+02,1.842038022450e+02,1.942635540828e+02,1.842134054914e+02
1608,16764,6139160156.250000,-1.344342184910e+02,1.344342184910e+02,-1.641596627703e+02,1.040318153940e+02,-1.644323892507e+02,1.043252189845e+02,-1.644411083809e+02,1.043312577636e+02
1609,16765,6139526367.187500,-3.136798431456e+02,-3.136798431456e+02,-2.424273326447e+02,-3.832042386088e+02,-2.431003715663e+02,-3.838236774087e+02,-2.431144368191e+02,-3.838440184053e+02
1610,16766,6139892578.125000,-3.136798431456e+02,2.240570308183e+02,-3.631896715629e+02,1.527589870598e+02,-3.638005932369e+02,1.532399106521e+02,-3.638200306426e+02,1.532490395047e+02
1611,16767,6140258789.062500,2.240570308183e+02,-1.344342184910e+02,2.537701658710e+02,-8.336692266925e+01,2.541977332040e+02,-8.365469657988e+01,2.542113574784e+02,-8.365979942423e+01
1612,16768,6140625000.000000,1.344342184910e+02,3.136798431456e+02,6.279049841429e+01,3.432639765136e+02,6.308408616630e+01,3.438528901882e+02,6.308826644990e+01,3.438714177725e+02
1613,16769,6140991210.937500,-3.136798431456e+02,-3.136798431456e+02,-2.411863364895e+02,-3.842958366331e+02,-2.418135884575e+02,-3.848481188469e+02,-2.418275526121e+02,-3.848684652890e+02
1614,16770,6141357421.875000,2.240570308183e+02,2.240570308183e+02,1.706951401902e+02,2.755779037478e+02,1.711331701553e+02,2.759625793388e+02,1.711430543322e+02,2.759771639997e+02
1615,16771,6141723632.812500,-2.240570308183e+02,-4.481140616365e+01,-2.121124818681e+02,-9.837259574883e+01,-2.125192641314e+02,-9.842623568653e+01,-2.125309938089e+02,-9.843110090254e+01
1616,16772,6142089843.750000,3.136798431456e+02,3.136798431456e+02,2.349061123840e+02,3.885121201911e+02,2.354923445049e+02,3.890220473354e+02,2.355059484060e+02,3.890425903262e+02
1617,16773,6142456054.687500,1.344342184910e+02,-2.240570308183e+02,1.885604674795e+02,-1.895683949872e+02,1.887597829418e+02,-1.899673730688e+02,1.887695769438e+02,-1.899780647778e+02
1618,16774,6142822265.625000,4.481140616365e+01,-1.344342184910e+02,7.760241711863e+01,-1.224688330568e+02,7.765762560231e+01,-1.226978417279e+02,7.766155393708e+01,-1.227046451876e+02
1619,16775,6143188476.562500,-2.240570308183e+02,-2.240570308183e+02,-1.667270653329e+02,-2.780181763647e+02,-1.671215071136e+02,-2.783457722261e+02,-1.671311462520e+02,-2.783604402888e+02
1620,16776,6143554687.500000,-4.481140616365e+01,1.344342184910e+02,-7.829131472619e+01,1.220247909805e+02,-7.834067759973e+01,1.222423398370e+02,-7.834463737177e+01,1.222491100503e+02
1621,16777,6143920898.437500,-4.481140616365e+01,-3.136798431456e+02,3.568606367072e+01,-3.222270629141e+02,3.556731158187e+01,-3.226972434120e+02,3.556852057486e+01,-3.227147253919e+02
1622,16778,6144287109.375000,4.481140616365e+01,-1.344342184910e+02,7.880496510275e+01,-1.217408078741e+02,7.884803213514e+01,-1.219470982870e+02,7.885201313617e+01,-1.219538431559e+02
1623,16779,6144653320.312500,3.136798431456e+02,-2.240570308183e+02,3.682294668230e+02,-1.418857896115e+02,3.686374950973e+02,-1.422644683172e+02,3.686570314424e+02,-1.422729386476e+02
1624,16780,6145019531.250000,4.481140616365e+01,-1.344342184910e+02,7.882143212255e+01,-1.218320127534e+02,7.885728192812e+01,-1.220273065271e+02,7.886125617137e+01,-1.220340447828e+02
1625,16781,6145385742.187500,-1.344342184910e+02,1.344342184910e+02,-1.682047402630e+02,9.799762662940e+01,-1.683583896768e+02,9.820511431849e+01,-1.683672235645e+02,9.821076313665e+01
1626,16782,6145751953.125000,-4.481140616365e+01,1.344342184910e+02,-8.011743701166e+01,1.209645241880e+02,-8.014806723743e+01,1.211483470626e+02,-8.015210537972e+01,1.211550295682e+02
1627,16783,6146118164.062500,-3.136798431456e+02,-1.344342184910e+02,-2.733996957346e+02,-2.174253336648e+02,-2.738217029235e+02,-2.175272675031e+02,-2.738368736618e+02,-2.175383377076e+02
1628,16784,6146484375.000000,2.240570308183e+02,4.481140616365e+01,2.089110746592e+02,1.047022453629e+02,2.091918274895e+02,1.047061063206e+02,2.092032721602e+02,1.047112597317e+02
1629,16785,6146850585.937500,-4.481140616365e+01,-3.136798431456e+02,4.054079408572e+01,-3.212328394235e+02,4.041461483464e+01,-3.215867999992e+02,4.041607261565e+01,-3.216041127567e+02
1630,16786,6147216796.875000,-2.240570308183e+02,-1.344342184910e+02,-1.843580332653e+02,-1.931831229281e+02,-1.846417012682e+02,-1.932778874780e+02,-1.846520059845e+02,-1.932878237012e+02
1631,16787,6147583007.812500,-2.240570308183e+02,-4.481140616365e+01,-2.086708937275e+02,-1.052428944913e+02,-2.089230617230e+02,-1.052330561915e+02,-2.089344614440e+02,-1.052382224757e+02
1632,16788,6147949218.750000,-4.481140616365e+01,1.344342184910e+02,-8.104881379215e+01,1.203053514964e+02,-8.105868249735e+01,1.204559004206e+02,-8.106274668179e+01,1.204625115022e+02
1633,16789,6148315429.687500,3.136798431456e+02,2.240570308183e+02,2.469718858574e+02,3.077773265022e+02,2.473436654770e+02,3.079106073236e+02,2.473575384006e+02,3.079264912373e+02
1634,16790,6148681640.625000,-1.344342184910e+02,-2.240570308183e+02,-6.942463583539e+01,-2.582904814631e+02,-6.961587668949e+01,-2.584626807983e+02,-6.962015510180e+01,-2.584763032198e+02
1635,16791,6149047851.562500,1.344342184910e+02,-2.240570308183e+02,1.958219504495e+02,-1.821403870048e+02,1.958757772124e+02,-1.823816094345e+02,1.958858052984e+02,-1.823917504019e+02
1636,16792,6149414062.500000,2.240570308183e+02,-4.481140616365e+01,2.330044865485e+02,2.003389295246e+01,2.331818034525e+02,1.992629371971e+01,2.331942494221e+02,1.992684103978e+01
1637,16793,6149780273.437500,-2.240570308183e+02,1.344342184910e+02,-2.587682670248e+02,6.752342708749e+01,-2.589063890776e+02,6.770411072170e+01,-2.589199959681e+02,6.770827687246e+01
1638,16794,6150146484.375000,-3.136798431456e+02,1.344342184910e+02,-3.468739612276e+02,4.112278391499e+01,-3.470691171049e+02,4.132999228602e+01,-3.470874460491e+02,4.133294856570e+01
1639,16795,6150512695.312500,3.136798431456e+02,-2.240570308183e+02,3.730274194368e+02,-1.286323393956e+02,3.731760857139e+02,-1.289020138090e+02,3.731955859181e+02,-1.289096675814e+02
1640,16796,6150878906.250000,-1.344342184910e+02,1.344342184910e+02,-1.711766271967e+02,9.260910024992e+01,-1.712194613355e+02,9.274806030080e+01,-1.712283243302e+02,9.275334803826e+01
1641,16797,6151245117.187500,-3.136798431456e+02,-1.344342184910e+02,-2.680333708835e+02,-2.240498699251e+02,-2.682813130951e+02,-2.240188882694e+02,-2.682959959822e+02,-2.240301479378e+02
1642,16798,6151611328.125000,-3.136798431456e+02,-3.136798431456e+02,-2.144354949242e+02,-4.002252616264e+02,-2.147396823961e+02,-4.002899763168e+02,-2.147519075227e+02,-4.003106529050e+02
1643,16799,6151977539.062500,2.240570308183e+02,3.136798431456e+02,1.258019413353e+02,3.739188904800e+02,1.260474368141e+02,3.740012898322e+02,1.260549104592e+02,3.740207492374e+02
1644,16800,6152343750.000000,1.344342184910e+02,3.136798431456e+02,3.674544789247e+01,3.472827720902e+02,3.694002193151e+01,3.473853620324e+02,3.694273246430e+01,3.474035908725e+02
1645,16801,6152709960.937500,1.344342184910e+02,-2.240570308183e+02,1.997450329283e+02,-1.776880335995e+02,1.997130292476e+02,-1.778467488781e+02,1.997231521251e+02,-1.778565504324e+02
1646,16802,6153076171.875000,4.481140616365e+01,-4.481140616365e+01,5.754572356855e+01,-2.987365554041e+01,5.754503190338e+01,-2.991151206419e+01,5.754799185859e+01,-2.991321127413e+01
1647,16803,6153442382.812500,-3.136798431456e+02,3.136798431456e+02,-4.031243851828e+02,2.089218953566e+02,-4.031013502544e+02,2.091774655217e+02,-4.031220589960e+02,2.091893362220e+02
1648,16804,6153808593.750000,-4.481140616365e+01,4.481140616365e+01,-5.763266133779e+01,2.981826890202e+01,-5.762676844090e+01,2.985343534189e+01,-5.762972521185e+01,2.985512773566e+01
1649,16805,6154174804.687500,1.344342184910e+02,-4.481140616365e+01,1.450724324047e+02,-1.892555208159e+00,1.450892596553e+02,-1.968666718431e+00,1.450968551342e+02,-1.969088718964e+00
1650,16806,6154541015.625000,3.136798431456e+02,-1.344342184910e+02,3.476085114189e+02,-3.323957735134e+01,3.476179858439e+02,-3.342395154995e+01,3.476360969632e+02,-3.342646402728e+01
1651,16807,6154907226.562500,4.481140616365e+01,-3.136798431456e+02,1.416094314263e+02,-2.914349205202e+02,1.414615069289e+02,-2.915182313733e+02,1.414682565712e+02,-2.915337720188e+02
1652,16808,6155273437.500000,-1.344342184910e+02,4.481140616365e+01,-1.448855291047e+02,1.075664497665e+00,-1.448829709282e+02,1.151420648777e+00,-1.448905273489e+02,1.151799149531e+00
1653,16809,6155639648.437500,4.481140616365e+01,-3.136798431456e+02,1.441832015965e+02,-2.901548737906e+02,1.440229203331e+02,-2.902130770142e+02,1.440297863617e+02,-2.902285142031e+02
1654,16810,6156005859.375000,4.481140616365e+01,2.240570308183e+02,-2.954503766665e+01,2.317829702799e+02,-2.942073820342e+01,2.317741422530e+02,-2.942175956744e+01,2.317862661448e+02
1655,16811,6156372070.312500,-3.136798431456e+02,1.344342184910e+02,-3.479504495965e+02,2.765957492148e+01,-3.478837245559e+02,2.783736373603e+01,-3.479017385081e+02,2.783957468165e+01
1656,16812,6156738281.250000,-2.240570308183e+02,3.136798431456e+02,-3.201135721445e+02,2.302741350840e+02,-3.199305423605e+02,2.303964655056e+02,-3.199466352067e+02,2.304091225061e+02
1657,16813,6157104492.187500,-4.481140616365e+01,-3.136798431456e+02,6.004948438398e+01,-3.185758995745e+02,5.986844152630e+01,-3.185305051628e+02,5.987084319587e+01,-3.185471395999e+02
1658,16814,6157470703.125000,1.344342184910e+02,4.481140616365e+01,1.153457337932e+02,8.784629675365e+01,1.153586232303e+02,8.776082839145e+01,1.153647840741e+02,8.776511507001e+01
1659,16815,6157836914.062500,-4.481140616365e+01,2.240570308183e+02,-1.176779111183e+02,2.020249472527e+02,-1.175332457687e+02,2.020194376599e+02,-1.175388732648e+02,2.020301318420e+02
1660,16816,6158203125.000000,4.481140616365e+01,1.344342184910e+02,-1.383184810221e+00,1.450047939060e+02,-1.306857368655e+00,1.449508294961e+02,-1.306606200252e+00,1.449583090157e+02
1661,16817,6158569335.937500,3.136798431456e+02,-2.240570308183e+02,3.783408175208e+02,-1.118597161013e+02,3.781225087260e+02,-1.120102405243e+02,3.781417368155e+02,-1.120168403837e+02
1662,16818,6158935546.875000,-4.481140616365e+01,4.481140616365e+01,-5.837998684213e+01,2.828190880572e+01,-5.833789582922e+01,2.829919720366e+01,-5.834083357748e+01,2.830078066702e+01
1663,16819,6159301757.812500,4.481140616365e+01,3.136798431456e+02,-6.246039354701e+01,3.183651317190e+02,-6.226193808677e+01,3.182344560960e+02,-6.226443542609e+01,3.182509322979e+02
1664,16820,6159667968.750000,3.136798431456e+02,-3.136798431456e+02,4.094155541481e+02,-1.969849624964e+02,4.090840394899e+02,-1.970889930516e+02,4.091045772254e+02,-1.970999955337e+02
1665,16821,6160034179.687500,-1.344342184910e+02,2.240570308183e+02,-2.061061893227e+02,1.707997156334e+02,-2.058925445222e+02,1.708043711353e+02,-2.059027070049e+02,1.708135656685e+02
1666,16822,6160400390.625000,-1.344342184910e+02,-2.240570308183e+02,-5.308111546887e+01,-2.623281735768e+02,-5.318378895766e+01,-2.621302798213e+02,-5.318708271071e+01,-2.621435575173e+02
1667,16823,6160766601.562500,4.481140616365e+01,-3.136798431456e+02,1.513117236484e+02,-2.870905974610e+02,1.510567110829e+02,-2.869705023956e+02,1.510637866155e+02,-2.869854743548e+02
1668,16824,6161132812.500000,4.481140616365e+01,-1.344342184910e+02,8.973104038520e+01,-1.140276677562e+02,8.960515050709e+01,-1.139903084136e+02,8.960946368140e+01,-1.139963110225e+02
1669,16825,6161499023.437500,-2.240570308183e+02,4.481140616365e+01,-2.313086102758e+02,-3.457089323783e+01,-2.311453412159e+02,-3.442291674962e+01,-2.311571697113e+02,-3.442415900367e+01
1670,16826,6161865234.375000,-2.240570308183e+02,-4.481140616365e+01,-2.000477568285e+02,-1.209885614397e+02,-1.999451402012e+02,-1.207837285929e+02,-1.999555548844e+02,-1.207894201343e+02
1671,16827,6162231445.312500,3.136798431456e+02,-4.481140616365e+01,3.174579187714e+02,6.605466236018e+01,3.172149743895e+02,6.583105180120e+01,3.172311933305e+02,6.583369047951e+01
1672,16828,6162597656.250000,3.136798431456e+02,1.344342184910e+02,2.551106423409e+02,2.387418805485e+02,2.550009438278e+02,2.383891876556e+02,2.550143670419e+02,2.384006861754e+02
1673,16829,6162963867.187500,-4.481140616365e+01,2.240570308183e+02,-1.213518159799e+02,2.001244150154e+02,-1.211302836089e+02,1.999949158610e+02,-1.211359607057e+02,2.000052811196e+02
1674,16830,6163330078.125000,-4.481140616365e+01,-4.481140616365e+01,-2.736451951477e+01,-5.886406003378e+01,-2.736766748401e+01,-5.879038074397e+01,-2.736917621198e+01,-5.879328403067e+01
1675,16831,6163696289.062500,-4.481140616365e+01,-1.344342184910e+02,4.538361435283e+00,-1.450780222553e+02,4.457786765167e+00,-1.449275288935e+02,4.457692539179e+00,-1.449348309055e+02
1676,16832,6164062500.000000,-1.344342184910e+02,3.136798431456e+02,-2.409065809203e+02,2.532954157470e+02,-2.405096250322e+02,2.531430239403e+02,-2.405211482292e+02,2.531562666096e+02
1677,16833,6164428710.937500,4.481140616365e+01,-2.240570308183e+02,1.230389369697e+02,-1.991094506310e+02,1.227942595025e+02,-1.989460881822e+02,1.227999782413e+02,-1.989563317337e+02
1678,16834,6164794921.875000,-2.240570308183e+02,-1.344342184910e+02,-1.669719241696e+02,-2.092082848901e+02,-1.668828419265e+02,-2.088725251618e+02,-1.668916516954e+02,-2.088826102219e+02
1679,16835,6165161132.812500,-1.344342184910e+02,-3.136798431456e+02,-1.649299868190e+01,-3.492237821237e+02,-1.665507912058e+01,-3.487846786667e+02,-1.665667752923e+01,-3.488020621872e+02
1680,16836,6165527343.750000,2.240570308183e+02,-1.344342184910e+02,2.632783255448e+02,-4.831756256917e+01,2.629167894570e+02,-4.839335700853e+01,2.629297895557e+02,-4.839634727248e+01
1681,16837,6165893554.687500,-3.136798431456e+02,-4.481140616365e+01,-2.845470382565e+02,-1.561998866801e+02,-2.842524596451e+02,-1.558447814323e+02,-2.842669449538e+02,-1.558519106477e+02
1682,16838,6166259765.625000,4.481140616365e+01,2.240570308183e+02,-3.841642294365e+01,2.308866164097e+02,-3.824334234632e+01,2.305911683422e+02,-3.824473461821e+01,2.306027029853e+02
1683,16839,6166625976.562500,-2.240570308183e+02,3.136798431456e+02,-3.290228180502e+02,2.182842821781e+02,-3.284445577557e+02,2.181481040078e+02,-3.284603559743e+02,2.181596372623e+02
1684,16840,6166992187.500000,-3.136798431456e+02,4.481140616365e+01,-3.163306394920e+02,-7.253518009281e+01,-3.159080977441e+02,-7.226441144510e+01,-3.159238817949e+02,-7.226729142722e+01
1685,16841,6167358398.437500,-1.344342184910e+02,-1.344342184910e+02,-7.888423971943e+01,-1.780188138177e+02,-7.885887964541e+01,-1.777106060855e+02,-7.886316284168e+01,-1.777192048914e+02
1686,16842,6167724609.375000,4.481140616365e+01,2.240570308183e+02,-4.001004618590e+01,2.305583401896e+02,-3.982786801523e+01,2.302231820766e+02,-3.982932400615e+01,2.302346107503e+02
1687,16843,6168090820.312500,-3.136798431456e+02,1.344342184910e+02,-3.492571756286e+02,1.220499982583e+01,-3.486959673680e+02,1.236797458370e+01,-3.487130821699e+02,1.236934896814e+01
1688,16844,6168457031.250000,-1.344342184910e+02,4.481140616365e+01,-1.449091654176e+02,-7.010293771230e+00,-1.446762056784e+02,-6.923186143545e+00,-1.446833184386e+02,-6.923207809637e+00
1689,16845,6168823242.187500,4.481140616365e+01,-4.481140616365e+01,5.935641710055e+01,-2.616442192025e+01,5.924320986195e+01,-2.615153158614e+01,5.924605264352e+01,-2.615294204328e+01
1690,16846,6169189453.125000,-4.481140616365e+01,2.240570308183e+02,-1.260583941042e+02,1.970268510057e+02,-1.257385506707e+02,1.967535277860e+02,-1.257442607210e+02,1.967634157832e+02
1691,16847,6169555664.062500,1.344342184910e+02,2.240570308183e+02,4.414790271852e+01,2.639082050031e+02,4.420773974391e+01,2.634192602741e+02,4.421047366059e+01,2.634320038551e+02
1692,16848,6169921875.000000,-2.240570308183e+02,1.344342184910e+02,-2.641312740131e+02,4.340055733049e+01,-2.636306904074e+02,4.345991207019e+01,-2.636434180758e+02,4.346260540440e+01
1693,16849,6170288085.937500,-1.344342184910e+02,-4.481140616365e+01,-1.111208822009e+02,-9.347106341710e+01,-1.109637202913e+02,-9.323981532377e+01,-1.109693107443e+02,-9.324409675963e+01
1694,16850,6170654296.875000,-2.240570308183e+02,2.240570308183e+02,-2.980407165491e+02,1.290241416544e+02,-2.974078740230e+02,1.289349081688e+02,-2.974219931215e+02,1.289418057067e+02
1695,16851,6171020507.812500,-4.481140616365e+01,1.344342184910e+02,-9.336457114330e+01,1.113051476369e+02,-9.312522956812e+01,1.111378089059e+02,-9.312948496201e+01,1.111433835708e+02
1696,16852,6171386718.750000,-3.136798431456e+02,1.344342184910e+02,-3.498703817169e+02,9.609958897700e+00,-3.491708455003e+02,9.773493823029e+00,-3.491876572256e+02,9.774732408742e+00
1697,16853,6171752929.687500,4.481140616365e+01,-4.481140616365e+01,5.971252391719e+01,-2.572252740036e+01,5.957795148886e+01,-2.570150541242e+01,5.958076063873e+01,-2.570287256952e+01
1698,16854,6172119140.625000,-4.481140616365e+01,1.344342184910e+02,-9.385792480854e+01,1.110738822684e+02,-9.360543091074e+01,1.108926602702e+02,-9.360967912052e+01,1.108981875083e+02
1699,16855,6172485351.562500,-1.344342184910e+02,-2.240570308183e+02,-4.257603305868e+01,-2.647435779153e+02,-4.262409627839e+01,-2.641611109995e+02,-4.262671752963e+01,-2.641736643074e+02
1700,16856,6172851562.500000,1.344342184910e+02,-4.481140616365e+01,1.451605736275e+02,8.770086457873e+00,1.448516369709e+02,8.675393203907e+00,1.448585746235e+02,8.675489211286e+00
1701,16857,6173217773.437500,-2.240570308183e+02,-4.481140616365e+01,-1.960904966890e+02,-1.284883013102e+02,-1.957255021210e+02,-1.281028798860e+02,-1.957351099067e+02,-1.281085537659e+02
1702,16858,6173583984.375000,2.240570308183e+02,-4.481140616365e+01,2.303243589543e+02,4.321050542566e+01,2.298294285789e+02,4.299323882794e+01,2.298404480189e+02,4.299477738952e+01
1703,16859,6173950195.312500,-2.240570308183e+02,-1.344342184910e+02,-1.615462065033e+02,-2.136791682116e+02,-1.612877400632e+02,-2.131055256704e+02,-1.612958566291e+02,-2.131152765662e+02
1704,16860,6174316406.250000,2.240570308183e+02,3.136798431456e+02,9.237612652623e+01,3.841733249721e+02,9.236101817059e+01,3.832286825741e+02,9.236622941552e+01,3.832466075511e+02
1705,16861,6174682617.187500,2.240570308183e+02,4.481140616365e+01,1.954854490168e+02,1.289379876210e+02,1.950881127227e+02,1.285295506205e+02,1.950976006477e+02,1.285351866562e+02
1706,16862,6175048828.125000,-1.344342184910e+02,-2.240570308183e+02,-4.091102637152e+01,-2.646290159467e+02,-4.095008743188e+01,-2.639673046357e+02,-4.095259502162e+01,-2.639796390426e+02
1707,16863,6175415039.062500,3.136798431456e+02,-1.344342184910e+02,3.497805907192e+02,-5.901237754040e+00,3.489160093726e+02,-6.069180288529e+00,3.489323772955e+02,-6.070232084052e+00
1708,16864,6175781250.000000,-3.136798431456e+02,-1.344342184910e+02,-2.453213142667e+02,-2.495285098647e+02,-2.448367048596e+02,-2.487752098851e+02,-2.448487171201e+02,-2.487863217141e+02
1709,16865,6176147460.937500,1.344342184910e+02,-3.136798431456e+02,2.495175171453e+02,-2.453643581585e+02,2.487535062310e+02,-2.448690864563e+02,2.487645869410e+02,-2.448810706229e+02
1710,16866,6176513671.875000,-4.481140616365e+01,3.136798431456e+02,-1.639537034326e+02,2.804279535435e+02,-1.633824763563e+02,2.797866380865e+02,-1.633894729083e+02,2.798000315434e+02
1711,16867,6176879882.812500,2.240570308183e+02,-1.344342184910e+02,2.645950081979e+02,-4.134154914353e+01,2.638763134843e+02,-4.137063908342e+01,2.638884833989e+02,-4.137314129456e+01
1712,16868,6177246093.750000,-4.481140616365e+01,-2.240570308183e+02,4.396374557252e+01,-2.300827990348e+02,4.372602834664e+01,-2.294896926937e+02,4.372755027765e+01,-2.295004235729e+02
1713,16869,6177612304.687500,-1.344342184910e+02,-3.136798431456e+02,-5.845862866362e+00,-3.499810281862e+02,-6.012496028573e+00,-3.490259854872e+02,-6.013541001195e+00,-3.490421031163e+02
1714,16870,6177978515.625000,-3.136798431456e+02,-1.344342184910e+02,-2.452186898888e+02,-2.500106212217e+02,-2.446716069741e+02,-2.491920207851e+02,-2.446834319639e+02,-2.492029687073e+02
1715,16871,6178344726.562500,-3.136798431456e+02,-4.481140616365e+01,-2.801859294075e+02,-1.649916106537e+02,-2.794859847484e+02,-1.643826489167e+02,-2.794991927814e+02,-1.643895906109e+02
1716,16872,6178710937.500000,4.481140616365e+01,4.481140616365e+01,2.503086104339e+01,6.002039064860e+01,2.499088108445e+01,5.983641831286e+01,2.499215814500e+01,5.983910621524e+01
1717,16873,6179077148.437500,-1.344342184910e+02,-4.481140616365e+01,-1.100462527232e+02,-9.503472528333e+01,-1.097777718995e+02,-9.470268543685e+01,-1.097829980933e+02,-9.470677312289e+01
1718,16874,6179443359.375000,1.344342184910e+02,-1.344342184910e+02,1.801148328875e+02,-7.475857937942e+01,1.795476958907e+02,-7.463328318810e+01,1.795557160786e+02,-7.463707976596e+01
1719,16875,6179809570.312500,1.344342184910e+02,4.481140616365e+01,1.097082814579e+02,9.527904592085e+01,1.094316328294e+02,9.493843224210e+01,1.094368154751e+02,9.494250696201e+01
1720,16876,6180175781.250000,1.344342184910e+02,-1.344342184910e+02,1.802441727653e+02,-7.418810624432e+01,1.796617604898e+02,-7.405828740872e+01,1.796697404579e+02,-7.406203878432e+01
1721,16877,6180541992.187500,3.136798431456e+02,1.344342184910e+02,2.433701690517e+02,2.513693902621e+02,2.427568401199e+02,2.504736476594e+02,2.427683611247e+02,2.504844333687e+02
1722,16878,6180908203.125000,2.240570308183e+02,4.481140616365e+01,1.938906513985e+02,1.314581428892e+02,1.933580085989e+02,1.309494561466e+02,1.933670089703e+02,1.309549316677e+02
1723,16879,6181274414.062500,-4.481140616365e+01,-4.481140616365e+01,-2.458250149246e+01,-6.015170781722e+01,-2.453661087525e+01,-5.994986707498e+01,-2.453784497297e+01,-5.995250647385e+01
1724,16880,6181640625.000000,2.240570308183e+02,-4.481140616365e+01,2.297586759918e+02,4.613294166840e+01,2.290511176393e+02,4.586626682677e+01,2.290614782106e+02,4.586781787893e+01
1725,16881,6182006835.937500,2.240570308183e+02,4.481140616365e+01,1.946288647062e+02,1.306207500761e+02,1.940690966470e+02,1.300979180410e+02,1.940780492725e+02,1.301033013976e+02
1726,16882,6182373046.875000,-2.240570308183e+02,2.240570308183e+02,-3.004985339261e+02,1.242981173945e+02,-2.994518530544e+02,1.240486102939e+02,-2.994649126801e+02,1.240547913521e+02
1727,16883,6182739257.812500,3.136798431456e+02,-4.481140616365e+01,3.151541821257e+02,8.073805332590e+01,3.141534093147e+02,8.030661453451e+01,3.141675297629e+02,8.030948855769e+01
1728,16884,6183105468.750000,-1.344342184910e+02,3.136798431456e+02,-2.508878113441e+02,2.446808245225e+02,-2.499196886122e+02,2.439918014074e+02,-2.499302109385e+02,2.440031469576e+02
1729,16885,6183471679.687500,2.240570308183e+02,1.344342184910e+02,1.590591847584e+02,2.159121674407e+02,1.586322250146e+02,2.150969379380e+02,1.586396950822e+02,2.151060772987e+02
1730,16886,6183837890.625000,4.481140616365e+01,-4.481140616365e+01,6.018709617149e+01,-2.456621750261e+01,5.996766940429e+01,-2.451324977755e+01,5.997025238862e+01,-2.451445945597e+01
1731,16887,6184204101.562500,-3.136798431456e+02,1.344342184910e+02,-3.500692222314e+02,1.989227320279e+00,-3.488519904056e+02,2.164759052893e+00,-3.488672763504e+02,2.165620647921e+00
1732,16888,6184570312.500000,-2.240570308183e+02,-2.240570308183e+02,-1.223361371151e+02,-3.012799752616e+02,-1.220631100195e+02,-3.001571611884e+02,-1.220691027385e+02,-3.001700070129e+02
1733,16889,6184936523.437500,-1.344342184910e+02,2.240570308183e+02,-2.167208964645e+02,1.580874142661e+02,-2.158678218764e+02,1.576381688167e+02,-2.158768762851e+02,1.576455082665e+02
1734,16890,6185302734.375000,-2.240570308183e+02,-4.481140616365e+01,-1.940257420957e+02,-1.317201242680e+02,-1.933964696427e+02,-1.311452201058e+02,-1.934051525862e+02,-1.311504876444e+02
1735,16891,6185668945.312500,2.240570308183e+02,-2.240570308183e+02,3.009224248289e+02,-1.229451784627e+02,2.997636774774e+02,-1.226547368562e+02,2.997763767175e+02,-1.226607021468e+02
1736,16892,6186035156.250000,-2.240570308183e+02,3.136798431456e+02,-3.361144018235e+02,2.081577036956e+02,-3.347695713218e+02,2.075671468473e+02,-3.347835501610e+02,2.075768327583e+02
1737,16893,6186401367.187500,-3.136798431456e+02,1.344342184910e+02,-3.503919909821e+02,3.615606074785e+00,-3.490870082592e+02,3.784725699195e+00,-3.491020017143e+02,3.785655571449e+00
1738,16894,6186767578.125000,-4.481140616365e+01,2.240570308183e+02,-1.307735300748e+02,1.951070932787e+02,-1.301802427636e+02,1.944417361875e+02,-1.301853908375e+02,1.944503499389e+02
1739,16895,6187133789.062500,-4.481140616365e+01,-3.136798431456e+02,8.083247355537e+01,-3.156723245346e+02,8.036086488763e+01,-3.145149500858e+02,8.036360358770e+01,-3.145285507560e+02
1740,16896,6187500000.000000,-3.136798431456e+02,2.240570308183e+02,-3.859762342555e+02,8.896029936525e+01,-3.844477247015e+02,8.881977044075e+01,-3.844638816757e+02,8.882439326212e+01
1741,16897,6187866210.937500,-1.344342184910e+02,4.481140616365e+01,-1.450986098370e+02,-1.062888648391e+01,-1.445411370122e+02,-1.051205539704e+01,-1.445472866109e+02,-1.051218328566e+01
1742,16898,6188232421.875000,-4.481140616365e+01,-4.481140616365e+01,-2.474502736815e+01,-6.015106841678e+01,-2.467935549025e+01,-5.990237183759e+01,-2.468052951580e+01,-5.990484766882e+01
1743,16899,6188598632.812500,-1.344342184910e+02,1.344342184910e+02,-1.804230339984e+02,7.428035600352e+01,-1.796698346014e+02,7.408017672125e+01,-1.796772334627e+02,7.408368937637e+01
1744,16900,6188964843.750000,2.240570308183e+02,-3.136798431456e+02,3.360104966422e+02,-2.087821884009e+02,3.345577014221e+02,-2.081220821231e+02,3.345712738811e+02,-2.081315451359e+02
1745,16901,6189331054.687500,4.481140616365e+01,-2.240570308183e+02,1.304876729282e+02,-1.948839787538e+02,1.298590297029e+02,-1.941646668621e+02,1.298640289721e+02,-1.941730652071e+02
1746,16902,6189697265.625000,-1.344342184910e+02,2.240570308183e+02,-2.151888507199e+02,1.601857638661e+02,-2.142275891543e+02,1.596443908883e+02,-2.142361568402e+02,1.596515079075e+02
1747,16903,6190063476.562500,4.481140616365e+01,-3.136798431456e+02,1.647556575922e+02,-2.805815253304e+02,1.639309197454e+02,-2.795116603600e+02,1.639371049212e+02,-2.795236141666e+02
1748,16904,6190429687.500000,-1.344342184910e+02,3.136798431456e+02,-2.503864173522e+02,2.451512980282e+02,-2.492175728216e+02,2.442623003399e+02,-2.492273345188e+02,2.442729418403e+02
1749,16905,6190795898.437500,3.136798431456e+02,3.136798431456e+02,1.741349596730e+02,4.208622330081e+02,1.736232005201e+02,4.190049635434e+02,1.736312691945e+02,4.190218317035e+02
1750,16906,6191162109.375000,-3.136798431456e+02,3.136798431456e+02,-4.209684342581e+02,1.737629397134e+02,-4.190944261433e+02,1.732459821711e+02,-4.191112334579e+02,1.732540084949e+02
1751,16907,6191528320.312500,1.344342184910e+02,-2.240570308183e+02,2.156009898271e+02,-1.595474528391e+02,2.145960480009e+02,-1.589775383202e+02,2.146044660573e+02,-1.589845050885e+02
1752,16908,6191894531.250000,4.481140616365e+01,-2.240570308183e+02,1.304875603546e+02,-1.948615250214e+02,1.298230761166e+02,-1.940887024148e+02,1.298279330904e+02,-1.940968867668e+02
1753,16909,6192260742.187500,-2.240570308183e+02,-2.240570308183e+02,-1.246618873143e+02,-3.004086660573e+02,-1.242755906976e+02,-2.990359147242e+02,-1.242812860000e+02,-2.990477643818e+02
1754,16910,6192626953.125000,3.136798431456e+02,-2.240570308183e+02,3.854411901113e+02,-8.976328973743e+01,3.837014991465e+02,-8.956971926461e+01,3.837167962765e+02,-8.957417941800e+01
1755,16911,6192993164.062500,3.136798431456e+02,-2.240570308183e+02,3.854594410636e+02,-9.001410318910e+01,3.837046646300e+02,-8.981595877511e+01,3.837198999177e+02,-8.982041449953e+01
1756,16912,6193359375.000000,-2.240570308183e+02,-1.344342184910e+02,-1.604477996532e+02,-2.151255764403e+02,-1.598427107959e+02,-2.140805763301e+02,-1.598495844897e+02,-2.140888009456e+02
1757,16913,6193725585.937500,-4.481140616365e+01,-1.344342184910e+02,9.673171598711e+00,-1.452565751224e+02,9.553944472437e+00,-1.446068420060e+02,9.554007834382e+00,-1.446126324638e+02
1758,16914,6194091796.875000,4.481140616365e+01,-3.136798431456e+02,1.644009932389e+02,-2.810316497703e+02,1.635073359218e+02,-2.798396928088e+02,1.635132178535e+02,-2.798511715950e+02
1759,16915,6194458007.812500,3.136798431456e+02,4.481140616365e+01,2.809589879070e+02,1.645732331118e+02,2.797567391120e+02,1.636725636540e+02,2.797681692584e+02,1.636784255925e+02
1760,16916,6194824218.750000,-3.136798431456e+02,2.240570308183e+02,-3.855660470521e+02,9.096843534136e+01,-3.837366003899e+02,9.074868861810e+01,-3.837515230117e+02,9.075310816620e+01
1761,16917,6195190429.687500,-3.136798431456e+02,1.344342184910e+02,-3.507215422737e+02,6.260565450986e+00,-3.490839619770e+02,6.413957044479e+00,-3.490976467752e+02,6.414975960313e+00
1762,16918,6195556640.625000,-1.344342184910e+02,-3.136798431456e+02,-7.464247381439e+00,-3.507850468849e+02,-7.611774361378e+00,-3.491333042895e+02,-7.612839128528e+00,-3.491469304959e+02
1763,16919,6195922851.562500,4.481140616365e+01,-4.481140616365e+01,5.989259383104e+01,-2.569072514245e+01,5.959561563409e+01,-2.560024747398e+01,5.959787823180e+01,-2.560137455731e+01
1764,16920,6196289062.500000,-4.481140616365e+01,-3.136798431456e+02,7.670071147312e+01,-3.167034351832e+02,7.616980056667e+01,-3.152318143017e+02,7.617205875850e+01,-3.152441945740e+02
1765,16921,6196655273.437500,3.136798431456e+02,4.481140616365e+01,2.825418894230e+02,1.623183958222e+02,2.812673149288e+02,1.613905752814e+02,2.812785193046e+02,1.613961826306e+02
1766,16922,6197021484.375000,1.344342184910e+02,-1.344342184910e+02,1.796134176635e+02,-7.718842707249e+01,1.787025985799e+02,-7.690774732542e+01,1.787092926564e+02,-7.691109373300e+01
1767,16923,6197387695.312500,-2.240570308183e+02,3.136798431456e+02,-3.329893602583e+02,2.146422513850e+02,-3.312511873219e+02,2.137671389351e+02,-3.312633829953e+02,2.137760404101e+02
1768,16924,6197753906.250000,4.481140616365e+01,4.481140616365e+01,2.588464335151e+01,5.972759649789e+01,2.578833665842e+01,5.942018139468e+01,2.578944887557e+01,5.942238652469e+01
1769,16925,6198120117.187500,-4.481140616365e+01,-1.344342184910e+02,7.795597043047e+00,-1.453135970697e+02,7.681325331496e+00,-1.445971504223e+02,7.681298606038e+00,-1.446026465480e+02
1770,16926,6198486328.125000,1.344342184910e+02,2.240570308183e+02,4.417295569681e+01,2.647709955494e+02,4.409009064119e+01,2.634254842050e+02,4.409233271453e+01,2.634353239491e+02
1771,16927,6198852539.062500,3.136798431456e+02,4.481140616365e+01,2.831195157831e+02,1.608899318117e+02,2.817787024385e+02,1.599330845593e+02,2.817896341175e+02,1.599384704073e+02
1772,16928,6199218750.000000,-2.240570308183e+02,-1.344342184910e+02,-1.638590754432e+02,-2.128366873390e+02,-1.631393822606e+02,-2.116727701821e+02,-1.631459446403e+02,-2.116803226865e+02
1773,16929,6199584960.937500,3.136798431456e+02,-2.240570308183e+02,3.843463362005e+02,-9.683693920539e+01,3.823341277615e+02,-9.654263219613e+01,3.823481381484e+02,-9.654706380819e+01
1774,16930,6199951171.875000,3.136798431456e+02,-4.481140616365e+01,3.172419357045e+02,7.451404768667e+01,3.156499273993e+02,7.396595154827e+01,3.156617765437e+02,7.396799632030e+01
1775,16931,6200317382.812500,-2.240570308183e+02,-3.136798431456e+02,-9.840988045031e+01,-3.842335778266e+02,-9.810036538336e+01,-3.821933850509e+02,-9.810482013282e+01,-3.822072523703e+02
1776,16932,6200683593.750000,2.240570308183e+02,4.481140616365e+01,1.988606765408e+02,1.256455334511e+02,1.978894989520e+02,1.248871586394e+02,1.978970301589e+02,1.248913034085e+02
1777,16933,6201049804.687500,2.240570308183e+02,3.136798431456e+02,1.009952490260e+02,3.839229609195e+02,1.006649378150e+02,3.818555242792e+02,1.006694506018e+02,3.818692380220e+02
1778,16934,6201416015.625000,1.344342184910e+02,3.136798431456e+02,1.502759271344e+01,3.508913259660e+02,1.513072897875e+01,3.490294705789e+02,1.513204553425e+01,3.490421120614e+02
1779,16935,6201782226.562500,-1.344342184910e+02,3.136798431456e+02,-2.433267675156e+02,2.529257328945e+02,-2.419008751306e+02,2.517069298620e+02,-2.419090629863e+02,2.517165569060e+02
1780,16936,6202148437.500000,-1.344342184910e+02,-1.344342184910e+02,-8.072645404077e+01,-1.780363364877e+02,-8.038680620291e+01,-1.770410297217e+02,-8.039008558759e+01,-1.770472185090e+02
1781,16937,6202514648.437500,-1.344342184910e+02,-3.136798431456e+02,-1.665597488089e+01,-3.507027674006e+02,-1.674862397399e+01,-3.488038862027e+02,-1.674998973444e+01,-3.488163274336e+02
1782,16938,6202880859.375000,-2.240570308183e+02,-1.344342184910e+02,-1.681185055255e+02,-2.099477541227e+02,-1.673156908936e+02,-2.087213743163e+02,-1.673221047379e+02,-2.087284354249e+02
1783,16939,6203247070.312500,-3.136798431456e+02,-4.481140616365e+01,-2.870265341986e+02,-1.548561046041e+02,-2.855399854175e+02,-1.538613399007e+02,-2.855504344417e+02,-1.538661605184e+02
1784,16940,6203613281.250000,-4.481140616365e+01,1.344342184910e+02,-9.079610941772e+01,1.140681417814e+02,-9.023790220341e+01,1.134886171465e+02,-9.024083153641e+01,1.134928132671e+02
1785,16941,6203979492.187500,-4.481140616365e+01,-1.344342184910e+02,3.855125738235e+00,-1.456817256400e+02,3.758043149858e+00,-1.448782394410e+02,3.757856428688e+00,-1.448833245828e+02
1786,16942,6204345703.125000,-1.344342184910e+02,-3.136798431456e+02,-1.975666386110e+01,-3.504792478152e+02,-1.982901944954e+01,-3.485190543064e+02,-1.983047661423e+01,-3.485311592792e+02
1787,16943,6204711914.062500,-3.136798431456e+02,3.136798431456e+02,-4.136484710049e+02,1.928626157004e+02,-4.112326135277e+02,1.919981100289e+02,-4.112464498608e+02,1.920056708124e+02
1788,16944,6205078125.000000,3.136798431456e+02,-4.481140616365e+01,3.190818435759e+02,6.700885646445e+01,3.173196041450e+02,6.646552585686e+01,3.173306932514e+02,6.646712057383e+01
1789,16945,6205444335.937500,-1.344342184910e+02,2.240570308183e+02,-2.082551659051e+02,1.699593829204e+02,-2.069867968129e+02,1.691046776076e+02,-2.069935245516e+02,1.691109326054e+02
1790,16946,6205810546.875000,-4.481140616365e+01,2.240570308183e+02,-1.208858888392e+02,2.015406433213e+02,-1.200920474578e+02,2.004547367213e+02,-1.200957033583e+02,2.004618383661e+02
1791,16947,6206176757.812500,1.344342184910e+02,-2.240570308183e+02,2.073751244985e+02,-1.709529612469e+02,2.060972191625e+02,-1.700806102914e+02,2.061038366794e+02,-1.700868327967e+02
1792,16948,6206542968.750000,-3.136798431456e+02,-2.240570308183e+02,-2.273161876652e+02,-3.249847370699e+02,-2.261741920967e+02,-3.229922928439e+02,-2.261825315273e+02,-3.230026913001e+02
1793,16949,6206909179.687500,3.136798431456e+02,4.481140616365e+01,2.890396755766e+02,1.509550334185e+02,2.874415637011e+02,1.499291207132e+02,2.874515348865e+02,1.499335180611e+02
1794,16950,6207275390.625000,1.344342184910e+02,4.481140616365e+01,1.153259849374e+02,8.922624219320e+01,1.146995836711e+02,8.864575011985e+01,1.147036039875e+02,8.864845457197e+01
1795,16951,6207641601.562500,-2.240570308183e+02,4.481140616365e+01,-2.328878107125e+02,-3.188291624793e+01,-2.315380529316e+02,-3.157478100016e+01,-2.315458002979e+02,-3.157531917183e+01
1796,16952,6208007812.500000,2.240570308183e+02,4.481140616365e+01,2.030513100661e+02,1.183141832275e+02,2.019148486507e+02,1.175105824301e+02,2.019217637338e+02,1.175140128065e+02
1797,16953,6208374023.437500,-4.481140616365e+01,1.344342184910e+02,-8.821603047665e+01,1.160662883449e+02,-8.763233817472e+01,1.154235724674e+02,-8.763495668623e+01,1.154275481220e+02
1798,16954,6208740234.375000,-4.481140616365e+01,-1.344342184910e+02,6.356215099705e-01,-1.458250065715e+02,5.560214710158e-01,-1.449554569169e+02,5.557210061506e-01,-1.449601810308e+02
1799,16955,6209106445.312500,-4.481140616365e+01,-3.136798431456e+02,5.902945373462e+01,-3.207343337976e+02,5.850868259402e+01,-3.188413565007e+02,5.850987678107e+01,-3.188518114656e+02
1800,16956,6209472656.250000,1.344342184910e+02,3.136798431456e+02,2.931922240279e+01,3.499383942664e+02,2.932433492954e+01,3.478130337492e+02,2.932604335576e+01,3.478241660875e+02
1801,16957,6209838867.187500,-1.344342184910e+02,4.481140616365e+01,-1.457797534529e+02,4.445441038408e-01,-1.448957905158e+02,5.176267299583e-01,-1.449004254673e+02,5.179617416125e-01
1802,16958,6210205078.125000,-3.136798431456e+02,2.240570308183e+02,-3.785754388192e+02,1.185462332670e+02,-3.762067550813e+02,1.180205847281e+02,-3.762184588286e+02,1.180251645273e+02
1803,16959,6210571289.062500,-1.344342184910e+02,-3.136798431456e+02,-3.141147987705e+01,-3.500777874530e+02,-3.140101886971e+01,-3.479169299454e+02,-3.140277584935e+01,-3.479278557888e+02
1804,16960,6210937500.000000,-2.240570308183e+02,4.481140616365e+01,-2.339165269333e+02,-2.740587806411e+01,-2.324904292269e+02,-2.711554620140e+01,-2.324977899139e+02,-2.711588677031e+01
1805,16961,6211303710.937500,2.240570308183e+02,1.344342184910e+02,1.772659549180e+02,2.027596366338e+02,1.762742430400e+02,2.014126298324e+02,1.762801863408e+02,2.014185275034e+02
1806,16962,6211669921.875000,2.240570308183e+02,4.481140616365e+01,2.058372481460e+02,1.143692687619e+02,2.046163238654e+02,1.135508812790e+02,2.046229176497e+02,1.135539522748e+02
1807,16963,6212036132.812500,4.481140616365e+01,-4.481140616365e+01,5.797648390535e+01,-3.004043458257e+01,5.759843665692e+01,-2.988277031765e+01,5.760014531287e+01,-2.988381745135e+01
1808,16964,6212402343.750000,3.136798431456e+02,1.344342184910e+02,2.670568867063e+02,2.285248947657e+02,2.654978966599e+02,2.269504269922e+02,2.655065208084e+02,2.269567891311e+02
1809,16965,6212768554.687500,2.240570308183e+02,4.481140616365e+01,2.068992224442e+02,1.119255261285e+02,2.056511961608e+02,1.111113997604e+02,2.056576926833e+02,1.111143258558e+02
1810,16966,6213134765.625000,-1.344342184910e+02,1.344342184910e+02,-1.726744046972e+02,9.205623308480e+01,-1.715311542308e+02,9.156197857009e+01,-1.715361332708e+02,9.156512074683e+01
1811,16967,6213500976.562500,-3.136798431456e+02,3.136798431456e+02,-4.028972925472e+02,2.149077357400e+02,-4.002174454824e+02,2.137472218538e+02,-4.002289810798e+02,2.137545132425e+02
1812,16968,6213867187.500000,3.136798431456e+02,-1.344342184910e+02,3.492104657921e+02,-3.847325418071e+01,3.469539413290e+02,-3.840831055129e+01,3.469641938306e+02,-3.841021739106e+01
1813,16969,6214233398.437500,-2.240570308183e+02,-2.240570308183e+02,-1.541796093925e+02,-2.874931526038e+02,-1.533369028405e+02,-2.855631210409e+02,-1.533420675096e+02,-2.855712335282e+02
1814,16970,6214599609.375000,-4.481140616365e+01,-1.344342184910e+02,-4.617442859676e+00,-1.458335649356e+02,-4.663367781680e+00,-1.448884122607e+02,-4.663823241283e+00,-1.448926593691e+02
1815,16971,6214965820.312500,-1.344342184910e+02,-3.136798431456e+02,-4.131463102003e+01,-3.489858820409e+02,-4.122764636512e+01,-3.466979810656e+02,-4.122961126417e+01,-3.467080063566e+02
1816,16972,6215332031.250000,4.481140616365e+01,-1.344342184910e+02,8.316756631541e+01,-1.198830668955e+02,8.256269981716e+01,-1.191441694180e+02,8.256482991405e+01,-1.191478026347e+02
1817,16973,6215698242.187500,-1.344342184910e+02,-2.240570308183e+02,-6.860445723306e+01,-2.601134874144e+02,-6.829001148765e+01,-2.583732329478e+02,-6.829254363395e+01,-2.583805147308e+02
1818,16974,6216064453.125000,4.481140616365e+01,3.136798431456e+02,-4.497351269711e+01,3.231137852521e+02,-4.450960243213e+01,3.210102332819e+02,-4.451016794758e+01,3.210194979298e+02
1819,16975,6216430664.062500,1.344342184910e+02,1.344342184910e+02,9.530303496827e+01,1.711178243501e+02,9.476182727174e+01,1.699369473140e+02,9.476488702527e+01,1.699415563530e+02
1820,16976,6216796875.000000,-1.344342184910e+02,-3.136798431456e+02,-4.582125546909e+01,-3.488293158498e+02,-4.569819888375e+01,-3.464891154668e+02,-4.570024626061e+01,-3.464987646616e+02
1821,16977,6217163085.937500,1.344342184910e+02,1.344342184910e+02,9.635223837114e+01,1.707765974727e+02,9.579836522266e+01,1.695876042843e+02,9.580141343449e+01,1.695921300539e+02
1822,16978,6217529296.875000,-1.344342184910e+02,1.344342184910e+02,-1.706020331687e+02,9.672109558623e+01,-1.694091503646e+02,9.616191184469e+01,-1.694136346743e+02,9.616494956616e+01
1823,16979,6217895507.812500,-2.240570308183e+02,2.240570308183e+02,-2.840444554707e+02,1.618160719652e+02,-2.820499123345e+02,1.608752453413e+02,-2.820573169886e+02,1.608802903472e+02
1824,16980,6218261718.750000,3.136798431456e+02,2.240570308183e+02,2.519511901139e+02,3.076411663932e+02,2.504092760664e+02,3.054324355696e+02,2.504167821665e+02,3.054402218923e+02
1825,16981,6218627929.687500,-1.344342184910e+02,-1.344342184910e+02,-9.823037803957e+01,-1.696914754656e+02,-9.765231163882e+01,-1.684895847715e+02,-9.765532656521e+01,-1.684939331967e+02
1826,16982,6218994140.625000,2.240570308183e+02,4.481140616365e+01,2.116915405789e+02,1.034009616170e+02,2.103036533359e+02,1.025868565633e+02,2.103095294067e+02,1.025891507501e+02
1827,16983,6219360351.562500,-1.344342184910e+02,-1.344342184910e+02,-9.938498515737e+01,-1.688725161423e+02,-9.879315560608e+01,-1.676662336718e+02,-9.879615742123e+01,-1.676704856758e+02
1828,16984,6219726562.500000,-2.240570308183e+02,4.481140616365e+01,-2.350775313914e+02,-1.236731726025e+01,-2.334701765353e+02,-1.216032063669e+01,-2.334763762986e+02,-1.216012904588e+01
1829,16985,6220092773.437500,4.481140616365e+01,1.344342184910e+02,1.089849076586e+01,1.455535874390e+02,1.089897413343e+01,1.445447585059e+02,1.089957763730e+01,1.445485252645e+02
1830,16986,6220458984.375000,-1.344342184910e+02,4.481140616365e+01,-1.455994989758e+02,1.109000817277e+01,-1.445863194022e+02,1.108889365918e+01,-1.445900556267e+02,1.108949984163e+01
1831,16987,6220825195.312500,-3.136798431456e+02,-4.481140616365e+01,-3.025719786143e+02,-1.230818355750e+02,-3.005342500674e+02,-1.220697754823e+02,-3.005422699893e+02,-1.220722635068e+02
1832,16988,6221191406.250000,2.240570308183e+02,4.481140616365e+01,2.132081993047e+02,1.001882074040e+02,2.117736150707e+02,9.937890943160e+01,2.117792497532e+02,9.938098569276e+01
1833,16989,6221557617.187500,-2.240570308183e+02,-1.344342184910e+02,-1.917465604205e+02,-1.891546888497e+02,-1.905027474505e+02,-1.877312076122e+02,-1.905079908112e+02,-1.877355494211e+02
1834,16990,6221923828.125000,-1.344342184910e+02,1.344342184910e+02,-1.669501376718e+02,1.025739633378e+02,-1.657239930095e+02,1.019400467181e+02,-1.657279352093e+02,1.019429736766e+02
1835,16991,6222290039.062500,2.240570308183e+02,-1.344342184910e+02,2.564200792055e+02,-8.202047720274e+01,2.545693695786e+02,-8.157527566705e+01,2.545755343240e+02,-8.157786805880e+01
1836,16992,6222656250.000000,-4.481140616365e+01,1.344342184910e+02,-7.616370567387e+01,1.245082039430e+02,-7.556002079321e+01,1.236665766608e+02,-7.556161541088e+01,1.236697974124e+02
1837,16993,6223022460.937500,-3.136798431456e+02,1.344342184910e+02,-3.456623992559e+02,6.332880420745e+01,-3.431742936748e+02,6.305847311587e+01,-3.431825562514e+02,6.306077105197e+01
1838,16994,6223388671.875000,4.481140616365e+01,3.136798431456e+02,-2.576755793584e+01,3.254967362796e+02,-2.541486131342e+01,3.231898345763e+02,-2.541476757904e+01,3.231977309802e+02
1839,16995,6223754882.812500,2.240570308183e+02,2.240570308183e+02,1.755800024259e+02,2.755656848507e+02,1.744670356385e+02,2.735031965306e+02,1.744718306436e+02,2.735093876728e+02
1840,16996,6224121093.750000,3.136798431456e+02,3.136798431456e+02,2.471537365036e+02,3.852264065611e+02,2.455794838890e+02,3.823326085087e+02,2.455861729639e+02,3.823411745347e+02
1841,16997,6224487304.687500,-3.136798431456e+02,4.481140616365e+01,-3.262000656885e+02,-2.262254335641e+01,-3.238619599341e+02,-2.229021036230e+01,-3.238696499960e+02,-2.229002449619e+01
1842,16998,6224853515.625000,-4.481140616365e+01,-4.481140616365e+01,-3.574068070528e+01,-5.478023468626e+01,-3.551077420166e+01,-5.436570418425e+01,-3.551172358244e+01,-5.436689668318e+01
1843,16999,6225219726.562500,-3.136798431456e+02,-3.136798431456e+02,-2.509981610617e+02,-3.829142907763e+02,-2.493764979896e+02,-3.800067341018e+02,-2.493831053242e+02,-3.800149818205e+02
1844,17000,6225585937.500000,2.240570308183e+02,1.344342184910e+02,1.982824963196e+02,1.827190853538e+02,1.969344166125e+02,1.812864581891e+02,1.969393291492e+02,1.812901808045e+02
1845,17001,6225952148.437500,-2.240570308183e+02,-2.240570308183e+02,-1.797805557585e+02,-2.730535925910e+02,-1.786096821871e+02,-2.709666110408e+02,-1.786143315777e+02,-2.709723685765e+02
1846,17002,6226318359.375000,-3.136798431456e+02,4.481140616365e+01,-3.263164955364e+02,-1.850200475077e+01,-3.239357684854e+02,-1.819706753177e+01,-3.239430876795e+02,-1.819676450627e+01
1847,17003,6226684570.312500,1.344342184910e+02,-4.481140616365e+01,1.449262928875e+02,-1.870442919754e+01,1.438515357108e+02,-1.864220878078e+01,1.438546946961e+02,-1.864293962554e+01
1848,17004,6227050781.250000,4.481140616365e+01,2.240570308183e+02,2.119272660682e+00,2.355725266340e+02,2.225939671619e+00,2.338346973008e+02,2.226502595401e+00,2.338398409813e+02
1849,17005,6227416992.187500,-4.481140616365e+01,2.240570308183e+02,-8.777628856439e+01,2.187100044369e+02,-8.701359033778e+01,2.171380653666e+02,-8.701500919561e+01,2.171429881635e+02
1850,17006,6227783203.125000,-1.344342184910e+02,2.240570308183e+02,-1.778750246902e+02,2.025837473232e+02,-1.764502555921e+02,2.011731663159e+02,-1.764536181805e+02,2.011778919197e+02
1851,17007,6228149414.062500,3.136798431456e+02,1.344342184910e+02,2.944599467270e+02,1.932417381959e+02,2.923689998142e+02,1.916508582908e+02,2.923756584107e+02,1.916543044089e+02
1852,17008,6228515625.000000,-2.240570308183e+02,4.481140616365e+01,-2.357656185522e+02,6.119751436268e+00,-2.340026223585e+02,6.196451916461e+00,-2.340075473254e+02,6.197096973144e+00
1853,17009,6228881835.937500,3.136798431456e+02,1.344342184910e+02,2.962371328569e+02,1.906781227299e+02,2.941182582880e+02,1.890968006419e+02,2.941248136294e+02,1.891001016579e+02
1854,17010,6229248046.875000,-2.240570308183e+02,-3.136798431456e+02,-1.751868513017e+02,-3.572352708036e+02,-1.740567996245e+02,-3.544618661119e+02,-1.740611720207e+02,-3.544688013847e+02
1855,17011,6229614257.812500,4.481140616365e+01,3.136798431456e+02,-6.713082373868e+00,3.268952195127e+02,-6.492854329696e+00,3.244368481854e+02,-6.492273840981e+00,3.244434855104e+02
1856,17012,6229980468.750000,-1.344342184910e+02,3.136798431456e+02,-1.886254051852e+02,2.972583427510e+02,-1.870464594342e+02,2.951110957518e+02,-1.870495859385e+02,2.951174629489e+02
1857,17013,6230346679.687500,-3.136798431456e+02,-1.344342184910e+02,-2.978933442004e+02,-1.874568154628e+02,-2.957342520954e+02,-1.858823169133e+02,-2.957405607189e+02,-1.858853754397e+02
1858,17014,6230712890.625000,1.344342184910e+02,-4.481140616365e+01,1.440321939130e+02,-2.455378876500e+01,1.429253987556e+02,-2.444203464471e+01,1.429281632689e+02,-2.444283071283e+01
1859,17015,6231079101.562500,-1.344342184910e+02,1.344342184910e+02,-1.576558234771e+02,1.164661475016e+02,-1.563945013943e+02,1.156608383073e+02,-1.563972945733e+02,1.156634356954e+02
1860,17016,6231445312.500000,1.344342184910e+02,-2.240570308183e+02,1.707773479330e+02,-2.085063099345e+02,1.693647286809e+02,-2.070023566815e+02,1.693675342828e+02,-2.070067140312e+02
1861,17017,6231811523.437500,-2.240570308183e+02,-3.136798431456e+02,-1.828977856900e+02,-3.532667988155e+02,-1.816803385456e+02,-3.504662693455e+02,-1.816845638912e+02,-3.504725350499e+02
1862,17018,6232177734.375000,3.136798431456e+02,-2.240570308183e+02,3.528120478428e+02,-1.840212803424e+02,3.500071682715e+02,-1.827912062811e+02,3.500133406808e+02,-1.827954088548e+02
1863,17019,6232543945.312500,-4.481140616365e+01,-2.240570308183e+02,-1.429691042349e+01,-2.354537164625e+02,-1.430901725960e+01,-2.336333684429e+02,-1.430979612792e+01,-2.336376703596e+02
1864,17020,6232910156.250000,-2.240570308183e+02,4.481140616365e+01,-2.354345173762e+02,1.494201200873e+01,-2.336092448978e+02,1.494883862037e+01,-2.336134899032e+02,1.494962577958e+01
1865,17021,6233276367.187500,-4.481140616365e+01,3.136798431456e+02,-8.779901380158e+01,3.151103661486e+02,-8.695595064566e+01,3.127170512769e+02,-8.695683517137e+01,3.127228950039e+02
1866,17022,6233642578.125000,-3.136798431456e+02,4.481140616365e+01,-3.270155926553e+02,5.461549765608e+00,-3.244753000537e+02,5.588866262341e+00,-3.244810761207e+02,5.589679079274e+00
1867,17023,6234008789.062500,2.240570308183e+02,-3.136798431456e+02,2.684961036756e+02,-2.935578975686e+02,2.662551658460e+02,-2.914136618297e+02,2.662592119818e+02,-2.914193764203e+02
1868,17024,6234375000.000000,4.481140616365e+01,-2.240570308183e+02,7.301902528079e+01,-2.242740866111e+02,7.233323511665e+01,-2.225630501988e+02,7.233400198268e+01,-2.225670737852e+02
1869,17025,6234741210.937500,-3.136798431456e+02,-1.344342184910e+02,-3.059482087908e+02,-1.747779361709e+02,-3.036472425498e+02,-1.732529094257e+02,-3.036528235481e+02,-1.732552091961e+02
1870,17026,6235107421.875000,2.240570308183e+02,-1.344342184910e+02,2.452274789063e+02,-1.124795904541e+02,2.432475114670e+02,-1.117254434454e+02,2.432513736807e+02,-1.117278647676e+02
1871,17027,6235473632.812500,-3.136798431456e+02,4.481140616365e+01,-3.268605219854e+02,1.195265080580e+01,-3.242869628640e+02,1.202836590632e+01,-3.242923351309e+02,1.202927885533e+01
1872,17028,6235839843.750000,1.344342184910e+02,-3.136798431456e+02,1.704486121098e+02,-3.081791275944e+02,1.689467742687e+02,-3.058412837429e+02,1.689488742162e+02,-3.058466733463e+02
1873,17029,6236206054.687500,1.344342184910e+02,1.344342184910e+02,1.246566550149e+02,1.514564251197e+02,1.237515592300e+02,1.501965877331e+02,1.237538901356e+02,1.501987441317e+02
1874,17030,6236572265.625000,3.136798431456e+02,-4.481140616365e+01,3.265372900437e+02,-1.553930637768e+01,3.239466343106e+02,-1.558582686274e+01,3.239517596407e+02,-1.558678705564e+01
1875,17031,6236938476.562500,4.481140616365e+01,2.240570308183e+02,2.481365260108e+01,2.344083349234e+02,2.473858030004e+01,2.325373697225e+02,2.473947941003e+01,2.325409629536e+02
1876,17032,6237304687.500000,-4.481140616365e+01,2.240570308183e+02,-6.660179837321e+01,2.261347073801e+02,-6.595537625716e+01,2.243728025075e+02,-6.595590178514e+01,2.243764127695e+02
1877,17033,6237670898.437500,-2.240570308183e+02,-3.136798431456e+02,-2.025243092799e+02,-3.423309289336e+02,-2.010895289003e+02,-3.395004064820e+02,-2.010933320585e+02,-3.395051257230e+02
1878,17034,6238037109.375000,4.481140616365e+01,-4.481140616365e+01,4.991088571074e+01,-4.226001768035e+01,4.949074851159e+01,-4.194874150216e+01,4.949139668543e+01,-4.194947781070e+01
1879,17035,6238403320.312500,-2.240570308183e+02,-2.240570308183e+02,-2.126115613659e+02,-2.485509148777e+02,-2.110406234701e+02,-2.464533826319e+02,-2.110442709197e+02,-2.464565457825e+02
1880,17036,6238769531.250000,-3.136798431456e+02,-3.136798431456e+02,-2.994855993010e+02,-3.465567262323e+02,-2.972659612589e+02,-3.436248030361e+02,-2.972710188228e+02,-3.436291230421e+02
1881,17037,6239135742.187500,-4.481140616365e+01,-3.136798431456e+02,-2.414617000707e+01,-3.263209836039e+02,-2.412160925837e+01,-3.236886972862e+02,-2.412266387329e+01,-3.236932500842e+02
1882,17038,6239501953.125000,-4.481140616365e+01,-1.344342184910e+02,-3.730939566542e+01,-1.414899540391e+02,-3.708266947502e+01,-1.403324144950e+02,-3.708349648022e+01,-1.403342955050e+02
1883,17039,6239868164.062500,1.344342184910e+02,2.240570308183e+02,1.247297914977e+02,2.392351557179e+02,1.238485560967e+02,2.372421774140e+02,1.238507791532e+02,2.372451648955e+02
1884,17040,6240234375.000000,-1.344342184910e+02,1.344342184910e+02,-1.464265940289e+02,1.307325546996e+02,-1.451762628990e+02,1.297527432984e+02,-1.451779368199e+02,1.297548133097e+02
1885,17041,6240600585.937500,-1.344342184910e+02,3.136798431456e+02,-1.560008692626e+02,3.159202683489e+02,-1.545747482906e+02,3.134450109990e+02,-1.545761073438e+02,3.134495034743e+02
1886,17042,6240966796.875000,-4.481140616365e+01,-3.136798431456e+02,-2.969299295163e+01,-3.257659119463e+02,-2.962127675647e+01,-3.231097159215e+02,-2.962237202131e+01,-3.231138520808e+02
1887,17043,6241333007.812500,-3.136798431456e+02,-3.136798431456e+02,-3.081781963865e+02,-3.385575653860e+02,-3.058509881351e+02,-3.356481531013e+02,-3.058556272257e+02,-3.356517624339e+02
1888,17044,6241699218.750000,-3.136798431456e+02,-2.240570308183e+02,-3.134374611980e+02,-2.447704518608e+02,-3.110142738875e+02,-2.426163899986e+02,-3.110186975467e+02,-2.426187413375e+02
1889,17045,6242065429.687500,-2.240570308183e+02,4.481140616365e+01,-2.327288075703e+02,3.724427583246e+01,-2.308126138741e+02,3.706143355408e+01,-2.308153625199e+02,3.706239524726e+01
1890,17046,6242431640.625000,2.240570308183e+02,-2.240570308183e+02,2.392958573902e+02,-2.229533456567e+02,2.372263988325e+02,-2.212570935399e+02,2.372287625023e+02,-2.212602729890e+02
1891,17047,6242797851.562500,4.481140616365e+01,3.136798431456e+02,3.590462432926e+01,3.253087067998e+02,3.577970367104e+01,3.226294309708e+02,3.578083368450e+01,3.226331481598e+02
1892,17048,6243164062.500000,-4.481140616365e+01,4.481140616365e+01,-4.761708363833e+01,4.493631072347e+01,-4.720366596150e+01,4.459286252623e+01,-4.720411158238e+01,4.459347982442e+01
1893,17049,6243530273.437500,-4.481140616365e+01,-1.344342184910e+02,-4.260434483343e+01,-1.400201265940e+02,-4.232735227623e+01,-1.388489971764e+02,-4.232813435195e+01,-1.388504686280e+02
1894,17050,6243896484.375000,-3.136798431456e+02,4.481140616365e+01,-3.248926619467e+02,3.854828314026e+01,-3.222022135175e+02,3.839995092227e+01,-3.222056791351e+02,3.840108212737e+01
1895,17051,6244262695.312500,3.136798431456e+02,-4.481140616365e+01,3.248161053810e+02,-3.995735627831e+01,3.221213088882e+02,-3.979687784528e+01,3.221246900460e+02,-3.979801431841e+01
1896,17052,6244628906.250000,-4.481140616365e+01,-1.344342184910e+02,-4.428484183609e+01,-1.395750305835e+02,-4.399208813075e+01,-1.384012085202e+02,-4.399285499870e+01,-1.384025675087e+02
1897,17053,6244995117.187500,-2.240570308183e+02,-1.344342184910e+02,-2.303125246182e+02,-1.411900970108e+02,-2.284838321438e+02,-1.399046945925e+02,-2.284864854814e+02,-1.399056288593e+02
1898,17054,6245361328.125000,2.240570308183e+02,-4.481140616365e+01,2.317965263499e+02,-4.481059680977e+01,2.298562434644e+02,-4.456021886692e+01,2.298584477800e+02,-4.456117034672e+01
1899,17055,6245727539.062500,-1.344342184910e+02,-1.344342184910e+02,-1.383462853509e+02,-1.392790018624e+02,-1.372726711423e+02,-1.380536729503e+02,-1.372743149597e+02,-1.380547192995e+02
1900,17056,6246093750.000000,-1.344342184910e+02,1.344342184910e+02,-1.387492638457e+02,1.387839093546e+02,-1.375264481735e+02,1.377047463155e+02,-1.375274537947e+02,1.377063585179e+02
1901,17057,6246459960.937500,-2.240570308183e+02,3.136798431456e+02,-2.298427776580e+02,3.250712529336e+02,-2.277651102045e+02,3.224904153218e+02,-2.277665107002e+02,3.224939023470e+02
1902,17058,6246826171.875000,1.344342184910e+02,2.240570308183e+02,1.411059381251e+02,2.301985899718e+02,1.400516915521e+02,2.282107552506e+02,1.400534546939e+02,2.282125031928e+02
1903,17059,6247192382.812500,4.481140616365e+01,1.344342184910e+02,4.823945957181e+01,1.383072225538e+02,4.790942400006e+01,1.371303055630e+02,4.791014483106e+01,1.371314008701e+02
1904,17060,6247558593.750000,-2.240570308183e+02,1.344342184910e+02,-2.291097736655e+02,1.431055284866e+02,-2.271249039159e+02,1.420309252887e+02,-2.271265227673e+02,1.420326319838e+02
1905,17061,6247924804.687500,4.481140616365e+01,-3.136798431456e+02,3.919873141800e+01,-3.252735126952e+02,3.870272619132e+01,-3.225777643910e+02,3.870233648417e+01,-3.225805101723e+02
1906,17062,6248291015.625000,-1.344342184910e+02,-2.240570308183e+02,-1.447429216706e+02,-2.279957023336e+02,-1.436510299139e+02,-2.260144662947e+02,-1.436526750320e+02,-2.260159574309e+02
1907,17063,6248657226.562500,3.136798431456e+02,-4.481140616365e+01,3.225910792982e+02,-5.543749558165e+01,3.198620033017e+02,-5.514073869005e+01,3.198643578742e+02,-5.514186845424e+01
1908,17064,6249023437.500000,-1.344342184910e+02,3.136798431456e+02,-1.285738454861e+02,3.280627339967e+02,-1.273261778029e+02,3.253800241621e+02,-1.273264157996e+02,3.253827396077e+02
1909,17065,6249389648.437500,-4.481140616365e+01,-4.481140616365e+01,-4.784999870302e+01,-4.463500756656e+01,-4.747166690792e+01,-4.423568888572e+01,-4.747210736979e+01,-4.423590440189e+01
1910,17066,6249755859.375000,2.240570308183e+02,2.240570308183e+02,2.400204807883e+02,2.223828054300e+02,2.381196781170e+02,2.203903602780e+02,2.381218234113e+02,2.203913742257e+02
1911,17067,6250122070.312500,3.136798431456e+02,-3.136798431456e+02,3.099761050608e+02,-3.374098551215e+02,3.071945379900e+02,-3.347333191964e+02,3.071958665649e+02,-3.347362436043e+02
1912,17068,6250488281.250000,-4.481140616365e+01,-2.240570308183e+02,-5.742297671131e+01,-2.290183755757e+02,-5.705835558939e+01,-2.270607288956e+02,-5.705922341461e+01,-2.270620711469e+02
1913,17069,6250854492.187500,1.344342184910e+02,2.240570308183e+02,1.513208622455e+02,2.237595236956e+02,1.501617667351e+02,2.217955055656e+02,1.501631863037e+02,2.217965523368e+02
1914,17070,6251220703.125000,1.344342184910e+02,4.481140616365e+01,1.414828694078e+02,3.811570587472e+01,1.403092091463e+02,3.772082674104e+01,1.403101270145e+02,3.772074285314e+01
1915,17071,6251586914.062500,1.344342184910e+02,1.344342184910e+02,1.473620065264e+02,1.301383654774e+02,1.461852647520e+02,1.289631472988e+02,1.461863805668e+02,1.289635603488e+02
1916,17072,6251953125.000000,-2.240570308183e+02,4.481140616365e+01,-2.281881708208e+02,6.138129200669e+01,-2.262278557356e+02,6.098086961216e+01,-2.262289517008e+02,6.098169834748e+01
1917,17073,6252319335.937500,-2.240570308183e+02,-1.344342184910e+02,-2.407198824397e+02,-1.228058738118e+02,-2.387473135376e+02,-1.216422320346e+02,-2.387488174634e+02,-1.216423373785e+02
1918,17074,6252685546.875000,3.136798431456e+02,2.240570308183e+02,3.402572084377e+02,2.078134079955e+02,3.374841947235e+02,2.058775225943e+02,3.374863082041e+02,2.058777941781e+02
1919,17075,6253051757.812500,-1.344342184910e+02,-3.136798431456e+02,-1.630798087520e+02,-3.130584434147e+02,-1.618602590782e+02,-3.103211236390e+02,-1.618616959555e+02,-3.103222151776e+02
1920,17076,6253417968.750000,-4.481140616365e+01,1.344342184910e+02,-3.516764513159e+01,1.422721943469e+02,-3.479562694302e+01,1.410838719953e+02,-3.479547017082e+01,1.410845700074e+02
1921,17077,6253784179.687500,3.136798431456e+02,2.240570308183e+02,3.425679546922e+02,2.038393594497e+02,3.397661624736e+02,2.019316701998e+02,3.397680152430e+02,2.019317608804e+02
1922,17078,6254150390.625000,2.240570308183e+02,-2.240570308183e+02,2.105743712463e+02,-2.509351899362e+02,2.086556762748e+02,-2.489129878678e+02,2.086559405030e+02,-2.489144142284e+02
1923,17079,6254516601.562500,-3.136798431456e+02,1.344342184910e+02,-3.102489241926e+02,1.676408276165e+02,-3.075248808141e+02,1.663767548245e+02,-3.075256311673e+02,1.663780344573e+02
1924,17080,6254882812.500000,-4.481140616365e+01,-1.344342184910e+02,-5.908049788830e+01,-1.339011294654e+02,-5.864739378526e+01,-1.327315379171e+02,-5.864788311219e+01,-1.327318562827e+02
1925,17081,6255249023.437500,-1.344342184910e+02,4.481140616365e+01,-1.337453896502e+02,5.951957117805e+01,-1.325761332543e+02,5.908231204804e+01,-1.325764157225e+02,5.908278716059e+01
1926,17082,6255615234.375000,-1.344342184910e+02,1.344342184910e+02,-1.243809964050e+02,1.521492836688e+02,-1.232427386941e+02,1.509179084912e+02,-1.232427582807e+02,1.509186094849e+02
1927,17083,6255981445.312500,-4.481140616365e+01,-3.136798431456e+02,-7.952492900531e+01,-3.179301439233e+02,-7.901204857047e+01,-3.151794174949e+02,-7.901294589237e+01,-3.151800601823e+02
1928,17084,6256347656.250000,4.481140616365e+01,1.344342184910e+02,6.086764283529e+01,1.332957083756e+02,6.041772739418e+01,1.321275055110e+02,6.041815852955e+01,1.321276805496e+02
1929,17085,6256713867.187500,3.136798431456e+02,2.240570308183e+02,3.477686136232e+02,1.946302836275e+02,3.449024052140e+02,1.927893935477e+02,3.449035425623e+02,1.927890344577e+02
1930,17086,6257080078.125000,3.136798431456e+02,-1.344342184910e+02,3.064123553415e+02,-1.748557382231e+02,3.037060541577e+02,-1.735219916338e+02,3.037062220073e+02,-1.735229728796e+02
1931,17087,6257446289.062500,3.136798431456e+02,-1.344342184910e+02,3.057641687505e+02,-1.763030649095e+02,3.030613755721e+02,-1.749558915129e+02,3.030614599961e+02,-1.749568282657e+02
1932,17088,6257812500.000000,-4.481140616365e+01,-2.240570308183e+02,-7.437162242970e+01,-2.244160843113e+02,-7.385252269772e+01,-2.224600186630e+02,-7.385310657989e+01,-2.224601424510e+02
1933,17089,6258178710.937500,4.481140616365e+01,4.481140616365e+01,5.184600602000e+01,4.015156311450e+01,5.142364172528e+01,3.978146224074e+01,5.142378184153e+01,3.978138998567e+01
1934,17090,6258544921.875000,1.344342184910e+02,-3.136798431456e+02,9.596714230581e+01,-3.397291037608e+02,9.497033061594e+01,-3.368736804504e+02,9.496966271725e+01,-3.368741461724e+02
1935,17091,6258911132.812500,1.344342184910e+02,-4.481140616365e+01,1.316634197100e+02,-6.432959034315e+01,1.305037350192e+02,-6.384754372778e+01,1.305036600868e+02,-6.384786252730e+01
1936,17092,6259277343.750000,-2.240570308183e+02,4.481140616365e+01,-2.232823871522e+02,7.724045353013e+01,-2.213315991701e+02,7.669524111144e+01,-2.213314835031e+02,7.669574586142e+01
1937,17093,6259643554.687500,-3.136798431456e+02,-1.344342184910e+02,-3.404263900863e+02,-9.289437654354e+01,-3.375604633118e+02,-9.192267734868e+01,-3.375606574586e+02,-9.192193334351e+01
1938,17094,6260009765.625000,2.240570308183e+02,-1.344342184910e+02,2.097701302119e+02,-1.702580346653e+02,2.078856956659e+02,-1.689089670152e+02,2.078852650416e+02,-1.689093756165e+02
1939,17095,6260375976.562500,3.136798431456e+02,-4.481140616365e+01,3.141864402393e+02,-9.279384579336e+01,3.114474437764e+02,-9.216200857821e+01,3.114470704228e+02,-9.216264250548e+01
1940,17096,6260742187.500000,4.481140616365e+01,-2.240570308183e+02,1.138258297277e+01,-2.359456000874e+02,1.116273715233e+01,-2.339302841066e+02,1.116221398509e+01,-2.339301188611e+02
1941,17097,6261108398.437500,-2.240570308183e+02,2.240570308183e+02,-1.937900062630e+02,2.641039284175e+02,-1.919926667495e+02,2.619415526579e+02,-1.919918848278e+02,2.619416932094e+02
1942,17098,6261474609.375000,-4.481140616365e+01,-1.344342184910e+02,-6.708247130146e+01,-1.302591012856e+02,-6.657515496230e+01,-1.291080793307e+02,-6.657534966513e+01,-1.291077603451e+02
1943,17099,6261840820.312500,-2.240570308183e+02,4.481140616365e+01,-2.217460360614e+02,8.161383815542e+01,-2.198032555112e+02,8.102934505419e+01,-2.198027255803e+02,8.102969840964e+01
1944,17100,6262207031.250000,1.344342184910e+02,3.136798431456e+02,1.885640856057e+02,2.984070900497e+02,1.871025756728e+02,2.957515940549e+02,1.871028768432e+02,2.957506315033e+02
1945,17101,6262573242.187500,1.344342184910e+02,-3.136798431456e+02,8.439657169484e+01,-3.428534790574e+02,8.349537178536e+01,-3.399583613257e+02,8.349444698671e+01,-3.399578214298e+02
1946,17102,6262939453.125000,-3.136798431456e+02,4.481140616365e+01,-3.122623429360e+02,1.001308519236e+02,-3.095336796343e+02,9.943442624291e+01,-3.095327208002e+02,9.943486869215e+01
1947,17103,6263305664.062500,-4.481140616365e+01,-4.481140616365e+01,-5.364978945649e+01,-3.768106548908e+01,-5.320943370226e+01,-3.733024115554e+01,-5.320937443942e+01,-3.733002508198e+01
1948,17104,6263671875.000000,2.240570308183e+02,4.481140616365e+01,2.362176289335e+02,4.642126800619e+00,2.341952016298e+02,4.479857160306e+00,2.341945276987e+02,4.479329388021e+00
1949,17105,6264038085.937500,-4.481140616365e+01,4.481140616365e+01,-3.715654373049e+01,5.394540588806e+01,-3.681008943144e+01,5.350228340842e+01,-3.680985464987e+01,5.350219396087e+01
1950,17106,6264404296.875000,3.136798431456e+02,-2.240570308183e+02,2.761920320123e+02,-2.876101502333e+02,2.736757623015e+02,-2.852883491261e+02,2.736741916277e+02,-2.852879668485e+02
1951,17107,6264770507.812500,2.240570308183e+02,4.481140616365e+01,2.365317536433e+02,2.091367121760e+00,2.345058486290e+02,1.950803940949e+00,2.345049822735e+02,1.950281323449e+00
1952,17108,6265136718.750000,-3.136798431456e+02,2.240570308183e+02,-2.748416235353e+02,2.894867061530e+02,-2.723365872173e+02,2.871487884664e+02,-2.723348730018e+02,2.871482449232e+02
1953,17109,6265502929.687500,-2.240570308183e+02,-2.240570308183e+02,-2.719981074964e+02,-1.832219826876e+02,-2.697629542301e+02,-1.815113259751e+02,-2.697622088269e+02,-1.815099631603e+02
1954,17110,6265869140.625000,-3.136798431456e+02,-2.240570308183e+02,-3.631065741986e+02,-1.648359559714e+02,-3.600820368017e+02,-1.632358669677e+02,-3.600807727646e+02,-1.632343399592e+02
1955,17111,6266235351.562500,1.344342184910e+02,1.344342184910e+02,1.634971306812e+02,1.093088197862e+02,1.621537946831e+02,1.082880439418e+02,1.621532589380e+02,1.082871708705e+02
1956,17112,6266601562.500000,2.240570308183e+02,2.240570308183e+02,2.729777351910e+02,1.816229517449e+02,2.707350586029e+02,1.799266141744e+02,2.707340904546e+02,1.799251129680e+02
1957,17113,6266967773.437500,-4.481140616365e+01,-1.344342184910e+02,-7.317098879573e+01,-1.271171395469e+02,-7.261070340995e+01,-1.259913340324e+02,-7.261059534638e+01,-1.259905064965e+02
1958,17114,6267333984.375000,3.136798431456e+02,-1.344342184910e+02,2.895726296580e+02,-2.020858613203e+02,2.869905195965e+02,-2.005071378312e+02,2.869884813283e+02,-2.005066523715e+02
1959,17115,6267700195.312500,1.344342184910e+02,2.240570308183e+02,1.839869090199e+02,1.979552152921e+02,1.825160962471e+02,1.961669064741e+02,1.825154629273e+02,1.961653613106e+02
1960,17116,6268066406.250000,2.240570308183e+02,1.344342184910e+02,2.557608792746e+02,8.702642190517e+01,2.536196074097e+02,8.614985442567e+01,2.536182503425e+02,8.614877176293e+01
1961,17117,6268432617.187500,2.240570308183e+02,-3.136798431456e+02,1.565695743994e+02,-3.664700506083e+02,1.550416794291e+02,-3.634197709641e+02,1.550398942598e+02,-3.634177993728e+02
1962,17118,6268798828.125000,3.136798431456e+02,-2.240570308183e+02,2.657297472068e+02,-2.969205553934e+02,2.633061899949e+02,-2.945223379388e+02,2.633037974980e+02,-2.945209644768e+02
1963,17119,6269165039.062500,2.240570308183e+02,2.240570308183e+02,2.772290056727e+02,1.744702986601e+02,2.749528166990e+02,1.728371299566e+02,2.749513011247e+02,1.728353342209e+02
1964,17120,6269531250.000000,-3.136798431456e+02,3.136798431456e+02,-2.435272715791e+02,3.887528452703e+02,-2.412478332667e+02,3.855621367965e+02,-2.412452587868e+02,3.855599066871e+02
1965,17121,6269897460.937500,-2.240570308183e+02,2.240570308183e+02,-1.734246789983e+02,2.781312286592e+02,-1.718015587375e+02,2.758493483347e+02,-1.717996769215e+02,2.758476777917e+02
1966,17122,6270263671.875000,-3.136798431456e+02,-2.240570308183e+02,-3.688564838835e+02,-1.516039035585e+02,-3.657914561156e+02,-1.501205754138e+02,-3.657889729623e+02,-1.501186170318e+02
1967,17123,6270629882.812500,-3.136798431456e+02,4.481140616365e+01,-3.050705029379e+02,1.199978995244e+02,-3.024098720706e+02,1.191340151872e+02,-3.024072042659e+02,1.191337319576e+02
1968,17124,6270996093.750000,3.136798431456e+02,2.240570308183e+02,3.696616625086e+02,1.497171639585e+02,3.665927768862e+02,1.482511089711e+02,3.665900886697e+02,1.482490844310e+02
1969,17125,6271362304.687500,4.481140616365e+01,-1.344342184910e+02,1.206087735149e+01,-1.460571837971e+02,1.188255128740e+01,-1.448210605823e+02,1.188213216232e+01,-1.448198575352e+02
1970,17126,6271728515.625000,1.344342184910e+02,-2.240570308183e+02,7.908178123379e+01,-2.582886441235e+02,7.827565099683e+01,-2.561341844962e+02,7.827440293087e+01,-2.561321145322e+02
1971,17127,6272094726.562500,2.240570308183e+02,1.344342184910e+02,2.584906752195e+02,7.817781156688e+01,2.563356631013e+02,7.737975346591e+01,2.563335212838e+02,7.737849223567e+01
1972,17128,6272460937.500000,-1.344342184910e+02,2.240570308183e+02,-7.769503644236e+01,2.586797760111e+02,-7.690149159674e+01,2.565246111197e+02,-7.690021382774e+01,2.565223983739e+02
1973,17129,6272827148.437500,2.240570308183e+02,-3.136798431456e+02,1.440018556910e+02,-3.716044553399e+02,1.425879846707e+02,-3.685278118057e+02,1.425858129805e+02,-3.685246055641e+02
1974,17130,6273193359.375000,3.136798431456e+02,4.481140616365e+01,3.256625760932e+02,-3.628972805626e+01,3.228843624500e+02,-3.615111028008e+01,3.228811135023e+02,-3.615146501385e+01
1975,17131,6273559570.312500,-4.481140616365e+01,-2.240570308183e+02,-1.034448832862e+02,-2.125436023244e+02,-1.026793555553e+02,-2.106906118271e+02,-1.026787833802e+02,-2.106882619976e+02
1976,17132,6273925781.250000,-1.344342184910e+02,2.240570308183e+02,-7.529668942109e+01,2.597171618387e+02,-7.452514226139e+01,2.575594846622e+02,-7.452380506298e+01,2.575569833025e+02
1977,17133,6274291992.187500,-1.344342184910e+02,-3.136798431456e+02,-2.180366946072e+02,-2.777567873263e+02,-2.163382712991e+02,-2.752966182176e+02,-2.163365802337e+02,-2.752932209430e+02
1978,17134,6274658203.125000,1.344342184910e+02,-2.240570308183e+02,7.403187014821e+01,-2.599275954098e+02,7.327210226522e+01,-2.577716702667e+02,7.327073863057e+01,-2.577690269795e+02
1979,17135,6275024414.062500,-4.481140616365e+01,4.481140616365e+01,-3.255713927222e+01,5.686864564920e+01,-3.225307611354e+01,5.640592304550e+01,-3.225259269924e+01,5.640536529932e+01
1980,17136,6275390625.000000,2.240570308183e+02,-1.344342184910e+02,1.861612376899e+02,-1.958922596619e+02,1.844912734953e+02,-1.943384355169e+02,1.844887412922e+02,-1.943366235041e+02
1981,17137,6275756835.937500,1.344342184910e+02,-3.136798431456e+02,4.557352809891e+01,-3.500817176204e+02,4.500844347977e+01,-3.471591137607e+02,4.500715501787e+01,-3.471551592772e+02
1982,17138,6276123046.875000,4.481140616365e+01,-2.240570308183e+02,-1.926548976311e+01,-2.355958975779e+02,-1.922570833751e+01,-2.336053469946e+02,-1.922599214660e+01,-2.336025151605e+02
1983,17139,6276489257.812500,1.344342184910e+02,1.344342184910e+02,1.720161606856e+02,9.525609403055e+01,1.706211273060e+02,9.436701648667e+01,1.706192519404e+02,9.436548958631e+01
1984,17140,6276855468.750000,2.240570308183e+02,2.240570308183e+02,2.867259830470e+02,1.585221409382e+02,2.844033410423e+02,1.570438779532e+02,2.844001390102e+02,1.570412942247e+02
1985,17141,6277221679.687500,1.344342184910e+02,-3.136798431456e+02,4.337880628649e+01,-3.503070315391e+02,4.283374437055e+01,-3.473949301221e+02,4.283243530456e+01,-3.473905992633e+02
1986,17142,6277587890.625000,2.240570308183e+02,4.481140616365e+01,2.356267772104e+02,-2.032599475813e+01,2.336447736592e+02,-2.027812616942e+01,2.336416910307e+02,-2.027837597228e+01
1987,17143,6277954101.562500,-2.240570308183e+02,-4.481140616365e+01,-2.357579884842e+02,2.075490098673e+01,-2.337771629438e+02,2.070373308651e+01,-2.337740156625e+02,2.070397215558e+01
1988,17144,6278320312.500000,4.481140616365e+01,3.136798431456e+02,1.364777075233e+02,2.984892116380e+02,1.354935438813e+02,2.959274133927e+02,1.354923605725e+02,2.959231107703e+02
1989,17145,6278686523.437500,2.240570308183e+02,-2.240570308183e+02,1.563897347065e+02,-2.885282369732e+02,1.549367006891e+02,-2.862046654965e+02,1.549339338481e+02,-2.862010568778e+02
1990,17146,6279052734.375000,-2.240570308183e+02,-2.240570308183e+02,-2.887776281706e+02,-1.558470267381e+02,-2.864549899292e+02,-1.544001615093e+02,-2.864513007879e+02,-1.543973606171e+02
1991,17147,6279418945.312500,-2.240570308183e+02,-3.136798431456e+02,-3.157864992230e+02,-2.439725623682e+02,-3.132884595206e+02,-2.417810753373e+02,-3.132845020842e+02,-2.417769225916e+02
1992,17148,6279785156.250000,3.136798431456e+02,2.240570308183e+02,3.779817259007e+02,1.274743365739e+02,3.749108606567e+02,1.262203549198e+02,3.749056670829e+02,1.262176890879e+02
1993,17149,6280151367.187500,2.240570308183e+02,-3.136798431456e+02,1.267067839092e+02,-3.780855286588e+02,1.254606624710e+02,-3.750180187988e+02,1.254579742919e+02,-3.750127227589e+02
1994,17150,6280517578.125000,-3.136798431456e+02,-4.481140616365e+01,-3.236615086179e+02,5.104881320688e+01,-3.209568593573e+02,5.079427155947e+01,-3.209518942792e+02,5.079420881880e+01
1995,17151,6280883789.062500,-1.344342184910e+02,-4.481140616365e+01,-1.464507359584e+02,-3.218531858695e+00,-1.452424482378e+02,-3.115982965943e+00,-1.452402203598e+02,-3.115615826468e+00
1996,17152,6281250000.000000,-2.240570308183e+02,1.344342184910e+02,-1.795145881819e+02,2.019769591515e+02,-1.779290385270e+02,2.004039865746e+02,-1.779258134402e+02,2.004012412002e+02
1997,17153,6281616210.937500,-1.344342184910e+02,-4.481140616365e+01,-1.466512955282e+02,-1.870162567510e+00,-1.454445056818e+02,-1.778696840328e+00,-1.454421949118e+02,-1.778348892928e+00
1998,17154,6281982421.875000,-3.136798431456e+02,-1.344342184910e+02,-3.520350752833e+02,-3.201222114403e+01,-3.491572302312e+02,-3.156642211497e+01,-3.491516507714e+02,-3.156514408308e+01
1999,17155,6282348632.812500,-4.481140616365e+01,4.481140616365e+01,-2.973359601292e+01,5.847728034763e+01,-2.945920424211e+01,5.801270729027e+01,-2.945859237202e+01,5.801181817017e+01
2000,17156,6282714843.750000,-4.481140616365e+01,3.136798431456e+02,5.664546932880e+01,3.228652424230e+02,5.634877516132e+01,3.201902507923e+02,5.634853747595e+01,3.201847778718e+02
2001,17157,6283081054.687500,-3.136798431456e+02,-1.344342184910e+02,-3.514784058159e+02,-3.125862789208e+01,-3.486195902751e+02,-3.082062594644e+01,-3.486137421230e+02,-3.081933678403e+01
2002,17158,6283447265.625000,3.136798431456e+02,2.240570308183e+02,3.803764717249e+02,1.190402370103e+02,3.773323661352e+02,1.178709443918e+02,3.773261226846e+02,1.178680838913e+02
2003,17159,6283813476.562500,3.136798431456e+02,2.240570308183e+02,3.804596649307e+02,1.187485219166e+02,3.774203900338e+02,1.175833318067e+02,3.774140451086e+02,1.175804451250e+02
2004,17160,6284179687.500000,-1.344342184910e+02,3.136798431456e+02,-3.034218980288e+01,3.515908800930e+02,-2.991297187112e+01,3.487463624569e+02,-2.991167421675e+01,3.487402348227e+02
2005,17161,6284545898.437500,2.240570308183e+02,1.344342184910e+02,2.637449839944e+02,5.902722203390e+01,2.616340537089e+02,5.841112138555e+01,2.616294669680e+02,5.840949372720e+01
2006,17162,6284912109.375000,3.136798431456e+02,-2.240570308183e+02,2.346072807747e+02,-3.225383763826e+02,2.325386872542e+02,-3.200461946764e+02,2.325337320676e+02,-3.200408538690e+02
2007,17163,6285278320.312500,-2.240570308183e+02,-2.240570308183e+02,-2.934621412173e+02,-1.460909743337e+02,-2.911643593990e+02,-1.447571353266e+02,-2.911592773530e+02,-1.447538106571e+02
2008,17164,6285644531.250000,-4.481140616365e+01,-2.240570308183e+02,-1.180135985528e+02,-2.047704047161e+02,-1.171672258186e+02,-2.030562896884e+02,-1.171654682648e+02,-2.030522128960e+02
2009,17165,6286010742.187500,-2.240570308183e+02,-4.481140616365e+01,-2.343040714313e+02,3.062609301823e+01,-2.324007555447e+02,3.050093451225e+01,-2.323962563801e+02,3.050086356705e+01
2010,17166,6286376953.125000,-2.240570308183e+02,-2.240570308183e+02,-2.942074933629e+02,-1.442875141919e+02,-2.919172938076e+02,-1.429749996808e+02,-2.919119644136e+02,-1.429715940220e+02
2011,17167,6286743164.062500,3.136798431456e+02,2.240570308183e+02,3.821408728959e+02,1.135131079709e+02,3.791343369652e+02,1.124042900362e+02,3.791271550489e+02,1.124012543191e+02
2012,17168,6287109375.000000,1.344342184910e+02,4.481140616365e+01,1.465415258075e+02,-1.759932330480e+00,1.453676299596e+02,-1.821869674958e+00,1.453647395562e+02,-1.822152970258e+00
2013,17169,6287475585.937500,-3.136798431456e+02,-1.344342184910e+02,-3.521825676800e+02,-2.414154452220e+01,-3.493822452336e+02,-2.376601557055e+01,-3.493752689392e+02,-2.376476964279e+01
2014,17170,6287841796.875000,3.136798431456e+02,-1.344342184910e+02,2.597716996565e+02,-2.391230417813e+02,2.575774944100e+02,-2.373522196502e+02,2.575717238968e+02,-2.373479489775e+02
2015,17171,6288208007.812500,4.481140616365e+01,3.136798431456e+02,1.521297123259e+02,2.903202587618e+02,1.510707489443e+02,2.879329866498e+02,1.510682638400e+02,2.879267121188e+02
2016,17172,6288574218.750000,-2.240570308183e+02,2.240570308183e+02,-1.406723375926e+02,2.958801697809e+02,-1.394029157128e+02,2.936060283330e+02,-1.393993570831e+02,2.936001986226e+02
2017,17173,6288940429.687500,3.136798431456e+02,4.481140616365e+01,3.209111391655e+02,-6.522533320092e+01,3.183375767239e+02,-6.487563516908e+01,3.183306983920e+02,-6.487496205497e+01
2018,17174,6289306640.625000,-2.240570308183e+02,-1.344342184910e+02,-2.649388925259e+02,-5.295798307652e+01,-2.628746159032e+02,-5.240240415824e+01,-2.628691005364e+02,-5.240070403669e+01
2019,17175,6289672851.562500,-3.136798431456e+02,2.240570308183e+02,-2.274271559915e+02,3.276826410132e+02,-2.254658947129e+02,3.252197810068e+02,-2.254602921783e+02,3.252132261598e+02
2020,17176,6290039062.500000,3.136798431456e+02,1.344342184910e+02,3.526883127631e+02,2.125093208179e+01,3.499283680272e+02,2.090097035426e+01,3.499207372035e+02,2.089974280156e+01
2021,17177,6290405273.437500,2.240570308183e+02,-4.481140616365e+01,2.022351888562e+02,-1.224831882827e+02,2.005867054959e+02,-1.216282159549e+02,2.005819857397e+02,-1.216259569746e+02
2022,17178,6290771484.375000,2.240570308183e+02,-3.136798431456e+02,1.065756126688e+02,-3.841472849567e+02,1.055431656052e+02,-3.811996518404e+02,1.055399577807e+02,-3.811913235755e+02
2023,17179,6291137695.312500,-4.481140616365e+01,4.481140616365e+01,-2.757038568515e+01,5.942967056681e+01,-2.732458231400e+01,5.898060594257e+01,-2.732383203012e+01,5.897932627759e+01
2024,17180,6291503906.250000,4.481140616365e+01,2.240570308183e+02,1.230691578010e+02,2.015879052122e+02,1.222167143347e+02,1.999563908611e+02,1.222143461200e+02,1.999515287259e+02
2025,17181,6291870117.187500,-2.240570308183e+02,-3.136798431456e+02,-3.287883906071e+02,-2.250149962008e+02,-3.263551340544e+02,-2.230992059274e+02,-3.263480429083e+02,-2.230933059687e+02
2026,17182,6292236328.125000,4.481140616365e+01,4.481140616365e+01,5.941170508349e+01,2.758298696410e+01,5.896647832422e+01,2.733880604889e+01,5.896515338516e+01,2.733803431926e+01
2027,17183,6292602539.062500,-4.481140616365e+01,2.240570308183e+02,3.625096920277e+01,2.334089364923e+02,3.609246930283e+01,2.315896966707e+02,3.609212122228e+01,2.315841181219e+02
2028,17184,6292968750.000000,2.240570308183e+02,4.481140616365e+01,2.334166504081e+02,-3.642752004649e+01,2.316022752151e+02,-3.626844776016e+01,2.315966364629e+02,-3.626808620802e+01
2029,17185,6293334960.937500,-2.240570308183e+02,-3.136798431456e+02,-3.295059930119e+02,-2.240737175485e+02,-3.270948445072e+02,-2.221839847918e+02,-3.270873977286e+02,-2.221778759398e+02
2030,17186,6293701171.875000,-4.481140616365e+01,4.481140616365e+01,-2.735437623069e+01,5.950834531529e+01,-2.711427640470e+01,5.906740006305e+01,-2.711348187355e+01,5.906601158185e+01
2031,17187,6294067382.812500,2.240570308183e+02,-3.136798431456e+02,1.040590017533e+02,-3.845237078838e+02,1.030658740514e+02,-3.816452997428e+02,1.030624822259e+02,-3.816360723094e+02
2032,17188,6294433593.750000,-2.240570308183e+02,2.240570308183e+02,-1.356512621312e+02,2.982320359519e+02,-1.344650464322e+02,2.960348136550e+02,-1.344610305688e+02,2.960277002490e+02
2033,17189,6294799804.687500,3.136798431456e+02,2.240570308183e+02,3.854914709354e+02,1.022094134718e+02,3.826221970422e+02,1.012345120400e+02,3.826127458881e+02,1.012311117091e+02
2034,17190,6295166015.625000,-1.344342184910e+02,-4.481140616365e+01,-1.465116701066e+02,5.943900589338e+00,-1.454012911021e+02,5.975021618313e+00,-1.453975647993e+02,5.975188574017e+00
2035,17191,6295532226.562500,-4.481140616365e+01,-2.240570308183e+02,-1.254179826873e+02,-2.003496436274e+02,-1.245770214476e+02,-1.987750308091e+02,-1.245742451986e+02,-1.987696302295e+02
2036,17192,6295898437.500000,-2.240570308183e+02,2.240570308183e+02,-1.347706339446e+02,2.986890813137e+02,-1.336033585084e+02,2.965156280281e+02,-1.335992270104e+02,2.965081985398e+02
2037,17193,6296264648.437500,-4.481140616365e+01,2.240570308183e+02,3.885088383648e+01,2.330588459301e+02,3.868097892012e+01,2.312937649836e+02,3.868046991352e+01,2.312875969444e+02
2038,17194,6296630859.375000,-2.240570308183e+02,-1.344342184910e+02,-2.659984047382e+02,-4.737776885297e+01,-2.640378698093e+02,-4.688611860673e+01,-2.640309617249e+02,-4.688429335294e+01
2039,17195,6296997070.312500,3.136798431456e+02,2.240570308183e+02,3.857507348986e+02,1.003561726649e+02,3.829333873159e+02,9.940942564293e+01,3.829233406621e+02,9.940591926419e+01
2040,17196,6297363281.250000,-4.481140616365e+01,-2.240570308183e+02,-1.264993352886e+02,-1.995661391439e+02,-1.256650652926e+02,-1.980208915369e+02,-1.256621000753e+02,-1.980152570775e+02
2041,17197,6297729492.187500,2.240570308183e+02,2.240570308183e+02,2.997366722428e+02,1.324235184153e+02,2.975906196949e+02,1.312894253062e+02,2.975827805784e+02,1.312851855943e+02
2042,17198,6298095703.125000,-4.481140616365e+01,4.481140616365e+01,-2.644057180782e+01,5.996218130423e+01,-2.621473470889e+01,5.953434417341e+01,-2.621388130668e+01,5.953276081729e+01
2043,17199,6298461914.062500,4.481140616365e+01,1.344342184910e+02,9.316479036955e+01,1.130220510685e+02,9.253975977039e+01,1.121442548019e+02,9.253743224704e+01,1.121409321585e+02
2044,17200,6298828125.000000,3.136798431456e+02,2.240570308183e+02,3.853798735602e+02,1.004869990225e+02,3.826137425989e+02,9.955206192128e+01,3.826032229919e+02,9.954842705414e+01
2045,17201,6299194335.937500,4.481140616365e+01,2.240570308183e+02,1.259758929167e+02,1.996354878891e+02,1.251615297553e+02,1.981153081146e+02,1.251584210085e+02,1.981094231230e+02
2046,17202,6299560546.875000,4.481140616365e+01,-3.136798431456e+02,-7.352214637892e+01,-3.190948727326e+02,-7.315396725608e+01,-3.167397412155e+02,-7.315257357349e+01,-3.167305322458e+02
2047,17203,6299926757.812500,3.136798431456e+02,-4.481140616365e+01,2.853783773606e+02,-1.607832792416e+02,2.832302849391e+02,-1.597682344227e+02,2.832217721375e+02,-1.597642529130e+02
2048,17204,6300292968.750000,2.240570308183e+02,2.240570308183e+02,2.998880133610e+02,1.320776314999e+02,2.977949899481e+02,1.309699085751e+02,2.977866221403e+02,1.309654473877e+02
2049,17205,6300659179.687500,-3.136798431456e+02,4.481140616365e+01,-2.859571892756e+02,1.603001225023e+02,-2.838204608298e+02,1.592974613245e+02,-2.838117906632e+02,1.592934153191e+02
2050,17206,6301025390.625000,-2.240570308183e+02,3.136798431456e+02,-9.967600114079e+01,3.863040057864e+02,-9.876233617460e+01,3.835921443723e+02,-9.875857346064e+01,3.835810212740e+02
2051,17207,6301391601.562500,-4.481140616365e+01,-4.481140616365e+01,-5.996307491527e+01,-2.649775972400e+01,-5.954950080995e+01,-2.627778476656e+01,-5.954778333072e+01,-2.627687053138e+01
2052,17208,6301757812.500000,3.136798431456e+02,-3.136798431456e+02,1.847385329876e+02,-4.198321139481e+02,1.832090765384e+02,-4.169476698145e+02,1.832026532522e+02,-4.169355396400e+02
2053,17209,6302124023.437500,4.481140616365e+01,2.240570308183e+02,1.272317194774e+02,1.989885592594e+02,1.264353858182e+02,1.975154280783e+02,1.264319882038e+02,1.975091644204e+02
2054,17210,6302490234.375000,-2.240570308183e+02,-1.344342184910e+02,-2.662063123877e+02,-4.574088504840e+01,-2.643551930893e+02,-4.528049556554e+01,-2.643472160199e+02,-4.527853119653e+01
2055,17211,6302856445.312500,3.136798431456e+02,4.481140616365e+01,3.191610373967e+02,-7.376355692270e+01,3.168839636824e+02,-7.341188309252e+01,3.168740429416e+02,-7.341031854860e+01
2056,17212,6303222656.250000,1.344342184910e+02,-3.136798431456e+02,1.302158143746e+01,-3.525320439999e+02,1.274753527391e+01,-3.500760528402e+02,1.274637020140e+01,-3.500652132322e+02
2057,17213,6303588867.187500,4.481140616365e+01,1.344342184910e+02,9.308325977725e+01,1.130629405514e+02,9.249439645436e+01,1.122280183446e+02,9.249174906565e+01,1.122243036101e+02
2058,17214,6303955078.125000,-4.481140616365e+01,-1.344342184910e+02,-9.295744257589e+01,-1.131270876229e+02,-9.237219786106e+01,-1.122950789583e+02,-9.236953185298e+01,-1.122913349317e+02
2059,17215,6304321289.062500,-4.481140616365e+01,-1.344342184910e+02,-9.280969634093e+01,-1.131668043525e+02,-9.222822441359e+01,-1.123379208103e+02,-9.222554053164e+01,-1.123341483336e+02
2060,17216,6304687500.000000,1.344342184910e+02,3.136798431456e+02,2.450219519405e+02,2.531552820474e+02,2.434704133243e+02,2.512891302680e+02,2.434631694522e+02,2.512805487293e+02
2061,17217,6305053710.937500,-2.240570308183e+02,-3.136798431456e+02,-3.311551150929e+02,-2.203940819737e+02,-3.290048192003e+02,-2.187148048488e+02,-3.289946849110e+02,-2.187070252426e+02
2062,17218,6305419921.875000,2.240570308183e+02,4.481140616365e+01,2.325503867318e+02,-3.888586452171e+01,2.309467810920e+02,-3.874188609789e+01,2.309391887302e+02,-3.874113428165e+01
2063,17219,6305786132.812500,2.240570308183e+02,2.240570308183e+02,2.981919981279e+02,1.340859867365e+02,2.962403470328e+02,1.330221915600e+02,2.962309380221e+02,1.330171842891e+02
2064,17220,6306152343.750000,1.344342184910e+02,-2.240570308183e+02,4.763320598961e+01,-2.653504646546e+02,4.717394512136e+01,-2.635846459236e+02,4.717180960588e+01,-2.635760540350e+02
2065,17221,6306518554.687500,-2.240570308183e+02,-3.136798431456e+02,-3.310135435663e+02,-2.204103507279e+02,-3.289045998348e+02,-2.187578900435e+02,-3.288941509260e+02,-2.187498977981e+02
2066,17222,6306884765.625000,1.344342184910e+02,-2.240570308183e+02,4.746424669439e+01,-2.653205901349e+02,4.700907274289e+01,-2.635713203595e+02,4.700692007713e+01,-2.635626017280e+02
2067,17223,6307250976.562500,3.136798431456e+02,-1.344342184910e+02,2.532472142800e+02,-2.447359803310e+02,2.514348047853e+02,-2.432389114383e+02,2.514257942320e+02,-2.432312642875e+02
2068,17224,6307617187.500000,1.344342184910e+02,-1.344342184910e+02,8.042649303100e+01,-1.790902135045e+02,7.980078278079e+01,-1.779458693398e+02,7.979768250624e+01,-1.779400035017e+02
2069,17225,6307983398.437500,-1.344342184910e+02,3.136798431456e+02,-1.469892952861e+01,3.523268383639e+02,-1.441900026669e+01,3.500121983438e+02,-1.441773810496e+01,3.500002637022e+02
2070,17226,6308349609.375000,-1.344342184910e+02,3.136798431456e+02,-1.503404533324e+01,3.522084314004e+02,-1.475244472455e+01,3.499060352656e+02,-1.475116788490e+01,3.498940216986e+02
2071,17227,6308715820.312500,4.481140616365e+01,-4.481140616365e+01,2.693308188102e+01,-5.964143870125e+01,2.672630438465e+01,-5.926615768809e+01,2.672524770399e+01,-5.926416203290e+01
2072,17228,6309082031.250000,-3.136798431456e+02,-1.344342184910e+02,-3.519720055526e+02,-1.560071688611e+01,-3.496942698933e+02,-1.531652150185e+01,-3.496820989966e+02,-1.531521844424e+01
2073,17229,6309448242.187500,1.344342184910e+02,1.344342184910e+02,1.788833446684e+02,8.077430459221e+01,1.777694390302e+02,8.015942422668e+01,1.777633689234e+02,8.015621699991e+01
2074,17230,6309814453.125000,-3.136798431456e+02,4.481140616365e+01,-2.864831141046e+02,1.579290434268e+02,-2.845593617052e+02,1.570626396168e+02,-2.845489509455e+02,1.570577092670e+02
2075,17231,6310180664.062500,1.344342184910e+02,-4.481140616365e+01,1.134294556663e+02,-9.242455416527e+01,1.126560045455e+02,-9.189240602497e+01,1.126517911889e+02,-9.188938153321e+01
2076,17232,6310546875.000000,1.344342184910e+02,4.481140616365e+01,1.462386264544e+02,-5.796710134834e+00,1.453052580195e+02,-5.835825114280e+00,1.453000371582e+02,-5.835935274341e+00
2077,17233,6310913085.937500,-4.481140616365e+01,1.344342184910e+02,5.711404562072e+00,1.462789061564e+02,5.751278273292e+00,1.453502563566e+02,5.751390217803e+00,1.453450000842e+02
2078,17234,6311279296.875000,1.344342184910e+02,1.344342184910e+02,1.788113352151e+02,8.118573709359e+01,1.777280419423e+02,8.058180736239e+01,1.777217658998e+02,8.057849093437e+01
2079,17235,6311645507.812500,-1.344342184910e+02,-2.240570308183e+02,-2.109855120971e+02,-1.682085436284e+02,-2.097521439403e+02,-1.670458939785e+02,-2.097448463730e+02,-1.670393289008e+02
2080,17236,6312011718.750000,2.240570308183e+02,2.240570308183e+02,2.973674872453e+02,1.363541022006e+02,2.955870391635e+02,1.353506567991e+02,2.955764668513e+02,1.353450298930e+02
2081,17237,6312377929.687500,-2.240570308183e+02,-1.344342184910e+02,-2.650518944160e+02,-4.978676134942e+01,-2.634368230081e+02,-4.934077112958e+01,-2.634271830307e+02,-4.933836635003e+01
2082,17238,6312744140.625000,2.240570308183e+02,-4.481140616365e+01,2.008213815523e+02,-1.235169999932e+02,1.995208905395e+02,-1.228609861932e+02,1.995131913074e+02,-1.228568498956e+02
2083,17239,6313110351.562500,-3.136798431456e+02,1.344342184910e+02,-2.557072912527e+02,2.420754033269e+02,-2.540162607123e+02,2.407265508157e+02,-2.540062148909e+02,2.407180901594e+02
2084,17240,6313476562.500000,3.136798431456e+02,4.481140616365e+01,3.199187000625e+02,-6.816624424510e+01,3.179363196465e+02,-6.791769333380e+01,3.179241859144e+02,-6.791583191196e+01
2085,17241,6313842773.437500,2.240570308183e+02,-3.136798431456e+02,1.060866608661e+02,-3.837444471337e+02,1.052453387112e+02,-3.814778590394e+02,1.052405091254e+02,-3.814636234743e+02
2086,17242,6314208984.375000,1.344342184910e+02,-4.481140616365e+01,1.145327067123e+02,-9.113236916629e+01,1.137964841891e+02,-9.064379782907e+01,1.137919435245e+02,-9.064058974936e+01
2087,17243,6314575195.312500,2.240570308183e+02,-1.344342184910e+02,1.695155175463e+02,-2.099002572072e+02,1.683929644946e+02,-2.087335069707e+02,1.683860431286e+02,-2.087258661847e+02
2088,17244,6314941406.250000,-1.344342184910e+02,-2.240570308183e+02,-2.099490070498e+02,-1.693251204086e+02,-2.087894757005e+02,-1.682098106801e+02,-2.087817850607e+02,-1.682028581109e+02
2089,17245,6315307617.187500,4.481140616365e+01,1.344342184910e+02,9.100193659458e+01,1.144761135663e+02,9.052401728900e+01,1.137527357861e+02,9.052075215613e+01,1.137481197394e+02
2090,17246,6315673828.125000,-3.136798431456e+02,2.240570308183e+02,-2.255187955647e+02,3.276000058075e+02,-2.240248877345e+02,3.257945476767e+02,-2.240154222544e+02,3.257823157844e+02
2091,17247,6316040039.062500,-2.240570308183e+02,1.344342184910e+02,-1.704919045339e+02,2.087502559490e+02,-1.693890311580e+02,2.076214320222e+02,-1.693819212143e+02,2.076136488229e+02
2092,17248,6316406250.000000,-4.481140616365e+01,-2.240570308183e+02,-1.215148835363e+02,-2.019213444404e+02,-1.209156868167e+02,-2.006880180179e+02,-1.209113511841e+02,-2.006798242831e+02
2093,17249,6316772460.937500,4.481140616365e+01,-3.136798431456e+02,-6.532455601195e+01,-3.201735819823e+02,-6.511491565807e+01,-3.182961472582e+02,-6.511302832387e+01,-3.182833591602e+02
2094,17250,6317138671.875000,-3.136798431456e+02,-4.481140616365e+01,-3.201762928341e+02,6.504866966824e+01,-3.183110100116e+02,6.484306861703e+01,-3.182981511640e+02,6.484117770124e+01
2095,17251,6317504882.812500,3.136798431456e+02,1.344342184910e+02,3.511117394030e+02,2.208369294415e+01,3.491280730307e+02,2.177562457080e+01,3.491140960635e+02,2.177398256957e+01
2096,17252,6317871093.750000,1.344342184910e+02,-4.481140616365e+01,1.150547297095e+02,-8.995498300229e+01,1.143585375518e+02,-8.950707397263e+01,1.143537217007e+02,-8.950370993725e+01
2097,17253,6318237304.687500,-2.240570308183e+02,-2.240570308183e+02,-2.947997065218e+02,-1.406277491098e+02,-2.932201410127e+02,-1.396860558916e+02,-2.932085397703e+02,-1.396797385911e+02
2098,17254,6318603515.625000,2.240570308183e+02,2.240570308183e+02,2.945995340579e+02,1.413341740022e+02,2.930327813127e+02,1.403940495605e+02,2.930211249686e+02,1.403876731284e+02
2099,17255,6318969726.562500,-2.240570308183e+02,1.344342184910e+02,-1.725118570585e+02,2.071100619729e+02,-1.714503052867e+02,2.060546493874e+02,-1.714428144644e+02,2.060465676793e+02
2100,17256,6319335937.500000,-4.481140616365e+01,3.136798431456e+02,6.237909587267e+01,3.206754371573e+02,6.220340444759e+01,3.188824040468e+02,6.220153824950e+01,3.188691078552e+02
2101,17257,6319702148.437500,-2.240570308183e+02,-1.344342184910e+02,-2.634015798879e+02,-5.564895865979e+01,-2.619946733260e+02,-5.520860337740e+01,-2.619839259202e+02,-5.520573730742e+01
2102,17258,6320068359.375000,2.240570308183e+02,-3.136798431456e+02,1.134746703958e+02,-3.804092090857e+02,1.126626867254e+02,-3.784094929219e+02,1.126571569999e+02,-3.783939605324e+02
2103,17259,6320434570.312500,-4.481140616365e+01,1.344342184910e+02,9.577514746757e-01,1.459551700968e+02,1.028527357130e+00,1.451705394260e+02,1.028803275023e+00,1.451644521593e+02
2104,17260,6320800781.250000,-4.481140616365e+01,2.240570308183e+02,3.025225073469e+01,2.334439466567e+02,3.021235898708e+01,2.321833180147e+02,3.021159636321e+01,2.321734695199e+02
2105,17261,6321166992.187500,4.481140616365e+01,2.240570308183e+02,1.173343556431e+02,2.041118471956e+02,1.168195075685e+02,2.029704821342e+02,1.168150069212e+02,2.029616306636e+02
2106,17262,6321533203.125000,-2.240570308183e+02,-1.344342184910e+02,-2.628938006910e+02,-5.821067488912e+01,-2.615431806463e+02,-5.776814588776e+01,-2.615321768761e+02,-5.776511262550e+01
2107,17263,6321899414.062500,-2.240570308183e+02,3.136798431456e+02,-1.172362287636e+02,3.795939434719e+02,-1.164276638626e+02,3.776763466390e+02,-1.164218542460e+02,3.776604492322e+02
2108,17264,6322265625.000000,-2.240570308183e+02,1.344342184910e+02,-1.756047856343e+02,2.041821013416e+02,-1.745903518234e+02,2.032174628006e+02,-1.745824010579e+02,2.032091118741e+02
2109,17265,6322631835.937500,2.240570308183e+02,-1.344342184910e+02,1.756427633254e+02,-2.041607515401e+02,1.746352935023e+02,-2.032045620525e+02,1.746273040505e+02,-2.031961689786e+02
2110,17266,6322998046.875000,4.481140616365e+01,-3.136798431456e+02,-5.778710086168e+01,-3.214531736085e+02,-5.766021033695e+01,-3.197868451974e+02,-5.765841053685e+01,-3.197728390876e+02
2111,17267,6323364257.812500,4.481140616365e+01,-3.136798431456e+02,-5.754227116328e+01,-3.214347945929e+02,-5.741899110593e+01,-3.197819074486e+02,-5.741718976550e+01,-3.197678352591e+02
2112,17268,6323730468.750000,-2.240570308183e+02,-3.136798431456e+02,-3.204103377687e+02,-2.347170846208e+02,-3.189279455710e+02,-2.333749555263e+02,-3.189144832994e+02,-2.333640283605e+02
2113,17269,6324096679.687500,-1.344342184910e+02,-1.344342184910e+02,-1.747701213232e+02,-8.837475926293e+01,-1.739481664947e+02,-8.784492543060e+01,-1.739407012329e+02,-8.784067566347e+01
2114,17270,6324462890.625000,3.136798431456e+02,2.240570308183e+02,3.786170111404e+02,1.192211102301e+02,3.768145665319e+02,1.184369761438e+02,3.767981592364e+02,1.184309092473e+02
2115,17271,6324829101.562500,-2.240570308183e+02,-3.136798431456e+02,-3.188868780509e+02,-2.361351815889e+02,-3.174527906931e+02,-2.348162853643e+02,-3.174391996341e+02,-2.348051528643e+02
2116,17272,6325195312.500000,-1.344342184910e+02,-4.481140616365e+01,-1.458855407131e+02,-1.740406621115e+00,-1.451802998421e+02,-1.656056633708e+00,-1.451738221810e+02,-1.655663651692e+00
2117,17273,6325561523.437500,-1.344342184910e+02,-1.344342184910e+02,-1.737392988879e+02,-9.046027931575e+01,-1.729527627806e+02,-8.993581623461e+01,-1.729452040208e+02,-8.993140280384e+01
2118,17274,6325927734.375000,-2.240570308183e+02,2.240570308183e+02,-1.521667328951e+02,2.890935901739e+02,-1.512926205914e+02,2.877979829900e+02,-1.512851724028e+02,2.877853501986e+02
2119,17275,6326293945.312500,2.240570308183e+02,3.136798431456e+02,3.164118227753e+02,2.405247332551e+02,3.150458089186e+02,2.392264728623e+02,3.150320781953e+02,2.392149550383e+02
2120,17276,6326660156.250000,-4.481140616365e+01,2.240570308183e+02,2.442648240213e+01,2.342866349532e+02,2.443436585395e+01,2.331798059059e+02,2.443376767338e+01,2.331691534439e+02
2121,17277,6327026367.187500,1.344342184910e+02,4.481140616365e+01,1.460354604289e+02,2.933749379702e+00,1.453612969511e+02,2.844155202375e+00,1.453546669523e+02,2.843705908857e+00
2122,17278,6327392578.125000,-4.481140616365e+01,4.481140616365e+01,-3.059214964903e+01,5.770185751730e+01,-3.042188838190e+01,5.745329989006e+01,-3.042036719073e+01,5.745073234660e+01
2123,17279,6327758789.062500,4.481140616365e+01,-4.481140616365e+01,3.080319267198e+01,-5.757550754465e+01,3.063336733216e+01,-5.733014203120e+01,3.063183063441e+01,-5.732756922029e+01
2124,17280,6328125000.000000,1.344342184910e+02,1.344342184910e+02,1.724155727001e+02,9.290345435315e+01,1.716886729900e+02,9.239594918305e+01,1.716809356218e+02,9.239129866349e+01
2125,17281,6328491210.937500,-4.481140616365e+01,-3.136798431456e+02,-1.365218287241e+02,-2.964140567381e+02,-1.360682697127e+02,-2.950231420836e+02,-1.360625982876e+02,-2.950091405340e+02
2126,17282,6328857421.875000,1.344342184910e+02,1.344342184910e+02,1.720632067115e+02,9.335800839372e+01,1.713532485758e+02,9.285683661656e+01,1.713454604972e+02,9.285212908323e+01
2127,17283,6329223632.812500,4.481140616365e+01,-3.136798431456e+02,-4.722848889524e+01,-3.228660722637e+02,-4.719047742686e+01,-3.214323467637e+02,-4.718897359130e+01,-3.214171884142e+02
2128,17284,6329589843.750000,-4.481140616365e+01,-4.481140616365e+01,-5.731692694247e+01,-3.125056765136e+01,-5.708558651396e+01,-3.108571695644e+01,-5.708297009445e+01,-3.108412954401e+01
2129,17285,6329956054.687500,1.344342184910e+02,3.136798431456e+02,2.239114308579e+02,2.711844640769e+02,2.230953127547e+02,2.699084122337e+02,2.230853707023e+02,2.698951761016e+02
2130,17286,6330322265.625000,-4.481140616365e+01,-4.481140616365e+01,-5.721617843821e+01,-3.148306422504e+01,-5.699050533346e+01,-3.132007043395e+01,-5.698787196613e+01,-3.131846015444e+01
2131,17287,6330688476.562500,4.481140616365e+01,-1.344342184910e+02,6.220239168069e+00,-1.458920299703e+02,6.118223160132e+00,-1.452845871487e+02,6.117612618099e+00,-1.452776841959e+02
2132,17288,6331054687.500000,1.344342184910e+02,-1.344342184910e+02,9.552038874891e+01,-1.710265472063e+02,9.503578920833e+01,-1.703681161153e+02,9.503087248384e+01,-1.703601820676e+02
2133,17289,6331420898.437500,-2.240570308183e+02,4.481140616365e+01,-2.096885435014e+02,1.067961439935e+02,-2.087741431785e+02,1.064679751024e+02,-2.087638911790e+02,1.064633250417e+02
2134,17290,6331787109.375000,-2.240570308183e+02,-3.136798431456e+02,-3.087273798158e+02,-2.492721830904e+02,-3.076068555725e+02,-2.481018152985e+02,-3.075925824305e+02,-2.480891874683e+02
2135,17291,6332153320.312500,-1.344342184910e+02,4.481140616365e+01,-1.210642967802e+02,8.127606530458e+01,-1.205371675265e+02,8.101366125073e+01,-1.205311602874e+02,8.101000830635e+01
2136,17292,6332519531.250000,4.481140616365e+01,-4.481140616365e+01,3.222519626225e+01,-5.668241088229e+01,3.206810171006e+01,-5.647481151603e+01,3.206642081146e+01,-5.647214034340e+01
2137,17293,6332885742.187500,-4.481140616365e+01,3.136798431456e+02,4.080510495690e+01,3.234054455355e+02,4.081391934550e+01,3.221188020280e+02,4.081263831293e+01,3.221030150068e+02
2138,17294,6333251953.125000,1.344342184910e+02,3.136798431456e+02,2.179950275206e+02,2.751264022101e+02,2.172954625739e+02,2.739490398790e+02,2.172854354617e+02,2.739351619594e+02
2139,17295,6333618164.062500,3.136798431456e+02,-3.136798431456e+02,2.278722652686e+02,-3.952114307150e+02,2.267958306614e+02,-3.938203271708e+02,2.267838298039e+02,-3.938014894862e+02
2140,17296,6333984375.000000,1.344342184910e+02,-3.136798431456e+02,5.080790041322e+01,-3.471970144556e+02,5.043526857005e+01,-3.459132221233e+02,5.043202289422e+01,-3.458962860477e+02
2141,17297,6334350585.937500,2.240570308183e+02,1.344342184910e+02,2.579644465960e+02,7.535272463663e+01,2.570422182454e+02,7.493746171339e+01,2.570296691057e+02,7.493319027928e+01
2142,17298,6334716796.875000,1.344342184910e+02,3.136798431456e+02,2.146483131506e+02,2.778751711778e+02,2.140031012567e+02,2.767406255946e+02,2.139930858627e+02,2.767264173183e+02
2143,17299,6335083007.812500,-1.344342184910e+02,-3.136798431456e+02,-2.138463284197e+02,-2.785960900937e+02,-2.132144884598e+02,-2.774723809537e+02,-2.132044756449e+02,-2.774580884016e+02
2144,17300,6335449218.750000,2.240570308183e+02,4.481140616365e+01,2.348164476805e+02,-1.185207500658e+01,2.339681258492e+02,-1.193193224621e+01,2.339564014172e+02,-1.193184982884e+01
2145,17301,6335815429.687500,-1.344342184910e+02,-1.344342184910e+02,-1.678195170674e+02,-1.004852609693e+02,-1.672779453644e+02,-1.000421738414e+02,-1.672697718556e+02,-1.000367865006e+02
2146,17302,6336181640.625000,4.481140616365e+01,1.344342184910e+02,7.810076414616e+01,1.230467505006e+02,7.789218342102e+01,1.225764019967e+02,7.788853076243e+01,1.225700588448e+02
2147,17303,6336547851.562500,-3.136798431456e+02,2.240570308183e+02,-2.579455235453e+02,3.007451108386e+02,-2.569003756338e+02,2.998437310168e+02,-2.568867363040e+02,2.998291453926e+02
2148,17304,6336914062.500000,3.136798431456e+02,-4.481140616365e+01,3.021069719892e+02,-1.211205293256e+02,3.010177549548e+02,-1.208666093131e+02,3.010022275069e+02,-1.208611428005e+02
2149,17305,6337280273.437500,-4.481140616365e+01,-1.344342184910e+02,-7.727506533799e+01,-1.233680221213e+02,-7.708060723861e+01,-1.229146379447e+02,-7.707695599427e+01,-1.229082154519e+02
2150,17306,6337646484.375000,3.136798431456e+02,-3.136798431456e+02,2.378459711033e+02,-3.888749733298e+02,2.368582476919e+02,-3.877154516062e+02,2.368453051712e+02,-3.876961811134e+02
2151,17307,6338012695.312500,-1.344342184910e+02,2.240570308183e+02,-8.074996269873e+01,2.561474468315e+02,-8.035380978353e+01,2.553564529137e+02,-8.034913322702e+01,2.553435512136e+02
2152,17308,6338378906.250000,-4.481140616365e+01,-1.344342184910e+02,-7.652346458045e+01,-1.239118872825e+02,-7.634287492664e+01,-1.234749750787e+02,-7.633922337216e+01,-1.234684625063e+02
2153,17309,6338745117.187500,4.481140616365e+01,1.344342184910e+02,7.607358390923e+01,1.241671791669e+02,7.589825887075e+01,1.237356994110e+02,7.589461795245e+01,1.237291535776e+02
2154,17310,6339111328.125000,3.136798431456e+02,4.481140616365e+01,3.244398049900e+02,-2.709205740429e+01,3.234176530441e+02,-2.717703082512e+01,3.234008658082e+02,-2.717633594228e+01
2155,17311,6339477539.062500,-3.136798431456e+02,3.136798431456e+02,-2.424735485937e+02,3.858684112410e+02,-2.415308260279e+02,3.848147591622e+02,-2.415174479728e+02,3.847953229452e+02
2156,17312,6339843750.000000,-2.240570308183e+02,-3.136798431456e+02,-2.958399597582e+02,-2.631670978137e+02,-2.950868956030e+02,-2.622208882766e+02,-2.950721118665e+02,-2.622065905567e+02
2157,17313,6340209960.937500,4.481140616365e+01,-2.240570308183e+02,-5.770850495074e+00,-2.346426193235e+02,-5.876116820641e+00,-2.339449979218e+02,-5.876324107964e+00,-2.339327692310e+02
2158,17314,6340576171.875000,-4.481140616365e+01,4.481140616365e+01,-3.488841110674e+01,5.497557717932e+01,-3.475817913799e+01,5.483372901878e+01,-3.475623802492e+01,5.483093324868e+01
2159,17315,6340942382.812500,4.481140616365e+01,-4.481140616365e+01,3.500959075849e+01,-5.491476808865e+01,3.488076255046e+01,-5.477586875621e+01,3.487880950123e+01,-5.477306742533e+01
2160,17316,6341308593.750000,-2.240570308183e+02,-4.481140616365e+01,-2.347615268015e+02,3.845125758874e+00,-2.340992833985e+02,3.956741743364e+00,-2.340869372634e+02,3.957047672281e+00
2161,17317,6341674804.687500,4.481140616365e+01,-1.344342184910e+02,1.633299404888e+01,-1.446732809394e+02,1.621241723957e+01,-1.442820954481e+02,1.621124315715e+01,-1.442745041464e+02
2162,17318,6342041015.625000,2.240570308183e+02,-2.240570308183e+02,1.784829227212e+02,-2.722199782184e+02,1.778567025840e+02,-2.715745089149e+02,1.778466758831e+02,-2.715605010031e+02
2163,17319,6342407226.562500,-4.481140616365e+01,4.481140616365e+01,-3.585713353023e+01,5.433924076570e+01,-3.573329414692e+01,5.421322388598e+01,-3.573127482609e+01,5.421041952791e+01
2164,17320,6342773437.500000,-4.481140616365e+01,-1.344342184910e+02,-7.245064978448e+01,-1.262687626531e+02,-7.232717825630e+01,-1.259009942261e+02,-7.232359752188e+01,-1.258941206222e+02
2165,17321,6343139648.437500,-1.344342184910e+02,4.481140616365e+01,-1.264730409510e+02,7.206259232994e+01,-1.261112744711e+02,7.194385451980e+01,-1.261043709617e+02,7.194028354798e+01
2166,17322,6343505859.375000,3.136798431456e+02,-2.240570308183e+02,2.719984977512e+02,-2.876098998303e+02,2.711649338488e+02,-2.870290323906e+02,2.711497573946e+02,-2.870142316480e+02
2167,17323,6343872070.312500,4.481140616365e+01,-1.344342184910e+02,1.912279182546e+01,-1.442149066311e+02,1.900046362561e+01,-1.438697327051e+02,1.899912534723e+01,-1.438620351323e+02
2168,17324,6344238281.250000,-2.240570308183e+02,2.240570308183e+02,-1.829682085624e+02,2.690023727376e+02,-1.823865125938e+02,2.684489472956e+02,-1.823760837444e+02,2.684348665304e+02
2169,17325,6344604492.187500,2.240570308183e+02,-4.481140616365e+01,2.175486783807e+02,-8.799847276686e+01,2.169890023641e+02,-8.790415998277e+01,2.169770710468e+02,-8.789988161274e+01
2170,17326,6344970703.125000,2.240570308183e+02,4.481140616365e+01,2.347304596837e+02,2.706603876882e+00,2.341894327129e+02,2.577873889094e+00,2.341767348791e+02,2.577219400088e+00
2171,17327,6345336914.062500,1.344342184910e+02,1.344342184910e+02,1.609261069580e+02,1.105405633115e+02,1.606200797203e+02,1.102067614047e+02,1.606115854078e+02,1.102004140232e+02
2172,17328,6345703125.000000,-4.481140616365e+01,-2.240570308183e+02,-8.665322018192e+01,-2.179275607817e+02,-8.657550936264e+01,-2.174009072063e+02,-8.657126538538e+01,-2.173888601343e+02
2173,17329,6346069335.937500,3.136798431456e+02,-1.344342184910e+02,2.922364856223e+02,-1.929026857663e+02,2.915051403140e+02,-1.926388837134e+02,2.914887762109e+02,-1.926289899964e+02
2174,17330,6346435546.875000,-4.481140616365e+01,4.481140616365e+01,-3.724575775420e+01,5.333271205364e+01,-3.713944944783e+01,5.323978000554e+01,-3.713729614832e+01,5.323694256590e+01
2175,17331,6346801757.812500,1.344342184910e+02,-3.136798431456e+02,8.054372623871e+01,-3.410767825243e+02,8.020014396592e+01,-3.404176695227e+02,8.019498714838e+01,-3.403991325175e+02
2176,17332,6347167968.750000,-3.136798431456e+02,-3.136798431456e+02,-3.720108699785e+02,-2.630064629501e+02,-3.714025119780e+02,-2.622851499705e+02,-3.713826192020e+02,-2.622698784114e+02
2177,17333,6347534179.687500,-3.136798431456e+02,3.136798431456e+02,-2.641402453250e+02,3.710456983767e+02,-2.634307510774e+02,3.704589744757e+02,-2.634153814433e+02,3.704390841704e+02
2178,17334,6347900390.625000,4.481140616365e+01,-3.136798431456e+02,-7.021305632115e+00,-3.251599927463e+02,-7.177684662678e+00,-3.245381139746e+02,-7.178000272048e+00,-3.245201210836e+02
2179,17335,6348266601.562500,-4.481140616365e+01,4.481140616365e+01,-3.793561830520e+01,5.283992575691e+01,-3.783787047843e+01,5.276199713437e+01,-3.783565335633e+01,5.275915036291e+01
2180,17336,6348632812.500000,-2.240570308183e+02,-3.136798431456e+02,-2.791876734732e+02,-2.804336476215e+02,-2.788321496226e+02,-2.797837400331e+02,-2.788172425246e+02,-2.797675523527e+02
2181,17337,6348999023.437500,-3.136798431456e+02,-4.481140616365e+01,-3.252378300560e+02,6.899585975270e+00,-3.246663931489e+02,7.057335356634e+00,-3.246482602075e+02,7.057655018523e+00
2182,17338,6349365234.375000,-4.481140616365e+01,3.136798431456e+02,5.469244896293e+00,3.253104261053e+02,5.629822558717e+00,3.247565189327e+02,5.630221322574e+00,3.247383404997e+02
2183,17339,6349731445.312500,1.344342184910e+02,4.481140616365e+01,1.434885461007e+02,2.425500411947e+01,1.432656234630e+02,2.414026283118e+01,1.432576435433e+02,2.413859443624e+01
2184,17340,6350097656.250000,2.240570308183e+02,-3.136798431456e+02,1.793267350944e+02,-3.529552640172e+02,1.788573682653e+02,-3.524878127495e+02,1.788465414677e+02,-3.524683952215e+02
2185,17341,6350463867.187500,-3.136798431456e+02,-4.481140616365e+01,-3.253899302674e+02,1.598336788431e+00,-3.248888345790e+02,1.765789771818e+00,-3.248705288605e+02,1.766404272690e+00
2186,17342,6350830078.125000,2.240570308183e+02,4.481140616365e+01,2.342800893613e+02,1.264991117146e+01,2.339387727748e+02,1.250878368024e+01,2.339255916668e+02,1.250756331075e+01
2187,17343,6351196289.062500,2.240570308183e+02,1.344342184910e+02,2.471131719466e+02,1.043920957107e+02,2.468136661656e+02,1.041134904721e+02,2.467999278691e+02,1.041070563326e+02
2188,17344,6351562500.000000,-3.136798431456e+02,3.136798431456e+02,-2.744396911203e+02,3.633475540495e+02,-2.738711736956e+02,3.629894227255e+02,-2.738548430605e+02,3.629694371994e+02
2189,17345,6351928710.937500,-1.344342184910e+02,3.136798431456e+02,-9.294133398540e+01,3.376734011249e+02,-9.264159270700e+01,3.372736808445e+02,-9.263558563343e+01,3.372547132994e+02
2190,17346,6352294921.875000,4.481140616365e+01,3.136798431456e+02,8.877910374081e+01,3.128087733985e+02,8.882931072106e+01,3.123636304603e+02,8.882493696723e+01,3.123456413191e+02
2191,17347,6352661132.812500,-1.344342184910e+02,3.136798431456e+02,-9.400931528806e+01,3.373507591155e+02,-9.371822025595e+01,3.369876066478e+02,-9.371212950181e+01,3.369685746233e+02
2192,17348,6353027343.750000,-3.136798431456e+02,3.136798431456e+02,-2.769236305495e+02,3.612742523968e+02,-2.764111348441e+02,3.609965078050e+02,-2.763945282008e+02,3.609764628406e+02
2193,17349,6353393554.687500,4.481140616365e+01,2.240570308183e+02,7.479992959898e+01,2.221181788520e+02,7.483246586997e+01,2.218311594174e+02,7.482866326042e+01,2.218182775115e+02
2194,17350,6353759765.625000,2.240570308183e+02,4.481140616365e+01,2.336462328950e+02,1.730665892297e+01,2.334068442448e+02,1.716619517375e+01,2.333934731852e+02,1.716469607619e+01
2195,17351,6354125976.562500,4.481140616365e+01,-2.240570308183e+02,1.811844644184e+01,-2.334986096188e+02,1.797815173054e+01,-2.332721943507e+02,1.797660417387e+01,-2.332588054367e+02
2196,17352,6354492187.500000,-3.136798431456e+02,1.344342184910e+02,-3.030645853282e+02,1.744270166071e+02,-3.026833989926e+02,1.744184234264e+02,-3.026655564683e+02,1.744090278878e+02
2197,17353,6354858398.437500,2.240570308183e+02,-4.481140616365e+01,2.227294582615e+02,-7.187298678523e+01,2.224905891608e+02,-7.192440147932e+01,2.224775720042e+02,-7.192073346916e+01
2198,17354,6355224609.375000,-1.344342184910e+02,2.240570308183e+02,-1.109160426945e+02,2.435864120553e+02,-1.106944177132e+02,2.434371798562e+02,-1.106874724863e+02,2.434233258041e+02
2199,17355,6355590820.312500,-4.481140616365e+01,2.240570308183e+02,-1.993846332595e+01,2.332778451438e+02,-1.980066556834e+01,2.331022858863e+02,-1.979900444358e+01,2.330888044785e+02
2200,17356,6355957031.250000,-2.240570308183e+02,3.136798431456e+02,-1.925801879647e+02,3.450040506564e+02,-1.922566441323e+02,3.448480640977e+02,-1.922447100368e+02,3.448284398924e+02
2201,17357,6356323242.187500,-2.240570308183e+02,1.344342184910e+02,-2.135159378790e+02,1.616935964182e+02,-2.132840279417e+02,1.616935543604e+02,-2.132712506846e+02,1.616846058406e+02
2202,17358,6356689453.125000,-1.344342184910e+02,-2.240570308183e+02,-1.608974561661e+02,-2.141165467316e+02,-1.609068950029e+02,-2.138960934337e+02,-1.608979762903e+02,-2.138832591891e+02
2203,17359,6357055664.062500,2.240570308183e+02,1.344342184910e+02,2.422974873751e+02,1.141060734864e+02,2.422158010933e+02,1.139128756096e+02,2.422018925708e+02,1.139056844809e+02
2204,17360,6357421875.000000,2.240570308183e+02,3.136798431456e+02,2.595380473447e+02,2.977815998104e+02,2.595562351452e+02,2.974882203002e+02,2.595416891248e+02,2.974702288064e+02
2205,17361,6357788085.937500,4.481140616365e+01,2.240570308183e+02,6.701987162944e+01,2.242827322262e+02,6.710521197051e+01,2.241409490464e+02,6.710176785732e+01,2.241276524996e+02
2206,17362,6358154296.875000,-3.136798431456e+02,1.344342184910e+02,-3.075562562880e+02,1.661709750146e+02,-3.073395304902e+02,1.662615904749e+02,-3.073211038092e+02,1.662524952469e+02
2207,17363,6358520507.812500,-4.481140616365e+01,2.240570308183e+02,-2.519603029462e+01,2.327080131171e+02,-2.506509050221e+01,2.326354451116e+02,-2.506310374634e+01,2.326218055213e+02
2208,17364,6358886718.750000,3.136798431456e+02,4.481140616365e+01,3.241538239112e+02,1.728775211728e+01,3.240608779303e+02,1.711284096700e+01,3.240418066334e+02,1.711111972274e+01
2209,17365,6359252929.687500,1.344342184910e+02,1.344342184910e+02,1.490035771068e+02,1.254272559640e+02,1.490303038755e+02,1.253166461396e+02,1.490217767796e+02,1.253089167928e+02
2210,17366,6359619140.625000,-2.240570308183e+02,-1.344342184910e+02,-2.400208262844e+02,-1.184780281685e+02,-2.400331313016e+02,-1.183280235409e+02,-2.400191905542e+02,-1.183204955536e+02
2211,17367,6359985351.562500,-1.344342184910e+02,-1.344342184910e+02,-1.480314683508e+02,-1.265472005855e+02,-1.480750091507e+02,-1.264504490501e+02,-1.480665125549e+02,-1.264426305682e+02
2212,17368,6360351562.500000,-2.240570308183e+02,3.136798431456e+02,-2.043407313825e+02,3.379420969084e+02,-2.041438061940e+02,3.380155347467e+02,-2.041309472756e+02,3.379959218725e+02
2213,17369,6360717773.437500,-2.240570308183e+02,2.240570308183e+02,-2.117660963006e+02,2.460875198917e+02,-2.116279042342e+02,2.461872250787e+02,-2.116147833792e+02,2.461730559941e+02
2214,17370,6361083984.375000,4.481140616365e+01,-2.240570308183e+02,2.897931439609e+01,-2.323184412426e+02,2.885808242634e+01,-2.323357349042e+02,2.885585380847e+01,-2.323219664164e+02
2215,17371,6361450195.312500,-2.240570308183e+02,-3.136798431456e+02,-2.520068663291e+02,-3.039534783898e+02,-2.521817881804e+02,-3.038409144919e+02,-2.521674199040e+02,-3.038222442054e+02
2216,17372,6361816406.250000,1.344342184910e+02,-1.344342184910e+02,1.275856900372e+02,-1.470247084956e+02,1.275237707971e+02,-1.471087038844e+02,1.275158328568e+02,-1.471002000226e+02
2217,17373,6362182617.187500,4.481140616365e+01,-2.240570308183e+02,3.004351282050e+01,-2.319674011089e+02,2.992733242315e+01,-2.320229130510e+02,2.992503293151e+01,-2.320091042539e+02
2218,17374,6362548828.125000,2.240570308183e+02,2.240570308183e+02,2.439121263755e+02,2.137716652503e+02,2.440790093920e+02,2.136923316764e+02,2.440648627225e+02,2.136789986738e+02
2219,17375,6362915039.062500,3.136798431456e+02,-1.344342184910e+02,3.117506538875e+02,-1.575023608002e+02,3.117555293438e+02,-1.577095352031e+02,3.117364877083e+02,-1.577007629377e+02
2220,17376,6363281250.000000,-3.136798431456e+02,-4.481140616365e+01,-3.232459543948e+02,-2.639006646333e+01,-3.233677722343e+02,-2.622977747593e+01,-3.233484118918e+02,-2.622749177096e+01
2221,17377,6363647460.937500,3.136798431456e+02,-1.344342184910e+02,3.125777626767e+02,-1.560162000842e+02,3.126175372723e+02,-1.562403288045e+02,3.125983962485e+02,-1.562316210858e+02
2222,17378,6364013671.875000,3.136798431456e+02,-2.240570308183e+02,3.078838488409e+02,-2.469048003407e+02,3.078909448815e+02,-2.471751760735e+02,3.078718638371e+02,-2.471609704778e+02
2223,17379,6364379882.812500,-2.240570308183e+02,1.344342184910e+02,-2.217758367988e+02,1.496494539075e+02,-2.218077338582e+02,1.498398556475e+02,-2.217940324710e+02,1.498313097068e+02
2224,17380,6364746093.750000,-2.240570308183e+02,-1.344342184910e+02,-2.361227114943e+02,-1.258657050720e+02,-2.363187167866e+02,-1.258115234269e+02,-2.363047283248e+02,-1.258034097172e+02
2225,17381,6365112304.687500,-2.240570308183e+02,3.136798431456e+02,-2.136702399139e+02,3.319290877459e+02,-2.136259109150e+02,3.322418686960e+02,-2.136122696848e+02,3.322222581549e+02
2226,17382,6365478515.625000,2.240570308183e+02,-3.136798431456e+02,2.143287708190e+02,-3.314057107106e+02,2.142967413317e+02,-3.317365181370e+02,2.142830449724e+02,-3.317169153143e+02
2227,17383,6365844726.562500,-4.481140616365e+01,-3.136798431456e+02,-5.996780436543e+01,-3.187591795955e+02,-6.017744726530e+01,-3.189554035708e+02,-6.017450247229e+01,-3.189359480883e+02
2228,17384,6366210937.500000,-2.240570308183e+02,1.344342184910e+02,-2.232916501162e+02,1.471410424004e+02,-2.233862041810e+02,1.473709637763e+02,-2.233723312548e+02,1.473625161790e+02
2229,17385,6366577148.437500,4.481140616365e+01,4.481140616365e+01,4.767617434780e+01,4.395217536880e+01,4.773839980327e+01,4.396337822591e+01,4.773559765446e+01,4.396060378121e+01
2230,17386,6366943359.375000,-4.481140616365e+01,2.240570308183e+02,-3.686899541560e+01,2.308287842965e+02,-3.678050302451e+01,2.310505062481e+02,-3.677775942311e+01,2.310365417507e+02
2231,17387,6367309570.312500,1.344342184910e+02,-3.136798431456e+02,1.254101597226e+02,-3.257433572507e+02,1.253564306715e+02,-3.261123488074e+02,1.253480854942e+02,-3.260927788416e+02
2232,17388,6367675781.250000,1.344342184910e+02,-1.344342184910e+02,1.324630121059e+02,-1.422925067782e+02,1.325190680968e+02,-1.425020827837e+02,1.325106820420e+02,-1.424936929571e+02
2233,17389,6368041992.187500,4.481140616365e+01,-2.240570308183e+02,3.802118165073e+01,-2.304778491393e+02,3.794005581177e+01,-2.307374050580e+02,3.793723511345e+01,-2.307234177639e+02
2234,17390,6368408203.125000,3.136798431456e+02,-1.344342184910e+02,3.163144779714e+02,-1.470381715514e+02,3.165835654718e+02,-1.473646478993e+02,3.165639166244e+02,-1.473563481338e+02
2235,17391,6368774414.062500,-2.240570308183e+02,3.136798431456e+02,-2.203654577422e+02,3.265242186267e+02,-2.204475468584e+02,3.270145520598e+02,-2.204333584725e+02,3.269950553278e+02
2236,17392,6369140625.000000,2.240570308183e+02,4.481140616365e+01,2.299635150526e+02,4.035520845743e+01,2.302611900601e+02,4.028332738967e+01,2.302471958725e+02,4.028035765479e+01
2237,17393,6369506835.937500,4.481140616365e+01,-3.136798431456e+02,3.873091432354e+01,-3.214715510024e+02,3.861125652734e+01,-3.218958505347e+02,3.860818550542e+01,-3.218762301795e+02
2238,17394,6369873046.875000,3.136798431456e+02,-3.136798431456e+02,3.139864379199e+02,-3.270072710044e+02,3.142268252926e+02,-3.276003937801e+02,3.142068524090e+02,-3.275810119522e+02
2239,17395,6370239257.812500,1.344342184910e+02,-2.240570308183e+02,1.329347900610e+02,-2.315020023605e+02,1.329950307397e+02,-2.318876552877e+02,1.329863653469e+02,-2.318737272517e+02
2240,17396,6370605468.750000,-4.481140616365e+01,3.136798431456e+02,-3.988997636292e+01,3.211171374036e+02,-3.977841672987e+01,3.215937919660e+02,-3.977526857199e+01,3.215741413220e+02
2241,17397,6370971679.687500,1.344342184910e+02,-1.344342184910e+02,1.348088925587e+02,-1.395975719948e+02,1.349344098229e+02,-1.398738651592e+02,1.349258139833e+02,-1.398655698224e+02
2242,17398,6371337890.625000,-4.481140616365e+01,3.136798431456e+02,-4.098261518926e+01,3.208388587881e+02,-4.087716895017e+01,3.213504132230e+02,-4.087394986250e+01,3.213307482659e+02
2243,17399,6371704101.562500,3.136798431456e+02,3.136798431456e+02,3.240648097671e+02,3.163137796342e+02,3.247430324238e+02,3.166443094978e+02,3.247237497025e+02,3.166241155204e+02
2244,17400,6372070312.500000,-3.136798431456e+02,1.344342184910e+02,-3.189083347474e+02,1.402773427807e+02,-3.193564625497e+02,1.406738368566e+02,-3.193364917613e+02,1.406658778775e+02
2245,17401,6372436523.437500,-1.344342184910e+02,4.481140616365e+01,-1.368921245084e+02,4.677768508700e+01,-1.370989123587e+02,4.692843324789e+01,-1.370903625460e+02,4.692584326593e+01
2246,17402,6372802734.375000,2.240570308183e+02,2.240570308183e+02,2.299969494586e+02,2.274627547261e+02,2.305171260534e+02,2.277388541260e+02,2.305034146342e+02,2.277243069400e+02
2247,17403,6373168945.312500,3.136798431456e+02,4.481140616365e+01,3.204579709526e+02,4.441744955811e+01,3.210572515503e+02,4.432939416425e+01,3.210375420823e+02,4.432595381631e+01
2248,17404,6373535156.250000,-1.344342184910e+02,-2.240570308183e+02,-1.381013946740e+02,-2.283481702207e+02,-1.384767068598e+02,-2.286985580744e+02,-1.384686610626e+02,-2.286841358472e+02
2249,17405,6373901367.187500,-4.481140616365e+01,-1.344342184910e+02,-4.617133747433e+01,-1.372081415588e+02,-4.633119379157e+01,-1.374453492028e+02,-4.632863401776e+01,-1.374367575567e+02
2250,17406,6374267578.125000,-1.344342184910e+02,-4.481140616365e+01,-1.374126586048e+02,-4.567492115045e+01,-1.377057705496e+02,-4.569238928333e+01,-1.376973601443e+02,-4.568926267499e+01
2251,17407,6374633789.062500,-2.240570308183e+02,3.136798431456e+02,-2.295410446516e+02,3.202355740592e+02,-2.298352098832e+02,3.210003727991e+02,-2.298202918331e+02,3.209810277512e+02
2252,17408,6375000000.000000,-3.136798431456e+02,4.481140616365e+01,-3.208785949679e+02,4.447944328939e+01,-3.215183099915e+02,4.473950959468e+01,-3.214983191206e+02,4.473744809286e+01
2253,17409,6375366210.937500,4.481140616365e+01,4.481140616365e+01,4.555504916265e+01,4.606244792884e+01,4.567576130005e+01,4.613622014301e+01,4.567303529637e+01,4.613326387234e+01
2254,17410,6375732421.875000,3.136798431456e+02,2.240570308183e+02,3.190490299251e+02,2.312426587882e+02,3.198636579234e+02,2.315780297327e+02,3.198443575497e+02,2.315629850874e+02
2255,17411,6376098632.812500,-3.136798431456e+02,-2.240570308183e+02,-3.187269082335e+02,-2.316036173371e+02,-3.195580782714e+02,-2.319523195802e+02,-3.195387888917e+02,-2.319372460729e+02
2256,17412,6376464843.750000,1.344342184910e+02,1.344342184910e+02,1.361343568081e+02,1.385876764356e+02,1.365174317436e+02,1.388323444207e+02,1.365092750065e+02,1.388234390947e+02
2257,17413,6376831054.687500,-2.240570308183e+02,1.344342184910e+02,-2.302109546261e+02,1.351012082523e+02,-2.306773739405e+02,1.355371678813e+02,-2.306627723366e+02,1.355292704781e+02
2258,17414,6377197265.625000,3.136798431456e+02,-1.344342184910e+02,3.220187188525e+02,-1.335014604819e+02,3.227173812218e+02,-1.339889346352e+02,3.226970686090e+02,-1.339813324970e+02
2259,17415,6377563476.562500,-4.481140616365e+01,-2.240570308183e+02,-4.228461335813e+01,-2.295405433872e+02,-4.250813294348e+01,-2.300784947894e+02,-4.250600089750e+01,-2.300641248327e+02
2260,17416,6377929687.500000,-3.136798431456e+02,4.481140616365e+01,-3.212215561063e+02,3.981909977625e+01,-3.220015853676e+02,4.008679204578e+01,-3.219815106985e+02,4.008501148984e+01
2261,17417,6378295898.437500,-2.240570308183e+02,-3.136798431456e+02,-2.225015970873e+02,-3.249393822282e+02,-2.232385379750e+02,-3.256501389725e+02,-2.232253933643e+02,-3.256294296887e+02
2262,17418,6378662109.375000,2.240570308183e+02,-2.240570308183e+02,2.336014013861e+02,-2.241657894572e+02,2.340910751282e+02,-2.248709613907e+02,2.340760432277e+02,-2.248575106903e+02
2263,17419,6379028320.312500,2.240570308183e+02,2.240570308183e+02,2.239768667084e+02,2.338206497443e+02,2.246935169671e+02,2.343233549450e+02,2.246800746506e+02,2.343083057280e+02
2264,17420,6379394531.250000,-4.481140616365e+01,4.481140616365e+01,-4.684244553948e+01,4.466897155922e+01,-4.694573325822e+01,4.481436785164e+01,-4.694271807492e+01,4.481168673825e+01
2265,17421,6379760742.187500,2.240570308183e+02,1.344342184910e+02,2.250902057592e+02,1.431392730699e+02,2.257860226228e+02,1.434159792483e+02,2.257723074933e+02,1.434065712266e+02
2266,17422,6380126953.125000,1.344342184910e+02,-3.136798431456e+02,1.461890784429e+02,-3.161656170429e+02,1.464341197225e+02,-3.171308461485e+02,1.464243221131e+02,-3.171114586796e+02
2267,17423,6380493164.062500,2.240570308183e+02,-1.344342184910e+02,2.328215245045e+02,-1.302456602087e+02,2.334197752601e+02,-1.307406590919e+02,2.334049795333e+02,-1.307330457476e+02
2268,17424,6380859375.000000,4.481140616365e+01,-4.481140616365e+01,4.723035226226e+01,-4.425326502675e+01,4.734483765387e+01,-4.440705440176e+01,4.734179704596e+01,-4.440439804234e+01
2269,17425,6381225585.937500,1.344342184910e+02,2.240570308183e+02,1.298121664808e+02,2.330856577944e+02,1.303196800785e+02,2.337093126860e+02,1.303120923329e+02,2.336944977287e+02
2270,17426,6381591796.875000,-3.136798431456e+02,-4.481140616365e+01,-3.185566992298e+02,-5.547065276802e+01,-3.195478459277e+02,-5.547107409195e+01,-3.195281024456e+02,-5.546692338144e+01
2271,17427,6381958007.812500,-1.344342184910e+02,4.481140616365e+01,-1.383629642619e+02,4.174349806773e+01,-1.387661413078e+02,4.194432450115e+01,-1.387574223915e+02,4.194202187774e+01
2272,17428,6382324218.750000,-1.344342184910e+02,-3.136798431456e+02,-1.272487810024e+02,-3.240850529431e+02,-1.278163528633e+02,-3.250308087737e+02,-1.278091213059e+02,-3.250103220065e+02
2273,17429,6382690429.687500,-2.240570308183e+02,3.136798431456e+02,-2.392025676245e+02,3.123854495923e+02,-2.397984217552e+02,3.135031286039e+02,-2.397828262461e+02,3.134841673204e+02
2274,17430,6383056640.625000,2.240570308183e+02,-4.481140616365e+01,2.302375129995e+02,-3.762476564584e+01,2.309609740413e+02,-3.786701547927e+01,2.309465347581e+02,-3.786516929665e+01
2275,17431,6383422851.562500,-3.136798431456e+02,4.481140616365e+01,-3.215786124812e+02,3.425242011092e+01,-3.226153182365e+02,3.453348765177e+01,-3.225951913765e+02,3.453205032174e+01
2276,17432,6383789062.500000,4.481140616365e+01,-1.344342184910e+02,5.064664193864e+01,-1.354129566663e+02,5.074430632099e+01,-1.358906310451e+02,5.074085429136e+01,-1.358822979187e+02
2277,17433,6384155273.437500,4.481140616365e+01,-1.344342184910e+02,5.076574721925e+01,-1.353415245170e+02,5.086645546394e+01,-1.358259917266e+02,5.086299650249e+01,-1.358176642656e+02
2278,17434,6384521484.375000,2.240570308183e+02,3.136798431456e+02,2.159809170180e+02,3.286336125336e+02,2.168950790767e+02,3.296488372481e+02,2.168823298010e+02,3.296278825418e+02
2279,17435,6384887695.312500,1.344342184910e+02,1.344342184910e+02,1.314847155990e+02,1.426034993913e+02,1.320178239870e+02,1.430315187723e+02,1.320099390587e+02,1.430223453725e+02
2280,17436,6385253906.250000,3.136798431456e+02,-2.240570308183e+02,3.292456211936e+02,-2.151064930272e+02,3.302970885412e+02,-2.160400040605e+02,3.302761050704e+02,-2.160273156237e+02
2281,17437,6385620117.187500,-3.136798431456e+02,2.240570308183e+02,-3.293715413797e+02,2.148744309939e+02,-3.304403598093e+02,2.158181494375e+02,-3.304193736242e+02,2.158054788099e+02
2282,17438,6385986328.125000,-2.240570308183e+02,2.240570308183e+02,-2.381542559206e+02,2.185609566224e+02,-2.389060067535e+02,2.194811429790e+02,-2.388906990064e+02,2.194680479917e+02
2283,17439,6386352539.062500,3.136798431456e+02,4.481140616365e+01,3.176884992443e+02,5.978679981057e+01,3.188918275021e+02,5.984059482165e+01,3.188721766610e+02,5.983618184134e+01
2284,17440,6386718750.000000,-1.344342184910e+02,1.344342184910e+02,-1.432418982500e+02,1.307950746881e+02,-1.437088993645e+02,1.313593816806e+02,-1.436996990050e+02,1.313515516242e+02
2285,17441,6387084960.937500,-3.136798431456e+02,1.344342184910e+02,-3.260037959172e+02,1.223414077398e+02,-3.271751186266e+02,1.229762180760e+02,-3.271545675439e+02,1.229693140558e+02
2286,17442,6387451171.875000,-4.481140616365e+01,-1.344342184910e+02,-3.966884590459e+01,-1.390205236914e+02,-3.989416871396e+01,-1.395335736651e+02,-3.989200344621e+01,-1.395248402813e+02
2287,17443,6387817382.812500,-4.481140616365e+01,1.344342184910e+02,-5.139024718303e+01,1.351118978298e+02,-5.151924058080e+01,1.356645184725e+02,-5.151575167790e+01,1.356562295045e+02
2288,17444,6388183593.750000,3.136798431456e+02,4.481140616365e+01,3.176643920424e+02,5.908654747606e+01,3.189471389758e+02,5.915258573858e+01,3.189275249372e+02,5.914822305928e+01
2289,17445,6388549804.687500,-2.240570308183e+02,2.240570308183e+02,-2.382950761759e+02,2.178999108577e+02,-2.391315188742e+02,2.188945041099e+02,-2.391162422479e+02,2.188814861396e+02
2290,17446,6388916015.625000,2.240570308183e+02,-3.136798431456e+02,2.430398707811e+02,-3.082873817842e+02,2.438598549433e+02,-3.096604582018e+02,2.438440944455e+02,-3.096418450793e+02
2291,17447,6389282226.562500,1.344342184910e+02,-1.344342184910e+02,1.435113862569e+02,-1.300150792487e+02,1.440299966754e+02,-1.306221305472e+02,1.440208080579e+02,-1.306143741529e+02
2292,17448,6389648437.500000,-1.344342184910e+02,-2.240570308183e+02,-1.251618544592e+02,-2.350046952599e+02,-1.258032887825e+02,-2.359116111603e+02,-1.257960367877e+02,-2.358967632630e+02
2293,17449,6390014648.437500,-1.344342184910e+02,3.136798431456e+02,-1.536977725442e+02,3.121007570922e+02,-1.541775586432e+02,3.134885632489e+02,-1.541673527132e+02,3.134695511620e+02
2294,17450,6390380859.375000,-3.136798431456e+02,-2.240570308183e+02,-3.071628574478e+02,-2.448474019078e+02,-3.085929228460e+02,-2.457235191979e+02,-3.085744266974e+02,-2.457076831151e+02
2295,17451,6390747070.312500,-2.240570308183e+02,-1.344342184910e+02,-2.206886130063e+02,-1.487834715788e+02,-2.217126179713e+02,-1.493052404212e+02,-2.216992787470e+02,-1.492955493632e+02
2296,17452,6391113281.250000,4.481140616365e+01,-1.344342184910e+02,5.281706759403e+01,-1.343003634519e+02,5.297547078854e+01,-1.349102513069e+02,5.297191102471e+01,-1.349020572557e+02
2297,17453,6391479492.187500,-2.240570308183e+02,-2.240570308183e+02,-2.156923177371e+02,-2.400826784441e+02,-2.167638458358e+02,-2.410217087618e+02,-2.167510328728e+02,-2.410063966168e+02
2298,17454,6391845703.125000,-4.481140616365e+01,1.344342184910e+02,-5.297215506471e+01,1.342865178231e+02,-5.313636312849e+01,1.349094400094e+02,-5.313279846705e+01,1.349012590859e+02
2299,17455,6392211914.062500,-2.240570308183e+02,3.136798431456e+02,-2.452360830579e+02,3.066423016037e+02,-2.461735850331e+02,3.081447993658e+02,-2.461577790838e+02,3.081264030886e+02
2300,17456,6392578125.000000,-4.481140616365e+01,2.240570308183e+02,-5.800653814357e+01,2.253180759014e+02,-5.815080471985e+01,2.263687236421e+02,-5.814673656864e+01,2.263549515032e+02
2301,17457,6392944335.937500,1.344342184910e+02,-3.136798431456e+02,1.541321302639e+02,-3.113255743712e+02,1.546738024686e+02,-3.128310255495e+02,1.546636257175e+02,-3.128121731879e+02
2302,17458,6393310546.875000,1.344342184910e+02,-2.240570308183e+02,1.496332172159e+02,-2.199541444981e+02,1.502094284707e+02,-2.210496386050e+02,1.501997356472e+02,-2.210364195196e+02
2303,17459,6393676757.812500,-4.481140616365e+01,1.344342184910e+02,-5.368826261187e+01,1.339543982785e+02,-5.386863451586e+01,1.346082495626e+02,-5.386503993090e+01,1.346001248901e+02
2304,17460,6394042968.750000,2.240570308183e+02,1.344342184910e+02,2.193956604797e+02,1.507058488752e+02,2.205099124592e+02,1.513015679837e+02,2.204967545825e+02,1.512918270557e+02
2305,17461,6394409179.687500,2.240570308183e+02,1.344342184910e+02,2.196453972098e+02,1.504264555501e+02,2.207710161031e+02,1.510277957612e+02,2.207578551513e+02,1.510180802437e+02
2306,17462,6394775390.625000,2.240570308183e+02,1.344342184910e+02,2.198947813697e+02,1.501466585892e+02,2.210317449025e+02,1.507535619437e+02,2.210185813457e+02,1.507438721162e+02
2307,17463,6395141601.562500,2.240570308183e+02,-2.240570308183e+02,2.411218754060e+02,-2.147619463451e+02,2.421804591990e+02,-2.159320411004e+02,2.421652143327e+02,-2.159194038370e+02
2308,17464,6395507812.500000,3.136798431456e+02,2.240570308183e+02,3.058958994836e+02,2.462766229162e+02,3.075256696753e+02,2.473237851141e+02,3.075074780602e+02,2.473080418020e+02
2309,17465,6395874023.437500,3.136798431456e+02,2.240570308183e+02,3.058530580315e+02,2.461594053064e+02,3.074967001868e+02,2.472173861679e+02,3.074785312310e+02,2.472016663879e+02
2310,17466,6396240234.375000,3.136798431456e+02,4.481140616365e+01,3.163676241406e+02,6.390750552203e+01,3.179820964473e+02,6.406056990053e+01,3.179629093701e+02,6.405597732591e+01
2311,17467,6396606445.312500,2.240570308183e+02,3.136798431456e+02,2.095499608362e+02,3.322072487189e+02,2.107812886242e+02,3.337723541647e+02,2.107692255149e+02,3.337516275272e+02
2312,17468,6396972656.250000,4.481140616365e+01,3.136798431456e+02,2.719784672270e+01,3.218143390006e+02,2.750539758676e+01,3.234375508916e+02,2.750444055218e+01,3.234178785182e+02
2313,17469,6397338867.187500,-1.344342184910e+02,-3.136798431456e+02,-1.184497738580e+02,-3.267791542694e+02,-1.192296383273e+02,-3.283944841597e+02,-1.192231395053e+02,-3.283743347151e+02
2314,17470,6397705078.125000,1.344342184910e+02,3.136798431456e+02,1.185090980550e+02,3.264541372948e+02,1.192944534757e+02,3.280825009029e+02,1.192879593782e+02,3.280623958828e+02
2315,17471,6398071289.062500,-4.481140616365e+01,3.136798431456e+02,-6.342314233993e+01,3.159620710044e+02,-6.358834640391e+01,3.176459298720e+02,-6.358380754257e+01,3.176268834359e+02
2316,17472,6398437500.000000,-4.481140616365e+01,4.481140616365e+01,-4.806007642698e+01,4.297563196747e+01,-4.829068563184e+01,4.322731448731e+01,-4.828767778836e+01,4.322481317977e+01
2317,17473,6398803710.937500,-2.240570308183e+02,-4.481140616365e+01,-2.251383089680e+02,-5.815472066000e+01,-2.263650265809e+02,-5.834532413438e+01,-2.263515196985e+02,-5.834131224728e+01
2318,17474,6399169921.875000,3.136798431456e+02,2.240570308183e+02,3.061928764316e+02,2.452479519271e+02,3.079621419694e+02,2.464007901560e+02,3.079441598229e+02,2.463852926091e+02
2319,17475,6399536132.812500,-3.136798431456e+02,2.240570308183e+02,-3.311670941330e+02,2.101110348779e+02,-3.328452924291e+02,2.114199998317e+02,-3.328248367420e+02,2.114080331560e+02
2320,17476,6399902343.750000,-4.481140616365e+01,-2.240570308183e+02,-3.305583816015e+01,-2.300492382281e+02,-3.335678875819e+01,-2.312844446906e+02,-3.335529657395e+01,-2.312705009522e+02
2321,17477,6400268554.687500,-2.240570308183e+02,-4.481140616365e+01,-2.250668046787e+02,-5.807755511273e+01,-2.263325944476e+02,-5.827795508784e+01,-2.263191698263e+02,-5.827396804616e+01
2322,17478,6400634765.625000,-4.481140616365e+01,-2.240570308183e+02,-3.280203806146e+01,-2.301737922578e+02,-3.310452838074e+01,-2.314297772581e+02,-3.310305778566e+01,-2.314158682914e+02
2323,17479,6401000976.562500,-3.136798431456e+02,-3.136798431456e+02,-3.007115381252e+02,-3.367891231265e+02,-3.025650082781e+02,-3.385084546880e+02,-3.025476920344e+02,-3.384875841636e+02
2324,17480,6401367187.500000,3.136798431456e+02,-3.136798431456e+02,3.365384873537e+02,-3.010968517219e+02,3.382706001454e+02,-3.029652181570e+02,3.382497759675e+02,-3.029479070835e+02
2325,17481,6401733398.437500,1.344342184910e+02,2.240570308183e+02,1.242343491780e+02,2.352330905378e+02,1.250612184388e+02,2.364991412702e+02,1.250542979123e+02,2.364847964209e+02
2326,17482,6402099609.375000,4.481140616365e+01,-2.240570308183e+02,5.785399226143e+01,-2.253204936440e+02,5.806537274485e+01,-2.266357261446e+02,5.806142611464e+01,-2.266223935523e+02
2327,17483,6402465820.312500,4.481140616365e+01,-4.481140616365e+01,4.801817558909e+01,-4.305060885212e+01,4.827135262603e+01,-4.332315230652e+01,4.826839551791e+01,-4.332068985283e+01
2328,17484,6402832031.250000,4.481140616365e+01,2.240570308183e+02,3.297301106219e+01,2.300717181732e+02,3.328480527024e+01,2.313855248818e+02,3.328334388839e+01,2.313717578111e+02
2329,17485,6403198242.187500,-3.136798431456e+02,2.240570308183e+02,-3.309131565200e+02,2.102275240456e+02,-3.327308863529e+02,2.116266421200e+02,-3.327107652728e+02,2.116148715211e+02
2330,17486,6403564453.125000,-1.344342184910e+02,-3.136798431456e+02,-1.198371564531e+02,-3.257658270203e+02,-1.207117807378e+02,-3.276145209727e+02,-1.207053828863e+02,-3.275949377947e+02
2331,17487,6403930664.062500,4.481140616365e+01,3.136798431456e+02,2.941525138750e+01,3.209603779068e+02,2.975792318446e+01,3.228415652527e+02,2.975688128611e+01,3.228224993710e+02
2332,17488,6404296875.000000,-4.481140616365e+01,-4.481140616365e+01,-4.327018276079e+01,-4.775740407528e+01,-4.355276331253e+01,-4.801879469602e+01,-4.355031052801e+01,-4.801587833847e+01
2333,17489,6404663085.937500,-3.136798431456e+02,-4.481140616365e+01,-3.163135309195e+02,-6.085045812993e+01,-3.182403602919e+02,-6.104855496420e+01,-3.182218375941e+02,-6.104427662939e+01
2334,17490,6405029296.875000,3.136798431456e+02,3.136798431456e+02,3.034160399674e+02,3.334445596563e+02,3.054211876140e+02,3.352957175823e+02,3.054040549840e+02,3.352754290343e+02
2335,17491,6405395507.812500,1.344342184910e+02,-4.481140616365e+01,1.386396296104e+02,-3.911253353588e+01,1.394606140779e+02,-3.942289822485e+01,1.394523845860e+02,-3.942090286868e+01
2336,17492,6405761718.750000,3.136798431456e+02,2.240570308183e+02,3.080361434119e+02,2.423897054090e+02,3.100456734908e+02,2.437085395698e+02,3.100281436918e+02,2.436936581011e+02
2337,17493,6406127929.687500,-4.481140616365e+01,4.481140616365e+01,-4.761739009221e+01,4.343308066298e+01,-4.788732772377e+01,4.372519985903e+01,-4.788444730295e+01,4.372276276479e+01
2338,17494,6406494140.625000,-4.481140616365e+01,2.240570308183e+02,-5.579014188822e+01,2.255802319862e+02,-5.601665365779e+01,2.270054232949e+02,-5.601290482278e+01,2.269923760086e+02
2339,17495,6406860351.562500,-4.481140616365e+01,-3.136798431456e+02,-3.143504653669e+01,-3.207086184276e+02,-3.179954033498e+01,-3.226889222549e+02,-3.179840858064e+01,-3.226701717509e+02
2340,17496,6407226562.500000,3.136798431456e+02,-1.344342184910e+02,3.247966764921e+02,-1.227145820048e+02,3.267668390616e+02,-1.236542732898e+02,3.267476929308e+02,-1.236478489899e+02
2341,17497,6407592773.437500,-3.136798431456e+02,-1.344342184910e+02,-3.131119332071e+02,-1.505571447300e+02,-3.151646075677e+02,-1.513412732741e+02,-3.151467773598e+02,-1.513318589434e+02
2342,17498,6407958984.375000,4.481140616365e+01,-3.136798431456e+02,5.933386799019e+01,-3.172859495000e+02,5.954308041567e+01,-3.193288844661e+02,5.953895517137e+01,-3.193106551718e+02
2343,17499,6408325195.312500,2.240570308183e+02,3.136798431456e+02,2.144571521976e+02,3.287548143461e+02,2.159979342424e+02,3.307386581553e+02,2.159862713201e+02,3.307192121462e+02
2344,17500,6408691406.250000,-3.136798431456e+02,-3.136798431456e+02,-3.057246701795e+02,-3.321822744197e+02,-3.078606781037e+02,-3.341522515153e+02,-3.078437957425e+02,-3.341324537934e+02
2345,17501,6409057617.187500,1.344342184910e+02,3.136798431456e+02,1.236733511632e+02,3.243550182250e+02,1.246419646552e+02,3.263825245326e+02,1.246355669318e+02,3.263636196209e+02
2346,17502,6409423828.125000,-2.240570308183e+02,-1.344342184910e+02,-2.222713255766e+02,-1.456066305550e+02,-2.237900689368e+02,-1.464343315681e+02,-2.237776477562e+02,-1.464255015525e+02
2347,17503,6409790039.062500,-3.136798431456e+02,-3.136798431456e+02,-3.064298944520e+02,-3.309335268116e+02,-3.086032840162e+02,-3.329312793147e+02,-3.085864876141e+02,-3.329116913020e+02
2348,17504,6410156250.000000,-2.240570308183e+02,-2.240570308183e+02,-2.191934755389e+02,-2.360827632294e+02,-2.207556439833e+02,-2.375160625184e+02,-2.207436596390e+02,-2.375021215655e+02
2349,17505,6410522460.937500,2.240570308183e+02,2.240570308183e+02,2.196519277248e+02,2.357791827052e+02,2.212247373629e+02,2.372186062389e+02,2.212127584828e+02,2.372047161632e+02
2350,17506,6410888671.875000,-2.240570308183e+02,-3.136798431456e+02,-2.170370290998e+02,-3.265916687320e+02,-2.186480291888e+02,-3.286428812619e+02,-2.186364295784e+02,-3.286238802094e+02
2351,17507,6411254882.812500,-4.481140616365e+01,-2.240570308183e+02,-3.817304661324e+01,-2.292815170670e+02,-3.854819032064e+01,-2.307896526553e+02,-3.854653098718e+01,-2.307765969276e+02
2352,17508,6411621093.750000,-4.481140616365e+01,1.344342184910e+02,-4.983604745848e+01,1.352460160421e+02,-5.009873273279e+01,1.361783706362e+02,-5.009562549441e+01,1.361708480978e+02
2353,17509,6411987304.687500,4.481140616365e+01,-2.240570308183e+02,5.242839448807e+01,-2.263949533629e+02,5.266224420053e+01,-2.279470740982e+02,5.265879982640e+01,-2.279344492305e+02
2354,17510,6412353515.625000,-1.344342184910e+02,4.481140616365e+01,-1.379497629048e+02,4.165828420339e+01,-1.388614255133e+02,4.201284611434e+01,-1.388535937854e+02,4.201080970132e+01
2355,17511,6412719726.562500,-1.344342184910e+02,1.344342184910e+02,-1.402997972429e+02,1.329847460641e+02,-1.411839662195e+02,1.339630587458e+02,-1.411758255874e+02,1.339559240732e+02
2356,17512,6413085937.500000,3.136798431456e+02,2.240570308183e+02,3.131347951187e+02,2.356931034947e+02,3.153989113948e+02,2.371389845678e+02,3.153819555419e+02,2.371251510267e+02
2357,17513,6413452148.437500,3.136798431456e+02,3.136798431456e+02,3.115449905507e+02,3.261751237072e+02,3.138560849223e+02,3.282508772901e+02,3.138394663557e+02,3.282320523503e+02
2358,17514,6413818359.375000,-2.240570308183e+02,2.240570308183e+02,-2.325454076892e+02,2.230207601896e+02,-2.340323542013e+02,2.246818889312e+02,-2.340189695567e+02,2.246700273925e+02
2359,17515,6414184570.312500,3.136798431456e+02,3.136798431456e+02,3.125268546744e+02,3.253617954239e+02,3.148643907180e+02,3.274523792547e+02,3.148478201237e+02,3.274337058632e+02
2360,17516,6414550781.250000,-2.240570308183e+02,-4.481140616365e+01,-2.269235064469e+02,-5.025749331354e+01,-2.285300149560e+02,-5.048792794501e+01,-2.285176155780e+02,-5.048466188792e+01
2361,17517,6414916992.187500,2.240570308183e+02,4.481140616365e+01,2.269463663358e+02,5.036763419794e+01,2.285601904974e+02,5.060039520450e+01,2.285478291752e+02,5.059713166031e+01
2362,17518,6415283203.125000,-4.481140616365e+01,-3.136798431456e+02,-3.936886451591e+01,-3.198651793919e+02,-3.981389104551e+01,-3.220915187736e+02,-3.981243318654e+01,-3.220739110393e+02
2363,17519,6415649414.062500,1.344342184910e+02,4.481140616365e+01,1.358627958691e+02,4.791110043217e+01,1.368466220981e+02,4.817758715027e+01,1.368393083705e+02,4.817467430607e+01
2364,17520,6416015625.000000,1.344342184910e+02,4.481140616365e+01,1.359075928958e+02,4.759766718485e+01,1.368956694139e+02,4.786335210345e+01,1.368883768328e+02,4.786046475345e+01
2365,17521,6416381835.937500,3.136798431456e+02,1.344342184910e+02,3.169615573106e+02,1.407332056837e+02,3.192910310860e+02,1.415676535373e+02,3.192741456919e+02,1.415593272582e+02
2366,17522,6416748046.875000,4.481140616365e+01,4.481140616365e+01,4.504189931383e+01,4.602672830977e+01,4.538796333830e+01,4.633186164332e+01,4.538562894707e+01,4.632927502502e+01
2367,17523,6417114257.812500,3.136798431456e+02,-4.481140616365e+01,3.191636940022e+02,-4.267187949368e+01,3.214308776029e+02,-4.314611804059e+01,3.214135894543e+02,-4.314451653092e+01
2368,17524,6417480468.750000,4.481140616365e+01,2.240570308183e+02,4.374711781596e+01,2.280636908083e+02,4.418234046901e+01,2.296832893676e+02,4.418049018656e+01,2.296709495560e+02
2369,17525,6417846679.687500,-3.136798431456e+02,-2.240570308183e+02,-3.172772662204e+02,-2.298860626662e+02,-3.196925260135e+02,-2.313811913355e+02,-3.196760546333e+02,-2.313681994065e+02
2370,17526,6418212890.625000,4.481140616365e+01,-4.481140616365e+01,4.580790738866e+01,-4.527886073087e+01,4.611655803924e+01,-4.563165342294e+01,4.611401720228e+01,-4.562933987349e+01
2371,17527,6418579101.562500,-4.481140616365e+01,3.136798431456e+02,-4.711500324479e+01,3.185289706647e+02,-4.729048854737e+01,3.208746121422e+02,-4.728728987295e+01,3.208577970714e+02
2372,17528,6418945312.500000,4.481140616365e+01,-1.344342184910e+02,4.608888737994e+01,-1.364013524095e+02,4.635408328402e+01,-1.374231486418e+02,4.635134621586e+01,-1.374160314126e+02
2373,17529,6419311523.437500,-1.344342184910e+02,-3.136798431456e+02,-1.361105074589e+02,-3.189675163711e+02,-1.372775592943e+02,-3.212369463921e+02,-1.372710809760e+02,-3.212198331333e+02
2374,17530,6419677734.375000,3.136798431456e+02,-4.481140616365e+01,3.187601537224e+02,-4.594862523273e+01,3.210839190834e+02,-4.645501330821e+01,3.210670776834e+02,-4.645329704765e+01
2375,17531,6420043945.312500,-1.344342184910e+02,3.136798431456e+02,-1.353741356330e+02,3.194209583244e+02,-1.362065045771e+02,3.218533645901e+02,-1.361987238657e+02,3.218369495932e+02
2376,17532,6420410156.250000,4.481140616365e+01,4.481140616365e+01,4.583905838631e+01,4.526319227877e+01,4.620290152371e+01,4.557476621991e+01,4.620061173756e+01,4.557230723476e+01
2377,17533,6420776367.187500,3.136798431456e+02,2.240570308183e+02,3.208053833545e+02,2.249990773949e+02,3.233114096192e+02,2.265045307377e+02,3.232952502098e+02,2.264921505944e+02
2378,17534,6421142578.125000,4.481140616365e+01,-1.344342184910e+02,4.399408273444e+01,-1.371562181342e+02,4.425030838131e+01,-1.382035033484e+02,4.424773410059e+01,-1.381965091174e+02
2379,17535,6421508789.062500,1.344342184910e+02,-3.136798431456e+02,1.319026150486e+02,-3.208194166066e+02,1.327216386901e+02,-3.232921242560e+02,1.327141460156e+02,-3.232758953772e+02
2380,17536,6421875000.000000,3.136798431456e+02,4.481140616365e+01,3.195943823902e+02,3.971181302525e+01,3.220169166995e+02,3.984183269223e+01,3.220006174610e+02,3.983909755630e+01
2381,17537,6422241210.937500,3.136798431456e+02,3.136798431456e+02,3.248543571900e+02,3.127708783784e+02,3.274678614312e+02,3.149573214770e+02,3.274519598550e+02,3.149406420503e+02
2382,17538,6422607421.875000,2.240570308183e+02,2.240570308183e+02,2.319329814884e+02,2.236490222612e+02,2.338044010662e+02,2.252177484739e+02,2.337930992801e+02,2.252058711836e+02
2383,17539,6422973632.812500,1.344342184910e+02,-4.481140616365e+01,1.359214778772e+02,-4.795271244555e+01,1.369269145999e+02,-4.838796533767e+01,1.369199295938e+02,-4.838583542802e+01
2384,17540,6423339843.750000,1.344342184910e+02,-4.481140616365e+01,1.358517603149e+02,-4.816261915741e+01,1.368595418655e+02,-4.860048674860e+01,1.368525901099e+02,-4.859835678637e+01
2385,17541,6423706054.687500,-1.344342184910e+02,2.240570308183e+02,-1.320037117547e+02,2.306784984872e+02,-1.328888898929e+02,2.325073502546e+02,-1.328817623137e+02,2.324960656069e+02
2386,17542,6424072265.625000,-1.344342184910e+02,4.481140616365e+01,-1.356513107815e+02,4.870624821707e+01,-1.366630600858e+02,4.915022277853e+01,-1.366561784171e+02,4.914808699662e+01
2387,17543,6424438476.562500,4.481140616365e+01,-4.481140616365e+01,4.428509238371e+01,-4.680821895288e+01,4.460001637542e+01,-4.719049619379e+01,4.459771226079e+01,-4.718826599328e+01
2388,17544,6424804687.500000,1.344342184910e+02,-1.344342184910e+02,1.321501715965e+02,-1.410075134234e+02,1.330918944816e+02,-1.421612897184e+02,1.330850464337e+02,-1.421546012051e+02
2389,17545,6425170898.437500,-3.136798431456e+02,4.481140616365e+01,-3.169266166819e+02,5.696030499934e+01,-3.193395319009e+02,5.756638983676e+01,-3.193237980982e+02,5.756427813869e+01
2390,17546,6425537109.375000,4.481140616365e+01,3.136798431456e+02,5.762592287598e+01,3.167375648868e+02,5.823815200341e+01,3.191547726250e+02,5.823602073566e+01,3.191391212771e+02
2391,17547,6425903320.312500,1.344342184910e+02,-3.136798431456e+02,1.236386716487e+02,-3.238663025488e+02,1.244257221385e+02,-3.264402172026e+02,1.244189822834e+02,-3.264246902458e+02
2392,17548,6426269531.250000,4.481140616365e+01,2.240570308183e+02,5.484152264318e+01,2.254996873986e+02,5.538619210676e+01,2.272216978482e+02,5.538402388292e+01,2.272106324407e+02
2393,17549,6426635742.187500,-4.481140616365e+01,4.481140616365e+01,-4.357099852107e+01,4.736668353024e+01,-4.388512358920e+01,4.775827694063e+01,-4.388291558105e+01,4.775608472031e+01
2394,17550,6427001953.125000,1.344342184910e+02,-3.136798431456e+02,1.229304451319e+02,-3.240110136037e+02,1.237185121425e+02,-3.266030435223e+02,1.237118957014e+02,-3.265877435109e+02
2395,17551,6427368164.062500,-2.240570308183e+02,1.344342184910e+02,-2.213677380692e+02,1.466484363441e+02,-2.230208253799e+02,1.479114290117e+02,-2.230099218451e+02,1.479049032837e+02
2396,17552,6427734375.000000,3.136798431456e+02,3.136798431456e+02,3.336772125309e+02,3.036556427678e+02,3.364510249350e+02,3.058583677122e+02,3.364358216933e+02,3.058431964356e+02
2397,17553,6428100585.937500,2.240570308183e+02,4.481140616365e+01,2.299423982656e+02,3.418370353642e+01,2.317652714972e+02,3.433081820592e+01,2.317544690795e+02,3.432869756500e+01
2398,17554,6428466796.875000,4.481140616365e+01,-2.240570308183e+02,3.332099426529e+01,-2.299045385446e+02,3.346187096657e+01,-2.317302168325e+02,3.345979962719e+01,-2.317194726042e+02
2399,17555,6428833007.812500,-4.481140616365e+01,2.240570308183e+02,-3.245901687775e+01,2.298634466403e+02,-3.259362058582e+01,2.316917913720e+02,-3.259159815661e+01,2.316811059851e+02
2400,17556,6429199218.750000,3.136798431456e+02,3.136798431456e+02,3.372585838932e+02,2.990381747660e+02,3.400785637125e+02,3.012210422397e+02,3.400635237577e+02,3.012063870653e+02
2401,17557,6429565429.687500,-4.481140616365e+01,-4.481140616365e+01,-4.831248253246e+01,-4.264460581059e+01,-4.871702102916e+01,-4.295637739912e+01,-4.871487870693e+01,-4.295429810022e+01
2402,17558,6429931640.625000,3.136798431456e+02,3.136798431456e+02,3.391155055717e+02,2.979836457176e+02,3.419589148871e+02,3.001653965632e+02,3.419439636066e+02,3.001509420774e+02
2403,17559,6430297851.562500,-3.136798431456e+02,3.136798431456e+02,-2.974943171861e+02,3.392205252967e+02,-2.996759997567e+02,3.420689184647e+02,-2.996616462809e+02,3.420540511601e+02
2404,17560,6430664062.500000,4.481140616365e+01,4.481140616365e+01,4.844803976387e+01,4.243065565947e+01,4.885542679718e+01,4.274231676434e+01,4.885331624381e+01,4.274028075392e+01
2405,17561,6431030273.437500,1.344342184910e+02,3.136798431456e+02,1.575119059403e+02,3.086890052873e+02,1.589282750824e+02,3.110628483226e+02,1.589218299753e+02,3.110485463829e+02
2406,17562,6431396484.375000,-3.136798431456e+02,3.136798431456e+02,-2.957973489659e+02,3.398997803166e+02,-2.979758329264e+02,3.427648896979e+02,-2.979617944519e+02,3.427502624118e+02
2407,17563,6431762695.312500,3.136798431456e+02,-1.344342184910e+02,3.081052148532e+02,-1.590316519908e+02,3.104805172082e+02,-1.604633787648e+02,3.104664063629e+02,-1.604569505275e+02
2408,17564,6432128906.250000,-3.136798431456e+02,-1.344342184910e+02,-3.280748657477e+02,-1.125016464459e+02,-3.307561194240e+02,-1.132278031039e+02,-3.307418023600e+02,-1.132220898830e+02
2409,17565,6432495117.187500,3.136798431456e+02,-1.344342184910e+02,3.071839094386e+02,-1.612911564649e+02,3.095569169955e+02,-1.627437174211e+02,3.095430126780e+02,-1.627372758028e+02
2410,17566,6432861328.125000,-3.136798431456e+02,-2.240570308183e+02,-3.367424146619e+02,-2.007481918917e+02,-3.395459612529e+02,-2.021789105214e+02,-3.395316412409e+02,-2.021693730746e+02
2411,17567,6433227539.062500,-4.481140616365e+01,1.344342184910e+02,-3.369915700854e+01,1.401630005615e+02,-3.389553698639e+01,1.413048849955e+02,-3.389376211824e+01,1.412988549193e+02
2412,17568,6433593750.000000,1.344342184910e+02,-2.240570308183e+02,1.161371481957e+02,-2.391679472306e+02,1.169434616041e+02,-2.411493117441e+02,1.169379126747e+02,-2.411392191045e+02
2413,17569,6433959960.937500,2.240570308183e+02,4.481140616365e+01,2.312375221203e+02,2.471119440017e+01,2.331088230780e+02,2.478787470939e+01,2.330989395872e+02,2.478630566068e+01
2414,17570,6434326171.875000,4.481140616365e+01,-2.240570308183e+02,2.425638085825e+01,-2.311844791526e+02,2.432960933640e+01,-2.330567921852e+02,2.432806694357e+01,-2.330469770053e+02
2415,17571,6434692382.812500,3.136798431456e+02,-1.344342184910e+02,3.045967182610e+02,-1.662396840756e+02,3.069611392343e+02,-1.677385245642e+02,3.069478615958e+02,-1.677321450349e+02
2416,17572,6435058593.750000,-2.240570308183e+02,-4.481140616365e+01,-2.310650154563e+02,-2.327761748797e+01,-2.329388302073e+02,-2.334333478515e+01,-2.329291535606e+02,-2.334184801380e+01
2417,17573,6435424804.687500,-3.136798431456e+02,-1.344342184910e+02,-3.310461949015e+02,-1.035734337723e+02,-3.337696878423e+02,-1.042339154777e+02,-3.337560764368e+02,-1.042288596961e+02
2418,17574,6435791015.625000,-1.344342184910e+02,-1.344342184910e+02,-1.503757912983e+02,-1.213661842670e+02,-1.516528657029e+02,-1.222659747907e+02,-1.516468908186e+02,-1.222606078002e+02
2419,17575,6436157226.562500,-4.481140616365e+01,3.136798431456e+02,-1.035922928406e+01,3.219103260766e+02,-1.027313359388e+01,3.245141122958e+02,-1.027200056061e+01,3.245008716543e+02
2420,17576,6436523437.500000,-4.481140616365e+01,-4.481140616365e+01,-5.032902145526e+01,-4.020421506713e+01,-5.075665132487e+01,-4.050235235101e+01,-5.075468115956e+01,-4.050059764493e+01
2421,17577,6436889648.437500,-1.344342184910e+02,-4.481140616365e+01,-1.409123302991e+02,-2.984784641889e+01,-1.420664890026e+02,-3.001469601178e+01,-1.420608345402e+02,-3.001317523657e+01
2422,17578,6437255859.375000,-3.136798431456e+02,4.481140616365e+01,-3.115181162210e+02,8.175778024086e+01,-3.139926344752e+02,8.258276268852e+01,-3.139799058993e+02,8.258015273433e+01
2423,17579,6437622070.312500,-2.240570308183e+02,-1.344342184910e+02,-2.420676552636e+02,-1.092247890761e+02,-2.440821267359e+02,-1.099801483571e+02,-2.440726901955e+02,-1.099752510719e+02
2424,17580,6437988281.250000,3.136798431456e+02,4.481140616365e+01,3.219416031780e+02,7.583584025409e+00,3.245487411101e+02,7.475173091781e+00,3.245359894620e+02,7.474165773746e+00
2425,17581,6438354492.187500,3.136798431456e+02,2.240570308183e+02,3.438626885526e+02,1.880462241780e+02,3.467426033379e+02,1.893856438512e+02,3.467294868002e+02,1.893774904607e+02
2426,17582,6438720703.125000,3.136798431456e+02,2.240570308183e+02,3.442778892052e+02,1.876205134055e+02,3.471611261338e+02,1.889563743298e+02,3.471481017088e+02,1.889482963129e+02
2427,17583,6439086914.062500,-3.136798431456e+02,3.136798431456e+02,-2.774792104845e+02,3.559616523765e+02,-2.795356283247e+02,3.589867437226e+02,-2.795241064355e+02,3.589735744868e+02
2428,17584,6439453125.000000,-1.344342184910e+02,4.481140616365e+01,-1.298868252024e+02,6.253811197995e+01,-1.309042205727e+02,6.311232114923e+01,-1.308990975600e+02,6.311020576061e+01
2429,17585,6439819335.937500,2.240570308183e+02,-2.240570308183e+02,1.962691396078e+02,-2.556641234277e+02,1.977213006113e+02,-2.578347894506e+02,1.977132691970e+02,-2.578254896501e+02
2430,17586,6440185546.875000,1.344342184910e+02,2.240570308183e+02,1.659764977143e+02,2.075616972609e+02,1.674276433874e+02,2.091520770189e+02,1.674218362345e+02,2.091438805432e+02
2431,17587,6440551757.812500,1.344342184910e+02,4.481140616365e+01,1.416754076762e+02,2.643605332503e+01,1.428342799137e+02,2.657500156825e+01,1.428290386898e+02,2.657370165025e+01
2432,17588,6440917968.750000,4.481140616365e+01,-1.344342184910e+02,2.598525999789e+01,-1.417490482715e+02,2.612044907036e+01,-1.429078550076e+02,2.611917444508e+01,-1.429026570468e+02
2433,17589,6441284179.687500,-4.481140616365e+01,1.344342184910e+02,-2.537498827373e+01,1.418894421804e+02,-2.550508263214e+01,1.430485527964e+02,-2.550383877266e+01,1.430433956759e+02
2434,17590,6441650390.625000,2.240570308183e+02,2.240570308183e+02,2.593754274858e+02,1.914824450294e+02,2.615697028787e+02,1.928910886013e+02,2.615606815143e+02,1.928835484795e+02
2435,17591,6442016601.562500,3.136798431456e+02,-4.481140616365e+01,3.084595204765e+02,-9.404196984512e+01,3.108979292283e+02,-9.496311685624e+01,3.108865984014e+02,-9.496040286449e+01
2436,17592,6442382812.500000,-1.344342184910e+02,3.136798431456e+02,-8.543775328455e+01,3.364193287067e+02,-8.594906123646e+01,3.391760599054e+02,-8.594527014294e+01,3.391642296797e+02
2437,17593,6442749023.437500,-2.240570308183e+02,3.136798431456e+02,-1.746126879245e+02,3.507550969493e+02,-1.758341780846e+02,3.536722821754e+02,-1.758272297885e+02,3.536602561596e+02
2438,17594,6443115234.375000,4.481140616365e+01,2.240570308183e+02,8.130238704249e+01,2.174861130003e+02,8.207134769257e+01,2.191935345160e+02,8.206897715628e+01,2.191857364702e+02
2439,17595,6443481445.312500,1.344342184910e+02,-2.240570308183e+02,9.814803326100e+01,-2.468597770589e+02,9.880705594513e+01,-2.488964047297e+02,9.880310918037e+01,-2.488880577755e+02
2440,17596,6443847656.250000,1.344342184910e+02,3.136798431456e+02,1.869077590088e+02,2.925438205233e+02,1.885633489883e+02,2.947951923324e+02,1.885575741829e+02,2.947847369151e+02
2441,17597,6444213867.187500,-3.136798431456e+02,-2.240570308183e+02,-3.527111873037e+02,-1.717288425905e+02,-3.556319292132e+02,-1.729208816951e+02,-3.556203203679e+02,-1.729142707330e+02
2442,17598,6444580078.125000,1.344342184910e+02,-2.240570308183e+02,9.580558823040e+01,-2.481575404025e+02,9.644265133595e+01,-2.501970355728e+02,9.643888421024e+01,-2.501889010607e+02
2443,17599,6444946289.062500,-4.481140616365e+01,4.481140616365e+01,-3.689827874846e+01,5.295258548017e+01,-3.716574435803e+01,5.339593624379e+01,-3.716440034538e+01,5.339425557044e+01
2444,17600,6445312500.000000,2.240570308183e+02,4.481140616365e+01,2.326660318170e+02,4.401957070078e+00,2.345284846109e+02,4.314497966794e+00,2.345208370212e+02,4.313841694010e+00
2445,17601,6445678710.937500,1.344342184910e+02,3.136798431456e+02,1.917709486927e+02,2.898553860900e+02,1.934548115226e+02,2.920684461046e+02,1.934492067423e+02,2.920585900901e+02
2446,17602,6446044921.875000,-1.344342184910e+02,2.240570308183e+02,-9.358940242060e+01,2.490589667369e+02,-9.420421888511e+01,2.510938338262e+02,-9.420065924789e+01,2.510860237425e+02
2447,17603,6446411132.812500,4.481140616365e+01,-4.481140616365e+01,3.647376007238e+01,-5.316711831805e+01,3.673605751060e+01,-5.360954504000e+01,3.673478011375e+01,-5.360793357513e+01
2448,17604,6446777343.750000,-2.240570308183e+02,-3.136798431456e+02,-2.831441260877e+02,-2.708919337997e+02,-2.855370197132e+02,-2.728954098735e+02,-2.855287108608e+02,-2.728862681952e+02
2449,17605,6447143554.687500,-3.136798431456e+02,3.136798431456e+02,-2.527523773543e+02,3.732922640919e+02,-2.545607386334e+02,3.763868970242e+02,-2.545520630530e+02,3.763758519956e+02
2450,17606,6447509765.625000,-4.481140616365e+01,-1.344342184910e+02,-7.091922262746e+01,-1.254211976672e+02,-7.154693741117e+01,-1.263770136217e+02,-7.154503577366e+01,-1.263730068550e+02
2451,17607,6447875976.562500,3.136798431456e+02,-3.136798431456e+02,2.510296580273e+02,-3.750328015232e+02,2.528161024976e+02,-3.781293671545e+02,2.528076648102e+02,-3.781185456565e+02
2452,17608,6448242187.500000,3.136798431456e+02,4.481140616365e+01,3.219246491835e+02,-1.820419942533e+01,3.244545090594e+02,-1.851748832025e+01,3.244448279582e+02,-1.851765115337e+01
2453,17609,6448608398.437500,4.481140616365e+01,-3.136798431456e+02,-1.915395419542e+01,-3.219126085303e+02,-1.947441429830e+01,-3.244366342407e+02,-1.947455601176e+01,-3.244270740520e+02
2454,17610,6448974609.375000,1.344342184910e+02,-3.136798431456e+02,6.922342681291e+01,-3.404027389455e+02,6.958776462351e+01,-3.431131358648e+02,6.958499564930e+01,-3.431033538653e+02
2455,17611,6449340820.312500,3.136798431456e+02,3.136798431456e+02,3.780658195719e+02,2.468123978713e+02,3.811590082158e+02,2.485475257152e+02,3.811486635655e+02,2.485395863027e+02
2456,17612,6449707031.250000,2.240570308183e+02,-1.344342184910e+02,1.945273587945e+02,-1.812971888246e+02,1.959528576393e+02,-1.828173228864e+02,1.959469322587e+02,-1.828126001814e+02
