{
  "combo": {
    "tap_num": 96,
    "regularization": 0.0001,
    "coeff_total_bits": 16,
    "coeff_frac_bits": 13,
    "format": "Q3.13"
  },
  "source_run_dir": "D:\\桌面\\Rigol\\L1-08_sim\\data\\h1_full_combined_random_20260528_024435",
  "source_graph_dir": "D:\\桌面\\Rigol\\L1-08_sim\\results\\h1_full_combined_random_20260528_024435",
  "copied_data_dir": "D:\\桌面\\Rigol\\sweep_result\\h1_286476255_behavior_1813889189_qam_417471910\\tap096_reg1em04_q3_13\\data",
  "copied_graph_dir": "D:\\桌面\\Rigol\\sweep_result\\h1_286476255_behavior_1813889189_qam_417471910\\tap096_reg1em04_q3_13\\graph",
  "metrics": {
    "run_name": "h1_full_combined_random_20260528_024435",
    "h1_ripple_db": 0.7584381726751868,
    "float_dense_ripple_db": 0.14423227426339177,
    "float_dense_pass_0p1db": false,
    "max_abs_coeff": 0.388628526096084,
    "fixed_saturation_count": 0,
    "fixed_dense_ripple_db": 0.14402819454186483,
    "fixed_dense_pass_0p1db": false,
    "behavior_float_ripple_db": 0.14033239404649644,
    "behavior_fixed_ripple_db": 0.13997966778851675,
    "behavior_fixed_pass_0p1db": false,
    "qam_float_magnitude_only_evm_percent": 0.26323087372774384,
    "qam_fixed_magnitude_only_evm_percent": 0.2652271215180346
  }
}
