{
  "combo": {
    "tap_num": 80,
    "regularization": 0.0001,
    "coeff_total_bits": 16,
    "coeff_frac_bits": 12,
    "format": "Q4.12"
  },
  "source_run_dir": "D:\\桌面\\Rigol\\L1-08_sim\\data\\h1_full_combined_random_20260528_023642",
  "source_graph_dir": "D:\\桌面\\Rigol\\L1-08_sim\\results\\h1_full_combined_random_20260528_023642",
  "copied_data_dir": "D:\\桌面\\Rigol\\sweep_result\\h1_533121161_behavior_1688039438_qam_254967343\\tap080_reg1em04_q4_12\\data",
  "copied_graph_dir": "D:\\桌面\\Rigol\\sweep_result\\h1_533121161_behavior_1688039438_qam_254967343\\tap080_reg1em04_q4_12\\graph",
  "metrics": {
    "run_name": "h1_full_combined_random_20260528_023642",
    "h1_ripple_db": 0.44592536838376234,
    "float_dense_ripple_db": 0.052349876155476,
    "float_dense_pass_0p1db": true,
    "max_abs_coeff": 1.3603349400026579,
    "fixed_saturation_count": 0,
    "fixed_dense_ripple_db": 0.06615683397420742,
    "fixed_dense_pass_0p1db": true,
    "behavior_float_ripple_db": 0.04373982602677205,
    "behavior_fixed_ripple_db": 0.051392675449125076,
    "behavior_fixed_pass_0p1db": true,
    "qam_float_magnitude_only_evm_percent": 0.14030975083124766,
    "qam_fixed_magnitude_only_evm_percent": 0.14945655099084576
  }
}
