{
  "combo": {
    "tap_num": 64,
    "regularization": 0.0003,
    "coeff_total_bits": 16,
    "coeff_frac_bits": 12,
    "format": "Q4.12"
  },
  "source_run_dir": "D:\\桌面\\Rigol\\L1-08_sim\\data\\h1_full_combined_random_20260528_023521",
  "source_graph_dir": "D:\\桌面\\Rigol\\L1-08_sim\\results\\h1_full_combined_random_20260528_023521",
  "copied_data_dir": "D:\\桌面\\Rigol\\sweep_result\\h1_533121161_behavior_1688039438_qam_254967343\\tap064_reg3em04_q4_12\\data",
  "copied_graph_dir": "D:\\桌面\\Rigol\\sweep_result\\h1_533121161_behavior_1688039438_qam_254967343\\tap064_reg3em04_q4_12\\graph",
  "metrics": {
    "run_name": "h1_full_combined_random_20260528_023521",
    "h1_ripple_db": 0.44592536838376234,
    "float_dense_ripple_db": 0.13163436053870348,
    "float_dense_pass_0p1db": false,
    "max_abs_coeff": 1.1879409065861994,
    "fixed_saturation_count": 0,
    "fixed_dense_ripple_db": 0.12875052162370207,
    "fixed_dense_pass_0p1db": false,
    "behavior_float_ripple_db": 0.1131483230866091,
    "behavior_fixed_ripple_db": 0.11239595458964943,
    "behavior_fixed_pass_0p1db": false,
    "qam_float_magnitude_only_evm_percent": 0.3858239192868623,
    "qam_fixed_magnitude_only_evm_percent": 0.38967274946608316
  }
}
