freq_hz,stage,equalized_real,equalized_imag,residual_real,residual_imag,residual_abs_percent
5550000000.000000,after_h1,1.004367533773e+00,1.366226989389e-01,4.367533773079e-03,1.366226989389e-01,13.669249144
5551000000.000000,after_h1,1.005762239450e+00,1.454665016354e-01,5.762239450209e-03,1.454665016354e-01,14.558058422
5552000000.000000,after_h1,1.004086474727e+00,1.462633983435e-01,4.086474726790e-03,1.462633983435e-01,14.632047352
5553000000.000000,after_h1,1.003564032023e+00,1.554555820396e-01,3.564032023038e-03,1.554555820396e-01,15.549643183
5554000000.000000,after_h1,1.003116800541e+00,1.612583242207e-01,3.116800540993e-03,1.612583242207e-01,16.128844217
5555000000.000000,after_h1,1.004595786621e+00,1.611752243698e-01,4.595786621483e-03,1.611752243698e-01,16.124073370
5556000000.000000,after_h1,1.003759855792e+00,1.644003848355e-01,3.759855791714e-03,1.644003848355e-01,16.444337338
5557000000.000000,after_h1,1.003154761514e+00,1.730924915653e-01,3.154761513940e-03,1.730924915653e-01,17.312123832
5558000000.000000,after_h1,1.002492561474e+00,1.773290741204e-01,2.492561473884e-03,1.773290741204e-01,17.734659115
5559000000.000000,after_h1,1.003848127207e+00,1.790457266426e-01,3.848127206663e-03,1.790457266426e-01,17.908707466
5560000000.000000,after_h1,1.001242449918e+00,1.859360044360e-01,1.242449917614e-03,1.859360044360e-01,18.594015550
5561000000.000000,after_h1,1.002636817172e+00,1.825169153142e-01,2.636817172258e-03,1.825169153142e-01,18.253596134
5562000000.000000,after_h1,1.002009558103e+00,1.891344295320e-01,2.009558103328e-03,1.891344295320e-01,18.914510503
5563000000.000000,after_h1,1.001813922660e+00,1.950997489866e-01,1.813922660049e-03,1.950997489866e-01,19.510818120
5564000000.000000,after_h1,1.002796031831e+00,1.881214995462e-01,2.796031831422e-03,1.881214995462e-01,18.814227698
5565000000.000000,after_h1,1.000610695692e+00,1.988351319096e-01,6.106956916692e-04,1.988351319096e-01,19.883606974
5566000000.000000,after_h1,1.001585128686e+00,2.060756279157e-01,1.585128686046e-03,2.060756279157e-01,20.608172421
5567000000.000000,after_h1,1.003936955605e+00,1.981168212639e-01,3.936955605229e-03,1.981168212639e-01,19.815593478
5568000000.000000,after_h1,1.001913408669e+00,2.049107205752e-01,1.913408668766e-03,2.049107205752e-01,20.491965386
5569000000.000000,after_h1,1.003440839763e+00,2.054884513425e-01,3.440839763348e-03,2.054884513425e-01,20.551725722
5570000000.000000,after_h1,1.002436838907e+00,2.085747095066e-01,2.436838907129e-03,2.085747095066e-01,20.858894417
5571000000.000000,after_h1,1.003252455577e+00,2.101587282688e-01,3.252455576716e-03,2.101587282688e-01,21.018389457
5572000000.000000,after_h1,1.003564097785e+00,2.074018878611e-01,3.564097785259e-03,2.074018878611e-01,20.743250922
5573000000.000000,after_h1,1.005048855774e+00,2.054813268748e-01,5.048855774261e-03,2.054813268748e-01,20.554334492
5574000000.000000,after_h1,1.004495387334e+00,2.064347275339e-01,4.495387333542e-03,2.064347275339e-01,20.648366821
5575000000.000000,after_h1,1.005601173699e+00,2.052614235306e-01,5.601173698729e-03,2.052614235306e-01,20.533783172
5576000000.000000,after_h1,1.005289750288e+00,2.065558570658e-01,5.289750288190e-03,2.065558570658e-01,20.662357936
5577000000.000000,after_h1,1.006342519324e+00,2.104602094269e-01,6.342519323957e-03,2.104602094269e-01,21.055575818
5578000000.000000,after_h1,1.005532434338e+00,2.069584841517e-01,5.532434338487e-03,2.069584841517e-01,20.703241773
5579000000.000000,after_h1,1.007357565559e+00,2.037383487865e-01,7.357565559342e-03,2.037383487865e-01,20.387115671
5580000000.000000,after_h1,1.009136479217e+00,2.042175268329e-01,9.136479217239e-03,2.042175268329e-01,20.442180294
5581000000.000000,after_h1,1.009103499182e+00,2.070604339427e-01,9.103499181723e-03,2.070604339427e-01,20.726045692
5582000000.000000,after_h1,1.008584913886e+00,2.043493528081e-01,8.584913886280e-03,2.043493528081e-01,20.452960358
5583000000.000000,after_h1,1.009593640575e+00,1.997407691927e-01,9.593640575393e-03,1.997407691927e-01,19.997102994
5584000000.000000,after_h1,1.012192239230e+00,1.985466628463e-01,1.219223923027e-02,1.985466628463e-01,19.892065761
5585000000.000000,after_h1,1.010846254212e+00,1.982515259208e-01,1.084625421213e-02,1.982515259208e-01,19.854800115
5586000000.000000,after_h1,1.013147668296e+00,1.942301963915e-01,1.314766829603e-02,1.942301963915e-01,19.467467830
5587000000.000000,after_h1,1.013599619242e+00,1.892971141121e-01,1.359961924221e-02,1.892971141121e-01,18.978500219
5588000000.000000,after_h1,1.014551475136e+00,1.861423229527e-01,1.455147513639e-02,1.861423229527e-01,18.671022956
5589000000.000000,after_h1,1.015138012428e+00,1.857497273241e-01,1.513801242838e-02,1.857497273241e-01,18.636555642
5590000000.000000,after_h1,1.017619348051e+00,1.751616500705e-01,1.761934805064e-02,1.751616500705e-01,17.604557672
5591000000.000000,after_h1,1.019062721426e+00,1.771122357548e-01,1.906272142605e-02,1.771122357548e-01,17.813514926
5592000000.000000,after_h1,1.019655812970e+00,1.712690109460e-01,1.965581296976e-02,1.712690109460e-01,17.239322810
5593000000.000000,after_h1,1.020684877457e+00,1.688731978042e-01,2.068487745677e-02,1.688731978042e-01,17.013530231
5594000000.000000,after_h1,1.021154173916e+00,1.603007151582e-01,2.115417391584e-02,1.603007151582e-01,16.169050174
5595000000.000000,after_h1,1.021660237450e+00,1.599182931106e-01,2.166023745042e-02,1.599182931106e-01,16.137851889
5596000000.000000,after_h1,1.023377003375e+00,1.521000572557e-01,2.337700337463e-02,1.521000572557e-01,15.388603479
5597000000.000000,after_h1,1.025774707480e+00,1.475339658145e-01,2.577470748026e-02,1.475339658145e-01,14.976851009
5598000000.000000,after_h1,1.025827589721e+00,1.452638986670e-01,2.582758972127e-02,1.452638986670e-01,14.754207755
5599000000.000000,after_h1,1.028403697636e+00,1.333221613104e-01,2.840369763579e-02,1.333221613104e-01,13.631422793
5600000000.000000,after_h1,1.027326950039e+00,1.350287993998e-01,2.732695003908e-02,1.350287993998e-01,13.776624719
5601000000.000000,after_h1,1.029446932164e+00,1.254273529203e-01,2.944693216358e-02,1.254273529203e-01,12.883766016
5602000000.000000,after_h1,1.031503551365e+00,1.164481787586e-01,3.150355136451e-02,1.164481787586e-01,12.063437356
5603000000.000000,after_h1,1.031182100745e+00,1.155556146406e-01,3.118210074468e-02,1.155556146406e-01,11.968886114
5604000000.000000,after_h1,1.033196878466e+00,1.085109028834e-01,3.319687846636e-02,1.085109028834e-01,11.347532236
5605000000.000000,after_h1,1.033463822501e+00,9.995323052451e-02,3.346382250144e-02,9.995323052451e-02,10.540624132
5606000000.000000,after_h1,1.033382781553e+00,9.338803087564e-02,3.338278155310e-02,9.338803087564e-02,9.917527119
5607000000.000000,after_h1,1.036020423723e+00,8.461811489888e-02,3.602042372319e-02,8.461811489888e-02,9.196573435
5608000000.000000,after_h1,1.035647766193e+00,8.046055066427e-02,3.564776619303e-02,8.046055066427e-02,8.800376951
5609000000.000000,after_h1,1.036368484430e+00,7.118405792081e-02,3.636848443011e-02,7.118405792081e-02,7.993645452
5610000000.000000,after_h1,1.036884421090e+00,6.548699170345e-02,3.688442109005e-02,6.548699170345e-02,7.515987361
5611000000.000000,after_h1,1.037799494414e+00,6.243134341602e-02,3.779949441446e-02,6.243134341602e-02,7.298269945
5612000000.000000,after_h1,1.037705693058e+00,5.285416370744e-02,3.770569305770e-02,5.285416370744e-02,6.492520243
5613000000.000000,after_h1,1.039581666503e+00,4.161102398934e-02,3.958166650256e-02,4.161102398934e-02,5.742983232
5614000000.000000,after_h1,1.038836243731e+00,3.821991908240e-02,3.883624373061e-02,3.821991908240e-02,5.448867811
5615000000.000000,after_h1,1.039710557622e+00,2.579243923573e-02,3.971055762151e-02,2.579243923573e-02,4.735164525
5616000000.000000,after_h1,1.040957102454e+00,1.854032540473e-02,4.095710245411e-02,1.854032540473e-02,4.495806833
5617000000.000000,after_h1,1.041419874660e+00,8.822110819960e-03,4.141987466007e-02,8.822110819960e-03,4.234897468
5618000000.000000,after_h1,1.043215006369e+00,4.582727967613e-03,4.321500636929e-02,4.582727967613e-03,4.345731436
5619000000.000000,after_h1,1.043271579798e+00,-1.073504966064e-02,4.327157979762e-02,-1.073504966064e-02,4.458330303
5620000000.000000,after_h1,1.041162950141e+00,-1.777226859724e-02,4.116295014129e-02,-1.777226859724e-02,4.483572231
5621000000.000000,after_h1,1.041937323918e+00,-2.339035510868e-02,4.193732391824e-02,-2.339035510868e-02,4.801924457
5622000000.000000,after_h1,1.042196640734e+00,-3.693756037793e-02,4.219664073448e-02,-3.693756037793e-02,5.607976334
5623000000.000000,after_h1,1.041643721307e+00,-4.391083776741e-02,4.164372130723e-02,-4.391083776741e-02,6.051744540
5624000000.000000,after_h1,1.042745140385e+00,-4.989717145604e-02,4.274514038520e-02,-4.989717145604e-02,6.570292799
5625000000.000000,after_h1,1.041101665439e+00,-5.909688333166e-02,4.110166543917e-02,-5.909688333166e-02,7.198464087
5626000000.000000,after_h1,1.040038291135e+00,-6.694919482796e-02,4.003829113538e-02,-6.694919482796e-02,7.800807295
5627000000.000000,after_h1,1.039881468579e+00,-7.163411997831e-02,3.988146857940e-02,-7.163411997831e-02,8.198767396
5628000000.000000,after_h1,1.039712470857e+00,-8.180390331915e-02,3.971247085697e-02,-8.180390331915e-02,9.093381626
5629000000.000000,after_h1,1.038491735905e+00,-9.146821377431e-02,3.849173590550e-02,-9.146821377431e-02,9.923733100
5630000000.000000,after_h1,1.038514207015e+00,-9.827911445065e-02,3.851420701488e-02,-9.827911445065e-02,10.555628110
5631000000.000000,after_h1,1.038077795914e+00,-1.084379594145e-01,3.807779591404e-02,-1.084379594145e-01,11.492915028
5632000000.000000,after_h1,1.037113854087e+00,-1.145754491351e-01,3.711385408737e-02,-1.145754491351e-01,12.043658792
5633000000.000000,after_h1,1.035925559157e+00,-1.261747023052e-01,3.592555915743e-02,-1.261747023052e-01,13.118956248
5634000000.000000,after_h1,1.034905624462e+00,-1.350680939037e-01,3.490562446177e-02,-1.350680939037e-01,13.950552896
5635000000.000000,after_h1,1.034417228894e+00,-1.370287441519e-01,3.441722889434e-02,-1.370287441519e-01,14.128489788
5636000000.000000,after_h1,1.031658347217e+00,-1.511365383888e-01,3.165834721727e-02,-1.511365383888e-01,15.441665773
5637000000.000000,after_h1,1.031917363036e+00,-1.600090495954e-01,3.191736303612e-02,-1.600090495954e-01,16.316131286
5638000000.000000,after_h1,1.031044532951e+00,-1.661946921623e-01,3.104453295107e-02,-1.661946921623e-01,16.906933113
5639000000.000000,after_h1,1.029603777067e+00,-1.711566355645e-01,2.960377706669e-02,-1.711566355645e-01,17.369794908
5640000000.000000,after_h1,1.028440589882e+00,-1.848650876905e-01,2.844058988238e-02,-1.848650876905e-01,18.704001657
5641000000.000000,after_h1,1.025878315831e+00,-1.883127456281e-01,2.587831583111e-02,-1.883127456281e-01,19.008255416
5642000000.000000,after_h1,1.025441138704e+00,-1.963737511596e-01,2.544113870438e-02,-1.963737511596e-01,19.801490268
5643000000.000000,after_h1,1.023080142520e+00,-2.058396433184e-01,2.308014251964e-02,-2.058396433184e-01,20.712955303
5644000000.000000,after_h1,1.022807832195e+00,-2.100571730679e-01,2.280783219467e-02,-2.100571730679e-01,21.129177260
5645000000.000000,after_h1,1.021867964163e+00,-2.181936448225e-01,2.186796416283e-02,-2.181936448225e-01,21.928674036
5646000000.000000,after_h1,1.019935742733e+00,-2.222289496770e-01,1.993574273282e-02,-2.222289496770e-01,22.312135692
5647000000.000000,after_h1,1.020149875290e+00,-2.280809078321e-01,2.014987528992e-02,-2.280809078321e-01,22.896925119
5648000000.000000,after_h1,1.016528289812e+00,-2.364799211258e-01,1.652828981204e-02,-2.364799211258e-01,23.705682327
5649000000.000000,after_h1,1.015774089750e+00,-2.453334118814e-01,1.577408974964e-02,-2.453334118814e-01,24.583999856
5650000000.000000,after_h1,1.014894815194e+00,-2.495311340346e-01,1.489481519398e-02,-2.495311340346e-01,24.997528352
5651000000.000000,after_h1,1.013292031126e+00,-2.567944323097e-01,1.329203112595e-02,-2.567944323097e-01,25.713820906
5652000000.000000,after_h1,1.011322506647e+00,-2.596592227122e-01,1.132250664670e-02,-2.596592227122e-01,25.990596587
5653000000.000000,after_h1,1.009634557513e+00,-2.704869735262e-01,9.634557513365e-03,-2.704869735262e-01,27.065850725
5654000000.000000,after_h1,1.009007802784e+00,-2.730775804469e-01,9.007802784286e-03,-2.730775804469e-01,27.322610683
5655000000.000000,after_h1,1.007130470619e+00,-2.793654839794e-01,7.130470619213e-03,-2.793654839794e-01,27.945646754
5656000000.000000,after_h1,1.003378587676e+00,-2.857197007209e-01,3.378587675603e-03,-2.857197007209e-01,28.573967564
5657000000.000000,after_h1,1.002672485731e+00,-2.881699328682e-01,2.672485731074e-03,-2.881699328682e-01,28.818232491
5658000000.000000,after_h1,1.003326114250e+00,-2.901160726831e-01,3.326114249645e-03,-2.901160726831e-01,29.013513863
5659000000.000000,after_h1,1.001383393192e+00,-2.963289488286e-01,1.383393192358e-03,-2.963289488286e-01,29.633217795
5660000000.000000,after_h1,9.980300220643e-01,-3.044766018747e-01,-1.969977935674e-03,-3.044766018747e-01,30.448297473
5661000000.000000,after_h1,9.988779253756e-01,-3.039096828796e-01,-1.122074624437e-03,-3.039096828796e-01,30.391175430
5662000000.000000,after_h1,9.961301604099e-01,-3.109698680348e-01,-3.869839590137e-03,-3.109698680348e-01,31.099394606
5663000000.000000,after_h1,9.944634138078e-01,-3.150350086700e-01,-5.536586192165e-03,-3.150350086700e-01,31.508365631
5664000000.000000,after_h1,9.942380140003e-01,-3.168711765098e-01,-5.761985999683e-03,-3.168711765098e-01,31.692356016
5665000000.000000,after_h1,9.944313200891e-01,-3.153203324562e-01,-5.568679910885e-03,-3.153203324562e-01,31.536950115
5666000000.000000,after_h1,9.908465504629e-01,-3.238052365848e-01,-9.153449537120e-03,-3.238052365848e-01,32.393458734
5667000000.000000,after_h1,9.911005388019e-01,-3.248087813312e-01,-8.899461198063e-03,-3.248087813312e-01,32.493067698
5668000000.000000,after_h1,9.900452153961e-01,-3.259969574921e-01,-9.954784603863e-03,-3.259969574921e-01,32.614891389
5669000000.000000,after_h1,9.907677189672e-01,-3.262619933355e-01,-9.232281032811e-03,-3.262619933355e-01,32.639259077
5670000000.000000,after_h1,9.886026471646e-01,-3.329645196642e-01,-1.139735283542e-02,-3.329645196642e-01,33.315952786
5671000000.000000,after_h1,9.898174943117e-01,-3.283678394481e-01,-1.018250568830e-02,-3.283678394481e-01,32.852567846
5672000000.000000,after_h1,9.882539973681e-01,-3.324204077854e-01,-1.174600263191e-02,-3.324204077854e-01,33.262786427
5673000000.000000,after_h1,9.875389914904e-01,-3.346123517398e-01,-1.246100850963e-02,-3.346123517398e-01,33.484429616
5674000000.000000,after_h1,9.883306544906e-01,-3.313089924021e-01,-1.166934550940e-02,-3.313089924021e-01,33.151443720
5675000000.000000,after_h1,9.891124338417e-01,-3.336689880737e-01,-1.088756615833e-02,-3.336689880737e-01,33.384657060
5676000000.000000,after_h1,9.865897459259e-01,-3.371197265703e-01,-1.341025407408e-02,-3.371197265703e-01,33.738634376
5677000000.000000,after_h1,9.855507332856e-01,-3.390511891642e-01,-1.444926671438e-02,-3.390511891642e-01,33.935894004
5678000000.000000,after_h1,9.872816029387e-01,-3.343007205927e-01,-1.271839706125e-02,-3.343007205927e-01,33.454256741
5679000000.000000,after_h1,9.875532832976e-01,-3.335993795879e-01,-1.244671670241e-02,-3.335993795879e-01,33.383149465
5680000000.000000,after_h1,9.872392899082e-01,-3.295389473523e-01,-1.276071009183e-02,-3.295389473523e-01,32.978592078
5681000000.000000,after_h1,9.869642021590e-01,-3.351319341525e-01,-1.303579784103e-02,-3.351319341525e-01,33.538536837
5682000000.000000,after_h1,9.877811684090e-01,-3.290679417898e-01,-1.221883159100e-02,-3.290679417898e-01,32.929471626
5683000000.000000,after_h1,9.858783442851e-01,-3.324698384429e-01,-1.412165571488e-02,-3.324698384429e-01,33.276961195
5684000000.000000,after_h1,9.879286343241e-01,-3.269666398743e-01,-1.207136567594e-02,-3.269666398743e-01,32.718939692
5685000000.000000,after_h1,9.884704293432e-01,-3.264360398454e-01,-1.152957065680e-02,-3.264360398454e-01,32.663958595
5686000000.000000,after_h1,9.910533480207e-01,-3.169162359730e-01,-8.946651979306e-03,-3.169162359730e-01,31.704249432
5687000000.000000,after_h1,9.902069461459e-01,-3.164092328577e-01,-9.793053854110e-03,-3.164092328577e-01,31.656074700
5688000000.000000,after_h1,9.906222003961e-01,-3.187500739378e-01,-9.377799603852e-03,-3.187500739378e-01,31.888799407
5689000000.000000,after_h1,9.905435638253e-01,-3.145387894295e-01,-9.456436174707e-03,-3.145387894295e-01,31.468090861
5690000000.000000,after_h1,9.932198023568e-01,-3.125198000713e-01,-6.780197643214e-03,-3.125198000713e-01,31.259334049
5691000000.000000,after_h1,9.914977195568e-01,-3.138232830089e-01,-8.502280443242e-03,-3.138232830089e-01,31.393843621
5692000000.000000,after_h1,9.940138753004e-01,-3.048786509316e-01,-5.986124699605e-03,-3.048786509316e-01,30.493741240
5693000000.000000,after_h1,9.948982952666e-01,-3.007178988476e-01,-5.101704733354e-03,-3.007178988476e-01,30.076117116
5694000000.000000,after_h1,9.955270141991e-01,-2.991603590248e-01,-4.472985800884e-03,-2.991603590248e-01,29.919379675
5695000000.000000,after_h1,9.971772805420e-01,-2.937747374711e-01,-2.822719457976e-03,-2.937747374711e-01,29.378829814
5696000000.000000,after_h1,9.997424693189e-01,-2.859411545090e-01,-2.575306811204e-04,-2.859411545090e-01,28.594127048
5697000000.000000,after_h1,9.981337072157e-01,-2.859631497696e-01,-1.866292784277e-03,-2.859631497696e-01,28.596923974
5698000000.000000,after_h1,1.001581940334e+00,-2.768587465690e-01,1.581940333579e-03,-2.768587465690e-01,27.686326605
5699000000.000000,after_h1,1.004437034719e+00,-2.698061566236e-01,4.437034719341e-03,-2.698061566236e-01,26.984263827
5700000000.000000,after_h1,1.001947382001e+00,-2.714883694487e-01,1.947382000713e-03,-2.714883694487e-01,27.149535363
5701000000.000000,after_h1,1.004379259823e+00,-2.601627317860e-01,4.379259823460e-03,-2.601627317860e-01,26.019958672
5702000000.000000,after_h1,1.006024319427e+00,-2.552306551901e-01,6.024319426674e-03,-2.552306551901e-01,25.530174260
5703000000.000000,after_h1,1.008368202704e+00,-2.497662772073e-01,8.368202704192e-03,-2.497662772073e-01,24.990642258
5704000000.000000,after_h1,1.007784238079e+00,-2.470365036235e-01,7.784238078725e-03,-2.470365036235e-01,24.715911572
5705000000.000000,after_h1,1.009615884909e+00,-2.408740051183e-01,9.615884908719e-03,-2.408740051183e-01,24.106586566
5706000000.000000,after_h1,1.012123053441e+00,-2.313362140956e-01,1.212305344073e-02,-2.313362140956e-01,23.165364745
5707000000.000000,after_h1,1.011508580295e+00,-2.271698293006e-01,1.150858029515e-02,-2.271698293006e-01,22.746115880
5708000000.000000,after_h1,1.012153570923e+00,-2.214290636412e-01,1.215357092262e-02,-2.214290636412e-01,22.176234917
5709000000.000000,after_h1,1.015305605275e+00,-2.093587581972e-01,1.530560527479e-02,-2.093587581972e-01,20.991748661
5710000000.000000,after_h1,1.016176668080e+00,-2.055409514695e-01,1.617666807974e-02,-2.055409514695e-01,20.617654406
5711000000.000000,after_h1,1.016955256839e+00,-1.961972605672e-01,1.695525683856e-02,-1.961972605672e-01,19.692852965
5712000000.000000,after_h1,1.018308176610e+00,-1.833196722447e-01,1.830817660982e-02,-1.833196722447e-01,18.423162476
5713000000.000000,after_h1,1.021604906430e+00,-1.769577915300e-01,2.160490642968e-02,-1.769577915300e-01,17.827179240
5714000000.000000,after_h1,1.021292818974e+00,-1.730927968913e-01,2.129281897360e-02,-1.730927968913e-01,17.439753575
5715000000.000000,after_h1,1.021649810383e+00,-1.646784867167e-01,2.164981038342e-02,-1.646784867167e-01,16.609550950
5716000000.000000,after_h1,1.024593590224e+00,-1.515903056788e-01,2.459359022443e-02,-1.515903056788e-01,15.357234600
5717000000.000000,after_h1,1.024072311810e+00,-1.494495665617e-01,2.407231181044e-02,-1.494495665617e-01,15.137585389
5718000000.000000,after_h1,1.026228575640e+00,-1.406961366359e-01,2.622857564016e-02,-1.406961366359e-01,14.312002321
5719000000.000000,after_h1,1.026906239386e+00,-1.310780292773e-01,2.690623938584e-02,-1.310780292773e-01,13.381104393
5720000000.000000,after_h1,1.026394982155e+00,-1.252654223373e-01,2.639498215550e-02,-1.252654223373e-01,12.801609710
5721000000.000000,after_h1,1.028794624973e+00,-1.197147095835e-01,2.879462497344e-02,-1.197147095835e-01,12.312896539
5722000000.000000,after_h1,1.030018238165e+00,-1.091911083187e-01,3.001823816524e-02,-1.091911083187e-01,11.324218630
5723000000.000000,after_h1,1.031376910121e+00,-9.560103061298e-02,3.137691012074e-02,-9.560103061298e-02,10.061842546
5724000000.000000,after_h1,1.030761059412e+00,-8.726928954238e-02,3.076105941249e-02,-8.726928954238e-02,9.253200351
5725000000.000000,after_h1,1.030667600550e+00,-7.843032083644e-02,3.066760055038e-02,-7.843032083644e-02,8.421292626
5726000000.000000,after_h1,1.030400683732e+00,-7.500732076711e-02,3.040068373199e-02,-7.500732076711e-02,8.093392206
5727000000.000000,after_h1,1.031307080412e+00,-6.607850739742e-02,3.130708041237e-02,-6.607850739742e-02,7.311978134
5728000000.000000,after_h1,1.031545278033e+00,-5.776351664610e-02,3.154527803270e-02,-5.776351664610e-02,6.581586755
5729000000.000000,after_h1,1.032683677056e+00,-4.626221035932e-02,3.268367705564e-02,-4.626221035932e-02,5.664287116
5730000000.000000,after_h1,1.033198285150e+00,-3.977080458412e-02,3.319828514974e-02,-3.977080458412e-02,5.180582047
5731000000.000000,after_h1,1.032783663834e+00,-3.216321602786e-02,3.278366383395e-02,-3.216321602786e-02,4.592647471
5732000000.000000,after_h1,1.033959017070e+00,-1.748727723688e-02,3.395901707036e-02,-1.748727723688e-02,3.819711646
5733000000.000000,after_h1,1.032358794219e+00,-2.014744110647e-02,3.235879421910e-02,-2.014744110647e-02,3.811838069
5734000000.000000,after_h1,1.032493379442e+00,-7.702078182762e-03,3.249337944203e-02,-7.702078182762e-03,3.339373767
5735000000.000000,after_h1,1.031992382029e+00,4.178069023930e-03,3.199238202902e-02,4.178069023930e-03,3.226404762
5736000000.000000,after_h1,1.032895227905e+00,1.205204814625e-02,3.289522790478e-02,1.205204814625e-02,3.503352514
5737000000.000000,after_h1,1.032738335182e+00,2.197838674382e-02,3.273833518214e-02,2.197838674382e-02,3.943156191
5738000000.000000,after_h1,1.030118880790e+00,2.863436908011e-02,3.011888078972e-02,2.863436908011e-02,4.155808071
5739000000.000000,after_h1,1.031866009018e+00,3.718053078358e-02,3.186600901827e-02,3.718053078358e-02,4.896768731
5740000000.000000,after_h1,1.030872428727e+00,4.142244292650e-02,3.087242872690e-02,4.142244292650e-02,5.166164567
5741000000.000000,after_h1,1.030574733269e+00,5.052292443642e-02,3.057473326913e-02,5.052292443642e-02,5.905404481
5742000000.000000,after_h1,1.029552448450e+00,5.939266722722e-02,2.955244845030e-02,5.939266722722e-02,6.633879807
5743000000.000000,after_h1,1.028605510049e+00,6.568440084927e-02,2.860551004864e-02,6.568440084927e-02,7.164297398
5744000000.000000,after_h1,1.028210007590e+00,7.318879337720e-02,2.821000759024e-02,7.318879337720e-02,7.843726158
5745000000.000000,after_h1,1.027515318016e+00,8.412015477780e-02,2.751531801634e-02,8.412015477780e-02,8.850589339
5746000000.000000,after_h1,1.027768559463e+00,9.294387758197e-02,2.776855946256e-02,9.294387758197e-02,9.700338795
5747000000.000000,after_h1,1.025487698281e+00,9.765367292932e-02,2.548769828116e-02,9.765367292932e-02,10.092503456
5748000000.000000,after_h1,1.024553491810e+00,1.080995426246e-01,2.455349181010e-02,1.080995426246e-01,11.085298857
5749000000.000000,after_h1,1.024177088079e+00,1.138701458484e-01,2.417708807894e-02,1.138701458484e-01,11.640851216
5750000000.000000,after_h1,1.023708925667e+00,1.134248171500e-01,2.370892566748e-02,1.134248171500e-01,11.587623700
5751000000.000000,after_h1,1.022171765449e+00,1.242474578685e-01,2.217176544947e-02,1.242474578685e-01,12.621021341
5752000000.000000,after_h1,1.022886584643e+00,1.304661481408e-01,2.288658464346e-02,1.304661481408e-01,13.245833899
5753000000.000000,after_h1,1.021124283541e+00,1.385955018510e-01,2.112428354125e-02,1.385955018510e-01,14.019610725
5754000000.000000,after_h1,1.019249186469e+00,1.450719357150e-01,1.924918646874e-02,1.450719357150e-01,14.634342388
5755000000.000000,after_h1,1.019414506636e+00,1.495703326241e-01,1.941450663624e-02,1.495703326241e-01,15.082508899
5756000000.000000,after_h1,1.017613390396e+00,1.559483567793e-01,1.761339039577e-02,1.559483567793e-01,15.693986588
5757000000.000000,after_h1,1.016676148565e+00,1.611918159570e-01,1.667614856474e-02,1.611918159570e-01,16.205213810
5758000000.000000,after_h1,1.016696613723e+00,1.612361465645e-01,1.669661372321e-02,1.612361465645e-01,16.209834012
5759000000.000000,after_h1,1.014663144118e+00,1.684156733119e-01,1.466314411777e-02,1.684156733119e-01,16.905279297
5760000000.000000,after_h1,1.014533246425e+00,1.758737885530e-01,1.453324642533e-02,1.758737885530e-01,17.647324089
5761000000.000000,after_h1,1.013517783990e+00,1.803081590116e-01,1.351778399021e-02,1.803081590116e-01,18.081416618
5762000000.000000,after_h1,1.013544068848e+00,1.784350428008e-01,1.354406884832e-02,1.784350428008e-01,17.894833416
5763000000.000000,after_h1,1.009973400133e+00,1.917851977442e-01,9.973400132948e-03,1.917851977442e-01,19.204434588
5764000000.000000,after_h1,1.011429559519e+00,1.911250445229e-01,1.142955951938e-02,1.911250445229e-01,19.146649178
5765000000.000000,after_h1,1.010402903342e+00,1.985981117423e-01,1.040290334169e-02,1.985981117423e-01,19.887038589
5766000000.000000,after_h1,1.008499563721e+00,2.014743125202e-01,8.499563721457e-03,2.014743125202e-01,20.165351767
5767000000.000000,after_h1,1.008456863115e+00,2.016317034828e-01,8.456863115389e-03,2.016317034828e-01,20.180897498
5768000000.000000,after_h1,1.009049581579e+00,2.015621739557e-01,9.049581579387e-03,2.015621739557e-01,20.176522222
5769000000.000000,after_h1,1.007015014782e+00,2.083324956432e-01,7.015014781994e-03,2.083324956432e-01,20.845056770
5770000000.000000,after_h1,1.007692058777e+00,2.095278956570e-01,7.692058776728e-03,2.095278956570e-01,20.966904117
5771000000.000000,after_h1,1.006920617879e+00,2.096650603552e-01,6.920617879089e-03,2.096650603552e-01,20.977924703
5772000000.000000,after_h1,1.005727069644e+00,2.121885374668e-01,5.727069643808e-03,2.121885374668e-01,21.226581156
5773000000.000000,after_h1,1.006145185820e+00,2.163665454879e-01,6.145185820417e-03,2.163665454879e-01,21.645379487
5774000000.000000,after_h1,1.005290832108e+00,2.155290666566e-01,5.290832107743e-03,2.155290666566e-01,21.559399685
5775000000.000000,after_h1,1.003658052608e+00,2.134105291917e-01,3.658052607593e-03,2.134105291917e-01,21.344187808
5776000000.000000,after_h1,1.004653398620e+00,2.147118431893e-01,4.653398619851e-03,2.147118431893e-01,21.476226327
5777000000.000000,after_h1,1.004300045402e+00,2.160654315008e-01,4.300045401810e-03,2.160654315008e-01,21.610821613
5778000000.000000,after_h1,1.004000708437e+00,2.170146404926e-01,4.000708436780e-03,2.170146404926e-01,21.705151429
5779000000.000000,after_h1,1.003963946774e+00,2.158230632400e-01,3.963946773590e-03,2.158230632400e-01,21.585946238
5780000000.000000,after_h1,1.005358502869e+00,2.185498993475e-01,5.358502869304e-03,2.185498993475e-01,21.861558055
5781000000.000000,after_h1,1.005386443066e+00,2.144926718006e-01,5.386443065757e-03,2.144926718006e-01,21.456029461
5782000000.000000,after_h1,1.004849225236e+00,2.136504394610e-01,4.849225235973e-03,2.136504394610e-01,21.370546382
5783000000.000000,after_h1,1.005703631684e+00,2.079288091184e-01,5.703631683589e-03,2.079288091184e-01,20.800702170
5784000000.000000,after_h1,1.004188389499e+00,2.108474052158e-01,4.188389499118e-03,2.108474052158e-01,21.088900136
5785000000.000000,after_h1,1.005208735880e+00,2.112735713363e-01,5.208735879533e-03,2.112735713363e-01,21.133776964
5786000000.000000,after_h1,1.005832522268e+00,2.056548977969e-01,5.832522267981e-03,2.056548977969e-01,20.573758846
5787000000.000000,after_h1,1.006717158000e+00,2.015780661888e-01,6.717158000420e-03,2.015780661888e-01,20.168995260
5788000000.000000,after_h1,1.007254349352e+00,2.012764514557e-01,7.254349352295e-03,2.012764514557e-01,20.140713864
5789000000.000000,after_h1,1.006214165864e+00,2.006964429155e-01,6.214165864121e-03,2.006964429155e-01,20.079262451
5790000000.000000,after_h1,1.007214685170e+00,1.989519715309e-01,7.214685169917e-03,1.989519715309e-01,19.908274325
5791000000.000000,after_h1,1.007176885509e+00,1.945964783410e-01,7.176885508707e-03,1.945964783410e-01,19.472877822
5792000000.000000,after_h1,1.006678949557e+00,1.980746477382e-01,6.678949556723e-03,1.980746477382e-01,19.818722069
5793000000.000000,after_h1,1.009882417978e+00,1.877628771196e-01,9.882417978488e-03,1.877628771196e-01,18.802276514
5794000000.000000,after_h1,1.007177424925e+00,1.864760775975e-01,7.177424924821e-03,1.864760775975e-01,18.661415526
5795000000.000000,after_h1,1.010465507442e+00,1.776837719725e-01,1.046550744208e-02,1.776837719725e-01,17.799171236
5796000000.000000,after_h1,1.010120737086e+00,1.787302640845e-01,1.012073708590e-02,1.787302640845e-01,17.901658197
5797000000.000000,after_h1,1.011188618991e+00,1.725241932211e-01,1.118861899135e-02,1.725241932211e-01,17.288661730
5798000000.000000,after_h1,1.011319109207e+00,1.674046329823e-01,1.131910920676e-02,1.674046329823e-01,16.778686891
5799000000.000000,after_h1,1.013224466231e+00,1.612313066535e-01,1.322446623145e-02,1.612313066535e-01,16.177274416
5800000000.000000,after_h1,1.013809956501e+00,1.536210564693e-01,1.380995650052e-02,1.536210564693e-01,15.424053906
5801000000.000000,after_h1,1.014302569701e+00,1.479791523826e-01,1.430256970057e-02,1.479791523826e-01,14.866873592
5802000000.000000,after_h1,1.015936129172e+00,1.413275501162e-01,1.593612917229e-02,1.413275501162e-01,14.222319303
5803000000.000000,after_h1,1.016134579375e+00,1.387777765923e-01,1.613457937527e-02,1.387777765923e-01,13.971254749
5804000000.000000,after_h1,1.016454631286e+00,1.327416983594e-01,1.645463128615e-02,1.327416983594e-01,13.375766660
5805000000.000000,after_h1,1.017907970666e+00,1.248974050983e-01,1.790797066647e-02,1.248974050983e-01,12.617470909
5806000000.000000,after_h1,1.017946061763e+00,1.152650051474e-01,1.794606176259e-02,1.152650051474e-01,11.665368637
5807000000.000000,after_h1,1.019352499974e+00,1.124732375571e-01,1.935249997391e-02,1.124732375571e-01,11.412601992
5808000000.000000,after_h1,1.019923109823e+00,9.896842885611e-02,1.992310982284e-02,9.896842885611e-02,10.095385191
5809000000.000000,after_h1,1.019005685789e+00,9.917126407424e-02,1.900568578919e-02,9.917126407424e-02,10.097601552
5810000000.000000,after_h1,1.020463683850e+00,9.016846942146e-02,2.046368384952e-02,9.016846942146e-02,9.246142566
5811000000.000000,after_h1,1.020540870855e+00,8.224506835790e-02,2.054087085513e-02,8.224506835790e-02,8.477133150
5812000000.000000,after_h1,1.021347505259e+00,7.329260381237e-02,2.134750525863e-02,7.329260381237e-02,7.633820639
5813000000.000000,after_h1,1.021272245379e+00,7.041239400120e-02,2.127224537918e-02,7.041239400120e-02,7.355551409
5814000000.000000,after_h1,1.022519967222e+00,6.375470350516e-02,2.251996722172e-02,6.375470350516e-02,6.761516947
5815000000.000000,after_h1,1.023946851080e+00,4.884213428232e-02,2.394685108019e-02,4.884213428232e-02,5.439674400
5816000000.000000,after_h1,1.022976300131e+00,4.454550856132e-02,2.297630013139e-02,4.454550856132e-02,5.012197822
5817000000.000000,after_h1,1.023449170777e+00,3.443914750191e-02,2.344917077719e-02,3.443914750191e-02,4.166435516
5818000000.000000,after_h1,1.023403007236e+00,2.340955829709e-02,2.340300723630e-02,2.340955829709e-02,3.310148286
5819000000.000000,after_h1,1.023482778819e+00,1.441078119637e-02,2.348277881899e-02,1.441078119637e-02,2.755197844
5820000000.000000,after_h1,1.024397386794e+00,7.811744927908e-03,2.439738679389e-02,7.811744927908e-03,2.561749092
5821000000.000000,after_h1,1.024865354161e+00,-9.395724227187e-03,2.486535416116e-02,-9.395724227187e-03,2.658129928
5822000000.000000,after_h1,1.022888554734e+00,-1.202004917088e-02,2.288855473374e-02,-1.202004917088e-02,2.585280487
5823000000.000000,after_h1,1.022455881210e+00,-2.107868169000e-02,2.245588120977e-02,-2.107868169000e-02,3.079898412
5824000000.000000,after_h1,1.023901772725e+00,-2.851177815520e-02,2.390177272482e-02,-2.851177815520e-02,3.720505655
5825000000.000000,after_h1,1.023400466181e+00,-3.200083850679e-02,2.340046618121e-02,-3.200083850679e-02,3.964385807
5826000000.000000,after_h1,1.022314181350e+00,-4.270051350725e-02,2.231418135044e-02,-4.270051350725e-02,4.817942033
5827000000.000000,after_h1,1.021171121407e+00,-5.669409106698e-02,2.117112140727e-02,-5.669409106698e-02,6.051806626
5828000000.000000,after_h1,1.022521014840e+00,-6.218218082144e-02,2.252101484046e-02,-6.218218082144e-02,6.613486011
5829000000.000000,after_h1,1.022157378433e+00,-7.501509912029e-02,2.215737843305e-02,-7.501509912029e-02,7.821901633
5830000000.000000,after_h1,1.018823727869e+00,-8.343071084678e-02,1.882372786878e-02,-8.343071084678e-02,8.552786823
5831000000.000000,after_h1,1.018660271881e+00,-8.943616067111e-02,1.866027188087e-02,-8.943616067111e-02,9.136209598
5832000000.000000,after_h1,1.018451113300e+00,-9.581772638146e-02,1.845111330029e-02,-9.581772638146e-02,9.757807270
5833000000.000000,after_h1,1.017969593935e+00,-1.069973330700e-01,1.796959393468e-02,-1.069973330700e-01,10.849578605
5834000000.000000,after_h1,1.015803542799e+00,-1.169625582428e-01,1.580354279870e-02,-1.169625582428e-01,11.802538708
5835000000.000000,after_h1,1.015055562589e+00,-1.224879722321e-01,1.505556258856e-02,-1.224879722321e-01,12.340977800
5836000000.000000,after_h1,1.013354082714e+00,-1.358275212921e-01,1.335408271402e-02,-1.358275212921e-01,13.648240570
5837000000.000000,after_h1,1.012312405661e+00,-1.417983970262e-01,1.231240566140e-02,-1.417983970262e-01,14.233193855
5838000000.000000,after_h1,1.010751565588e+00,-1.542036696652e-01,1.075156558770e-02,-1.542036696652e-01,15.457803175
5839000000.000000,after_h1,1.009753555418e+00,-1.609221868331e-01,9.753555418132e-03,-1.609221868331e-01,16.121749923
5840000000.000000,after_h1,1.006989620562e+00,-1.699945699871e-01,6.989620561887e-03,-1.699945699871e-01,17.013820447
5841000000.000000,after_h1,1.008541726608e+00,-1.717175115447e-01,8.541726607673e-03,-1.717175115447e-01,17.192982541
5842000000.000000,after_h1,1.005212570907e+00,-1.878310538517e-01,5.212570906984e-03,-1.878310538517e-01,18.790336795
5843000000.000000,after_h1,1.002721721362e+00,-1.961248300410e-01,2.721721361758e-03,-1.961248300410e-01,19.614371447
5844000000.000000,after_h1,1.001216510922e+00,-2.023822763253e-01,1.216510922441e-03,-2.023822763253e-01,20.238593249
5845000000.000000,after_h1,9.993675690215e-01,-2.107425838980e-01,-6.324309785074e-04,-2.107425838980e-01,21.074353285
5846000000.000000,after_h1,9.993487314781e-01,-2.160754173634e-01,-6.512685219330e-04,-2.160754173634e-01,21.607639885
5847000000.000000,after_h1,9.971009716409e-01,-2.227872319799e-01,-2.899028359095e-03,-2.227872319799e-01,22.280609305
5848000000.000000,after_h1,9.937967195289e-01,-2.333046790841e-01,-6.203280471118e-03,-2.333046790841e-01,23.338713326
5849000000.000000,after_h1,9.926236267665e-01,-2.405995630160e-01,-7.376373233505e-03,-2.405995630160e-01,24.071260998
5850000000.000000,after_h1,9.909631797513e-01,-2.469165456044e-01,-9.036820248664e-03,-2.469165456044e-01,24.708185812
5851000000.000000,after_h1,9.898082857820e-01,-2.535108650732e-01,-1.019171421798e-02,-2.535108650732e-01,25.371564743
5852000000.000000,after_h1,9.879735375065e-01,-2.605667115311e-01,-1.202646249346e-02,-2.605667115311e-01,26.084410470
5853000000.000000,after_h1,9.864498486962e-01,-2.692850474525e-01,-1.355015130384e-02,-2.692850474525e-01,26.962574688
5854000000.000000,after_h1,9.817316900268e-01,-2.779388181212e-01,-1.826830997323e-02,-2.779388181212e-01,27.853853911
5855000000.000000,after_h1,9.818665312901e-01,-2.839880610818e-01,-1.813346870995e-02,-2.839880610818e-01,28.456640969
5856000000.000000,after_h1,9.794544394814e-01,-2.863742335563e-01,-2.054556051862e-02,-2.863742335563e-01,28.711029536
5857000000.000000,after_h1,9.770751753848e-01,-2.929289386763e-01,-2.292482461521e-02,-2.929289386763e-01,29.382462575
5858000000.000000,after_h1,9.764185294850e-01,-2.956392032691e-01,-2.358147051500e-02,-2.956392032691e-01,29.657819249
5859000000.000000,after_h1,9.719329140729e-01,-3.074699350861e-01,-2.806708592714e-02,-3.074699350861e-01,30.874831545
5860000000.000000,after_h1,9.727330792215e-01,-3.065999844719e-01,-2.726692077845e-02,-3.065999844719e-01,30.781006391
5861000000.000000,after_h1,9.709483819094e-01,-3.128560167639e-01,-2.905161809058e-02,-3.128560167639e-01,31.420197921
5862000000.000000,after_h1,9.688164924755e-01,-3.190837175814e-01,-3.118350752449e-02,-3.190837175814e-01,32.060385208
5863000000.000000,after_h1,9.654076485795e-01,-3.234778312121e-01,-3.459235142054e-02,-3.234778312121e-01,32.532220653
5864000000.000000,after_h1,9.653874265856e-01,-3.272284350957e-01,-3.461257341439e-02,-3.272284350957e-01,32.905391500
5865000000.000000,after_h1,9.640329155027e-01,-3.301760950196e-01,-3.596708449730e-02,-3.301760950196e-01,33.212931953
5866000000.000000,after_h1,9.644601711923e-01,-3.349090430247e-01,-3.553982880773e-02,-3.349090430247e-01,33.678946915
5867000000.000000,after_h1,9.597753372366e-01,-3.398884259816e-01,-4.022466276339e-02,-3.398884259816e-01,34.226037692
5868000000.000000,after_h1,9.609484190038e-01,-3.414025268179e-01,-3.905158099616e-02,-3.414025268179e-01,34.362874050
5869000000.000000,after_h1,9.599329489853e-01,-3.443724941154e-01,-4.006705101465e-02,-3.443724941154e-01,34.669551956
5870000000.000000,after_h1,9.585987455635e-01,-3.448829920579e-01,-4.140125443650e-02,-3.448829920579e-01,34.735909673
5871000000.000000,after_h1,9.546450535085e-01,-3.509667280656e-01,-4.535494649149e-02,-3.509667280656e-01,35.388517259
5872000000.000000,after_h1,9.548359204445e-01,-3.519146528854e-01,-4.516407955548e-02,-3.519146528854e-01,35.480095405
5873000000.000000,after_h1,9.557680362863e-01,-3.519147061399e-01,-4.423196371375e-02,-3.519147061399e-01,35.468355898
5874000000.000000,after_h1,9.530945748245e-01,-3.567905998913e-01,-4.690542517551e-02,-3.567905998913e-01,35.986059951
5875000000.000000,after_h1,9.531161934817e-01,-3.561129814411e-01,-4.688380651832e-02,-3.561129814411e-01,35.918595026
5876000000.000000,after_h1,9.520965323781e-01,-3.592174756625e-01,-4.790346762193e-02,-3.592174756625e-01,36.239748486
5877000000.000000,after_h1,9.535289153873e-01,-3.557923651579e-01,-4.647108461273e-02,-3.557923651579e-01,35.881439326
5878000000.000000,after_h1,9.512553936185e-01,-3.592450616968e-01,-4.874460638154e-02,-3.592450616968e-01,36.253696502
5879000000.000000,after_h1,9.528765730742e-01,-3.564871113749e-01,-4.712342692583e-02,-3.564871113749e-01,35.958820607
5880000000.000000,after_h1,9.517369287762e-01,-3.580779515729e-01,-4.826307122375e-02,-3.580779515729e-01,36.131584998
5881000000.000000,after_h1,9.505170298265e-01,-3.623392248796e-01,-4.948297017352e-02,-3.623392248796e-01,36.570244492
5882000000.000000,after_h1,9.513056277562e-01,-3.589689122435e-01,-4.869437224382e-02,-3.589689122435e-01,36.225656909
5883000000.000000,after_h1,9.505953940980e-01,-3.595140492677e-01,-4.940460590202e-02,-3.595140492677e-01,36.289277577
5884000000.000000,after_h1,9.531617505520e-01,-3.545163847426e-01,-4.683824944798e-02,-3.545163847426e-01,35.759710382
5885000000.000000,after_h1,9.533523027084e-01,-3.530226568461e-01,-4.664769729162e-02,-3.530226568461e-01,35.609128592
5886000000.000000,after_h1,9.525125719167e-01,-3.531558352589e-01,-4.748742808334e-02,-3.531558352589e-01,35.633425292
5887000000.000000,after_h1,9.533620750403e-01,-3.543845722439e-01,-4.663792495974e-02,-3.543845722439e-01,35.744023429
5888000000.000000,after_h1,9.547323622349e-01,-3.502870035214e-01,-4.526763776514e-02,-3.502870035214e-01,35.319986391
5889000000.000000,after_h1,9.563033504991e-01,-3.461865642007e-01,-4.369664950093e-02,-3.461865642007e-01,34.893342404
5890000000.000000,after_h1,9.534984383638e-01,-3.478826575321e-01,-4.650156163619e-02,-3.478826575321e-01,35.097683491
5891000000.000000,after_h1,9.557951651731e-01,-3.425513089265e-01,-4.420483482689e-02,-3.425513089265e-01,34.539175825
5892000000.000000,after_h1,9.563935215932e-01,-3.402566392049e-01,-4.360647840685e-02,-3.402566392049e-01,34.303951009
5893000000.000000,after_h1,9.560902402206e-01,-3.381548953261e-01,-4.390975977942e-02,-3.381548953261e-01,34.099384193
5894000000.000000,after_h1,9.589193532775e-01,-3.327731303702e-01,-4.108064672254e-02,-3.327731303702e-01,33.529923327
5895000000.000000,after_h1,9.597788375477e-01,-3.316824332115e-01,-4.022116245234e-02,-3.316824332115e-01,33.411222428
5896000000.000000,after_h1,9.620197346949e-01,-3.222918005152e-01,-3.798026530514e-02,-3.222918005152e-01,32.452196417
5897000000.000000,after_h1,9.626706096279e-01,-3.183346514127e-01,-3.732939037206e-02,-3.183346514127e-01,32.051588678
5898000000.000000,after_h1,9.639840892575e-01,-3.191474111534e-01,-3.601591074252e-02,-3.191474111534e-01,32.117318673
5899000000.000000,after_h1,9.651763415408e-01,-3.131320317844e-01,-3.482365845915e-02,-3.131320317844e-01,31.506246447
5900000000.000000,after_h1,9.669954112836e-01,-3.025858642336e-01,-3.300458871643e-02,-3.025858642336e-01,30.438053175
5901000000.000000,after_h1,9.698764295157e-01,-2.972079293268e-01,-3.012357048426e-02,-2.972079293268e-01,29.873061904
5902000000.000000,after_h1,9.709574728297e-01,-2.916120317316e-01,-2.904252717025e-02,-2.916120317316e-01,29.305467994
5903000000.000000,after_h1,9.725462846529e-01,-2.868883799757e-01,-2.745371534713e-02,-2.868883799757e-01,28.819897476
5904000000.000000,after_h1,9.751503084717e-01,-2.810627560318e-01,-2.484969152833e-02,-2.810627560318e-01,28.215913949
5905000000.000000,after_h1,9.750697023792e-01,-2.755848988031e-01,-2.493029762077e-02,-2.755848988031e-01,27.671023868
5906000000.000000,after_h1,9.760303932376e-01,-2.669211487774e-01,-2.396960676240e-02,-2.669211487774e-01,26.799522703
5907000000.000000,after_h1,9.799895935471e-01,-2.611354009583e-01,-2.001040645289e-02,-2.611354009583e-01,26.190096220
5908000000.000000,after_h1,9.809172243327e-01,-2.520085410549e-01,-1.908277566726e-02,-2.520085410549e-01,25.273000829
5909000000.000000,after_h1,9.825943559873e-01,-2.450891240702e-01,-1.740564401272e-02,-2.450891240702e-01,24.570640037
5910000000.000000,after_h1,9.838761875488e-01,-2.406288246911e-01,-1.612381245117e-02,-2.406288246911e-01,24.116842372
5911000000.000000,after_h1,9.861685182728e-01,-2.316044145222e-01,-1.383148172719e-02,-2.316044145222e-01,23.201705694
5912000000.000000,after_h1,9.886288437569e-01,-2.228887281329e-01,-1.137115624313e-02,-2.228887281329e-01,22.317860185
5913000000.000000,after_h1,9.895175074097e-01,-2.162420101139e-01,-1.048249259026e-02,-2.162420101139e-01,21.649593435
5914000000.000000,after_h1,9.920074673001e-01,-2.058261449933e-01,-7.992532699879e-03,-2.058261449933e-01,20.598126745
5915000000.000000,after_h1,9.923312215038e-01,-1.996998052239e-01,-7.668778496235e-03,-1.996998052239e-01,19.984699740
5916000000.000000,after_h1,9.940898646452e-01,-1.888568193948e-01,-5.910135354768e-03,-1.888568193948e-01,18.894927344
5917000000.000000,after_h1,9.960791500364e-01,-1.780867686990e-01,-3.920849963599e-03,-1.780867686990e-01,17.812992520
5918000000.000000,after_h1,9.974642366164e-01,-1.695315487349e-01,-2.535763383623e-03,-1.695315487349e-01,16.955051198
5919000000.000000,after_h1,9.990815145324e-01,-1.608587369409e-01,-9.184854676350e-04,-1.608587369409e-01,16.086135914
5920000000.000000,after_h1,1.002001506316e+00,-1.509491500110e-01,2.001506316486e-03,-1.509491500110e-01,15.096241889
5921000000.000000,after_h1,1.001195665542e+00,-1.474810651439e-01,1.195665541915e-03,-1.474810651439e-01,14.748591184
5922000000.000000,after_h1,1.002307088293e+00,-1.324092403118e-01,2.307088292956e-03,-1.324092403118e-01,13.242933805
5923000000.000000,after_h1,1.004036995517e+00,-1.255104711263e-01,4.036995516832e-03,-1.255104711263e-01,12.557537854
5924000000.000000,after_h1,1.004367583814e+00,-1.142657861805e-01,4.367583814073e-03,-1.142657861805e-01,11.434922684
5925000000.000000,after_h1,1.005801367074e+00,-1.072544693285e-01,5.801367074276e-03,-1.072544693285e-01,10.741125198
5926000000.000000,after_h1,1.006814351431e+00,-9.453681795085e-02,6.814351430783e-03,-9.453681795085e-02,9.478209395
5927000000.000000,after_h1,1.007587109395e+00,-8.640575253423e-02,7.587109395463e-03,-8.640575253423e-02,8.673821707
5928000000.000000,after_h1,1.007008410702e+00,-7.443505293264e-02,7.008410701669e-03,-7.443505293264e-02,7.476426236
5929000000.000000,after_h1,1.009013765249e+00,-6.182560279302e-02,9.013765249221e-03,-6.182560279302e-02,6.247922154
5930000000.000000,after_h1,1.009521496159e+00,-5.364132199945e-02,9.521496158726e-03,-5.364132199945e-02,5.447981567
5931000000.000000,after_h1,1.010004545029e+00,-4.269741834726e-02,1.000454502850e-02,-4.269741834726e-02,4.385385336
5932000000.000000,after_h1,1.010369555251e+00,-2.792687015506e-02,1.036955525126e-02,-2.792687015506e-02,2.978989347
5933000000.000000,after_h1,1.008317434200e+00,-1.997332879785e-02,8.317434199647e-03,-1.997332879785e-02,2.163593250
5934000000.000000,after_h1,1.010309964008e+00,-1.580605663071e-02,1.030996400811e-02,-1.580605663071e-02,1.887132174
5935000000.000000,after_h1,1.010449127484e+00,-4.324897225205e-03,1.044912748373e-02,-4.324897225205e-03,1.130880193
5936000000.000000,after_h1,1.010947163895e+00,1.002960156414e-02,1.094716389528e-02,1.002960156414e-02,1.484699649
5937000000.000000,after_h1,1.008605351086e+00,2.000626253665e-02,8.605351085550e-03,2.000626253665e-02,2.177848957
5938000000.000000,after_h1,1.009452215022e+00,2.497612522534e-02,9.452215022013e-03,2.497612522534e-02,2.670489094
5939000000.000000,after_h1,1.010687389097e+00,4.127518584601e-02,1.068738909706e-02,4.127518584601e-02,4.263638414
5940000000.000000,after_h1,1.008543478419e+00,5.023890836132e-02,8.543478419388e-03,5.023890836132e-02,5.096017010
5941000000.000000,after_h1,1.006738784842e+00,6.480332061955e-02,6.738784842113e-03,6.480332061955e-02,6.515275577
5942000000.000000,after_h1,1.007137117308e+00,7.186292946097e-02,7.137117307781e-03,7.186292946097e-02,7.221647370
5943000000.000000,after_h1,1.006742977786e+00,7.781277271198e-02,6.742977785935e-03,7.781277271198e-02,7.810438750
5944000000.000000,after_h1,1.005009131492e+00,9.106636892033e-02,5.009131491835e-03,9.106636892033e-02,9.120402922
5945000000.000000,after_h1,1.004708561132e+00,1.004895562836e-01,4.708561132073e-03,1.004895562836e-01,10.059980850
5946000000.000000,after_h1,1.003824270209e+00,1.070462966219e-01,3.824270208953e-03,1.070462966219e-01,10.711458660
5947000000.000000,after_h1,1.001337351124e+00,1.238555356423e-01,1.337351123915e-03,1.238555356423e-01,12.386275557
5948000000.000000,after_h1,9.992204325527e-01,1.299917466615e-01,-7.795674472697e-04,1.299917466615e-01,12.999408419
5949000000.000000,after_h1,1.000345604319e+00,1.338537367933e-01,3.456043193875e-04,1.338537367933e-01,13.385418296
5950000000.000000,after_h1,9.980769030177e-01,1.492716528488e-01,-1.923096982349e-03,1.492716528488e-01,14.928404016
5951000000.000000,after_h1,9.971601635061e-01,1.576187998565e-01,-2.839836493887e-03,1.576187998565e-01,15.764438062
5952000000.000000,after_h1,9.955324307979e-01,1.623278043535e-01,-4.467569202093e-03,1.623278043535e-01,16.238927071
5953000000.000000,after_h1,9.928714558556e-01,1.749592488057e-01,-7.128544144356e-03,1.749592488057e-01,17.510441138
5954000000.000000,after_h1,9.934342204290e-01,1.826266048526e-01,-6.565779571049e-03,1.826266048526e-01,18.274459297
5955000000.000000,after_h1,9.896234882218e-01,1.975606790646e-01,-1.037651177821e-02,1.975606790646e-01,19.783299500
5956000000.000000,after_h1,9.889771336359e-01,2.040111571553e-01,-1.102286636408e-02,2.040111571553e-01,20.430872675
5957000000.000000,after_h1,9.869352612148e-01,2.121247280376e-01,-1.306473878517e-02,2.121247280376e-01,21.252667514
5958000000.000000,after_h1,9.864093817098e-01,2.165872194135e-01,-1.359061829018e-02,2.165872194135e-01,21.701319895
5959000000.000000,after_h1,9.839659878157e-01,2.251042919809e-01,-1.603401218426e-02,2.251042919809e-01,22.567461491
5960000000.000000,after_h1,9.805840982771e-01,2.350864078404e-01,-1.941590172287e-02,2.350864078404e-01,23.588682963
5961000000.000000,after_h1,9.783046550523e-01,2.427184696176e-01,-2.169534494774e-02,2.427184696176e-01,24.368615776
5962000000.000000,after_h1,9.778367529342e-01,2.471268221604e-01,-2.216324706580e-02,2.471268221604e-01,24.811867272
5963000000.000000,after_h1,9.764959075537e-01,2.526824890554e-01,-2.350409244627e-02,2.526824890554e-01,25.377328984
5964000000.000000,after_h1,9.737080860997e-01,2.623848394129e-01,-2.629191390026e-02,2.623848394129e-01,26.369882194
5965000000.000000,after_h1,9.752298685045e-01,2.631742950572e-01,-2.477013149546e-02,2.631742950572e-01,26.433741505
5966000000.000000,after_h1,9.715653887389e-01,2.741199013722e-01,-2.843461126106e-02,2.741199013722e-01,27.559072453
5967000000.000000,after_h1,9.695660785164e-01,2.797459101483e-01,-3.043392148361e-02,2.797459101483e-01,28.139651352
5968000000.000000,after_h1,9.674498053462e-01,2.860189378744e-01,-3.255019465377e-02,2.860189378744e-01,28.786515592
5969000000.000000,after_h1,9.646884565042e-01,2.936227162506e-01,-3.531154349577e-02,2.936227162506e-01,29.573840569
5970000000.000000,after_h1,9.630994198531e-01,3.000726710350e-01,-3.690058014689e-02,3.000726710350e-01,30.233302948
5971000000.000000,after_h1,9.636542645775e-01,3.009916065608e-01,-3.634573542247e-02,3.009916065608e-01,30.317809898
5972000000.000000,after_h1,9.610320412516e-01,3.085272064377e-01,-3.896795874844e-02,3.085272064377e-01,31.097835764
5973000000.000000,after_h1,9.595394239902e-01,3.108295954342e-01,-4.046057600980e-02,3.108295954342e-01,31.345190318
5974000000.000000,after_h1,9.554882029197e-01,3.244960855160e-01,-4.451179708026e-02,3.244960855160e-01,32.753474563
5975000000.000000,after_h1,9.559975384592e-01,3.218917333074e-01,-4.400246154076e-02,3.218917333074e-01,32.488537147
5976000000.000000,after_h1,9.564239833579e-01,3.230824483768e-01,-4.357601664210e-02,3.230824483768e-01,32.600787978
5977000000.000000,after_h1,9.546745122121e-01,3.258943074152e-01,-4.532548778795e-02,3.258943074152e-01,32.903115270
5978000000.000000,after_h1,9.513759326485e-01,3.325539588486e-01,-4.862406735147e-02,3.325539588486e-01,33.608992171
5979000000.000000,after_h1,9.519970824487e-01,3.365518994554e-01,-4.800291755131e-02,3.365518994554e-01,33.995802847
5980000000.000000,after_h1,9.519417269595e-01,3.371843871191e-01,-4.805827304048e-02,3.371843871191e-01,34.059199715
5981000000.000000,after_h1,9.487282399555e-01,3.415675467902e-01,-5.127176004446e-02,3.415675467902e-01,34.539424199
5982000000.000000,after_h1,9.496159550176e-01,3.424751379427e-01,-5.038404498239e-02,3.424751379427e-01,34.616148269
5983000000.000000,after_h1,9.475853812078e-01,3.463066996638e-01,-5.241461879219e-02,3.463066996638e-01,35.025079942
5984000000.000000,after_h1,9.490022082478e-01,3.437675384778e-01,-5.099779175224e-02,3.437675384778e-01,34.752970416
5985000000.000000,after_h1,9.466011482806e-01,3.502162468320e-01,-5.339885171943e-02,3.502162468320e-01,35.426382388
5986000000.000000,after_h1,9.487329981527e-01,3.461670979888e-01,-5.126700184731e-02,3.461670979888e-01,34.994280277
5987000000.000000,after_h1,9.448207688304e-01,3.526080637372e-01,-5.517923116957e-02,3.526080637372e-01,35.689941743
5988000000.000000,after_h1,9.450966680541e-01,3.557487128290e-01,-5.490333194589e-02,3.557487128290e-01,35.996044580
5989000000.000000,after_h1,9.459589753742e-01,3.510817915702e-01,-5.404102462575e-02,3.510817915702e-01,35.521663350
5990000000.000000,after_h1,9.466374591894e-01,3.544222553787e-01,-5.336254081063e-02,3.544222553787e-01,35.841693022
5991000000.000000,after_h1,9.450322653014e-01,3.522441819729e-01,-5.496773469858e-02,3.522441819729e-01,35.650724480
5992000000.000000,after_h1,9.465916036705e-01,3.541205194349e-01,-5.340839632952e-02,3.541205194349e-01,35.812539575
5993000000.000000,after_h1,9.450575510857e-01,3.532820496366e-01,-5.494244891435e-02,3.532820496366e-01,35.752885099
5994000000.000000,after_h1,9.470073499373e-01,3.482089524369e-01,-5.299265006272e-02,3.482089524369e-01,35.221824984
5995000000.000000,after_h1,9.481865793832e-01,3.498061113222e-01,-5.181342061685e-02,3.498061113222e-01,35.362260402
5996000000.000000,after_h1,9.477772609721e-01,3.488450492651e-01,-5.222273902788e-02,3.488450492651e-01,35.273231050
5997000000.000000,after_h1,9.469362800399e-01,3.505063708917e-01,-5.306371996006e-02,3.505063708917e-01,35.450031652
5998000000.000000,after_h1,9.487384947288e-01,3.469185975637e-01,-5.126150527115e-02,3.469185975637e-01,35.068540782
5999000000.000000,after_h1,9.503660588860e-01,3.433892202548e-01,-4.963394111403e-02,3.433892202548e-01,34.695775636
6000000000.000000,after_h1,9.519554674539e-01,3.399360398750e-01,-4.804453254610e-02,3.399360398750e-01,34.331441612
6001000000.000000,after_h1,9.513930256644e-01,3.394710155049e-01,-4.860697433555e-02,3.394710155049e-01,34.293324179
6002000000.000000,after_h1,9.538824318466e-01,3.352462566012e-01,-4.611756815339e-02,3.352462566012e-01,33.840343181
6003000000.000000,after_h1,9.541657251388e-01,3.339069681169e-01,-4.583427486115e-02,3.339069681169e-01,33.703804549
6004000000.000000,after_h1,9.533354300003e-01,3.314704516489e-01,-4.666456999974e-02,3.314704516489e-01,33.473906615
6005000000.000000,after_h1,9.573974035710e-01,3.267910971741e-01,-4.260259642896e-02,3.267910971741e-01,32.955637213
6006000000.000000,after_h1,9.577241053833e-01,3.263053107850e-01,-4.227589461667e-02,3.263053107850e-01,32.903253200
6007000000.000000,after_h1,9.589694944723e-01,3.170494936003e-01,-4.103050552774e-02,3.170494936003e-01,31.969342154
6008000000.000000,after_h1,9.614957317134e-01,3.122558453056e-01,-3.850426828660e-02,3.122558453056e-01,31.462086963
6009000000.000000,after_h1,9.642896190898e-01,3.060987952545e-01,-3.571038091022e-02,3.060987952545e-01,30.817479417
6010000000.000000,after_h1,9.642896451299e-01,3.055905189288e-01,-3.571035487006e-02,3.055905189288e-01,30.766994443
6011000000.000000,after_h1,9.659987247480e-01,2.979160677563e-01,-3.400127525199e-02,2.979160677563e-01,29.985007945
6012000000.000000,after_h1,9.664642108499e-01,2.959373242628e-01,-3.353578915011e-02,2.959373242628e-01,29.783141044
6013000000.000000,after_h1,9.686561887041e-01,2.902473010264e-01,-3.134381129587e-02,2.902473010264e-01,29.193480481
6014000000.000000,after_h1,9.705645671127e-01,2.837455755355e-01,-2.943543288734e-02,2.837455755355e-01,28.526828836
6015000000.000000,after_h1,9.726594515084e-01,2.775317347599e-01,-2.734054849164e-02,2.775317347599e-01,27.887518604
6016000000.000000,after_h1,9.729303792318e-01,2.732205451125e-01,-2.706962076818e-02,2.732205451125e-01,27.455824635
6017000000.000000,after_h1,9.762396946473e-01,2.680069935499e-01,-2.376030535273e-02,2.680069935499e-01,26.905817345
6018000000.000000,after_h1,9.756948079971e-01,2.660168566809e-01,-2.430519200293e-02,2.660168566809e-01,26.712489662
6019000000.000000,after_h1,9.799489882548e-01,2.556167419120e-01,-2.005101174518e-02,2.556167419120e-01,25.640195362
6020000000.000000,after_h1,9.803167970991e-01,2.513539158329e-01,-1.968320290087e-02,2.513539158329e-01,25.212342113
6021000000.000000,after_h1,9.823409370349e-01,2.421274494940e-01,-1.765906296515e-02,2.421274494940e-01,24.277055897
6022000000.000000,after_h1,9.847373509711e-01,2.378731406232e-01,-1.526264902893e-02,2.378731406232e-01,23.836228621
6023000000.000000,after_h1,9.854967687992e-01,2.329786549820e-01,-1.450323120079e-02,2.329786549820e-01,23.342964120
6024000000.000000,after_h1,9.879945946970e-01,2.250313701454e-01,-1.200540530303e-02,2.250313701454e-01,22.535138630
6025000000.000000,after_h1,9.899312159752e-01,2.129446025040e-01,-1.006878402481e-02,2.129446025040e-01,21.318251370
6026000000.000000,after_h1,9.912121734317e-01,2.112409983361e-01,-8.787826568344e-03,2.112409983361e-01,21.142371029
6027000000.000000,after_h1,9.923310473003e-01,2.022827643096e-01,-7.668952699750e-03,2.022827643096e-01,20.242808494
6028000000.000000,after_h1,9.931958385120e-01,2.021181050636e-01,-6.804161487970e-03,2.021181050636e-01,20.223260125
6029000000.000000,after_h1,9.953634318093e-01,1.897775849017e-01,-4.636568190723e-03,1.897775849017e-01,18.983421582
6030000000.000000,after_h1,9.977124766965e-01,1.782515840351e-01,-2.287523303469e-03,1.782515840351e-01,17.826626146
6031000000.000000,after_h1,9.989629651420e-01,1.734426785298e-01,-1.037034858018e-03,1.734426785298e-01,17.344577878
6032000000.000000,after_h1,9.996218109148e-01,1.666914344325e-01,-3.781890852024e-04,1.666914344325e-01,16.669186345
6033000000.000000,after_h1,1.001878525528e+00,1.593821870246e-01,1.878525528114e-03,1.593821870246e-01,15.939325707
6034000000.000000,after_h1,1.000806485202e+00,1.532695762208e-01,8.064852022631e-04,1.532695762208e-01,15.327169802
6035000000.000000,after_h1,1.003689079421e+00,1.469818525860e-01,3.689079421335e-03,1.469818525860e-01,14.702814117
6036000000.000000,after_h1,1.004857923919e+00,1.367948492966e-01,4.857923919070e-03,1.367948492966e-01,13.688108057
6037000000.000000,after_h1,1.006817157351e+00,1.294362232441e-01,6.817157351474e-03,1.294362232441e-01,12.961562221
6038000000.000000,after_h1,1.007717897872e+00,1.189811230371e-01,7.717897871684e-03,1.189811230371e-01,11.923117708
6039000000.000000,after_h1,1.005542014064e+00,1.189877944709e-01,5.542014063819e-03,1.189877944709e-01,11.911678787
6040000000.000000,after_h1,1.009470355804e+00,1.036547878295e-01,9.470355804293e-03,1.036547878295e-01,10.408651536
6041000000.000000,after_h1,1.009347082006e+00,1.008253535405e-01,9.347082005942e-03,1.008253535405e-01,10.125769037
6042000000.000000,after_h1,1.010756638860e+00,9.120127489957e-02,1.075663886000e-02,9.120127489957e-02,9.183342432
6043000000.000000,after_h1,1.009818403944e+00,8.984180629450e-02,9.818403944274e-03,8.984180629450e-02,9.037671832
6044000000.000000,after_h1,1.011899183849e+00,7.690316376176e-02,1.189918384886e-02,7.690316376176e-02,7.781829587
6045000000.000000,after_h1,1.011305296867e+00,7.600132890551e-02,1.130529686691e-02,7.600132890551e-02,7.683756720
6046000000.000000,after_h1,1.012445156094e+00,6.602550616996e-02,1.244515609447e-02,6.602550616996e-02,6.718816395
6047000000.000000,after_h1,1.013374684304e+00,6.247390714845e-02,1.337468430375e-02,6.247390714845e-02,6.388952383
6048000000.000000,after_h1,1.012955262949e+00,4.938739309144e-02,1.295526294909e-02,4.938739309144e-02,5.105833364
6049000000.000000,after_h1,1.014285043409e+00,4.843543922963e-02,1.428504340864e-02,4.843543922963e-02,5.049806173
6050000000.000000,after_h1,1.014214174774e+00,4.295074743594e-02,1.421417477432e-02,4.295074743594e-02,4.524167846
6051000000.000000,after_h1,1.014394514929e+00,3.825678253259e-02,1.439451492936e-02,3.825678253259e-02,4.087521828
6052000000.000000,after_h1,1.014250018739e+00,3.049617456305e-02,1.425001873918e-02,3.049617456305e-02,3.366124919
6053000000.000000,after_h1,1.014262561957e+00,2.308651476976e-02,1.426256195691e-02,2.308651476976e-02,2.713683544
6054000000.000000,after_h1,1.017182437386e+00,1.841622754942e-02,1.718243738602e-02,1.841622754942e-02,2.518717117
6055000000.000000,after_h1,1.016039477866e+00,8.532402287871e-03,1.603947786575e-02,8.532402287871e-03,1.816773896
6056000000.000000,after_h1,1.014403532820e+00,4.508129643208e-03,1.440353281980e-02,4.508129643208e-03,1.509254752
6057000000.000000,after_h1,1.015421344732e+00,1.965225622266e-03,1.542134473195e-02,1.965225622266e-03,1.554606011
6058000000.000000,after_h1,1.017072443853e+00,-2.328465554143e-03,1.707244385271e-02,-2.328465554143e-03,1.723049886
6059000000.000000,after_h1,1.015908664739e+00,-8.698940164354e-03,1.590866473949e-02,-8.698940164354e-03,1.813166219
6060000000.000000,after_h1,1.015683687064e+00,-1.732699318446e-02,1.568368706359e-02,-1.732699318446e-02,2.337098057
6061000000.000000,after_h1,1.015877983767e+00,-1.968335586662e-02,1.587798376724e-02,-1.968335586662e-02,2.528922432
6062000000.000000,after_h1,1.016187527500e+00,-1.897380750625e-02,1.618752750011e-02,-1.897380750625e-02,2.494075817
6063000000.000000,after_h1,1.015944824169e+00,-2.741084469721e-02,1.594482416886e-02,-2.741084469721e-02,3.171106786
6064000000.000000,after_h1,1.016460790722e+00,-2.949725340484e-02,1.646079072156e-02,-2.949725340484e-02,3.377936633
6065000000.000000,after_h1,1.017006631126e+00,-2.905736672379e-02,1.700663112621e-02,-2.905736672379e-02,3.366832433
6066000000.000000,after_h1,1.014651715084e+00,-3.698465897668e-02,1.465171508382e-02,-3.698465897668e-02,3.978112309
6067000000.000000,after_h1,1.017392131617e+00,-4.393996357369e-02,1.739213161700e-02,-4.393996357369e-02,4.725681582
6068000000.000000,after_h1,1.016900658480e+00,-4.298218134090e-02,1.690065848020e-02,-4.298218134090e-02,4.618549740
6069000000.000000,after_h1,1.014693756674e+00,-4.952671690838e-02,1.469375667445e-02,-4.952671690838e-02,5.166045076
6070000000.000000,after_h1,1.016756299135e+00,-4.821416602066e-02,1.675629913521e-02,-4.821416602066e-02,5.104291690
6071000000.000000,after_h1,1.015162054459e+00,-5.442718328789e-02,1.516205445878e-02,-5.442718328789e-02,5.649961218
6072000000.000000,after_h1,1.016595882123e+00,-5.147896101299e-02,1.659588212345e-02,-5.147896101299e-02,5.408795365
6073000000.000000,after_h1,1.017501670394e+00,-4.997716582096e-02,1.750167039351e-02,-4.997716582096e-02,5.295305062
6074000000.000000,after_h1,1.016983493588e+00,-5.811135673272e-02,1.698349358836e-02,-5.811135673272e-02,6.054228965
6075000000.000000,after_h1,1.015754102053e+00,-5.502885716268e-02,1.575410205266e-02,-5.502885716268e-02,5.723955671
6076000000.000000,after_h1,1.016804270091e+00,-5.527982524707e-02,1.680427009109e-02,-5.527982524707e-02,5.777752654
6077000000.000000,after_h1,1.016054923726e+00,-6.218010366184e-02,1.605492372641e-02,-6.218010366184e-02,6.421935742
6078000000.000000,after_h1,1.015855062552e+00,-6.282714107548e-02,1.585506255206e-02,-6.282714107548e-02,6.479685690
6079000000.000000,after_h1,1.016507327496e+00,-5.887294770135e-02,1.650732749634e-02,-5.887294770135e-02,6.114340383
6080000000.000000,after_h1,1.016902821705e+00,-5.838020600936e-02,1.690282170512e-02,-5.838020600936e-02,6.077790582
6081000000.000000,after_h1,1.016752576252e+00,-5.737696904491e-02,1.675257625199e-02,-5.737696904491e-02,5.977261403
6082000000.000000,after_h1,1.018038523937e+00,-5.658575269519e-02,1.803852393689e-02,-5.658575269519e-02,5.939137777
6083000000.000000,after_h1,1.017497916632e+00,-5.628576429839e-02,1.749791663237e-02,-5.628576429839e-02,5.894289057
6084000000.000000,after_h1,1.017649823170e+00,-5.639750579225e-02,1.764982317033e-02,-5.639750579225e-02,5.909479603
6085000000.000000,after_h1,1.017391342299e+00,-5.587898817761e-02,1.739134229914e-02,-5.587898817761e-02,5.852281698
6086000000.000000,after_h1,1.016544913141e+00,-5.165422307260e-02,1.654491314093e-02,-5.165422307260e-02,5.423921932
6087000000.000000,after_h1,1.018293583270e+00,-5.565168995597e-02,1.829358327032e-02,-5.565168995597e-02,5.858127503
6088000000.000000,after_h1,1.017381296719e+00,-5.055662120785e-02,1.738129671853e-02,-5.055662120785e-02,5.346102715
6089000000.000000,after_h1,1.018142662488e+00,-5.189874215361e-02,1.814266248757e-02,-5.189874215361e-02,5.497850161
6090000000.000000,after_h1,1.018245905060e+00,-5.168731373915e-02,1.824590505957e-02,-5.168731373915e-02,5.481324158
6091000000.000000,after_h1,1.017874361534e+00,-4.576919760474e-02,1.787436153449e-02,-4.576919760474e-02,4.913565151
6092000000.000000,after_h1,1.017540140149e+00,-4.280662481269e-02,1.754014014930e-02,-4.280662481269e-02,4.626082192
6093000000.000000,after_h1,1.019589856241e+00,-3.746453455583e-02,1.958985624101e-02,-3.746453455583e-02,4.227710748
6094000000.000000,after_h1,1.019955257716e+00,-3.454957048202e-02,1.995525771630e-02,-3.454957048202e-02,3.989843520
6095000000.000000,after_h1,1.019784967604e+00,-2.847841190650e-02,1.978496760386e-02,-2.847841190650e-02,3.467657549
6096000000.000000,after_h1,1.019583539079e+00,-3.185950331508e-02,1.958353907945e-02,-3.185950331508e-02,3.739709821
6097000000.000000,after_h1,1.018576227528e+00,-2.113018280686e-02,1.857622752803e-02,-2.113018280686e-02,2.813469130
6098000000.000000,after_h1,1.019108785022e+00,-2.551859092111e-02,1.910878502209e-02,-2.551859092111e-02,3.188015288
6099000000.000000,after_h1,1.020125649839e+00,-1.837910871465e-02,2.012564983936e-02,-1.837910871465e-02,2.725497053
6100000000.000000,after_h1,1.019537455214e+00,-1.291481583077e-02,1.953745521370e-02,-1.291481583077e-02,2.342017558
6101000000.000000,after_h1,1.019255572469e+00,-1.245617004649e-02,1.925557246911e-02,-1.245617004649e-02,2.293323447
6102000000.000000,after_h1,1.021933052821e+00,-2.235115635961e-03,2.193305282081e-02,-2.235115635961e-03,2.204664482
6103000000.000000,after_h1,1.020376514273e+00,3.798471900798e-03,2.037651427325e-02,3.798471900798e-03,2.072753537
6104000000.000000,after_h1,1.020870254812e+00,5.796906217348e-03,2.087025481164e-02,5.796906217348e-03,2.166037067
6105000000.000000,after_h1,1.020204776242e+00,1.078473859539e-02,2.020477624196e-02,1.078473859539e-02,2.290291618
6106000000.000000,after_h1,1.020344274400e+00,1.676750444317e-02,2.034427440001e-02,1.676750444317e-02,2.636358675
6107000000.000000,after_h1,1.018332122492e+00,2.055624625890e-02,1.833212249238e-02,2.055624625890e-02,2.754316567
6108000000.000000,after_h1,1.020392571784e+00,2.665212399475e-02,2.039257178351e-02,2.665212399475e-02,3.355879464
6109000000.000000,after_h1,1.019085880747e+00,3.385356870475e-02,1.908588074658e-02,3.385356870475e-02,3.886302816
6110000000.000000,after_h1,1.020279117948e+00,4.019581644967e-02,2.027911794789e-02,4.019581644967e-02,4.502162019
6111000000.000000,after_h1,1.019224843060e+00,4.073029012648e-02,1.922484306004e-02,4.073029012648e-02,4.503943966
6112000000.000000,after_h1,1.019022253468e+00,4.734507472829e-02,1.902225346750e-02,4.734507472829e-02,5.102354582
6113000000.000000,after_h1,1.019229130830e+00,5.236616438247e-02,1.922913083000e-02,5.236616438247e-02,5.578507546
6114000000.000000,after_h1,1.019367398422e+00,5.692913634832e-02,1.936739842219e-02,5.692913634832e-02,6.013337415
6115000000.000000,after_h1,1.019124946093e+00,6.858120450861e-02,1.912494609349e-02,6.858120450861e-02,7.119792957
6116000000.000000,after_h1,1.017564653816e+00,7.032190535494e-02,1.756465381609e-02,7.032190535494e-02,7.248232499
6117000000.000000,after_h1,1.018077030391e+00,7.469465129938e-02,1.807703039095e-02,7.469465129938e-02,7.685095940
6118000000.000000,after_h1,1.017564698457e+00,8.454859570303e-02,1.756469845703e-02,8.454859570303e-02,8.635382833
6119000000.000000,after_h1,1.016949347961e+00,9.120138771191e-02,1.694934796063e-02,9.120138771191e-02,9.276299648
6120000000.000000,after_h1,1.016909753820e+00,9.363421744822e-02,1.690975382035e-02,9.363421744822e-02,9.514886469
6121000000.000000,after_h1,1.016740696025e+00,1.020978604503e-01,1.674069602476e-02,1.020978604503e-01,10.346121985
6122000000.000000,after_h1,1.015755619627e+00,1.102639767956e-01,1.575561962681e-02,1.102639767956e-01,11.138394915
6123000000.000000,after_h1,1.013986219512e+00,1.132996103832e-01,1.398621951185e-02,1.132996103832e-01,11.415960778
6124000000.000000,after_h1,1.014779576374e+00,1.194459955008e-01,1.477957637360e-02,1.194459955008e-01,12.035689311
6125000000.000000,after_h1,1.012897202833e+00,1.303316613146e-01,1.289720283342e-02,1.303316613146e-01,13.096823959
6126000000.000000,after_h1,1.013129905244e+00,1.344045957888e-01,1.312990524371e-02,1.344045957888e-01,13.504439929
6127000000.000000,after_h1,1.011530454946e+00,1.399880238503e-01,1.153045494552e-02,1.399880238503e-01,14.046208817
6128000000.000000,after_h1,1.010036688554e+00,1.516684636556e-01,1.003668855416e-02,1.516684636556e-01,15.200019074
6129000000.000000,after_h1,1.009627375998e+00,1.533891633845e-01,9.627375997924e-03,1.533891633845e-01,15.369099457
6130000000.000000,after_h1,1.009486057893e+00,1.639907174820e-01,9.486057893134e-03,1.639907174820e-01,16.426484930
6131000000.000000,after_h1,1.008195320511e+00,1.667054266923e-01,8.195320510836e-03,1.667054266923e-01,16.690674812
6132000000.000000,after_h1,1.007361184565e+00,1.746578225585e-01,7.361184565223e-03,1.746578225585e-01,17.481287715
6133000000.000000,after_h1,1.005190892966e+00,1.858588997596e-01,5.190892966324e-03,1.858588997596e-01,18.593137441
6134000000.000000,after_h1,1.005433751865e+00,1.869693518642e-01,5.433751865335e-03,1.869693518642e-01,18.704829375
6135000000.000000,after_h1,1.004492905576e+00,1.923072467546e-01,4.492905576219e-03,1.923072467546e-01,19.235972384
6136000000.000000,after_h1,1.002171933252e+00,2.043279413192e-01,2.171933252427e-03,2.043279413192e-01,20.433948443
6137000000.000000,after_h1,1.000782656207e+00,2.086089210876e-01,7.826562067066e-04,2.086089210876e-01,20.861038926
6138000000.000000,after_h1,1.000443265654e+00,2.153916516640e-01,4.432656542224e-04,2.153916516640e-01,21.539210777
6139000000.000000,after_h1,9.982800917463e-01,2.212857169939e-01,-1.719908253655e-03,2.212857169939e-01,22.129240075
6140000000.000000,after_h1,9.976380880524e-01,2.233656164659e-01,-2.361911947634e-03,2.233656164659e-01,22.337810378
6141000000.000000,after_h1,9.977144494629e-01,2.261173518990e-01,-2.285550537122e-03,2.261173518990e-01,22.612890256
6142000000.000000,after_h1,9.945380117438e-01,2.426603350712e-01,-5.461988256195e-03,2.426603350712e-01,24.272179863
6143000000.000000,after_h1,9.936597237276e-01,2.445462791751e-01,-6.340276272436e-03,2.445462791751e-01,24.462845657
6144000000.000000,after_h1,9.913556981762e-01,2.540400111342e-01,-8.644301823801e-03,2.540400111342e-01,25.418703982
6145000000.000000,after_h1,9.923710018450e-01,2.535047361084e-01,-7.628998155041e-03,2.535047361084e-01,25.361950407
6146000000.000000,after_h1,9.883969797552e-01,2.679940245164e-01,-1.160302024476e-02,2.679940245164e-01,26.824508804
6147000000.000000,after_h1,9.859337284042e-01,2.680170567353e-01,-1.406627159576e-02,2.680170567353e-01,26.838592120
6148000000.000000,after_h1,9.871476856913e-01,2.723274277012e-01,-1.285231430871e-02,2.723274277012e-01,27.263053729
6149000000.000000,after_h1,9.842203670788e-01,2.817183216039e-01,-1.577963292118e-02,2.817183216039e-01,28.215990066
6150000000.000000,after_h1,9.826564874353e-01,2.870933856673e-01,-1.734351256467e-02,2.870933856673e-01,28.761677545
6151000000.000000,after_h1,9.818472378536e-01,2.906233216835e-01,-1.815276214642e-02,2.906233216835e-01,29.118969398
6152000000.000000,after_h1,9.798286785637e-01,2.963507949392e-01,-2.017132143626e-02,2.963507949392e-01,29.703648912
6153000000.000000,after_h1,9.762642526477e-01,3.065828481581e-01,-2.373574735230e-02,3.065828481581e-01,30.750029022
6154000000.000000,after_h1,9.767508723250e-01,3.087459904028e-01,-2.324912767496e-02,3.087459904028e-01,30.962010356
6155000000.000000,after_h1,9.743819364366e-01,3.104883023639e-01,-2.561806356340e-02,3.104883023639e-01,31.154336951
6156000000.000000,after_h1,9.702667886920e-01,3.236980286734e-01,-2.973321130796e-02,3.236980286734e-01,32.506072913
6157000000.000000,after_h1,9.695031290793e-01,3.275190283721e-01,-3.049687092069e-02,3.275190283721e-01,32.893581909
6158000000.000000,after_h1,9.688208094595e-01,3.300066180576e-01,-3.117919054051e-02,3.300066180576e-01,33.147625840
6159000000.000000,after_h1,9.678519517277e-01,3.340758994810e-01,-3.214804827231e-02,3.340758994810e-01,33.561913477
6160000000.000000,after_h1,9.673990303043e-01,3.378424435467e-01,-3.260096969570e-02,3.378424435467e-01,33.941175567
6161000000.000000,after_h1,9.648341468420e-01,3.440176288524e-01,-3.516585315800e-02,3.440176288524e-01,34.581030376
6162000000.000000,after_h1,9.630940387513e-01,3.457338119759e-01,-3.690596124873e-02,3.457338119759e-01,34.769802806
6163000000.000000,after_h1,9.640077004989e-01,3.470369510324e-01,-3.599229950105e-02,3.470369510324e-01,34.889839639
6164000000.000000,after_h1,9.613003809299e-01,3.543246516513e-01,-3.869961907007e-02,3.543246516513e-01,35.643178770
6165000000.000000,after_h1,9.608007828487e-01,3.561393241080e-01,-3.919921715134e-02,3.561393241080e-01,35.829010146
6166000000.000000,after_h1,9.595846344973e-01,3.593154510613e-01,-4.041536550274e-02,3.593154510613e-01,36.158124279
6167000000.000000,after_h1,9.569204324178e-01,3.658260321425e-01,-4.307956758221e-02,3.658260321425e-01,36.835381759
6168000000.000000,after_h1,9.558378807797e-01,3.682278175368e-01,-4.416211922033e-02,3.682278175368e-01,37.086657760
6169000000.000000,after_h1,9.551511264184e-01,3.683462731618e-01,-4.484887358157e-02,3.683462731618e-01,37.106656871
6170000000.000000,after_h1,9.531662371489e-01,3.762465203021e-01,-4.683376285110e-02,3.762465203021e-01,37.915016205
6171000000.000000,after_h1,9.545730985603e-01,3.745580562359e-01,-4.542690143973e-02,3.745580562359e-01,37.730271781
6172000000.000000,after_h1,9.542620655450e-01,3.780938838775e-01,-4.573793445502e-02,3.780938838775e-01,38.085029037
6173000000.000000,after_h1,9.531490534585e-01,3.810507380133e-01,-4.685094654150e-02,3.810507380133e-01,38.392014291
6174000000.000000,after_h1,9.519097613592e-01,3.811094736478e-01,-4.809023864080e-02,3.811094736478e-01,38.413162062
6175000000.000000,after_h1,9.501006349045e-01,3.846271121604e-01,-4.989936509554e-02,3.846271121604e-01,38.785043773
6176000000.000000,after_h1,9.497596289301e-01,3.874632525345e-01,-5.024037106994e-02,3.874632525345e-01,39.070688111
6177000000.000000,after_h1,9.509639184236e-01,3.827035015593e-01,-4.903608157637e-02,3.827035015593e-01,38.583222701
6178000000.000000,after_h1,9.501035474072e-01,3.883711165658e-01,-4.989645259278e-02,3.883711165658e-01,39.156325180
6179000000.000000,after_h1,9.500909560864e-01,3.883457235090e-01,-4.990904391359e-02,3.883457235090e-01,39.153967057
6180000000.000000,after_h1,9.477542222688e-01,3.916095012686e-01,-5.224577773120e-02,3.916095012686e-01,39.507926138
6181000000.000000,after_h1,9.458583918676e-01,3.960916380539e-01,-5.414160813243e-02,3.960916380539e-01,39.977481095
6182000000.000000,after_h1,9.484643254498e-01,3.914474605754e-01,-5.153567455024e-02,3.914474605754e-01,39.482532865
6183000000.000000,after_h1,9.501197296324e-01,3.906085337125e-01,-4.988027036760e-02,3.906085337125e-01,39.378048197
6184000000.000000,after_h1,9.461492036553e-01,3.963043007752e-01,-5.385079634475e-02,3.963043007752e-01,39.994625524
6185000000.000000,after_h1,9.467023676245e-01,3.979708708726e-01,-5.329763237548e-02,3.979708708726e-01,40.152391172
6186000000.000000,after_h1,9.471792471549e-01,3.936657575623e-01,-5.282075284506e-02,3.936657575623e-01,39.719360595
6187000000.000000,after_h1,9.517252067015e-01,3.910494235549e-01,-4.827479329853e-02,3.910494235549e-01,39.401790230
6188000000.000000,after_h1,9.483557795945e-01,3.931412394116e-01,-5.164422040554e-02,3.931412394116e-01,39.651880110
6189000000.000000,after_h1,9.485092695913e-01,3.923699086495e-01,-5.149073040872e-02,3.923699086495e-01,39.573405278
6190000000.000000,after_h1,9.513967183587e-01,3.870644558766e-01,-4.860328164131e-02,3.870644558766e-01,39.010405277
6191000000.000000,after_h1,9.490702775139e-01,3.922212427281e-01,-5.092972248611e-02,3.922212427281e-01,39.551401983
6192000000.000000,after_h1,9.494127990818e-01,3.904346472231e-01,-5.058720091823e-02,3.904346472231e-01,39.369820758
6193000000.000000,after_h1,9.505502427856e-01,3.890573231590e-01,-4.944975721439e-02,3.890573231590e-01,39.218730116
6194000000.000000,after_h1,9.525396950311e-01,3.859188684794e-01,-4.746030496888e-02,3.859188684794e-01,38.882625117
6195000000.000000,after_h1,9.521345557083e-01,3.874734909166e-01,-4.786544429170e-02,3.874734909166e-01,39.041875841
6196000000.000000,after_h1,9.563680888768e-01,3.787988964343e-01,-4.363191112322e-02,3.787988964343e-01,38.130348491
6197000000.000000,after_h1,9.562339566261e-01,3.788902625462e-01,-4.376604337391e-02,3.788902625462e-01,38.140961918
6198000000.000000,after_h1,9.563998076205e-01,3.743341527200e-01,-4.360019237954e-02,3.743341527200e-01,37.686474320
6199000000.000000,after_h1,9.576204160535e-01,3.740877644349e-01,-4.237958394647e-02,3.740877644349e-01,37.648065639
6200000000.000000,after_h1,9.590490202820e-01,3.721128524302e-01,-4.095097971800e-02,3.721128524302e-01,37.435939641
6201000000.000000,after_h1,9.638595134009e-01,3.636508404065e-01,-3.614048659907e-02,3.636508404065e-01,36.544229161
6202000000.000000,after_h1,9.629493430019e-01,3.605258637771e-01,-3.705065699815e-02,3.605258637771e-01,36.242468133
6203000000.000000,after_h1,9.666255596150e-01,3.550995703135e-01,-3.337444038498e-02,3.550995703135e-01,35.666448955
6204000000.000000,after_h1,9.677798763759e-01,3.485517380406e-01,-3.222012362405e-02,3.485517380406e-01,35.003778433
6205000000.000000,after_h1,9.678528244600e-01,3.501685667766e-01,-3.214717553997e-02,3.501685667766e-01,35.164110404
6206000000.000000,after_h1,9.701471215848e-01,3.420159368267e-01,-2.985287841518e-02,3.420159368267e-01,34.331631973
6207000000.000000,after_h1,9.715680483614e-01,3.401994513540e-01,-2.843195163856e-02,3.401994513540e-01,34.138547505
6208000000.000000,after_h1,9.739481892320e-01,3.312456076475e-01,-2.605181076800e-02,3.312456076475e-01,33.226848997
6209000000.000000,after_h1,9.765262681114e-01,3.260553324976e-01,-2.347373188863e-02,3.260553324976e-01,32.689921373
6210000000.000000,after_h1,9.782207865091e-01,3.189089934003e-01,-2.177921349092e-02,3.189089934003e-01,31.965181090
6211000000.000000,after_h1,9.815315643742e-01,3.158977795937e-01,-1.846843562583e-02,3.158977795937e-01,31.643718218
6212000000.000000,after_h1,9.829701244049e-01,3.098426985549e-01,-1.702987559511e-02,3.098426985549e-01,31.031035192
6213000000.000000,after_h1,9.855077449993e-01,2.975927191319e-01,-1.449225500074e-02,2.975927191319e-01,29.794538415
6214000000.000000,after_h1,9.859441282575e-01,2.970665324849e-01,-1.405587174253e-02,2.970665324849e-01,29.739887736
6215000000.000000,after_h1,9.886347910313e-01,2.889326051492e-01,-1.136520896866e-02,2.889326051492e-01,28.915604488
6216000000.000000,after_h1,9.900628744581e-01,2.828498247456e-01,-9.937125541877e-03,2.828498247456e-01,28.302432726
6217000000.000000,after_h1,9.941164130447e-01,2.753402359113e-01,-5.883586955263e-03,2.753402359113e-01,27.540309023
6218000000.000000,after_h1,9.960732138260e-01,2.698082076813e-01,-3.926786173972e-03,2.698082076813e-01,26.983678137
6219000000.000000,after_h1,9.981072929445e-01,2.596017550819e-01,-1.892707055500e-03,2.596017550819e-01,25.960865467
6220000000.000000,after_h1,9.994275174051e-01,2.497513201455e-01,-5.724825948783e-04,2.497513201455e-01,24.975197627
6221000000.000000,after_h1,1.001425282009e+00,2.465169899623e-01,1.425282008792e-03,2.465169899623e-01,24.652111019
6222000000.000000,after_h1,1.003409829027e+00,2.362291945120e-01,3.409829026532e-03,2.362291945120e-01,23.625380267
6223000000.000000,after_h1,1.004778856636e+00,2.261532488230e-01,4.778856636149e-03,2.261532488230e-01,22.620373433
6224000000.000000,after_h1,1.008445733803e+00,2.188999092194e-01,8.445733802848e-03,2.188999092194e-01,21.906277793
6225000000.000000,after_h1,1.011175906812e+00,2.084482186689e-01,1.117590681230e-02,2.084482186689e-01,20.874760061
6226000000.000000,after_h1,1.011290899359e+00,2.055393538421e-01,1.129089935875e-02,2.055393538421e-01,20.584924189
6227000000.000000,after_h1,1.013332499465e+00,1.911870581060e-01,1.333249946476e-02,1.911870581060e-01,19.165136767
6228000000.000000,after_h1,1.016423547110e+00,1.798984606274e-01,1.642354710990e-02,1.798984606274e-01,18.064658601
6229000000.000000,after_h1,1.018891637970e+00,1.676573024525e-01,1.889163796999e-02,1.676573024525e-01,16.871830088
6230000000.000000,after_h1,1.018974199381e+00,1.622854716890e-01,1.897419938139e-02,1.622854716890e-01,16.339092558
6231000000.000000,after_h1,1.019947615300e+00,1.513838631715e-01,1.994761529998e-02,1.513838631715e-01,15.269244050
6232000000.000000,after_h1,1.022605860783e+00,1.423278621234e-01,2.260586078335e-02,1.423278621234e-01,14.411191928
6233000000.000000,after_h1,1.023887449483e+00,1.347158205102e-01,2.388744948252e-02,1.347158205102e-01,13.681725965
6234000000.000000,after_h1,1.025066353948e+00,1.216664556350e-01,2.506635394801e-02,1.216664556350e-01,12.422177155
6235000000.000000,after_h1,1.026692366464e+00,1.126857810755e-01,2.669236646442e-02,1.126857810755e-01,11.580400548
6236000000.000000,after_h1,1.027346771471e+00,9.849228877287e-02,2.734677147132e-02,9.849228877287e-02,10.221828045
6237000000.000000,after_h1,1.027761427049e+00,9.169704260827e-02,2.776142704897e-02,9.169704260827e-02,9.580732986
6238000000.000000,after_h1,1.028817193482e+00,8.329102900669e-02,2.881719348204e-02,8.329102900669e-02,8.813527190
6239000000.000000,after_h1,1.030604430418e+00,6.916148344253e-02,3.060443041773e-02,6.916148344253e-02,7.563029785
6240000000.000000,after_h1,1.031165123467e+00,5.758692275147e-02,3.116512346724e-02,5.758692275147e-02,6.547914624
6241000000.000000,after_h1,1.031391950630e+00,4.973778449079e-02,3.139195063049e-02,4.973778449079e-02,5.881582925
6242000000.000000,after_h1,1.030914325820e+00,3.789707383245e-02,3.091432582030e-02,3.789707383245e-02,4.890688853
6243000000.000000,after_h1,1.033118215645e+00,2.846015526524e-02,3.311821564497e-02,2.846015526524e-02,4.366688271
6244000000.000000,after_h1,1.032468494645e+00,2.116393650498e-02,3.246849464452e-02,2.116393650498e-02,3.875713293
6245000000.000000,after_h1,1.034103744035e+00,7.118988242458e-03,3.410374403514e-02,7.118988242458e-03,3.483884830
6246000000.000000,after_h1,1.032325648506e+00,-1.560700263308e-03,3.232564850585e-02,-1.560700263308e-03,3.236330231
6247000000.000000,after_h1,1.033739206811e+00,-1.478076343292e-02,3.373920681124e-02,-1.478076343292e-02,3.683483465
6248000000.000000,after_h1,1.033904357475e+00,-2.626084286075e-02,3.390435747480e-02,-2.626084286075e-02,4.288516438
6249000000.000000,after_h1,1.032129973058e+00,-3.485291061438e-02,3.212997305796e-02,-3.485291061438e-02,4.740317022
6250000000.000000,after_h1,1.031978853511e+00,-4.438239342325e-02,3.197885351066e-02,-4.438239342325e-02,5.470323499
6251000000.000000,after_h1,1.032413172776e+00,-6.115120037605e-02,3.241317277570e-02,-6.115120037605e-02,6.921042607
6252000000.000000,after_h1,1.031991102052e+00,-7.072615513379e-02,3.199110205225e-02,-7.072615513379e-02,7.762486477
6253000000.000000,after_h1,1.031487871700e+00,-7.999589315208e-02,3.148787170046e-02,-7.999589315208e-02,8.596993071
6254000000.000000,after_h1,1.030225917288e+00,-9.142493725474e-02,3.022591728787e-02,-9.142493725474e-02,9.629187519
6255000000.000000,after_h1,1.027991415817e+00,-1.005049159592e-01,2.799141581733e-02,-1.005049159592e-01,10.433004117
6256000000.000000,after_h1,1.028742631611e+00,-1.094557389746e-01,2.874263161052e-02,-1.094557389746e-01,11.316668090
6257000000.000000,after_h1,1.027028263007e+00,-1.189764753730e-01,2.702826300719e-02,-1.189764753730e-01,12.200790422
6258000000.000000,after_h1,1.026751737147e+00,-1.316739418004e-01,2.675173714683e-02,-1.316739418004e-01,13.436399216
6259000000.000000,after_h1,1.024695642259e+00,-1.403696908772e-01,2.469564225933e-02,-1.403696908772e-01,14.252552355
6260000000.000000,after_h1,1.023520502206e+00,-1.483388113724e-01,2.352050220562e-02,-1.483388113724e-01,15.019193382
6261000000.000000,after_h1,1.021667180077e+00,-1.592176196729e-01,2.166718007667e-02,-1.592176196729e-01,16.068514899
6262000000.000000,after_h1,1.021443817909e+00,-1.633326176828e-01,2.144381790912e-02,-1.633326176828e-01,16.473427490
6263000000.000000,after_h1,1.019938266797e+00,-1.770539461938e-01,1.993826679723e-02,-1.770539461938e-01,17.817304607
6264000000.000000,after_h1,1.016219294698e+00,-1.897391074651e-01,1.621929469836e-02,-1.897391074651e-01,19.043107525
6265000000.000000,after_h1,1.016683853249e+00,-1.989132179669e-01,1.668385324932e-02,-1.989132179669e-01,19.961167110
6266000000.000000,after_h1,1.014448955109e+00,-2.028173187475e-01,1.444895510946e-02,-2.028173187475e-01,20.333134802
6267000000.000000,after_h1,1.013965100018e+00,-2.091656767871e-01,1.396510001823e-02,-2.091656767871e-01,20.963135349
6268000000.000000,after_h1,1.010527379989e+00,-2.200409235197e-01,1.052737998949e-02,-2.200409235197e-01,22.029260939
6269000000.000000,after_h1,1.007687665211e+00,-2.311055670077e-01,7.687665210979e-03,-2.311055670077e-01,23.123339572
6270000000.000000,after_h1,1.007234602786e+00,-2.370453021180e-01,7.234602785895e-03,-2.370453021180e-01,23.715567616
6271000000.000000,after_h1,1.005656849507e+00,-2.441443602951e-01,5.656849506677e-03,-2.441443602951e-01,24.420988639
6272000000.000000,after_h1,1.001864479612e+00,-2.546886390063e-01,1.864479611533e-03,-2.546886390063e-01,25.469546349
6273000000.000000,after_h1,1.000941020520e+00,-2.600347169454e-01,9.410205197249e-04,-2.600347169454e-01,26.003641963
6274000000.000000,after_h1,1.000025322285e+00,-2.676365341255e-01,2.532228549890e-05,-2.676365341255e-01,26.763653532
6275000000.000000,after_h1,9.973697816033e-01,-2.737107036772e-01,-2.630218396653e-03,-2.737107036772e-01,27.372334091
6276000000.000000,after_h1,9.941285097996e-01,-2.874676408485e-01,-5.871490200388e-03,-2.874676408485e-01,28.752759682
6277000000.000000,after_h1,9.928697233864e-01,-2.891177352186e-01,-7.130276613580e-03,-2.891177352186e-01,28.920564597
6278000000.000000,after_h1,9.933938922443e-01,-2.944557333772e-01,-6.606107755712e-03,-2.944557333772e-01,29.452982799
6279000000.000000,after_h1,9.917799578697e-01,-2.991344669155e-01,-8.220042130285e-03,-2.991344669155e-01,29.924738660
6280000000.000000,after_h1,9.888860818081e-01,-3.048545878655e-01,-1.111391819194e-02,-3.048545878655e-01,30.505710764
6281000000.000000,after_h1,9.867707595304e-01,-3.084794728031e-01,-1.322924046957e-02,-3.084794728031e-01,30.876301259
6282000000.000000,after_h1,9.843799546200e-01,-3.231732405844e-01,-1.562004538000e-02,-3.231732405844e-01,32.355050494
6283000000.000000,after_h1,9.821075461970e-01,-3.241366677648e-01,-1.789245380300e-02,-3.241366677648e-01,32.463012690
6284000000.000000,after_h1,9.813792137000e-01,-3.261641452845e-01,-1.862078629997e-02,-3.261641452845e-01,32.669524538
6285000000.000000,after_h1,9.808461649969e-01,-3.302753831678e-01,-1.915383500313e-02,-3.302753831678e-01,33.083031621
6286000000.000000,after_h1,9.785499624279e-01,-3.352724678686e-01,-2.145003757214e-02,-3.352724678686e-01,33.595793163
6287000000.000000,after_h1,9.766310383845e-01,-3.407949829801e-01,-2.336896161554e-02,-3.407949829801e-01,34.159527045
6288000000.000000,after_h1,9.745878265436e-01,-3.481407330701e-01,-2.541217345635e-02,-3.481407330701e-01,34.906696862
6289000000.000000,after_h1,9.726194979713e-01,-3.499085028442e-01,-2.738050202874e-02,-3.499085028442e-01,35.097813643
6290000000.000000,after_h1,9.738134909744e-01,-3.524329339658e-01,-2.618650902559e-02,-3.524329339658e-01,35.340445130
6291000000.000000,after_h1,9.699606152898e-01,-3.584177114792e-01,-3.003938471025e-02,-3.584177114792e-01,35.967432566
6292000000.000000,after_h1,9.699800780558e-01,-3.574547177234e-01,-3.001992194415e-02,-3.574547177234e-01,35.871307606
6293000000.000000,after_h1,9.696502994348e-01,-3.595459378422e-01,-3.034970056517e-02,-3.595459378422e-01,36.082459138
6294000000.000000,after_h1,9.678900320328e-01,-3.624479770412e-01,-3.210996796719e-02,-3.624479770412e-01,36.386753923
6295000000.000000,after_h1,9.668452591282e-01,-3.697747656980e-01,-3.315474087175e-02,-3.697747656980e-01,37.125815033
6296000000.000000,after_h1,9.664467606419e-01,-3.684832725542e-01,-3.355323935812e-02,-3.684832725542e-01,37.000775941
6297000000.000000,after_h1,9.647902947501e-01,-3.726277323459e-01,-3.520970524994e-02,-3.726277323459e-01,37.428752351
6298000000.000000,after_h1,9.631030799855e-01,-3.775126379405e-01,-3.689692001453e-02,-3.775126379405e-01,37.931144790
6299000000.000000,after_h1,9.644337065575e-01,-3.705984415247e-01,-3.556629344248e-02,-3.705984415247e-01,37.230117659
6300000000.000000,after_h1,9.623404479460e-01,-3.783460561093e-01,-3.765955205399e-02,-3.783460561093e-01,38.021570198
6301000000.000000,after_h1,9.649964015759e-01,-3.748126665095e-01,-3.500359842406e-02,-3.748126665095e-01,37.644360385
6302000000.000000,after_h1,9.621327266197e-01,-3.784517543899e-01,-3.786727338034e-02,-3.784517543899e-01,38.034150548
6303000000.000000,after_h1,9.635635613670e-01,-3.752874980377e-01,-3.643643863304e-02,-3.752874980377e-01,37.705214526
6304000000.000000,after_h1,9.639775740825e-01,-3.726016242778e-01,-3.602242591747e-02,-3.726016242778e-01,37.433886464
6305000000.000000,after_h1,9.637260533351e-01,-3.696279150319e-01,-3.627394666486e-02,-3.696279150319e-01,37.140354707
6306000000.000000,after_h1,9.638592765567e-01,-3.689200939992e-01,-3.614072344329e-02,-3.689200939992e-01,37.068610393
6307000000.000000,after_h1,9.632673385607e-01,-3.695999439140e-01,-3.673266143930e-02,-3.695999439140e-01,37.142079500
6308000000.000000,after_h1,9.650752728788e-01,-3.699660636459e-01,-3.492472712124e-02,-3.699660636459e-01,37.161085131
6309000000.000000,after_h1,9.651874516872e-01,-3.669815859244e-01,-3.481254831281e-02,-3.669815859244e-01,36.862907906
6310000000.000000,after_h1,9.645679638906e-01,-3.687459004554e-01,-3.543203610937e-02,-3.687459004554e-01,37.044428500
6311000000.000000,after_h1,9.658268620372e-01,-3.674405753893e-01,-3.417313796277e-02,-3.674405753893e-01,36.902625896
6312000000.000000,after_h1,9.670627013358e-01,-3.622323557481e-01,-3.293729866416e-02,-3.622323557481e-01,36.372674523
6313000000.000000,after_h1,9.670055236936e-01,-3.600437566263e-01,-3.299447630642e-02,-3.600437566263e-01,36.155240582
6314000000.000000,after_h1,9.696269812368e-01,-3.571208030834e-01,-3.037301876318e-02,-3.571208030834e-01,35.841008393
6315000000.000000,after_h1,9.681771206569e-01,-3.585832314927e-01,-3.182287934308e-02,-3.585832314927e-01,35.999254097
6316000000.000000,after_h1,9.697148647683e-01,-3.524035643150e-01,-3.028513523168e-02,-3.524035643150e-01,35.370250431
6317000000.000000,after_h1,9.705240917325e-01,-3.491722871256e-01,-2.947590826752e-02,-3.491722871256e-01,35.041420528
6318000000.000000,after_h1,9.701657163968e-01,-3.482824332109e-01,-2.983428360319e-02,-3.482824332109e-01,34.955791761
6319000000.000000,after_h1,9.732634317374e-01,-3.427683992870e-01,-2.673656826264e-02,-3.427683992870e-01,34.380956885
6320000000.000000,after_h1,9.732020724567e-01,-3.373519246920e-01,-2.679792754328e-02,-3.373519246920e-01,33.841461259
6321000000.000000,after_h1,9.755807194296e-01,-3.320939127240e-01,-2.441928057039e-02,-3.320939127240e-01,33.299049255
6322000000.000000,after_h1,9.775371002091e-01,-3.273652517062e-01,-2.246289979085e-02,-3.273652517062e-01,32.813501778
6323000000.000000,after_h1,9.777622737391e-01,-3.269750069280e-01,-2.223772626090e-02,-3.269750069280e-01,32.773033370
6324000000.000000,after_h1,9.779066981036e-01,-3.248595918228e-01,-2.209330189636e-02,-3.248595918228e-01,32.560999430
6325000000.000000,after_h1,9.787146405731e-01,-3.190967170767e-01,-2.128535942692e-02,-3.190967170767e-01,31.980584950
6326000000.000000,after_h1,9.844334627052e-01,-3.077339487356e-01,-1.556653729479e-02,-3.077339487356e-01,30.812740918
6327000000.000000,after_h1,9.834590184838e-01,-3.095184386375e-01,-1.654098151623e-02,-3.095184386375e-01,30.996010699
6328000000.000000,after_h1,9.860773312816e-01,-2.992503397935e-01,-1.392266871841e-02,-2.992503397935e-01,29.957404188
6329000000.000000,after_h1,9.866070127375e-01,-2.951580993879e-01,-1.339298726252e-02,-2.951580993879e-01,29.546180082
6330000000.000000,after_h1,9.882614811353e-01,-2.929650093291e-01,-1.173851886470e-02,-2.929650093291e-01,29.320008444
6331000000.000000,after_h1,9.907253972410e-01,-2.842352712997e-01,-9.274602758969e-03,-2.842352712997e-01,28.438654628
6332000000.000000,after_h1,9.912061040617e-01,-2.774417862038e-01,-8.793895938253e-03,-2.774417862038e-01,27.758111848
6333000000.000000,after_h1,9.916331700198e-01,-2.745353965903e-01,-8.366829980194e-03,-2.745353965903e-01,27.466286211
6334000000.000000,after_h1,9.932031144105e-01,-2.668479782630e-01,-6.796885589523e-03,-2.668479782630e-01,26.693452597
6335000000.000000,after_h1,9.965497423381e-01,-2.578855263576e-01,-3.450257661882e-03,-2.578855263576e-01,25.790860587
6336000000.000000,after_h1,9.975622512497e-01,-2.525136030187e-01,-2.437748750346e-03,-2.525136030187e-01,25.252536967
6337000000.000000,after_h1,9.973777949633e-01,-2.460924337993e-01,-2.622205036743e-03,-2.460924337993e-01,24.610640368
6338000000.000000,after_h1,9.990854607673e-01,-2.425710605278e-01,-9.145392327478e-04,-2.425710605278e-01,24.257278452
6339000000.000000,after_h1,1.001045900445e+00,-2.328005008557e-01,1.045900445347e-03,-2.328005008557e-01,23.280285030
6340000000.000000,after_h1,1.001162834444e+00,-2.304168930130e-01,1.162834444196e-03,-2.304168930130e-01,23.041982721
6341000000.000000,after_h1,1.003026347467e+00,-2.248847033485e-01,3.026347466845e-03,-2.248847033485e-01,22.490506570
6342000000.000000,after_h1,1.005299867544e+00,-2.126263943874e-01,5.299867544432e-03,-2.126263943874e-01,21.269243566
6343000000.000000,after_h1,1.007005954047e+00,-2.045473159380e-01,7.005954047176e-03,-2.045473159380e-01,20.466726130
6344000000.000000,after_h1,1.007903113260e+00,-1.958138612661e-01,7.903113259663e-03,-1.958138612661e-01,19.597328252
6345000000.000000,after_h1,1.009360030761e+00,-1.929036537006e-01,9.360030761423e-03,-1.929036537006e-01,19.313060293
6346000000.000000,after_h1,1.009230328951e+00,-1.858778373397e-01,9.230328950653e-03,-1.858778373397e-01,18.610687625
6347000000.000000,after_h1,1.011773625155e+00,-1.784352569886e-01,1.177362515498e-02,-1.784352569886e-01,17.882326243
6348000000.000000,after_h1,1.012522671132e+00,-1.693043862565e-01,1.252267113242e-02,-1.693043862565e-01,16.976687692
6349000000.000000,after_h1,1.012749711301e+00,-1.698750962883e-01,1.274971130140e-02,-1.698750962883e-01,17.035287927
6350000000.000000,after_h1,1.015108945768e+00,-1.577260626526e-01,1.510894576796e-02,-1.577260626526e-01,15.844807062
6351000000.000000,after_h1,1.016233139586e+00,-1.483814294812e-01,1.623313958607e-02,-1.483814294812e-01,14.926675261
6352000000.000000,after_h1,1.016551341621e+00,-1.421848985379e-01,1.655134162148e-02,-1.421848985379e-01,14.314500439
6353000000.000000,after_h1,1.017080737741e+00,-1.379446814331e-01,1.708073774136e-02,-1.379446814331e-01,13.899815372
6354000000.000000,after_h1,1.017468812417e+00,-1.267714451574e-01,1.746881241668e-02,-1.267714451574e-01,12.796936631
6355000000.000000,after_h1,1.017383730836e+00,-1.194257494966e-01,1.738373083621e-02,-1.194257494966e-01,12.068431439
6356000000.000000,after_h1,1.018594441617e+00,-1.167623300148e-01,1.859444161680e-02,-1.167623300148e-01,11.823364567
6357000000.000000,after_h1,1.019728701432e+00,-1.064046014564e-01,1.972870143247e-02,-1.064046014564e-01,10.821811711
6358000000.000000,after_h1,1.020020848547e+00,-9.614939906197e-02,2.002084854668e-02,-9.614939906197e-02,9.821171680
6359000000.000000,after_h1,1.020436357126e+00,-9.358823581589e-02,2.043635712609e-02,-9.358823581589e-02,9.579354141
6360000000.000000,after_h1,1.021233272071e+00,-8.297031327540e-02,2.123327207096e-02,-8.297031327540e-02,8.564417510
6361000000.000000,after_h1,1.021921456646e+00,-7.857353005882e-02,2.192145664566e-02,-7.857353005882e-02,8.157419866
6362000000.000000,after_h1,1.021236915547e+00,-7.484200187541e-02,2.123691554708e-02,-7.484200187541e-02,7.779673404
6363000000.000000,after_h1,1.021481452811e+00,-6.691322473606e-02,2.148145281148e-02,-6.691322473606e-02,7.027682733
6364000000.000000,after_h1,1.022260583271e+00,-6.030201205276e-02,2.226058327120e-02,-6.030201205276e-02,6.427959416
6365000000.000000,after_h1,1.022972057411e+00,-5.335371916748e-02,2.297205741113e-02,-5.335371916748e-02,5.808902453
6366000000.000000,after_h1,1.022677976075e+00,-4.740645675727e-02,2.267797607514e-02,-4.740645675727e-02,5.255152463
6367000000.000000,after_h1,1.022332435425e+00,-4.288904422434e-02,2.233243542518e-02,-4.288904422434e-02,4.835501821
6368000000.000000,after_h1,1.021858982950e+00,-3.833112168822e-02,2.185898295040e-02,-3.833112168822e-02,4.412584306
6369000000.000000,after_h1,1.021637112791e+00,-2.810535955761e-02,2.163711279076e-02,-2.810535955761e-02,3.546936546
6370000000.000000,after_h1,1.021938189026e+00,-2.341573169023e-02,2.193818902569e-02,-2.341573169023e-02,3.208707884
6371000000.000000,after_h1,1.020741334829e+00,-2.099949894862e-02,2.074133482870e-02,-2.099949894862e-02,2.951579114
6372000000.000000,after_h1,1.021025009086e+00,-1.335196245667e-02,2.102500908593e-02,-1.335196245667e-02,2.490634274
6373000000.000000,after_h1,1.021080600028e+00,-7.830393012719e-03,2.108060002758e-02,-7.830393012719e-03,2.248792459
6374000000.000000,after_h1,1.021912772291e+00,-6.005589201438e-03,2.191277229120e-02,-6.005589201438e-03,2.272084266
6375000000.000000,after_h1,1.022590725348e+00,9.723508010336e-04,2.259072534772e-02,9.723508010336e-04,2.261164164
6376000000.000000,after_h1,1.022364230625e+00,4.822766745013e-03,2.236423062500e-02,4.822766745013e-03,2.287832797
6377000000.000000,after_h1,1.021655320492e+00,7.016043762986e-03,2.165532049197e-02,7.016043762986e-03,2.276351853
6378000000.000000,after_h1,1.021624451841e+00,1.633256834898e-02,2.162445184066e-02,1.633256834898e-02,2.709925656
6379000000.000000,after_h1,1.021955593826e+00,1.849928341632e-02,2.195559382633e-02,1.849928341632e-02,2.871013039
6380000000.000000,after_h1,1.020499390353e+00,2.473302581193e-02,2.049939035269e-02,2.473302581193e-02,3.212394077
6381000000.000000,after_h1,1.021201027976e+00,3.077314752312e-02,2.120102797579e-02,3.077314752312e-02,3.736937510
6382000000.000000,after_h1,1.019722087475e+00,2.580075971243e-02,1.972208747474e-02,2.580075971243e-02,3.247522034
6383000000.000000,after_h1,1.020767017755e+00,3.278569443145e-02,2.076701775499e-02,3.278569443145e-02,3.880941620
6384000000.000000,after_h1,1.019703721596e+00,3.378793617466e-02,1.970372159594e-02,3.378793617466e-02,3.911344111
6385000000.000000,after_h1,1.019791220094e+00,3.858443373771e-02,1.979122009363e-02,3.858443373771e-02,4.336416631
6386000000.000000,after_h1,1.019567550588e+00,4.043678825126e-02,1.956755058788e-02,4.043678825126e-02,4.492240955
6387000000.000000,after_h1,1.019622584102e+00,4.397225675213e-02,1.962258410203e-02,4.397225675213e-02,4.815189685
6388000000.000000,after_h1,1.019580946254e+00,3.814552536464e-02,1.958094625436e-02,3.814552536464e-02,4.287766973
6389000000.000000,after_h1,1.017449789418e+00,4.549980856693e-02,1.744978941822e-02,4.549980856693e-02,4.873117822
6390000000.000000,after_h1,1.018407684256e+00,5.037852741334e-02,1.840768425576e-02,5.037852741334e-02,5.363617123
6391000000.000000,after_h1,1.017339650191e+00,5.040176810256e-02,1.733965019125e-02,5.040176810256e-02,5.330104780
6392000000.000000,after_h1,1.017690701116e+00,5.185585677144e-02,1.769070111614e-02,5.185585677144e-02,5.479042606
6393000000.000000,after_h1,1.016761003897e+00,5.246890843643e-02,1.676100389666e-02,5.246890843643e-02,5.508100947
6394000000.000000,after_h1,1.017150588136e+00,5.940347988612e-02,1.715058813638e-02,5.940347988612e-02,6.182973472
6395000000.000000,after_h1,1.017870073918e+00,5.554748798505e-02,1.787007391764e-02,5.554748798505e-02,5.835120361
6396000000.000000,after_h1,1.017138990808e+00,5.504547543096e-02,1.713899080846e-02,5.504547543096e-02,5.765196763
6397000000.000000,after_h1,1.018004044338e+00,5.530860185567e-02,1.800404433799e-02,5.530860185567e-02,5.816517044
6398000000.000000,after_h1,1.015795668089e+00,5.384982668455e-02,1.579566808894e-02,5.384982668455e-02,5.611868641
6399000000.000000,after_h1,1.016688106465e+00,5.275800910938e-02,1.668810646549e-02,5.275800910938e-02,5.533444156
6400000000.000000,after_h1,1.015973840995e+00,5.216828497534e-02,1.597384099548e-02,5.216828497534e-02,5.455908314
6401000000.000000,after_h1,1.016588638201e+00,5.413683875386e-02,1.658863820111e-02,5.413683875386e-02,5.662137607
6402000000.000000,after_h1,1.017163613290e+00,5.136042687008e-02,1.716361328957e-02,5.136042687008e-02,5.415240594
6403000000.000000,after_h1,1.015850228634e+00,5.283340091831e-02,1.585022863352e-02,5.283340091831e-02,5.515974982
6404000000.000000,after_h1,1.016310130539e+00,4.759947052206e-02,1.631013053882e-02,4.759947052206e-02,5.031629907
6405000000.000000,after_h1,1.015514141753e+00,4.449996803521e-02,1.551414175334e-02,4.449996803521e-02,4.712680500
6406000000.000000,after_h1,1.016309542818e+00,4.359654022702e-02,1.630954281794e-02,4.359654022702e-02,4.654738990
6407000000.000000,after_h1,1.016383074923e+00,4.118720218037e-02,1.638307492319e-02,4.118720218037e-02,4.432596042
6408000000.000000,after_h1,1.018203022581e+00,4.031022231674e-02,1.820302258103e-02,4.031022231674e-02,4.422967391
6409000000.000000,after_h1,1.016733189994e+00,3.806434685021e-02,1.673318999409e-02,3.806434685021e-02,4.157997293
6410000000.000000,after_h1,1.016197103284e+00,3.499474866897e-02,1.619710328374e-02,3.499474866897e-02,3.856136135
6411000000.000000,after_h1,1.017122113986e+00,3.034076035938e-02,1.712211398603e-02,3.034076035938e-02,3.483860684
6412000000.000000,after_h1,1.016904817505e+00,2.720764437338e-02,1.690481750519e-02,2.720764437338e-02,3.203168380
6413000000.000000,after_h1,1.016686417517e+00,2.242993086457e-02,1.668641751673e-02,2.242993086457e-02,2.795600701
6414000000.000000,after_h1,1.016987342108e+00,1.678365926169e-02,1.698734210793e-02,1.678365926169e-02,2.388013840
6415000000.000000,after_h1,1.017518126544e+00,1.801407580863e-02,1.751812654394e-02,1.801407580863e-02,2.512750853
6416000000.000000,after_h1,1.016365707615e+00,1.200302455865e-02,1.636570761493e-02,1.200302455865e-02,2.029554100
6417000000.000000,after_h1,1.016410394665e+00,6.020840869876e-03,1.641039466502e-02,6.020840869876e-03,1.748003369
6418000000.000000,after_h1,1.016680172984e+00,2.940448494041e-03,1.668017298367e-02,2.940448494041e-03,1.693736721
6419000000.000000,after_h1,1.016243115746e+00,5.600101300811e-04,1.624311574584e-02,5.600101300811e-04,1.625276655
6420000000.000000,after_h1,1.016771534479e+00,-7.296916319729e-03,1.677153447862e-02,-7.296916319729e-03,1.829014370
6421000000.000000,after_h1,1.016629683512e+00,-1.366537310457e-02,1.662968351169e-02,-1.366537310457e-02,2.152414448
6422000000.000000,after_h1,1.016328567390e+00,-2.326414524296e-02,1.632856738968e-02,-2.326414524296e-02,2.842257143
6423000000.000000,after_h1,1.017160710985e+00,-2.115603393359e-02,1.716071098475e-02,-2.115603393359e-02,2.724092093
6424000000.000000,after_h1,1.017077995713e+00,-2.591882260190e-02,1.707799571271e-02,-2.591882260190e-02,3.103938309
6425000000.000000,after_h1,1.015811395554e+00,-3.900641582145e-02,1.581139555388e-02,-3.900641582145e-02,4.208919938
6426000000.000000,after_h1,1.014983991276e+00,-4.491758264576e-02,1.498399127557e-02,-4.491758264576e-02,4.735091578
6427000000.000000,after_h1,1.014626660768e+00,-4.641210977334e-02,1.462666076784e-02,-4.641210977334e-02,4.866233799
6428000000.000000,after_h1,1.016441687271e+00,-5.318138223950e-02,1.644168727094e-02,-5.318138223950e-02,5.566496652
6429000000.000000,after_h1,1.013919187153e+00,-6.319142144769e-02,1.391918715282e-02,-6.319142144769e-02,6.470625561
6430000000.000000,after_h1,1.015646132832e+00,-6.953850653406e-02,1.564613283159e-02,-6.953850653406e-02,7.127696236
6431000000.000000,after_h1,1.013184423564e+00,-7.125646909489e-02,1.318442356387e-02,-7.125646909489e-02,7.246594657
6432000000.000000,after_h1,1.013405466538e+00,-7.777277715753e-02,1.340546653781e-02,-7.777277715753e-02,7.891965154
6433000000.000000,after_h1,1.013480384173e+00,-8.910175432469e-02,1.348038417280e-02,-8.910175432469e-02,9.011572216
6434000000.000000,after_h1,1.013470941770e+00,-9.626934780080e-02,1.347094177018e-02,-9.626934780080e-02,9.720727132
6435000000.000000,after_h1,1.011550841020e+00,-1.012282331690e-01,1.155084101958e-02,-1.012282331690e-01,10.188511726
6436000000.000000,after_h1,1.010257092958e+00,-1.141577894890e-01,1.025709295768e-02,-1.141577894890e-01,11.461766381
6437000000.000000,after_h1,1.009749039371e+00,-1.187007375050e-01,9.749039370641e-03,-1.187007375050e-01,11.910041500
6438000000.000000,after_h1,1.008996753473e+00,-1.236223866736e-01,8.996753473188e-03,-1.236223866736e-01,12.394932860
6439000000.000000,after_h1,1.009622851305e+00,-1.277936353153e-01,9.622851305189e-03,-1.277936353153e-01,12.815542320
6440000000.000000,after_h1,1.007983240991e+00,-1.379588240480e-01,7.983240990838e-03,-1.379588240480e-01,13.818961346
6441000000.000000,after_h1,1.006568470293e+00,-1.466536888299e-01,6.568470293020e-03,-1.466536888299e-01,14.680071270
6442000000.000000,after_h1,1.005386225885e+00,-1.596277086801e-01,5.386225885166e-03,-1.596277086801e-01,15.971855499
6443000000.000000,after_h1,1.002695736304e+00,-1.652752957692e-01,2.695736303518e-03,-1.652752957692e-01,16.529727882
6444000000.000000,after_h1,1.003390458575e+00,-1.700379639275e-01,3.390458575429e-03,-1.700379639275e-01,17.007176246
6445000000.000000,after_h1,1.002063104894e+00,-1.834457575237e-01,2.063104893897e-03,-1.834457575237e-01,18.345735841
6446000000.000000,after_h1,1.001378446645e+00,-1.865009869793e-01,1.378446644932e-03,-1.865009869793e-01,18.650608103
6447000000.000000,after_h1,9.974438342718e-01,-1.946470123015e-01,-2.556165728247e-03,-1.946470123015e-01,19.466379576
6448000000.000000,after_h1,9.974554152417e-01,-2.021907061254e-01,-2.544584758264e-03,-2.021907061254e-01,20.220671738
6449000000.000000,after_h1,9.961602146592e-01,-2.102801261434e-01,-3.839785340840e-03,-2.102801261434e-01,21.031518110
6450000000.000000,after_h1,9.942821484400e-01,-2.177103056747e-01,-5.717851559965e-03,-2.177103056747e-01,21.778537835
5550000000.000000,after_l1_08_fixed_fir,1.012055907169e+00,1.371220469227e-01,1.205590716934e-02,1.371220469227e-01,13.765101035
5551000000.000000,after_l1_08_fixed_fir,1.013028203927e+00,1.459690903952e-01,1.302820392688e-02,1.459690903952e-01,14.654934134
5552000000.000000,after_l1_08_fixed_fir,1.010906401165e+00,1.467095218324e-01,1.090640116546e-02,1.467095218324e-01,14.711435478
5553000000.000000,after_l1_08_fixed_fir,1.009953668216e+00,1.558970687937e-01,9.953668216266e-03,1.558970687937e-01,15.621450499
5554000000.000000,after_l1_08_fixed_fir,1.009077877684e+00,1.616678091020e-01,9.077877683709e-03,1.616678091020e-01,16.192247640
5555000000.000000,after_l1_08_fixed_fir,1.010138740608e+00,1.615152004291e-01,1.013874060804e-02,1.615152004291e-01,16.183310548
5556000000.000000,after_l1_08_fixed_fir,1.008876411647e+00,1.646891810877e-01,8.876411646515e-03,1.646891810877e-01,16.492821787
5557000000.000000,after_l1_08_fixed_fir,1.007852477249e+00,1.733528420612e-01,7.852477249424e-03,1.733528420612e-01,17.353060033
5558000000.000000,after_l1_08_fixed_fir,1.006772283822e+00,1.775356562664e-01,6.772283822053e-03,1.775356562664e-01,17.766477725
5559000000.000000,after_l1_08_fixed_fir,1.007719677116e+00,1.791850069890e-01,7.719677115863e-03,1.791850069890e-01,17.935122008
5560000000.000000,after_l1_08_fixed_fir,1.004697283595e+00,1.860265693516e-01,4.697283594977e-03,1.860265693516e-01,18.608586453
5561000000.000000,after_l1_08_fixed_fir,1.005686514114e+00,1.825212324705e-01,5.686514114142e-03,1.825212324705e-01,18.260979367
5562000000.000000,after_l1_08_fixed_fir,1.004656413456e+00,1.890824361218e-01,4.656413455581e-03,1.890824361218e-01,18.913976270
5563000000.000000,after_l1_08_fixed_fir,1.004062302733e+00,1.949851170849e-01,4.062302732979e-03,1.949851170849e-01,19.502742932
5564000000.000000,after_l1_08_fixed_fir,1.004644617460e+00,1.879169260066e-01,4.644617460263e-03,1.879169260066e-01,18.797431620
5565000000.000000,after_l1_08_fixed_fir,1.002067241045e+00,1.985723412032e-01,2.067241044784e-03,1.985723412032e-01,19.858310144
5566000000.000000,after_l1_08_fixed_fir,1.002655994260e+00,2.057418965798e-01,2.655994259994e-03,2.057418965798e-01,20.575903945
5567000000.000000,after_l1_08_fixed_fir,1.004617628917e+00,1.976978028470e-01,4.617628917250e-03,1.976978028470e-01,19.775172249
5568000000.000000,after_l1_08_fixed_fir,1.002212658207e+00,2.044183742960e-01,2.212658207184e-03,2.044183742960e-01,20.443034903
5569000000.000000,after_l1_08_fixed_fir,1.003359868260e+00,2.049176299455e-01,3.359868259829e-03,2.049176299455e-01,20.494517261
5570000000.000000,after_l1_08_fixed_fir,1.001980938553e+00,2.079256541228e-01,1.980938552685e-03,2.079256541228e-01,20.793509026
5571000000.000000,after_l1_08_fixed_fir,1.002423607199e+00,2.094303487591e-01,2.423607198523e-03,2.094303487591e-01,20.944437174
5572000000.000000,after_l1_08_fixed_fir,1.002363839161e+00,2.065997356579e-01,2.363839160900e-03,2.065997356579e-01,20.661325831
5573000000.000000,after_l1_08_fixed_fir,1.003479273218e+00,2.046061942207e-01,3.479273217737e-03,2.046061942207e-01,20.463577413
5574000000.000000,after_l1_08_fixed_fir,1.002564944862e+00,2.054840416302e-01,2.564944862097e-03,2.054840416302e-01,20.550004941
5575000000.000000,after_l1_08_fixed_fir,1.003309102844e+00,2.042395032231e-01,3.309102844076e-03,2.042395032231e-01,20.426630862
5576000000.000000,after_l1_08_fixed_fir,1.002644421770e+00,2.054583303674e-01,2.644421769823e-03,2.054583303674e-01,20.547534763
5577000000.000000,after_l1_08_fixed_fir,1.003345322064e+00,2.092782060824e-01,3.345322063701e-03,2.092782060824e-01,20.930494194
5578000000.000000,after_l1_08_fixed_fir,1.002189167190e+00,2.057165548082e-01,2.189167190383e-03,2.057165548082e-01,20.572820267
5579000000.000000,after_l1_08_fixed_fir,1.003663068490e+00,2.024372764691e-01,3.663068489838e-03,2.024372764691e-01,20.247041506
5580000000.000000,after_l1_08_fixed_fir,1.005095783791e+00,2.028451416413e-01,5.095783790860e-03,2.028451416413e-01,20.290913853
5581000000.000000,after_l1_08_fixed_fir,1.004728878010e+00,2.056077095645e-01,4.728878010088e-03,2.056077095645e-01,20.566208333
5582000000.000000,after_l1_08_fixed_fir,1.003879970420e+00,2.028420280390e-01,3.879970420062e-03,2.028420280390e-01,20.287913276
5583000000.000000,after_l1_08_fixed_fir,1.004554154754e+00,1.981903303841e-01,4.554154754285e-03,1.981903303841e-01,19.824264774
5584000000.000000,after_l1_08_fixed_fir,1.006815011064e+00,1.969375879186e-01,6.815011063856e-03,1.969375879186e-01,19.705546912
5585000000.000000,after_l1_08_fixed_fir,1.005157011691e+00,1.965823421512e-01,5.157011691211e-03,1.965823421512e-01,19.664997334
5586000000.000000,after_l1_08_fixed_fir,1.007127568110e+00,1.925225280238e-01,7.127568110421e-03,1.925225280238e-01,19.265442124
5587000000.000000,after_l1_08_fixed_fir,1.007262855229e+00,1.875610453439e-01,7.262855228854e-03,1.875610453439e-01,18.770161107
5588000000.000000,after_l1_08_fixed_fir,1.007899761590e+00,1.843695837669e-01,7.899761589967e-03,1.843695837669e-01,18.453874837
5589000000.000000,after_l1_08_fixed_fir,1.008179175728e+00,1.839240116919e-01,8.179175727976e-03,1.839240116919e-01,18.410578750
5590000000.000000,after_l1_08_fixed_fir,1.010338372606e+00,1.733568726216e-01,1.033837260626e-02,1.733568726216e-01,17.366487046
5591000000.000000,after_l1_08_fixed_fir,1.011477038626e+00,1.752414081036e-01,1.147703862573e-02,1.752414081036e-01,17.561683726
5592000000.000000,after_l1_08_fixed_fir,1.011771623700e+00,1.693931876568e-01,1.177162369994e-02,1.693931876568e-01,16.980171716
5593000000.000000,after_l1_08_fixed_fir,1.012504629997e+00,1.669682829359e-01,1.250462999658e-02,1.669682829359e-01,16.743587811
5594000000.000000,after_l1_08_fixed_fir,1.012683258936e+00,1.584208322735e-01,1.268325893599e-02,1.584208322735e-01,15.892773564
5595000000.000000,after_l1_08_fixed_fir,1.012906924702e+00,1.579979910447e-01,1.290692470155e-02,1.579979910447e-01,15.852430060
5596000000.000000,after_l1_08_fixed_fir,1.014330868664e+00,1.502059260377e-01,1.433086866386e-02,1.502059260377e-01,15.088801812
5597000000.000000,after_l1_08_fixed_fir,1.016434871236e+00,1.456406174565e-01,1.643487123567e-02,1.456406174565e-01,14.656498370
5598000000.000000,after_l1_08_fixed_fir,1.016220735010e+00,1.433539329178e-01,1.622073500985e-02,1.433539329178e-01,14.426871569
5599000000.000000,after_l1_08_fixed_fir,1.018504863525e+00,1.314898190793e-01,1.850486352473e-02,1.314898190793e-01,13.278555078
5600000000.000000,after_l1_08_fixed_fir,1.017182949824e+00,1.331469040139e-01,1.718294982420e-02,1.331469040139e-01,13.425107751
5601000000.000000,after_l1_08_fixed_fir,1.019024418825e+00,1.236091977198e-01,1.902441882545e-02,1.236091977198e-01,12.506463238
5602000000.000000,after_l1_08_fixed_fir,1.020807124306e+00,1.146925351316e-01,2.080712430596e-02,1.146925351316e-01,11.656463459
5603000000.000000,after_l1_08_fixed_fir,1.020245039319e+00,1.137822899337e-01,2.024503931935e-02,1.137822899337e-01,11.556933469
5604000000.000000,after_l1_08_fixed_fir,1.021995304836e+00,1.067866468777e-01,2.199530483570e-02,1.067866468777e-01,10.902835130
5605000000.000000,after_l1_08_fixed_fir,1.022020129982e+00,9.829950932782e-02,2.202012998186e-02,9.829950932782e-02,10.073569208
5606000000.000000,after_l1_08_fixed_fir,1.021706513792e+00,9.178671694490e-02,2.170651379248e-02,9.178671694490e-02,9.431847194
5607000000.000000,after_l1_08_fixed_fir,1.024083690745e+00,8.309659237741e-02,2.408369074521e-02,8.309659237741e-02,8.651628647
5608000000.000000,after_l1_08_fixed_fir,1.023491982836e+00,7.897023786657e-02,2.349198283646e-02,7.897023786657e-02,8.239036185
5609000000.000000,after_l1_08_fixed_fir,1.023982696428e+00,6.978786096750e-02,2.398269642808e-02,6.978786096750e-02,7.379373460
5610000000.000000,after_l1_08_fixed_fir,1.024277378977e+00,6.414553405442e-02,2.427737897666e-02,6.414553405442e-02,6.858600928
5611000000.000000,after_l1_08_fixed_fir,1.024972101228e+00,6.111428203926e-02,2.497210122836e-02,6.111428203926e-02,6.601940100
5612000000.000000,after_l1_08_fixed_fir,1.024671544219e+00,5.164560210523e-02,2.467154421867e-02,5.164560210523e-02,5.723594422
5613000000.000000,after_l1_08_fixed_fir,1.026319423286e+00,4.053515637774e-02,2.631942328634e-02,4.053515637774e-02,4.833022806
5614000000.000000,after_l1_08_fixed_fir,1.025387961575e+00,3.718074717471e-02,2.538796157532e-02,3.718074717471e-02,4.502173423
5615000000.000000,after_l1_08_fixed_fir,1.026055144139e+00,2.490933390656e-02,2.605514413899e-02,2.490933390656e-02,3.604643466
5616000000.000000,after_l1_08_fixed_fir,1.027096642638e+00,1.774871569020e-02,2.709664263830e-02,1.774871569020e-02,3.239205074
5617000000.000000,after_l1_08_fixed_fir,1.027367866537e+00,8.158316924615e-03,2.736786653742e-02,8.158316924615e-03,2.855798056
5618000000.000000,after_l1_08_fixed_fir,1.028960586137e+00,3.974536735797e-03,2.896058613655e-02,3.974536735797e-03,2.923204563
5619000000.000000,after_l1_08_fixed_fir,1.028837034530e+00,-1.113208027397e-02,2.883703453023e-02,-1.113208027397e-02,3.091112699
5620000000.000000,after_l1_08_fixed_fir,1.026587503793e+00,-1.806794026881e-02,2.658750379345e-02,-1.806794026881e-02,3.214569681
5621000000.000000,after_l1_08_fixed_fir,1.027186197679e+00,-2.360411247248e-02,2.718619767883e-02,-2.360411247248e-02,3.600338137
5622000000.000000,after_l1_08_fixed_fir,1.027277402278e+00,-3.695415821828e-02,2.727740227828e-02,-3.695415821828e-02,4.593110585
5623000000.000000,after_l1_08_fixed_fir,1.026576032097e+00,-4.382093333453e-02,2.657603209702e-02,-4.382093333453e-02,5.124997249
5624000000.000000,after_l1_08_fixed_fir,1.027510098647e+00,-4.971420431239e-02,2.751009864712e-02,-4.971420431239e-02,5.681819812
5625000000.000000,after_l1_08_fixed_fir,1.025742237762e+00,-5.877065018961e-02,2.574223776159e-02,-5.877065018961e-02,6.416114189
5626000000.000000,after_l1_08_fixed_fir,1.024551523939e+00,-6.649777864961e-02,2.455152393864e-02,-6.649777864961e-02,7.088534329
5627000000.000000,after_l1_08_fixed_fir,1.024260201144e+00,-7.110368937245e-02,2.426020114406e-02,-7.110368937245e-02,7.512850326
5628000000.000000,after_l1_08_fixed_fir,1.023958533752e+00,-8.111068916383e-02,2.395853375193e-02,-8.111068916383e-02,8.457514550
5629000000.000000,after_l1_08_fixed_fir,1.022625904910e+00,-9.061722102786e-02,2.262590491045e-02,-9.061722102786e-02,9.339920942
5630000000.000000,after_l1_08_fixed_fir,1.022523604486e+00,-9.731288792169e-02,2.252360448609e-02,-9.731288792169e-02,9.988548901
5631000000.000000,after_l1_08_fixed_fir,1.021972165989e+00,-1.073033614831e-01,2.197216598919e-02,-1.073033614831e-01,10.952984737
5632000000.000000,after_l1_08_fixed_fir,1.020907983157e+00,-1.133330337202e-01,2.090798315690e-02,-1.133330337202e-01,11.524547840
5633000000.000000,after_l1_08_fixed_fir,1.019624667847e+00,-1.247379393022e-01,1.962466784685e-02,-1.247379393022e-01,12.627224988
5634000000.000000,after_l1_08_fixed_fir,1.018513034103e+00,-1.334779173937e-01,1.851303410344e-02,-1.334779173937e-01,13.475565615
5635000000.000000,after_l1_08_fixed_fir,1.017932616127e+00,-1.353942619420e-01,1.793261612707e-02,-1.353942619420e-01,13.657666304
5636000000.000000,after_l1_08_fixed_fir,1.015115965166e+00,-1.492629193407e-01,1.511596516558e-02,-1.492629193407e-01,15.002636933
5637000000.000000,after_l1_08_fixed_fir,1.015276242718e+00,-1.579799749076e-01,1.527624271820e-02,-1.579799749076e-01,15.871684241
5638000000.000000,after_l1_08_fixed_fir,1.014328492399e+00,-1.640520499455e-01,1.432849239870e-02,-1.640520499455e-01,16.467659453
5639000000.000000,after_l1_08_fixed_fir,1.012826976082e+00,-1.689196348859e-01,1.282697608206e-02,-1.689196348859e-01,16.940594548
5640000000.000000,after_l1_08_fixed_fir,1.011598310917e+00,-1.823913820322e-01,1.159831091674e-02,-1.823913820322e-01,18.275977964
5641000000.000000,after_l1_08_fixed_fir,1.009003071039e+00,-1.857681465931e-01,9.003071038948e-03,-1.857681465931e-01,18.598618114
5642000000.000000,after_l1_08_fixed_fir,1.008500051418e+00,-1.936838850473e-01,8.500051417975e-03,-1.936838850473e-01,19.387031284
5643000000.000000,after_l1_08_fixed_fir,1.006108290655e+00,-2.029800749052e-01,6.108290654862e-03,-2.029800749052e-01,20.307196267
5644000000.000000,after_l1_08_fixed_fir,1.005777690463e+00,-2.071154658056e-01,5.777690463080e-03,-2.071154658056e-01,20.719603732
5645000000.000000,after_l1_08_fixed_fir,1.004792572902e+00,-2.151047361329e-01,4.792572902175e-03,-2.151047361329e-01,21.515811921
5646000000.000000,after_l1_08_fixed_fir,1.002837802128e+00,-2.190605809474e-01,2.837802127610e-03,-2.190605809474e-01,21.907896121
5647000000.000000,after_l1_08_fixed_fir,1.002996690744e+00,-2.248043158019e-01,2.996690743658e-03,-2.248043158019e-01,22.482428819
5648000000.000000,after_l1_08_fixed_fir,9.993866008902e-01,-2.330507958024e-01,-6.133991097875e-04,-2.330507958024e-01,23.305160305
5649000000.000000,after_l1_08_fixed_fir,9.985996694055e-01,-2.417458078312e-01,-1.400330594495e-03,-2.417458078312e-01,24.174986356
5650000000.000000,after_l1_08_fixed_fir,9.976960429965e-01,-2.458635281596e-01,-2.303957003501e-03,-2.458635281596e-01,24.587432297
5651000000.000000,after_l1_08_fixed_fir,9.960833175079e-01,-2.529954255040e-01,-3.916682492054e-03,-2.529954255040e-01,25.302574124
5652000000.000000,after_l1_08_fixed_fir,9.941161515021e-01,-2.558033662679e-01,-5.883848497922e-03,-2.558033662679e-01,25.587102585
5653000000.000000,after_l1_08_fixed_fir,9.924254349247e-01,-2.664405888862e-01,-7.574565075333e-03,-2.664405888862e-01,26.654823474
5654000000.000000,after_l1_08_fixed_fir,9.917859618494e-01,-2.689811175529e-01,-8.214038150617e-03,-2.689811175529e-01,26.910650684
5655000000.000000,after_l1_08_fixed_fir,9.899188037759e-01,-2.751565131381e-01,-1.008119622409e-02,-2.751565131381e-01,27.534112886
5656000000.000000,after_l1_08_fixed_fir,9.862124772688e-01,-2.813969039841e-01,-1.378752273120e-02,-2.813969039841e-01,28.173447314
5657000000.000000,after_l1_08_fixed_fir,9.855058894219e-01,-2.838019916525e-01,-1.449411057811e-02,-2.838019916525e-01,28.417186650
5658000000.000000,after_l1_08_fixed_fir,9.861397009684e-01,-2.857132103495e-01,-1.386029903160e-02,-2.857132103495e-01,28.604920286
5659000000.000000,after_l1_08_fixed_fir,9.842224725441e-01,-2.918183258630e-01,-1.577752745593e-02,-2.918183258630e-01,29.224453063
5660000000.000000,after_l1_08_fixed_fir,9.809209600921e-01,-2.998256014324e-01,-1.907903990793e-02,-2.998256014324e-01,30.043202399
5661000000.000000,after_l1_08_fixed_fir,9.817572753941e-01,-2.992695201255e-01,-1.824272460591e-02,-2.992695201255e-01,29.982502010
5662000000.000000,after_l1_08_fixed_fir,9.790583202406e-01,-3.062102050459e-01,-2.094167975936e-02,-3.062102050459e-01,30.692546917
5663000000.000000,after_l1_08_fixed_fir,9.774268461114e-01,-3.102083566472e-01,-2.257315388857e-02,-3.102083566472e-01,31.102857073
5664000000.000000,after_l1_08_fixed_fir,9.772166509379e-01,-3.120171932774e-01,-2.278334906211e-02,-3.120171932774e-01,31.284790217
5665000000.000000,after_l1_08_fixed_fir,9.774230351983e-01,-3.104976816734e-01,-2.257696480174e-02,-3.104976816734e-01,31.131740983
5666000000.000000,after_l1_08_fixed_fir,9.739132138129e-01,-3.188431039032e-01,-2.608678618710e-02,-3.188431039032e-01,31.990849523
5667000000.000000,after_l1_08_fixed_fir,9.741841625058e-01,-3.198369525385e-01,-2.581583749425e-02,-3.198369525385e-01,32.087713174
5668000000.000000,after_l1_08_fixed_fir,9.731708952300e-01,-3.210126963084e-01,-2.682910476999e-02,-3.210126963084e-01,32.213188612
5669000000.000000,after_l1_08_fixed_fir,9.739089834241e-01,-3.212828452445e-01,-2.609101657586e-02,-3.212828452445e-01,32.234051529
5670000000.000000,after_l1_08_fixed_fir,9.718077473701e-01,-3.278817566915e-01,-2.819225262987e-02,-3.278817566915e-01,32.909155182
5671000000.000000,after_l1_08_fixed_fir,9.730384402836e-01,-3.233742512591e-01,-2.696155971645e-02,-3.233742512591e-01,32.449627437
5672000000.000000,after_l1_08_fixed_fir,9.715358200021e-01,-3.273703929222e-01,-2.846417999787e-02,-3.273703929222e-01,32.860551381
5673000000.000000,after_l1_08_fixed_fir,9.708712668048e-01,-3.295387174315e-01,-2.912873319520e-02,-3.295387174315e-01,33.082359254
5674000000.000000,after_l1_08_fixed_fir,9.716939484748e-01,-3.263052196289e-01,-2.830605152521e-02,-3.263052196289e-01,32.753065339
5675000000.000000,after_l1_08_fixed_fir,9.725068528344e-01,-3.286416441500e-01,-2.749314716555e-02,-3.286416441500e-01,32.978963509
5676000000.000000,after_l1_08_fixed_fir,9.700723190428e-01,-3.320501876213e-01,-2.992768095721e-02,-3.320501876213e-01,33.339615053
5677000000.000000,after_l1_08_fixed_fir,9.691002461982e-01,-3.339666008673e-01,-3.089975380183e-02,-3.339666008673e-01,33.539303105
5678000000.000000,after_l1_08_fixed_fir,9.708585486525e-01,-3.293136353306e-01,-2.914145134753e-02,-3.293136353306e-01,33.060050605
5679000000.000000,after_l1_08_fixed_fir,9.711823481075e-01,-3.286430048406e-01,-2.881765189247e-02,-3.286430048406e-01,32.990404922
5680000000.000000,after_l1_08_fixed_fir,9.709344642309e-01,-3.246686804891e-01,-2.906553576914e-02,-3.246686804891e-01,32.596711101
5681000000.000000,after_l1_08_fixed_fir,9.707223777328e-01,-3.301910190930e-01,-2.927762226718e-02,-3.301910190930e-01,33.148648276
5682000000.000000,after_l1_08_fixed_fir,9.715932429479e-01,-3.242475405178e-01,-2.840675705214e-02,-3.242475405178e-01,32.548949503
5683000000.000000,after_l1_08_fixed_fir,9.697859293155e-01,-3.276157270941e-01,-3.021407068446e-02,-3.276157270941e-01,32.900601014
5684000000.000000,after_l1_08_fixed_fir,9.718750414245e-01,-3.222253542199e-01,-2.812495857547e-02,-3.222253542199e-01,32.345044782
5685000000.000000,after_l1_08_fixed_fir,9.724799490729e-01,-3.217272371335e-01,-2.752005092708e-02,-3.217272371335e-01,32.290210330
5686000000.000000,after_l1_08_fixed_fir,9.751006489862e-01,-3.123848983184e-01,-2.489935101379e-02,-3.123848983184e-01,31.337565697
5687000000.000000,after_l1_08_fixed_fir,9.743444647019e-01,-3.119100098698e-01,-2.565553529809e-02,-3.119100098698e-01,31.296335368
5688000000.000000,after_l1_08_fixed_fir,9.748307600393e-01,-3.142393751949e-01,-2.516923996071e-02,-3.142393751949e-01,31.524573837
5689000000.000000,after_l1_08_fixed_fir,9.748367061181e-01,-3.101202884967e-01,-2.516329388191e-02,-3.101202884967e-01,31.113949395
5690000000.000000,after_l1_08_fixed_fir,9.775556433918e-01,-3.081607417267e-01,-2.244435660816e-02,-3.081607417267e-01,30.897700867
5691000000.000000,after_l1_08_fixed_fir,9.759454819279e-01,-3.094701658957e-01,-2.405451807211e-02,-3.094701658957e-01,31.040361373
5692000000.000000,after_l1_08_fixed_fir,9.785153986226e-01,-3.006927574718e-01,-2.148460137740e-02,-3.006927574718e-01,30.145932146
5693000000.000000,after_l1_08_fixed_fir,9.794787296107e-01,-2.966240472581e-01,-2.052127038929e-02,-2.966240472581e-01,29.733305896
5694000000.000000,after_l1_08_fixed_fir,9.801911893601e-01,-2.951186016803e-01,-1.980881063989e-02,-2.951186016803e-01,29.578265337
5695000000.000000,after_l1_08_fixed_fir,9.819139253039e-01,-2.898439502092e-01,-1.808607469615e-02,-2.898439502092e-01,29.040768167
5696000000.000000,after_l1_08_fixed_fir,9.845414620013e-01,-2.821582423414e-01,-1.545853799869e-02,-2.821582423414e-01,28.258138672
5697000000.000000,after_l1_08_fixed_fir,9.830559011278e-01,-2.822074840830e-01,-1.694409887218e-02,-2.822074840830e-01,28.271569917
5698000000.000000,after_l1_08_fixed_fir,9.865586413040e-01,-2.732691168714e-01,-1.344135869598e-02,-2.732691168714e-01,27.359948896
5699000000.000000,after_l1_08_fixed_fir,9.894785793888e-01,-2.663506658134e-01,-1.052142061118e-02,-2.663506658134e-01,26.655839411
5700000000.000000,after_l1_08_fixed_fir,9.871300078711e-01,-2.680353357413e-01,-1.286999212894e-02,-2.680353357413e-01,26.834414080
5701000000.000000,after_l1_08_fixed_fir,9.896395552858e-01,-2.569047286068e-01,-1.036044471417e-02,-2.569047286068e-01,25.711355156
5702000000.000000,after_l1_08_fixed_fir,9.913726704555e-01,-2.520730406514e-01,-8.627329544503e-03,-2.520730406514e-01,25.222063484
5703000000.000000,after_l1_08_fixed_fir,9.937970535788e-01,-2.467164188400e-01,-6.202946421201e-03,-2.467164188400e-01,24.679438379
5704000000.000000,after_l1_08_fixed_fir,9.933360620133e-01,-2.440532406874e-01,-6.663937986666e-03,-2.440532406874e-01,24.414420403
5705000000.000000,after_l1_08_fixed_fir,9.952600391795e-01,-2.380067923504e-01,-4.739960820493e-03,-2.380067923504e-01,23.805398638
5706000000.000000,after_l1_08_fixed_fir,9.978539889303e-01,-2.286315791626e-01,-2.146011069685e-03,-2.286315791626e-01,22.864165052
5707000000.000000,after_l1_08_fixed_fir,9.973690192498e-01,-2.245498460271e-01,-2.630980750202e-03,-2.245498460271e-01,22.456525869
5708000000.000000,after_l1_08_fixed_fir,9.981285211884e-01,-2.189154096702e-01,-1.871478811570e-03,-2.189154096702e-01,21.892340904
5709000000.000000,after_l1_08_fixed_fir,1.001365984148e+00,-2.070379392114e-01,1.365984148348e-03,-2.070379392114e-01,20.704244537
5710000000.000000,after_l1_08_fixed_fir,1.002351288009e+00,-2.032977648717e-01,2.351288009438e-03,-2.032977648717e-01,20.331136160
5711000000.000000,after_l1_08_fixed_fir,1.003249995410e+00,-1.941049443893e-01,3.249995409821e-03,-1.941049443893e-01,19.413215063
5712000000.000000,after_l1_08_fixed_fir,1.004718967631e+00,-1.814233193305e-01,4.718967630817e-03,-1.814233193305e-01,18.148468104
5713000000.000000,after_l1_08_fixed_fir,1.008104638299e+00,-1.751699295587e-01,8.104638298983e-03,-1.751699295587e-01,17.535731916
5714000000.000000,after_l1_08_fixed_fir,1.007929360742e+00,-1.713777177469e-01,7.929360741597e-03,-1.713777177469e-01,17.156105882
5715000000.000000,after_l1_08_fixed_fir,1.008418253256e+00,-1.630943189677e-01,8.418253256423e-03,-1.630943189677e-01,16.331143214
5716000000.000000,after_l1_08_fixed_fir,1.011464892882e+00,-1.501959630047e-01,1.146489288171e-02,-1.501959630047e-01,15.063290169
5717000000.000000,after_l1_08_fixed_fir,1.011086524249e+00,-1.481020122628e-01,1.108652424930e-02,-1.481020122628e-01,14.851638649
5718000000.000000,after_l1_08_fixed_fir,1.013356927331e+00,-1.394788608046e-01,1.335692733093e-02,-1.394788608046e-01,14.011695158
5719000000.000000,after_l1_08_fixed_fir,1.014169266091e+00,-1.299987553269e-01,1.416926609124e-02,-1.299987553269e-01,13.076866784
5720000000.000000,after_l1_08_fixed_fir,1.013806610950e+00,-1.242746570485e-01,1.380661094974e-02,-1.242746570485e-01,12.503924540
5721000000.000000,after_l1_08_fixed_fir,1.016320658074e+00,-1.188093805663e-01,1.632065807421e-02,-1.188093805663e-01,11.992511326
5722000000.000000,after_l1_08_fixed_fir,1.017677129122e+00,-1.084285165526e-01,1.767712912183e-02,-1.084285165526e-01,10.986002046
5723000000.000000,after_l1_08_fixed_fir,1.019170144283e+00,-9.501459601155e-02,1.917014428350e-02,-9.501459601155e-02,9.692919007
5724000000.000000,after_l1_08_fixed_fir,1.018710356767e+00,-8.679304319032e-02,1.871035676722e-02,-8.679304319032e-02,8.878687852
5725000000.000000,after_l1_08_fixed_fir,1.018768107588e+00,-7.806811920699e-02,1.876810758796e-02,-7.806811920699e-02,8.029242243
5726000000.000000,after_l1_08_fixed_fir,1.018652536555e+00,-7.469510375373e-02,1.865253655509e-02,-7.469510375373e-02,7.698880207
5727000000.000000,after_l1_08_fixed_fir,1.019700920777e+00,-6.587776310208e-02,1.970092077720e-02,-6.587776310208e-02,6.876049702
5728000000.000000,after_l1_08_fixed_fir,1.020089410477e+00,-5.766459396974e-02,2.008941047661e-02,-5.766459396974e-02,6.106381753
5729000000.000000,after_l1_08_fixed_fir,1.021370933140e+00,-4.629806101340e-02,2.137093313997e-02,-4.629806101340e-02,5.099242333
5730000000.000000,after_l1_08_fixed_fir,1.022033997403e+00,-3.988376404992e-02,2.203399740346e-02,-3.988376404992e-02,4.556546583
5731000000.000000,after_l1_08_fixed_fir,1.021779322516e+00,-3.236280667141e-02,2.177932251647e-02,-3.236280667141e-02,3.900884701
5732000000.000000,after_l1_08_fixed_fir,1.023102364131e+00,-1.784627725648e-02,2.310236413081e-02,-1.784627725648e-02,2.919261620
5733000000.000000,after_l1_08_fixed_fir,1.021670594774e+00,-2.048076155580e-02,2.167059477388e-02,-2.048076155580e-02,2.981738204
5734000000.000000,after_l1_08_fixed_fir,1.021964171777e+00,-8.165420202135e-03,2.196417177726e-02,-8.165420202135e-03,2.343286002
5735000000.000000,after_l1_08_fixed_fir,1.021629036087e+00,3.594428187735e-03,2.162903608656e-02,3.594428187735e-03,2.192567253
5736000000.000000,after_l1_08_fixed_fir,1.022682311990e+00,1.139057604391e-02,2.268231198956e-02,1.139057604391e-02,2.538173556
5737000000.000000,after_l1_08_fixed_fir,1.022688204224e+00,2.122202559044e-02,2.268820422444e-02,2.122202559044e-02,3.106652509
5738000000.000000,after_l1_08_fixed_fir,1.020254038743e+00,2.781879698618e-02,2.025403874303e-02,2.781879698618e-02,3.441092197
5739000000.000000,after_l1_08_fixed_fir,1.022146055561e+00,3.628765424260e-02,2.214605556112e-02,3.628765424260e-02,4.251166460
5740000000.000000,after_l1_08_fixed_fir,1.021321675752e+00,4.049629881256e-02,2.132167575156e-02,4.049629881256e-02,4.576640771
5741000000.000000,after_l1_08_fixed_fir,1.021189633150e+00,4.952009819430e-02,2.118963315006e-02,4.952009819430e-02,5.386316625
5742000000.000000,after_l1_08_fixed_fir,1.020339824942e+00,5.831843393902e-02,2.033982494153e-02,5.831843393902e-02,6.176364801
5743000000.000000,after_l1_08_fixed_fir,1.019563529686e+00,6.456423312052e-02,1.956352968558e-02,6.456423312052e-02,6.746311505
5744000000.000000,after_l1_08_fixed_fir,1.019334706626e+00,7.201386449433e-02,1.933470662610e-02,7.201386449433e-02,7.456425122
5745000000.000000,after_l1_08_fixed_fir,1.018811366652e+00,8.286380412280e-02,1.881136665199e-02,8.286380412280e-02,8.497221634
5746000000.000000,after_l1_08_fixed_fir,1.019227127013e+00,9.162665639866e-02,1.922712701277e-02,9.162665639866e-02,9.362225470
5747000000.000000,after_l1_08_fixed_fir,1.017127874378e+00,9.631344265961e-02,1.712787437774e-02,9.631344265961e-02,9.782455376
5748000000.000000,after_l1_08_fixed_fir,1.016367106082e+00,1.066909506353e-01,1.636710608222e-02,1.066909506353e-01,10.793906202
5749000000.000000,after_l1_08_fixed_fir,1.016157322153e+00,1.124330881569e-01,1.615732215327e-02,1.124330881569e-01,11.358810841
5750000000.000000,after_l1_08_fixed_fir,1.015853407549e+00,1.120092476582e-01,1.585340754929e-02,1.120092476582e-01,11.312560317
5751000000.000000,after_l1_08_fixed_fir,1.014494653699e+00,1.227684801864e-01,1.449465369889e-02,1.227684801864e-01,12.362117421
5752000000.000000,after_l1_08_fixed_fir,1.015368524715e+00,1.289601635223e-01,1.536852471546e-02,1.289601635223e-01,12.987268892
5753000000.000000,after_l1_08_fixed_fir,1.013784717547e+00,1.370519343966e-01,1.378471754722e-02,1.370519343966e-01,13.774342511
5754000000.000000,after_l1_08_fixed_fir,1.012087692759e+00,1.435051774083e-01,1.208769275891e-02,1.435051774083e-01,14.401336139
5755000000.000000,after_l1_08_fixed_fir,1.012415462934e+00,1.479951157979e-01,1.241546293395e-02,1.479951157979e-01,14.851497574
5756000000.000000,after_l1_08_fixed_fir,1.010791334476e+00,1.543544104057e-01,1.079133447587e-02,1.543544104057e-01,15.473117628
5757000000.000000,after_l1_08_fixed_fir,1.010024317848e+00,1.595882432591e-01,1.002431784825e-02,1.595882432591e-01,15.990276525
5758000000.000000,after_l1_08_fixed_fir,1.010205884186e+00,1.596577482824e-01,1.020588418564e-02,1.596577482824e-01,15.998361372
5759000000.000000,after_l1_08_fixed_fir,1.008350321581e+00,1.668185422881e-01,8.350321580906e-03,1.668185422881e-01,16.702740470
5760000000.000000,after_l1_08_fixed_fir,1.008386184319e+00,1.742574965100e-01,8.386184319145e-03,1.742574965100e-01,17.445917338
5761000000.000000,after_l1_08_fixed_fir,1.007540190518e+00,1.786936633614e-01,7.540190517895e-03,1.786936633614e-01,17.885267624
5762000000.000000,after_l1_08_fixed_fir,1.007726234374e+00,1.768599955543e-01,7.726234373854e-03,1.768599955543e-01,17.702867769
5763000000.000000,after_l1_08_fixed_fir,1.004343759549e+00,1.901645197947e-01,4.343759549426e-03,1.901645197947e-01,19.021412365
5764000000.000000,after_l1_08_fixed_fir,1.005951838463e+00,1.895375911554e-01,5.951838463092e-03,1.895375911554e-01,18.963101762
5765000000.000000,after_l1_08_fixed_fir,1.005095101233e+00,1.970014047016e-01,5.095101233401e-03,1.970014047016e-01,19.706728169
5766000000.000000,after_l1_08_fixed_fir,1.003363416028e+00,1.998950663767e-01,3.363416028400e-03,1.998950663767e-01,19.992336064
5767000000.000000,after_l1_08_fixed_fir,1.003480862151e+00,2.000835324701e-01,3.480862150559e-03,2.000835324701e-01,20.011380854
5768000000.000000,after_l1_08_fixed_fir,1.004230378736e+00,2.000458777138e-01,4.230378736000e-03,2.000458777138e-01,20.009060271
5769000000.000000,after_l1_08_fixed_fir,1.002368682485e+00,2.068171063036e-01,2.368682485289e-03,2.068171063036e-01,20.683067015
5770000000.000000,after_l1_08_fixed_fir,1.003202480343e+00,2.080395422222e-01,3.202480343473e-03,2.080395422222e-01,20.806418963
5771000000.000000,after_l1_08_fixed_fir,1.002593659823e+00,2.082095130504e-01,2.593659823397e-03,2.082095130504e-01,20.822566700
5772000000.000000,after_l1_08_fixed_fir,1.001565350599e+00,2.107558823919e-01,1.565350598917e-03,2.107558823919e-01,21.076169549
5773000000.000000,after_l1_08_fixed_fir,1.002142398717e+00,2.149499129488e-01,2.142398716690e-03,2.149499129488e-01,21.496058929
5774000000.000000,after_l1_08_fixed_fir,1.001449238576e+00,2.141501287877e-01,1.449238576080e-03,2.141501287877e-01,21.415503252
5775000000.000000,after_l1_08_fixed_fir,9.999794013674e-01,2.120742206228e-01,-2.059863263681e-05,2.120742206228e-01,21.207422162
5776000000.000000,after_l1_08_fixed_fir,1.001129203911e+00,2.134036724650e-01,1.129203911462e-03,2.134036724650e-01,21.340665998
5777000000.000000,after_l1_08_fixed_fir,1.000935037535e+00,2.147862776278e-01,9.350375349264e-04,2.147862776278e-01,21.478831289
5778000000.000000,after_l1_08_fixed_fir,1.000794086155e+00,2.157661718989e-01,7.940861545503e-04,2.157661718989e-01,21.576763314
5779000000.000000,after_l1_08_fixed_fir,1.000913342388e+00,2.146121176131e-01,9.133423878569e-04,2.146121176131e-01,21.461406110
5780000000.000000,after_l1_08_fixed_fir,1.002461354976e+00,2.173635357712e-01,2.461354975627e-03,2.173635357712e-01,21.737747112
5781000000.000000,after_l1_08_fixed_fir,1.002643133318e+00,2.133516607175e-01,2.643133317961e-03,2.133516607175e-01,21.336803248
5782000000.000000,after_l1_08_fixed_fir,1.002262615570e+00,2.125451069013e-01,2.262615569615e-03,2.125451069013e-01,21.255714972
5783000000.000000,after_l1_08_fixed_fir,1.003267071421e+00,2.068704331072e-01,3.267071421013e-03,2.068704331072e-01,20.689622967
5784000000.000000,after_l1_08_fixed_fir,1.001911950969e+00,2.098148455320e-01,1.911950969183e-03,2.098148455320e-01,20.982355674
5785000000.000000,after_l1_08_fixed_fir,1.003084584683e+00,2.102718431641e-01,3.084584682943e-03,2.102718431641e-01,21.029446662
5786000000.000000,after_l1_08_fixed_fir,1.003858169283e+00,2.046967718360e-01,3.858169283200e-03,2.046967718360e-01,20.473312841
5787000000.000000,after_l1_08_fixed_fir,1.004892668936e+00,2.006586372899e-01,4.892668935516e-03,2.006586372899e-01,20.071827751
5788000000.000000,after_l1_08_fixed_fir,1.005582150517e+00,2.003879017309e-01,5.582150516542e-03,2.003879017309e-01,20.046563687
5789000000.000000,after_l1_08_fixed_fir,1.004696350759e+00,1.998398714839e-01,4.696350758776e-03,1.998398714839e-01,19.989504733
5790000000.000000,after_l1_08_fixed_fir,1.005846854999e+00,1.981277295145e-01,5.846854999306e-03,1.981277295145e-01,19.821398264
5791000000.000000,after_l1_08_fixed_fir,1.005958826472e+00,1.938079152249e-01,5.958826472317e-03,1.938079152249e-01,19.389949875
5792000000.000000,after_l1_08_fixed_fir,1.005614823983e+00,1.973114997556e-01,5.614823983471e-03,1.973114997556e-01,19.739137312
5793000000.000000,after_l1_08_fixed_fir,1.008960508294e+00,1.870380728616e-01,8.960508294376e-03,1.870380728616e-01,18.725258719
5794000000.000000,after_l1_08_fixed_fir,1.006408027103e+00,1.857817818489e-01,6.408027102712e-03,1.857817818489e-01,18.589226256
5795000000.000000,after_l1_08_fixed_fir,1.009839018134e+00,1.770216780540e-01,9.839018134230e-03,1.770216780540e-01,17.729489778
5796000000.000000,after_l1_08_fixed_fir,1.009644837961e+00,1.780940283530e-01,9.644837961132e-03,1.780940283530e-01,17.835499947
5797000000.000000,after_l1_08_fixed_fir,1.010858204032e+00,1.719163017080e-01,1.085820403178e-02,1.719163017080e-01,17.225886157
5798000000.000000,after_l1_08_fixed_fir,1.011134738295e+00,1.668233600081e-01,1.113473829534e-02,1.668233600081e-01,16.719454489
5799000000.000000,after_l1_08_fixed_fir,1.013184804809e+00,1.606742398599e-01,1.318480480922e-02,1.606742398599e-01,16.121429971
5800000000.000000,after_l1_08_fixed_fir,1.013914163169e+00,1.530869613360e-01,1.391416316852e-02,1.530869613360e-01,15.371799396
5801000000.000000,after_l1_08_fixed_fir,1.014551224925e+00,1.474660983858e-01,1.455122492494e-02,1.474660983858e-01,14.818228072
5802000000.000000,after_l1_08_fixed_fir,1.016328568252e+00,1.408328887901e-01,1.632856825239e-02,1.408328887901e-01,14.177631927
5803000000.000000,after_l1_08_fixed_fir,1.016672154654e+00,1.383021322096e-01,1.667215465406e-02,1.383021322096e-01,13.930341171
5804000000.000000,after_l1_08_fixed_fir,1.017134973952e+00,1.322820929932e-01,1.713497395239e-02,1.322820929932e-01,13.338725374
5805000000.000000,after_l1_08_fixed_fir,1.018730395227e+00,1.244500806151e-01,1.873039522720e-02,1.244500806151e-01,12.585169951
5806000000.000000,after_l1_08_fixed_fir,1.018908110773e+00,1.148268129246e-01,1.890811077313e-02,1.148268129246e-01,11.637316538
5807000000.000000,after_l1_08_fixed_fir,1.020458540071e+00,1.120476646712e-01,2.045854007071e-02,1.120476646712e-01,11.390009227
5808000000.000000,after_l1_08_fixed_fir,1.021166187387e+00,9.854254998648e-02,2.116618738746e-02,9.854254998648e-02,10.079008704
5809000000.000000,after_l1_08_fixed_fir,1.020390594239e+00,9.875992949310e-02,2.039059423909e-02,9.875992949310e-02,10.084294723
5810000000.000000,after_l1_08_fixed_fir,1.021988011160e+00,8.975708739715e-02,2.198801115989e-02,8.975708739715e-02,9.241107819
5811000000.000000,after_l1_08_fixed_fir,1.022202691545e+00,8.183351648129e-02,2.220269154476e-02,8.183351648129e-02,8.479200394
5812000000.000000,after_l1_08_fixed_fir,1.023146828692e+00,7.287647031211e-02,2.314682869193e-02,7.287647031211e-02,7.646408048
5813000000.000000,after_l1_08_fixed_fir,1.023210146925e+00,7.000093022003e-02,2.321014692543e-02,7.000093022003e-02,7.374849932
5814000000.000000,after_l1_08_fixed_fir,1.024596324725e+00,6.333882175807e-02,2.459632472507e-02,6.333882175807e-02,6.794693173
5815000000.000000,after_l1_08_fixed_fir,1.026157254381e+00,4.840226856731e-02,2.615725438073e-02,4.840226856731e-02,5.501801123
5816000000.000000,after_l1_08_fixed_fir,1.025320583459e+00,4.410293822147e-02,2.532058345852e-02,4.410293822147e-02,5.085470584
5817000000.000000,after_l1_08_fixed_fir,1.025926693388e+00,3.397795482977e-02,2.592669338780e-02,3.397795482977e-02,4.273985078
5818000000.000000,after_l1_08_fixed_fir,1.026011321092e+00,2.292494327914e-02,2.601132109233e-02,2.292494327914e-02,3.467191730
5819000000.000000,after_l1_08_fixed_fir,1.026222513736e+00,1.390514110583e-02,2.622251373559e-02,1.390514110583e-02,2.968119229
5820000000.000000,after_l1_08_fixed_fir,1.027271398860e+00,7.288963541559e-03,2.727139885986e-02,7.288963541559e-03,2.822867665
5821000000.000000,after_l1_08_fixed_fir,1.027866147469e+00,-9.968266851587e-03,2.786614746927e-02,-9.968266851587e-03,2.959541381
5822000000.000000,after_l1_08_fixed_fir,1.026015725025e+00,-1.260087781504e-02,2.601572502465e-02,-1.260087781504e-02,2.890674783
5823000000.000000,after_l1_08_fixed_fir,1.025709626810e+00,-2.168983733564e-02,2.570962681016e-02,-2.168983733564e-02,3.363679465
5824000000.000000,after_l1_08_fixed_fir,1.027288286493e+00,-2.915118732384e-02,2.728828649287e-02,-2.915118732384e-02,3.993046834
5825000000.000000,after_l1_08_fixed_fir,1.026914692935e+00,-3.265574584743e-02,2.691469293543e-02,-3.265574584743e-02,4.231782642
5826000000.000000,after_l1_08_fixed_fir,1.025949252273e+00,-4.339727323556e-02,2.594925227271e-02,-4.339727323556e-02,5.056369268
5827000000.000000,after_l1_08_fixed_fir,1.024923981630e+00,-5.744755967774e-02,2.492398162975e-02,-5.744755967774e-02,6.262129808
5828000000.000000,after_l1_08_fixed_fir,1.026404632513e+00,-6.296459267094e-02,2.640463251345e-02,-6.296459267094e-02,6.827696938
5829000000.000000,after_l1_08_fixed_fir,1.026160581100e+00,-7.585592109134e-02,2.616058109986e-02,-7.585592109134e-02,8.024024407
5830000000.000000,after_l1_08_fixed_fir,1.022935831351e+00,-8.431347818001e-02,2.293583135057e-02,-8.431347818001e-02,8.737742822
5831000000.000000,after_l1_08_fixed_fir,1.022894229734e+00,-9.035444653578e-02,2.289422973411e-02,-9.035444653578e-02,9.320982654
5832000000.000000,after_l1_08_fixed_fir,1.022805655165e+00,-9.677453746255e-02,2.280565516541e-02,-9.677453746255e-02,9.942539418
5833000000.000000,after_l1_08_fixed_fir,1.022440066561e+00,-1.080153443639e-01,2.244006656093e-02,-1.080153443639e-01,11.032167151
5834000000.000000,after_l1_08_fixed_fir,1.020381941350e+00,-1.180379498976e-01,2.038194135011e-02,-1.180379498976e-01,11.978472836
5835000000.000000,after_l1_08_fixed_fir,1.019749538553e+00,-1.236029882823e-01,1.974953855314e-02,-1.236029882823e-01,12.517085518
5836000000.000000,after_l1_08_fixed_fir,1.018153867372e+00,-1.370204445983e-01,1.815386737220e-02,-1.370204445983e-01,13.821781773
5837000000.000000,after_l1_08_fixed_fir,1.017223926659e+00,-1.430363362759e-01,1.722392665868e-02,-1.430363362759e-01,14.406962603
5838000000.000000,after_l1_08_fixed_fir,1.015767684237e+00,-1.555200946343e-01,1.576768423730e-02,-1.555200946343e-01,15.631736852
5839000000.000000,after_l1_08_fixed_fir,1.014878993938e+00,-1.622908275964e-01,1.487899393756e-02,-1.622908275964e-01,16.297146125
5840000000.000000,after_l1_08_fixed_fir,1.012212725417e+00,-1.714283345047e-01,1.221272541682e-02,-1.714283345047e-01,17.186280730
5841000000.000000,after_l1_08_fixed_fir,1.013888200373e+00,-1.731810254122e-01,1.388820037280e-02,-1.731810254122e-01,17.373701296
5842000000.000000,after_l1_08_fixed_fir,1.010647369666e+00,-1.894012029543e-01,1.064736966569e-02,-1.894012029543e-01,18.970024291
5843000000.000000,after_l1_08_fixed_fir,1.008252115780e+00,-1.977616265223e-01,8.252115779686e-03,-1.977616265223e-01,19.793372209
5844000000.000000,after_l1_08_fixed_fir,1.006847823550e+00,-2.040762807206e-01,6.847823550255e-03,-2.040762807206e-01,20.419113850
5845000000.000000,after_l1_08_fixed_fir,1.005095481660e+00,-2.125071333610e-01,5.095481659577e-03,-2.125071333610e-01,21.256821414
5846000000.000000,after_l1_08_fixed_fir,1.005184494788e+00,-2.178951411534e-01,5.184494788341e-03,-2.178951411534e-01,21.795681114
5847000000.000000,after_l1_08_fixed_fir,1.003029476039e+00,-2.246702982595e-01,3.029476039266e-03,-2.246702982595e-01,22.469072221
5848000000.000000,after_l1_08_fixed_fir,9.998080680817e-01,-2.352753013113e-01,-1.919319183100e-04,-2.352753013113e-01,23.527537960
5849000000.000000,after_l1_08_fixed_fir,9.987313592707e-01,-2.426407203437e-01,-1.268640729347e-03,-2.426407203437e-01,24.264403685
5850000000.000000,after_l1_08_fixed_fir,9.971636012696e-01,-2.490230972645e-01,-2.836398730433e-03,-2.490230972645e-01,24.903925018
5851000000.000000,after_l1_08_fixed_fir,9.961033284290e-01,-2.556860230674e-01,-3.896671570973e-03,-2.556860230674e-01,25.571571411
5852000000.000000,after_l1_08_fixed_fir,9.943573725773e-01,-2.628143429499e-01,-5.642627422746e-03,-2.628143429499e-01,26.287490961
5853000000.000000,after_l1_08_fixed_fir,9.929224409310e-01,-2.716177314069e-01,-7.077559068958e-03,-2.716177314069e-01,27.170992594
5854000000.000000,after_l1_08_fixed_fir,9.882701499741e-01,-2.803559996578e-01,-1.172985002594e-02,-2.803559996578e-01,28.060127570
5855000000.000000,after_l1_08_fixed_fir,9.885039838833e-01,-2.864758760540e-01,-1.149601611670e-02,-2.864758760540e-01,28.670644560
5856000000.000000,after_l1_08_fixed_fir,9.861741531895e-01,-2.889066180358e-01,-1.382584681053e-02,-2.889066180358e-01,28.923725207
5857000000.000000,after_l1_08_fixed_fir,9.838738249019e-01,-2.955358224765e-01,-1.612617509811e-02,-2.955358224765e-01,29.597546501
5858000000.000000,after_l1_08_fixed_fir,9.833092823006e-01,-2.982948260404e-01,-1.669071769941e-02,-2.982948260404e-01,29.876141535
5859000000.000000,after_l1_08_fixed_fir,9.788819054242e-01,-3.102392895146e-01,-2.111809457582e-02,-3.102392895146e-01,31.095721680
5860000000.000000,after_l1_08_fixed_fir,9.797845729657e-01,-3.093937714101e-01,-2.021542703435e-02,-3.093937714101e-01,31.005349422
5861000000.000000,after_l1_08_fixed_fir,9.780784666464e-01,-3.157259759241e-01,-2.192153335364e-02,-3.157259759241e-01,31.648609053
5862000000.000000,after_l1_08_fixed_fir,9.760213571011e-01,-3.220303996011e-01,-2.397864289893e-02,-3.220303996011e-01,32.292190013
5863000000.000000,after_l1_08_fixed_fir,9.726771834526e-01,-3.264873488753e-01,-2.732281654742e-02,-3.264873488753e-01,32.762863928
5864000000.000000,after_l1_08_fixed_fir,9.727469390552e-01,-3.302981409592e-01,-2.725306094485e-02,-3.302981409592e-01,33.142056552
5865000000.000000,after_l1_08_fixed_fir,9.714714623794e-01,-3.332993650620e-01,-2.852853762060e-02,-3.332993650620e-01,33.451807755
5866000000.000000,after_l1_08_fixed_fir,9.719899573092e-01,-3.381013703283e-01,-2.801004269079e-02,-3.381013703283e-01,33.925963378
5867000000.000000,after_l1_08_fixed_fir,9.673541484877e-01,-3.431496665324e-01,-3.264585151227e-02,-3.431496665324e-01,34.469906478
5868000000.000000,after_l1_08_fixed_fir,9.686243232020e-01,-3.447081022851e-01,-3.137567679797e-02,-3.447081022851e-01,34.613307972
5869000000.000000,after_l1_08_fixed_fir,9.676864630425e-01,-3.477332577245e-01,-3.231353695751e-02,-3.477332577245e-01,34.923141783
5870000000.000000,after_l1_08_fixed_fir,9.664275144176e-01,-3.482784579811e-01,-3.357248558240e-02,-3.482784579811e-01,34.989283514
5871000000.000000,after_l1_08_fixed_fir,9.625229065732e-01,-3.544423786501e-01,-3.747709342680e-02,-3.544423786501e-01,35.641819863
5872000000.000000,after_l1_08_fixed_fir,9.627994677237e-01,-3.554296411689e-01,-3.720053227630e-02,-3.554296411689e-01,35.737110883
5873000000.000000,after_l1_08_fixed_fir,9.638233970092e-01,-3.554611195653e-01,-3.617660299081e-02,-3.554611195653e-01,35.729729096
5874000000.000000,after_l1_08_fixed_fir,9.612070778223e-01,-3.604086879140e-01,-3.879292217765e-02,-3.604086879140e-01,36.249043178
5875000000.000000,after_l1_08_fixed_fir,9.613112463058e-01,-3.597558645251e-01,-3.868875369424e-02,-3.597558645251e-01,36.183021118
5876000000.000000,after_l1_08_fixed_fir,9.603620552406e-01,-3.629177747511e-01,-3.963794475937e-02,-3.629177747511e-01,36.507598921
5877000000.000000,after_l1_08_fixed_fir,9.618894084408e-01,-3.594930580629e-01,-3.811059155920e-02,-3.594930580629e-01,36.150750474
5878000000.000000,after_l1_08_fixed_fir,9.596730664725e-01,-3.630055400328e-01,-4.032693352755e-02,-3.630055400328e-01,36.523866671
5879000000.000000,after_l1_08_fixed_fir,9.613891378770e-01,-3.602530013654e-01,-3.861086212299e-02,-3.602530013654e-01,36.231619294
5880000000.000000,after_l1_08_fixed_fir,9.603160764592e-01,-3.618870966555e-01,-3.968392354082e-02,-3.618870966555e-01,36.405643040
5881000000.000000,after_l1_08_fixed_fir,9.591595953440e-01,-3.662163635044e-01,-4.084040465595e-02,-3.662163635044e-01,36.848658531
5882000000.000000,after_l1_08_fixed_fir,9.600335291743e-01,-3.628439409763e-01,-3.996647082573e-02,-3.628439409763e-01,36.503841482
5883000000.000000,after_l1_08_fixed_fir,9.593916870207e-01,-3.634223496697e-01,-4.060831297930e-02,-3.634223496697e-01,36.568407037
5884000000.000000,after_l1_08_fixed_fir,9.620597297920e-01,-3.584066467307e-01,-3.794027020797e-02,-3.584066467307e-01,36.040919595
5885000000.000000,after_l1_08_fixed_fir,9.623268562721e-01,-3.569262101257e-01,-3.767314372793e-02,-3.569262101257e-01,35.890888152
5886000000.000000,after_l1_08_fixed_fir,9.615520760463e-01,-3.570873634500e-01,-3.844792395371e-02,-3.570873634500e-01,35.915126060
5887000000.000000,after_l1_08_fixed_fir,9.624815113024e-01,-3.583554011902e-01,-3.751848869762e-02,-3.583554011902e-01,36.031407210
5888000000.000000,after_l1_08_fixed_fir,9.639390372017e-01,-3.542448916738e-01,-3.606096279832e-02,-3.542448916738e-01,35.607560477
5889000000.000000,after_l1_08_fixed_fir,9.655986623819e-01,-3.501306855773e-01,-3.440133761806e-02,-3.501306855773e-01,35.181664118
5890000000.000000,after_l1_08_fixed_fir,9.628350140480e-01,-3.518676658616e-01,-3.716498595204e-02,-3.518676658616e-01,35.382494324
5891000000.000000,after_l1_08_fixed_fir,9.652268859414e-01,-3.465091982838e-01,-3.477311405863e-02,-3.465091982838e-01,34.824961444
5892000000.000000,after_l1_08_fixed_fir,9.659010904048e-01,-3.442162116957e-01,-3.409890959515e-02,-3.442162116957e-01,34.590104948
5893000000.000000,after_l1_08_fixed_fir,9.656636457810e-01,-3.421170259143e-01,-3.433635421905e-02,-3.421170259143e-01,34.383578150
5894000000.000000,after_l1_08_fixed_fir,9.685916946763e-01,-3.367052252725e-01,-3.140830532367e-02,-3.367052252725e-01,33.816695635
5895000000.000000,after_l1_08_fixed_fir,9.695270466870e-01,-3.356267891002e-01,-3.047295331298e-02,-3.356267891002e-01,33.700733293
5896000000.000000,after_l1_08_fixed_fir,9.718619636835e-01,-3.261623279813e-01,-2.813803631652e-02,-3.261623279813e-01,32.737381276
5897000000.000000,after_l1_08_fixed_fir,9.725867982390e-01,-3.221858860754e-01,-2.741320176101e-02,-3.221858860754e-01,32.335000977
5898000000.000000,after_l1_08_fixed_fir,9.739779624932e-01,-3.230292103451e-01,-2.602203750681e-02,-3.230292103451e-01,32.407563496
5899000000.000000,after_l1_08_fixed_fir,9.752496522799e-01,-3.169717245876e-01,-2.475034772007e-02,-3.169717245876e-01,31.793655641
5900000000.000000,after_l1_08_fixed_fir,9.771566422163e-01,-3.063343707426e-01,-2.284335778368e-02,-3.063343707426e-01,30.718490473
5901000000.000000,after_l1_08_fixed_fir,9.801336583273e-01,-3.009197117467e-01,-1.986634167269e-02,-3.009197117467e-01,30.157477423
5902000000.000000,after_l1_08_fixed_fir,9.812909434674e-01,-2.952828393750e-01,-1.870905653258e-02,-2.952828393750e-01,29.587494660
5903000000.000000,after_l1_08_fixed_fir,9.829603886238e-01,-2.905270178066e-01,-1.703961137622e-02,-2.905270178066e-01,29.102628134
5904000000.000000,after_l1_08_fixed_fir,9.856561333909e-01,-2.846569026438e-01,-1.434386660909e-02,-2.846569026438e-01,28.501806738
5905000000.000000,after_l1_08_fixed_fir,9.856370841303e-01,-2.791359910566e-01,-1.436291586969e-02,-2.791359910566e-01,27.950526803
5906000000.000000,after_l1_08_fixed_fir,9.866717402838e-01,-2.703936535630e-01,-1.332825971618e-02,-2.703936535630e-01,27.072194295
5907000000.000000,after_l1_08_fixed_fir,9.907359927181e-01,-2.645616423844e-01,-9.264007281903e-03,-2.645616423844e-01,26.472378898
5908000000.000000,after_l1_08_fixed_fir,9.917362824686e-01,-2.553486873228e-01,-8.263717531417e-03,-2.553486873228e-01,25.548236954
5909000000.000000,after_l1_08_fixed_fir,9.934926140111e-01,-2.483670884548e-01,-6.507385988938e-03,-2.483670884548e-01,24.845232279
5910000000.000000,after_l1_08_fixed_fir,9.948472620555e-01,-2.438711457341e-01,-5.152737944465e-03,-2.438711457341e-01,24.392557560
5911000000.000000,after_l1_08_fixed_fir,9.972256610214e-01,-2.347591853931e-01,-2.774338978620e-03,-2.347591853931e-01,23.477557812
5912000000.000000,after_l1_08_fixed_fir,9.997732604345e-01,-2.259583622777e-01,-2.267395654902e-04,-2.259583622777e-01,22.595847604
5913000000.000000,after_l1_08_fixed_fir,1.000729566746e+00,-2.192482119924e-01,7.295667461158e-04,-2.192482119924e-01,21.924942584
5914000000.000000,after_l1_08_fixed_fir,1.003306904724e+00,-2.087255267848e-01,3.306904723956e-03,-2.087255267848e-01,20.875172131
5915000000.000000,after_l1_08_fixed_fir,1.003690171442e+00,-2.025394918785e-01,3.690171442150e-03,-2.025394918785e-01,20.257310566
5916000000.000000,after_l1_08_fixed_fir,1.005526744615e+00,-1.915820304559e-01,5.526744614756e-03,-1.915820304559e-01,19.166173144
5917000000.000000,after_l1_08_fixed_fir,1.007595990500e+00,-1.806972042603e-01,7.595990499895e-03,-1.806972042603e-01,18.085679058
5918000000.000000,after_l1_08_fixed_fir,1.009052175648e+00,-1.720515770176e-01,9.052175648113e-03,-1.720515770176e-01,17.228954419
5919000000.000000,after_l1_08_fixed_fir,1.010742681190e+00,-1.632861058171e-01,1.074268118993e-02,-1.632861058171e-01,16.363910765
5920000000.000000,after_l1_08_fixed_fir,1.013751301393e+00,-1.532689708676e-01,1.375130139256e-02,-1.532689708676e-01,15.388461821
5921000000.000000,after_l1_08_fixed_fir,1.012985940371e+00,-1.497666219590e-01,1.298594037125e-02,-1.497666219590e-01,15.032855916
5922000000.000000,after_l1_08_fixed_fir,1.014166007278e+00,-1.345229985004e-01,1.416600727816e-02,-1.345229985004e-01,13.526682109
5923000000.000000,after_l1_08_fixed_fir,1.015966863313e+00,-1.275489024069e-01,1.596686331298e-02,-1.275489024069e-01,12.854440178
5924000000.000000,after_l1_08_fixed_fir,1.016353301452e+00,-1.161752752157e-01,1.635330145185e-02,-1.161752752157e-01,11.732060791
5925000000.000000,after_l1_08_fixed_fir,1.017853169189e+00,-1.090854655648e-01,1.785316918858e-02,-1.090854655648e-01,11.053675609
5926000000.000000,after_l1_08_fixed_fir,1.018929536019e+00,-9.621943270511e-02,1.892953601899e-02,-9.621943270511e-02,9.806378824
5927000000.000000,after_l1_08_fixed_fir,1.019759583332e+00,-8.799429085319e-02,1.975958333250e-02,-8.799429085319e-02,9.018556623
5928000000.000000,after_l1_08_fixed_fir,1.019223046647e+00,-7.588129718030e-02,1.922304664699e-02,-7.588129718030e-02,7.827832896
5929000000.000000,after_l1_08_fixed_fir,1.021301604066e+00,-6.312207293558e-02,2.130160406641e-02,-6.312207293558e-02,6.661947484
5930000000.000000,after_l1_08_fixed_fir,1.021861171115e+00,-5.484034020603e-02,2.186117111476e-02,-5.484034020603e-02,5.903705376
5931000000.000000,after_l1_08_fixed_fir,1.022396465790e+00,-4.376434484975e-02,2.239646579043e-02,-4.376434484975e-02,4.916217611
5932000000.000000,after_l1_08_fixed_fir,1.022813549071e+00,-2.881355223128e-02,2.281354907094e-02,-2.881355223128e-02,3.675158246
5933000000.000000,after_l1_08_fixed_fir,1.020779161737e+00,-2.076162190421e-02,2.077916173699e-02,-2.076162190421e-02,2.937377243
5934000000.000000,after_l1_08_fixed_fir,1.022836610979e+00,-1.654448714930e-02,2.283661097854e-02,-1.654448714930e-02,2.819983787
5935000000.000000,after_l1_08_fixed_fir,1.023020894666e+00,-4.921132342543e-03,2.302089466621e-02,-4.921132342543e-03,2.354100964
5936000000.000000,after_l1_08_fixed_fir,1.023569272130e+00,9.612069509497e-03,2.356927213024e-02,9.612069509497e-03,2.545392836
5937000000.000000,after_l1_08_fixed_fir,1.021239132902e+00,1.971518355870e-02,2.123913290229e-02,1.971518355870e-02,2.897911712
5938000000.000000,after_l1_08_fixed_fir,1.022134026790e+00,2.474763282287e-02,2.213402679037e-02,2.474763282287e-02,3.320181429
5939000000.000000,after_l1_08_fixed_fir,1.023427446045e+00,4.125195015076e-02,2.342744604548e-02,4.125195015076e-02,4.744015830
5940000000.000000,after_l1_08_fixed_fir,1.021294481045e+00,5.033124968243e-02,2.129448104454e-02,5.033124968243e-02,5.465061406
5941000000.000000,after_l1_08_fixed_fir,1.019507080459e+00,6.508243726674e-02,1.950708045880e-02,6.508243726674e-02,6.794298955
5942000000.000000,after_l1_08_fixed_fir,1.019945685523e+00,7.223335094749e-02,1.994568552341e-02,7.223335094749e-02,7.493655557
5943000000.000000,after_l1_08_fixed_fir,1.019580363849e+00,7.826119717846e-02,1.958036384926e-02,7.826119717846e-02,8.067345060
5944000000.000000,after_l1_08_fixed_fir,1.017861354707e+00,9.168685679241e-02,1.786135470671e-02,9.168685679241e-02,9.341042608
5945000000.000000,after_l1_08_fixed_fir,1.017590953287e+00,1.012331311990e-01,1.759095328679e-02,1.012331311990e-01,10.275012647
5946000000.000000,after_l1_08_fixed_fir,1.016726994121e+00,1.078770465497e-01,1.672699412136e-02,1.078770465497e-01,10.916615549
5947000000.000000,after_l1_08_fixed_fir,1.014244500973e+00,1.249060697108e-01,1.424450097301e-02,1.249060697108e-01,12.571567945
5948000000.000000,after_l1_08_fixed_fir,1.012130087704e+00,1.311255197424e-01,1.213008770398e-02,1.311255197424e-01,13.168538626
5949000000.000000,after_l1_08_fixed_fir,1.013297367301e+00,1.350399400791e-01,1.329736730102e-02,1.350399400791e-01,13.569305581
5950000000.000000,after_l1_08_fixed_fir,1.011032443381e+00,1.506612686967e-01,1.103244338101e-02,1.506612686967e-01,15.106466394
5951000000.000000,after_l1_08_fixed_fir,1.010132235941e+00,1.591203487063e-01,1.013223594136e-02,1.591203487063e-01,15.944261531
5952000000.000000,after_l1_08_fixed_fir,1.008509021806e+00,1.638948292470e-01,8.509021806320e-03,1.638948292470e-01,16.411556448
5953000000.000000,after_l1_08_fixed_fir,1.005842535046e+00,1.766951375323e-01,5.842535046387e-03,1.766951375323e-01,17.679170468
5954000000.000000,after_l1_08_fixed_fir,1.006438075327e+00,1.844655483737e-01,6.438075327286e-03,1.844655483737e-01,18.457786257
5955000000.000000,after_l1_08_fixed_fir,1.002606327225e+00,1.995997537117e-01,2.606327225125e-03,1.995997537117e-01,19.961676939
5956000000.000000,after_l1_08_fixed_fir,1.001974673345e+00,2.061385528146e-01,1.974673344825e-03,2.061385528146e-01,20.614801064
5957000000.000000,after_l1_08_fixed_fir,9.999293469058e-01,2.143629829406e-01,-7.065309417231e-05,2.143629829406e-01,21.436299458
5958000000.000000,after_l1_08_fixed_fir,9.994169786373e-01,2.188879325244e-01,-5.830213627044e-04,2.188879325244e-01,21.888870898
5959000000.000000,after_l1_08_fixed_fir,9.969633511231e-01,2.275215340107e-01,-3.036648876888e-03,2.275215340107e-01,22.754179764
5960000000.000000,after_l1_08_fixed_fir,9.935588246747e-01,2.376399836454e-01,-6.441175325270e-03,2.376399836454e-01,23.772726088
5961000000.000000,after_l1_08_fixed_fir,9.912690265278e-01,2.453770868428e-01,-8.730973472156e-03,2.453770868428e-01,24.553236985
5962000000.000000,after_l1_08_fixed_fir,9.908119513553e-01,2.498472030384e-01,-9.188048644747e-03,2.498472030384e-01,25.001608969
5963000000.000000,after_l1_08_fixed_fir,9.894702486563e-01,2.554801106951e-01,-1.052975134366e-02,2.554801106951e-01,25.569701333
5964000000.000000,after_l1_08_fixed_fir,9.866639070873e-01,2.653149960395e-01,-1.333609291273e-02,2.653149960395e-01,26.564995482
5965000000.000000,after_l1_08_fixed_fir,9.882182722104e-01,2.661172907991e-01,-1.178172778957e-02,2.661172907991e-01,26.637796750
5966000000.000000,after_l1_08_fixed_fir,9.845226746689e-01,2.772122306795e-01,-1.547732533112e-02,2.772122306795e-01,27.764395984
5967000000.000000,after_l1_08_fixed_fir,9.825104691934e-01,2.829164992159e-01,-1.748953080657e-02,2.829164992159e-01,28.345657378
5968000000.000000,after_l1_08_fixed_fir,9.803792514064e-01,2.892762767853e-01,-1.962074859359e-02,2.892762767853e-01,28.994092172
5969000000.000000,after_l1_08_fixed_fir,9.775942970263e-01,2.969846171174e-01,-2.240570297374e-02,2.969846171174e-01,29.782860563
5970000000.000000,after_l1_08_fixed_fir,9.759956782151e-01,3.035231328270e-01,-2.400432178492e-02,3.035231328270e-01,30.447085185
5971000000.000000,after_l1_08_fixed_fir,9.765654979587e-01,3.044561487833e-01,-2.343450204135e-02,3.044561487833e-01,30.535671340
5972000000.000000,after_l1_08_fixed_fir,9.739189442522e-01,3.120948798602e-01,-2.608105574782e-02,3.120948798602e-01,31.318275097
5973000000.000000,after_l1_08_fixed_fir,9.724132991334e-01,3.144303235432e-01,-2.758670086662e-02,3.144303235432e-01,31.563817011
5974000000.000000,after_l1_08_fixed_fir,9.683204308525e-01,3.282815510072e-01,-3.167956914748e-02,3.282815510072e-01,32.980656730
5975000000.000000,after_l1_08_fixed_fir,9.688389647851e-01,3.256437179039e-01,-3.116103521487e-02,3.256437179039e-01,32.713122921
5976000000.000000,after_l1_08_fixed_fir,9.692747376454e-01,3.268510069257e-01,-3.072526235461e-02,3.268510069257e-01,32.829197748
5977000000.000000,after_l1_08_fixed_fir,9.675058049134e-01,3.297018317665e-01,-3.249419508657e-02,3.297018317665e-01,33.129921609
5978000000.000000,after_l1_08_fixed_fir,9.641684684612e-01,3.364520296976e-01,-3.583153153883e-02,3.364520296976e-01,33.835464669
5979000000.000000,after_l1_08_fixed_fir,9.648005809262e-01,3.405028479724e-01,-3.519941907376e-02,3.405028479724e-01,34.231737990
5980000000.000000,after_l1_08_fixed_fir,9.647445919097e-01,3.411436669967e-01,-3.525540809035e-02,3.411436669967e-01,34.296055944
5981000000.000000,after_l1_08_fixed_fir,9.614897959823e-01,3.455862893399e-01,-3.851020401775e-02,3.455862893399e-01,34.772535023
5982000000.000000,after_l1_08_fixed_fir,9.623878899657e-01,3.465047601391e-01,-3.761211003426e-02,3.465047601391e-01,34.854012627
5983000000.000000,after_l1_08_fixed_fir,9.603297629457e-01,3.503872200744e-01,-3.967023705432e-02,3.503872200744e-01,35.262576721
5984000000.000000,after_l1_08_fixed_fir,9.617604803755e-01,3.478123723148e-01,-3.823951962451e-02,3.478123723148e-01,34.990814108
5985000000.000000,after_l1_08_fixed_fir,9.593267346645e-01,3.543462089998e-01,-4.067326533549e-02,3.543462089998e-01,35.667288984
5986000000.000000,after_l1_08_fixed_fir,9.614794693682e-01,3.502403998340e-01,-3.852053063182e-02,3.502403998340e-01,35.235233639
5987000000.000000,after_l1_08_fixed_fir,9.575129245285e-01,3.567665123611e-01,-4.248707547154e-02,3.567665123611e-01,35.928748367
5988000000.000000,after_l1_08_fixed_fir,9.577873504642e-01,3.599460133331e-01,-4.221264953583e-02,3.599460133331e-01,36.241280371
5989000000.000000,after_l1_08_fixed_fir,9.586509058767e-01,3.552140711579e-01,-4.134909412333e-02,3.552140711579e-01,35.761261713
5990000000.000000,after_l1_08_fixed_fir,9.593316629588e-01,3.585951501991e-01,-4.066833704124e-02,3.585951501991e-01,36.089388383
5991000000.000000,after_l1_08_fixed_fir,9.576947865799e-01,3.563857052079e-01,-4.230521342010e-02,3.563857052079e-01,35.888786822
5992000000.000000,after_l1_08_fixed_fir,9.592655506348e-01,3.582821742862e-01,-4.073444936525e-02,3.582821742862e-01,36.059036562
5993000000.000000,after_l1_08_fixed_fir,9.576998300288e-01,3.574293704793e-01,-4.230016997123e-02,3.574293704793e-01,35.992368533
5994000000.000000,after_l1_08_fixed_fir,9.596607429193e-01,3.522840296515e-01,-4.033925708070e-02,3.522840296515e-01,35.458608716
5995000000.000000,after_l1_08_fixed_fir,9.608436407400e-01,3.538968975577e-01,-3.915635925996e-02,3.538968975577e-01,35.605650475
5996000000.000000,after_l1_08_fixed_fir,9.604148681031e-01,3.529184358483e-01,-3.958513189692e-02,3.529184358483e-01,35.513153201
5997000000.000000,after_l1_08_fixed_fir,9.595493398469e-01,3.545967140750e-01,-4.045066015307e-02,3.545967140750e-01,35.689646333
5998000000.000000,after_l1_08_fixed_fir,9.613580018608e-01,3.509553220168e-01,-3.864199813918e-02,3.509553220168e-01,35.307625532
5999000000.000000,after_l1_08_fixed_fir,9.629888444622e-01,3.473729907474e-01,-3.701115553784e-02,3.473729907474e-01,34.933911939
6000000000.000000,after_l1_08_fixed_fir,9.645801587038e-01,3.438676863805e-01,-3.541984129616e-02,3.438676863805e-01,34.568707077
6001000000.000000,after_l1_08_fixed_fir,9.639922234785e-01,3.433905126114e-01,-3.600777652153e-02,3.433905126114e-01,34.527323111
6002000000.000000,after_l1_08_fixed_fir,9.664930453931e-01,3.391026803823e-01,-3.350695460687e-02,3.391026803823e-01,34.075408119
6003000000.000000,after_l1_08_fixed_fir,9.667596330695e-01,3.377389122191e-01,-3.324036693055e-02,3.377389122191e-01,33.937073359
6004000000.000000,after_l1_08_fixed_fir,9.658966967449e-01,3.352640145547e-01,-3.410330325510e-02,3.352640145547e-01,33.699405744
6005000000.000000,after_l1_08_fixed_fir,9.699874280180e-01,3.305143734516e-01,-3.001257198205e-02,3.305143734516e-01,33.187423150
6006000000.000000,after_l1_08_fixed_fir,9.702957298115e-01,3.300145021598e-01,-2.970427018847e-02,3.300145021598e-01,33.134863106
6007000000.000000,after_l1_08_fixed_fir,9.715289834905e-01,3.206305283392e-01,-2.847101650947e-02,3.206305283392e-01,32.189211622
6008000000.000000,after_l1_08_fixed_fir,9.740610542503e-01,3.157657382277e-01,-2.593894574966e-02,3.157657382277e-01,31.682933946
6009000000.000000,after_l1_08_fixed_fir,9.768624719402e-01,3.095198173195e-01,-2.313752805976e-02,3.095198173195e-01,31.038341212
6010000000.000000,after_l1_08_fixed_fir,9.768361476715e-01,3.089967514877e-01,-2.316385232853e-02,3.089967514877e-01,30.986377085
6011000000.000000,after_l1_08_fixed_fir,9.785360351535e-01,3.012145188406e-01,-2.146396484646e-02,3.012145188406e-01,30.197829085
6012000000.000000,after_l1_08_fixed_fir,9.789784973986e-01,2.992016369866e-01,-2.102150260144e-02,2.992016369866e-01,29.993919908
6013000000.000000,after_l1_08_fixed_fir,9.811665543064e-01,2.934290556119e-01,-1.883344569355e-02,2.934290556119e-01,29.403283720
6014000000.000000,after_l1_08_fixed_fir,9.830659341818e-01,2.868346718468e-01,-1.693406581818e-02,2.868346718468e-01,28.733411137
6015000000.000000,after_l1_08_fixed_fir,9.851533187579e-01,2.805318686103e-01,-1.484668124211e-02,2.805318686103e-01,28.092446182
6016000000.000000,after_l1_08_fixed_fir,9.853936361307e-01,2.761569230219e-01,-1.460636386928e-02,2.761569230219e-01,27.654292976
6017000000.000000,after_l1_08_fixed_fir,9.887092914409e-01,2.708666216680e-01,-1.129070855907e-02,2.708666216680e-01,27.110183849
6018000000.000000,after_l1_08_fixed_fir,9.881228073166e-01,2.688424953687e-01,-1.187719268341e-02,2.688424953687e-01,26.910472872
6019000000.000000,after_l1_08_fixed_fir,9.923902544789e-01,2.583001109863e-01,-7.609745521136e-03,2.583001109863e-01,25.841218153
6020000000.000000,after_l1_08_fixed_fir,9.927247449078e-01,2.539744442651e-01,-7.275255092231e-03,2.539744442651e-01,25.407862499
6021000000.000000,after_l1_08_fixed_fir,9.947326276120e-01,2.446223694732e-01,-5.267372388044e-03,2.446223694732e-01,24.467907319
6022000000.000000,after_l1_08_fixed_fir,9.971190085321e-01,2.403045949031e-01,-2.880991467932e-03,2.403045949031e-01,24.032186426
6023000000.000000,after_l1_08_fixed_fir,9.978466297088e-01,2.353396868639e-01,-2.153370291209e-03,2.353396868639e-01,23.534953838
6024000000.000000,after_l1_08_fixed_fir,1.000331524947e+00,2.272834687855e-01,3.315249473430e-04,2.272834687855e-01,22.728371057
6025000000.000000,after_l1_08_fixed_fir,1.002244941807e+00,2.150374894814e-01,2.244941806566e-03,2.150374894814e-01,21.504920750
6026000000.000000,after_l1_08_fixed_fir,1.003499118493e+00,2.133033497937e-01,3.499118492540e-03,2.133033497937e-01,21.333204837
6027000000.000000,after_l1_08_fixed_fir,1.004584287287e+00,2.042258265996e-01,4.584287286592e-03,2.042258265996e-01,20.427727221
6028000000.000000,after_l1_08_fixed_fir,1.005415957304e+00,2.040498360174e-01,5.415957303812e-03,2.040498360174e-01,20.412169942
6029000000.000000,after_l1_08_fixed_fir,1.007558705517e+00,1.915491750917e-01,7.558705516558e-03,1.915491750917e-01,19.169825379
6030000000.000000,after_l1_08_fixed_fir,1.009884398225e+00,1.798737343998e-01,9.884398225091e-03,1.798737343998e-01,18.014511277
6031000000.000000,after_l1_08_fixed_fir,1.011100729301e+00,1.749978662087e-01,1.110072930067e-02,1.749978662087e-01,17.534959187
6032000000.000000,after_l1_08_fixed_fir,1.011716203317e+00,1.681569404737e-01,1.171620331702e-02,1.681569404737e-01,16.856460497
6033000000.000000,after_l1_08_fixed_fir,1.013947345563e+00,1.607509726281e-01,1.394734556300e-02,1.607509726281e-01,16.135489967
6034000000.000000,after_l1_08_fixed_fir,1.012809551579e+00,1.545582481192e-01,1.280955157866e-02,1.545582481192e-01,15.508815775
6035000000.000000,after_l1_08_fixed_fir,1.015672358820e+00,1.481866791585e-01,1.567235882013e-02,1.481866791585e-01,14.901313604
6036000000.000000,after_l1_08_fixed_fir,1.016797838153e+00,1.378712053642e-01,1.679783815281e-02,1.378712053642e-01,13.889073632
6037000000.000000,after_l1_08_fixed_fir,1.018723439606e+00,1.304178668342e-01,1.872343960648e-02,1.304178668342e-01,13.175502715
6038000000.000000,after_l1_08_fixed_fir,1.019575334755e+00,1.198330395976e-01,1.957533475530e-02,1.198330395976e-01,12.142137831
6039000000.000000,after_l1_08_fixed_fir,1.017319323142e+00,1.198345168895e-01,1.731932314207e-02,1.198345168895e-01,12.107960354
6040000000.000000,after_l1_08_fixed_fir,1.021229362450e+00,1.043150863015e-01,2.122936244996e-02,1.043150863015e-01,10.645338445
6041000000.000000,after_l1_08_fixed_fir,1.021046350664e+00,1.014472722004e-01,2.104635066366e-02,1.014472722004e-01,10.360742209
6042000000.000000,after_l1_08_fixed_fir,1.022409178497e+00,9.170621406182e-02,2.240917849729e-02,9.170621406182e-02,9.440445423
6043000000.000000,after_l1_08_fixed_fir,1.021400708696e+00,9.032644759469e-02,2.140070869579e-02,9.032644759469e-02,9.282702983
6044000000.000000,after_l1_08_fixed_fir,1.023438501706e+00,7.723439032204e-02,2.343850170631e-02,7.723439032204e-02,8.071254184
6045000000.000000,after_l1_08_fixed_fir,1.022776644718e+00,7.631809430298e-02,2.277664471778e-02,7.631809430298e-02,7.964437873
6046000000.000000,after_l1_08_fixed_fir,1.023862273723e+00,6.622491046594e-02,2.386227372272e-02,6.622491046594e-02,7.039280413
6047000000.000000,after_l1_08_fixed_fir,1.024737567737e+00,6.262904975044e-02,2.473756773677e-02,6.262904975044e-02,6.733754621
6048000000.000000,after_l1_08_fixed_fir,1.024242731313e+00,4.939338278020e-02,2.424273131326e-02,4.939338278020e-02,5.502196183
6049000000.000000,after_l1_08_fixed_fir,1.025522034364e+00,4.842707555256e-02,2.552203436384e-02,4.842707555256e-02,5.474080639
6050000000.000000,after_l1_08_fixed_fir,1.025381741673e+00,4.287905128558e-02,2.538174167291e-02,4.287905128558e-02,4.982816322
6051000000.000000,after_l1_08_fixed_fir,1.025494881492e+00,3.813093193401e-02,2.549488149241e-02,3.813093193401e-02,4.586891052
6052000000.000000,after_l1_08_fixed_fir,1.025277039233e+00,3.028363818449e-02,2.527703923293e-02,3.028363818449e-02,3.944651384
6053000000.000000,after_l1_08_fixed_fir,1.025217188436e+00,2.279200840750e-02,2.521718843594e-02,2.279200840750e-02,3.399091408
6054000000.000000,after_l1_08_fixed_fir,1.028096354639e+00,1.806854640689e-02,2.809635463858e-02,1.806854640689e-02,3.340475285
6055000000.000000,after_l1_08_fixed_fir,1.026865269957e+00,8.078825221039e-03,2.686526995728e-02,8.078825221039e-03,2.805370113
6056000000.000000,after_l1_08_fixed_fir,1.025138338490e+00,4.012289642711e-03,2.513833849050e-02,4.012289642711e-03,2.545652235
6057000000.000000,after_l1_08_fixed_fir,1.026093135546e+00,1.441834569664e-03,2.609313554632e-02,1.441834569664e-03,2.613294108
6058000000.000000,after_l1_08_fixed_fir,1.027685805044e+00,-2.897655075932e-03,2.768580504387e-02,-2.897655075932e-03,2.783702940
6059000000.000000,after_l1_08_fixed_fir,1.026432133476e+00,-9.333315318284e-03,2.643213347642e-02,-9.333315318284e-03,2.803156176
6060000000.000000,after_l1_08_fixed_fir,1.026124950090e+00,-1.804933893018e-02,2.612495009002e-02,-1.804933893018e-02,3.175360850
6061000000.000000,after_l1_08_fixed_fir,1.026243785051e+00,-2.042853389160e-02,2.624378505074e-02,-2.042853389160e-02,3.325749917
6062000000.000000,after_l1_08_fixed_fir,1.026479719042e+00,-1.971042242667e-02,2.647971904176e-02,-1.971042242667e-02,3.301024497
6063000000.000000,after_l1_08_fixed_fir,1.026151977533e+00,-2.823071884604e-02,2.615197753282e-02,-2.823071884604e-02,3.848245594
6064000000.000000,after_l1_08_fixed_fir,1.026592996386e+00,-3.033606097141e-02,2.659299638619e-02,-3.033606097141e-02,4.034183997
6065000000.000000,after_l1_08_fixed_fir,1.027064537569e+00,-2.988974719768e-02,2.706453756882e-02,-2.988974719768e-02,4.032227897
6066000000.000000,after_l1_08_fixed_fir,1.024601338210e+00,-3.789131353995e-02,2.460133820963e-02,-3.789131353995e-02,4.517717879
6067000000.000000,after_l1_08_fixed_fir,1.027283112644e+00,-4.491284629053e-02,2.728311264429e-02,-4.491284629053e-02,5.255028066
6068000000.000000,after_l1_08_fixed_fir,1.026704649894e+00,-4.394192729700e-02,2.670464989433e-02,-4.394192729700e-02,5.142014489
6069000000.000000,after_l1_08_fixed_fir,1.024389481969e+00,-5.054440891898e-02,2.438948196888e-02,-5.054440891898e-02,5.612115558
6070000000.000000,after_l1_08_fixed_fir,1.026387983793e+00,-4.921633383043e-02,2.638798379305e-02,-4.921633383043e-02,5.584418684
6071000000.000000,after_l1_08_fixed_fir,1.024690004007e+00,-5.548289423323e-02,2.469000400721e-02,-5.548289423323e-02,6.072847644
6072000000.000000,after_l1_08_fixed_fir,1.026052629786e+00,-5.250326890696e-02,2.605262978595e-02,-5.250326890696e-02,5.861171184
6073000000.000000,after_l1_08_fixed_fir,1.026880430264e+00,-5.098361602388e-02,2.688043026359e-02,-5.098361602388e-02,5.763581034
6074000000.000000,after_l1_08_fixed_fir,1.026265032106e+00,-5.918764010267e-02,2.626503210632e-02,-5.918764010267e-02,6.475359953
6075000000.000000,after_l1_08_fixed_fir,1.024937184571e+00,-5.607139533314e-02,2.493718457082e-02,-5.607139533314e-02,6.136664036
6076000000.000000,after_l1_08_fixed_fir,1.025906932668e+00,-5.632027105644e-02,2.590693266844e-02,-5.632027105644e-02,6.199308100
6077000000.000000,after_l1_08_fixed_fir,1.025056556083e+00,-6.327652888733e-02,2.505655608331e-02,-6.327652888733e-02,6.805696225
6078000000.000000,after_l1_08_fixed_fir,1.024763121765e+00,-6.392350839986e-02,2.476312176512e-02,-6.392350839986e-02,6.855236776
6079000000.000000,after_l1_08_fixed_fir,1.025330880467e+00,-5.992946018793e-02,2.533088046701e-02,-5.992946018793e-02,6.506299796
6080000000.000000,after_l1_08_fixed_fir,1.025636836943e+00,-5.942723475589e-02,2.563683694309e-02,-5.942723475589e-02,6.472127656
6081000000.000000,after_l1_08_fixed_fir,1.025391758196e+00,-5.840991117389e-02,2.539175819626e-02,-5.840991117389e-02,6.369033763
6082000000.000000,after_l1_08_fixed_fir,1.026594063937e+00,-5.760730312151e-02,2.659406393737e-02,-5.760730312151e-02,6.344955169
6083000000.000000,after_l1_08_fixed_fir,1.025953248133e+00,-5.729914473721e-02,2.595324813307e-02,-5.729914473721e-02,6.290280659
6084000000.000000,after_l1_08_fixed_fir,1.026009714861e+00,-5.740649180171e-02,2.600971486140e-02,-5.740649180171e-02,6.302388887
6085000000.000000,after_l1_08_fixed_fir,1.025651941577e+00,-5.687815756168e-02,2.565194157744e-02,-5.687815756168e-02,6.239508726
6086000000.000000,after_l1_08_fixed_fir,1.024702707336e+00,-5.261347311435e-02,2.470270733624e-02,-5.261347311435e-02,5.812401658
6087000000.000000,after_l1_08_fixed_fir,1.026364184236e+00,-5.663859218131e-02,2.636418423621e-02,-5.663859218131e-02,6.247399727
6088000000.000000,after_l1_08_fixed_fir,1.025347520490e+00,-5.149749096525e-02,2.534752048995e-02,-5.149749096525e-02,5.739763384
6089000000.000000,after_l1_08_fixed_fir,1.026013445553e+00,-5.284537649918e-02,2.601344555304e-02,-5.284537649918e-02,5.890104555
6090000000.000000,after_l1_08_fixed_fir,1.026016106826e+00,-5.262715707206e-02,2.601610682619e-02,-5.262715707206e-02,5.870651988
6091000000.000000,after_l1_08_fixed_fir,1.025542649788e+00,-4.665886984243e-02,2.554264978766e-02,-4.665886984243e-02,5.319282934
6092000000.000000,after_l1_08_fixed_fir,1.025104525275e+00,-4.366934233496e-02,2.510452527487e-02,-4.366934233496e-02,5.037110927
6093000000.000000,after_l1_08_fixed_fir,1.027068454536e+00,-3.828464002400e-02,2.706845453576e-02,-3.828464002400e-02,4.688725725
6094000000.000000,after_l1_08_fixed_fir,1.027333390761e+00,-3.534483043898e-02,2.733339076050e-02,-3.534483043898e-02,4.468077091
6095000000.000000,after_l1_08_fixed_fir,1.027059676214e+00,-2.922655343393e-02,2.705967621409e-02,-2.922655343393e-02,3.982985692
6096000000.000000,after_l1_08_fixed_fir,1.026748861106e+00,-3.262833397090e-02,2.674886110582e-02,-3.262833397090e-02,4.219134684
6097000000.000000,after_l1_08_fixed_fir,1.025633425072e+00,-2.182062291824e-02,2.563342507213e-02,-2.182062291824e-02,3.366321532
6098000000.000000,after_l1_08_fixed_fir,1.026059810505e+00,-2.623701953290e-02,2.605981050477e-02,-2.623701953290e-02,3.697965545
6099000000.000000,after_l1_08_fixed_fir,1.026979100388e+00,-1.904727924065e-02,2.697910038839e-02,-1.904727924065e-02,3.302530400
6100000000.000000,after_l1_08_fixed_fir,1.026280898787e+00,-1.354447130636e-02,2.628089878709e-02,-1.354447130636e-02,2.956583068
6101000000.000000,after_l1_08_fixed_fir,1.025887775161e+00,-1.308124061988e-02,2.588777516057e-02,-1.308124061988e-02,2.900509884
6102000000.000000,after_l1_08_fixed_fir,1.028477567024e+00,-2.794740461819e-03,2.847756702434e-02,-2.794740461819e-03,2.861437397
6103000000.000000,after_l1_08_fixed_fir,1.026803199871e+00,3.277969505721e-03,2.680319987056e-02,3.277969505721e-03,2.700289998
6104000000.000000,after_l1_08_fixed_fir,1.027189329844e+00,5.288147760984e-03,2.718932984399e-02,5.288147760984e-03,2.769881160
6105000000.000000,after_l1_08_fixed_fir,1.026410039369e+00,1.030606604052e-02,2.641003936946e-02,1.030606604052e-02,2.834969447
6106000000.000000,after_l1_08_fixed_fir,1.026440573400e+00,1.632331606426e-02,2.644057339972e-02,1.632331606426e-02,3.107337396
6107000000.000000,after_l1_08_fixed_fir,1.024305037454e+00,2.013350569928e-02,2.430503745413e-02,2.013350569928e-02,3.156093943
6108000000.000000,after_l1_08_fixed_fir,1.026266560868e+00,2.626105036624e-02,2.626656086770e-02,2.626105036624e-02,3.714263031
6109000000.000000,after_l1_08_fixed_fir,1.024841514056e+00,3.350079824514e-02,2.484151405646e-02,3.350079824514e-02,4.170616625
6110000000.000000,after_l1_08_fixed_fir,1.025929437302e+00,3.987363177060e-02,2.592943730169e-02,3.987363177060e-02,4.756303427
6111000000.000000,after_l1_08_fixed_fir,1.024753761538e+00,4.040704736913e-02,2.475376153811e-02,4.040704736913e-02,4.738647684
6112000000.000000,after_l1_08_fixed_fir,1.024437193893e+00,4.705233513390e-02,2.443719389251e-02,4.705233513390e-02,5.301979524
6113000000.000000,after_l1_08_fixed_fir,1.024530857432e+00,5.209392328043e-02,2.453085743202e-02,5.209392328043e-02,5.758072428
6114000000.000000,after_l1_08_fixed_fir,1.024554733045e+00,5.667393007154e-02,2.455473304527e-02,5.667393007154e-02,6.176462794
6115000000.000000,after_l1_08_fixed_fir,1.024199225188e+00,6.837719502659e-02,2.419922518763e-02,6.837719502659e-02,7.253304970
6116000000.000000,after_l1_08_fixed_fir,1.022513776950e+00,7.011921456905e-02,2.251377695006e-02,7.011921456905e-02,7.364492110
6117000000.000000,after_l1_08_fixed_fir,1.022912025641e+00,7.450413187797e-02,2.291202564103e-02,7.450413187797e-02,7.794758871
6118000000.000000,after_l1_08_fixed_fir,1.022283171040e+00,8.439490817972e-02,2.228317103983e-02,8.439490817972e-02,8.728711382
6119000000.000000,after_l1_08_fixed_fir,1.021548777219e+00,9.106790638176e-02,2.154877721893e-02,9.106790638176e-02,9.358265530
6120000000.000000,after_l1_08_fixed_fir,1.021390084791e+00,9.350063918993e-02,2.139008479071e-02,9.350063918993e-02,9.591613658
6121000000.000000,after_l1_08_fixed_fir,1.021104153125e+00,1.019891964752e-01,2.110415312519e-02,1.019891964752e-01,10.414980306
6122000000.000000,after_l1_08_fixed_fir,1.019998289103e+00,1.101773806633e-01,1.999828910252e-02,1.101773806633e-01,11.197761730
6123000000.000000,after_l1_08_fixed_fir,1.018102048105e+00,1.132129862757e-01,1.810204810498e-02,1.132129862757e-01,11.465105498
6124000000.000000,after_l1_08_fixed_fir,1.018780181249e+00,1.193692762265e-01,1.878018124902e-02,1.193692762265e-01,12.083757410
6125000000.000000,after_l1_08_fixed_fir,1.016774465203e+00,1.302825660245e-01,1.677446520313e-02,1.302825660245e-01,13.135802104
6126000000.000000,after_l1_08_fixed_fir,1.016887972540e+00,1.343545380806e-01,1.688797253961e-02,1.343545380806e-01,13.541176285
6127000000.000000,after_l1_08_fixed_fir,1.015163267718e+00,1.399422602143e-01,1.516326771827e-02,1.399422602143e-01,14.076136147
6128000000.000000,after_l1_08_fixed_fir,1.013547890329e+00,1.516462448862e-01,1.354789032884e-02,1.516462448862e-01,15.225021813
6129000000.000000,after_l1_08_fixed_fir,1.013015250790e+00,1.533544087266e-01,1.301525079048e-02,1.533544087266e-01,15.390572254
6130000000.000000,after_l1_08_fixed_fir,1.012755957986e+00,1.639708165781e-01,1.275595798639e-02,1.639708165781e-01,16.446623712
6131000000.000000,after_l1_08_fixed_fir,1.011339300785e+00,1.666744515547e-01,1.133930078457e-02,1.666744515547e-01,16.705972747
6132000000.000000,after_l1_08_fixed_fir,1.010383388617e+00,1.746300493642e-01,1.038338861656e-02,1.746300493642e-01,17.493847176
6133000000.000000,after_l1_08_fixed_fir,1.008089261006e+00,1.858420886475e-01,8.089261005981e-03,1.858420886475e-01,18.601805842
6134000000.000000,after_l1_08_fixed_fir,1.008209622297e+00,1.869325571308e-01,8.209622296838e-03,1.869325571308e-01,18.711274359
6135000000.000000,after_l1_08_fixed_fir,1.007145222883e+00,1.922615121298e-01,7.145222882874e-03,1.922615121298e-01,19.239423915
6136000000.000000,after_l1_08_fixed_fir,1.004700925880e+00,2.042887801162e-01,4.700925879850e-03,2.042887801162e-01,20.434285988
6137000000.000000,after_l1_08_fixed_fir,1.003186713162e+00,2.085550888008e-01,3.186713161910e-03,2.085550888008e-01,20.857943380
6138000000.000000,after_l1_08_fixed_fir,1.002726146625e+00,2.153269131642e-01,2.726146625473e-03,2.153269131642e-01,21.534416966
6139000000.000000,after_l1_08_fixed_fir,1.000437508645e+00,2.212075058826e-01,4.375086449016e-04,2.212075058826e-01,22.120793854
6140000000.000000,after_l1_08_fixed_fir,9.996713146702e-01,2.232643062534e-01,-3.286853298037e-04,2.232643062534e-01,22.326454820
6141000000.000000,after_l1_08_fixed_fir,9.996251518676e-01,2.259932183468e-01,-3.748481323590e-04,2.259932183468e-01,22.599352922
6142000000.000000,after_l1_08_fixed_fir,9.963279397149e-01,2.425374268395e-01,-3.672060285080e-03,2.425374268395e-01,24.256522307
6143000000.000000,after_l1_08_fixed_fir,9.953253293788e-01,2.443965748496e-01,-4.674670621194e-03,2.443965748496e-01,24.444127790
6144000000.000000,after_l1_08_fixed_fir,9.928991253607e-01,2.538745849118e-01,-7.100874639334e-03,2.538745849118e-01,25.397387126
6145000000.000000,after_l1_08_fixed_fir,9.937917303187e-01,2.533064404803e-01,-6.208269681263e-03,2.533064404803e-01,25.338250808
6146000000.000000,after_l1_08_fixed_fir,9.896968336170e-01,2.677832243413e-01,-1.030316638303e-02,2.677832243413e-01,26.798136218
6147000000.000000,after_l1_08_fixed_fir,9.871075637149e-01,2.677741851364e-01,-1.289243628514e-02,2.677741851364e-01,26.808436944
6148000000.000000,after_l1_08_fixed_fir,9.882017612021e-01,2.720544720239e-01,-1.179823879787e-02,2.720544720239e-01,27.231018010
6149000000.000000,after_l1_08_fixed_fir,9.851537740101e-01,2.814204486336e-01,-1.484622598995e-02,2.814204486336e-01,28.181177998
6150000000.000000,after_l1_08_fixed_fir,9.834687559232e-01,2.867648330917e-01,-1.653124407678e-02,2.867648330917e-01,28.724092941
6151000000.000000,after_l1_08_fixed_fir,9.825382239250e-01,2.902613471906e-01,-1.746177607499e-02,2.902613471906e-01,29.078611263
6152000000.000000,after_l1_08_fixed_fir,9.803992895593e-01,2.959561006507e-01,-1.960071044066e-02,2.959561006507e-01,29.660445270
6153000000.000000,after_l1_08_fixed_fir,9.767169889329e-01,3.061561835714e-01,-2.328301106711e-02,3.061561835714e-01,30.704023734
6154000000.000000,after_l1_08_fixed_fir,9.770831269505e-01,3.082812896001e-01,-2.291687304953e-02,3.082812896001e-01,30.913190807
6155000000.000000,after_l1_08_fixed_fir,9.745933311373e-01,3.099865529244e-01,-2.540666886273e-02,3.099865529244e-01,31.102598254
6156000000.000000,after_l1_08_fixed_fir,9.703642471639e-01,3.231588843495e-01,-2.963575283614e-02,3.231588843495e-01,32.451493399
6157000000.000000,after_l1_08_fixed_fir,9.694821621524e-01,3.269393573420e-01,-3.051783784765e-02,3.269393573420e-01,32.836059722
6158000000.000000,after_l1_08_fixed_fir,9.686810296315e-01,3.293859138868e-01,-3.131897036851e-02,3.293859138868e-01,33.087151309
6159000000.000000,after_l1_08_fixed_fir,9.675946695951e-01,3.334130465341e-01,-3.240533040487e-02,3.334130465341e-01,33.498412655
6160000000.000000,after_l1_08_fixed_fir,9.670242223658e-01,3.371364002208e-01,-3.297577763418e-02,3.371364002208e-01,33.874526456
6161000000.000000,after_l1_08_fixed_fir,9.643448818192e-01,3.432669799268e-01,-3.565511818084e-02,3.432669799268e-01,34.511375945
6162000000.000000,after_l1_08_fixed_fir,9.624881398317e-01,3.449403308860e-01,-3.751186016828e-02,3.449403308860e-01,34.697402140
6163000000.000000,after_l1_08_fixed_fir,9.632831236626e-01,3.461992868956e-01,-3.671687633742e-02,3.461992868956e-01,34.814088420
6164000000.000000,after_l1_08_fixed_fir,9.604641936204e-01,3.534381237115e-01,-3.953580637958e-02,3.534381237115e-01,35.564249926
6165000000.000000,after_l1_08_fixed_fir,9.598484114499e-01,3.552075796055e-01,-4.015158855011e-02,3.552075796055e-01,35.746968357
6166000000.000000,after_l1_08_fixed_fir,9.585181626936e-01,3.583367543448e-01,-4.148183730642e-02,3.583367543448e-01,36.072977745
6167000000.000000,after_l1_08_fixed_fir,9.557443152733e-01,3.647957215790e-01,-4.425568472675e-02,3.647957215790e-01,36.747038536
6168000000.000000,after_l1_08_fixed_fir,9.545484725652e-01,3.671499815132e-01,-4.545152743475e-02,3.671499815132e-01,36.995263247
6169000000.000000,after_l1_08_fixed_fir,9.537471751551e-01,3.672240791231e-01,-4.625282484486e-02,3.672240791231e-01,37.012544913
6170000000.000000,after_l1_08_fixed_fir,9.516547327386e-01,3.750668052910e-01,-4.834526726139e-02,3.750668052910e-01,37.816976783
6171000000.000000,after_l1_08_fixed_fir,9.529433423091e-01,3.733356385207e-01,-4.705665769094e-02,3.733356385207e-01,37.628955343
6172000000.000000,after_l1_08_fixed_fir,9.525203929025e-01,3.768196095101e-01,-4.747960709755e-02,3.768196095101e-01,37.979906688
6173000000.000000,after_l1_08_fixed_fir,9.512973917305e-01,3.797256035238e-01,-4.870260826955e-02,3.797256035238e-01,38.283609812
6174000000.000000,after_l1_08_fixed_fir,9.499475797867e-01,3.797396085993e-01,-5.005242021325e-02,3.797396085993e-01,38.302403986
6175000000.000000,after_l1_08_fixed_fir,9.480318890000e-01,3.832047193134e-01,-5.196811099995e-02,3.832047193134e-01,38.671247907
6176000000.000000,after_l1_08_fixed_fir,9.475811884378e-01,3.859886309867e-01,-5.241881156222e-02,3.859886309867e-01,38.953171252
6177000000.000000,after_l1_08_fixed_fir,9.486682933702e-01,3.811953259607e-01,-5.133170662977e-02,3.811953259607e-01,38.463595859
6178000000.000000,after_l1_08_fixed_fir,9.477021603924e-01,3.868031958927e-01,-5.229783960758e-02,3.868031958927e-01,39.032265676
6179000000.000000,after_l1_08_fixed_fir,9.475791172707e-01,3.867327921617e-01,-5.242088272926e-02,3.867327921617e-01,39.026939603
6180000000.000000,after_l1_08_fixed_fir,9.451411527746e-01,3.899432367905e-01,-5.485884722540e-02,3.899432367905e-01,39.378321579
6181000000.000000,after_l1_08_fixed_fir,9.431444935739e-01,3.943675287638e-01,-5.685550642608e-02,3.943675287638e-01,39.844484732
6182000000.000000,after_l1_08_fixed_fir,9.456313809225e-01,3.896915991302e-01,-5.436861907751e-02,3.896915991302e-01,39.346599494
6183000000.000000,after_l1_08_fixed_fir,9.471729310560e-01,3.888101094884e-01,-5.282706894398e-02,3.888101094884e-01,39.238246706
6184000000.000000,after_l1_08_fixed_fir,9.431115769009e-01,3.944443141336e-01,-5.688842309906e-02,3.944443141336e-01,39.852554452
6185000000.000000,after_l1_08_fixed_fir,9.435573031004e-01,3.960602025259e-01,-5.644269689956e-02,3.960602025259e-01,40.006182280
6186000000.000000,after_l1_08_fixed_fir,9.439244222390e-01,3.917261906037e-01,-5.607557776098e-02,3.917261906037e-01,39.571944459
6187000000.000000,after_l1_08_fixed_fir,9.483467772142e-01,3.890736949454e-01,-5.165322278579e-02,3.890736949454e-01,39.248744632
6188000000.000000,after_l1_08_fixed_fir,9.448866349282e-01,3.911161504280e-01,-5.511336507177e-02,3.911161504280e-01,39.498015917
6189000000.000000,after_l1_08_fixed_fir,9.449353299741e-01,3.903048576432e-01,-5.506467002593e-02,3.903048576432e-01,39.417001381
6190000000.000000,after_l1_08_fixed_fir,9.477051163868e-01,3.849770468688e-01,-5.229488361318e-02,3.849770468688e-01,38.851265291
6191000000.000000,after_l1_08_fixed_fir,9.452886033589e-01,3.900717220459e-01,-5.471139664105e-02,3.900717220459e-01,39.388994054
6192000000.000000,after_l1_08_fixed_fir,9.455271783650e-01,3.882507504908e-01,-5.447282163497e-02,3.882507504908e-01,39.205348303
6193000000.000000,after_l1_08_fixed_fir,9.465581230372e-01,3.868375386033e-01,-5.344187696280e-02,3.868375386033e-01,39.051160736
6194000000.000000,after_l1_08_fixed_fir,9.484368891483e-01,3.836713408610e-01,-5.156311085168e-02,3.836713408610e-01,38.712072045
6195000000.000000,after_l1_08_fixed_fir,9.479350555544e-01,3.851787806694e-01,-5.206494444560e-02,3.851787806694e-01,38.868168405
6196000000.000000,after_l1_08_fixed_fir,9.520455197249e-01,3.765029599179e-01,-4.795448027507e-02,3.765029599179e-01,37.954461003
6197000000.000000,after_l1_08_fixed_fir,9.518140723080e-01,3.765551950784e-01,-4.818592769201e-02,3.765551950784e-01,37.962573486
6198000000.000000,after_l1_08_fixed_fir,9.518796206575e-01,3.719830649684e-01,-4.812037934250e-02,3.719830649684e-01,37.508261961
6199000000.000000,after_l1_08_fixed_fir,9.529977943692e-01,3.716996943135e-01,-4.700220563084e-02,3.716996943135e-01,37.465967235
6200000000.000000,after_l1_08_fixed_fir,9.543226969522e-01,3.696969849197e-01,-4.567730304779e-02,3.696969849197e-01,37.250808941
6201000000.000000,after_l1_08_fixed_fir,9.590090696903e-01,3.612400975996e-01,-4.099093030966e-02,3.612400975996e-01,36.355833711
6202000000.000000,after_l1_08_fixed_fir,9.580081370822e-01,3.580968587724e-01,-4.199186291776e-02,3.580968587724e-01,36.055051909
6203000000.000000,after_l1_08_fixed_fir,9.615686922203e-01,3.526633564872e-01,-3.843130777973e-02,3.526633564872e-01,35.475119228
6204000000.000000,after_l1_08_fixed_fir,9.626210164744e-01,3.461172597687e-01,-3.737898352564e-02,3.461172597687e-01,34.812978315
6205000000.000000,after_l1_08_fixed_fir,9.626031929843e-01,3.476921751550e-01,-3.739680701570e-02,3.476921751550e-01,34.969754051
6206000000.000000,after_l1_08_fixed_fir,9.647899571309e-01,3.395523114228e-01,-3.521004286912e-02,3.395523114228e-01,34.137299148
6207000000.000000,after_l1_08_fixed_fir,9.661124357051e-01,3.377142014067e-01,-3.388756429487e-02,3.377142014067e-01,33.941014841
6208000000.000000,after_l1_08_fixed_fir,9.683855803985e-01,3.287809964621e-01,-3.161441960153e-02,3.287809964621e-01,33.029746466
6209000000.000000,after_l1_08_fixed_fir,9.708581796248e-01,3.235907534275e-01,-2.914182037521e-02,3.235907534275e-01,32.490032533
6210000000.000000,after_l1_08_fixed_fir,9.724522582275e-01,3.164580966211e-01,-2.754774177251e-02,3.164580966211e-01,31.765485199
6211000000.000000,after_l1_08_fixed_fir,9.756557166244e-01,3.134358999048e-01,-2.434428337562e-02,3.134358999048e-01,31.437987767
6212000000.000000,after_l1_08_fixed_fir,9.769976772486e-01,3.073907331903e-01,-2.300232275142e-02,3.073907331903e-01,30.825017389
6213000000.000000,after_l1_08_fixed_fir,9.794294672792e-01,2.951907040911e-01,-2.057053272078e-02,2.951907040911e-01,29.590657073
6214000000.000000,after_l1_08_fixed_fir,9.797804924843e-01,2.946428610605e-01,-2.021950751573e-02,2.946428610605e-01,29.533581574
6215000000.000000,after_l1_08_fixed_fir,9.823683534771e-01,2.865359522123e-01,-1.763164652291e-02,2.865359522123e-01,28.707791080
6216000000.000000,after_l1_08_fixed_fir,9.837038704496e-01,2.804690765016e-01,-1.629612955036e-02,2.804690765016e-01,28.094210562
6217000000.000000,after_l1_08_fixed_fir,9.876477094100e-01,2.729848525245e-01,-1.235229058995e-02,2.729848525245e-01,27.326417400
6218000000.000000,after_l1_08_fixed_fir,9.895106637256e-01,2.674675369932e-01,-1.048933627443e-02,2.674675369932e-01,26.767313933
6219000000.000000,after_l1_08_fixed_fir,9.914489637003e-01,2.573088045074e-01,-8.551036299728e-03,2.573088045074e-01,25.745085181
6220000000.000000,after_l1_08_fixed_fir,9.926795797604e-01,2.475059274798e-01,-7.320420239582e-03,2.475059274798e-01,24.761416092
6221000000.000000,after_l1_08_fixed_fir,9.945877073181e-01,2.442745889704e-01,-5.412292681928e-03,2.442745889704e-01,24.433454060
6222000000.000000,after_l1_08_fixed_fir,9.964801226140e-01,2.340402019030e-01,-3.519877385962e-03,2.340402019030e-01,23.406666923
6223000000.000000,after_l1_08_fixed_fir,9.977626554688e-01,2.240183024625e-01,-2.237344531226e-03,2.240183024625e-01,22.402947473
6224000000.000000,after_l1_08_fixed_fir,1.001329311885e+00,2.167993064423e-01,1.329311885261e-03,2.167993064423e-01,21.680338176
6225000000.000000,after_l1_08_fixed_fir,1.003965337325e+00,2.064069290069e-01,3.965337324970e-03,2.064069290069e-01,20.644501506
6226000000.000000,after_l1_08_fixed_fir,1.004010393548e+00,2.035053655599e-01,4.010393547871e-03,2.035053655599e-01,20.354487728
6227000000.000000,after_l1_08_fixed_fir,1.005963337279e+00,1.892444048601e-01,5.963337279159e-03,1.892444048601e-01,18.933833780
6228000000.000000,after_l1_08_fixed_fir,1.008960814730e+00,1.780259532241e-01,8.960814729882e-03,1.780259532241e-01,17.825132881
6229000000.000000,after_l1_08_fixed_fir,1.011340676662e+00,1.658641090303e-01,1.134067666164e-02,1.658641090303e-01,16.625135672
6230000000.000000,after_l1_08_fixed_fir,1.011357932659e+00,1.605226920269e-01,1.135793265877e-02,1.605226920269e-01,16.092401092
6231000000.000000,after_l1_08_fixed_fir,1.012257935618e+00,1.496940482941e-01,1.225793561795e-02,1.496940482941e-01,15.019509007
6232000000.000000,after_l1_08_fixed_fir,1.014832310458e+00,1.406974716321e-01,1.483231045782e-02,1.406974716321e-01,14.147712167
6233000000.000000,after_l1_08_fixed_fir,1.016042765213e+00,1.331356703748e-01,1.604276521309e-02,1.331356703748e-01,13.409875854
6234000000.000000,after_l1_08_fixed_fir,1.017149986753e+00,1.201799868718e-01,1.714998675270e-02,1.201799868718e-01,12.139749293
6235000000.000000,after_l1_08_fixed_fir,1.018704497464e+00,1.112624626978e-01,1.870449746403e-02,1.112624626978e-01,11.282372902
6236000000.000000,after_l1_08_fixed_fir,1.019293843849e+00,9.717487223212e-02,1.929384384897e-02,9.717487223212e-02,9.907173262
6237000000.000000,after_l1_08_fixed_fir,1.019650875065e+00,9.042851228990e-02,1.965087506550e-02,9.042851228990e-02,9.253903353
6238000000.000000,after_l1_08_fixed_fir,1.020644730226e+00,8.208472415092e-02,2.064473022624e-02,8.208472415092e-02,8.464104693
6239000000.000000,after_l1_08_fixed_fir,1.022362808147e+00,6.806391972991e-02,2.236280814651e-02,6.806391972991e-02,7.164350883
6240000000.000000,after_l1_08_fixed_fir,1.022867185285e+00,5.657950382546e-02,2.286718528508e-02,5.657950382546e-02,6.102580123
6241000000.000000,after_l1_08_fixed_fir,1.023044087095e+00,4.879154316833e-02,2.304408709528e-02,4.879154316833e-02,5.395965747
6242000000.000000,after_l1_08_fixed_fir,1.022521950749e+00,3.704569261084e-02,2.252195074915e-02,3.704569261084e-02,4.335460306
6243000000.000000,after_l1_08_fixed_fir,1.024662441557e+00,2.768352779830e-02,2.466244155687e-02,2.768352779830e-02,3.707578367
6244000000.000000,after_l1_08_fixed_fir,1.023975595969e+00,2.044670277690e-02,2.397559596934e-02,2.044670277690e-02,3.151026589
6245000000.000000,after_l1_08_fixed_fir,1.025553142974e+00,6.516343087925e-03,2.555314297423e-02,6.516343087925e-03,2.637092799
6246000000.000000,after_l1_08_fixed_fir,1.023750245129e+00,-2.090538708514e-03,2.375024512867e-02,-2.090538708514e-03,2.384207407
6247000000.000000,after_l1_08_fixed_fir,1.025111968701e+00,-1.520104673169e-02,2.511196870095e-02,-1.520104673169e-02,2.935443397
6248000000.000000,after_l1_08_fixed_fir,1.025238423543e+00,-2.658467926845e-02,2.523842354302e-02,-2.658467926845e-02,3.665683012
6249000000.000000,after_l1_08_fixed_fir,1.023445015042e+00,-3.510290537522e-02,2.344501504183e-02,-3.510290537522e-02,4.221235241
6250000000.000000,after_l1_08_fixed_fir,1.023262687877e+00,-4.455109531819e-02,2.326268787703e-02,-4.455109531819e-02,5.025885734
6251000000.000000,after_l1_08_fixed_fir,1.023658951556e+00,-6.117735043710e-02,2.365895155589e-02,-6.117735043710e-02,6.559279073
6252000000.000000,after_l1_08_fixed_fir,1.023211748962e+00,-7.066955742997e-02,2.321174896212e-02,-7.066955742997e-02,7.438394744
6253000000.000000,after_l1_08_fixed_fir,1.022686172590e+00,-7.985880809018e-02,2.268617259023e-02,-7.985880809018e-02,8.301862235
6254000000.000000,after_l1_08_fixed_fir,1.021409141876e+00,-9.118836423703e-02,2.140914187580e-02,-9.118836423703e-02,9.366786604
6255000000.000000,after_l1_08_fixed_fir,1.019171074000e+00,-1.001881335352e-01,1.917107400010e-02,-1.001881335352e-01,10.200584385
6256000000.000000,after_l1_08_fixed_fir,1.019895293429e+00,-1.090613133510e-01,1.989529342896e-02,-1.090613133510e-01,11.086114184
6257000000.000000,after_l1_08_fixed_fir,1.018176657095e+00,-1.184981823314e-01,1.817665709518e-02,-1.184981823314e-01,11.988415274
6258000000.000000,after_l1_08_fixed_fir,1.017883870887e+00,-1.310853022851e-01,1.788387088741e-02,-1.310853022851e-01,13.229961947
6259000000.000000,after_l1_08_fixed_fir,1.015830855781e+00,-1.397040822014e-01,1.583085578051e-02,-1.397040822014e-01,14.059817416
6260000000.000000,after_l1_08_fixed_fir,1.014653616458e+00,-1.476030542382e-01,1.465361645842e-02,-1.476030542382e-01,14.832865568
6261000000.000000,after_l1_08_fixed_fir,1.012804482296e+00,-1.583865331007e-01,1.280448229600e-02,-1.583865331007e-01,15.890326817
6262000000.000000,after_l1_08_fixed_fir,1.012576846064e+00,-1.624654075996e-01,1.257684606417e-02,-1.624654075996e-01,16.295148273
6263000000.000000,after_l1_08_fixed_fir,1.011074981023e+00,-1.760676296618e-01,1.107498102316e-02,-1.760676296618e-01,17.641560424
6264000000.000000,after_l1_08_fixed_fir,1.007381262625e+00,-1.886417485734e-01,7.381262625009e-03,-1.886417485734e-01,18.878610209
6265000000.000000,after_l1_08_fixed_fir,1.007838933639e+00,-1.977375952292e-01,7.838933639443e-03,-1.977375952292e-01,19.789291409
6266000000.000000,after_l1_08_fixed_fir,1.005625110054e+00,-2.016077425249e-01,5.625110053670e-03,-2.016077425249e-01,20.168620109
6267000000.000000,after_l1_08_fixed_fir,1.005147979734e+00,-2.079025154926e-01,5.147979733669e-03,-2.079025154926e-01,20.796624160
6268000000.000000,after_l1_08_fixed_fir,1.001741938201e+00,-2.186842857633e-01,1.741938201332e-03,-2.186842857633e-01,21.869122339
6269000000.000000,after_l1_08_fixed_fir,9.989306124537e-01,-2.296547706023e-01,-1.069387546281e-03,-2.296547706023e-01,22.965726039
6270000000.000000,after_l1_08_fixed_fir,9.984901407739e-01,-2.355461567096e-01,-1.509859226133e-03,-2.355461567096e-01,23.555099579
6271000000.000000,after_l1_08_fixed_fir,9.969359633791e-01,-2.425869914753e-01,-3.064036620890e-03,-2.425869914753e-01,24.260634112
6272000000.000000,after_l1_08_fixed_fir,9.931861959156e-01,-2.530431949406e-01,-6.813804084426e-03,-2.530431949406e-01,25.313491745
6273000000.000000,after_l1_08_fixed_fir,9.922855205849e-01,-2.583478065240e-01,-7.714479415125e-03,-2.583478065240e-01,25.846296123
6274000000.000000,after_l1_08_fixed_fir,9.913933125462e-01,-2.658897264986e-01,-8.606687453770e-03,-2.658897264986e-01,26.602898663
6275000000.000000,after_l1_08_fixed_fir,9.887787556051e-01,-2.719168715580e-01,-1.122124439488e-02,-2.719168715580e-01,27.214830766
6276000000.000000,after_l1_08_fixed_fir,9.855812443627e-01,-2.855624124483e-01,-1.441875563729e-02,-2.855624124483e-01,28.592620012
6277000000.000000,after_l1_08_fixed_fir,9.843577148064e-01,-2.872053468697e-01,-1.564228519360e-02,-2.872053468697e-01,28.763100034
6278000000.000000,after_l1_08_fixed_fir,9.849021536331e-01,-2.925068386797e-01,-1.509784636689e-02,-2.925068386797e-01,29.289621991
6279000000.000000,after_l1_08_fixed_fir,9.833287300849e-01,-2.971543503347e-01,-1.667126991509e-02,-2.971543503347e-01,29.762163759
6280000000.000000,after_l1_08_fixed_fir,9.804873619987e-01,-3.028347861066e-01,-1.951263800130e-02,-3.028347861066e-01,30.346276661
6281000000.000000,after_l1_08_fixed_fir,9.784209744269e-01,-3.064387635747e-01,-2.157902557306e-02,-3.064387635747e-01,30.719760768
6282000000.000000,after_l1_08_fixed_fir,9.760773823733e-01,-3.210208994265e-01,-2.392261762669e-02,-3.210208994265e-01,32.191102731
6283000000.000000,after_l1_08_fixed_fir,9.738602202662e-01,-3.219873985390e-01,-2.613977973379e-02,-3.219873985390e-01,32.304670390
6284000000.000000,after_l1_08_fixed_fir,9.731757181402e-01,-3.240107726953e-01,-2.682428185975e-02,-3.240107726953e-01,32.511924415
6285000000.000000,after_l1_08_fixed_fir,9.726857075896e-01,-3.281018574527e-01,-2.731429241045e-02,-3.281018574527e-01,32.923684398
6286000000.000000,after_l1_08_fixed_fir,9.704482607163e-01,-3.330716952059e-01,-2.955173928368e-02,-3.330716952059e-01,33.438011221
6287000000.000000,after_l1_08_fixed_fir,9.685865138908e-01,-3.385640424267e-01,-3.141348610920e-02,-3.385640424267e-01,34.001826118
6288000000.000000,after_l1_08_fixed_fir,9.666022701970e-01,-3.458661532960e-01,-3.339772980305e-02,-3.458661532960e-01,34.747489744
6289000000.000000,after_l1_08_fixed_fir,9.646969748965e-01,-3.476361062087e-01,-3.530302510354e-02,-3.476361062087e-01,34.942404886
6290000000.000000,after_l1_08_fixed_fir,9.659303240646e-01,-3.501592722872e-01,-3.406967593545e-02,-3.501592722872e-01,35.181281783
6291000000.000000,after_l1_08_fixed_fir,9.621566486622e-01,-3.561139211589e-01,-3.784335133781e-02,-3.561139211589e-01,35.811903619
6292000000.000000,after_l1_08_fixed_fir,9.622302603179e-01,-3.551783552157e-01,-3.776973968214e-02,-3.551783552157e-01,35.718093069
6293000000.000000,after_l1_08_fixed_fir,9.619576243685e-01,-3.572737758239e-01,-3.804237563145e-02,-3.572737758239e-01,35.929343611
6294000000.000000,after_l1_08_fixed_fir,9.602669081744e-01,-3.601739824379e-01,-3.973309182558e-02,-3.601739824379e-01,36.235896044
6295000000.000000,after_l1_08_fixed_fir,9.592855737170e-01,-3.674666633383e-01,-4.071442628301e-02,-3.674666633383e-01,36.971531368
6296000000.000000,after_l1_08_fixed_fir,9.589519050353e-01,-3.662081373837e-01,-4.104809496475e-02,-3.662081373837e-01,36.850148709
6297000000.000000,after_l1_08_fixed_fir,9.573686391687e-01,-3.703447357866e-01,-4.263136083131e-02,-3.703447357866e-01,37.279036502
6298000000.000000,after_l1_08_fixed_fir,9.557560928327e-01,-3.752175315097e-01,-4.424390716733e-02,-3.752175315097e-01,37.781704471
6299000000.000000,after_l1_08_fixed_fir,9.571470142910e-01,-3.683809602254e-01,-4.285298570898e-02,-3.683809602254e-01,37.086508361
6300000000.000000,after_l1_08_fixed_fir,9.551332841503e-01,-3.760973638497e-01,-4.486671584970e-02,-3.760973638497e-01,37.876410771
6301000000.000000,after_l1_08_fixed_fir,9.578419805694e-01,-3.726184218898e-01,-4.215801943060e-02,-3.726184218898e-01,37.499571589
6302000000.000000,after_l1_08_fixed_fir,9.550688577792e-01,-3.762580614064e-01,-4.493114222075e-02,-3.762580614064e-01,37.893130817
6303000000.000000,after_l1_08_fixed_fir,9.565648766828e-01,-3.731458948641e-01,-4.343512331721e-02,-3.731458948641e-01,37.566536810
6304000000.000000,after_l1_08_fixed_fir,9.570529278519e-01,-3.705084434705e-01,-4.294707214812e-02,-3.705084434705e-01,37.298921927
6305000000.000000,after_l1_08_fixed_fir,9.568820310890e-01,-3.675850537366e-01,-4.311796891095e-02,-3.675850537366e-01,37.010529714
6306000000.000000,after_l1_08_fixed_fir,9.570937849059e-01,-3.669125016637e-01,-4.290621509410e-02,-3.669125016637e-01,36.941267868
6307000000.000000,after_l1_08_fixed_fir,9.565863026776e-01,-3.676184481610e-01,-4.341369732241e-02,-3.676184481610e-01,37.017303055
6308000000.000000,after_l1_08_fixed_fir,9.584645397673e-01,-3.680147967772e-01,-4.153546023267e-02,-3.680147967772e-01,37.035129958
6309000000.000000,after_l1_08_fixed_fir,9.586619503125e-01,-3.650823628925e-01,-4.133804968750e-02,-3.650823628925e-01,36.741525016
6310000000.000000,after_l1_08_fixed_fir,9.581316596972e-01,-3.668677293451e-01,-4.186834030276e-02,-3.668677293451e-01,36.924908768
6311000000.000000,after_l1_08_fixed_fir,9.594709717681e-01,-3.656049985611e-01,-4.052902823192e-02,-3.656049985611e-01,36.784455562
6312000000.000000,after_l1_08_fixed_fir,9.607913406913e-01,-3.604643024743e-01,-3.920865930874e-02,-3.604643024743e-01,36.259044709
6313000000.000000,after_l1_08_fixed_fir,9.608270105753e-01,-3.583234960164e-01,-3.917298942475e-02,-3.583234960164e-01,36.045838997
6314000000.000000,after_l1_08_fixed_fir,9.635270132940e-01,-3.554544231871e-01,-3.647298670605e-02,-3.554544231871e-01,35.732076027
6315000000.000000,after_l1_08_fixed_fir,9.621799601523e-01,-3.569423165212e-01,-3.782003984766e-02,-3.569423165212e-01,35.894034705
6316000000.000000,after_l1_08_fixed_fir,9.638082482104e-01,-3.508356634970e-01,-3.619175178956e-02,-3.508356634970e-01,35.269747047
6317000000.000000,after_l1_08_fixed_fir,9.647126036020e-01,-3.476592645723e-01,-3.528739639804e-02,-3.476592645723e-01,34.944551018
6318000000.000000,after_l1_08_fixed_fir,9.644565256140e-01,-3.468102507655e-01,-3.554347438599e-02,-3.468102507655e-01,34.862686157
6319000000.000000,after_l1_08_fixed_fir,9.676411472389e-01,-3.413651125825e-01,-3.235885276109e-02,-3.413651125825e-01,34.289537098
6320000000.000000,after_l1_08_fixed_fir,9.676861764619e-01,-3.360147204769e-01,-3.231382353814e-02,-3.360147204769e-01,33.756492052
6321000000.000000,after_l1_08_fixed_fir,9.701595281833e-01,-3.308226006160e-01,-2.984047181668e-02,-3.308226006160e-01,33.216569184
6322000000.000000,after_l1_08_fixed_fir,9.722145916760e-01,-3.261561976187e-01,-2.778540832404e-02,-3.261561976187e-01,32.733758440
6323000000.000000,after_l1_08_fixed_fir,9.725470166782e-01,-3.258043852995e-01,-2.745298332176e-02,-3.258043852995e-01,32.695896344
6324000000.000000,after_l1_08_fixed_fir,9.728015365579e-01,-3.237364715699e-01,-2.719846344211e-02,-3.237364715699e-01,32.487699124
6325000000.000000,after_l1_08_fixed_fir,9.737197135901e-01,-3.180394418045e-01,-2.628028640994e-02,-3.180394418045e-01,31.912339306
6326000000.000000,after_l1_08_fixed_fir,9.795296903363e-01,-3.067712297137e-01,-2.047030966370e-02,-3.067712297137e-01,30.745344519
6327000000.000000,after_l1_08_fixed_fir,9.786736632146e-01,-3.085827655026e-01,-2.132633678539e-02,-3.085827655026e-01,30.931882550
6328000000.000000,after_l1_08_fixed_fir,9.814014555836e-01,-2.983996876749e-01,-1.859854441640e-02,-2.983996876749e-01,29.897872744
6329000000.000000,after_l1_08_fixed_fir,9.820486698925e-01,-2.943617860008e-01,-1.795133010750e-02,-2.943617860008e-01,29.490864909
6330000000.000000,after_l1_08_fixed_fir,9.838162585171e-01,-2.922148036554e-01,-1.618374148290e-02,-2.922148036554e-01,29.266261286
6331000000.000000,after_l1_08_fixed_fir,9.863950543944e-01,-2.835590415467e-01,-1.360494560564e-02,-2.835590415467e-01,28.388523137
6332000000.000000,after_l1_08_fixed_fir,9.869996462749e-01,-2.768287842938e-01,-1.300035372512e-02,-2.768287842938e-01,27.713387561
6333000000.000000,after_l1_08_fixed_fir,9.875501494599e-01,-2.739688285101e-01,-1.244985054014e-02,-2.739688285101e-01,27.425155929
6334000000.000000,after_l1_08_fixed_fir,9.892430137036e-01,-2.663464488980e-01,-1.075698629640e-02,-2.663464488980e-01,26.656358265
6335000000.000000,after_l1_08_fixed_fir,9.927082458081e-01,-2.574530969447e-01,-7.291754191896e-03,-2.574530969447e-01,25.755633715
6336000000.000000,after_l1_08_fixed_fir,9.938478906686e-01,-2.521341707103e-01,-6.152109331419e-03,-2.521341707103e-01,25.220921571
6337000000.000000,after_l1_08_fixed_fir,9.937966932964e-01,-2.457679066731e-01,-6.203306703559e-03,-2.457679066731e-01,24.584618151
6338000000.000000,after_l1_08_fixed_fir,9.956308734628e-01,-2.422913931519e-01,-4.369126537172e-03,-2.422913931519e-01,24.233078315
6339000000.000000,after_l1_08_fixed_fir,9.977218765194e-01,-2.325851544333e-01,-2.278123480580e-03,-2.325851544333e-01,23.259631104
6340000000.000000,after_l1_08_fixed_fir,9.979727161118e-01,-2.302399189831e-01,-2.027283888214e-03,-2.302399189831e-01,23.024884402
6341000000.000000,after_l1_08_fixed_fir,9.999677566514e-01,-2.247558581208e-01,-3.224334856733e-05,-2.247558581208e-01,22.475586043
6342000000.000000,after_l1_08_fixed_fir,1.002376730129e+00,-2.125634411008e-01,2.376730128620e-03,-2.125634411008e-01,21.257672812
6343000000.000000,after_l1_08_fixed_fir,1.004219170457e+00,-2.045357265569e-01,4.219170456571e-03,-2.045357265569e-01,20.457923853
6344000000.000000,after_l1_08_fixed_fir,1.005256488359e+00,-1.958528492672e-01,5.256488358626e-03,-1.958528492672e-01,19.592337593
6345000000.000000,after_l1_08_fixed_fir,1.006850314427e+00,-1.929774051020e-01,6.850314427447e-03,-1.929774051020e-01,19.309895310
6346000000.000000,after_l1_08_fixed_fir,1.006864550413e+00,-1.859941246165e-01,6.864550413326e-03,-1.859941246165e-01,18.612075769
6347000000.000000,after_l1_08_fixed_fir,1.009547185553e+00,-1.785945751840e-01,9.547185552862e-03,-1.785945751840e-01,17.884957656
6348000000.000000,after_l1_08_fixed_fir,1.010441520172e+00,-1.695071688554e-01,1.044152017165e-02,-1.695071688554e-01,16.982845944
6349000000.000000,after_l1_08_fixed_fir,1.010810657824e+00,-1.701009148567e-01,1.081065782398e-02,-1.701009148567e-01,17.044410098
6350000000.000000,after_l1_08_fixed_fir,1.013315937000e+00,-1.579977530016e-01,1.331593700034e-02,-1.579977530016e-01,15.855788890
6351000000.000000,after_l1_08_fixed_fir,1.014587972224e+00,-1.486906711038e-01,1.458797222426e-02,-1.486906711038e-01,14.940456689
6352000000.000000,after_l1_08_fixed_fir,1.015054465447e+00,-1.425242910424e-01,1.505446544744e-02,-1.425242910424e-01,14.331716738
6353000000.000000,after_l1_08_fixed_fir,1.015731572220e+00,-1.383101925345e-01,1.573157221979e-02,-1.383101925345e-01,13.920198175
6354000000.000000,after_l1_08_fixed_fir,1.016271928372e+00,-1.271695567222e-01,1.627192837205e-02,-1.271695567222e-01,12.820636416
6355000000.000000,after_l1_08_fixed_fir,1.016338220232e+00,-1.198493527266e-01,1.633822023185e-02,-1.198493527266e-01,12.095786369
6356000000.000000,after_l1_08_fixed_fir,1.017697245651e+00,-1.172061992470e-01,1.769724565110e-02,-1.172061992470e-01,11.853474447
6357000000.000000,after_l1_08_fixed_fir,1.018984768561e+00,-1.068731624381e-01,1.898476856115e-02,-1.068731624381e-01,10.854627717
6358000000.000000,after_l1_08_fixed_fir,1.019431327663e+00,-9.663917081552e-02,1.943132766262e-02,-9.663917081552e-02,9.857335254
6359000000.000000,after_l1_08_fixed_fir,1.019997593707e+00,-9.409338225238e-02,1.999759370659e-02,-9.409338225238e-02,9.619494965
6360000000.000000,after_l1_08_fixed_fir,1.020949910220e+00,-8.349220462368e-02,2.094991021953e-02,-8.349220462368e-02,8.608046800
6361000000.000000,after_l1_08_fixed_fir,1.021790740663e+00,-7.910846692606e-02,2.179074066277e-02,-7.910846692606e-02,8.205477389
6362000000.000000,after_l1_08_fixed_fir,1.021258866376e+00,-7.538802025058e-02,2.125886637636e-02,-7.538802025058e-02,7.832811115
6363000000.000000,after_l1_08_fixed_fir,1.021658496158e+00,-6.746885772166e-02,2.165849615808e-02,-6.746885772166e-02,7.085998319
6364000000.000000,after_l1_08_fixed_fir,1.022592447079e+00,-6.086567943136e-02,2.259244707924e-02,-6.086567943136e-02,6.492341332
6365000000.000000,after_l1_08_fixed_fir,1.023459235073e+00,-5.392326638916e-02,2.345923507293e-02,-5.392326638916e-02,5.880522399
6366000000.000000,after_l1_08_fixed_fir,1.023319563449e+00,-4.797994989100e-02,2.331956344927e-02,-4.797994989100e-02,5.334676777
6367000000.000000,after_l1_08_fixed_fir,1.023127570638e+00,-4.346583985432e-02,2.312757063839e-02,-4.346583985432e-02,4.923579752
6368000000.000000,after_l1_08_fixed_fir,1.022807441191e+00,-3.890977476360e-02,2.280744119066e-02,-3.890977476360e-02,4.510155148
6369000000.000000,after_l1_08_fixed_fir,1.022741967666e+00,-2.867843927424e-02,2.274196766587e-02,-2.867843927424e-02,3.660122911
6370000000.000000,after_l1_08_fixed_fir,1.023196968490e+00,-2.398737356099e-02,2.319696849039e-02,-2.398737356099e-02,3.336904909
6371000000.000000,after_l1_08_fixed_fir,1.022150668694e+00,-2.157068137875e-02,2.215066869426e-02,-2.157068137875e-02,3.091838318
6372000000.000000,after_l1_08_fixed_fir,1.022589383570e+00,-1.391470210638e-02,2.258938356976e-02,-1.391470210638e-02,2.653109845
6373000000.000000,after_l1_08_fixed_fir,1.022798318716e+00,-8.385896430754e-03,2.279831871554e-02,-8.385896430754e-03,2.429169807
6374000000.000000,after_l1_08_fixed_fir,1.023782994851e+00,-6.559419267534e-03,2.378299485111e-02,-6.559419267534e-03,2.467097131
6375000000.000000,after_l1_08_fixed_fir,1.024615759833e+00,4.310159079249e-04,2.461575983285e-02,4.310159079249e-04,2.461953303
6376000000.000000,after_l1_08_fixed_fir,1.024540271602e+00,4.289800789854e-03,2.454027160175e-02,4.289800789854e-03,2.491239292
6377000000.000000,after_l1_08_fixed_fir,1.023979853936e+00,6.489060415487e-03,2.397985393615e-02,6.489060415487e-03,2.484232879
6378000000.000000,after_l1_08_fixed_fir,1.024102172481e+00,1.582905724049e-02,2.410217248117e-02,1.582905724049e-02,2.883528691
6379000000.000000,after_l1_08_fixed_fir,1.024583044179e+00,1.800342945323e-02,2.458304417943e-02,1.800342945323e-02,3.047046986
6380000000.000000,after_l1_08_fixed_fir,1.023273362950e+00,2.425739617963e-02,2.327336294952e-02,2.425739617963e-02,3.361652410
6381000000.000000,after_l1_08_fixed_fir,1.024126466777e+00,3.031781829195e-02,2.412646677735e-02,3.031781829195e-02,3.874605148
6382000000.000000,after_l1_08_fixed_fir,1.022786077567e+00,2.533565405350e-02,2.278607756728e-02,2.533565405350e-02,3.407492769
6383000000.000000,after_l1_08_fixed_fir,1.023982614504e+00,3.234549981821e-02,2.398261450421e-02,3.234549981821e-02,4.026657618
6384000000.000000,after_l1_08_fixed_fir,1.023060290092e+00,3.335613473334e-02,2.306029009241e-02,3.335613473334e-02,4.055130952
6385000000.000000,after_l1_08_fixed_fir,1.023293508487e+00,3.817362004888e-02,2.329350848719e-02,3.817362004888e-02,4.471926660
6386000000.000000,after_l1_08_fixed_fir,1.023211955176e+00,4.003797013144e-02,2.321195517608e-02,4.003797013144e-02,4.627995155
6387000000.000000,after_l1_08_fixed_fir,1.023409955021e+00,4.359197330229e-02,2.340995502097e-02,4.359197330229e-02,4.948015896
6388000000.000000,after_l1_08_fixed_fir,1.023504876911e+00,3.774891113128e-02,2.350487691109e-02,3.774891113128e-02,4.446863535
6389000000.000000,after_l1_08_fixed_fir,1.021507873538e+00,4.513860125351e-02,2.150787353772e-02,4.513860125351e-02,5.000081947
6390000000.000000,after_l1_08_fixed_fir,1.022609510250e+00,5.004287404759e-02,2.260951024996e-02,5.004287404759e-02,5.491337903
6391000000.000000,after_l1_08_fixed_fir,1.021673074582e+00,5.007344240013e-02,2.167307458209e-02,5.007344240013e-02,5.456254939
6392000000.000000,after_l1_08_fixed_fir,1.022161100201e+00,5.154029226440e-02,2.216110020129e-02,5.154029226440e-02,5.610272800
6393000000.000000,after_l1_08_fixed_fir,1.021360907660e+00,5.216332004751e-02,2.136090765980e-02,5.216332004751e-02,5.636754682
6394000000.000000,after_l1_08_fixed_fir,1.021887811580e+00,5.913649750700e-02,2.188781158016e-02,5.913649750700e-02,6.305712992
6395000000.000000,after_l1_08_fixed_fir,1.022739065642e+00,5.526933557009e-02,2.273906564245e-02,5.526933557009e-02,5.976424149
6396000000.000000,after_l1_08_fixed_fir,1.022133106454e+00,5.477223120452e-02,2.213310645380e-02,5.477223120452e-02,5.907513616
6397000000.000000,after_l1_08_fixed_fir,1.023129905753e+00,5.504303412898e-02,2.312990575299e-02,5.504303412898e-02,5.970534437
6398000000.000000,after_l1_08_fixed_fir,1.021035152498e+00,5.358471674648e-02,2.103515249775e-02,5.358471674648e-02,5.756561048
6399000000.000000,after_l1_08_fixed_fir,1.022055440522e+00,5.249318397218e-02,2.205544052201e-02,5.249318397218e-02,5.693835983
6400000000.000000,after_l1_08_fixed_fir,1.021459103780e+00,5.190694286339e-02,2.145910377999e-02,5.190694286339e-02,5.616781866
6401000000.000000,after_l1_08_fixed_fir,1.022198485983e+00,5.389208220055e-02,2.219848598250e-02,5.389208220055e-02,5.828489773
6402000000.000000,after_l1_08_fixed_fir,1.022893541064e+00,5.110603722467e-02,2.289354106400e-02,5.110603722467e-02,5.599947556
6403000000.000000,after_l1_08_fixed_fir,1.021689872407e+00,5.259395601604e-02,2.168987240688e-02,5.259395601604e-02,5.689090239
6404000000.000000,after_l1_08_fixed_fir,1.022263940455e+00,4.733513191877e-02,2.226394045480e-02,4.733513191877e-02,5.230963351
6405000000.000000,after_l1_08_fixed_fir,1.021573810982e+00,4.422282874868e-02,2.157381098189e-02,4.422282874868e-02,4.920455165
6406000000.000000,after_l1_08_fixed_fir,1.022483555576e+00,4.331827135279e-02,2.248355557634e-02,4.331827135279e-02,4.880556223
6407000000.000000,after_l1_08_fixed_fir,1.022664144390e+00,4.089862768252e-02,2.266414438974e-02,4.089862768252e-02,4.675854133
6408000000.000000,after_l1_08_fixed_fir,1.024600645610e+00,4.001940923382e-02,2.460064561026e-02,4.001940923382e-02,4.697600323
6409000000.000000,after_l1_08_fixed_fir,1.023223734646e+00,3.776406738772e-02,2.322373464631e-02,3.776406738772e-02,4.433358362
6410000000.000000,after_l1_08_fixed_fir,1.022783468653e+00,3.467864121953e-02,2.278346865270e-02,3.467864121953e-02,4.149330790
6411000000.000000,after_l1_08_fixed_fir,1.023810470071e+00,2.999696638790e-02,2.381047007128e-02,2.999696638790e-02,3.829825685
6412000000.000000,after_l1_08_fixed_fir,1.023686020892e+00,2.684592974555e-02,2.368602089221e-02,2.684592974555e-02,3.580127832
6413000000.000000,after_l1_08_fixed_fir,1.023556947450e+00,2.203855048943e-02,2.355694744987e-02,2.203855048943e-02,3.225875820
6414000000.000000,after_l1_08_fixed_fir,1.023947585543e+00,1.635547726718e-02,2.394758554327e-02,1.635547726718e-02,2.899980155
6415000000.000000,after_l1_08_fixed_fir,1.024570673110e+00,1.759553216114e-02,2.457067311036e-02,1.759553216114e-02,3.022119669
6416000000.000000,after_l1_08_fixed_fir,1.023492197903e+00,1.154444983953e-02,2.349219790311e-02,1.154444983953e-02,2.617551689
6417000000.000000,after_l1_08_fixed_fir,1.023616282389e+00,5.520778266812e-03,2.361628238936e-02,5.520778266812e-03,2.425299541
6418000000.000000,after_l1_08_fixed_fir,1.023965706723e+00,2.418600492998e-03,2.396570672268e-02,2.418600492998e-03,2.408743920
6419000000.000000,after_l1_08_fixed_fir,1.023600606044e+00,2.134255971536e-05,2.360060604447e-02,2.134255971536e-05,2.360061569
6420000000.000000,after_l1_08_fixed_fir,1.024201999005e+00,-7.893312328577e-03,2.420199900460e-02,-7.893312328577e-03,2.545665208
6421000000.000000,after_l1_08_fixed_fir,1.024125924223e+00,-1.430923885633e-02,2.412592422292e-02,-1.430923885633e-02,2.805021455
6422000000.000000,after_l1_08_fixed_fir,1.023884466985e+00,-2.398026616508e-02,2.388446698513e-02,-2.398026616508e-02,3.384554518
6423000000.000000,after_l1_08_fixed_fir,1.024787742066e+00,-2.185826182174e-02,2.478774206639e-02,-2.185826182174e-02,3.304868782
6424000000.000000,after_l1_08_fixed_fir,1.024762343553e+00,-2.665834569051e-02,2.476234355319e-02,-2.665834569051e-02,3.638462661
6425000000.000000,after_l1_08_fixed_fir,1.023536187475e+00,-3.984654127241e-02,2.353618747458e-02,-3.984654127241e-02,4.627849363
6426000000.000000,after_l1_08_fixed_fir,1.022752843794e+00,-4.580473638031e-02,2.275284379408e-02,-4.580473638031e-02,5.114455763
6427000000.000000,after_l1_08_fixed_fir,1.022441965936e+00,-4.731286075558e-02,2.244196593555e-02,-4.731286075558e-02,5.236552900
6428000000.000000,after_l1_08_fixed_fir,1.024313896700e+00,-5.413786718340e-02,2.431389669999e-02,-5.413786718340e-02,5.934706594
6429000000.000000,after_l1_08_fixed_fir,1.021809175549e+00,-6.422705098580e-02,2.180917554883e-02,-6.422705098580e-02,6.782885976
6430000000.000000,after_l1_08_fixed_fir,1.023585313176e+00,-7.062735822741e-02,2.358531317571e-02,-7.062735822741e-02,7.446133713
6431000000.000000,after_l1_08_fixed_fir,1.021138567593e+00,-7.235999265795e-02,2.113856759258e-02,-7.235999265795e-02,7.538439877
6432000000.000000,after_l1_08_fixed_fir,1.021389247773e+00,-7.893024556393e-02,2.138924777309e-02,-7.893024556393e-02,8.177703581
6433000000.000000,after_l1_08_fixed_fir,1.021486168202e+00,-9.035140821248e-02,2.148616820209e-02,-9.035140821248e-02,9.287105249
6434000000.000000,after_l1_08_fixed_fir,1.021496301873e+00,-9.757819544530e-02,2.149630187314e-02,-9.757819544530e-02,9.991794244
6435000000.000000,after_l1_08_fixed_fir,1.019577644284e+00,-1.025775255943e-01,1.957764428412e-02,-1.025775255943e-01,10.442908078
6436000000.000000,after_l1_08_fixed_fir,1.018281917392e+00,-1.156114132049e-01,1.828191739163e-02,-1.156114132049e-01,11.704797037
6437000000.000000,after_l1_08_fixed_fir,1.017778459086e+00,-1.201917598667e-01,1.777845908631e-02,-1.201917598667e-01,12.149951748
6438000000.000000,after_l1_08_fixed_fir,1.017024361234e+00,-1.251532953134e-01,1.702436123394e-02,-1.251532953134e-01,12.630588349
6439000000.000000,after_l1_08_fixed_fir,1.017655800448e+00,-1.293586622514e-01,1.765580044755e-02,-1.293586622514e-01,13.055799780
6440000000.000000,after_l1_08_fixed_fir,1.015995781322e+00,-1.396042904887e-01,1.599578132229e-02,-1.396042904887e-01,14.051769619
6441000000.000000,after_l1_08_fixed_fir,1.014558771948e+00,-1.483672385240e-01,1.455877194840e-02,-1.483672385240e-01,14.907982864
6442000000.000000,after_l1_08_fixed_fir,1.013349395228e+00,-1.614429185518e-01,1.334939522790e-02,-1.614429185518e-01,16.199389588
6443000000.000000,after_l1_08_fixed_fir,1.010619114750e+00,-1.671317593311e-01,1.061911475024e-02,-1.671317593311e-01,16.746877493
6444000000.000000,after_l1_08_fixed_fir,1.011296986325e+00,-1.719294775660e-01,1.129698632480e-02,-1.719294775660e-01,17.230022390
6445000000.000000,after_l1_08_fixed_fir,1.009927385555e+00,-1.854389280116e-01,9.927385555294e-03,-1.854389280116e-01,18.570446684
6446000000.000000,after_l1_08_fixed_fir,1.009206433558e+00,-1.885126099700e-01,9.206433557549e-03,-1.885126099700e-01,18.873728444
6447000000.000000,after_l1_08_fixed_fir,1.005202429674e+00,-1.967143906515e-01,5.202429674058e-03,-1.967143906515e-01,19.678317195
6448000000.000000,after_l1_08_fixed_fir,1.005171332381e+00,-2.043096819184e-01,5.171332380696e-03,-2.043096819184e-01,20.437511787
6449000000.000000,after_l1_08_fixed_fir,1.003818052880e+00,-2.124526355794e-01,3.818052879855e-03,-2.124526355794e-01,21.248694052
6450000000.000000,after_l1_08_fixed_fir,1.001872887598e+00,-2.199291259581e-01,1.872887597916e-03,-2.199291259581e-01,21.993710045
5550000000.000000,after_l1_08_fixed_fir_plus_l1_09_allpass,9.991945461556e-01,-3.960269362425e-02,-8.054538443507e-04,-3.960269362425e-02,3.961088358
5551000000.000000,after_l1_08_fixed_fir_plus_l1_09_allpass,1.001599984127e+00,-3.231460409156e-02,1.599984126862e-03,-3.231460409156e-02,3.235418963
5552000000.000000,after_l1_08_fixed_fir_plus_l1_09_allpass,9.996515887690e-01,-3.216022433725e-02,-3.484112309509e-04,-3.216022433725e-02,3.216211156
5553000000.000000,after_l1_08_fixed_fir_plus_l1_09_allpass,1.000292745751e+00,-2.390708796912e-02,2.927457508317e-04,-2.390708796912e-02,2.390888026
5554000000.000000,after_l1_08_fixed_fir_plus_l1_09_allpass,1.000432517234e+00,-1.880376967891e-02,4.325172336908e-04,-1.880376967891e-02,1.880874332
5555000000.000000,after_l1_08_fixed_fir_plus_l1_09_allpass,1.001419744075e+00,-1.958602231935e-02,1.419744075462e-03,-1.958602231935e-02,1.963741183
5556000000.000000,after_l1_08_fixed_fir_plus_l1_09_allpass,1.000749111281e+00,-1.660030454764e-02,7.491112810967e-04,-1.660030454764e-02,1.661719828
5557000000.000000,after_l1_08_fixed_fir_plus_l1_09_allpass,1.001266703659e+00,-8.205858020891e-03,1.266703658743e-03,-8.205858020891e-03,0.830305028
5558000000.000000,after_l1_08_fixed_fir_plus_l1_09_allpass,1.000953281759e+00,-3.958374885824e-03,9.532817594913e-04,-3.958374885824e-03,0.407154490
5559000000.000000,after_l1_08_fixed_fir_plus_l1_09_allpass,1.002153355522e+00,-2.343160050085e-03,2.153355522412e-03,-2.343160050085e-03,0.318234804
5560000000.000000,after_l1_08_fixed_fir_plus_l1_09_allpass,1.000427385258e+00,5.125742504618e-03,4.273852576813e-04,5.125742504618e-03,0.514352937
5561000000.000000,after_l1_08_fixed_fir_plus_l1_09_allpass,1.000772159649e+00,2.089108160467e-03,7.721596489900e-04,2.089108160467e-03,0.222724121
5562000000.000000,after_l1_08_fixed_fir_plus_l1_09_allpass,1.000907382609e+00,9.264177799715e-03,9.073826085375e-04,9.264177799715e-03,0.930850866
5563000000.000000,after_l1_08_fixed_fir_plus_l1_09_allpass,1.001338192073e+00,1.589027832621e-02,1.338192073157e-03,1.589027832621e-02,1.594652637
5564000000.000000,after_l1_08_fixed_fir_plus_l1_09_allpass,1.000678792436e+00,9.970249556478e-03,6.787924357192e-04,9.970249556478e-03,0.999332954
5565000000.000000,after_l1_08_fixed_fir_plus_l1_09_allpass,9.999851970979e-01,2.183474742302e-02,-1.480290209865e-05,2.183474742302e-02,2.183475244
5566000000.000000,after_l1_08_fixed_fir_plus_l1_09_allpass,1.001728501985e+00,2.996071805103e-02,1.728501985228e-03,2.996071805103e-02,3.001053724
5567000000.000000,after_l1_08_fixed_fir_plus_l1_09_allpass,1.002235734088e+00,2.334086319444e-02,2.235734088195e-03,2.334086319444e-02,2.344769502
5568000000.000000,after_l1_08_fixed_fir_plus_l1_09_allpass,1.000984908292e+00,3.184844264105e-02,9.849082921976e-04,3.184844264105e-02,3.186366807
5569000000.000000,after_l1_08_fixed_fir_plus_l1_09_allpass,1.002115884430e+00,3.391933112499e-02,2.115884429812e-03,3.391933112499e-02,3.398526138
5570000000.000000,after_l1_08_fixed_fir_plus_l1_09_allpass,1.001202817483e+00,3.897759780201e-02,1.202817482658e-03,3.897759780201e-02,3.899615238
5571000000.000000,after_l1_08_fixed_fir_plus_l1_09_allpass,1.001787326631e+00,4.243999008913e-02,1.787326630785e-03,4.243999008913e-02,4.247760934
5572000000.000000,after_l1_08_fixed_fir_plus_l1_09_allpass,1.001187266222e+00,4.194316684852e-02,1.187266222456e-03,4.194316684852e-02,4.195996719
5573000000.000000,after_l1_08_fixed_fir_plus_l1_09_allpass,1.001854236053e+00,4.221742650163e-02,1.854236053339e-03,4.221742650163e-02,4.225812693
5574000000.000000,after_l1_08_fixed_fir_plus_l1_09_allpass,1.000994520622e+00,4.572659210759e-02,9.945206222159e-04,4.572659210759e-02,4.573740588
5575000000.000000,after_l1_08_fixed_fir_plus_l1_09_allpass,1.001402714548e+00,4.707138313283e-02,1.402714548195e-03,4.707138313283e-02,4.709227875
5576000000.000000,after_l1_08_fixed_fir_plus_l1_09_allpass,1.000803283430e+00,5.115068510649e-02,8.032834298275e-04,5.115068510649e-02,5.115699220
5577000000.000000,after_l1_08_fixed_fir_plus_l1_09_allpass,1.001879547198e+00,5.768583155976e-02,1.879547197813e-03,5.768583155976e-02,5.771644359
5578000000.000000,after_l1_08_fixed_fir_plus_l1_09_allpass,1.000073557000e+00,5.747415758345e-02,7.355699971767e-05,5.747415758345e-02,5.747420465
5579000000.000000,after_l1_08_fixed_fir_plus_l1_09_allpass,1.000859115244e+00,5.729353751523e-02,8.591152435198e-04,5.729353751523e-02,5.729997836
5580000000.000000,after_l1_08_fixed_fir_plus_l1_09_allpass,1.002107194059e+00,6.082939067272e-02,2.107194059238e-03,6.082939067272e-02,6.086587744
5581000000.000000,after_l1_08_fixed_fir_plus_l1_09_allpass,1.001899073787e+00,6.702310150086e-02,1.899073787327e-03,6.702310150086e-02,6.705000087
5582000000.000000,after_l1_08_fixed_fir_plus_l1_09_allpass,1.000473559080e+00,6.803588222090e-02,4.735590797129e-04,6.803588222090e-02,6.803753029
5583000000.000000,after_l1_08_fixed_fir_plus_l1_09_allpass,1.000289130062e+00,6.713856392779e-02,2.891300624159e-04,6.713856392779e-02,6.713918649
5584000000.000000,after_l1_08_fixed_fir_plus_l1_09_allpass,1.002070317425e+00,6.946925648942e-02,2.070317425368e-03,6.946925648942e-02,6.950009936
5585000000.000000,after_l1_08_fixed_fir_plus_l1_09_allpass,1.000135783157e+00,7.326179424074e-02,1.357831567605e-04,7.326179424074e-02,7.326192007
5586000000.000000,after_l1_08_fixed_fir_plus_l1_09_allpass,1.001287555041e+00,7.313791700508e-02,1.287555040676e-03,7.313791700508e-02,7.314924950
5587000000.000000,after_l1_08_fixed_fir_plus_l1_09_allpass,1.000564509729e+00,7.245682137392e-02,5.645097294997e-04,7.245682137392e-02,7.245902038
5588000000.000000,after_l1_08_fixed_fir_plus_l1_09_allpass,1.000531186638e+00,7.354695768948e-02,5.311866377544e-04,7.354695768948e-02,7.354887589
5589000000.000000,after_l1_08_fixed_fir_plus_l1_09_allpass,1.000427853536e+00,7.745090883470e-02,4.278535364315e-04,7.745090883470e-02,7.745209060
5590000000.000000,after_l1_08_fixed_fir_plus_l1_09_allpass,1.001156250433e+00,7.141111449341e-02,1.156250433293e-03,7.141111449341e-02,7.142047457
5591000000.000000,after_l1_08_fixed_fir_plus_l1_09_allpass,1.002103694928e+00,7.770721184350e-02,2.103694927601e-03,7.770721184350e-02,7.773568231
5592000000.000000,after_l1_08_fixed_fir_plus_l1_09_allpass,1.001506794150e+00,7.663904501677e-02,1.506794150223e-03,7.663904501677e-02,7.665385607
5593000000.000000,after_l1_08_fixed_fir_plus_l1_09_allpass,1.001646297003e+00,7.895980261940e-02,1.646297003129e-03,7.895980261940e-02,7.897696325
5594000000.000000,after_l1_08_fixed_fir_plus_l1_09_allpass,1.000759537508e+00,7.543733287792e-02,7.595375082352e-04,7.543733287792e-02,7.544115647
5595000000.000000,after_l1_08_fixed_fir_plus_l1_09_allpass,1.000564497025e+00,7.991994822075e-02,5.644970246164e-04,7.991994822075e-02,7.992194180
5596000000.000000,after_l1_08_fixed_fir_plus_l1_09_allpass,1.001010251700e+00,7.720147880675e-02,1.010251699734e-03,7.720147880675e-02,7.720808856
5597000000.000000,after_l1_08_fixed_fir_plus_l1_09_allpass,1.002371985213e+00,7.767466376643e-02,2.371985213214e-03,7.767466376643e-02,7.771087250
5598000000.000000,after_l1_08_fixed_fir_plus_l1_09_allpass,1.001616681909e+00,8.059876870147e-02,1.616681909410e-03,8.059876870147e-02,8.061498109
5599000000.000000,after_l1_08_fixed_fir_plus_l1_09_allpass,1.002782378062e+00,7.408868303483e-02,2.782378061989e-03,7.408868303483e-02,7.414091031
5600000000.000000,after_l1_08_fixed_fir_plus_l1_09_allpass,1.001165443113e+00,8.105544677163e-02,1.165443112592e-03,8.105544677163e-02,8.106382491
5601000000.000000,after_l1_08_fixed_fir_plus_l1_09_allpass,1.002109293004e+00,7.698177384560e-02,2.109293004204e-03,7.698177384560e-02,7.701066563
5602000000.000000,after_l1_08_fixed_fir_plus_l1_09_allpass,1.003086757391e+00,7.358863655833e-02,3.086757390693e-03,7.358863655833e-02,7.365334685
5603000000.000000,after_l1_08_fixed_fir_plus_l1_09_allpass,1.002091765774e+00,7.817423307260e-02,2.091765773770e-03,7.817423307260e-02,7.820221353
5604000000.000000,after_l1_08_fixed_fir_plus_l1_09_allpass,1.003170450722e+00,7.678321598040e-02,3.170450721809e-03,7.678321598040e-02,7.684864354
5605000000.000000,after_l1_08_fixed_fir_plus_l1_09_allpass,1.002569665060e+00,7.403147353731e-02,2.569665060200e-03,7.403147353731e-02,7.407605722
5606000000.000000,after_l1_08_fixed_fir_plus_l1_09_allpass,1.001727808081e+00,7.325772872747e-02,1.727808080543e-03,7.325772872747e-02,7.327810136
5607000000.000000,after_l1_08_fixed_fir_plus_l1_09_allpass,1.003534030370e+00,7.035648667598e-02,3.534030369953e-03,7.035648667598e-02,7.044518854
5608000000.000000,after_l1_08_fixed_fir_plus_l1_09_allpass,1.002518913701e+00,7.199860885157e-02,2.518913701455e-03,7.199860885157e-02,7.204265822
5609000000.000000,after_l1_08_fixed_fir_plus_l1_09_allpass,1.002576679143e+00,6.871442315636e-02,2.576679143123e-03,6.871442315636e-02,6.876271682
5610000000.000000,after_l1_08_fixed_fir_plus_l1_09_allpass,1.002489311165e+00,6.892769043313e-02,2.489311164699e-03,6.892769043313e-02,6.897262630
5611000000.000000,after_l1_08_fixed_fir_plus_l1_09_allpass,1.002791910468e+00,7.172904594066e-02,2.791910468281e-03,7.172904594066e-02,7.178336016
5612000000.000000,after_l1_08_fixed_fir_plus_l1_09_allpass,1.002230490090e+00,6.823906153375e-02,2.230490089773e-03,6.823906153375e-02,6.827550516
5613000000.000000,after_l1_08_fixed_fir_plus_l1_09_allpass,1.003686405870e+00,6.320126612211e-02,3.686405869730e-03,6.320126612211e-02,6.330868525
5614000000.000000,after_l1_08_fixed_fir_plus_l1_09_allpass,1.002487070335e+00,6.571483824077e-02,2.487070335405e-03,6.571483824077e-02,6.576188473
5615000000.000000,after_l1_08_fixed_fir_plus_l1_09_allpass,1.003161698175e+00,5.955715821418e-02,3.161698174711e-03,5.955715821418e-02,5.964102137
5616000000.000000,after_l1_08_fixed_fir_plus_l1_09_allpass,1.004103218121e+00,5.843228860073e-02,4.103218120996e-03,5.843228860073e-02,5.857617903
5617000000.000000,after_l1_08_fixed_fir_plus_l1_09_allpass,1.004449198153e+00,5.491280124086e-02,4.449198153044e-03,5.491280124086e-02,5.509275002
5618000000.000000,after_l1_08_fixed_fir_plus_l1_09_allpass,1.005884550875e+00,5.675413800627e-02,5.884550875059e-03,5.675413800627e-02,5.705839219
5619000000.000000,after_l1_08_fixed_fir_plus_l1_09_allpass,1.006278483174e+00,4.783613853652e-02,6.278483174177e-03,4.783613853652e-02,4.824640402
5620000000.000000,after_l1_08_fixed_fir_plus_l1_09_allpass,1.004220539425e+00,4.676826717877e-02,4.220539425493e-03,4.676826717877e-02,4.695831948
5621000000.000000,after_l1_08_fixed_fir_plus_l1_09_allpass,1.004895755173e+00,4.722951501947e-02,4.895755173355e-03,4.722951501947e-02,4.748258110
5622000000.000000,after_l1_08_fixed_fir_plus_l1_09_allpass,1.005683464530e+00,4.001946124779e-02,5.683464529616e-03,4.001946124779e-02,4.042102235
5623000000.000000,after_l1_08_fixed_fir_plus_l1_09_allpass,1.005298658263e+00,3.906601814932e-02,5.298658262774e-03,3.906601814932e-02,3.942371816
5624000000.000000,after_l1_08_fixed_fir_plus_l1_09_allpass,1.006471327117e+00,3.917695687040e-02,6.471327117394e-03,3.917695687040e-02,3.970783329
5625000000.000000,after_l1_08_fixed_fir_plus_l1_09_allpass,1.005330358862e+00,3.594793372132e-02,5.330358861731e-03,3.594793372132e-02,3.634097776
5626000000.000000,after_l1_08_fixed_fir_plus_l1_09_allpass,1.004694447403e+00,3.402919063086e-02,4.694447403076e-03,3.402919063086e-02,3.435147233
5627000000.000000,after_l1_08_fixed_fir_plus_l1_09_allpass,1.004671617374e+00,3.520296623481e-02,4.671617374049e-03,3.520296623481e-02,3.551158741
5628000000.000000,after_l1_08_fixed_fir_plus_l1_09_allpass,1.005239288100e+00,3.108375058664e-02,5.239288100128e-03,3.108375058664e-02,3.152220948
5629000000.000000,after_l1_08_fixed_fir_plus_l1_09_allpass,1.004826968482e+00,2.730253200193e-02,4.826968481934e-03,2.730253200193e-02,2.772594234
5630000000.000000,after_l1_08_fixed_fir_plus_l1_09_allpass,1.005352673858e+00,2.635171238272e-02,5.352673858103e-03,2.635171238272e-02,2.688984684
5631000000.000000,after_l1_08_fixed_fir_plus_l1_09_allpass,1.005892000822e+00,2.210451667006e-02,5.892000822154e-03,2.210451667006e-02,2.287630501
5632000000.000000,after_l1_08_fixed_fir_plus_l1_09_allpass,1.005501052712e+00,2.159138448547e-02,5.501052712215e-03,2.159138448547e-02,2.228114595
5633000000.000000,after_l1_08_fixed_fir_plus_l1_09_allpass,1.005655097334e+00,1.577724420542e-02,5.655097334290e-03,1.577724420542e-02,1.676011816
5634000000.000000,after_l1_08_fixed_fir_plus_l1_09_allpass,1.005696775186e+00,1.251387560495e-02,5.696775185751e-03,1.251387560495e-02,1.374955745
5635000000.000000,after_l1_08_fixed_fir_plus_l1_09_allpass,1.005331497690e+00,1.587430604991e-02,5.331497690046e-03,1.587430604991e-02,1.674569975
5636000000.000000,after_l1_08_fixed_fir_plus_l1_09_allpass,1.004582272679e+00,7.265710972963e-03,4.582272679356e-03,7.265710972963e-03,0.858998131
5637000000.000000,after_l1_08_fixed_fir_plus_l1_09_allpass,1.006032664780e+00,4.021393730288e-03,6.032664779624e-03,4.021393730288e-03,0.725014840
5638000000.000000,after_l1_08_fixed_fir_plus_l1_09_allpass,1.006051104733e+00,3.097917576903e-03,6.051104732818e-03,3.097917576903e-03,0.679801161
5639000000.000000,after_l1_08_fixed_fir_plus_l1_09_allpass,1.005372636410e+00,3.169923046970e-03,5.372636410163e-03,3.169923046970e-03,0.623807936
5640000000.000000,after_l1_08_fixed_fir_plus_l1_09_allpass,1.006434723206e+00,-5.097113994715e-03,6.434723206392e-03,-5.097113994715e-03,0.820891185
5641000000.000000,after_l1_08_fixed_fir_plus_l1_09_allpass,1.004532636894e+00,-3.946751906074e-03,4.532636893974e-03,-3.946751906074e-03,0.601012877
5642000000.000000,after_l1_08_fixed_fir_plus_l1_09_allpass,1.005465269849e+00,-6.899595126820e-03,5.465269849060e-03,-6.899595126820e-03,0.880190817
5643000000.000000,after_l1_08_fixed_fir_plus_l1_09_allpass,1.004882589490e+00,-1.160742068307e-02,4.882589490427e-03,-1.160742068307e-02,1.259253331
5644000000.000000,after_l1_08_fixed_fir_plus_l1_09_allpass,1.005380222341e+00,-1.106982311271e-02,5.380222341353e-03,-1.106982311271e-02,1.230803706
5645000000.000000,after_l1_08_fixed_fir_plus_l1_09_allpass,1.006001048143e+00,-1.445206804930e-02,6.001048142830e-03,-1.445206804930e-02,1.564847755
5646000000.000000,after_l1_08_fixed_fir_plus_l1_09_allpass,1.004951803184e+00,-1.425042193370e-02,4.951803183599e-03,-1.425042193370e-02,1.508624804
5647000000.000000,after_l1_08_fixed_fir_plus_l1_09_allpass,1.006301125178e+00,-1.545558733234e-02,6.301125178251e-03,-1.545558733234e-02,1.669069676
5648000000.000000,after_l1_08_fixed_fir_plus_l1_09_allpass,1.004576295734e+00,-1.992220931620e-02,4.576295733589e-03,-1.992220931620e-02,2.044105933
5649000000.000000,after_l1_08_fixed_fir_plus_l1_09_allpass,1.005697524671e+00,-2.435935457486e-02,5.697524671215e-03,-2.435935457486e-02,2.501679321
5650000000.000000,after_l1_08_fixed_fir_plus_l1_09_allpass,1.005790039327e+00,-2.455183198045e-02,5.790039327061e-03,-2.455183198045e-02,2.522532476
5651000000.000000,after_l1_08_fixed_fir_plus_l1_09_allpass,1.005866053055e+00,-2.789484973664e-02,5.866053054634e-03,-2.789484973664e-02,2.850496834
5652000000.000000,after_l1_08_fixed_fir_plus_l1_09_allpass,1.004696547696e+00,-2.731030912050e-02,4.696547696095e-03,-2.731030912050e-02,2.771119890
5653000000.000000,after_l1_08_fixed_fir_plus_l1_09_allpass,1.005531008162e+00,-3.426627915893e-02,5.531008162214e-03,-3.426627915893e-02,3.470979600
5654000000.000000,after_l1_08_fixed_fir_plus_l1_09_allpass,1.005603930534e+00,-3.339384010740e-02,5.603930534026e-03,-3.339384010740e-02,3.386078254
5655000000.000000,after_l1_08_fixed_fir_plus_l1_09_allpass,1.005337739976e+00,-3.639500442788e-02,5.337739976257e-03,-3.639500442788e-02,3.678434199
5656000000.000000,after_l1_08_fixed_fir_plus_l1_09_allpass,1.003361835988e+00,-4.002064289822e-02,3.361835987560e-03,-4.002064289822e-02,4.016159607
5657000000.000000,after_l1_08_fixed_fir_plus_l1_09_allpass,1.003368278350e+00,-3.944974967117e-02,3.368278350140e-03,-3.944974967117e-02,3.959328287
5658000000.000000,after_l1_08_fixed_fir_plus_l1_09_allpass,1.004531620381e+00,-3.823495820656e-02,4.531620381281e-03,-3.823495820656e-02,3.850256631
5659000000.000000,after_l1_08_fixed_fir_plus_l1_09_allpass,1.004271469774e+00,-4.175126462296e-02,4.271469773730e-03,-4.175126462296e-02,4.196919765
5660000000.000000,after_l1_08_fixed_fir_plus_l1_09_allpass,1.003177226674e+00,-4.755680269843e-02,3.177226674379e-03,-4.755680269843e-02,4.766281834
5661000000.000000,after_l1_08_fixed_fir_plus_l1_09_allpass,1.003947183978e+00,-4.438987454359e-02,3.947183977681e-03,-4.438987454359e-02,4.456502242
5662000000.000000,after_l1_08_fixed_fir_plus_l1_09_allpass,1.003195130823e+00,-4.934833818844e-02,3.195130823478e-03,-4.934833818844e-02,4.945166674
5663000000.000000,after_l1_08_fixed_fir_plus_l1_09_allpass,1.002743646804e+00,-5.141542858257e-02,2.743646803886e-03,-5.141542858257e-02,5.148858023
5664000000.000000,after_l1_08_fixed_fir_plus_l1_09_allpass,1.003095384384e+00,-5.121654286682e-02,3.095384383646e-03,-5.121654286682e-02,5.130999579
5665000000.000000,after_l1_08_fixed_fir_plus_l1_09_allpass,1.002998806418e+00,-4.792478290772e-02,2.998806418184e-03,-4.792478290772e-02,4.801851369
5666000000.000000,after_l1_08_fixed_fir_plus_l1_09_allpass,1.001868229480e+00,-5.506990455790e-02,1.868229479706e-03,-5.506990455790e-02,5.510158500
5667000000.000000,after_l1_08_fixed_fir_plus_l1_09_allpass,1.002456908327e+00,-5.447325706780e-02,2.456908326913e-03,-5.447325706780e-02,5.452863591
5668000000.000000,after_l1_08_fixed_fir_plus_l1_09_allpass,1.001869586543e+00,-5.454544445316e-02,1.869586543262e-03,-5.454544445316e-02,5.457747580
5669000000.000000,after_l1_08_fixed_fir_plus_l1_09_allpass,1.002696959525e+00,-5.348605990189e-02,2.696959524543e-03,-5.348605990189e-02,5.355401194
5670000000.000000,after_l1_08_fixed_fir_plus_l1_09_allpass,1.002462782348e+00,-5.930950793147e-02,2.462782347636e-03,-5.930950793147e-02,5.936061849
5671000000.000000,after_l1_08_fixed_fir_plus_l1_09_allpass,1.002505816199e+00,-5.396019426349e-02,2.505816199293e-03,-5.396019426349e-02,5.401834577
5672000000.000000,after_l1_08_fixed_fir_plus_l1_09_allpass,1.002153703921e+00,-5.752706739309e-02,2.153703921068e-03,-5.752706739309e-02,5.756736856
5673000000.000000,after_l1_08_fixed_fir_plus_l1_09_allpass,1.002112360982e+00,-5.933183004189e-02,2.112360981785e-03,-5.933183004189e-02,5.936942079
5674000000.000000,after_l1_08_fixed_fir_plus_l1_09_allpass,1.002063444248e+00,-5.583314301377e-02,2.063444247675e-03,-5.583314301377e-02,5.587125970
5675000000.000000,after_l1_08_fixed_fir_plus_l1_09_allpass,1.003440168555e+00,-5.777938458933e-02,3.440168555497e-03,-5.777938458933e-02,5.788170733
5676000000.000000,after_l1_08_fixed_fir_plus_l1_09_allpass,1.002018283703e+00,-6.176630958074e-02,2.018283703134e-03,-6.176630958074e-02,6.179927563
5677000000.000000,after_l1_08_fixed_fir_plus_l1_09_allpass,1.001577162070e+00,-6.415141147275e-02,1.577162069850e-03,-6.415141147275e-02,6.417079580
5678000000.000000,after_l1_08_fixed_fir_plus_l1_09_allpass,1.002000945808e+00,-5.981397805662e-02,2.000945807820e-03,-5.981397805662e-02,5.984743733
5679000000.000000,after_l1_08_fixed_fir_plus_l1_09_allpass,1.002091664841e+00,-5.979746786613e-02,2.091664841365e-03,-5.979746786613e-02,5.983403902
5680000000.000000,after_l1_08_fixed_fir_plus_l1_09_allpass,1.000781745404e+00,-5.699678241604e-02,7.817454041241e-04,-5.699678241604e-02,5.700214322
5681000000.000000,after_l1_08_fixed_fir_plus_l1_09_allpass,1.001934020462e+00,-6.334897201224e-02,1.934020462083e-03,-6.334897201224e-02,6.337848760
5682000000.000000,after_l1_08_fixed_fir_plus_l1_09_allpass,1.001160589950e+00,-5.877952456150e-02,1.160589950393e-03,-5.877952456150e-02,5.879098125
5683000000.000000,after_l1_08_fixed_fir_plus_l1_09_allpass,1.000218742607e+00,-6.388428503309e-02,2.187426070450e-04,-6.388428503309e-02,6.388465952
5684000000.000000,after_l1_08_fixed_fir_plus_l1_09_allpass,1.000729898271e+00,-5.990823904686e-02,7.298982707817e-04,-5.990823904686e-02,5.991268528
5685000000.000000,after_l1_08_fixed_fir_plus_l1_09_allpass,1.001065842543e+00,-6.112732669411e-02,1.065842542586e-03,-6.112732669411e-02,6.113661823
5686000000.000000,after_l1_08_fixed_fir_plus_l1_09_allpass,1.001101219775e+00,-5.366134315648e-02,1.101219775171e-03,-5.366134315648e-02,5.367264140
5687000000.000000,after_l1_08_fixed_fir_plus_l1_09_allpass,1.000146045898e+00,-5.562044713968e-02,1.460458979725e-04,-5.562044713968e-02,5.562063888
5688000000.000000,after_l1_08_fixed_fir_plus_l1_09_allpass,1.001038602220e+00,-6.012014381200e-02,1.038602219783e-03,-6.012014381200e-02,6.012911430
5689000000.000000,after_l1_08_fixed_fir_plus_l1_09_allpass,9.998898479418e-01,-5.880987247121e-02,-1.101520582047e-04,-5.880987247121e-02,5.880997563
5690000000.000000,after_l1_08_fixed_fir_plus_l1_09_allpass,1.001835879365e+00,-5.908273498361e-02,1.835879364687e-03,-5.908273498361e-02,5.911125127
5691000000.000000,after_l1_08_fixed_fir_plus_l1_09_allpass,1.000435157471e+00,-6.368077476825e-02,4.351574705528e-04,-6.368077476825e-02,6.368226156
5692000000.000000,after_l1_08_fixed_fir_plus_l1_09_allpass,1.000627655992e+00,-5.788735519215e-02,6.276559922491e-04,-5.788735519215e-02,5.789075784
5693000000.000000,after_l1_08_fixed_fir_plus_l1_09_allpass,1.000410625454e+00,-5.712795865344e-02,4.106254538758e-04,-5.712795865344e-02,5.712943439
5694000000.000000,after_l1_08_fixed_fir_plus_l1_09_allpass,1.000541436930e+00,-5.904509806016e-02,5.414369295855e-04,-5.904509806016e-02,5.904758047
5695000000.000000,after_l1_08_fixed_fir_plus_l1_09_allpass,1.000782835442e+00,-5.732140995141e-02,7.828354424282e-04,-5.732140995141e-02,5.732675527
5696000000.000000,after_l1_08_fixed_fir_plus_l1_09_allpass,1.001375389759e+00,-5.327477647684e-02,1.375389759005e-03,-5.327477647684e-02,5.329252767
5697000000.000000,after_l1_08_fixed_fir_plus_l1_09_allpass,9.997442203524e-01,-5.767848282095e-02,-2.557796475878e-04,-5.767848282095e-02,5.767904996
5698000000.000000,after_l1_08_fixed_fir_plus_l1_09_allpass,1.000951425273e+00,-5.258930541772e-02,9.514252729921e-04,-5.258930541772e-02,5.259791112
5699000000.000000,after_l1_08_fixed_fir_plus_l1_09_allpass,1.002072277323e+00,-4.972885930762e-02,2.072277322927e-03,-4.972885930762e-02,4.977201806
5700000000.000000,after_l1_08_fixed_fir_plus_l1_09_allpass,9.999296241952e-01,-5.634924772352e-02,-7.037580478919e-05,-5.634924772352e-02,5.634929167
5701000000.000000,after_l1_08_fixed_fir_plus_l1_09_allpass,9.998516650396e-01,-4.985463661798e-02,-1.483349604035e-04,-4.985463661798e-02,4.985485729
5702000000.000000,after_l1_08_fixed_fir_plus_l1_09_allpass,1.000325876422e+00,-4.970740845043e-02,3.258764220611e-04,-4.970740845043e-02,4.970847664
5703000000.000000,after_l1_08_fixed_fir_plus_l1_09_allpass,1.001382354911e+00,-4.907728650172e-02,1.382354911219e-03,-4.907728650172e-02,4.909675097
5704000000.000000,after_l1_08_fixed_fir_plus_l1_09_allpass,1.000184392434e+00,-5.172218968172e-02,1.843924337419e-04,-5.172218968172e-02,5.172251837
5705000000.000000,after_l1_08_fixed_fir_plus_l1_09_allpass,1.000667851755e+00,-5.080808293692e-02,6.678517550072e-04,-5.080808293692e-02,5.081247207
5706000000.000000,after_l1_08_fixed_fir_plus_l1_09_allpass,1.001248407821e+00,-4.670739282966e-02,1.248407820570e-03,-4.670739282966e-02,4.672407374
5707000000.000000,after_l1_08_fixed_fir_plus_l1_09_allpass,9.998199126652e-01,-4.836454566980e-02,-1.800873348259e-04,-4.836454566980e-02,4.836488095
5708000000.000000,after_l1_08_fixed_fir_plus_l1_09_allpass,9.993455987656e-01,-4.842408788000e-02,-6.544012343670e-04,-4.842408788000e-02,4.842850945
5709000000.000000,after_l1_08_fixed_fir_plus_l1_09_allpass,1.000306904420e+00,-4.216900337527e-02,3.069044199886e-04,-4.216900337527e-02,4.217012018
5710000000.000000,after_l1_08_fixed_fir_plus_l1_09_allpass,1.000427780435e+00,-4.424663166958e-02,4.277804354618e-04,-4.424663166958e-02,4.424869953
5711000000.000000,after_l1_08_fixed_fir_plus_l1_09_allpass,9.996724296324e-01,-4.116087811262e-02,-3.275703676047e-04,-4.116087811262e-02,4.116218154
5712000000.000000,after_l1_08_fixed_fir_plus_l1_09_allpass,9.990482092920e-01,-3.470021525872e-02,-9.517907079868e-04,-3.470021525872e-02,3.471326612
5713000000.000000,after_l1_08_fixed_fir_plus_l1_09_allpass,1.001259491395e+00,-3.429644203001e-02,1.259491395206e-03,-3.429644203001e-02,3.431956081
5714000000.000000,after_l1_08_fixed_fir_plus_l1_09_allpass,1.000370170012e+00,-3.684694160639e-02,3.701700121632e-04,-3.684694160639e-02,3.684880095
5715000000.000000,after_l1_08_fixed_fir_plus_l1_09_allpass,9.995804480339e-01,-3.501521664069e-02,-4.195519660511e-04,-3.501521664069e-02,3.501773008
5716000000.000000,after_l1_08_fixed_fir_plus_l1_09_allpass,1.000801198293e+00,-2.845548635671e-02,8.011982931364e-04,-2.845548635671e-02,2.846676347
5717000000.000000,after_l1_08_fixed_fir_plus_l1_09_allpass,1.000000307964e+00,-3.285847443173e-02,3.079643116077e-07,-3.285847443173e-02,3.285847443
5718000000.000000,after_l1_08_fixed_fir_plus_l1_09_allpass,1.001083743907e+00,-3.066962470251e-02,1.083743906851e-03,-3.066962470251e-02,3.068876635
5719000000.000000,after_l1_08_fixed_fir_plus_l1_09_allpass,1.000731643773e+00,-2.784479885876e-02,7.316437729388e-04,-2.784479885876e-02,2.785440946
5720000000.000000,after_l1_08_fixed_fir_plus_l1_09_allpass,9.996540476255e-01,-2.881897567811e-02,-3.459523744656e-04,-2.881897567811e-02,2.882105207
5721000000.000000,after_l1_08_fixed_fir_plus_l1_09_allpass,1.001433546602e+00,-2.981459305864e-02,1.433546601989e-03,-2.981459305864e-02,2.984903709
5722000000.000000,after_l1_08_fixed_fir_plus_l1_09_allpass,1.001727545249e+00,-2.614540729514e-02,1.727545249328e-03,-2.614540729514e-02,2.620241850
5723000000.000000,after_l1_08_fixed_fir_plus_l1_09_allpass,1.002027854984e+00,-1.951956967155e-02,2.027854984363e-03,-1.951956967155e-02,1.962462219
5724000000.000000,after_l1_08_fixed_fir_plus_l1_09_allpass,1.000890573062e+00,-1.810104747631e-02,8.905730616913e-04,-1.810104747631e-02,1.812294237
5725000000.000000,after_l1_08_fixed_fir_plus_l1_09_allpass,1.000291430177e+00,-1.613946953668e-02,2.914301774355e-04,-1.613946953668e-02,1.614210050
5726000000.000000,after_l1_08_fixed_fir_plus_l1_09_allpass,9.998737039015e-01,-1.939811036293e-02,-1.262960984687e-04,-1.939811036293e-02,1.939852150
5727000000.000000,after_l1_08_fixed_fir_plus_l1_09_allpass,1.000343206728e+00,-1.725083576807e-02,3.432067281670e-04,-1.725083576807e-02,1.725424949
5728000000.000000,after_l1_08_fixed_fir_plus_l1_09_allpass,1.000262292546e+00,-1.569761954871e-02,2.622925456959e-04,-1.569761954871e-02,1.569981073
5729000000.000000,after_l1_08_fixed_fir_plus_l1_09_allpass,1.001012233097e+00,-1.099022892568e-02,1.012233096983e-03,-1.099022892568e-02,1.103674534
5730000000.000000,after_l1_08_fixed_fir_plus_l1_09_allpass,1.001394919710e+00,-1.111119377798e-02,1.394919710445e-03,-1.111119377798e-02,1.119841186
5731000000.000000,after_l1_08_fixed_fir_plus_l1_09_allpass,1.000896059385e+00,-1.011989803896e-02,8.960593850036e-04,-1.011989803896e-02,1.015949107
5732000000.000000,after_l1_08_fixed_fir_plus_l1_09_allpass,1.001890944763e+00,-2.189348538406e-03,1.890944763362e-03,-2.189348538406e-03,0.289290842
5733000000.000000,after_l1_08_fixed_fir_plus_l1_09_allpass,1.000479361142e+00,-1.101995101013e-02,4.793611424310e-04,-1.101995101013e-02,1.103037204
5734000000.000000,after_l1_08_fixed_fir_plus_l1_09_allpass,1.000645389208e+00,-5.114609722327e-03,6.453892084461e-04,-5.114609722327e-03,0.515516827
5735000000.000000,after_l1_08_fixed_fir_plus_l1_09_allpass,1.000304520031e+00,3.289492904397e-04,3.045200306351e-04,3.289492904397e-04,0.044826341
5736000000.000000,after_l1_08_fixed_fir_plus_l1_09_allpass,1.001389831905e+00,1.972653037996e-03,1.389831904852e-03,1.972653037996e-03,0.241308780
5737000000.000000,after_l1_08_fixed_fir_plus_l1_09_allpass,1.001534742477e+00,5.707912128814e-03,1.534742477470e-03,5.707912128814e-03,0.591064255
5738000000.000000,after_l1_08_fixed_fir_plus_l1_09_allpass,9.993026959948e-01,6.427694885563e-03,-6.973040052414e-04,6.427694885563e-03,0.646540752
5739000000.000000,after_l1_08_fixed_fir_plus_l1_09_allpass,1.001394628282e+00,9.002333995008e-03,1.394628282087e-03,9.002333995008e-03,0.910972038
5740000000.000000,after_l1_08_fixed_fir_plus_l1_09_allpass,1.000754481055e+00,7.585024808103e-03,7.544810554339e-04,7.585024808103e-03,0.762245649
5741000000.000000,after_l1_08_fixed_fir_plus_l1_09_allpass,1.000982831861e+00,1.098201319313e-02,9.828318605607e-04,1.098201319313e-02,1.102590460
5742000000.000000,after_l1_08_fixed_fir_plus_l1_09_allpass,1.000564216717e+00,1.431283948469e-02,5.642167172337e-04,1.431283948469e-02,1.432395597
5743000000.000000,after_l1_08_fixed_fir_plus_l1_09_allpass,1.000158874209e+00,1.528039000594e-02,1.588742085870e-04,1.528039000594e-02,1.528121591
5744000000.000000,after_l1_08_fixed_fir_plus_l1_09_allpass,1.000385838398e+00,1.753804646207e-02,3.858383975921e-04,1.753804646207e-02,1.754229019
5745000000.000000,after_l1_08_fixed_fir_plus_l1_09_allpass,1.000562863190e+00,2.327602347482e-02,5.628631896855e-04,2.327602347482e-02,2.328282809
5746000000.000000,after_l1_08_fixed_fir_plus_l1_09_allpass,1.001605531858e+00,2.706192854875e-02,1.605531858019e-03,2.706192854875e-02,2.710951326
5747000000.000000,after_l1_08_fixed_fir_plus_l1_09_allpass,9.999769398435e-01,2.717292207740e-02,-2.306015651377e-05,2.717292207740e-02,2.717293186
5748000000.000000,after_l1_08_fixed_fir_plus_l1_09_allpass,1.000072604727e+00,3.291759354163e-02,7.260472730164e-05,3.291759354163e-02,3.291767361
5749000000.000000,after_l1_08_fixed_fir_plus_l1_09_allpass,1.000426374903e+00,3.425385614113e-02,4.263749028597e-04,3.425385614113e-02,3.425650969
5750000000.000000,after_l1_08_fixed_fir_plus_l1_09_allpass,1.000229274682e+00,2.973920918682e-02,2.292746822312e-04,2.973920918682e-02,2.974009297
5751000000.000000,after_l1_08_fixed_fir_plus_l1_09_allpass,9.998978539130e-01,3.638963383009e-02,-1.021460870407e-04,3.638963383009e-02,3.638977719
5752000000.000000,after_l1_08_fixed_fir_plus_l1_09_allpass,1.001412737130e+00,3.856438302902e-02,1.412737130378e-03,3.856438302902e-02,3.859025090
5753000000.000000,after_l1_08_fixed_fir_plus_l1_09_allpass,1.000725074618e+00,4.297188146221e-02,7.250746181300e-04,4.297188146221e-02,4.297799820
5754000000.000000,after_l1_08_fixed_fir_plus_l1_09_allpass,9.998118213765e-01,4.597147826786e-02,-1.881786235302e-04,4.597147826786e-02,4.597186341
5755000000.000000,after_l1_08_fixed_fir_plus_l1_09_allpass,1.000707071420e+00,4.704571005085e-02,7.070714196162e-04,4.704571005085e-02,4.705102320
5756000000.000000,after_l1_08_fixed_fir_plus_l1_09_allpass,9.998951567843e-01,5.030636324791e-02,-1.048432157368e-04,5.030636324791e-02,5.030647250
5757000000.000000,after_l1_08_fixed_fir_plus_l1_09_allpass,9.998234490922e-01,5.256806505328e-02,-1.765509078205e-04,5.256806505328e-02,5.256836153
5758000000.000000,after_l1_08_fixed_fir_plus_l1_09_allpass,1.000147395018e+00,4.988426538757e-02,1.473950177167e-04,4.988426538757e-02,4.988448314
5759000000.000000,after_l1_08_fixed_fir_plus_l1_09_allpass,9.992314047131e-01,5.450040343650e-02,-7.685952868752e-04,5.450040343650e-02,5.450582275
5760000000.000000,after_l1_08_fixed_fir_plus_l1_09_allpass,1.000205430547e+00,5.936777115242e-02,2.054305466186e-04,5.936777115242e-02,5.936812658
5761000000.000000,after_l1_08_fixed_fir_plus_l1_09_allpass,1.000003988510e+00,6.159156348312e-02,3.988509922559e-06,6.159156348312e-02,6.159156361
5762000000.000000,after_l1_08_fixed_fir_plus_l1_09_allpass,1.000098357735e+00,5.778564781998e-02,9.835773476863e-05,5.778564781998e-02,5.778573153
5763000000.000000,after_l1_08_fixed_fir_plus_l1_09_allpass,9.984443054072e-01,6.929383399026e-02,-1.555694592830e-03,6.929383399026e-02,6.931129500
5764000000.000000,after_l1_08_fixed_fir_plus_l1_09_allpass,1.000046260555e+00,6.686602126798e-02,4.626055469248e-05,6.686602126798e-02,6.686603727
5765000000.000000,after_l1_08_fixed_fir_plus_l1_09_allpass,1.000190900304e+00,7.277256371679e-02,1.909003036449e-04,7.277256371679e-02,7.277281411
5766000000.000000,after_l1_08_fixed_fir_plus_l1_09_allpass,9.989446157452e-01,7.452560220592e-02,-1.055384254752e-03,7.452560220592e-02,7.453307467
5767000000.000000,after_l1_08_fixed_fir_plus_l1_09_allpass,9.991614979900e-01,7.361342055060e-02,-8.385020100093e-04,7.361342055060e-02,7.361819592
5768000000.000000,after_l1_08_fixed_fir_plus_l1_09_allpass,9.999509833486e-01,7.258685960920e-02,-4.901665137313e-05,7.258685960920e-02,7.258687616
5769000000.000000,after_l1_08_fixed_fir_plus_l1_09_allpass,9.990200431156e-01,7.867391165307e-02,-9.799568844229e-04,7.867391165307e-02,7.868001455
5770000000.000000,after_l1_08_fixed_fir_plus_l1_09_allpass,1.000021903807e+00,7.922211078453e-02,2.190380656120e-05,7.922211078453e-02,7.922211381
5771000000.000000,after_l1_08_fixed_fir_plus_l1_09_allpass,9.994797088238e-01,7.910360787398e-02,-5.202911762042e-04,7.910360787398e-02,7.910531892
5772000000.000000,after_l1_08_fixed_fir_plus_l1_09_allpass,9.988083175714e-01,8.152322260824e-02,-1.191682428592e-03,8.152322260824e-02,8.153193197
5773000000.000000,after_l1_08_fixed_fir_plus_l1_09_allpass,9.998850661681e-01,8.552221149698e-02,-1.149338319096e-04,8.552221149698e-02,8.552228873
5774000000.000000,after_l1_08_fixed_fir_plus_l1_09_allpass,9.990988678946e-01,8.500128827344e-02,-9.011321054437e-04,8.500128827344e-02,8.500606477
5775000000.000000,after_l1_08_fixed_fir_plus_l1_09_allpass,9.973874235740e-01,8.350832145249e-02,-2.612576425988e-03,8.350832145249e-02,8.354917897
5776000000.000000,after_l1_08_fixed_fir_plus_l1_09_allpass,9.986235105165e-01,8.517322036346e-02,-1.376489483535e-03,8.517322036346e-02,8.518434240
5777000000.000000,after_l1_08_fixed_fir_plus_l1_09_allpass,9.985441348088e-01,8.722320790212e-02,-1.455865191229e-03,8.722320790212e-02,8.723535717
5778000000.000000,after_l1_08_fixed_fir_plus_l1_09_allpass,9.984506774201e-01,8.904210555947e-02,-1.549322579873e-03,8.904210555947e-02,8.905558356
5779000000.000000,after_l1_08_fixed_fir_plus_l1_09_allpass,9.983376666945e-01,8.892047497128e-02,-1.662333305526e-03,8.892047497128e-02,8.893601195
5780000000.000000,after_l1_08_fixed_fir_plus_l1_09_allpass,1.000062513642e+00,9.258751337497e-02,6.251364197030e-05,9.258751337497e-02,9.258753448
5781000000.000000,after_l1_08_fixed_fir_plus_l1_09_allpass,9.996447114739e-01,9.000433928146e-02,-3.552885261056e-04,9.000433928146e-02,9.000504052
5782000000.000000,after_l1_08_fixed_fir_plus_l1_09_allpass,9.990457713664e-01,9.075894121852e-02,-9.542286336455e-04,9.075894121852e-02,9.076395740
5783000000.000000,after_l1_08_fixed_fir_plus_l1_09_allpass,9.992243731173e-01,8.677451871348e-02,-7.756268827057e-04,8.677451871348e-02,8.677798508
5784000000.000000,after_l1_08_fixed_fir_plus_l1_09_allpass,9.980788619150e-01,9.159131894040e-02,-1.921138084983e-03,9.159131894040e-02,9.161146477
5785000000.000000,after_l1_08_fixed_fir_plus_l1_09_allpass,9.990894853531e-01,9.385415846941e-02,-9.105146468724e-04,9.385415846941e-02,9.385857499
5786000000.000000,after_l1_08_fixed_fir_plus_l1_09_allpass,9.990391912072e-01,9.044114829116e-02,-9.608087928262e-04,9.044114829116e-02,9.044625176
5787000000.000000,after_l1_08_fixed_fir_plus_l1_09_allpass,9.994122199641e-01,8.864007906102e-02,-5.877800358632e-04,8.864007906102e-02,8.864202785
5788000000.000000,after_l1_08_fixed_fir_plus_l1_09_allpass,9.998413882747e-01,9.068550919011e-02,-1.586117252830e-04,9.068550919011e-02,9.068564790
5789000000.000000,after_l1_08_fixed_fir_plus_l1_09_allpass,9.986914965765e-01,9.276078310092e-02,-1.308503423529e-03,9.276078310092e-02,9.277001166
5790000000.000000,after_l1_08_fixed_fir_plus_l1_09_allpass,9.993933392789e-01,9.362988372716e-02,-6.066607211330e-04,9.362988372716e-02,9.363184909
5791000000.000000,after_l1_08_fixed_fir_plus_l1_09_allpass,9.988226841758e-01,9.219369095164e-02,-1.177315824169e-03,9.219369095164e-02,9.220120782
5792000000.000000,after_l1_08_fixed_fir_plus_l1_09_allpass,9.985411650543e-01,9.855088093149e-02,-1.458834945740e-03,9.855088093149e-02,9.856167781
5793000000.000000,after_l1_08_fixed_fir_plus_l1_09_allpass,1.000571464196e+00,9.126703979985e-02,5.714641961898e-04,9.126703979985e-02,9.126882888
5794000000.000000,after_l1_08_fixed_fir_plus_l1_09_allpass,9.976791702661e-01,9.342678135915e-02,-2.320829733886e-03,9.342678135915e-02,9.345560297
5795000000.000000,after_l1_08_fixed_fir_plus_l1_09_allpass,9.999785644527e-01,8.786446910292e-02,-2.143554727663e-05,8.786446910292e-02,8.786447172
5796000000.000000,after_l1_08_fixed_fir_plus_l1_09_allpass,9.995715578799e-01,9.232078899923e-02,-4.284421201387e-04,9.232078899923e-02,9.232178315
5797000000.000000,after_l1_08_fixed_fir_plus_l1_09_allpass,9.999486916572e-01,8.970187802505e-02,-5.130834284450e-05,8.970187802505e-02,8.970189270
5798000000.000000,after_l1_08_fixed_fir_plus_l1_09_allpass,9.995123301777e-01,8.832364699765e-02,-4.876698223232e-04,8.832364699765e-02,8.832499330
5799000000.000000,after_l1_08_fixed_fir_plus_l1_09_allpass,1.000747862376e+00,8.589282423304e-02,7.478623761559e-04,8.589282423304e-02,8.589607996
5800000000.000000,after_l1_08_fixed_fir_plus_l1_09_allpass,1.000621189949e+00,8.225728371077e-02,6.211899490018e-04,8.225728371077e-02,8.225962923
5801000000.000000,after_l1_08_fixed_fir_plus_l1_09_allpass,1.000561971771e+00,8.064779448202e-02,5.619717708789e-04,8.064779448202e-02,8.064975243
5802000000.000000,after_l1_08_fixed_fir_plus_l1_09_allpass,1.001578379534e+00,7.807794719770e-02,1.578379533907e-03,7.807794719770e-02,7.809389938
5803000000.000000,after_l1_08_fixed_fir_plus_l1_09_allpass,1.001446962774e+00,7.969825886515e-02,1.446962774258e-03,7.969825886515e-02,7.971139296
5804000000.000000,after_l1_08_fixed_fir_plus_l1_09_allpass,1.001252366132e+00,7.798912398135e-02,1.252366132255e-03,7.798912398135e-02,7.799917872
5805000000.000000,after_l1_08_fixed_fir_plus_l1_09_allpass,1.002107082885e+00,7.453993978068e-02,2.107082884577e-03,7.453993978068e-02,7.456971517
5806000000.000000,after_l1_08_fixed_fir_plus_l1_09_allpass,1.001541739939e+00,6.948835670612e-02,1.541739938700e-03,6.948835670612e-02,6.950545791
5807000000.000000,after_l1_08_fixed_fir_plus_l1_09_allpass,1.002635596115e+00,7.115563205808e-02,2.635596114827e-03,7.115563205808e-02,7.120442641
5808000000.000000,after_l1_08_fixed_fir_plus_l1_09_allpass,1.002547240644e+00,6.244053187857e-02,2.547240643705e-03,6.244053187857e-02,6.249246720
5809000000.000000,after_l1_08_fixed_fir_plus_l1_09_allpass,1.001497710536e+00,6.727001988519e-02,1.497710536476e-03,6.727001988519e-02,6.728669045
5810000000.000000,after_l1_08_fixed_fir_plus_l1_09_allpass,1.002519335244e+00,6.307582847276e-02,2.519335244385e-03,6.307582847276e-02,6.312612128
5811000000.000000,after_l1_08_fixed_fir_plus_l1_09_allpass,1.002265449253e+00,6.004025450981e-02,2.265449253377e-03,6.004025450981e-02,6.008297947
5812000000.000000,after_l1_08_fixed_fir_plus_l1_09_allpass,1.002757718668e+00,5.604133885478e-02,2.757718668140e-03,5.604133885478e-02,5.610914964
5813000000.000000,after_l1_08_fixed_fir_plus_l1_09_allpass,1.002507882923e+00,5.806861218823e-02,2.507882923355e-03,5.806861218823e-02,5.812274252
5814000000.000000,after_l1_08_fixed_fir_plus_l1_09_allpass,1.003533263870e+00,5.643329404653e-02,3.533263870116e-03,5.643329404653e-02,5.654379392
5815000000.000000,after_l1_08_fixed_fir_plus_l1_09_allpass,1.004761772307e+00,4.675742453024e-02,4.761772306951e-03,4.675742453024e-02,4.699926834
5816000000.000000,after_l1_08_fixed_fir_plus_l1_09_allpass,1.003715622558e+00,4.754642702048e-02,3.715622558270e-03,4.754642702048e-02,4.769138888
5817000000.000000,after_l1_08_fixed_fir_plus_l1_09_allpass,1.004150530628e+00,4.267823814206e-02,4.150530628440e-03,4.267823814206e-02,4.287958623
5818000000.000000,after_l1_08_fixed_fir_plus_l1_09_allpass,1.004160718838e+00,3.693896613758e-02,4.160718837976e-03,3.693896613758e-02,3.717255440
5819000000.000000,after_l1_08_fixed_fir_plus_l1_09_allpass,1.004338626278e+00,3.322942014881e-02,4.338626278331e-03,3.322942014881e-02,3.351146134
5820000000.000000,after_l1_08_fixed_fir_plus_l1_09_allpass,1.005341403413e+00,3.192772788279e-02,5.341403413163e-03,3.192772788279e-02,3.237144418
5821000000.000000,after_l1_08_fixed_fir_plus_l1_09_allpass,1.006249093948e+00,2.023826516612e-02,6.249093948355e-03,2.023826516612e-02,2.118108949
5822000000.000000,after_l1_08_fixed_fir_plus_l1_09_allpass,1.004410244576e+00,2.281108281073e-02,4.410244576135e-03,2.281108281073e-02,2.323350504
5823000000.000000,after_l1_08_fixed_fir_plus_l1_09_allpass,1.004336099657e+00,1.913097178468e-02,4.336099656522e-03,1.913097178468e-02,1.961621374
5824000000.000000,after_l1_08_fixed_fir_plus_l1_09_allpass,1.006098302042e+00,1.714437666668e-02,6.098302041733e-03,1.714437666668e-02,1.819667385
5825000000.000000,after_l1_08_fixed_fir_plus_l1_09_allpass,1.005803180852e+00,1.896351666561e-02,5.803180852391e-03,1.896351666561e-02,1.983158774
5826000000.000000,after_l1_08_fixed_fir_plus_l1_09_allpass,1.005333557457e+00,1.368353504353e-02,5.333557456961e-03,1.368353504353e-02,1.468625093
5827000000.000000,after_l1_08_fixed_fir_plus_l1_09_allpass,1.005086373014e+00,5.169249442284e-03,5.086373013945e-03,5.169249442284e-03,0.725205697
5828000000.000000,after_l1_08_fixed_fir_plus_l1_09_allpass,1.006850244101e+00,5.156031607020e-03,6.850244100798e-03,5.156031607020e-03,0.857382681
5829000000.000000,after_l1_08_fixed_fir_plus_l1_09_allpass,1.007474430298e+00,-2.161154826573e-03,7.474430297737e-03,-2.161154826573e-03,0.778059756
5830000000.000000,after_l1_08_fixed_fir_plus_l1_09_allpass,1.004959921861e+00,-5.370788058394e-03,4.959921860620e-03,-5.370788058394e-03,0.731069007
5831000000.000000,after_l1_08_fixed_fir_plus_l1_09_allpass,1.005418946889e+00,-5.999998646676e-03,5.418946889187e-03,-5.999998646676e-03,0.808486049
5832000000.000000,after_l1_08_fixed_fir_plus_l1_09_allpass,1.005898685068e+00,-7.008982373050e-03,5.898685067729e-03,-7.008982373050e-03,0.916080343
5833000000.000000,after_l1_08_fixed_fir_plus_l1_09_allpass,1.006582698847e+00,-1.275223017879e-02,6.582698847429e-03,-1.275223017879e-02,1.435100340
5834000000.000000,after_l1_08_fixed_fir_plus_l1_09_allpass,1.005587957085e+00,-1.748090590870e-02,5.587957084687e-03,-1.748090590870e-02,1.835231146
5835000000.000000,after_l1_08_fixed_fir_plus_l1_09_allpass,1.005609132049e+00,-1.775660172287e-02,5.609132048617e-03,-1.775660172287e-02,1.862147328
5836000000.000000,after_l1_08_fixed_fir_plus_l1_09_allpass,1.005551685281e+00,-2.580279351110e-02,5.551685280537e-03,-2.580279351110e-02,2.639328252
5837000000.000000,after_l1_08_fixed_fir_plus_l1_09_allpass,1.005431651646e+00,-2.660404006589e-02,5.431651646133e-03,-2.660404006589e-02,2.715285965
5838000000.000000,after_l1_08_fixed_fir_plus_l1_09_allpass,1.005581331548e+00,-3.378857455065e-02,5.581331548306e-03,-3.378857455065e-02,3.424644554
5839000000.000000,after_l1_08_fixed_fir_plus_l1_09_allpass,1.005691809190e+00,-3.538809128685e-02,5.691809190232e-03,-3.538809128685e-02,3.584290302
5840000000.000000,after_l1_08_fixed_fir_plus_l1_09_allpass,1.004413378996e+00,-3.954765671914e-02,4.413378995605e-03,-3.954765671914e-02,3.979315351
5841000000.000000,after_l1_08_fixed_fir_plus_l1_09_allpass,1.006451891819e+00,-3.603170241185e-02,6.451891819234e-03,-3.603170241185e-02,3.660478776
5842000000.000000,after_l1_08_fixed_fir_plus_l1_09_allpass,1.005664183958e+00,-4.723679268756e-02,5.664183958243e-03,-4.723679268756e-02,4.757517802
5843000000.000000,after_l1_08_fixed_fir_plus_l1_09_allpass,1.004729721953e+00,-5.076505741205e-02,4.729721953303e-03,-5.076505741205e-02,5.098491271
5844000000.000000,after_l1_08_fixed_fir_plus_l1_09_allpass,1.004515018070e+00,-5.223256950787e-02,4.515018069882e-03,-5.223256950787e-02,5.242734692
5845000000.000000,after_l1_08_fixed_fir_plus_l1_09_allpass,1.004313409120e+00,-5.585996876820e-02,4.313409119658e-03,-5.585996876820e-02,5.602625821
5846000000.000000,after_l1_08_fixed_fir_plus_l1_09_allpass,1.005478947526e+00,-5.632563550007e-02,5.478947525962e-03,-5.632563550007e-02,5.659148417
5847000000.000000,after_l1_08_fixed_fir_plus_l1_09_allpass,1.004718419757e+00,-5.854083065891e-02,4.718419756796e-03,-5.854083065891e-02,5.873067630
5848000000.000000,after_l1_08_fixed_fir_plus_l1_09_allpass,1.003588796813e+00,-6.470299192903e-02,3.588796813368e-03,-6.470299192903e-02,6.480244306
5849000000.000000,after_l1_08_fixed_fir_plus_l1_09_allpass,1.004060356272e+00,-6.746421775491e-02,4.060356272253e-03,-6.746421775491e-02,6.758629425
5850000000.000000,after_l1_08_fixed_fir_plus_l1_09_allpass,1.003930349750e+00,-6.943348011815e-02,3.930349750280e-03,-6.943348011815e-02,6.954463179
5851000000.000000,after_l1_08_fixed_fir_plus_l1_09_allpass,1.004370019905e+00,-7.166464801153e-02,4.370019904790e-03,-7.166464801153e-02,7.179776353
5852000000.000000,after_l1_08_fixed_fir_plus_l1_09_allpass,1.004265652488e+00,-7.454605785109e-02,4.265652487727e-03,-7.454605785109e-02,7.466800206
5853000000.000000,after_l1_08_fixed_fir_plus_l1_09_allpass,1.004804136409e+00,-7.906887536063e-02,4.804136409389e-03,-7.906887536063e-02,7.921468789
5854000000.000000,after_l1_08_fixed_fir_plus_l1_09_allpass,1.002286581624e+00,-8.421768838716e-02,2.286581623709e-03,-8.421768838716e-02,8.424872398
5855000000.000000,after_l1_08_fixed_fir_plus_l1_09_allpass,1.004011122479e+00,-8.603144580926e-02,4.011122478831e-03,-8.603144580926e-02,8.612490216
5856000000.000000,after_l1_08_fixed_fir_plus_l1_09_allpass,1.002578615390e+00,-8.488887102753e-02,2.578615390345e-03,-8.488887102753e-02,8.492802648
5857000000.000000,after_l1_08_fixed_fir_plus_l1_09_allpass,1.002006678013e+00,-8.787726052751e-02,2.006678013320e-03,-8.787726052751e-02,8.790016880
5858000000.000000,after_l1_08_fixed_fir_plus_l1_09_allpass,1.002343051805e+00,-8.691497937722e-02,2.343051805128e-03,-8.691497937722e-02,8.694655561
5859000000.000000,after_l1_08_fixed_fir_plus_l1_09_allpass,1.000868482374e+00,-9.564500746877e-02,8.684823744867e-04,-9.564500746877e-02,9.564895041
5860000000.000000,after_l1_08_fixed_fir_plus_l1_09_allpass,1.001883490750e+00,-9.114747180755e-02,1.883490749913e-03,-9.114747180755e-02,9.116693016
5861000000.000000,after_l1_08_fixed_fir_plus_l1_09_allpass,1.001899519403e+00,-9.417147932745e-02,1.899519403230e-03,-9.417147932745e-02,9.419063485
5862000000.000000,after_l1_08_fixed_fir_plus_l1_09_allpass,1.001594962234e+00,-9.736168848806e-02,1.594962234203e-03,-9.736168848806e-02,9.737475181
5863000000.000000,after_l1_08_fixed_fir_plus_l1_09_allpass,9.996780277596e-01,-9.919214550626e-02,-3.219722403748e-04,-9.919214550626e-02,9.919266806
5864000000.000000,after_l1_08_fixed_fir_plus_l1_09_allpass,1.000883347073e+00,-9.978633109970e-02,8.833470734355e-04,-9.978633109970e-02,9.979024089
5865000000.000000,after_l1_08_fixed_fir_plus_l1_09_allpass,1.000625166939e+00,-1.000301690679e-01,6.251669389825e-04,-1.000301690679e-01,10.003212263
5866000000.000000,after_l1_08_fixed_fir_plus_l1_09_allpass,1.002480842246e+00,-1.017143067190e-01,2.480842246432e-03,-1.017143067190e-01,10.174455646
5867000000.000000,after_l1_08_fixed_fir_plus_l1_09_allpass,9.994897750123e-01,-1.049378295760e-01,-5.102249877230e-04,-1.049378295760e-01,10.493906997
5868000000.000000,after_l1_08_fixed_fir_plus_l1_09_allpass,1.001318453516e+00,-1.036253682833e-01,1.318453516252e-03,-1.036253682833e-01,10.363375546
5869000000.000000,after_l1_08_fixed_fir_plus_l1_09_allpass,1.001376159061e+00,-1.043546148887e-01,1.376159060734e-03,-1.043546148887e-01,10.436368843
5870000000.000000,after_l1_08_fixed_fir_plus_l1_09_allpass,1.000537738235e+00,-1.029455423319e-01,5.377382353806e-04,-1.029455423319e-01,10.294694677
5871000000.000000,after_l1_08_fixed_fir_plus_l1_09_allpass,9.985071929630e-01,-1.076517487031e-01,-1.492807037026e-03,-1.076517487031e-01,10.766209858
5872000000.000000,after_l1_08_fixed_fir_plus_l1_09_allpass,9.992120731415e-01,-1.065977629726e-01,-7.879268584539e-04,-1.065977629726e-01,10.660067495
5873000000.000000,after_l1_08_fixed_fir_plus_l1_09_allpass,1.000379060067e+00,-1.046051987906e-01,3.790600666851e-04,-1.046051987906e-01,10.460588559
5874000000.000000,after_l1_08_fixed_fir_plus_l1_09_allpass,9.992679551939e-01,-1.083104298112e-01,-7.320448060950e-04,-1.083104298112e-01,10.831290364
5875000000.000000,after_l1_08_fixed_fir_plus_l1_09_allpass,9.993648662283e-01,-1.062013982373e-01,-6.351337716939e-04,-1.062013982373e-01,10.620329742
5876000000.000000,after_l1_08_fixed_fir_plus_l1_09_allpass,9.993795733111e-01,-1.081262505098e-01,-6.204266888588e-04,-1.081262505098e-01,10.812803049
5877000000.000000,after_l1_08_fixed_fir_plus_l1_09_allpass,1.000105011866e+00,-1.033615036158e-01,1.050118656964e-04,-1.033615036158e-01,10.336155696
5878000000.000000,after_l1_08_fixed_fir_plus_l1_09_allpass,9.989758403415e-01,-1.062588724411e-01,-1.024159658528e-03,-1.062588724411e-01,10.626380793
5879000000.000000,after_l1_08_fixed_fir_plus_l1_09_allpass,1.000003339602e+00,-1.024154247522e-01,3.339602301589e-06,-1.024154247522e-01,10.241542481
5880000000.000000,after_l1_08_fixed_fir_plus_l1_09_allpass,9.994595272410e-01,-1.035887956699e-01,-5.404727589786e-04,-1.035887956699e-01,10.359020561
5881000000.000000,after_l1_08_fixed_fir_plus_l1_09_allpass,9.994928104173e-01,-1.075076673849e-01,-5.071895827204e-04,-1.075076673849e-01,10.750886376
5882000000.000000,after_l1_08_fixed_fir_plus_l1_09_allpass,9.995097124947e-01,-1.038024611480e-01,-4.902875052970e-04,-1.038024611480e-01,10.380361902
5883000000.000000,after_l1_08_fixed_fir_plus_l1_09_allpass,9.990587626916e-01,-1.043928386436e-01,-9.412373083899e-04,-1.043928386436e-01,10.439708180
5884000000.000000,after_l1_08_fixed_fir_plus_l1_09_allpass,1.000325622059e+00,-9.903902273097e-02,3.256220592045e-04,-9.903902273097e-02,9.903955802
5885000000.000000,after_l1_08_fixed_fir_plus_l1_09_allpass,1.000185160549e+00,-9.781252985249e-02,1.851605487206e-04,-9.781252985249e-02,9.781270511
5886000000.000000,after_l1_08_fixed_fir_plus_l1_09_allpass,9.994500901807e-01,-9.858237833069e-02,-5.499098192563e-04,-9.858237833069e-02,9.858391207
5887000000.000000,after_l1_08_fixed_fir_plus_l1_09_allpass,1.000585330168e+00,-1.001601486473e-01,5.853301676135e-04,-1.001601486473e-01,10.016185895
5888000000.000000,after_l1_08_fixed_fir_plus_l1_09_allpass,1.000867586143e+00,-9.669956061805e-02,8.675861430494e-04,-9.669956061805e-02,9.670345252
5889000000.000000,after_l1_08_fixed_fir_plus_l1_09_allpass,1.001329093355e+00,-9.337324525415e-02,1.329093354643e-03,-9.337324525415e-02,9.338270406
5890000000.000000,after_l1_08_fixed_fir_plus_l1_09_allpass,9.990268174601e-01,-9.686908428162e-02,-9.731825398712e-04,-9.686908428162e-02,9.687397263
5891000000.000000,after_l1_08_fixed_fir_plus_l1_09_allpass,9.998521169828e-01,-9.256060437833e-02,-1.478830172397e-04,-9.256060437833e-02,9.256072251
5892000000.000000,after_l1_08_fixed_fir_plus_l1_09_allpass,9.997898965090e-01,-9.176972143646e-02,-2.101034910342e-04,-9.176972143646e-02,9.176996195
5893000000.000000,after_l1_08_fixed_fir_plus_l1_09_allpass,9.988968489846e-01,-9.157352205358e-02,-1.103151015387e-03,-9.157352205358e-02,9.158016643
5894000000.000000,after_l1_08_fixed_fir_plus_l1_09_allpass,1.000201809152e+00,-8.766230962420e-02,2.018091523401e-04,-8.766230962420e-02,8.766254192
5895000000.000000,after_l1_08_fixed_fir_plus_l1_09_allpass,1.000645888787e+00,-8.853785887839e-02,6.458887869369e-04,-8.853785887839e-02,8.854021475
5896000000.000000,after_l1_08_fixed_fir_plus_l1_09_allpass,1.000430488531e+00,-8.130804072933e-02,4.304885307518e-04,-8.130804072933e-02,8.130918034
5897000000.000000,after_l1_08_fixed_fir_plus_l1_09_allpass,9.999867647787e-01,-7.986368794753e-02,-1.323522125751e-05,-7.986368794753e-02,7.986368904
5898000000.000000,after_l1_08_fixed_fir_plus_l1_09_allpass,1.001285909884e+00,-8.304214200171e-02,1.285909883660e-03,-8.304214200171e-02,8.305209758
5899000000.000000,after_l1_08_fixed_fir_plus_l1_09_allpass,1.000874225623e+00,-7.987514759605e-02,8.742256230241e-04,-7.987514759605e-02,7.987993161
5900000000.000000,after_l1_08_fixed_fir_plus_l1_09_allpass,1.000051017804e+00,-7.238947602243e-02,5.101780366434e-05,-7.238947602243e-02,7.238949400
5901000000.000000,after_l1_08_fixed_fir_plus_l1_09_allpass,1.001448741040e+00,-6.983262335671e-02,1.448741039501e-03,-6.983262335671e-02,6.984764946
5902000000.000000,after_l1_08_fixed_fir_plus_l1_09_allpass,1.001075752811e+00,-6.765941940950e-02,1.075752811270e-03,-6.765941940950e-02,6.766797085
5903000000.000000,after_l1_08_fixed_fir_plus_l1_09_allpass,1.001395991748e+00,-6.640293756190e-02,1.395991748473e-03,-6.640293756190e-02,6.641760994
5904000000.000000,after_l1_08_fixed_fir_plus_l1_09_allpass,1.002472552182e+00,-6.405297983686e-02,2.472552181974e-03,-6.405297983686e-02,6.410068440
5905000000.000000,after_l1_08_fixed_fir_plus_l1_09_allpass,1.001044963872e+00,-6.279293951624e-02,1.044963872318e-03,-6.279293951624e-02,6.280163376
5906000000.000000,after_l1_08_fixed_fir_plus_l1_09_allpass,9.999868304950e-01,-5.840371550954e-02,-1.316950497776e-05,-5.840371550954e-02,5.840371699
5907000000.000000,after_l1_08_fixed_fir_plus_l1_09_allpass,1.002457232842e+00,-5.637194963048e-02,2.457232841994e-03,-5.637194963048e-02,5.642547916
5908000000.000000,after_l1_08_fixed_fir_plus_l1_09_allpass,1.001356398572e+00,-5.189205483255e-02,1.356398572492e-03,-5.189205483255e-02,5.190977915
5909000000.000000,after_l1_08_fixed_fir_plus_l1_09_allpass,1.001459383121e+00,-4.957565394646e-02,1.459383120782e-03,-4.957565394646e-02,4.959712959
5910000000.000000,after_l1_08_fixed_fir_plus_l1_09_allpass,1.001673425413e+00,-4.989552987660e-02,1.673425412956e-03,-4.989552987660e-02,4.992358415
5911000000.000000,after_l1_08_fixed_fir_plus_l1_09_allpass,1.002051158607e+00,-4.575815568494e-02,2.051158606843e-03,-4.575815568494e-02,4.580410531
5912000000.000000,after_l1_08_fixed_fir_plus_l1_09_allpass,1.002707122079e+00,-4.205877115460e-02,2.707122078938e-03,-4.205877115460e-02,4.214580336
5913000000.000000,after_l1_08_fixed_fir_plus_l1_09_allpass,1.002244906793e+00,-4.081351468627e-02,2.244906792892e-03,-4.081351468627e-02,4.087520749
5914000000.000000,after_l1_08_fixed_fir_plus_l1_09_allpass,1.002753848222e+00,-3.577180108422e-02,2.753848222112e-03,-3.577180108422e-02,3.587764531
5915000000.000000,after_l1_08_fixed_fir_plus_l1_09_allpass,1.001917314708e+00,-3.542673979414e-02,1.917314708183e-03,-3.542673979414e-02,3.547858492
5916000000.000000,after_l1_08_fixed_fir_plus_l1_09_allpass,1.001782331342e+00,-3.038080665998e-02,1.782331341962e-03,-3.038080665998e-02,3.043304320
5917000000.000000,after_l1_08_fixed_fir_plus_l1_09_allpass,1.001972461297e+00,-2.551044343639e-02,1.972461297060e-03,-2.551044343639e-02,2.558658492
5918000000.000000,after_l1_08_fixed_fir_plus_l1_09_allpass,1.001978317992e+00,-2.303474013815e-02,1.978317991935e-03,-2.303474013815e-02,2.311953709
5919000000.000000,after_l1_08_fixed_fir_plus_l1_09_allpass,1.002259777051e+00,-2.054114098049e-02,2.259777051393e-03,-2.054114098049e-02,2.066506872
5920000000.000000,after_l1_08_fixed_fir_plus_l1_09_allpass,1.003725072275e+00,-1.678922169251e-02,3.725072275017e-03,-1.678922169251e-02,1.719750355
5921000000.000000,after_l1_08_fixed_fir_plus_l1_09_allpass,1.002418349265e+00,-1.996959656886e-02,2.418349265297e-03,-1.996959656886e-02,2.011549652
5922000000.000000,after_l1_08_fixed_fir_plus_l1_09_allpass,1.001621434438e+00,-1.160296907452e-02,1.621434438057e-03,-1.160296907452e-02,1.171571342
5923000000.000000,after_l1_08_fixed_fir_plus_l1_09_allpass,1.002499369420e+00,-1.130733151518e-02,2.499369420156e-03,-1.130733151518e-02,1.158026742
5924000000.000000,after_l1_08_fixed_fir_plus_l1_09_allpass,1.001588468602e+00,-6.986579509086e-03,1.588468601987e-03,-6.986579509086e-03,0.716488142
5925000000.000000,after_l1_08_fixed_fir_plus_l1_09_allpass,1.002285289968e+00,-6.809794034476e-03,2.285289968059e-03,-6.809794034476e-03,0.718302478
5926000000.000000,after_l1_08_fixed_fir_plus_l1_09_allpass,1.002092966707e+00,-1.134390446212e-03,2.092966706886e-03,-1.134390446212e-03,0.238061994
5927000000.000000,after_l1_08_fixed_fir_plus_l1_09_allpass,1.002178279288e+00,-8.168287543561e-05,2.178279288040e-03,-8.168287543561e-05,0.217981026
5928000000.000000,after_l1_08_fixed_fir_plus_l1_09_allpass,1.000693991494e+00,4.589567656421e-03,6.939914937023e-04,4.589567656421e-03,0.464174056
5929000000.000000,after_l1_08_fixed_fir_plus_l1_09_allpass,1.001835633991e+00,1.003443786675e-02,1.835633991414e-03,1.003443786675e-02,1.020095561
5930000000.000000,after_l1_08_fixed_fir_plus_l1_09_allpass,1.001905771195e+00,1.093766081116e-02,1.905771195496e-03,1.093766081116e-02,1.110244963
5931000000.000000,after_l1_08_fixed_fir_plus_l1_09_allpass,1.001861225617e+00,1.452371671661e-02,1.861225617397e-03,1.452371671661e-02,1.464248982
5932000000.000000,after_l1_08_fixed_fir_plus_l1_09_allpass,1.001617050610e+00,2.185528073650e-02,1.617050610230e-03,2.185528073650e-02,2.191502108
5933000000.000000,after_l1_08_fixed_fir_plus_l1_09_allpass,9.994240063236e-01,2.230874456877e-02,-5.759936764312e-04,2.230874456877e-02,2.231617917
5934000000.000000,after_l1_08_fixed_fir_plus_l1_09_allpass,1.001428443654e+00,1.916152012568e-02,1.428443653910e-03,1.916152012568e-02,1.921468982
5935000000.000000,after_l1_08_fixed_fir_plus_l1_09_allpass,1.001404791132e+00,2.316856361965e-02,1.404791131586e-03,2.316856361965e-02,2.321111325
5936000000.000000,after_l1_08_fixed_fir_plus_l1_09_allpass,1.001792441399e+00,3.002544752019e-02,1.792441398938e-03,3.002544752019e-02,3.007890199
5937000000.000000,after_l1_08_fixed_fir_plus_l1_09_allpass,9.995745949980e-01,3.250391026263e-02,-4.254050020206e-04,3.250391026263e-02,3.250669395
5938000000.000000,after_l1_08_fixed_fir_plus_l1_09_allpass,1.000634137103e+00,3.007906041183e-02,6.341371031564e-04,3.007906041183e-02,3.008574422
5939000000.000000,after_l1_08_fixed_fir_plus_l1_09_allpass,1.002118644977e+00,3.888899555209e-02,2.118644977367e-03,3.888899555209e-02,3.894666393
5940000000.000000,after_l1_08_fixed_fir_plus_l1_09_allpass,1.000366404323e+00,4.046282367529e-02,3.664043226141e-04,4.046282367529e-02,4.046448260
5941000000.000000,after_l1_08_fixed_fir_plus_l1_09_allpass,9.991172998939e-01,4.764393657969e-02,-8.827001060763e-04,4.764393657969e-02,4.765211278
5942000000.000000,after_l1_08_fixed_fir_plus_l1_09_allpass,1.000028991283e+00,4.739460917942e-02,2.899128349676e-05,4.739460917942e-02,4.739461805
5943000000.000000,after_l1_08_fixed_fir_plus_l1_09_allpass,1.000166849713e+00,4.610729611852e-02,1.668497133585e-04,4.610729611852e-02,4.610759801
5944000000.000000,after_l1_08_fixed_fir_plus_l1_09_allpass,9.992838746344e-01,5.216391817003e-02,-7.161253655774e-04,5.216391817003e-02,5.216883355
5945000000.000000,after_l1_08_fixed_fir_plus_l1_09_allpass,9.997817659226e-01,5.443965941650e-02,-2.182340773902e-04,5.443965941650e-02,5.444009684
5946000000.000000,after_l1_08_fixed_fir_plus_l1_09_allpass,9.996305067546e-01,5.397282496349e-02,-3.694932454329e-04,5.397282496349e-02,5.397408971
5947000000.000000,after_l1_08_fixed_fir_plus_l1_09_allpass,9.985321741149e-01,6.383139186425e-02,-1.467825885106e-03,6.383139186425e-02,6.384826623
5948000000.000000,after_l1_08_fixed_fir_plus_l1_09_allpass,9.972787806627e-01,6.320612026904e-02,-2.721219337301e-03,6.320612026904e-02,6.326467161
5949000000.000000,after_l1_08_fixed_fir_plus_l1_09_allpass,9.990997682029e-01,6.020804218591e-02,-9.002317971096e-04,6.020804218591e-02,6.021477195
5950000000.000000,after_l1_08_fixed_fir_plus_l1_09_allpass,9.984741397008e-01,6.897727884762e-02,-1.525860299243e-03,6.897727884762e-02,6.899415372
5951000000.000000,after_l1_08_fixed_fir_plus_l1_09_allpass,9.987339686569e-01,7.075898131087e-02,-1.266031343050e-03,7.075898131087e-02,7.077030643
5952000000.000000,after_l1_08_fixed_fir_plus_l1_09_allpass,9.980159018870e-01,6.912197471464e-02,-1.984098112960e-03,6.912197471464e-02,6.915044493
5953000000.000000,after_l1_08_fixed_fir_plus_l1_09_allpass,9.970650031183e-01,7.553266240729e-02,-2.934996881687e-03,7.553266240729e-02,7.558966396
5954000000.000000,after_l1_08_fixed_fir_plus_l1_09_allpass,9.988881853427e-01,7.684707095695e-02,-1.111814657266e-03,7.684707095695e-02,7.685511334
5955000000.000000,after_l1_08_fixed_fir_plus_l1_09_allpass,9.972434240878e-01,8.591229026294e-02,-2.756575912182e-03,8.591229026294e-02,8.595650254
5956000000.000000,after_l1_08_fixed_fir_plus_l1_09_allpass,9.978670434582e-01,8.640755024320e-02,-2.132956541750e-03,8.640755024320e-02,8.643387208
5957000000.000000,after_l1_08_fixed_fir_plus_l1_09_allpass,9.973476066161e-01,8.884131136690e-02,-2.652393383947e-03,8.884131136690e-02,8.888089669
5958000000.000000,after_l1_08_fixed_fir_plus_l1_09_allpass,9.979036131114e-01,8.763996697994e-02,-2.096386888639e-03,8.763996697994e-02,8.766503665
5959000000.000000,after_l1_08_fixed_fir_plus_l1_09_allpass,9.971173413553e-01,9.082010214219e-02,-2.882658644674e-03,9.082010214219e-02,9.086583887
5960000000.000000,after_l1_08_fixed_fir_plus_l1_09_allpass,9.956619664339e-01,9.572878287799e-02,-4.338033566146e-03,9.572878287799e-02,9.582702336
5961000000.000000,after_l1_08_fixed_fir_plus_l1_09_allpass,9.950180972180e-01,9.834333371767e-02,-4.981902781982e-03,9.834333371767e-02,9.846944014
5962000000.000000,after_l1_08_fixed_fir_plus_l1_09_allpass,9.957119490574e-01,9.769263332628e-02,-4.288050942634e-03,9.769263332628e-02,9.778669637
5963000000.000000,after_l1_08_fixed_fir_plus_l1_09_allpass,9.957281451404e-01,9.845444705459e-02,-4.271854859638e-03,9.845444705459e-02,9.854707955
5964000000.000000,after_l1_08_fixed_fir_plus_l1_09_allpass,9.949945676350e-01,1.036696216051e-01,-5.005432364969e-03,1.036696216051e-01,10.379038875
5965000000.000000,after_l1_08_fixed_fir_plus_l1_09_allpass,9.970885508369e-01,9.963729533390e-02,-2.911449163056e-03,9.963729533390e-02,9.967982322
5966000000.000000,after_l1_08_fixed_fir_plus_l1_09_allpass,9.957660669106e-01,1.065505488286e-01,-4.233933089367e-03,1.065505488286e-01,10.663463624
5967000000.000000,after_l1_08_fixed_fir_plus_l1_09_allpass,9.952247195596e-01,1.081638277731e-01,-4.775280440387e-03,1.081638277731e-01,10.826918741
5968000000.000000,after_l1_08_fixed_fir_plus_l1_09_allpass,9.946939006803e-01,1.106068084434e-01,-5.306099319734e-03,1.106068084434e-01,11.073400907
5969000000.000000,after_l1_08_fixed_fir_plus_l1_09_allpass,9.937866182484e-01,1.146420357125e-01,-6.213381751556e-03,1.146420357125e-01,11.481028902
5970000000.000000,after_l1_08_fixed_fir_plus_l1_09_allpass,9.938378096026e-01,1.175212034991e-01,-6.162190397376e-03,1.175212034991e-01,11.768264894
5971000000.000000,after_l1_08_fixed_fir_plus_l1_09_allpass,9.949667516517e-01,1.147886530887e-01,-5.033248348339e-03,1.147886530887e-01,11.489894894
5972000000.000000,after_l1_08_fixed_fir_plus_l1_09_allpass,9.942214783540e-01,1.192695407224e-01,-5.778521646023e-03,1.192695407224e-01,11.940944124
5973000000.000000,after_l1_08_fixed_fir_plus_l1_09_allpass,9.935912541181e-01,1.186227239838e-01,-6.408745881877e-03,1.186227239838e-01,11.879571823
5974000000.000000,after_l1_08_fixed_fir_plus_l1_09_allpass,9.926678741585e-01,1.297110940340e-01,-7.332125841478e-03,1.297110940340e-01,12.991815880
5975000000.000000,after_l1_08_fixed_fir_plus_l1_09_allpass,9.930168349244e-01,1.242632291319e-01,-6.983165075571e-03,1.242632291319e-01,12.445928936
5976000000.000000,after_l1_08_fixed_fir_plus_l1_09_allpass,9.939991782293e-01,1.226959412064e-01,-6.000821770739e-03,1.226959412064e-01,12.284259787
5977000000.000000,after_l1_08_fixed_fir_plus_l1_09_allpass,9.931725088009e-01,1.233164161950e-01,-6.827491199103e-03,1.233164161950e-01,12.350527575
5978000000.000000,after_l1_08_fixed_fir_plus_l1_09_allpass,9.916156096926e-01,1.281704103701e-01,-8.384390307419e-03,1.281704103701e-01,12.844435408
5979000000.000000,after_l1_08_fixed_fir_plus_l1_09_allpass,9.933152365242e-01,1.298147109784e-01,-6.684763475843e-03,1.298147109784e-01,12.998671182
5980000000.000000,after_l1_08_fixed_fir_plus_l1_09_allpass,9.936441830423e-01,1.285046639897e-01,-6.355816957663e-03,1.285046639897e-01,12.866174675
5981000000.000000,after_l1_08_fixed_fir_plus_l1_09_allpass,9.916753140190e-01,1.316687702369e-01,-8.324685980992e-03,1.316687702369e-01,13.193166963
5982000000.000000,after_l1_08_fixed_fir_plus_l1_09_allpass,9.929351581756e-01,1.307753380520e-01,-7.064841824357e-03,1.307753380520e-01,13.096603007
5983000000.000000,after_l1_08_fixed_fir_plus_l1_09_allpass,9.919671782998e-01,1.335054644765e-01,-8.032821700168e-03,1.335054644765e-01,13.374690751
5984000000.000000,after_l1_08_fixed_fir_plus_l1_09_allpass,9.929580196265e-01,1.294983632113e-01,-7.041980373533e-03,1.294983632113e-01,12.968968950
5985000000.000000,after_l1_08_fixed_fir_plus_l1_09_allpass,9.921575448421e-01,1.351844464909e-01,-7.842455157888e-03,1.351844464909e-01,13.541173759
5986000000.000000,after_l1_08_fixed_fir_plus_l1_09_allpass,9.934634787592e-01,1.298942145012e-01,-6.536521240782e-03,1.298942145012e-01,13.005857554
5987000000.000000,after_l1_08_fixed_fir_plus_l1_09_allpass,9.911652744939e-01,1.362339921451e-01,-8.834725506126e-03,1.362339921451e-01,13.652015599
5988000000.000000,after_l1_08_fixed_fir_plus_l1_09_allpass,9.921882516760e-01,1.386336455597e-01,-7.811748323965e-03,1.386336455597e-01,13.885355989
5989000000.000000,after_l1_08_fixed_fir_plus_l1_09_allpass,9.920556787789e-01,1.335089928788e-01,-7.944321221109e-03,1.335089928788e-01,13.374514353
5990000000.000000,after_l1_08_fixed_fir_plus_l1_09_allpass,9.934677114635e-01,1.363322063233e-01,-6.532288536457e-03,1.363322063233e-01,13.648861225
5991000000.000000,after_l1_08_fixed_fir_plus_l1_09_allpass,9.914432775887e-01,1.344696574814e-01,-8.556722411251e-03,1.344696574814e-01,13.474162787
5992000000.000000,after_l1_08_fixed_fir_plus_l1_09_allpass,9.933446979248e-01,1.359933077126e-01,-6.655302075244e-03,1.359933077126e-01,13.615606042
5993000000.000000,after_l1_08_fixed_fir_plus_l1_09_allpass,9.916382449962e-01,1.357162966390e-01,-8.361755003753e-03,1.357162966390e-01,13.597364495
5994000000.000000,after_l1_08_fixed_fir_plus_l1_09_allpass,9.923601607217e-01,1.307295987553e-01,-7.639839278328e-03,1.307295987553e-01,13.095264463
5995000000.000000,after_l1_08_fixed_fir_plus_l1_09_allpass,9.937701081453e-01,1.325129678148e-01,-6.229891854680e-03,1.325129678148e-01,13.265933134
5996000000.000000,after_l1_08_fixed_fir_plus_l1_09_allpass,9.930661282392e-01,1.323088175660e-01,-6.933871760781e-03,1.323088175660e-01,13.249038374
5997000000.000000,after_l1_08_fixed_fir_plus_l1_09_allpass,9.924916469518e-01,1.348759253650e-01,-7.508353048162e-03,1.348759253650e-01,13.508475343
5998000000.000000,after_l1_08_fixed_fir_plus_l1_09_allpass,9.933247059643e-01,1.319276077575e-01,-6.675294035675e-03,1.319276077575e-01,13.209637860
5999000000.000000,after_l1_08_fixed_fir_plus_l1_09_allpass,9.939890454157e-01,1.292091246876e-01,-6.010954584335e-03,1.292091246876e-01,12.934886732
6000000000.000000,after_l1_08_fixed_fir_plus_l1_09_allpass,9.946218957561e-01,1.267053176132e-01,-5.378104243938e-03,1.267053176132e-01,12.681940513
6001000000.000000,after_l1_08_fixed_fir_plus_l1_09_allpass,9.937921191903e-01,1.276822819352e-01,-6.207880809749e-03,1.276822819352e-01,12.783310567
6002000000.000000,after_l1_08_fixed_fir_plus_l1_09_allpass,9.951126402997e-01,1.244957374287e-01,-4.887359700255e-03,1.244957374287e-01,12.459163264
6003000000.000000,after_l1_08_fixed_fir_plus_l1_09_allpass,9.948915159712e-01,1.246932205895e-01,-5.108484028821e-03,1.246932205895e-01,12.479781997
6004000000.000000,after_l1_08_fixed_fir_plus_l1_09_allpass,9.933491746643e-01,1.241745325067e-01,-6.650825335735e-03,1.241745325067e-01,12.435251506
6005000000.000000,after_l1_08_fixed_fir_plus_l1_09_allpass,9.960831333994e-01,1.205847979457e-01,-3.916866600591e-03,1.205847979457e-01,12.064839551
6006000000.000000,after_l1_08_fixed_fir_plus_l1_09_allpass,9.960461909131e-01,1.219476369763e-01,-3.953809086853e-03,1.219476369763e-01,12.201171571
6007000000.000000,after_l1_08_fixed_fir_plus_l1_09_allpass,9.951189538270e-01,1.147169397399e-01,-4.881046173031e-03,1.147169397399e-01,11.482073365
6008000000.000000,after_l1_08_fixed_fir_plus_l1_09_allpass,9.963468012827e-01,1.116671832474e-01,-3.653198717308e-03,1.116671832474e-01,11.172692458
6009000000.000000,after_l1_08_fixed_fir_plus_l1_09_allpass,9.975713848557e-01,1.073464055188e-01,-2.428615144336e-03,1.073464055188e-01,10.737387461
6010000000.000000,after_l1_08_fixed_fir_plus_l1_09_allpass,9.971936204211e-01,1.091665764892e-01,-2.806379578852e-03,1.091665764892e-01,10.920264277
6011000000.000000,after_l1_08_fixed_fir_plus_l1_09_allpass,9.970839427138e-01,1.037788781266e-01,-2.916057286193e-03,1.037788781266e-01,10.381983883
6012000000.000000,after_l1_08_fixed_fir_plus_l1_09_allpass,9.968689493500e-01,1.042614601088e-01,-3.131050649959e-03,1.042614601088e-01,10.430846343
6013000000.000000,after_l1_08_fixed_fir_plus_l1_09_allpass,9.976326519910e-01,1.008924299559e-01,-2.367348008955e-03,1.008924299559e-01,10.092019996
6014000000.000000,after_l1_08_fixed_fir_plus_l1_09_allpass,9.979850329385e-01,9.687290398516e-02,-2.014967061509e-03,9.687290398516e-02,9.689385749
6015000000.000000,after_l1_08_fixed_fir_plus_l1_09_allpass,9.985920201641e-01,9.318203903623e-02,-1.407979835948e-03,9.318203903623e-02,9.319267571
6016000000.000000,after_l1_08_fixed_fir_plus_l1_09_allpass,9.977821869303e-01,9.175384002673e-02,-2.217813069692e-03,9.175384002673e-02,9.178063987
6017000000.000000,after_l1_08_fixed_fir_plus_l1_09_allpass,9.997859312824e-01,8.897633267571e-02,-2.140687176249e-04,8.897633267571e-02,8.897659019
6018000000.000000,after_l1_08_fixed_fir_plus_l1_09_allpass,9.986053588956e-01,9.009585680028e-02,-1.394641104350e-03,9.009585680028e-02,9.010665034
6019000000.000000,after_l1_08_fixed_fir_plus_l1_09_allpass,1.000670393830e+00,8.224038721720e-02,6.703938299557e-04,8.224038721720e-02,8.224311958
6020000000.000000,after_l1_08_fixed_fir_plus_l1_09_allpass,1.000019179061e+00,8.110833417720e-02,1.917906075399e-05,8.110833417720e-02,8.110833644
6021000000.000000,after_l1_08_fixed_fir_plus_l1_09_allpass,1.000180804423e+00,7.490479090818e-02,1.808044229896e-04,7.490479090818e-02,7.490500912
6022000000.000000,after_l1_08_fixed_fir_plus_l1_09_allpass,1.001554285408e+00,7.355948086398e-02,1.554285407816e-03,7.355948086398e-02,7.357589978
6023000000.000000,after_l1_08_fixed_fir_plus_l1_09_allpass,1.001238813780e+00,7.190599355248e-02,1.238813779522e-03,7.190599355248e-02,7.191666405
6024000000.000000,after_l1_08_fixed_fir_plus_l1_09_allpass,1.002168944696e+00,6.703836761570e-02,2.168944695758e-03,6.703836761570e-02,6.707344522
6025000000.000000,after_l1_08_fixed_fir_plus_l1_09_allpass,1.001960191266e+00,5.825043295427e-02,1.960191266258e-03,5.825043295427e-02,5.828340492
6026000000.000000,after_l1_08_fixed_fir_plus_l1_09_allpass,1.002718327253e+00,5.977285765399e-02,2.718327252815e-03,5.977285765399e-02,5.983463725
6027000000.000000,after_l1_08_fixed_fir_plus_l1_09_allpass,1.002262324369e+00,5.424593122268e-02,2.262324369386e-03,5.424593122268e-02,5.429308580
6028000000.000000,after_l1_08_fixed_fir_plus_l1_09_allpass,1.002851106638e+00,5.740855929186e-02,2.851106638466e-03,5.740855929186e-02,5.747931357
6029000000.000000,after_l1_08_fixed_fir_plus_l1_09_allpass,1.003020730105e+00,4.847331339449e-02,3.020730104836e-03,4.847331339449e-02,4.856734419
6030000000.000000,after_l1_08_fixed_fir_plus_l1_09_allpass,1.003550595289e+00,4.033843562660e-02,3.550595289492e-03,4.033843562660e-02,4.049439610
6031000000.000000,after_l1_08_fixed_fir_plus_l1_09_allpass,1.003952291427e+00,3.896903275063e-02,3.952291426533e-03,3.896903275063e-02,3.916894332
6032000000.000000,after_l1_08_fixed_fir_plus_l1_09_allpass,1.003544352850e+00,3.578510130563e-02,3.544352850381e-03,3.578510130563e-02,3.596019901
6033000000.000000,after_l1_08_fixed_fir_plus_l1_09_allpass,1.004671183850e+00,3.186243211309e-02,4.671183849622e-03,3.186243211309e-02,3.220302065
6034000000.000000,after_l1_08_fixed_fir_plus_l1_09_allpass,1.002708524134e+00,2.953539980633e-02,2.708524134446e-03,2.953539980633e-02,2.965933149
6035000000.000000,after_l1_08_fixed_fir_plus_l1_09_allpass,1.004643806264e+00,2.656094665278e-02,4.643806264214e-03,2.656094665278e-02,2.696384290
6036000000.000000,after_l1_08_fixed_fir_plus_l1_09_allpass,1.004480169487e+00,1.995847826076e-02,4.480169487393e-03,1.995847826076e-02,2.045514051
6037000000.000000,after_l1_08_fixed_fir_plus_l1_09_allpass,1.005465972331e+00,1.604827141971e-02,5.465972331403e-03,1.604827141971e-02,1.695357983
6038000000.000000,after_l1_08_fixed_fir_plus_l1_09_allpass,1.005116889771e+00,9.201353597919e-03,5.116889770852e-03,9.201353597919e-03,1.052841246
6039000000.000000,after_l1_08_fixed_fir_plus_l1_09_allpass,1.002881595149e+00,1.296536314659e-02,2.881595148623e-03,1.296536314659e-02,1.328172549
6040000000.000000,after_l1_08_fixed_fir_plus_l1_09_allpass,1.005109526631e+00,9.698533441650e-04,5.109526631486e-03,9.698533441650e-04,0.520075744
6041000000.000000,after_l1_08_fixed_fir_plus_l1_09_allpass,1.004648809874e+00,1.688067909196e-03,4.648809874116e-03,1.688067909196e-03,0.494580696
6042000000.000000,after_l1_08_fixed_fir_plus_l1_09_allpass,1.005071236446e+00,-4.463227619052e-03,5.071236446168e-03,-4.463227619052e-03,0.675557843
6043000000.000000,after_l1_08_fixed_fir_plus_l1_09_allpass,1.003975195298e+00,-2.276715141318e-03,3.975195297819e-03,-2.276715141318e-03,0.458100529
6044000000.000000,after_l1_08_fixed_fir_plus_l1_09_allpass,1.004849999920e+00,-1.181347205702e-02,4.849999920191e-03,-1.181347205702e-02,1.277030232
6045000000.000000,after_l1_08_fixed_fir_plus_l1_09_allpass,1.004163208875e+00,-9.279320941389e-03,4.163208875027e-03,-9.279320941389e-03,1.017045256
6046000000.000000,after_l1_08_fixed_fir_plus_l1_09_allpass,1.004454275290e+00,-1.588332178590e-02,4.454275289617e-03,-1.588332178590e-02,1.649607466
6047000000.000000,after_l1_08_fixed_fir_plus_l1_09_allpass,1.005084088980e+00,-1.617039734571e-02,5.084088979873e-03,-1.617039734571e-02,1.695080267
6048000000.000000,after_l1_08_fixed_fir_plus_l1_09_allpass,1.003691023875e+00,-2.581471680444e-02,3.691023874694e-03,-2.581471680444e-02,2.607725563
6049000000.000000,after_l1_08_fixed_fir_plus_l1_09_allpass,1.004950558212e+00,-2.365883112272e-02,4.950558212148e-03,-2.365883112272e-02,2.417122911
6050000000.000000,after_l1_08_fixed_fir_plus_l1_09_allpass,1.004515508797e+00,-2.593229511795e-02,4.515508797489e-03,-2.593229511795e-02,2.632249513
6051000000.000000,after_l1_08_fixed_fir_plus_l1_09_allpass,1.004400931170e+00,-2.750195811382e-02,4.400931169614e-03,-2.750195811382e-02,2.785185623
6052000000.000000,after_l1_08_fixed_fir_plus_l1_09_allpass,1.003793496253e+00,-3.214399130347e-02,3.793496252533e-03,-3.214399130347e-02,3.236706336
6053000000.000000,after_l1_08_fixed_fir_plus_l1_09_allpass,1.003395353510e+00,-3.651765201885e-02,3.395353509699e-03,-3.651765201885e-02,3.667515964
6054000000.000000,after_l1_08_fixed_fir_plus_l1_09_allpass,1.006052848116e+00,-3.841815175805e-02,6.052848116081e-03,-3.841815175805e-02,3.889204745
6055000000.000000,after_l1_08_fixed_fir_plus_l1_09_allpass,1.004434775696e+00,-4.531405919654e-02,4.434775696434e-03,-4.531405919654e-02,4.553055234
6056000000.000000,after_l1_08_fixed_fir_plus_l1_09_allpass,1.002665346273e+00,-4.648022541685e-02,2.665346273291e-03,-4.648022541685e-02,4.655658305
6057000000.000000,after_l1_08_fixed_fir_plus_l1_09_allpass,1.003598257490e+00,-4.639919338653e-02,3.598257489569e-03,-4.639919338653e-02,4.653850668
6058000000.000000,after_l1_08_fixed_fir_plus_l1_09_allpass,1.005079658926e+00,-4.815713696270e-02,5.079658926470e-03,-4.815713696270e-02,4.842429943
6059000000.000000,after_l1_08_fixed_fir_plus_l1_09_allpass,1.003700320680e+00,-5.192862218961e-02,3.700320679757e-03,-5.192862218961e-02,5.206029366
6060000000.000000,after_l1_08_fixed_fir_plus_l1_09_allpass,1.003176664573e+00,-5.806757656047e-02,3.176664573496e-03,-5.806757656047e-02,5.815440349
6061000000.000000,after_l1_08_fixed_fir_plus_l1_09_allpass,1.003333845427e+00,-5.812088127268e-02,3.333845426533e-03,-5.812088127268e-02,5.821641835
6062000000.000000,after_l1_08_fixed_fir_plus_l1_09_allpass,1.003713758524e+00,-5.524667067523e-02,3.713758523542e-03,-5.524667067523e-02,5.537135201
6063000000.000000,after_l1_08_fixed_fir_plus_l1_09_allpass,1.003224007593e+00,-6.149596880981e-02,3.224007592572e-03,-6.149596880981e-02,6.158042225
6064000000.000000,after_l1_08_fixed_fir_plus_l1_09_allpass,1.003708971256e+00,-6.160002320402e-02,3.708971256131e-03,-6.160002320402e-02,6.171158179
6065000000.000000,after_l1_08_fixed_fir_plus_l1_09_allpass,1.004296000750e+00,-5.931613768882e-02,4.296000749648e-03,-5.931613768882e-02,5.947150421
6066000000.000000,after_l1_08_fixed_fir_plus_l1_09_allpass,1.001766341678e+00,-6.533121496592e-02,1.766341677906e-03,-6.533121496592e-02,6.535508865
6067000000.000000,after_l1_08_fixed_fir_plus_l1_09_allpass,1.004313599108e+00,-7.064602297954e-02,4.313599107898e-03,-7.064602297954e-02,7.077759321
6068000000.000000,after_l1_08_fixed_fir_plus_l1_09_allpass,1.003876344918e+00,-6.817027141669e-02,3.876344918478e-03,-6.817027141669e-02,6.828039217
6069000000.000000,after_l1_08_fixed_fir_plus_l1_09_allpass,1.001550513273e+00,-7.319243915078e-02,1.550513272504e-03,-7.319243915078e-02,7.320886039
6070000000.000000,after_l1_08_fixed_fir_plus_l1_09_allpass,1.003627009660e+00,-7.067884079724e-02,3.627009659776e-03,-7.067884079724e-02,7.077184282
6071000000.000000,after_l1_08_fixed_fir_plus_l1_09_allpass,1.001913326845e+00,-7.564769844505e-02,1.913326845026e-03,-7.564769844505e-02,7.567189108
6072000000.000000,after_l1_08_fixed_fir_plus_l1_09_allpass,1.003381032266e+00,-7.176248750457e-02,3.381032265979e-03,-7.176248750457e-02,7.184209067
6073000000.000000,after_l1_08_fixed_fir_plus_l1_09_allpass,1.004281485965e+00,-6.942965571851e-02,4.281485964542e-03,-6.942965571851e-02,6.956154265
6074000000.000000,after_l1_08_fixed_fir_plus_l1_09_allpass,1.003578568226e+00,-7.672708091988e-02,3.578568225974e-03,-7.672708091988e-02,7.681048820
6075000000.000000,after_l1_08_fixed_fir_plus_l1_09_allpass,1.002378132674e+00,-7.307255286780e-02,2.378132674308e-03,-7.307255286780e-02,7.311124057
6076000000.000000,after_l1_08_fixed_fir_plus_l1_09_allpass,1.003354802185e+00,-7.289784649344e-02,3.354802184816e-03,-7.289784649344e-02,7.297500066
6077000000.000000,after_l1_08_fixed_fir_plus_l1_09_allpass,1.002424726543e+00,-7.940509670559e-02,2.424726543284e-03,-7.940509670559e-02,7.944210900
6078000000.000000,after_l1_08_fixed_fir_plus_l1_09_allpass,1.002137467468e+00,-7.989531009904e-02,2.137467467539e-03,-7.989531009904e-02,7.992389720
6079000000.000000,after_l1_08_fixed_fir_plus_l1_09_allpass,1.002759710122e+00,-7.600891881726e-02,2.759710122344e-03,-7.600891881726e-02,7.605900170
6080000000.000000,after_l1_08_fixed_fir_plus_l1_09_allpass,1.003054997159e+00,-7.569131131238e-02,3.054997159317e-03,-7.569131131238e-02,7.575293800
6081000000.000000,after_l1_08_fixed_fir_plus_l1_09_allpass,1.002808117956e+00,-7.501708649525e-02,2.808117956135e-03,-7.501708649525e-02,7.506962630
6082000000.000000,after_l1_08_fixed_fir_plus_l1_09_allpass,1.003963058537e+00,-7.473794888145e-02,3.963058536670e-03,-7.473794888145e-02,7.484294780
6083000000.000000,after_l1_08_fixed_fir_plus_l1_09_allpass,1.003293052505e+00,-7.507153269099e-02,3.293052504678e-03,-7.507153269099e-02,7.514372373
6084000000.000000,after_l1_08_fixed_fir_plus_l1_09_allpass,1.003285326480e+00,-7.598764457106e-02,3.285326479533e-03,-7.598764457106e-02,7.605863197
6085000000.000000,after_l1_08_fixed_fir_plus_l1_09_allpass,1.002871472067e+00,-7.643818099766e-02,2.871472066762e-03,-7.643818099766e-02,7.649209676
6086000000.000000,after_l1_08_fixed_fir_plus_l1_09_allpass,1.001945714429e+00,-7.338443648053e-02,1.945714429329e-03,-7.338443648053e-02,7.341022628
6087000000.000000,after_l1_08_fixed_fir_plus_l1_09_allpass,1.003384306023e+00,-7.867012239069e-02,3.384306022585e-03,-7.867012239069e-02,7.874288339
6088000000.000000,after_l1_08_fixed_fir_plus_l1_09_allpass,1.002395853132e+00,-7.509283900874e-02,2.395853132221e-03,-7.509283900874e-02,7.513104939
6089000000.000000,after_l1_08_fixed_fir_plus_l1_09_allpass,1.002888173382e+00,-7.807770191518e-02,2.888173381920e-03,-7.807770191518e-02,7.813110189
6090000000.000000,after_l1_08_fixed_fir_plus_l1_09_allpass,1.002753350434e+00,-7.968503191192e-02,2.753350434217e-03,-7.968503191192e-02,7.973258587
6091000000.000000,after_l1_08_fixed_fir_plus_l1_09_allpass,1.002305137948e+00,-7.582300146736e-02,2.305137948206e-03,-7.582300146736e-02,7.585803328
6092000000.000000,after_l1_08_fixed_fir_plus_l1_09_allpass,1.001804492583e+00,-7.504853310417e-02,1.804492582524e-03,-7.504853310417e-02,7.507022389
6093000000.000000,after_l1_08_fixed_fir_plus_l1_09_allpass,1.003730479478e+00,-7.218286965628e-02,3.730479478390e-03,-7.218286965628e-02,7.227920274
6094000000.000000,after_l1_08_fixed_fir_plus_l1_09_allpass,1.003912235745e+00,-7.183138081676e-02,3.912235744733e-03,-7.183138081676e-02,7.193784024
6095000000.000000,after_l1_08_fixed_fir_plus_l1_09_allpass,1.003686248368e+00,-6.852457556836e-02,3.686248367707e-03,-6.852457556836e-02,6.862365397
6096000000.000000,after_l1_08_fixed_fir_plus_l1_09_allpass,1.003040905796e+00,-7.470200317876e-02,3.040905796355e-03,-7.470200317876e-02,7.476387087
6097000000.000000,after_l1_08_fixed_fir_plus_l1_09_allpass,1.002201661980e+00,-6.711499596372e-02,2.201661979977e-03,-6.711499596372e-02,6.715109827
6098000000.000000,after_l1_08_fixed_fir_plus_l1_09_allpass,1.002188062568e+00,-7.465799012711e-02,2.188062567710e-03,-7.465799012711e-02,7.469004691
6099000000.000000,after_l1_08_fixed_fir_plus_l1_09_allpass,1.003196830735e+00,-7.104975335190e-02,3.196830734834e-03,-7.104975335190e-02,7.112163650
6100000000.000000,after_l1_08_fixed_fir_plus_l1_09_allpass,1.002556567265e+00,-6.918086828824e-02,2.556567265301e-03,-6.918086828824e-02,6.922809093
6101000000.000000,after_l1_08_fixed_fir_plus_l1_09_allpass,1.001935958059e+00,-7.242068623371e-02,1.935958058992e-03,-7.242068623371e-02,7.244655774
6102000000.000000,after_l1_08_fixed_fir_plus_l1_09_allpass,1.004815469331e+00,-6.640979896129e-02,4.815469331435e-03,-6.640979896129e-02,6.658415835
6103000000.000000,after_l1_08_fixed_fir_plus_l1_09_allpass,1.003303344373e+00,-6.442443965107e-02,3.303344372754e-03,-6.442443965107e-02,6.450907307
6104000000.000000,after_l1_08_fixed_fir_plus_l1_09_allpass,1.003541559139e+00,-6.670300845758e-02,3.541559138715e-03,-6.670300845758e-02,6.679696085
6105000000.000000,after_l1_08_fixed_fir_plus_l1_09_allpass,1.002852682768e+00,-6.612295726755e-02,2.852682767591e-03,-6.612295726755e-02,6.618446401
6106000000.000000,after_l1_08_fixed_fir_plus_l1_09_allpass,1.003046545157e+00,-6.478489852638e-02,3.046545157259e-03,-6.478489852638e-02,6.485649169
6107000000.000000,after_l1_08_fixed_fir_plus_l1_09_allpass,1.000966336818e+00,-6.557851727989e-02,9.663368178694e-04,-6.557851727989e-02,6.558563666
6108000000.000000,after_l1_08_fixed_fir_plus_l1_09_allpass,1.003089609727e+00,-6.460617592285e-02,3.089609727169e-03,-6.460617592285e-02,6.468000971
6109000000.000000,after_l1_08_fixed_fir_plus_l1_09_allpass,1.002038292549e+00,-6.240690850638e-02,2.038292548584e-03,-6.240690850638e-02,6.244018631
6110000000.000000,after_l1_08_fixed_fir_plus_l1_09_allpass,1.003388460872e+00,-6.143392739362e-02,3.388460872497e-03,-6.143392739362e-02,6.152730371
6111000000.000000,after_l1_08_fixed_fir_plus_l1_09_allpass,1.001961532957e+00,-6.607085180923e-02,1.961532956595e-03,-6.607085180923e-02,6.609996271
6112000000.000000,after_l1_08_fixed_fir_plus_l1_09_allpass,1.002000823234e+00,-6.497612091079e-02,2.000823234119e-03,-6.497612091079e-02,6.500691949
6113000000.000000,after_l1_08_fixed_fir_plus_l1_09_allpass,1.002289606679e+00,-6.562220068909e-02,2.289606678637e-03,-6.562220068909e-02,6.566213157
6114000000.000000,after_l1_08_fixed_fir_plus_l1_09_allpass,1.002470674009e+00,-6.684123536098e-02,2.470674009260e-03,-6.684123536098e-02,6.688688193
6115000000.000000,after_l1_08_fixed_fir_plus_l1_09_allpass,1.003180881746e+00,-6.122174013069e-02,3.180881746205e-03,-6.122174013069e-02,6.130431855
6116000000.000000,after_l1_08_fixed_fir_plus_l1_09_allpass,1.001394086288e+00,-6.522329495055e-02,1.394086288328e-03,-6.522329495055e-02,6.523819189
6117000000.000000,after_l1_08_fixed_fir_plus_l1_09_allpass,1.001967547169e+00,-6.703814396091e-02,1.967547169147e-03,-6.703814396091e-02,6.706701117
6118000000.000000,after_l1_08_fixed_fir_plus_l1_09_allpass,1.002335293513e+00,-6.348814446560e-02,2.335293512609e-03,-6.348814446560e-02,6.353107967
6119000000.000000,after_l1_08_fixed_fir_plus_l1_09_allpass,1.002199172767e+00,-6.314372302591e-02,2.199172767376e-03,-6.314372302591e-02,6.318200787
6120000000.000000,after_l1_08_fixed_fir_plus_l1_09_allpass,1.002002966247e+00,-6.708216613419e-02,2.002966247382e-03,-6.708216613419e-02,6.711206216
6121000000.000000,after_l1_08_fixed_fir_plus_l1_09_allpass,1.002639009930e+00,-6.523765498964e-02,2.639009930388e-03,-6.523765498964e-02,6.529101012
6122000000.000000,after_l1_08_fixed_fir_plus_l1_09_allpass,1.002493267723e+00,-6.363761175379e-02,2.493267723403e-03,-6.363761175379e-02,6.368643508
6123000000.000000,after_l1_08_fixed_fir_plus_l1_09_allpass,1.000752961621e+00,-6.694087205233e-02,7.529616214086e-04,-6.694087205233e-02,6.694510663
6124000000.000000,after_l1_08_fixed_fir_plus_l1_09_allpass,1.002045257779e+00,-6.774768478869e-02,2.045257778767e-03,-6.774768478869e-02,6.777855025
6125000000.000000,after_l1_08_fixed_fir_plus_l1_09_allpass,1.001669713953e+00,-6.356205277892e-02,1.669713953013e-03,-6.356205277892e-02,6.358397989
6126000000.000000,after_l1_08_fixed_fir_plus_l1_09_allpass,1.002111538089e+00,-6.640164853593e-02,2.111538088681e-03,-6.640164853593e-02,6.643521296
6127000000.000000,after_l1_08_fixed_fir_plus_l1_09_allpass,1.001096019087e+00,-6.747567781146e-02,1.096019086818e-03,-6.747567781146e-02,6.748457864
6128000000.000000,after_l1_08_fixed_fir_plus_l1_09_allpass,1.001468741798e+00,-6.274213219350e-02,1.468741798374e-03,-6.274213219350e-02,6.275932086
6129000000.000000,after_l1_08_fixed_fir_plus_l1_09_allpass,1.000869559655e+00,-6.783052232158e-02,8.695596545372e-04,-6.783052232158e-02,6.783609579
6130000000.000000,after_l1_08_fixed_fir_plus_l1_09_allpass,1.002450922215e+00,-6.449098139099e-02,2.450922215300e-03,-6.449098139099e-02,6.453753714
6131000000.000000,after_l1_08_fixed_fir_plus_l1_09_allpass,1.001242656925e+00,-6.846988102466e-02,1.242656924729e-03,-6.846988102466e-02,6.848115656
6132000000.000000,after_l1_08_fixed_fir_plus_l1_09_allpass,1.001679773083e+00,-6.754971745156e-02,1.679773082711e-03,-6.754971745156e-02,6.757059986
6133000000.000000,after_l1_08_fixed_fir_plus_l1_09_allpass,1.001680256205e+00,-6.322443682638e-02,1.680256204846e-03,-6.322443682638e-02,6.324676018
6134000000.000000,after_l1_08_fixed_fir_plus_l1_09_allpass,1.001604341178e+00,-6.907797393061e-02,1.604341177835e-03,-6.907797393061e-02,6.909660189
6135000000.000000,after_l1_08_fixed_fir_plus_l1_09_allpass,1.001438284583e+00,-7.060518703263e-02,1.438284582743e-03,-7.060518703263e-02,7.061983502
6136000000.000000,after_l1_08_fixed_fir_plus_l1_09_allpass,1.001719304429e+00,-6.542288357764e-02,1.719304428735e-03,-6.542288357764e-02,6.544547122
6137000000.000000,after_l1_08_fixed_fir_plus_l1_09_allpass,1.000950515126e+00,-6.777601593919e-02,9.505151259639e-04,-6.777601593919e-02,6.778268079
6138000000.000000,after_l1_08_fixed_fir_plus_l1_09_allpass,1.001866787433e+00,-6.800457889749e-02,1.866787433206e-03,-6.800457889749e-02,6.803019658
6139000000.000000,after_l1_08_fixed_fir_plus_l1_09_allpass,1.000865292335e+00,-6.852939986699e-02,8.652923350199e-04,-6.852939986699e-02,6.853486249
6140000000.000000,after_l1_08_fixed_fir_plus_l1_09_allpass,1.000252937556e+00,-7.299959013783e-02,2.529375556819e-04,-7.299959013783e-02,7.300002834
6141000000.000000,after_l1_08_fixed_fir_plus_l1_09_allpass,1.000498039535e+00,-7.697659842521e-02,4.980395352059e-04,-7.697659842521e-02,7.697820957
6142000000.000000,after_l1_08_fixed_fir_plus_l1_09_allpass,1.001773960078e+00,-6.702746925659e-02,1.773960078052e-03,-6.702746925659e-02,6.705094011
6143000000.000000,after_l1_08_fixed_fir_plus_l1_09_allpass,1.000949906875e+00,-7.139025792020e-02,9.499068746823e-04,-7.139025792020e-02,7.139657729
6144000000.000000,after_l1_08_fixed_fir_plus_l1_09_allpass,1.001128334795e+00,-6.813446827420e-02,1.128334795394e-03,-6.813446827420e-02,6.814381048
6145000000.000000,after_l1_08_fixed_fir_plus_l1_09_allpass,1.001337645305e+00,-7.514636268655e-02,1.337645305495e-03,-7.514636268655e-02,7.515826714
6146000000.000000,after_l1_08_fixed_fir_plus_l1_09_allpass,1.001669479317e+00,-6.654123229409e-02,1.669479316715e-03,-6.654123229409e-02,6.656217211
6147000000.000000,after_l1_08_fixed_fir_plus_l1_09_allpass,9.988573251518e-01,-7.170711996833e-02,-1.142674848205e-03,-7.170711996833e-02,7.171622383
6148000000.000000,after_l1_08_fixed_fir_plus_l1_09_allpass,1.000835663533e+00,-7.398005733098e-02,8.356635326920e-04,-7.398005733098e-02,7.398477692
6149000000.000000,after_l1_08_fixed_fir_plus_l1_09_allpass,1.000717655625e+00,-7.009033154767e-02,7.176556249553e-04,-7.009033154767e-02,7.009400549
6150000000.000000,after_l1_08_fixed_fir_plus_l1_09_allpass,1.000573595176e+00,-7.022813559273e-02,5.735951758945e-04,-7.022813559273e-02,7.023047800
6151000000.000000,after_l1_08_fixed_fir_plus_l1_09_allpass,1.000524520252e+00,-7.218426325757e-02,5.245202515984e-04,-7.218426325757e-02,7.218616892
6152000000.000000,after_l1_08_fixed_fir_plus_l1_09_allpass,1.000156626775e+00,-7.156759984308e-02,1.566267754674e-04,-7.156759984308e-02,7.156777123
6153000000.000000,after_l1_08_fixed_fir_plus_l1_09_allpass,1.000019618618e+00,-6.614286506427e-02,1.961861833322e-05,-6.614286506427e-02,6.614286797
6154000000.000000,after_l1_08_fixed_fir_plus_l1_09_allpass,1.000769099301e+00,-6.937517496826e-02,7.690993008840e-04,-6.937517496826e-02,6.937943799
6155000000.000000,after_l1_08_fixed_fir_plus_l1_09_allpass,9.987732972312e-01,-7.180437922953e-02,-1.226702768826e-03,-7.180437922953e-02,7.181485693
6156000000.000000,after_l1_08_fixed_fir_plus_l1_09_allpass,9.994217961746e-01,-6.300728563312e-02,-5.782038253910e-04,-6.300728563312e-02,6.300993860
6157000000.000000,after_l1_08_fixed_fir_plus_l1_09_allpass,9.997293293289e-01,-6.380307450794e-02,-2.706706711463e-04,-6.380307450794e-02,6.380364864
6158000000.000000,after_l1_08_fixed_fir_plus_l1_09_allpass,9.996339336333e-01,-6.566874253584e-02,-3.660663666544e-04,-6.566874253584e-02,6.566976284
6159000000.000000,after_l1_08_fixed_fir_plus_l1_09_allpass,9.998948801700e-01,-6.582495732582e-02,-1.051198299795e-04,-6.582495732582e-02,6.582504126
6160000000.000000,after_l1_08_fixed_fir_plus_l1_09_allpass,1.000532643546e+00,-6.627710499039e-02,5.326435464437e-04,-6.627710499039e-02,6.627924528
6161000000.000000,after_l1_08_fixed_fir_plus_l1_09_allpass,1.000227304132e+00,-6.357283306739e-02,2.273041318688e-04,-6.357283306739e-02,6.357323943
6162000000.000000,after_l1_08_fixed_fir_plus_l1_09_allpass,9.989717543873e-01,-6.500636876249e-02,-1.028245612708e-03,-6.500636876249e-02,6.501450045
6163000000.000000,after_l1_08_fixed_fir_plus_l1_09_allpass,9.999474202193e-01,-6.765652015694e-02,-5.257978072648e-05,-6.765652015694e-02,6.765654059
6164000000.000000,after_l1_08_fixed_fir_plus_l1_09_allpass,1.000058521721e+00,-6.333767219484e-02,5.852172140242e-05,-6.333767219484e-02,6.333769923
6165000000.000000,after_l1_08_fixed_fir_plus_l1_09_allpass,1.000012232305e+00,-6.459655194874e-02,1.223230466074e-05,-6.459655194874e-02,6.459655311
6166000000.000000,after_l1_08_fixed_fir_plus_l1_09_allpass,9.998874238964e-01,-6.415921503876e-02,-1.125761035560e-04,-6.415921503876e-02,6.415931380
6167000000.000000,after_l1_08_fixed_fir_plus_l1_09_allpass,9.998409570447e-01,-5.997128753053e-02,-1.590429552757e-04,-5.997128753053e-02,5.997149842
6168000000.000000,after_l1_08_fixed_fir_plus_l1_09_allpass,9.995771818761e-01,-5.988258287809e-02,-4.228181238941e-04,-5.988258287809e-02,5.988407557
6169000000.000000,after_l1_08_fixed_fir_plus_l1_09_allpass,9.987539879302e-01,-6.178331939085e-02,-1.246012069768e-03,-6.178331939085e-02,6.179588256
6170000000.000000,after_l1_08_fixed_fir_plus_l1_09_allpass,9.999724606438e-01,-5.604118075674e-02,-2.753935615385e-05,-5.604118075674e-02,5.604118752
6171000000.000000,after_l1_08_fixed_fir_plus_l1_09_allpass,1.000298170087e+00,-5.999918199552e-02,2.981700865554e-04,-5.999918199552e-02,5.999992288
6172000000.000000,after_l1_08_fixed_fir_plus_l1_09_allpass,1.001257490090e+00,-5.841814499078e-02,1.257490089915e-03,-5.841814499078e-02,5.843167759
6173000000.000000,after_l1_08_fixed_fir_plus_l1_09_allpass,1.001287414167e+00,-5.681782949969e-02,1.287414166524e-03,-5.681782949969e-02,5.683241315
6174000000.000000,after_l1_08_fixed_fir_plus_l1_09_allpass,1.000022761744e+00,-5.752518810281e-02,2.276174430849e-05,-5.752518810281e-02,5.752519261
6175000000.000000,after_l1_08_fixed_fir_plus_l1_09_allpass,9.997039244325e-01,-5.473099379972e-02,-2.960755674734e-04,-5.473099379972e-02,5.473179463
6176000000.000000,after_l1_08_fixed_fir_plus_l1_09_allpass,1.000416890922e+00,-5.294613176601e-02,4.168909215412e-04,-5.294613176601e-02,5.294777301
6177000000.000000,after_l1_08_fixed_fir_plus_l1_09_allpass,9.993437258207e-01,-5.831136382919e-02,-6.562741793170e-04,-5.831136382919e-02,5.831505678
6178000000.000000,after_l1_08_fixed_fir_plus_l1_09_allpass,1.000803959683e+00,-5.340376365139e-02,8.039596827771e-04,-5.340376365139e-02,5.340981486
6179000000.000000,after_l1_08_fixed_fir_plus_l1_09_allpass,1.000651706920e+00,-5.367415363973e-02,6.517069200305e-04,-5.367415363973e-02,5.367810998
6180000000.000000,after_l1_08_fixed_fir_plus_l1_09_allpass,9.998322369149e-01,-4.986965541241e-02,-1.677630850599e-04,-4.986965541241e-02,4.986993759
6181000000.000000,after_l1_08_fixed_fir_plus_l1_09_allpass,9.999205030243e-01,-4.497372290586e-02,-7.949697573850e-05,-4.497372290586e-02,4.497379317
6182000000.000000,after_l1_08_fixed_fir_plus_l1_09_allpass,1.000185511936e+00,-4.980919112719e-02,1.855119361307e-04,-4.980919112719e-02,4.980953659
6183000000.000000,after_l1_08_fixed_fir_plus_l1_09_allpass,1.001210231615e+00,-5.069006217258e-02,1.210231615127e-03,-5.069006217258e-02,5.070450733
6184000000.000000,after_l1_08_fixed_fir_plus_l1_09_allpass,9.999951770837e-01,-4.326472786137e-02,-4.822916281899e-06,-4.326472786137e-02,4.326472813
6185000000.000000,after_l1_08_fixed_fir_plus_l1_09_allpass,1.001102039111e+00,-4.108126090125e-02,1.102039111096e-03,-4.108126090125e-02,4.109603980
6186000000.000000,after_l1_08_fixed_fir_plus_l1_09_allpass,9.996763586548e-01,-4.394596245823e-02,-3.236413451774e-04,-4.394596245823e-02,4.394715418
6187000000.000000,after_l1_08_fixed_fir_plus_l1_09_allpass,1.002561851115e+00,-4.680615184813e-02,2.561851115495e-03,-4.680615184813e-02,4.687620859
6188000000.000000,after_l1_08_fixed_fir_plus_l1_09_allpass,1.000400163990e+00,-4.204863589449e-02,4.001639903002e-04,-4.204863589449e-02,4.205053997
6189000000.000000,after_l1_08_fixed_fir_plus_l1_09_allpass,1.000180434326e+00,-4.108688858950e-02,1.804343263581e-04,-4.108688858950e-02,4.108728478
6190000000.000000,after_l1_08_fixed_fir_plus_l1_09_allpass,1.000541563413e+00,-4.507030090060e-02,5.415634131105e-04,-4.507030090060e-02,4.507355449
6191000000.000000,after_l1_08_fixed_fir_plus_l1_09_allpass,1.000555029039e+00,-3.747564656693e-02,5.550290392073e-04,-3.747564656693e-02,3.747975644
6192000000.000000,after_l1_08_fixed_fir_plus_l1_09_allpass,1.000112002927e+00,-3.693908078004e-02,1.120029273665e-04,-3.693908078004e-02,3.693925058
6193000000.000000,after_l1_08_fixed_fir_plus_l1_09_allpass,1.000549559853e+00,-3.618040858951e-02,5.495598534115e-04,-3.618040858951e-02,3.618458210
6194000000.000000,after_l1_08_fixed_fir_plus_l1_09_allpass,1.001050858502e+00,-3.714812013173e-02,1.050858501805e-03,-3.714812013173e-02,3.716298068
6195000000.000000,after_l1_08_fixed_fir_plus_l1_09_allpass,1.001301692475e+00,-3.280989940537e-02,1.301692474676e-03,-3.280989940537e-02,3.283571078
6196000000.000000,after_l1_08_fixed_fir_plus_l1_09_allpass,1.001645382219e+00,-3.924325072286e-02,1.645382218801e-03,-3.924325072286e-02,3.927772919
6197000000.000000,after_l1_08_fixed_fir_plus_l1_09_allpass,1.001576177145e+00,-3.597139758727e-02,1.576177145064e-03,-3.597139758727e-02,3.600591311
6198000000.000000,after_l1_08_fixed_fir_plus_l1_09_allpass,9.999664889884e-01,-3.680266181574e-02,-3.351101162763e-05,-3.680266181574e-02,3.680267707
6199000000.000000,after_l1_08_fixed_fir_plus_l1_09_allpass,1.000984179738e+00,-3.402977335629e-02,9.841797384023e-04,-3.402977335629e-02,3.404400218
6200000000.000000,after_l1_08_fixed_fir_plus_l1_09_allpass,1.001526888298e+00,-3.271682844965e-02,1.526888298042e-03,-3.271682844965e-02,3.275243887
6201000000.000000,after_l1_08_fixed_fir_plus_l1_09_allpass,1.002659650297e+00,-3.834279607279e-02,2.659650297315e-03,-3.834279607279e-02,3.843492878
6202000000.000000,after_l1_08_fixed_fir_plus_l1_09_allpass,1.000715093060e+00,-3.686074646201e-02,7.150930602224e-04,-3.686074646201e-02,3.686768216
6203000000.000000,after_l1_08_fixed_fir_plus_l1_09_allpass,1.002056489220e+00,-3.901540837717e-02,2.056489220368e-03,-3.901540837717e-02,3.906956922
6204000000.000000,after_l1_08_fixed_fir_plus_l1_09_allpass,1.000753060667e+00,-4.109324274256e-02,7.530606667425e-04,-4.109324274256e-02,4.110014233
6205000000.000000,after_l1_08_fixed_fir_plus_l1_09_allpass,1.001482030010e+00,-3.526654354704e-02,1.482030009984e-03,-3.526654354704e-02,3.529766999
6206000000.000000,after_l1_08_fixed_fir_plus_l1_09_allpass,1.000685894901e+00,-3.892813436916e-02,6.858949005921e-04,-3.892813436916e-02,3.893417647
6207000000.000000,after_l1_08_fixed_fir_plus_l1_09_allpass,1.001407602151e+00,-3.640169150073e-02,1.407602151136e-03,-3.640169150073e-02,3.642889633
6208000000.000000,after_l1_08_fixed_fir_plus_l1_09_allpass,1.000502821280e+00,-4.054810615770e-02,5.028212795690e-04,-4.054810615770e-02,4.055122368
6209000000.000000,after_l1_08_fixed_fir_plus_l1_09_allpass,1.001150529639e+00,-4.121216865251e-02,1.150529638842e-03,-4.121216865251e-02,4.122822533
6210000000.000000,after_l1_08_fixed_fir_plus_l1_09_allpass,1.000363004061e+00,-4.321880800167e-02,3.630040614009e-04,-4.321880800167e-02,4.322033245
6211000000.000000,after_l1_08_fixed_fir_plus_l1_09_allpass,1.002496126065e+00,-4.187274364521e-02,2.496126065296e-03,-4.187274364521e-02,4.194707744
6212000000.000000,after_l1_08_fixed_fir_plus_l1_09_allpass,1.001926221915e+00,-4.254222529358e-02,1.926221914925e-03,-4.254222529358e-02,4.258581059
6213000000.000000,after_l1_08_fixed_fir_plus_l1_09_allpass,1.000382619088e+00,-4.913150433426e-02,3.826190877416e-04,-4.913150433426e-02,4.913299416
6214000000.000000,after_l1_08_fixed_fir_plus_l1_09_allpass,1.000788295323e+00,-4.417699863268e-02,7.882953229619e-04,-4.417699863268e-02,4.418403125
6215000000.000000,after_l1_08_fixed_fir_plus_l1_09_allpass,1.000843793783e+00,-4.681444354199e-02,8.437937833359e-04,-4.681444354199e-02,4.682204729
6216000000.000000,after_l1_08_fixed_fir_plus_l1_09_allpass,1.000442478086e+00,-4.705485216426e-02,4.424780861023e-04,-4.705485216426e-02,4.705693253
6217000000.000000,after_l1_08_fixed_fir_plus_l1_09_allpass,1.002072997931e+00,-4.930957544688e-02,2.072997931187e-03,-4.930957544688e-02,4.935313112
6218000000.000000,after_l1_08_fixed_fir_plus_l1_09_allpass,1.002424680652e+00,-4.897967431804e-02,2.424680651847e-03,-4.897967431804e-02,4.903965306
6219000000.000000,after_l1_08_fixed_fir_plus_l1_09_allpass,1.001512024162e+00,-5.289775482087e-02,1.512024161525e-03,-5.289775482087e-02,5.291936018
6220000000.000000,after_l1_08_fixed_fir_plus_l1_09_allpass,1.000131923578e+00,-5.618984106137e-02,1.319235775858e-04,-5.618984106137e-02,5.618999593
6221000000.000000,after_l1_08_fixed_fir_plus_l1_09_allpass,1.001337802958e+00,-5.343772769444e-02,1.337802957858e-03,-5.343772769444e-02,5.345447089
6222000000.000000,after_l1_08_fixed_fir_plus_l1_09_allpass,1.000592973795e+00,-5.714839867801e-02,5.929737948172e-04,-5.714839867801e-02,5.715147495
6223000000.000000,after_l1_08_fixed_fir_plus_l1_09_allpass,9.994265934474e-01,-6.041352407344e-02,-5.734065525895e-04,-6.041352407344e-02,6.041624522
6224000000.000000,after_l1_08_fixed_fir_plus_l1_09_allpass,1.001247611688e+00,-6.157281072494e-02,1.247611687656e-03,-6.157281072494e-02,6.158544922
6225000000.000000,after_l1_08_fixed_fir_plus_l1_09_allpass,1.001431294848e+00,-6.538005739950e-02,1.431294847566e-03,-6.538005739950e-02,6.539572242
6226000000.000000,after_l1_08_fixed_fir_plus_l1_09_allpass,1.001159381066e+00,-6.136431158435e-02,1.159381066231e-03,-6.136431158435e-02,6.137526294
6227000000.000000,after_l1_08_fixed_fir_plus_l1_09_allpass,9.998927915291e-01,-6.851063754733e-02,-1.072084708915e-04,-6.851063754733e-02,6.851072143
6228000000.000000,after_l1_08_fixed_fir_plus_l1_09_allpass,1.000497801045e+00,-7.296313976385e-02,4.978010453296e-04,-7.296313976385e-02,7.296483790
6229000000.000000,after_l1_08_fixed_fir_plus_l1_09_allpass,1.000410516361e+00,-7.809042404266e-02,4.105163605879e-04,-7.809042404266e-02,7.809150306
6230000000.000000,after_l1_08_fixed_fir_plus_l1_09_allpass,9.997435355090e-01,-7.612037788025e-02,-2.564644910238e-04,-7.612037788025e-02,7.612080992
6231000000.000000,after_l1_08_fixed_fir_plus_l1_09_allpass,9.987404812284e-01,-7.952663522441e-02,-1.259518771649e-03,-7.952663522441e-02,7.953660854
6232000000.000000,after_l1_08_fixed_fir_plus_l1_09_allpass,9.998321120599e-01,-8.149269185051e-02,-1.678879400711e-04,-8.149269185051e-02,8.149286479
6233000000.000000,after_l1_08_fixed_fir_plus_l1_09_allpass,9.999983784609e-01,-8.173217167045e-02,-1.621539099661e-06,-8.173217167045e-02,8.173217169
6234000000.000000,after_l1_08_fixed_fir_plus_l1_09_allpass,9.990536637441e-01,-8.706657886674e-02,-9.463362558514e-04,-8.706657886674e-02,8.707172163
6235000000.000000,after_l1_08_fixed_fir_plus_l1_09_allpass,9.994493516903e-01,-8.857301769205e-02,-5.506483096985e-04,-8.857301769205e-02,8.857472933
6236000000.000000,after_l1_08_fixed_fir_plus_l1_09_allpass,9.980429872003e-01,-9.481980272977e-02,-1.957012799689e-03,-9.481980272977e-02,9.483999625
6237000000.000000,after_l1_08_fixed_fir_plus_l1_09_allpass,9.978685368160e-01,-9.393363242920e-02,-2.131463184017e-03,-9.393363242920e-02,9.395781200
6238000000.000000,after_l1_08_fixed_fir_plus_l1_09_allpass,9.980826048381e-01,-9.465881223104e-02,-1.917395161926e-03,-9.465881223104e-02,9.467822948
6239000000.000000,after_l1_08_fixed_fir_plus_l1_09_allpass,9.981415381697e-01,-1.009427404698e-01,-1.858461830280e-03,-1.009427404698e-01,10.095984714
6240000000.000000,after_l1_08_fixed_fir_plus_l1_09_allpass,9.975779331021e-01,-1.045507967978e-01,-2.422066897919e-03,-1.045507967978e-01,10.457884834
6241000000.000000,after_l1_08_fixed_fir_plus_l1_09_allpass,9.973616979253e-01,-1.045107629197e-01,-2.638302074654e-03,-1.045107629197e-01,10.454405867
6242000000.000000,after_l1_08_fixed_fir_plus_l1_09_allpass,9.959712419287e-01,-1.081833751434e-01,-4.028758071286e-03,-1.081833751434e-01,10.825836480
6243000000.000000,after_l1_08_fixed_fir_plus_l1_09_allpass,9.975996668039e-01,-1.098963350795e-01,-2.400333196131e-03,-1.098963350795e-01,10.992254575
6244000000.000000,after_l1_08_fixed_fir_plus_l1_09_allpass,9.968385603644e-01,-1.091435453046e-01,-3.161439635626e-03,-1.091435453046e-01,10.918932266
6245000000.000000,after_l1_08_fixed_fir_plus_l1_09_allpass,9.975356651466e-01,-1.151588704643e-01,-2.464334853370e-03,-1.151588704643e-01,11.518523513
6246000000.000000,after_l1_08_fixed_fir_plus_l1_09_allpass,9.956898621468e-01,-1.155947081952e-01,-4.310137853228e-03,-1.155947081952e-01,11.567503556
6247000000.000000,after_l1_08_fixed_fir_plus_l1_09_allpass,9.965287094079e-01,-1.207600881266e-01,-3.471290592139e-03,-1.207600881266e-01,12.080996955
6248000000.000000,after_l1_08_fixed_fir_plus_l1_09_allpass,9.964715241648e-01,-1.241029791348e-01,-3.528475835223e-03,-1.241029791348e-01,12.415312953
6249000000.000000,after_l1_08_fixed_fir_plus_l1_09_allpass,9.949088637034e-01,-1.244783223177e-01,-5.091136296554e-03,-1.244783223177e-01,12.458239200
6250000000.000000,after_l1_08_fixed_fir_plus_l1_09_allpass,9.949110328157e-01,-1.259137562544e-01,-5.088967184260e-03,-1.259137562544e-01,12.601655289
6251000000.000000,after_l1_08_fixed_fir_plus_l1_09_allpass,9.950383518577e-01,-1.344014440028e-01,-4.961648142305e-03,-1.344014440028e-01,13.449299648
6252000000.000000,after_l1_08_fixed_fir_plus_l1_09_allpass,9.950013062399e-01,-1.358665967341e-01,-4.998693760144e-03,-1.358665967341e-01,13.595851958
6253000000.000000,after_l1_08_fixed_fir_plus_l1_09_allpass,9.949887880709e-01,-1.370397188245e-01,-5.011211929120e-03,-1.370397188245e-01,13.713131218
6254000000.000000,after_l1_08_fixed_fir_plus_l1_09_allpass,9.942130335816e-01,-1.402794401437e-01,-5.786966418442e-03,-1.402794401437e-01,14.039875465
6255000000.000000,after_l1_08_fixed_fir_plus_l1_09_allpass,9.927064763895e-01,-1.412255717364e-01,-7.293523610514e-03,-1.412255717364e-01,14.141378150
6256000000.000000,after_l1_08_fixed_fir_plus_l1_09_allpass,9.941770548406e-01,-1.421917313318e-01,-5.822945159394e-03,-1.421917313318e-01,14.231091016
6257000000.000000,after_l1_08_fixed_fir_plus_l1_09_allpass,9.933149505671e-01,-1.436407343400e-01,-6.685049432858e-03,-1.436407343400e-01,14.379621152
6258000000.000000,after_l1_08_fixed_fir_plus_l1_09_allpass,9.938676394793e-01,-1.482382940717e-01,-6.132360520693e-03,-1.482382940717e-01,14.836508240
6259000000.000000,after_l1_08_fixed_fir_plus_l1_09_allpass,9.928730560536e-01,-1.489472651584e-01,-7.126943946363e-03,-1.489472651584e-01,14.911767544
6260000000.000000,after_l1_08_fixed_fir_plus_l1_09_allpass,9.928066902608e-01,-1.490004402190e-01,-7.193309739193e-03,-1.490004402190e-01,14.917397525
6261000000.000000,after_l1_08_fixed_fir_plus_l1_09_allpass,9.921479860988e-01,-1.519137580988e-01,-7.852013901247e-03,-1.519137580988e-01,15.211654750
6262000000.000000,after_l1_08_fixed_fir_plus_l1_09_allpass,9.931051108139e-01,-1.482912417075e-01,-6.894889186139e-03,-1.482912417075e-01,14.845144615
6263000000.000000,after_l1_08_fixed_fir_plus_l1_09_allpass,9.929858315899e-01,-1.540391165889e-01,-7.014168410148e-03,-1.540391165889e-01,15.419872891
6264000000.000000,after_l1_08_fixed_fir_plus_l1_09_allpass,9.908355028641e-01,-1.588797981057e-01,-9.164497135901e-03,-1.588797981057e-01,15.914389166
6265000000.000000,after_l1_08_fixed_fir_plus_l1_09_allpass,9.927582316374e-01,-1.602569693432e-01,-7.241768362552e-03,-1.602569693432e-01,16.042050814
6266000000.000000,after_l1_08_fixed_fir_plus_l1_09_allpass,9.919278243891e-01,-1.566486267408e-01,-8.072175610941e-03,-1.566486267408e-01,15.685647031
6267000000.000000,after_l1_08_fixed_fir_plus_l1_09_allpass,9.929070018264e-01,-1.553923593929e-01,-7.092998173612e-03,-1.553923593929e-01,15.555415771
6268000000.000000,after_l1_08_fixed_fir_plus_l1_09_allpass,9.912993603724e-01,-1.587226904773e-01,-8.700639627637e-03,-1.587226904773e-01,15.896098138
6269000000.000000,after_l1_08_fixed_fir_plus_l1_09_allpass,9.903814537071e-01,-1.622806840174e-01,-9.618546292868e-03,-1.622806840174e-01,16.256548477
6270000000.000000,after_l1_08_fixed_fir_plus_l1_09_allpass,9.915251281686e-01,-1.607866294674e-01,-8.474871831425e-03,-1.607866294674e-01,16.100982476
6271000000.000000,after_l1_08_fixed_fir_plus_l1_09_allpass,9.916923329434e-01,-1.605459064075e-01,-8.307667056561e-03,-1.605459064075e-01,16.076070850
6272000000.000000,after_l1_08_fixed_fir_plus_l1_09_allpass,9.900428969380e-01,-1.638836976562e-01,-9.957103062007e-03,-1.638836976562e-01,16.418590152
6273000000.000000,after_l1_08_fixed_fir_plus_l1_09_allpass,9.907947954250e-01,-1.620331503328e-01,-9.205204574956e-03,-1.620331503328e-01,16.229441641
6274000000.000000,after_l1_08_fixed_fir_plus_l1_09_allpass,9.917871168657e-01,-1.624224212808e-01,-8.212883134280e-03,-1.624224212808e-01,16.262993078
6275000000.000000,after_l1_08_fixed_fir_plus_l1_09_allpass,9.909892758414e-01,-1.615770464372e-01,-9.010724158591e-03,-1.615770464372e-01,16.182810351
6276000000.000000,after_l1_08_fixed_fir_plus_l1_09_allpass,9.904967921480e-01,-1.682961255159e-01,-9.503207852029e-03,-1.682961255159e-01,16.856422166
6277000000.000000,after_l1_08_fixed_fir_plus_l1_09_allpass,9.906380884151e-01,-1.632026752327e-01,-9.361911584900e-03,-1.632026752327e-01,16.347097171
6278000000.000000,after_l1_08_fixed_fir_plus_l1_09_allpass,9.929164649134e-01,-1.615240221726e-01,-7.083535086600e-03,-1.615240221726e-01,16.167926957
6279000000.000000,after_l1_08_fixed_fir_plus_l1_09_allpass,9.930645957485e-01,-1.595435630391e-01,-6.935404251471e-03,-1.595435630391e-01,15.969423390
6280000000.000000,after_l1_08_fixed_fir_plus_l1_09_allpass,9.921309439136e-01,-1.588258346440e-01,-7.869056086424e-03,-1.588258346440e-01,15.902065210
6281000000.000000,after_l1_08_fixed_fir_plus_l1_09_allpass,9.916702698066e-01,-1.560897398683e-01,-8.329730193387e-03,-1.560897398683e-01,15.631183991
6282000000.000000,after_l1_08_fixed_fir_plus_l1_09_allpass,9.925822905075e-01,-1.641178699629e-01,-7.417709492546e-03,-1.641178699629e-01,16.428541522
6283000000.000000,after_l1_08_fixed_fir_plus_l1_09_allpass,9.916189467057e-01,-1.590510966986e-01,-8.381053294259e-03,-1.590510966986e-01,15.927175963
6284000000.000000,after_l1_08_fixed_fir_plus_l1_09_allpass,9.922683106522e-01,-1.548689522040e-01,-7.731689347803e-03,-1.548689522040e-01,15.506183082
6285000000.000000,after_l1_08_fixed_fir_plus_l1_09_allpass,9.934252099788e-01,-1.527437702946e-01,-6.574790021169e-03,-1.527437702946e-01,15.288520932
6286000000.000000,after_l1_08_fixed_fir_plus_l1_09_allpass,9.930480865654e-01,-1.518615961066e-01,-6.951913434632e-03,-1.518615961066e-01,15.202063502
6287000000.000000,after_l1_08_fixed_fir_plus_l1_09_allpass,9.931370951375e-01,-1.515280925714e-01,-6.862904862495e-03,-1.515280925714e-01,15.168342791
6288000000.000000,after_l1_08_fixed_fir_plus_l1_09_allpass,9.934597954872e-01,-1.530677609471e-01,-6.540204512815e-03,-1.530677609471e-01,15.320742057
6289000000.000000,after_l1_08_fixed_fir_plus_l1_09_allpass,9.928361622409e-01,-1.493906357963e-01,-7.163837759055e-03,-1.493906357963e-01,14.956230352
6290000000.000000,after_l1_08_fixed_fir_plus_l1_09_allpass,9.953453517456e-01,-1.459434178788e-01,-4.654648254448e-03,-1.459434178788e-01,14.601762555
6291000000.000000,after_l1_08_fixed_fir_plus_l1_09_allpass,9.937265801810e-01,-1.468871778051e-01,-6.273419819031e-03,-1.468871778051e-01,14.702108284
6292000000.000000,after_l1_08_fixed_fir_plus_l1_09_allpass,9.943858453874e-01,-1.405809049522e-01,-5.614154612585e-03,-1.405809049522e-01,14.069296205
6293000000.000000,after_l1_08_fixed_fir_plus_l1_09_allpass,9.953017566849e-01,-1.373640635633e-01,-4.698243315145e-03,-1.373640635633e-01,13.744438675
6294000000.000000,after_l1_08_fixed_fir_plus_l1_09_allpass,9.950155934897e-01,-1.353424012566e-01,-4.984406510252e-03,-1.353424012566e-01,13.543415332
6295000000.000000,after_l1_08_fixed_fir_plus_l1_09_allpass,9.963696478301e-01,-1.374860545629e-01,-3.630352169879e-03,-1.374860545629e-01,13.753397637
6296000000.000000,after_l1_08_fixed_fir_plus_l1_09_allpass,9.964310721019e-01,-1.314580070053e-01,-3.568927898061e-03,-1.314580070053e-01,13.150644415
6297000000.000000,after_l1_08_fixed_fir_plus_l1_09_allpass,9.964990934320e-01,-1.309881534347e-01,-3.500906568030e-03,-1.309881534347e-01,13.103492926
6298000000.000000,after_l1_08_fixed_fir_plus_l1_09_allpass,9.967132601893e-01,-1.313634025636e-01,-3.286739810734e-03,-1.313634025636e-01,13.140451359
6299000000.000000,after_l1_08_fixed_fir_plus_l1_09_allpass,9.969757266842e-01,-1.200425887191e-01,-3.024273315779e-03,-1.200425887191e-01,12.008067844
6300000000.000000,after_l1_08_fixed_fir_plus_l1_09_allpass,9.974645640468e-01,-1.234944765285e-01,-2.535435953181e-03,-1.234944765285e-01,12.352050101
6301000000.000000,after_l1_08_fixed_fir_plus_l1_09_allpass,9.996797786919e-01,-1.153136090370e-01,-3.202213080761e-04,-1.153136090370e-01,11.531405366
6302000000.000000,after_l1_08_fixed_fir_plus_l1_09_allpass,9.984346016698e-01,-1.153807272864e-01,-1.565398330150e-03,-1.153807272864e-01,11.539134587
6303000000.000000,after_l1_08_fixed_fir_plus_l1_09_allpass,9.994981406985e-01,-1.081369627330e-01,-5.018593015068e-04,-1.081369627330e-01,10.813812728
6304000000.000000,after_l1_08_fixed_fir_plus_l1_09_allpass,9.996760779783e-01,-1.017493051365e-01,-3.239220217053e-04,-1.017493051365e-01,10.174982074
6305000000.000000,after_l1_08_fixed_fir_plus_l1_09_allpass,9.991085594538e-01,-9.542078578656e-02,-8.914405461575e-04,-9.542078578656e-02,9.542494971
6306000000.000000,after_l1_08_fixed_fir_plus_l1_09_allpass,9.994533061788e-01,-9.127484676932e-02,-5.466938212478e-04,-9.127484676932e-02,9.127648398
6307000000.000000,after_l1_08_fixed_fir_plus_l1_09_allpass,9.994610146471e-01,-8.877935125783e-02,-5.389853528948e-04,-8.877935125783e-02,8.878098735
6308000000.000000,after_l1_08_fixed_fir_plus_l1_09_allpass,1.001608887944e+00,-8.550751182190e-02,1.608887944365e-03,-8.550751182190e-02,8.552264670
6309000000.000000,after_l1_08_fixed_fir_plus_l1_09_allpass,1.001238317665e+00,-7.972218110256e-02,1.238317664858e-03,-7.972218110256e-02,7.973179786
6310000000.000000,after_l1_08_fixed_fir_plus_l1_09_allpass,1.001455087312e+00,-7.873910686587e-02,1.455087312085e-03,-7.873910686587e-02,7.875255062
6311000000.000000,after_l1_08_fixed_fir_plus_l1_09_allpass,1.002562265187e+00,-7.454185973677e-02,2.562265187006e-03,-7.454185973677e-02,7.458588376
6312000000.000000,after_l1_08_fixed_fir_plus_l1_09_allpass,1.002530288119e+00,-6.688066606925e-02,2.530288119004e-03,-6.688066606925e-02,6.692851300
6313000000.000000,after_l1_08_fixed_fir_plus_l1_09_allpass,1.002105559077e+00,-6.256966113833e-02,2.105559076948e-03,-6.256966113833e-02,6.260507866
6314000000.000000,after_l1_08_fixed_fir_plus_l1_09_allpass,1.003942367568e+00,-5.699157487659e-02,3.942367567937e-03,-5.699157487659e-02,5.712776793
6315000000.000000,after_l1_08_fixed_fir_plus_l1_09_allpass,1.003219005053e+00,-5.682672185057e-02,3.219005052540e-03,-5.682672185057e-02,5.691782067
6316000000.000000,after_l1_08_fixed_fir_plus_l1_09_allpass,1.003071016562e+00,-4.887847248514e-02,3.071016562292e-03,-4.887847248514e-02,4.897485289
6317000000.000000,after_l1_08_fixed_fir_plus_l1_09_allpass,1.003067381276e+00,-4.406109862973e-02,3.067381275775e-03,-4.406109862973e-02,4.416773981
6318000000.000000,after_l1_08_fixed_fir_plus_l1_09_allpass,1.002640404147e+00,-4.193945453309e-02,2.640404146812e-03,-4.193945453309e-02,4.202248899
6319000000.000000,after_l1_08_fixed_fir_plus_l1_09_allpass,1.004066290163e+00,-3.469813275961e-02,4.066290162821e-03,-3.469813275961e-02,3.493558548
6320000000.000000,after_l1_08_fixed_fir_plus_l1_09_allpass,1.002567335177e+00,-2.865088517500e-02,2.567335177373e-03,-2.865088517500e-02,2.876568148
6321000000.000000,after_l1_08_fixed_fir_plus_l1_09_allpass,1.003366354203e+00,-2.222121432663e-02,3.366354202834e-03,-2.222121432663e-02,2.247475710
6322000000.000000,after_l1_08_fixed_fir_plus_l1_09_allpass,1.003917479837e+00,-1.658999152340e-02,3.917479837395e-03,-1.658999152340e-02,1.704624495
6323000000.000000,after_l1_08_fixed_fir_plus_l1_09_allpass,1.004131230960e+00,-1.568083150430e-02,4.131230959980e-03,-1.568083150430e-02,1.621590410
6324000000.000000,after_l1_08_fixed_fir_plus_l1_09_allpass,1.003759624897e+00,-1.337954393396e-02,3.759624897143e-03,-1.337954393396e-02,1.389773274
6325000000.000000,after_l1_08_fixed_fir_plus_l1_09_allpass,1.002926545182e+00,-7.681542275688e-03,2.926545182120e-03,-7.681542275688e-03,0.822014346
6326000000.000000,after_l1_08_fixed_fir_plus_l1_09_allpass,1.005002692524e+00,4.480454356083e-03,5.002692523650e-03,4.480454356083e-03,0.671575787
6327000000.000000,after_l1_08_fixed_fir_plus_l1_09_allpass,1.004742246395e+00,2.273630991902e-03,4.742246395403e-03,2.273630991902e-03,0.525911578
6328000000.000000,after_l1_08_fixed_fir_plus_l1_09_allpass,1.004273395593e+00,1.213673385230e-02,4.273395593216e-03,1.213673385230e-02,1.286709829
6329000000.000000,after_l1_08_fixed_fir_plus_l1_09_allpass,1.003691618288e+00,1.546425880874e-02,3.691618288286e-03,1.546425880874e-02,1.589878442
6330000000.000000,after_l1_08_fixed_fir_plus_l1_09_allpass,1.004721357177e+00,1.717338530468e-02,4.721357177127e-03,1.717338530468e-02,1.781056923
6331000000.000000,after_l1_08_fixed_fir_plus_l1_09_allpass,1.004602995846e+00,2.501507793110e-02,4.602995846350e-03,2.501507793110e-02,2.543504855
6332000000.000000,after_l1_08_fixed_fir_plus_l1_09_allpass,1.003226313938e+00,3.029831706958e-02,3.226313938029e-03,3.029831706958e-02,3.046960976
6333000000.000000,after_l1_08_fixed_fir_plus_l1_09_allpass,1.002947404646e+00,3.177174290567e-02,2.947404645811e-03,3.177174290567e-02,3.190816261
6334000000.000000,after_l1_08_fixed_fir_plus_l1_09_allpass,1.002367170677e+00,3.785303427906e-02,2.367170677016e-03,3.785303427906e-02,3.792697854
6335000000.000000,after_l1_08_fixed_fir_plus_l1_09_allpass,1.003107367239e+00,4.546085447523e-02,3.107367238962e-03,4.546085447523e-02,4.556692903
6336000000.000000,after_l1_08_fixed_fir_plus_l1_09_allpass,1.002733192967e+00,4.887928506319e-02,2.733192967249e-03,4.887928506319e-02,4.895564168
6337000000.000000,after_l1_08_fixed_fir_plus_l1_09_allpass,1.000970521070e+00,5.277030956289e-02,9.705210696480e-04,5.277030956289e-02,5.277923344
6338000000.000000,after_l1_08_fixed_fir_plus_l1_09_allpass,1.001821849267e+00,5.432518414896e-02,1.821849266867e-03,5.432518414896e-02,5.435572433
6339000000.000000,after_l1_08_fixed_fir_plus_l1_09_allpass,1.001187976178e+00,6.162751696515e-02,1.187976178419e-03,6.162751696515e-02,6.163896604
6340000000.000000,after_l1_08_fixed_fir_plus_l1_09_allpass,1.000925016591e+00,6.134947223668e-02,9.250165906598e-04,6.134947223668e-02,6.135644546
6341000000.000000,after_l1_08_fixed_fir_plus_l1_09_allpass,1.001450703730e+00,6.434501795182e-02,1.450703729802e-03,6.434501795182e-02,6.436136944
6342000000.000000,after_l1_08_fixed_fir_plus_l1_09_allpass,1.000569192941e+00,7.360507132281e-02,5.691929413314e-04,7.360507132281e-02,7.360727209
6343000000.000000,after_l1_08_fixed_fir_plus_l1_09_allpass,1.000352499226e+00,7.864836685360e-02,3.524992263448e-04,7.864836685360e-02,7.864915679
6344000000.000000,after_l1_08_fixed_fir_plus_l1_09_allpass,9.992539577777e-01,8.395045762503e-02,-7.460422223364e-04,8.395045762503e-02,8.395377248
6345000000.000000,after_l1_08_fixed_fir_plus_l1_09_allpass,1.000268853799e+00,8.379106600477e-02,2.688537986963e-04,8.379106600477e-02,8.379149733
6346000000.000000,after_l1_08_fixed_fir_plus_l1_09_allpass,9.987431594957e-01,8.695515976320e-02,-1.256840504295e-03,8.695515976320e-02,8.696424241
6347000000.000000,after_l1_08_fixed_fir_plus_l1_09_allpass,9.996763954723e-01,9.108052676186e-02,-3.236045277267e-04,9.108052676186e-02,9.108110164
6348000000.000000,after_l1_08_fixed_fir_plus_l1_09_allpass,9.985439623764e-01,9.621737285097e-02,-1.456037623641e-03,9.621737285097e-02,9.622838918
6349000000.000000,after_l1_08_fixed_fir_plus_l1_09_allpass,9.994007073357e-01,9.194917876707e-02,-5.992926642817e-04,9.194917876707e-02,9.195113174
6350000000.000000,after_l1_08_fixed_fir_plus_l1_09_allpass,9.991430492428e-01,1.001204783018e-01,-8.569507571738e-04,1.001204783018e-01,10.012414564
6351000000.000000,after_l1_08_fixed_fir_plus_l1_09_allpass,9.984852375458e-01,1.052364958689e-01,-1.514762454192e-03,1.052364958689e-01,10.524739697
6352000000.000000,after_l1_08_fixed_fir_plus_l1_09_allpass,9.978810577228e-01,1.070842479073e-01,-2.118942277167e-03,1.070842479073e-01,10.710521027
6353000000.000000,after_l1_08_fixed_fir_plus_l1_09_allpass,9.979779756903e-01,1.070386810203e-01,-2.022024309685e-03,1.070386810203e-01,10.705777794
6354000000.000000,after_l1_08_fixed_fir_plus_l1_09_allpass,9.963733682298e-01,1.134665841435e-01,-3.626631770150e-03,1.134665841435e-01,11.352452676
6355000000.000000,after_l1_08_fixed_fir_plus_l1_09_allpass,9.952661699390e-01,1.160839105672e-01,-4.733830060998e-03,1.160839105672e-01,11.618039180
6356000000.000000,after_l1_08_fixed_fir_plus_l1_09_allpass,9.964821382015e-01,1.144681943463e-01,-3.517861798513e-03,1.144681943463e-01,11.452223744
6357000000.000000,after_l1_08_fixed_fir_plus_l1_09_allpass,9.959663404844e-01,1.201034656397e-01,-4.033659515601e-03,1.201034656397e-01,12.017118152
6358000000.000000,after_l1_08_fixed_fir_plus_l1_09_allpass,9.947467817644e-01,1.254137663231e-01,-5.253218235574e-03,1.254137663231e-01,12.552373913
6359000000.000000,after_l1_08_fixed_fir_plus_l1_09_allpass,9.953260587782e-01,1.233590175554e-01,-4.673941221821e-03,1.233590175554e-01,12.344753112
6360000000.000000,after_l1_08_fixed_fir_plus_l1_09_allpass,9.946334048224e-01,1.290515053414e-01,-5.366595177633e-03,1.290515053414e-01,12.916304183
6361000000.000000,after_l1_08_fixed_fir_plus_l1_09_allpass,9.951581742689e-01,1.287376732576e-01,-4.841825731133e-03,1.287376732576e-01,12.882869165
6362000000.000000,after_l1_08_fixed_fir_plus_l1_09_allpass,9.945182160053e-01,1.274908281387e-01,-5.481783994677e-03,1.274908281387e-01,12.760862516
6363000000.000000,after_l1_08_fixed_fir_plus_l1_09_allpass,9.939831884981e-01,1.304451232999e-01,-6.016811501870e-03,1.304451232999e-01,13.058381298
6364000000.000000,after_l1_08_fixed_fir_plus_l1_09_allpass,9.942590335584e-01,1.322324511505e-01,-5.740966441623e-03,1.322324511505e-01,13.235701656
6365000000.000000,after_l1_08_fixed_fir_plus_l1_09_allpass,9.944482667005e-01,1.343328631236e-01,-5.551733299517e-03,1.343328631236e-01,13.444753571
6366000000.000000,after_l1_08_fixed_fir_plus_l1_09_allpass,9.938871574431e-01,1.353008170552e-01,-6.112842556865e-03,1.353008170552e-01,13.543883468
6367000000.000000,after_l1_08_fixed_fir_plus_l1_09_allpass,9.935521990236e-01,1.349059465292e-01,-6.447800976447e-03,1.349059465292e-01,13.505994427
6368000000.000000,after_l1_08_fixed_fir_plus_l1_09_allpass,9.931019834898e-01,1.345597911420e-01,-6.898016510175e-03,1.345597911420e-01,13.473648364
6369000000.000000,after_l1_08_fixed_fir_plus_l1_09_allpass,9.919828940747e-01,1.397729842175e-01,-8.017105925280e-03,1.397729842175e-01,14.000271820
6370000000.000000,after_l1_08_fixed_fir_plus_l1_09_allpass,9.923136901951e-01,1.397700849472e-01,-7.686309804861e-03,1.397700849472e-01,13.998127019
6371000000.000000,after_l1_08_fixed_fir_plus_l1_09_allpass,9.915596580845e-01,1.373841883691e-01,-8.440341915530e-03,1.373841883691e-01,13.764321482
6372000000.000000,after_l1_08_fixed_fir_plus_l1_09_allpass,9.914456242684e-01,1.403569920580e-01,-8.554375731628e-03,1.403569920580e-01,14.061743336
6373000000.000000,after_l1_08_fixed_fir_plus_l1_09_allpass,9.914579577351e-01,1.413050689754e-01,-8.542042264912e-03,1.413050689754e-01,14.156302132
6374000000.000000,after_l1_08_fixed_fir_plus_l1_09_allpass,9.927648463909e-01,1.388515086273e-01,-7.235153609116e-03,1.388515086273e-01,13.903988239
6375000000.000000,after_l1_08_fixed_fir_plus_l1_09_allpass,9.932001868233e-01,1.414547508977e-01,-6.799813176708e-03,1.414547508977e-01,14.161809210
6376000000.000000,after_l1_08_fixed_fir_plus_l1_09_allpass,9.932009635907e-01,1.409860712725e-01,-6.799036409276e-03,1.409860712725e-01,14.114991742
6377000000.000000,after_l1_08_fixed_fir_plus_l1_09_allpass,9.929463299384e-01,1.389422552459e-01,-7.053670061608e-03,1.389422552459e-01,13.912118658
6378000000.000000,after_l1_08_fixed_fir_plus_l1_09_allpass,9.924434288134e-01,1.440257233046e-01,-7.556571186647e-03,1.440257233046e-01,14.422382169
6379000000.000000,after_l1_08_fixed_fir_plus_l1_09_allpass,9.932022987442e-01,1.423078799946e-01,-6.797701255753e-03,1.423078799946e-01,14.247014231
6380000000.000000,after_l1_08_fixed_fir_plus_l1_09_allpass,9.917240043160e-01,1.444576174916e-01,-8.275995683989e-03,1.444576174916e-01,14.469448972
6381000000.000000,after_l1_08_fixed_fir_plus_l1_09_allpass,9.923832893177e-01,1.468041624262e-01,-7.616710682303e-03,1.468041624262e-01,14.700162036
6382000000.000000,after_l1_08_fixed_fir_plus_l1_09_allpass,9.921466791503e-01,1.382928756066e-01,-7.853320849722e-03,1.382928756066e-01,13.851568175
6383000000.000000,after_l1_08_fixed_fir_plus_l1_09_allpass,9.930203360849e-01,1.418662304989e-01,-6.979663915088e-03,1.418662304989e-01,14.203782265
6384000000.000000,after_l1_08_fixed_fir_plus_l1_09_allpass,9.924737087590e-01,1.395169860937e-01,-7.526291240991e-03,1.395169860937e-01,13.971984279
6385000000.000000,after_l1_08_fixed_fir_plus_l1_09_allpass,9.926401462520e-01,1.411469895774e-01,-7.359853747995e-03,1.411469895774e-01,14.133874244
6386000000.000000,after_l1_08_fixed_fir_plus_l1_09_allpass,9.927888774718e-01,1.400248662687e-01,-7.211122528243e-03,1.400248662687e-01,14.021042565
6387000000.000000,after_l1_08_fixed_fir_plus_l1_09_allpass,9.930272729920e-01,1.407372678355e-01,-6.972727008003e-03,1.407372678355e-01,14.090989135
6388000000.000000,after_l1_08_fixed_fir_plus_l1_09_allpass,9.940314466258e-01,1.324471765885e-01,-5.968553374174e-03,1.324471765885e-01,13.258159079
6389000000.000000,after_l1_08_fixed_fir_plus_l1_09_allpass,9.917330623706e-01,1.370341757305e-01,-8.266937629423e-03,1.370341757305e-01,13.728331135
6390000000.000000,after_l1_08_fixed_fir_plus_l1_09_allpass,9.926802809330e-01,1.396603788837e-01,-7.319719067002e-03,1.396603788837e-01,13.985206369
6391000000.000000,after_l1_08_fixed_fir_plus_l1_09_allpass,9.920541373323e-01,1.375334492348e-01,-7.945862667650e-03,1.375334492348e-01,13.776279030
6392000000.000000,after_l1_08_fixed_fir_plus_l1_09_allpass,9.926656736124e-01,1.371161599572e-01,-7.334326387620e-03,1.371161599572e-01,13.731217595
6393000000.000000,after_l1_08_fixed_fir_plus_l1_09_allpass,9.920667566448e-01,1.359552539195e-01,-7.933243355211e-03,1.359552539195e-01,13.618651702
6394000000.000000,after_l1_08_fixed_fir_plus_l1_09_allpass,9.922160261612e-01,1.412932740430e-01,-7.783973838832e-03,1.412932740430e-01,14.150752467
6395000000.000000,after_l1_08_fixed_fir_plus_l1_09_allpass,9.935441677167e-01,1.362749081049e-01,-6.455832283254e-03,1.362749081049e-01,13.642774040
6396000000.000000,after_l1_08_fixed_fir_plus_l1_09_allpass,9.931447095013e-01,1.346257837549e-01,-6.855290498709e-03,1.346257837549e-01,13.480021016
6397000000.000000,after_l1_08_fixed_fir_plus_l1_09_allpass,9.942196773020e-01,1.340549547081e-01,-5.780322697960e-03,1.340549547081e-01,13.417951786
6398000000.000000,after_l1_08_fixed_fir_plus_l1_09_allpass,9.923840366422e-01,1.317591543754e-01,-7.615963357802e-03,1.317591543754e-01,13.197908039
6399000000.000000,after_l1_08_fixed_fir_plus_l1_09_allpass,9.935307128029e-01,1.302715388466e-01,-6.469287197081e-03,1.302715388466e-01,13.043207240
6400000000.000000,after_l1_08_fixed_fir_plus_l1_09_allpass,9.930320773921e-01,1.293611346500e-01,-6.967922607901e-03,1.293611346500e-01,12.954865921
6401000000.000000,after_l1_08_fixed_fir_plus_l1_09_allpass,9.936115210856e-01,1.312749273315e-01,-6.388478914402e-03,1.312749273315e-01,13.143028269
6402000000.000000,after_l1_08_fixed_fir_plus_l1_09_allpass,9.944872448616e-01,1.287414221729e-01,-5.512755138396e-03,1.287414221729e-01,12.885939722
6403000000.000000,after_l1_08_fixed_fir_plus_l1_09_allpass,9.931521654818e-01,1.304477842228e-01,-6.847834518221e-03,1.304477842228e-01,13.062739853
6404000000.000000,after_l1_08_fixed_fir_plus_l1_09_allpass,9.940485161696e-01,1.259225311013e-01,-5.951483830438e-03,1.259225311013e-01,12.606309531
6405000000.000000,after_l1_08_fixed_fir_plus_l1_09_allpass,9.935209382052e-01,1.236109758757e-01,-6.479061794806e-03,1.236109758757e-01,12.378065923
6406000000.000000,after_l1_08_fixed_fir_plus_l1_09_allpass,9.943562181973e-01,1.237984417113e-01,-5.643781802748e-03,1.237984417113e-01,12.392702063
6407000000.000000,after_l1_08_fixed_fir_plus_l1_09_allpass,9.945759521498e-01,1.226692015990e-01,-5.424047850152e-03,1.226692015990e-01,12.278906025
6408000000.000000,after_l1_08_fixed_fir_plus_l1_09_allpass,9.963594555489e-01,1.234074384807e-01,-3.640544451115e-03,1.234074384807e-01,12.346112520
6409000000.000000,after_l1_08_fixed_fir_plus_l1_09_allpass,9.949987357236e-01,1.227507244355e-01,-5.001264276375e-03,1.227507244355e-01,12.285256609
6410000000.000000,after_l1_08_fixed_fir_plus_l1_09_allpass,9.946007737588e-01,1.215799323625e-01,-5.399226241207e-03,1.215799323625e-01,12.169976005
6411000000.000000,after_l1_08_fixed_fir_plus_l1_09_allpass,9.957552473591e-01,1.191997898648e-01,-4.244752640907e-03,1.191997898648e-01,11.927534460
6412000000.000000,after_l1_08_fixed_fir_plus_l1_09_allpass,9.956378081852e-01,1.184333771010e-01,-4.362191814834e-03,1.184333771010e-01,11.851368499
6413000000.000000,after_l1_08_fixed_fir_plus_l1_09_allpass,9.956522960309e-01,1.162712110234e-01,-4.347703969102e-03,1.162712110234e-01,11.635246900
6414000000.000000,after_l1_08_fixed_fir_plus_l1_09_allpass,9.962490900094e-01,1.135246336132e-01,-3.750909990583e-03,1.135246336132e-01,11.358658267
6415000000.000000,after_l1_08_fixed_fir_plus_l1_09_allpass,9.963909423046e-01,1.177675916577e-01,-3.609057695389e-03,1.177675916577e-01,11.782287954
6416000000.000000,after_l1_08_fixed_fir_plus_l1_09_allpass,9.955714684666e-01,1.149565629405e-01,-4.428531533386e-03,1.149565629405e-01,11.504183263
6417000000.000000,after_l1_08_fixed_fir_plus_l1_09_allpass,9.959237168074e-01,1.125099144997e-01,-4.076283192602e-03,1.125099144997e-01,11.258373304
6418000000.000000,after_l1_08_fixed_fir_plus_l1_09_allpass,9.961837286357e-01,1.131494927964e-01,-3.816271364331e-03,1.131494927964e-01,11.321383152
6419000000.000000,after_l1_08_fixed_fir_plus_l1_09_allpass,9.956538681498e-01,1.146120393800e-01,-4.346131850198e-03,1.146120393800e-01,11.469441326
6420000000.000000,after_l1_08_fixed_fir_plus_l1_09_allpass,9.966818707361e-01,1.110322793698e-01,-3.318129263858e-03,1.110322793698e-01,11.108184840
6421000000.000000,after_l1_08_fixed_fir_plus_l1_09_allpass,9.968943484115e-01,1.090493154089e-01,-3.105651588494e-03,1.090493154089e-01,10.909352989
6422000000.000000,after_l1_08_fixed_fir_plus_l1_09_allpass,9.973638200871e-01,1.040981744944e-01,-2.636179912865e-03,1.040981744944e-01,10.413154843
6423000000.000000,after_l1_08_fixed_fir_plus_l1_09_allpass,9.974671119040e-01,1.109557448312e-01,-2.532888095966e-03,1.109557448312e-01,11.098465134
6424000000.000000,after_l1_08_fixed_fir_plus_l1_09_allpass,9.975285023450e-01,1.111847997354e-01,-2.471497654976e-03,1.111847997354e-01,11.121226548
6425000000.000000,after_l1_08_fixed_fir_plus_l1_09_allpass,9.975881633155e-01,1.033252828453e-01,-2.411836684493e-03,1.033252828453e-01,10.335342777
6426000000.000000,after_l1_08_fixed_fir_plus_l1_09_allpass,9.971236589678e-01,1.027384801237e-01,-2.876341032152e-03,1.027384801237e-01,10.277873630
6427000000.000000,after_l1_08_fixed_fir_plus_l1_09_allpass,9.964663304053e-01,1.067273908790e-01,-3.533669594738e-03,1.067273908790e-01,10.678587353
6428000000.000000,after_l1_08_fixed_fir_plus_l1_09_allpass,9.987060754012e-01,1.061080248026e-01,-1.293924598760e-03,1.061080248026e-01,10.611591383
6429000000.000000,after_l1_08_fixed_fir_plus_l1_09_allpass,9.972606482446e-01,1.018607028883e-01,-2.739351755388e-03,1.018607028883e-01,10.189753108
6430000000.000000,after_l1_08_fixed_fir_plus_l1_09_allpass,9.993983839547e-01,1.020661561038e-01,-6.016160453028e-04,1.020661561038e-01,10.206792916
6431000000.000000,after_l1_08_fixed_fir_plus_l1_09_allpass,9.966761992905e-01,1.062661926899e-01,-3.323800709483e-03,1.062661926899e-01,10.631816101
6432000000.000000,after_l1_08_fixed_fir_plus_l1_09_allpass,9.973805803340e-01,1.064506062523e-01,-2.619419665984e-03,1.064506062523e-01,10.648282928
6433000000.000000,after_l1_08_fixed_fir_plus_l1_09_allpass,9.988540925810e-01,1.021448546023e-01,-1.145907419007e-03,1.021448546023e-01,10.215128206
6434000000.000000,after_l1_08_fixed_fir_plus_l1_09_allpass,9.995240854615e-01,1.020613838304e-01,-4.759145384595e-04,1.020613838304e-01,10.206249342
6435000000.000000,after_l1_08_fixed_fir_plus_l1_09_allpass,9.979321415826e-01,1.039295948838e-01,-2.067858417429e-03,1.039295948838e-01,10.395016465
6436000000.000000,after_l1_08_fixed_fir_plus_l1_09_allpass,9.985903524499e-01,9.839799834740e-02,-1.409647550055e-03,9.839799834740e-02,9.840809512
6437000000.000000,after_l1_08_fixed_fir_plus_l1_09_allpass,9.983255548552e-01,1.013097286634e-01,-1.674445144793e-03,1.013097286634e-01,10.132356532
6438000000.000000,after_l1_08_fixed_fir_plus_l1_09_allpass,9.978984967754e-01,1.039813344151e-01,-2.101503224622e-03,1.039813344151e-01,10.400256835
6439000000.000000,after_l1_08_fixed_fir_plus_l1_09_allpass,9.986176094980e-01,1.078618245794e-01,-1.382390501993e-03,1.078618245794e-01,10.787068279
6440000000.000000,after_l1_08_fixed_fir_plus_l1_09_allpass,9.985560505353e-01,1.056529190986e-01,-1.443949464745e-03,1.056529190986e-01,10.566278581
6441000000.000000,after_l1_08_fixed_fir_plus_l1_09_allpass,9.984270488821e-01,1.050809518330e-01,-1.572951117942e-03,1.050809518330e-01,10.509272388
6442000000.000000,after_l1_08_fixed_fir_plus_l1_09_allpass,9.996495993042e-01,1.006562373911e-01,-3.504006957605e-04,1.006562373911e-01,10.065684729
6443000000.000000,after_l1_08_fixed_fir_plus_l1_09_allpass,9.976544302272e-01,1.030094720736e-01,-2.345569772831e-03,1.030094720736e-01,10.303617343
6444000000.000000,after_l1_08_fixed_fir_plus_l1_09_allpass,9.986476369340e-01,1.072458608515e-01,-1.352363066019e-03,1.072458608515e-01,10.725438712
6445000000.000000,after_l1_08_fixed_fir_plus_l1_09_allpass,1.000090572732e+00,1.029179173486e-01,9.057273231083e-05,1.029179173486e-01,10.291795720
6446000000.000000,after_l1_08_fixed_fir_plus_l1_09_allpass,9.993264565179e-01,1.087485669263e-01,-6.735434820943e-04,1.087485669263e-01,10.875065273
6447000000.000000,after_l1_08_fixed_fir_plus_l1_09_allpass,9.969451781490e-01,1.089793957901e-01,-3.054821851004e-03,1.089793957901e-01,10.902220252
6448000000.000000,after_l1_08_fixed_fir_plus_l1_09_allpass,9.981463615227e-01,1.110861634224e-01,-1.853638477294e-03,1.110861634224e-01,11.110162771
6449000000.000000,after_l1_08_fixed_fir_plus_l1_09_allpass,9.983167716122e-01,1.124587917216e-01,-1.683228387801e-03,1.124587917216e-01,11.247138789
6450000000.000000,after_l1_08_fixed_fir_plus_l1_09_allpass,9.977723778310e-01,1.144227612432e-01,-2.227622168953e-03,1.144227612432e-01,11.444444325
