{
  "combo": {
    "tap_num": 80,
    "regularization": 0.0001,
    "coeff_total_bits": 16,
    "coeff_frac_bits": 13,
    "format": "Q3.13"
  },
  "source_run_dir": "D:\\桌面\\Rigol\\L1-08_sim\\data\\h1_full_combined_random_20260528_023010",
  "source_graph_dir": "D:\\桌面\\Rigol\\L1-08_sim\\results\\h1_full_combined_random_20260528_023010",
  "copied_data_dir": "D:\\桌面\\Rigol\\sweep_result\\h1_1366789340_behavior_1224877734_qam_1756070480\\tap080_reg1em04_q3_13\\data",
  "copied_graph_dir": "D:\\桌面\\Rigol\\sweep_result\\h1_1366789340_behavior_1224877734_qam_1756070480\\tap080_reg1em04_q3_13\\graph",
  "metrics": {
    "run_name": "h1_full_combined_random_20260528_023010",
    "h1_ripple_db": 0.6345468328855539,
    "float_dense_ripple_db": 0.08079449482920956,
    "float_dense_pass_0p1db": true,
    "max_abs_coeff": 0.27632900098815527,
    "fixed_saturation_count": 0,
    "fixed_dense_ripple_db": 0.08554710947742697,
    "fixed_dense_pass_0p1db": true,
    "behavior_float_ripple_db": 0.06004794700591745,
    "behavior_fixed_ripple_db": 0.06255218993789606,
    "behavior_fixed_pass_0p1db": true,
    "qam_float_magnitude_only_evm_percent": 0.12866001196032942,
    "qam_fixed_magnitude_only_evm_percent": 0.13383934484016255
  }
}
