freq_hz,digital_w_rad_per_sample,original_phase_rad,allpass_phase_rad,compensated_phase_rad,original_group_delay_ns,allpass_group_delay_ns,compensated_group_delay_ns,target_delay_ns
5500000000.000000,1.439896632895,-75.094354665919,-1.701332843589,-76.795687509508,2.494355530,10.493044042,12.987399572,13.883519069
5501000000.000000,1.440158432283,-75.110027163935,-1.767262583741,-76.877289747676,2.347077910,10.506244019,12.853321929,13.883519069
5502000000.000000,1.440420231671,-75.123848916792,-1.833358199695,-76.957207116487,2.633873398,10.532151611,13.166025009,13.883519069
5503000000.000000,1.440682031059,-75.143125393208,-1.899613504257,-77.042738897465,2.708027174,10.557056523,13.265083697,13.883519069
5504000000.000000,1.440943830447,-75.157878989894,-1.966022084564,-77.123901074458,3.031211946,10.580923508,13.612135454,13.883519069
5505000000.000000,1.441205629834,-75.181216725929,-2.032577310495,-77.213794036424,2.930086111,10.603718731,13.533804842,13.883519069
5506000000.000000,1.441467429222,-75.194699537903,-2.099272344031,-77.293971881934,3.303566461,10.625409923,13.928976384,13.883519069
5507000000.000000,1.441729228610,-75.222730566425,-2.166100149521,-77.388830715946,3.170010432,10.645966518,13.815976950,13.883519069
5508000000.000000,1.441991027998,-75.234535063841,-2.233053504844,-77.467588568685,1.769935973,10.665359794,12.435295767,13.883519069
5509000000.000000,1.442252827386,-75.244972237826,-2.300125013429,-77.545097251255,2.329585768,10.683563009,13.013148777,13.883519069
5510000000.000000,1.442514626773,-75.263809501979,-2.367307117093,-77.631116619072,3.280447143,10.700551524,13.980998667,13.883519069
5511000000.000000,1.442776426161,-75.286195552400,-2.434592109659,-77.720787662059,3.092824708,10.716302927,13.809127635,13.883519069
5512000000.000000,1.443038225549,-75.302675083502,-2.501972151287,-77.804647234789,2.790896993,10.730797137,13.521694130,13.883519069
5513000000.000000,1.443300024937,-75.321266998358,-2.569439283471,-77.890706281829,2.390239939,10.744016510,13.134256449,13.883519069
5514000000.000000,1.443561824325,-75.332711724431,-2.636985444642,-77.969697169073,2.176432881,10.755945926,12.932378807,13.883519069
5515000000.000000,1.443823623712,-75.348616860560,-2.704602486291,-78.053219346851,2.859837121,10.766572868,13.626409989,13.883519069
5516000000.000000,1.444085423100,-75.368649497590,-2.772282189547,-78.140931687137,2.800002200,10.775887486,13.575889686,13.883519069
5517000000.000000,1.444347222488,-75.383802725932,-2.840016282139,-78.223819008071,2.499003557,10.783882654,13.282886211,13.883519069
5518000000.000000,1.444609021876,-75.400052902450,-2.907796455645,-78.307849358095,2.350314804,10.790554009,13.140868813,13.883519069
5519000000.000000,1.444870821264,-75.413337652816,-2.975614382952,-78.388952035768,2.467515299,10.795899974,13.263415273,13.883519069
5520000000.000000,1.445132620651,-75.431060614191,-3.043461735840,-78.474522350031,2.959398061,10.799921776,13.759319837,13.883519069
5521000000.000000,1.445394420039,-75.450526545651,-3.111330202601,-78.561856748252,2.837656984,10.802623441,13.640280425,13.883519069
5522000000.000000,1.445656219427,-75.466719663533,-3.179211505604,-78.645931169137,2.512898157,10.804011778,13.316909935,13.883519069
5523000000.000000,1.445918018815,-75.482104555209,-3.247097418721,-78.729201973930,2.351263005,10.804096352,13.155359357,13.883519069
5524000000.000000,1.446179818203,-75.496266505861,-3.314979784522,-78.811246290383,2.485767834,10.802889443,13.288657277,13.883519069
5525000000.000000,1.446441617590,-75.513341635073,-3.382850531167,-78.896192166240,2.847087681,10.800405984,13.647493665,13.883519069
5526000000.000000,1.446703416978,-75.532044064836,-3.450701688897,-78.982745753733,2.462930670,10.796663496,13.259594166,13.883519069
5527000000.000000,1.446965216366,-75.544291734666,-3.518525406060,-79.062817140726,2.252559008,10.791682011,13.044241019,13.883519069
5528000000.000000,1.447227015754,-75.560350556162,-3.586313964595,-79.146664520757,3.124478632,10.785483972,13.909962604,13.883519069
5529000000.000000,1.447488815141,-75.583555091138,-3.654059794903,-79.237614886041,2.540885151,10.778094137,13.318979288,13.883519069
5530000000.000000,1.447750614529,-75.592280260655,-3.721755490040,-79.314035750695,2.097959437,10.769539467,12.867498904,13.883519069
5531000000.000000,1.448012413917,-75.609918826956,-3.789393819187,-79.399312646143,2.970599957,10.759849000,13.730448957,13.883519069
5532000000.000000,1.448274213305,-75.629609920662,-3.856967740331,-79.486577660993,2.514397892,10.749053731,13.263451623,13.883519069
5533000000.000000,1.448536012693,-75.641515682743,-3.924470412123,-79.565986094866,2.352115288,10.737186470,13.089301758,13.883519069
5534000000.000000,1.448797812080,-75.659167473093,-3.991895204868,-79.651062677961,2.355511902,10.724281707,13.079793609,13.883519069
5535000000.000000,1.449059611468,-75.671115918286,-4.059235710629,-79.730351628915,2.533854068,10.710375467,13.244229535,13.883519069
5536000000.000000,1.449321410856,-75.691008822398,-4.126485752404,-79.817494574802,3.006369228,10.695505160,13.701874388,13.883519069
5537000000.000000,1.449583210244,-75.708895068204,-4.193639392376,-79.902534460580,2.793125560,10.679709435,13.472834995,13.883519069
5538000000.000000,1.449845009632,-75.726108273360,-4.260690939215,-79.986799212575,2.537070239,10.663028027,13.200098266,13.883519069
5539000000.000000,1.450106809019,-75.740776833108,-4.327634954432,-80.068411787540,2.389305576,10.645501608,13.034807184,13.883519069
5540000000.000000,1.450368608407,-75.756133172733,-4.394466257796,-80.150599430529,2.842389132,10.627171637,13.469560769,13.883519069
5541000000.000000,1.450630407795,-75.776495348369,-4.461179931804,-80.237675280173,2.758528068,10.608080212,13.366608280,13.883519069
5542000000.000000,1.450892207183,-75.790797858782,-4.527771325241,-80.318569184023,2.525279153,10.588269924,13.113549077,13.883519069
5543000000.000000,1.451154006571,-75.808228942112,-4.594236055840,-80.402464997952,2.980611643,10.567783721,13.548395364,13.883519069
5544000000.000000,1.451415805958,-75.828253329341,-4.660570012056,-80.488823341397,2.727318280,10.546664764,13.273983044,13.883519069
5545000000.000000,1.451677605346,-75.842501434402,-4.726769354013,-80.569270788415,3.047061797,10.524956300,13.572018097,13.883519069
5546000000.000000,1.451939404734,-75.866543837164,-4.792830513618,-80.659374350782,3.006027783,10.502701532,13.508729315,13.883519069
5547000000.000000,1.452201204122,-75.880276293594,-4.858750193916,-80.739026487510,2.792276309,10.479943503,13.272219812,13.883519069
5548000000.000000,1.452463003510,-75.901632616126,-4.924525367700,-80.826157983826,2.971947282,10.456724980,13.428672262,13.883519069
5549000000.000000,1.452724802897,-75.917622884580,-4.990153275431,-80.907776160011,2.848706998,10.433088345,13.281795343,13.883519069
5550000000.000000,1.452986602285,-75.937430524029,-5.055631422501,-80.993061946530,2.792626525,10.409075499,13.201702024,13.883519069
5551000000.000000,1.453248401673,-75.952716064478,-5.120957575900,-81.073673640378,3.023600187,10.384727764,13.408327951,13.883519069
5552000000.000000,1.453510201061,-75.975426204572,-5.186129760317,-81.161555964889,2.976406573,10.360085805,13.336492378,13.883519069
5553000000.000000,1.453772000449,-75.990118692579,-5.251146253727,-81.241264946306,2.602567247,10.335189546,12.937756793,13.883519069
5554000000.000000,1.454033799836,-76.008131029147,-5.316005582520,-81.324136611667,3.346035091,10.310078101,13.656113192,13.883519069
5555000000.000000,1.454295599224,-76.032166209624,-5.380706516204,-81.412872725828,3.541039204,10.284789712,13.825828916,13.883519069
5556000000.000000,1.454557398612,-76.052629040150,-5.445248061737,-81.497877101887,2.838062963,10.259361695,13.097424658,13.883519069
5557000000.000000,1.454819198000,-76.067830360641,-5.509629457532,-81.577459818173,2.762427054,10.233830386,12.996257440,13.883519069
5558000000.000000,1.455080997388,-76.087342722301,-5.573850167175,-81.661192889476,3.327131911,10.208231104,13.535363015,13.883519069
5559000000.000000,1.455342796775,-76.109640333314,-5.637909872906,-81.747550206220,3.096452229,10.182598114,13.279050343,13.883519069
5560000000.000000,1.455604596163,-76.126253888595,-5.701808468896,-81.828062357491,3.492318191,10.156964598,13.649282789,13.883519069
5561000000.000000,1.455866395551,-76.153526098008,-5.765546054365,-81.919072152373,3.541284675,10.131362633,13.672647308,13.883519069
5562000000.000000,1.456128194939,-76.170754984268,-5.829122926573,-81.999877910841,2.799043950,10.105823174,12.904867124,13.883519069
5563000000.000000,1.456389994327,-76.188699921650,-5.892539573728,-82.081239495378,3.864773596,10.080376041,13.945149637,13.883519069
5564000000.000000,1.456651793714,-76.219321161610,-5.955796667833,-82.175117829443,3.471820704,10.055049916,13.526870620,13.883519069
5565000000.000000,1.456913593102,-76.232328107326,-6.018895057513,-82.251223164839,2.385057576,10.029872338,12.414929914,13.883519069
5566000000.000000,1.457175392490,-76.249292679047,-6.081835760845,-82.331128439892,3.880967389,10.004869709,13.885837098,13.883519069
5567000000.000000,1.457437191878,-76.281097781883,-6.144619958220,-82.425717740103,3.869698606,9.980067297,13.849765903,13.883519069
5568000000.000000,1.457698991266,-76.297920745899,-6.207248985261,-82.505169731160,3.206413736,9.955489253,13.161902989,13.883519069
5569000000.000000,1.457960790653,-76.321390765230,-6.269724325816,-82.591115091046,3.504925689,9.931158616,13.436084305,13.883519069
5570000000.000000,1.458222590041,-76.341964941086,-6.332047605058,-82.674012546144,3.417625224,9.907097339,13.324722563,13.883519069
5571000000.000000,1.458484389429,-76.364337910413,-6.394220582693,-82.758558493106,3.882759494,9.883326305,13.766085799,13.883519069
5572000000.000000,1.458746188817,-76.390757135892,-6.456245146305,-82.847002282197,4.159468146,9.859865347,14.019333493,13.883519069
5573000000.000000,1.459007988205,-76.416607328697,-6.518123304849,-82.934730633546,3.863887650,9.836733277,13.700620927,13.883519069
5574000000.000000,1.459269787592,-76.439312180120,-6.579857182301,-83.019169362421,3.801046102,9.813947910,13.614994012,13.883519069
5575000000.000000,1.459531586980,-76.464372682739,-6.641449011482,-83.105821694221,3.778962540,9.791526092,13.570488632,13.883519069
5576000000.000000,1.459793386368,-76.486800023931,-6.702901128058,-83.189701151989,3.392974091,9.769483729,13.162457820,13.883519069
5577000000.000000,1.460055185756,-76.507010052655,-6.764215964729,-83.271226017384,3.748978586,9.747835816,13.496814402,13.883519069
5578000000.000000,1.460316985144,-76.533911078272,-6.825396045611,-83.359307123883,4.301297872,9.726596472,14.027894344,13.883519069
5579000000.000000,1.460578784531,-76.561061755842,-6.886443980818,-83.447505736660,4.039419252,9.705778969,13.745198221,13.883519069
5580000000.000000,1.460840583919,-76.584671917656,-6.947362461236,-83.532034378892,3.550961677,9.685395762,13.236357439,13.883519069
5581000000.000000,1.461102383307,-76.605684456307,-7.008154253514,-83.613838709821,3.757312068,9.665458528,13.422770596,13.883519069
5582000000.000000,1.461364182695,-76.631887693619,-7.068822195251,-83.700709888870,4.337809666,9.645978190,13.983787856,13.883519069
5583000000.000000,1.461625982083,-76.660194980223,-7.129369190389,-83.789564170612,4.269785199,9.626964959,13.896750158,13.883519069
5584000000.000000,1.461887781470,-76.685543396873,-7.189798204813,-83.875341601686,3.907403358,9.608428357,13.515831715,13.883519069
5585000000.000000,1.462149580858,-76.709296858963,-7.250112262150,-83.959409121113,4.116696715,9.590377258,13.707073973,13.883519069
5586000000.000000,1.462411380246,-76.737275333505,-7.310314439774,-84.047589773279,4.494810341,9.572819913,14.067630254,13.883519069
5587000000.000000,1.462673179634,-76.765780311544,-7.370407865005,-84.136188176549,4.408967902,9.555763984,13.964731886,13.883519069
5588000000.000000,1.462934979022,-76.792680058194,-7.430395711504,-84.223075769698,4.066433661,9.539216575,13.605650236,13.883519069
5589000000.000000,1.463196778409,-76.816880624005,-7.490281195857,-84.307161819862,4.650793748,9.523184261,14.173978009,13.883519069
5590000000.000000,1.463458577797,-76.851123656078,-7.550067574352,-84.401191230430,4.483798411,9.507673117,13.991471528,13.883519069
5591000000.000000,1.463720377185,-76.873225696601,-7.609758139925,-84.482983836526,4.097608360,9.492688749,13.590297109,13.883519069
5592000000.000000,1.463982176573,-76.902615721361,-7.669356219298,-84.571971940659,4.421515419,9.478236319,13.899751738,13.883519069
5593000000.000000,1.464243975961,-76.928788098035,-7.728865170278,-84.657653268313,4.627629022,9.464320573,14.091949595,13.883519069
5594000000.000000,1.464505775348,-76.960768222715,-7.788288379226,-84.749056601941,4.467891138,9.450945866,13.918837004,13.883519069
5595000000.000000,1.464767574736,-76.984933273934,-7.847629258684,-84.832562532618,4.425405670,9.438116189,13.863521859,13.883519069
5596000000.000000,1.465029374124,-77.016379510484,-7.906891245163,-84.923270755647,4.764172307,9.425835193,14.190007500,13.883519069
5597000000.000000,1.465291173512,-77.044801628809,-7.966077797069,-85.010879425878,4.322803031,9.414106208,13.736909239,13.883519069
5598000000.000000,1.465552972900,-77.070701455463,-8.025192392781,-85.095893848244,4.883989315,9.402932272,14.286921587,13.883519069
5599000000.000000,1.465814772287,-77.106175648613,-8.084238528860,-85.190414177473,4.570214346,9.392316146,13.962530492,13.883519069
5600000000.000000,1.466076571675,-77.128132462723,-8.143219718393,-85.271352181116,4.386831873,9.382260337,13.769092210,13.883519069
5601000000.000000,1.466338371063,-77.161302203756,-8.202139489457,-85.363441693213,5.229814738,9.372767120,14.602581858,13.883519069
5602000000.000000,1.466600170451,-77.193852252959,-8.261001383703,-85.454853636662,4.543386482,9.363838550,13.907225032,13.883519069
5603000000.000000,1.466861969839,-77.218396082136,-8.319808955053,-85.538205037189,4.394472563,9.355476486,13.749949049,13.883519069
5604000000.000000,1.467123769226,-77.249074823837,-8.378565768500,-85.627640592337,4.983661715,9.347682602,14.331344317,13.883519069
5605000000.000000,1.467385568614,-77.281022622264,-8.437275399013,-85.718298021277,4.930786044,9.340458406,14.271244450,13.883519069
5606000000.000000,1.467647368002,-77.311036908691,-8.495941430532,-85.806978339223,4.963188485,9.333805252,14.296993737,13.883519069
5607000000.000000,1.467909167390,-77.343391888191,-8.554567455053,-85.897959343244,4.777729563,9.327724357,14.105453920,13.883519069
5608000000.000000,1.468170966778,-77.371075629074,-8.613157071795,-85.984232700869,4.803655287,9.322216811,14.125872098,13.883519069
5609000000.000000,1.468432766165,-77.403756400834,-8.671713886445,-86.075470287279,4.926581015,9.317283587,14.243864602,13.883519069
5610000000.000000,1.468694565553,-77.432984871975,-8.730241510471,-86.163226382446,4.451640959,9.312925557,13.764566516,13.883519069
5611000000.000000,1.468956364941,-77.459697370972,-8.788743560504,-86.248440931476,4.745334689,9.309143499,14.054478188,13.883519069
5612000000.000000,1.469218164329,-77.492616506369,-8.847223657781,-86.339840164150,5.373652556,9.305938104,14.679590660,13.883519069
5613000000.000000,1.469479963717,-77.527224680540,-8.905685427634,-86.432910108174,4.899014785,9.303309989,14.202324774,13.883519069
5614000000.000000,1.469741763104,-77.554179341801,-8.964132499041,-86.518311840842,4.985588094,9.301259700,14.286847794,13.883519069
5615000000.000000,1.470003562492,-77.589875428259,-9.022568504211,-86.612443932470,5.284993364,9.299787723,14.584781087,13.883519069
5616000000.000000,1.470265361880,-77.620592527108,-9.080997078208,-86.701589605316,5.075359704,9.298894485,14.374254189,13.883519069
5617000000.000000,1.470527161268,-77.653654279306,-9.139421858618,-86.793076137924,4.843382788,9.298580362,14.141963150,13.883519069
5618000000.000000,1.470788960656,-77.681456270250,-9.197846485231,-86.879302755481,5.268673508,9.298845683,14.567519191,13.883519069
5619000000.000000,1.471050760043,-77.719862383257,-9.256274599755,-86.976136983012,5.483562437,9.299690730,14.783253167,13.883519069
5620000000.000000,1.471312559431,-77.750364748125,-9.314709845548,-87.065074593673,4.743083847,9.301115747,14.044199594,13.883519069
5621000000.000000,1.471574358819,-77.779465732736,-9.373155867356,-87.152621600092,5.236743912,9.303120933,14.539864845,13.883519069
5622000000.000000,1.471836158207,-77.816171612935,-9.431616311066,-87.247787924001,5.342265855,9.305706452,14.647972307,13.883519069
5623000000.000000,1.472097957595,-77.846598625391,-9.490094823460,-87.336693448851,4.761574817,9.308872425,14.070447242,13.883519069
5624000000.000000,1.472359756982,-77.876007326793,-9.548595051964,-87.424602378757,4.935410820,9.312618936,14.248029756,13.883519069
5625000000.000000,1.472621556370,-77.908618826883,-9.607120644395,-87.515739471278,5.086236784,9.316946024,14.403182808,13.883519069
5626000000.000000,1.472883355758,-77.939922863257,-9.665675248692,-87.605598111949,4.736678032,9.321853686,14.058531718,13.883519069
5627000000.000000,1.473145155146,-77.968141678519,-9.724262512629,-87.692404191148,4.908503841,9.327341873,14.235845714,13.883519069
5628000000.000000,1.473406954534,-78.001604941689,-9.782886083510,-87.784491025199,5.293550638,9.333410481,14.626961119,13.883519069
5629000000.000000,1.473668753921,-78.034662397698,-9.841549607834,-87.876212005532,5.035932564,9.340059355,14.375991919,13.883519069
5630000000.000000,1.473930553309,-78.064888336675,-9.900256730926,-87.965145067601,5.067434585,9.347288275,14.414722860,13.883519069
5631000000.000000,1.474192352697,-78.098341658753,-9.959011096533,-88.057352755286,5.023200287,9.355096954,14.378297241,13.883519069
5632000000.000000,1.474454152085,-78.128011733149,-10.017816346379,-88.145828079528,5.138062976,9.363485030,14.501548006,13.883519069
5633000000.000000,1.474715951473,-78.162908462351,-10.076676119660,-88.239584582011,5.347404367,9.372452058,14.719856425,13.883519069
5634000000.000000,1.474977750860,-78.195209198252,-10.135594052505,-88.330803250757,4.611381650,9.381997501,13.993379151,13.883519069
5635000000.000000,1.475239550248,-78.220856793211,-10.194573777357,-88.415430570568,5.023932353,9.392120718,14.416053071,13.883519069
5636000000.000000,1.475501349636,-78.258341794136,-10.253618922306,-88.511960716442,5.536982815,9.402820959,14.939803774,13.883519069
5637000000.000000,1.475763149024,-78.290436571354,-10.312733110342,-88.603169681696,4.917863282,9.414097344,14.331960626,13.883519069
5638000000.000000,1.476024948412,-78.320141486770,-10.371919958536,-88.692061445306,4.642699217,9.425948862,14.068648079,13.883519069
5639000000.000000,1.476286747799,-78.348778450361,-10.431183077138,-88.779961527499,5.211147194,9.438374348,14.649521542,13.883519069
5640000000.000000,1.476548547187,-78.385626693742,-10.490526068588,-88.876152762330,5.113648883,9.451372472,14.565021355,13.883519069
5641000000.000000,1.476810346575,-78.413038457421,-10.549952526436,-88.962990983857,4.679560947,9.464941726,14.144502673,13.883519069
5642000000.000000,1.477072145963,-78.444431790909,-10.609466034157,-89.053897825066,5.128888029,9.479080404,14.607968433,13.883519069
5643000000.000000,1.477333945351,-78.477489965237,-10.669070163870,-89.146560129107,4.837775045,9.493786586,14.331561631,13.883519069
5644000000.000000,1.477595744738,-78.505225065077,-10.728768474935,-89.233993540012,4.716363637,9.509058123,14.225421760,13.883519069
5645000000.000000,1.477857544126,-78.536757538652,-10.788564512442,-89.325322051094,4.728759542,9.524892613,14.253652155,13.883519069
5646000000.000000,1.478119343514,-78.564648410033,-10.848461805571,-89.413110215604,4.539173727,9.541287382,14.080461109,13.883519069
5647000000.000000,1.478381142902,-78.593798477986,-10.908463865824,-89.502262343810,4.892803515,9.558239466,14.451042981,13.883519069
5648000000.000000,1.478642942290,-78.626133192342,-10.968574185126,-89.594707377468,5.130694468,9.575745587,14.706440055,13.883519069
5649000000.000000,1.478904741677,-78.658272686177,-11.028796233774,-89.687068919951,4.771869385,9.593802126,14.365671511,13.883519069
5650000000.000000,1.479166541065,-78.686098271563,-11.089133458248,-89.775231729811,4.668250249,9.612405109,14.280655358,13.883519069
5651000000.000000,1.479428340453,-78.716935648923,-11.149589278865,-89.866524927788,4.590365674,9.631550170,14.221915844,13.883519069
5652000000.000000,1.479690139841,-78.743782507882,-11.210167087275,-89.953949595157,4.854714569,9.651232535,14.505947104,13.883519069
5653000000.000000,1.479951939229,-78.777941791422,-11.270870243785,-90.048812035207,4.809039152,9.671446990,14.480486142,13.883519069
5654000000.000000,1.480213738616,-78.804214676168,-11.331702074526,-90.135916750694,4.478086109,9.692187854,14.170273963,13.883519069
5655000000.000000,1.480475538004,-78.834215081105,-11.392665868428,-90.226880949533,4.818784502,9.713448954,14.532233456,13.883519069
5656000000.000000,1.480737337392,-78.864769308126,-11.453764874027,-90.318534182153,4.513812730,9.735223591,14.249036321,13.883519069
5657000000.000000,1.480999136780,-78.890937324757,-11.515002296081,-90.405939620838,4.099022204,9.757504512,13.856526716,13.883519069
5658000000.000000,1.481260936168,-78.916279140300,-11.576381291994,-90.492660432294,4.400440670,9.780283882,14.180724552,13.883519069
5659000000.000000,1.481522735555,-78.946234893081,-11.637904968051,-90.584139861132,4.940096706,9.803553249,14.743649955,13.883519069
5660000000.000000,1.481784534943,-78.978358226374,-11.699576375455,-90.677934601829,4.383989252,9.827303515,14.211292767,13.883519069
5661000000.000000,1.482046334331,-79.001325726795,-11.761398506157,-90.762724232952,4.291650926,9.851524903,14.143175829,13.883519069
5662000000.000000,1.482308133719,-79.032288702457,-11.823374288496,-90.855662990953,4.685744294,9.876206924,14.561951218,13.883519069
5663000000.000000,1.482569933107,-79.060208526203,-11.885506582625,-90.945715108828,4.248348672,9.901338346,14.149687018,13.883519069
5664000000.000000,1.482831732494,-79.085675026366,-11.947798175734,-91.033473202100,3.797251065,9.926907162,13.724158227,13.883519069
5665000000.000000,1.483093531882,-79.107926190402,-12.010251777076,-91.118177967478,4.358735071,9.952900554,14.311635625,13.883519069
5666000000.000000,1.483355331270,-79.140448506674,-12.072870012781,-91.213318519455,4.542687407,9.979304864,14.521992271,13.883519069
5667000000.000000,1.483617130658,-79.165011283938,-12.135655420475,-91.300666704413,3.953817478,10.006105564,13.959923042,13.883519069
5668000000.000000,1.483878930046,-79.190133642440,-12.198610443699,-91.388744086139,3.889021624,10.033287218,13.922308842,13.883519069
5669000000.000000,1.484140729433,-79.213882170997,-12.261737426134,-91.475619597131,4.315036793,10.060833460,14.375870253,13.883519069
5670000000.000000,1.484402528821,-79.244357993994,-12.325038605641,-91.569396599635,3.951070399,10.088726959,14.039797358,13.883519069
5671000000.000000,1.484664328209,-79.263532785959,-12.388516108124,-91.652048894083,3.744901641,10.116949394,13.861851035,13.883519069
5672000000.000000,1.484926127597,-79.291417815930,-12.452171941216,-91.743589757146,4.282857933,10.145481428,14.428339361,13.883519069
5673000000.000000,1.485187926985,-79.317352766033,-12.516007987809,-91.833360753842,3.693477810,10.174302680,13.867780490,13.883519069
5674000000.000000,1.485449726372,-79.337831426946,-12.580025999438,-91.917857426384,3.669159176,10.203391707,13.872550883,13.883519069
5675000000.000000,1.485711525760,-79.363460780079,-12.644227589524,-92.007688369603,4.238512263,10.232725981,14.471238244,13.883519069
5676000000.000000,1.485973325148,-79.391094142898,-12.708614226511,-92.099708369409,4.252075858,10.262281873,14.514357731,13.883519069
5677000000.000000,1.486235124536,-79.416893941187,-12.773187226894,-92.190081168081,3.555029191,10.292034640,13.847063831,13.883519069
5678000000.000000,1.486496923924,-79.435767957263,-12.837947748170,-92.273715705433,3.332462633,10.321958409,13.654421042,13.883519069
5679000000.000000,1.486758723311,-79.458770901695,-12.902896781733,-92.361667683428,3.431952636,10.352026178,13.783978814,13.883519069
5680000000.000000,1.487020522699,-79.478895146013,-12.968035145737,-92.446930291750,3.901009277,10.382209806,14.283219083,13.883519069
5681000000.000000,1.487282322087,-79.507792430036,-13.033363477951,-92.541155907987,3.728501977,10.412480017,14.140981994,13.883519069
5682000000.000000,1.487544121475,-79.525748883697,-13.098882228639,-92.624631112336,3.609667502,10.442806405,14.052473907,13.883519069
5683000000.000000,1.487805920863,-79.553152849667,-13.164591653486,-92.717744503153,3.619748592,10.473157447,14.092906039,13.883519069
5684000000.000000,1.488067720250,-79.571235986036,-13.230491806623,-92.801727792659,3.275371056,10.503500519,13.778871575,13.883519069
5685000000.000000,1.488329519638,-79.594312376255,-13.296582533760,-92.890894910015,2.970928153,10.533801917,13.504730070,13.883519069
5686000000.000000,1.488591319026,-79.608569770280,-13.362863465490,-92.971433235770,3.005216337,10.564026885,13.569243222,13.883519069
5687000000.000000,1.488853118414,-79.632077038524,-13.429334010781,-93.061411049305,3.919375400,10.594139654,14.513515054,13.883519069
5688000000.000000,1.489114917802,-79.657822094138,-13.495993350717,-93.153815444855,3.631494669,10.624103476,14.255598145,13.883519069
5689000000.000000,1.489376717189,-79.677711746416,-13.562840432508,-93.240552178924,3.261679097,10.653880681,13.915559778,13.883519069
5690000000.000000,1.489638516577,-79.698809562494,-13.629873963836,-93.328683526330,3.701484979,10.683432725,14.384917704,13.883519069
5691000000.000000,1.489900315965,-79.724225978490,-13.697092407567,-93.421318386057,3.199646777,10.712720258,13.912367035,13.883519069
5692000000.000000,1.490162115353,-79.739017509729,-13.764493976881,-93.503511486610,2.740535210,10.741703188,13.482238398,13.883519069
5693000000.000000,1.490423914741,-79.758664559624,-13.832076630860,-93.590741190484,3.323283633,10.770340766,14.093624399,13.883519069
5694000000.000000,1.490685714128,-79.780779123518,-13.899838070592,-93.680617194110,3.216517914,10.798591665,14.015109579,13.883519069
5695000000.000000,1.490947513516,-79.799084515824,-13.967775735830,-93.766860251654,2.714032614,10.826414072,13.540446686,13.883519069
5696000000.000000,1.491209312904,-79.814884663200,-14.035886802250,-93.850771465450,3.180744343,10.853765794,14.034510137,13.883519069
5697000000.000000,1.491471112292,-79.839054928070,-14.104168179361,-93.943223107431,3.068301540,10.880604357,13.948905897,13.883519069
5698000000.000000,1.491732911680,-79.853442077508,-14.172616509104,-94.026058586612,2.454452527,10.906887122,13.361339649,13.883519069
5699000000.000000,1.491994711067,-79.869898488174,-14.241228165190,-94.111126653364,3.371493329,10.932571410,14.304064739,13.883519069
5700000000.000000,1.492256510455,-79.895809512206,-14.309999253205,-94.205808765411,3.062582278,10.957614618,14.020196896,13.883519069
5701000000.000000,1.492518309843,-79.908384032119,-14.378925611526,-94.287309643645,2.490830809,10.981974360,13.472805169,13.883519069
5702000000.000000,1.492780109231,-79.927110215287,-14.448002813092,-94.375113028379,2.928179377,11.005608600,13.933787977,13.883519069
5703000000.000000,1.493041908619,-79.945180619397,-14.517226168031,-94.462406787428,3.133434676,11.028475792,14.161910468,13.883519069
5704000000.000000,1.493303708006,-79.966486116718,-14.586590727202,-94.553076843920,3.091003462,11.050535025,14.141538487,13.883519069
5705000000.000000,1.493565507394,-79.984023314476,-14.656091286647,-94.640114601123,2.527748502,11.071746175,13.599494677,13.883519069
5706000000.000000,1.493827306782,-79.998250741217,-14.725722392983,-94.723973134200,2.718801566,11.092070047,13.810871613,13.883519069
5707000000.000000,1.494089106170,-80.018188782579,-14.795478349735,-94.813667132314,3.033437032,11.111468532,14.144905564,13.883519069
5708000000.000000,1.494350905558,-80.036370035194,-14.865353224622,-94.901723259816,2.377822025,11.129904754,13.507726779,13.883519069
5709000000.000000,1.494612704945,-80.048069375394,-14.935340857782,-94.983410233176,2.518379917,11.147343224,13.665723141,13.883519069
5710000000.000000,1.494874504333,-80.068016930574,-15.005434870943,-95.073451801517,2.759726192,11.163749982,13.923476174,13.883519069
5711000000.000000,1.495136303721,-80.082749117514,-15.075628677505,-95.158377795019,2.068007337,11.179092747,13.247100084,13.883519069
5712000000.000000,1.495398103109,-80.094004277205,-15.145915493528,-95.239919770733,2.258144481,11.193341052,13.451485533,13.883519069
5713000000.000000,1.495659902497,-80.111125797967,-15.216288349578,-95.327414147545,2.961897137,11.206466386,14.168363523,13.883519069
5714000000.000000,1.495921701884,-80.131224574349,-15.286740103413,-95.417964677762,2.844746500,11.218442317,14.063188817,13.883519069
5715000000.000000,1.496183501272,-80.146873936796,-15.357263453452,-95.504137390248,2.104433826,11.229244616,13.333678442,13.883519069
5716000000.000000,1.496445300660,-80.157669669737,-15.427850952981,-95.585520622718,2.590011111,11.238851370,13.828862481,13.883519069
5717000000.000000,1.496707100048,-80.179420976312,-15.498495025043,-95.677916001355,2.929432181,11.247243082,14.176675263,13.883519069
5718000000.000000,1.496968899436,-80.194482000210,-15.569187977936,-95.763669978146,2.346833677,11.254402769,13.601236446,13.883519069
5719000000.000000,1.497230698823,-80.208912158071,-15.639922021276,-95.848834179347,2.597438846,11.260316040,13.857754886,13.883519069
5720000000.000000,1.497492498211,-80.227122379394,-15.710689282526,-95.937811661920,2.891337269,11.264971168,14.156308437,13.883519069
5721000000.000000,1.497754297599,-80.245245773767,-15.781481823928,-96.026727597695,2.516129053,11.268359145,13.784488198,13.883519069
5722000000.000000,1.498016096987,-80.258740989592,-15.852291659754,-96.111032649346,1.912492687,11.270473728,13.182966415,13.883519069
5723000000.000000,1.498277896375,-80.269278865673,-15.923110773797,-96.192389639470,2.092621704,11.271311470,13.363933174,13.883519069
5724000000.000000,1.498539695762,-80.285037649480,-15.993931136999,-96.278968786479,2.464464403,11.270871734,13.735336137,13.883519069
5725000000.000000,1.498801495150,-80.300248238731,-16.064744725158,-96.364992963889,2.836962139,11.269156699,14.106118838,13.883519069
5726000000.000000,1.499063294538,-80.320687967136,-16.135543536590,-96.456231503726,2.823608939,11.266171346,14.089780285,13.883519069
5727000000.000000,1.499325093926,-80.335730755127,-16.206319609694,-96.542050364821,2.444631435,11.261923435,13.706554870,13.883519069
5728000000.000000,1.499586893314,-80.351408111764,-16.277065040302,-96.628473152066,2.246522766,11.256423465,13.502946231,13.883519069
5729000000.000000,1.499848692701,-80.363961392803,-16.347771998753,-96.711733391556,2.385963358,11.249684625,13.635647983,13.883519069
5730000000.000000,1.500110492089,-80.381391011589,-16.418432746595,-96.799823758184,2.690651625,11.241722723,13.932374348,13.883519069
5731000000.000000,1.500372291477,-80.397773118312,-16.489039652838,-96.886812771150,2.059866781,11.232556116,13.292422897,13.883519069
5732000000.000000,1.500634090865,-80.407276060972,-16.559585209694,-96.966861270666,2.851173070,11.222205616,14.073378686,13.883519069
5733000000.000000,1.500895890253,-80.433602015796,-16.630062047715,-97.063664063511,3.023615525,11.210694393,14.234309918,13.883519069
5734000000.000000,1.501157689640,-80.445271934253,-16.700462950278,-97.145734884531,1.900760906,11.198047867,13.098808773,13.883519069
5735000000.000000,1.501419489028,-80.457487681790,-16.770780867365,-97.228268549155,2.253666066,11.184293587,13.437959653,13.883519069
5736000000.000000,1.501681288416,-80.473592337284,-16.841008928557,-97.314601265841,2.404649592,11.169461109,13.574110701,13.883519069
5737000000.000000,1.501943087804,-80.487705399764,-16.911140455229,-97.398845854993,2.492791219,11.153581859,13.646373078,13.883519069
5738000000.000000,1.502204887192,-80.504917675608,-16.981168971881,-97.486086647489,2.602927232,11.136688998,13.739616230,13.883519069
5739000000.000000,1.502466686579,-80.520414748046,-17.051088216589,-97.571502964635,2.791363785,11.118817274,13.910181059,13.883519069
5740000000.000000,1.502728485967,-80.539994987452,-17.120892150542,-97.660887137994,2.743797365,11.100002883,13.843800248,13.883519069
5741000000.000000,1.502990285355,-80.554894322621,-17.190574966641,-97.745469289262,2.386049481,11.080283313,13.466332794,13.883519069
5742000000.000000,1.503252084743,-80.569978969533,-17.260131097169,-97.830110066702,2.599105461,11.059697196,13.658802657,13.883519069
5743000000.000000,1.503513884131,-80.587555645109,-17.329555220494,-97.917110865603,2.706485282,11.038284158,13.744769440,13.883519069
5744000000.000000,1.503775683518,-80.603989666643,-17.398842266842,-98.002831933485,2.350193083,11.016084666,13.366277749,13.883519069
5745000000.000000,1.504037482906,-80.617089042411,-17.467987423119,-98.085076465530,2.253729419,10.993139882,13.246869301,13.883519069
5746000000.000000,1.504299282294,-80.632310865791,-17.536986136811,-98.169297002602,2.720971462,10.969491517,13.690462979,13.883519069
5747000000.000000,1.504561081682,-80.651281778239,-17.605834118971,-98.257115897210,2.587461809,10.945181686,13.532643495,13.883519069
5748000000.000000,1.504822881070,-80.664825869837,-17.674527346324,-98.339353216161,2.519469958,10.920252773,13.439722731,13.883519069
5749000000.000000,1.505084680457,-80.682942371480,-17.743062062519,-98.426004433999,3.359746292,10.894747292,14.254493584,13.883519069
5750000000.000000,1.505346479845,-80.707045686908,-17.811434778546,-98.518480465455,2.961550469,10.868707763,13.830258232,13.883519069
5751000000.000000,1.505608279233,-80.720158312268,-17.879642272374,-98.599800584642,2.461604008,10.842176589,13.303780597,13.883519069
5752000000.000000,1.505870078621,-80.737979115182,-17.947681587828,-98.685660703010,2.666061284,10.815195936,13.481257220,13.883519069
5753000000.000000,1.506131878009,-80.753661026447,-18.015550032767,-98.769211059214,2.620260266,10.787807627,13.408067893,13.883519069
5754000000.000000,1.506393677396,-80.770906276788,-18.083245176588,-98.854151453376,2.918046116,10.760053041,13.678099157,13.883519069
5755000000.000000,1.506655476784,-80.790330275413,-18.150764847112,-98.941095122525,2.925596250,10.731973013,13.657569263,13.883519069
5756000000.000000,1.506917276172,-80.807670403529,-18.218107126892,-99.025777530421,2.856111694,10.703607748,13.559719442,13.883519069
5757000000.000000,1.507179075560,-80.826221233476,-18.285270348990,-99.111491582466,3.360972901,10.674996744,14.035969645,13.883519069
5758000000.000000,1.507440874948,-80.849905634627,-18.352253092282,-99.202158726909,3.199362716,10.646178712,13.845541428,13.883519069
5759000000.000000,1.507702674335,-80.866425611089,-18.419054176314,-99.285479787403,2.632231200,10.617191518,13.249422718,13.883519069
5760000000.000000,1.507964473723,-80.882983227433,-18.485672655775,-99.368655883208,2.854336066,10.588072117,13.442408183,13.883519069
5761000000.000000,1.508226273111,-80.902294255950,-18.552107814629,-99.454402070579,3.567560124,10.558856510,14.126416634,13.883519069
5762000000.000000,1.508488072499,-80.927814510144,-18.618359159943,-99.546173670087,2.853001671,10.529579693,13.382581364,13.883519069
5763000000.000000,1.508749871886,-80.938146132309,-18.684426415459,-99.622572547768,2.781188412,10.500275621,13.281464033,13.883519069
5764000000.000000,1.509011671274,-80.962763954476,-18.750309514955,-99.713073469431,3.264696519,10.470977182,13.735673701,13.883519069
5765000000.000000,1.509273470662,-80.979171518712,-18.816008595425,-99.795180114137,2.946773807,10.441716165,13.388489972,13.883519069
5766000000.000000,1.509535270050,-80.999794206254,-18.881523990133,-99.881318196387,3.516393031,10.412523245,13.928916276,13.883519069
5767000000.000000,1.509797069438,-81.023359816762,-18.946856221551,-99.970216038313,3.777433277,10.383427969,14.160861246,13.883519069
5768000000.000000,1.510058868825,-81.047262832779,-19.012005994244,-100.059268827023,3.245410450,10.354458750,13.599869200,13.883519069
5769000000.000000,1.510320668213,-81.064142847269,-19.076974187712,-100.141117034981,3.151248103,10.325642858,13.476890961,13.883519069
5770000000.000000,1.510582467601,-81.086862584345,-19.141761849232,-100.228624433576,3.673319812,10.297006429,13.970326241,13.883519069
5771000000.000000,1.510844266989,-81.110303145415,-19.206370186714,-100.316673332129,3.543120011,10.268574463,13.811694474,13.883519069
5772000000.000000,1.511106066377,-81.131386743540,-19.270800561619,-100.402187305159,3.256233878,10.240370841,13.496604719,13.883519069
5773000000.000000,1.511367865764,-81.151222187138,-19.335054481929,-100.486276669067,3.515805686,10.212418330,13.728224016,13.883519069
5774000000.000000,1.511629665152,-81.175567660802,-19.399133595222,-100.574701256024,3.959337434,10.184738606,14.144076040,13.883519069
5775000000.000000,1.511891464540,-81.200976688723,-19.463039681856,-100.664016370579,3.827308108,10.157352267,13.984660375,13.883519069
5776000000.000000,1.512153263928,-81.223663032941,-19.526774648274,-100.750437681215,3.584943675,10.130278862,13.715222537,13.883519069
5777000000.000000,1.512415063316,-81.246026419573,-19.590340520458,-100.836366940031,3.590734462,10.103536905,13.694271367,13.883519069
5778000000.000000,1.512676862703,-81.268785532966,-19.653739437533,-100.922524970499,3.788647055,10.077143908,13.865790963,13.883519069
5779000000.000000,1.512938662091,-81.293635962592,-19.716973645542,-101.010609608134,3.681884255,10.051116407,13.733000662,13.883519069
5780000000.000000,1.513200461479,-81.315053455076,-19.780045491397,-101.095098946473,3.899590302,10.025469989,13.925060291,13.883519069
5781000000.000000,1.513462260867,-81.342639659570,-19.842957417012,-101.185597076582,4.138244459,10.000219322,14.138463781,13.883519069
5782000000.000000,1.513724060255,-81.367056168646,-19.905711953626,-101.272768122272,4.278317204,9.975378187,14.253695391,13.883519069
5783000000.000000,1.513985859642,-81.396402579159,-19.968311716331,-101.364714295490,3.977739579,9.950959509,13.928699088,13.883519069
5784000000.000000,1.514247659030,-81.417041918409,-20.030759398788,-101.447801317197,3.514240079,9.926975389,13.441215468,13.883519069
5785000000.000000,1.514509458418,-81.440563822425,-20.093057768154,-101.533621590579,4.195847501,9.903437138,14.099284639,13.883519069
5786000000.000000,1.514771257806,-81.469768493153,-20.155209660215,-101.624978153368,4.535233813,9.880355305,14.415589118,13.883519069
5787000000.000000,1.515033057194,-81.497555251339,-20.217217974715,-101.714773226054,4.130164819,9.857739716,13.987904535,13.883519069
5788000000.000000,1.515294856581,-81.521669674970,-20.279085670903,-101.800755345873,3.835150474,9.835599502,13.670749976,13.883519069
5789000000.000000,1.515556655969,-81.545749173553,-20.340815763269,-101.886564936822,3.951838264,9.813943133,13.765781397,13.883519069
5790000000.000000,1.515818455357,-81.571329939208,-20.402411317498,-101.973741256706,4.254442964,9.792778450,14.047221414,13.883519069
5791000000.000000,1.516080254745,-81.599212080594,-20.463875446612,-102.063087527207,3.834468608,9.772112695,13.606581303,13.883519069
5792000000.000000,1.516342054133,-81.619515292841,-20.525211307315,-102.144726600156,4.335323126,9.751952546,14.087275672,13.883519069
5793000000.000000,1.516603853520,-81.653691357725,-20.586422096525,-102.240113454250,4.667399534,9.732304143,14.399703677,13.883519069
5794000000.000000,1.516865652908,-81.678167565187,-20.647511048103,-102.325678613290,4.552639219,9.713173118,14.265812337,13.883519069
5795000000.000000,1.517127452296,-81.710901509419,-20.708481429764,-102.419382939183,4.408179154,9.694564628,14.102743782,13.883519069
5796000000.000000,1.517389251684,-81.733562378173,-20.769336540160,-102.502898918333,4.179691199,9.676483379,13.856174578,13.883519069
5797000000.000000,1.517651051072,-81.763425058077,-20.830079706152,-102.593504764229,4.657756026,9.658933658,14.316689684,13.883519069
5798000000.000000,1.517912850459,-81.792093466630,-20.890714280243,-102.682807746873,4.665772382,9.641919353,14.307691735,13.883519069
5799000000.000000,1.518174649847,-81.822056883032,-20.951243638174,-102.773300521206,4.862715194,9.625443985,14.488159179,13.883519069
5800000000.000000,1.518436449235,-81.853200147948,-21.011671176685,-102.864871324633,4.804973083,9.609510730,14.414483813,13.883519069
5801000000.000000,1.518698248623,-81.882437955585,-21.072000311425,-102.954438267010,4.743492093,9.594122442,14.337614535,13.883519069
5802000000.000000,1.518960048011,-81.912808627592,-21.132234475010,-103.045043102602,4.502783956,9.579281679,14.082065635,13.883519069
5803000000.000000,1.519221847398,-81.939021607576,-21.192377115223,-103.131398722799,4.441480447,9.564990723,14.006471170,13.883519069
5804000000.000000,1.519483646786,-81.968621916967,-21.252431693352,-103.221053610319,4.861566259,9.551251599,14.412817858,13.883519069
5805000000.000000,1.519745446174,-82.000113850948,-21.312401682653,-103.312515533601,5.136958747,9.538066102,14.675024849,13.883519069
5806000000.000000,1.520007245562,-82.033174844416,-21.372290566940,-103.405465411356,4.746325131,9.525435809,14.271760940,13.883519069
5807000000.000000,1.520269044950,-82.059757931599,-21.432101839296,-103.491859770895,5.050620258,9.513362101,14.563982359,13.883519069
5808000000.000000,1.520530844337,-82.096642810412,-21.491839000891,-103.588481811303,4.800508211,9.501846180,14.302354391,13.883519069
5809000000.000000,1.520792643725,-82.120082896921,-21.551505559912,-103.671588456833,4.460204068,9.490889085,13.951093153,13.883519069
5810000000.000000,1.521054443113,-82.152691387745,-21.611105030590,-103.763796418335,5.096763772,9.480491709,14.577255481,13.883519069
5811000000.000000,1.521316242501,-82.184130719417,-21.670640932330,-103.854771651747,5.088275468,9.470654812,14.558930280,13.883519069
5812000000.000000,1.521578041889,-82.216632543069,-21.730116788922,-103.946749331991,4.697196189,9.461379038,14.158575227,13.883519069
5813000000.000000,1.521839841276,-82.243157427575,-21.789536127846,-104.032693555421,4.521239666,9.452664924,13.973904590,13.883519069
5814000000.000000,1.522101640664,-82.273448116343,-21.848902479650,-104.122350595993,5.460663842,9.444512915,14.905176757,13.883519069
5815000000.000000,1.522363440052,-82.311778153217,-21.908219377408,-104.219997530625,5.268035715,9.436923376,14.704959091,13.883519069
5816000000.000000,1.522625239440,-82.339648205551,-21.967490356249,-104.307138561800,4.891945381,9.429896600,14.321841981,13.883519069
5817000000.000000,1.522887038828,-82.373252151894,-22.026718952941,-104.399971104835,5.418820916,9.423432822,14.842253738,13.883519069
5818000000.000000,1.523148838215,-82.407743117476,-22.085908705548,-104.493651823024,5.332153809,9.417532224,14.749686033,13.883519069
5819000000.000000,1.523410637603,-82.440257972830,-22.145063153136,-104.585321125966,4.988897625,9.412194945,14.401092570,13.883519069
5820000000.000000,1.523672436991,-82.470435453984,-22.204185835527,-104.674621289511,5.625678422,9.407421092,15.033099514,13.883519069
5821000000.000000,1.523934236379,-82.510952332840,-22.263280293105,-104.774232625945,5.317663896,9.403210741,14.720874637,13.883519069
5822000000.000000,1.524196035767,-82.537259189303,-22.322350066661,-104.859609255964,4.686552203,9.399563947,14.086116150,13.883519069
5823000000.000000,1.524457835154,-82.569845284728,-22.381398697276,-104.951243982004,5.056042965,9.396480750,14.452523715,13.883519069
5824000000.000000,1.524719634542,-82.600795299044,-22.440429726232,-105.041225025276,4.622955024,9.393961177,14.016916201,13.883519069
5825000000.000000,1.524981433930,-82.627939050897,-22.499446694964,-105.127385745861,4.882304786,9.392005250,14.274310036,13.883519069
5826000000.000000,1.525243233318,-82.662148150440,-22.558453145019,-105.220601295459,5.701762614,9.390612987,15.092375601,13.883519069
5827000000.000000,1.525505032706,-82.699589513065,-22.617452618053,-105.317042131118,5.287226075,9.389784404,14.677010479,13.883519069
5828000000.000000,1.525766832093,-82.728589392825,-22.676448655830,-105.405038048655,5.191915995,9.389519521,14.581435516,13.883519069
5829000000.000000,1.526028631481,-82.764833053652,-22.735444800241,-105.500277853893,5.444432765,9.389818359,14.834251124,13.883519069
5830000000.000000,1.526290430869,-82.797006152740,-22.794444593328,-105.591450746068,4.914963643,9.390680945,14.305644588,13.883519069
5831000000.000000,1.526552230257,-82.826596308352,-22.853451577312,-105.680047885663,4.738551744,9.392107309,14.130659053,13.883519069
5832000000.000000,1.526814029645,-82.856552550131,-22.912469294621,-105.769021844752,5.140578749,9.394097487,14.534676236,13.883519069
5833000000.000000,1.527075829032,-82.891194726087,-22.971501287917,-105.862696014004,5.433549917,9.396651516,14.830201433,13.883519069
5834000000.000000,1.527337628420,-82.924832552138,-23.030551100105,-105.955383652243,4.998590435,9.399769436,14.398359871,13.883519069
5835000000.000000,1.527599427808,-82.954008866046,-23.089622274340,-106.043631140386,5.256330463,9.403451285,14.659781748,13.883519069
5836000000.000000,1.527861227196,-82.990885548805,-23.148718354012,-106.139603902817,5.293920954,9.407697099,14.701618053,13.883519069
5837000000.000000,1.528123026584,-83.020534238755,-23.207842882714,-106.228377121469,5.220298342,9.412506904,14.632805246,13.883519069
5838000000.000000,1.528384825971,-83.056485752493,-23.266999404176,-106.323485156669,5.277429394,9.417880715,14.695310109,13.883519069
5839000000.000000,1.528646625359,-83.086852372409,-23.326191462185,-106.413043834594,5.036420107,9.423818532,14.460238639,13.883519069
5840000000.000000,1.528908424747,-83.119775274126,-23.385422600453,-106.505197874579,4.619854189,9.430320330,14.050174519,13.883519069
5841000000.000000,1.529170224135,-83.144907172331,-23.444696362465,-106.589603534796,5.167487041,9.437386057,14.604873098,13.883519069
5842000000.000000,1.529432023523,-83.184711831424,-23.504016291274,-106.688728122698,5.726053467,9.445015623,15.171069090,13.883519069
5843000000.000000,1.529693822910,-83.216862882357,-23.563385929249,-106.780248811606,4.947315533,9.453208898,14.400524431,13.883519069
5844000000.000000,1.529955622298,-83.246881631957,-23.622808817777,-106.869690449734,4.943722357,9.461965695,14.405688052,13.883519069
5845000000.000000,1.530217421686,-83.278987529712,-23.682288496908,-106.961276026620,4.849219295,9.471285768,14.320505063,13.883519069
5846000000.000000,1.530479221074,-83.307818718804,-23.741828504933,-107.049647223737,4.730162684,9.481168800,14.211331484,13.883519069
5847000000.000000,1.530741020462,-83.338428507062,-23.801432377908,-107.139860884970,5.180071856,9.491614390,14.671686246,13.883519069
5848000000.000000,1.531002819849,-83.372913421560,-23.861103649091,-107.234017070651,5.206319318,9.502622044,14.708941362,13.883519069
5849000000.000000,1.531264619237,-83.403853045143,-23.920845848322,-107.324698893465,4.858832394,9.514191160,14.373023554,13.883519069
5850000000.000000,1.531526418625,-83.433971310173,-23.980662501310,-107.414633811483,4.804715699,9.526321019,14.331036718,13.883519069
5851000000.000000,1.531788218013,-83.464230883314,-24.040557128832,-107.504788012146,4.863668365,9.539010763,14.402679128,13.883519069
5852000000.000000,1.532050017401,-83.495089969392,-24.100533245856,-107.595623215248,5.029871296,9.552259391,14.582130687,13.883519069
5853000000.000000,1.532311816788,-83.527438110166,-24.160594360549,-107.688032470715,5.210091460,9.566065734,14.776157194,13.883519069
5854000000.000000,1.532573616176,-83.560561909613,-24.220743973193,-107.781305882806,4.974091632,9.580428442,14.554520074,13.883519069
5855000000.000000,1.532835415564,-83.589944389078,-24.280985574994,-107.870929964072,4.457079400,9.595345966,14.052425366,13.883519069
5856000000.000000,1.533097214952,-83.616571221208,-24.341322646771,-107.957893867979,4.549681749,9.610816539,14.160498288,13.883519069
5857000000.000000,1.533359014340,-83.647117376118,-24.401758657534,-108.048876033652,4.535878846,9.626838159,14.162717005,13.883519069
5858000000.000000,1.533620813727,-83.673570755848,-24.462297062926,-108.135867818774,4.978379756,9.643408565,14.621788321,13.883519069
5859000000.000000,1.533882613115,-83.709677541191,-24.522941303549,-108.232618844740,4.677621738,9.660525217,14.338146955,13.883519069
5860000000.000000,1.534144412503,-83.732351484197,-24.583694803138,-108.316046287335,4.199525287,9.678185276,13.877710563,13.883519069
5861000000.000000,1.534406211891,-83.762450332352,-24.644560966605,-108.407011298957,4.796533603,9.696385578,14.492919181,13.883519069
5862000000.000000,1.534668011279,-83.792626503117,-24.705543177927,-108.498169681044,4.698771240,9.715122610,14.413893850,13.883519069
5863000000.000000,1.534929810666,-83.821496833185,-24.766644797885,-108.588141631070,4.463442425,9.734392488,14.197834913,13.883519069
5864000000.000000,1.535191610054,-83.848715774842,-24.827869161638,-108.676584936480,4.305862054,9.754190929,14.060052983,13.883519069
5865000000.000000,1.535453409442,-83.875605891574,-24.889219576138,-108.764825467712,4.365943599,9.774513223,14.140456822,13.883519069
5866000000.000000,1.535715208830,-83.903579840188,-24.950699317372,-108.854279157560,4.601727583,9.795354209,14.397081792,13.883519069
5867000000.000000,1.535977008218,-83.933432905845,-25.012311627426,-108.945744533271,4.344328081,9.816708243,14.161036324,13.883519069
5868000000.000000,1.536238807605,-83.958172276919,-25.074059711371,-109.032231988290,4.101478812,9.838569172,13.940047984,13.883519069
5869000000.000000,1.536500606993,-83.984973608668,-25.135946733962,-109.120920342630,4.093389930,9.860930302,13.954320232,13.883519069
5870000000.000000,1.536762406381,-84.009611331844,-25.197975816152,-109.207587147996,4.401089537,9.883784368,14.284873905,13.883519069
5871000000.000000,1.537024205769,-84.040279330897,-25.260150031403,-109.300429362300,4.392787558,9.907123503,14.299911061,13.883519069
5872000000.000000,1.537286005157,-84.064812728334,-25.322472401812,-109.387285130146,3.815005827,9.930939207,13.745945034,13.883519069
5873000000.000000,1.537547804544,-84.088220108021,-25.384945894024,-109.473166002045,4.180600674,9.955222314,14.135822988,13.883519069
5874000000.000000,1.537809603932,-84.117347705797,-25.447573414952,-109.564921120749,4.155556018,9.979962960,14.135518978,13.883519069
5875000000.000000,1.538071403320,-84.140440365055,-25.510357807294,-109.650798172349,3.980863617,10.005150551,13.986014168,13.883519069
5876000000.000000,1.538333202708,-84.167372713369,-25.573301844833,-109.740674558202,3.740985341,10.030773731,13.771759072,13.883519069
5877000000.000000,1.538595002096,-84.187450973317,-25.636408227545,-109.823859200862,3.801020657,10.056820345,13.857841002,13.883519069
5878000000.000000,1.538856801483,-84.215137747658,-25.699679576496,-109.914817324154,3.844514239,10.083277414,13.927791653,13.883519069
5879000000.000000,1.539118600871,-84.235762564072,-25.763118428539,-109.998880992611,3.677005005,10.110131096,13.787136101,13.883519069
5880000000.000000,1.539380400259,-84.261344355306,-25.826727230806,-110.088071586112,4.269225190,10.137366658,14.406591848,13.883519069
5881000000.000000,1.539642199647,-84.289411230041,-25.890508335015,-110.179919565056,3.852913965,10.164968445,14.017882410,13.883519069
5882000000.000000,1.539903999035,-84.309761500132,-25.954463991575,-110.264225491707,3.566874084,10.192919852,13.759793936,13.883519069
5883000000.000000,1.540165798422,-84.334233891718,-26.018596343514,-110.352830235232,3.398507097,10.221203290,13.619710387,13.883519069
5884000000.000000,1.540427597810,-84.352468399847,-26.082907420236,-110.435375820083,3.224148278,10.249800164,13.473948442,13.883519069
5885000000.000000,1.540689397198,-84.374749733890,-26.147399131101,-110.522148864991,3.693599272,10.278690848,13.972290120,13.883519069
5886000000.000000,1.540951196586,-84.398883537199,-26.212073258865,-110.610956796064,3.875423031,10.307854658,14.183277689,13.883519069
5887000000.000000,1.541212995974,-84.423449735981,-26.276931452969,-110.700381188950,3.504893817,10.337269832,13.842163649,13.883519069
5888000000.000000,1.541474795361,-84.442927331865,-26.341975222710,-110.784902554575,3.094315031,10.366913513,13.461228544,13.883519069
5889000000.000000,1.541736594749,-84.462334045454,-26.407205930304,-110.869539975758,3.632113258,10.396761734,14.028874992,13.883519069
5890000000.000000,1.541998394137,-84.488569813181,-26.472624783853,-110.961194597034,3.521416436,10.426789403,13.948205839,13.883519069
5891000000.000000,1.542260193525,-84.506585469478,-26.538232830257,-111.044818299735,3.136358836,10.456970294,13.593329130,13.883519069
5892000000.000000,1.542521992913,-84.527982460697,-26.604030948072,-111.132013408769,3.443196217,10.487277046,13.930473263,13.883519069
5893000000.000000,1.542783792300,-84.549853949241,-26.670019840353,-111.219873789594,3.156615028,10.517681158,13.674296186,13.883519069
5894000000.000000,1.543045591688,-84.567649655023,-26.736200027512,-111.303849682535,3.201188992,10.548152997,13.749341989,13.883519069
5895000000.000000,1.543307391076,-84.590081276517,-26.802571840207,-111.392653116724,2.919359710,10.578661801,13.498021511,13.883519069
5896000000.000000,1.543569190464,-84.604335411091,-26.869135412309,-111.473470823400,2.711477211,10.609175700,13.320652911,13.883519069
5897000000.000000,1.543830989852,-84.624154704064,-26.935890673971,-111.560045378035,3.493207225,10.639661732,14.132868957,13.883519069
5898000000.000000,1.544092789239,-84.648232347719,-27.002837344846,-111.651069692565,3.326681891,10.670085868,13.996767759,13.883519069
5899000000.000000,1.544354588627,-84.665959021622,-27.069974927478,-111.735933949100,2.466570018,10.700413047,13.166983065,13.883519069
5900000000.000000,1.544616388015,-84.679228180716,-27.137302700917,-111.816530881633,2.473671983,10.730607210,13.204279193,13.883519069
5901000000.000000,1.544878187403,-84.697044100533,-27.204819714600,-111.901863815133,2.860794910,10.760631352,13.621426262,13.883519069
5902000000.000000,1.545139986791,-84.715177989803,-27.272524782534,-111.987702772337,2.940015592,10.790447568,13.730463160,13.883519069
5903000000.000000,1.545401786178,-84.733989426068,-27.340416477830,-112.074405903898,2.888931913,10.820017114,13.708949027,13.883519069
5904000000.000000,1.545663585566,-84.751481378896,-27.408493127636,-112.159974506532,2.868219500,10.849300475,13.717519975,13.883519069
5905000000.000000,1.545925384954,-84.770032535305,-27.476752808511,-112.246785343816,2.687912280,10.878257442,13.566169722,13.883519069
5906000000.000000,1.546187184342,-84.785258680786,-27.545193342285,-112.330452023071,2.579692363,10.906847185,13.486539548,13.883519069
5907000000.000000,1.546448983730,-84.802449905614,-27.613812292466,-112.416262198080,2.544185521,10.935028350,13.479213871,13.883519069
5908000000.000000,1.546710783117,-84.817229858949,-27.682606961214,-112.499836820163,2.504612564,10.962759155,13.467371719,13.883519069
5909000000.000000,1.546972582505,-84.833923795333,-27.751574386961,-112.585498182294,2.851958282,10.989997487,13.841955769,13.883519069
5910000000.000000,1.547234381893,-84.853068623700,-27.820711342688,-112.673779966388,2.679960008,11.016701020,13.696661028,13.883519069
5911000000.000000,1.547496181281,-84.867601166024,-27.890014334930,-112.757615500954,2.333920581,11.042827329,13.376747910,13.883519069
5912000000.000000,1.547757980669,-84.882397534710,-27.959479603530,-112.841877138240,2.540558009,11.068334011,13.608892020,13.883519069
5913000000.000000,1.548019780056,-84.899526759538,-28.029103122198,-112.928629881736,2.409952601,11.093178821,13.503131422,13.883519069
5914000000.000000,1.548281579444,-84.912681892261,-28.098880599885,-113.011562492146,2.457973836,11.117319799,13.575293635,13.883519069
5915000000.000000,1.548543378832,-84.930414569717,-28.168807483035,-113.099222052752,2.435725028,11.140715416,13.576440444,13.883519069
5916000000.000000,1.548805178220,-84.943290115683,-28.238878958713,-113.182169074396,2.051156201,11.163324712,13.214480913,13.883519069
5917000000.000000,1.549066977608,-84.956190158727,-28.309089958655,-113.265280117382,2.232872554,11.185107446,13.417980000,13.883519069
5918000000.000000,1.549328776995,-84.971349219730,-28.379435164239,-113.350784383969,2.400513323,11.206024243,13.606537566,13.883519069
5919000000.000000,1.549590576383,-84.986355898812,-28.449909012406,-113.436264911218,2.277281532,11.226036746,13.503318278,13.883519069
5920000000.000000,1.549852375771,-84.999966383449,-28.520505702518,-113.520472085967,2.710742513,11.245107765,13.955850278,13.883519069
5921000000.000000,1.550114175159,-85.020420093873,-28.591219204180,-113.611639298053,2.329098254,11.263201430,13.592299684,13.883519069
5922000000.000000,1.550375974547,-85.029234695310,-28.662043265987,-113.691277961297,2.033619550,11.280283336,13.313902886,13.883519069
5923000000.000000,1.550637773934,-85.045975310831,-28.732971425214,-113.778946736045,2.338425861,11.296320694,13.634746555,13.883519069
5924000000.000000,1.550899573322,-85.058620221333,-28.803997018408,-113.862617239741,2.333314347,11.311282471,13.644596818,13.883519069
5925000000.000000,1.551161372710,-85.075296603671,-28.875113192865,-113.950409796536,2.211322215,11.325139526,13.536461741,13.883519069
5926000000.000000,1.551423172098,-85.086408515831,-28.946312918952,-114.032721434783,2.129420939,11.337864746,13.467285685,13.883519069
5927000000.000000,1.551684971486,-85.102055696382,-29.017589003242,-114.119644699624,2.196975125,11.349433169,13.546408294,13.883519069
5928000000.000000,1.551946770873,-85.114016519481,-29.088934102410,-114.202950621891,1.838128448,11.359822097,13.197950545,13.883519069
5929000000.000000,1.552208570261,-85.125154299696,-29.160340737829,-114.285495037525,2.128719838,11.369011212,13.497731050,13.883519069
5930000000.000000,1.552470369649,-85.140766801900,-29.231801310822,-114.372568112722,2.267972042,11.376982666,13.644954708,13.883519069
5931000000.000000,1.552732169037,-85.153654476924,-29.303308118489,-114.456962595413,1.750337404,11.383721173,13.134058577,13.883519069
5932000000.000000,1.552993968425,-85.162762190418,-29.374853370046,-114.537615560464,1.989778923,11.389214079,13.378993002,13.883519069
5933000000.000000,1.553255767812,-85.178658776306,-29.446429203607,-114.625087979913,2.821650702,11.393451431,14.215102133,13.883519069
5934000000.000000,1.553517567200,-85.198220098886,-29.518027703307,-114.716247802193,2.540256707,11.396426025,13.936682732,13.883519069
5935000000.000000,1.553779366588,-85.210580583539,-29.589640916713,-114.800221500252,1.741432760,11.398133439,13.139566199,13.883519069
5936000000.000000,1.554041165976,-85.220103588346,-29.661260872416,-114.881364460762,1.856902549,11.398572063,13.255474612,13.883519069
5937000000.000000,1.554302965364,-85.233915109162,-29.732879597725,-114.966794706887,2.596700637,11.397743100,13.994443737,13.883519069
5938000000.000000,1.554564764751,-85.252734690927,-29.804489136377,-115.057223827304,2.105983282,11.395650569,13.501633851,13.883519069
5939000000.000000,1.554826564139,-85.260379675588,-29.876081566166,-115.136461241754,1.783543020,11.392301281,13.175844301,13.883519069
5940000000.000000,1.555088363527,-85.275147353526,-29.947649016421,-115.222796369947,1.908492427,11.387704808,13.296197235,13.883519069
5941000000.000000,1.555350162915,-85.284362498746,-30.019183685225,-115.303546183971,2.067970836,11.381873437,13.449844273,13.883519069
5942000000.000000,1.555611962303,-85.301134241473,-30.090677856311,-115.391812097784,2.752606511,11.374822111,14.127428622,13.883519069
5943000000.000000,1.555873761690,-85.318952772315,-30.162123915541,-115.481076687856,2.253227087,11.366568357,13.619795444,13.883519069
5944000000.000000,1.556135561078,-85.329449128122,-30.233514366900,-115.562963495022,1.981383153,11.357132204,13.338515357,13.883519069
5945000000.000000,1.556397360466,-85.343851567342,-30.304841847932,-115.648693415274,2.512765745,11.346536085,13.859301830,13.883519069
5946000000.000000,1.556659159854,-85.361025473741,-30.376099144539,-115.737124618280,1.915403095,11.334804738,13.250207833,13.883519069
5947000000.000000,1.556920959242,-85.367921232505,-30.447279205106,-115.815200437611,1.935166548,11.321965084,13.257131632,13.883519069
5948000000.000000,1.557182758629,-85.385343493783,-30.518375153865,-115.903718647648,2.983782766,11.308046112,14.291828878,13.883519069
5949000000.000000,1.557444558017,-85.405416552574,-30.589380303475,-115.994796856049,2.256448826,11.293078746,13.549527572,13.883519069
5950000000.000000,1.557706357405,-85.413698865997,-30.660288166769,-116.073987032766,1.885541029,11.277095709,13.162636738,13.883519069
5951000000.000000,1.557968156793,-85.429110959958,-30.731092467614,-116.160203427572,2.727335997,11.260131382,13.987467379,13.883519069
5952000000.000000,1.558229956181,-85.447971580925,-30.801787150886,-116.249758731811,2.370894776,11.242221659,13.613116435,13.883519069
5953000000.000000,1.558491755568,-85.458904502395,-30.872366391511,-116.331270893906,2.170691336,11.223403799,13.394095135,13.883519069
5954000000.000000,1.558753554956,-85.475249292741,-30.942824602574,-116.418073895315,1.975949223,11.203716275,13.179665498,13.883519069
5955000000.000000,1.559015354344,-85.483735012641,-31.013156442478,-116.496891455119,2.054683849,11.183198626,13.237882475,13.883519069
5956000000.000000,1.559277153732,-85.501069211481,-31.083356821159,-116.584426032640,2.608357825,11.161891303,13.770249128,13.883519069
5957000000.000000,1.559538953120,-85.516512603765,-31.153420905351,-116.669933509116,2.764340241,11.139835523,13.904175764,13.883519069
5958000000.000000,1.559800752507,-85.535806935451,-31.223344122927,-116.759151058378,2.726113850,11.117073119,13.843186969,13.883519069
5959000000.000000,1.560062551895,-85.550769960736,-31.293122166316,-116.843892127052,2.251148717,11.093646398,13.344795115,13.883519069
5960000000.000000,1.560324351283,-85.564095704534,-31.362750995028,-116.926846699562,2.320411537,11.069597998,13.390009535,13.883519069
5961000000.000000,1.560586150671,-85.579929112087,-31.432226837309,-117.012155949396,2.801387346,11.044970755,13.846358101,13.883519069
5962000000.000000,1.560847950059,-85.599298976152,-31.501546190959,-117.100845167111,2.978414572,11.019807571,13.998222143,13.883519069
5963000000.000000,1.561109749446,-85.617356973446,-31.570705823340,-117.188062796786,2.528555071,10.994151287,13.522706358,13.883519069
5964000000.000000,1.561371548834,-85.631073736297,-31.639702770622,-117.270776506919,2.950568541,10.968044568,13.918613109,13.883519069
5965000000.000000,1.561633348222,-85.654434911259,-31.708534336298,-117.362969247557,2.838592661,10.941529787,13.780122448,13.883519069
5966000000.000000,1.561895147610,-85.666744543699,-31.777198089017,-117.443942632716,2.397647217,10.914648922,13.312296139,13.883519069
5967000000.000000,1.562156946998,-85.684564634794,-31.845691859772,-117.530256494566,2.784257053,10.887443453,13.671700506,13.883519069
5968000000.000000,1.562418746385,-85.701732549713,-31.914013738493,-117.615746288206,2.616835458,10.859954279,13.476789737,13.883519069
5969000000.000000,1.562680545773,-85.717448758994,-31.982162070096,-117.699610829090,2.615269550,10.832221626,13.447491176,13.883519069
5970000000.000000,1.562942345161,-85.734596996136,-32.050135450024,-117.784732446160,3.196349932,10.804284976,14.000634908,13.883519069
5971000000.000000,1.563204144549,-85.757615276850,-32.117932719332,-117.875547996182,3.090880072,10.776182997,13.867063069,13.883519069
5972000000.000000,1.563465943937,-85.773438140643,-32.185552959368,-117.958991100011,2.938071663,10.747953478,13.686025141,13.883519069
5973000000.000000,1.563727743324,-85.794536174256,-32.252995486083,-118.047531660339,2.443018432,10.719633281,13.162651713,13.883519069
5974000000.000000,1.563989542712,-85.804138015680,-32.320259844031,-118.124397859711,2.859433699,10.691258290,13.550691989,13.883519069
5975000000.000000,1.564251342100,-85.830468877866,-32.387345800089,-118.217814677955,3.904998418,10.662863370,14.567861788,13.883519069
5976000000.000000,1.564513141488,-85.853209673052,-32.454253336944,-118.307463009996,3.443218857,10.634482334,14.077701191,13.883519069
5977000000.000000,1.564774940876,-85.873737642125,-32.520982646391,-118.394720288516,2.939649964,10.606147918,13.545797882,13.883519069
5978000000.000000,1.565036740263,-85.890150403974,-32.587534122476,-118.477684526450,2.912689117,10.577891757,13.490580874,13.883519069
5979000000.000000,1.565298539651,-85.910339573057,-32.653908354523,-118.564247927580,3.446042082,10.549744367,13.995786449,13.883519069
5980000000.000000,1.565560339039,-85.933454645923,-32.720106120081,-118.653560766004,3.316579992,10.521735142,13.838315134,13.883519069
5981000000.000000,1.565822138427,-85.952016946409,-32.786128377821,-118.738145324230,3.321411824,10.493892340,13.815304164,13.883519069
5982000000.000000,1.566083937815,-85.975192737863,-32.851976260413,-118.827168998276,3.393516896,10.466243089,13.859759985,13.883519069
5983000000.000000,1.566345737202,-85.994661137415,-32.917651067421,-118.912312204836,3.663496709,10.438813388,14.102310097,13.883519069
5984000000.000000,1.566607536590,-86.021229595251,-32.983154258223,-119.004383853474,3.459611679,10.411628114,13.871239793,13.883519069
5985000000.000000,1.566869335978,-86.038135899951,-33.048487445000,-119.086623344951,3.590766216,10.384711035,13.975477251,13.883519069
5986000000.000000,1.567131135366,-86.066352494317,-33.113652385806,-119.180004880123,3.550006421,10.358084823,13.908091244,13.883519069
5987000000.000000,1.567392934754,-86.082746596319,-33.178650977737,-119.261397574056,2.968214466,10.331771074,13.299985540,13.883519069
5988000000.000000,1.567654734141,-86.103652177360,-33.243485250224,-119.347137427584,3.919925019,10.305790326,14.225715345,13.883519069
5989000000.000000,1.567916533529,-86.132005826889,-33.308157358454,-119.440163185343,3.916228621,10.280162084,14.196390705,13.883519069
5990000000.000000,1.568178332917,-86.152864957626,-33.372669576952,-119.525534534578,3.664335853,10.254904842,13.919240695,13.883519069
5991000000.000000,1.568440132305,-86.178053229269,-33.437024293313,-119.615077522582,3.796747187,10.230036110,14.026783297,13.883519069
5992000000.000000,1.568701931693,-86.200576289911,-33.501224002112,-119.701800292023,3.699755209,10.205572445,13.905327654,13.883519069
5993000000.000000,1.568963731080,-86.224545724404,-33.565271298992,-119.789817023396,4.223931526,10.181529477,14.405461003,13.883519069
5994000000.000000,1.569225530468,-86.253655778912,-33.629168874936,-119.882824653848,4.118397492,10.157921938,14.276319430,13.883519069
5995000000.000000,1.569487329856,-86.276299033626,-33.692919510742,-119.969218544368,3.749657395,10.134763700,13.884421095,13.883519069
5996000000.000000,1.569749129244,-86.300775363416,-33.756526071685,-120.057301435101,3.689880671,10.112067799,13.801948470,13.883519069
5997000000.000000,1.570010928631,-86.322667441664,-33.819991502381,-120.142658944045,3.944336032,10.089846469,14.034182501,13.883519069
5998000000.000000,1.570272728019,-86.350341351826,-33.883318821858,-120.233660173684,4.395155557,10.068111178,14.463266735,13.883519069
5999000000.000000,1.570534527407,-86.377898595297,-33.946511118827,-120.324409714124,4.379012210,10.046872655,14.425884865,13.883519069
6000000000.000000,1.570796326795,-86.405369642186,-34.009571547157,-120.414941189343,4.093557751,10.026140927,14.119698678,13.883519069
6001000000.000000,1.571058126183,-86.429339759127,-34.072503321549,-120.501843080676,4.174381685,10.005925348,14.180307033,13.883519069
6002000000.000000,1.571319925570,-86.457826469522,-34.135309713416,-120.593136182938,4.261639968,9.986234630,14.247874598,13.883519069
6003000000.000000,1.571581724958,-86.482893106388,-34.197994046955,-120.680887153343,4.042318733,9.967076879,14.009395612,13.883519069
6004000000.000000,1.571843524346,-86.508623744861,-34.260559695422,-120.769183440283,4.388071520,9.948459620,14.336531140,13.883519069
6005000000.000000,1.572105323734,-86.538035239387,-34.323010077585,-120.861045316972,4.272833456,9.930389831,14.203223287,13.883519069
6006000000.000000,1.572367123122,-86.562317753642,-34.385348654381,-120.947666408023,4.542158814,9.912873970,14.455032784,13.883519069
6007000000.000000,1.572628922509,-86.595113690429,-34.447578925742,-121.042692616171,4.918393268,9.895918005,14.814311273,13.883519069
6008000000.000000,1.572890721897,-86.624124106280,-34.509704427604,-121.133828533884,4.724951378,9.879527443,14.604478821,13.883519069
6009000000.000000,1.573152521285,-86.654489180580,-34.571728729089,-121.226217909669,4.342369481,9.863707355,14.206076836,13.883519069
6010000000.000000,1.573414320673,-86.678691930527,-34.633655429853,-121.312347360380,4.430430037,9.848462400,14.278892437,13.883519069
6011000000.000000,1.573676120061,-86.710163606411,-34.695488157592,-121.405651764003,4.551987167,9.833796858,14.385784025,13.883519069
6012000000.000000,1.573937919448,-86.735893888299,-34.757230565712,-121.493124454011,4.414097777,9.819714644,14.233812421,13.883519069
6013000000.000000,1.574199718836,-86.765632795005,-34.818886331135,-121.584519126140,4.787674607,9.806219340,14.593893947,13.883519069
6014000000.000000,1.574461518224,-86.796057581786,-34.880459152261,-121.676516734047,4.824489175,9.793314211,14.617803386,13.883519069
6015000000.000000,1.574723317612,-86.826259114002,-34.941952747058,-121.768211861060,4.623555423,9.781002232,14.404557655,13.883519069
6016000000.000000,1.574985117000,-86.854158892791,-35.003370851283,-121.857529744074,4.572962328,9.769286100,14.342248428,13.883519069
6017000000.000000,1.575246916387,-86.883724653416,-35.064717216832,-121.948441870248,4.380311371,9.758168263,14.138479634,13.883519069
6018000000.000000,1.575508715775,-86.909203508887,-35.125995610200,-122.035199119087,4.791797885,9.747650932,14.539448817,13.883519069
6019000000.000000,1.575770515163,-86.943940161554,-35.187209811058,-122.131149972612,4.983778137,9.737736096,14.721514233,13.883519069
6020000000.000000,1.576032314551,-86.971831512013,-35.248363610932,-122.220195122945,4.849916886,9.728425547,14.578342433,13.883519069
6021000000.000000,1.576294113939,-87.004886014596,-35.309460811979,-122.314346826575,4.887798115,9.719720886,14.607519001,13.883519069
6022000000.000000,1.576555913326,-87.033253394616,-35.370505225855,-122.403758620471,4.533167957,9.711623542,14.244791499,13.883519069
6023000000.000000,1.576817712714,-87.061851483197,-35.431500672670,-122.493352155867,4.816166014,9.704134783,14.520300797,13.883519069
6024000000.000000,1.577079512102,-87.093775121693,-35.492450980023,-122.586226101716,5.388276388,9.697255729,15.085532117,13.883519069
6025000000.000000,1.577341311490,-87.129562561258,-35.553359982102,-122.682922543360,4.887682857,9.690987364,14.578670221,13.883519069
6026000000.000000,1.577603110878,-87.155195555918,-35.614231518861,-122.769427074779,4.634471497,9.685330545,14.319802042,13.883519069
6027000000.000000,1.577864910265,-87.187801047695,-35.675069435251,-122.862870482946,4.508773517,9.680286009,14.189059526,13.883519069
6028000000.000000,1.578126709653,-87.211854474953,-35.735877580505,-122.947732055458,4.785642667,9.675854386,14.461497053,13.883519069
6029000000.000000,1.578388509041,-87.247939207082,-35.796659807476,-123.044599014558,5.682946891,9.672036202,15.354983093,13.883519069
6030000000.000000,1.578650308429,-87.283268491771,-35.857419972012,-123.140688463783,5.088107817,9.668831887,14.756939704,13.883519069
6031000000.000000,1.578912107817,-87.311878255632,-35.918161932371,-123.230040188003,4.695744181,9.666241779,14.361985960,13.883519069
6032000000.000000,1.579173907204,-87.342276953462,-35.978889548660,-123.321166502122,4.901597732,9.664266133,14.565863865,13.883519069
6033000000.000000,1.579435706592,-87.373473549338,-36.039606682310,-123.413080231648,4.831659286,9.662905116,14.494564402,13.883519069
6034000000.000000,1.579697505980,-87.402993374736,-36.100317195557,-123.503310570293,4.758807498,9.662158817,14.420966315,13.883519069
6035000000.000000,1.579959305368,-87.433274488039,-36.161024950943,-123.594299438982,5.101807485,9.662027246,14.763834731,13.883519069
6036000000.000000,1.580221104756,-87.467104578398,-36.221733810820,-123.688838389218,5.172314134,9.662510334,14.834824468,13.883519069
6037000000.000000,1.580482904143,-87.498271704385,-36.282447636859,-123.780719341244,5.190334897,9.663607931,14.853942828,13.883519069
6038000000.000000,1.580744703531,-87.532328250328,-36.343170289552,-123.875498539880,4.577443688,9.665319810,14.242763498,13.883519069
6039000000.000000,1.581006502919,-87.555793558234,-36.403905627699,-123.959699185933,4.985502694,9.667645660,14.653148354,13.883519069
6040000000.000000,1.581268302307,-87.594977924878,-36.464657507889,-124.059635432767,5.225895400,9.670585086,14.896480486,13.883519069
6041000000.000000,1.581530101695,-87.621464096622,-36.525429783943,-124.146893880565,4.757488462,9.674137600,14.431626062,13.883519069
6042000000.000000,1.581791901082,-87.654762288089,-36.586226306348,-124.240988594437,4.637327380,9.678302624,14.315630004,13.883519069
6043000000.000000,1.582053700470,-87.679738471138,-36.647050921638,-124.326789392776,4.900510257,9.683079477,14.583589734,13.883519069
6044000000.000000,1.582315499858,-87.716343916184,-36.707907471747,-124.424251387931,4.867879534,9.688467371,14.556346905,13.883519069
6045000000.000000,1.582577299246,-87.740910049474,-36.768799793309,-124.509709842783,4.629735535,9.694465403,14.324200938,13.883519069
6046000000.000000,1.582839098634,-87.774522888766,-36.829731716914,-124.604254605680,4.845226714,9.701072547,14.546299261,13.883519069
6047000000.000000,1.583100898021,-87.801796964072,-36.890707066292,-124.692504030364,5.081193942,9.708287642,14.789481584,13.883519069
6048000000.000000,1.583362697409,-87.838375055006,-36.951729657448,-124.790104712454,4.878262234,9.716109382,14.594371616,13.883519069
6049000000.000000,1.583624496797,-87.863099015259,-37.012803297713,-124.875902312972,4.284555232,9.724536307,14.009091539,13.883519069
6050000000.000000,1.583886296185,-87.892216363965,-37.073931784728,-124.966148148693,4.573208368,9.733566785,14.306775153,13.883519069
6051000000.000000,1.584148095573,-87.920567646506,-37.135118905339,-125.055686551845,4.751769325,9.743199005,14.494968330,13.883519069
6052000000.000000,1.584409894960,-87.951928858373,-37.196368434401,-125.148297292774,4.964499738,9.753430956,14.717930694,13.883519069
6053000000.000000,1.584671694348,-87.982953390123,-37.257684133494,-125.240637523617,4.727151364,9.764260413,14.491411777,13.883519069
6054000000.000000,1.584933493736,-88.011331994369,-37.319069749529,-125.330401743898,4.918530301,9.775684923,14.694215224,13.883519069
6055000000.000000,1.585195293124,-88.044761464763,-37.380529013249,-125.425290478012,4.862717653,9.787701784,14.650419437,13.883519069
6056000000.000000,1.585457092512,-88.072438706585,-37.442065637610,-125.514504344195,4.290003610,9.800308027,14.090311637,13.883519069
6057000000.000000,1.585718891899,-88.098671240063,-37.503683316049,-125.602354556112,4.311595574,9.813500396,14.125095970,13.883519069
6058000000.000000,1.585980691287,-88.126619814506,-37.565385720614,-125.692005535120,4.611158672,9.827275330,14.438434002,13.883519069
6059000000.000000,1.586242490675,-88.156616768898,-37.627176499969,-125.783793268867,4.950995928,9.841628934,14.792624862,13.883519069
6060000000.000000,1.586504290063,-88.188835864249,-37.689059277249,-125.877895141498,4.636057552,9.856556965,14.492614517,13.883519069
6061000000.000000,1.586766089451,-88.214875186285,-37.751037647774,-125.965912834059,3.904011101,9.872054802,13.776065903,13.883519069
6062000000.000000,1.587027888838,-88.237895114623,-37.813115176610,-126.051010291233,4.380617004,9.888117421,14.268734425,13.883519069
6063000000.000000,1.587289688226,-88.269923643075,-37.875295395967,-126.145219039042,4.598756369,9.904739375,14.503495744,13.883519069
6064000000.000000,1.587551487614,-88.295684791523,-37.937581802431,-126.233266593954,3.902259165,9.921914759,13.824173924,13.883519069
6065000000.000000,1.587813287002,-88.318960877975,-37.999977854036,-126.318938732011,4.366470036,9.939637191,14.306107227,13.883519069
6066000000.000000,1.588075086390,-88.350555472273,-38.062486967143,-126.413042439416,4.937459475,9.957899775,14.895359250,13.883519069
6067000000.000000,1.588336885777,-88.381006823626,-38.125112513151,-126.506119336777,4.237966702,9.976695080,14.214661782,13.883519069
6068000000.000000,1.588598685165,-88.403811332501,-38.187857815022,-126.591669147523,4.222099217,9.996015103,14.218114320,13.883519069
6069000000.000000,1.588860484553,-88.434063287158,-38.250726143603,-126.684789430761,4.184903935,10.015851244,14.200755179,13.883519069
6070000000.000000,1.589122283941,-88.456400386333,-38.313720713773,-126.770121100106,4.157113100,10.036194271,14.193307371,13.883519069
6071000000.000000,1.589384083329,-88.486303111054,-38.376844680373,-126.863147791427,4.031307194,10.057034291,14.088341485,13.883519069
6072000000.000000,1.589645882716,-88.507059286594,-38.440101133956,-126.947160420550,3.418865379,10.078360716,13.497226095,13.883519069
6073000000.000000,1.589907682104,-88.529265840489,-38.503493096318,-127.032758936807,4.291702667,10.100162233,14.391864900,13.883519069
6074000000.000000,1.590169481492,-88.560990412870,-38.567023515837,-127.128013928707,4.177182408,10.122426768,14.299609176,13.883519069
6075000000.000000,1.590431280880,-88.581757862757,-38.630695262601,-127.212453125358,3.555647000,10.145141459,13.700788459,13.883519069
6076000000.000000,1.590693080268,-88.605671990845,-38.694511123342,-127.300183114187,4.332717340,10.168292619,14.501009959,13.883519069
6077000000.000000,1.590954879655,-88.636204394624,-38.758473796161,-127.394678190785,4.369022555,10.191865706,14.560888261,13.883519069
6078000000.000000,1.591216679043,-88.660574747488,-38.822585885056,-127.483160632544,3.515617644,10.215845293,13.731462937,13.883519069
6079000000.000000,1.591478478431,-88.680382948877,-38.886849894257,-127.567232843134,3.423950151,10.240215036,13.664165187,13.883519069
6080000000.000000,1.591740277819,-88.703601374048,-38.951268222371,-127.654869596419,3.657952113,10.264957643,13.922909756,13.883519069
6081000000.000000,1.592002077207,-88.726350130820,-39.015843156344,-127.742193287164,3.630861564,10.290054849,13.920916413,13.883519069
6082000000.000000,1.592263876594,-88.749228126112,-39.080576865247,-127.829804991359,3.687407724,10.315487385,14.002895109,13.883519069
6083000000.000000,1.592525675982,-88.772687462887,-39.145471393897,-127.918158856784,3.762772491,10.341234957,14.104007448,13.883519069
6084000000.000000,1.592787475370,-88.796512519768,-39.210528656326,-128.007041176094,3.744502635,10.367276218,14.111778853,13.883519069
6085000000.000000,1.593049274758,-88.819742270761,-39.275750429108,-128.095492699870,3.410273643,10.393588749,13.803862392,13.883519069
6086000000.000000,1.593311074146,-88.839367282264,-39.341138344561,-128.180505626825,3.754192705,10.420149043,14.174341748,13.883519069
6087000000.000000,1.593572873533,-88.866918847654,-39.406693883836,-128.273612731490,3.686811662,10.446932483,14.133744145,13.883519069
6088000000.000000,1.593834672921,-88.885697123995,-39.472418369926,-128.358115493921,3.483894142,10.473913336,13.957807478,13.883519069
6089000000.000000,1.594096472309,-88.910698752621,-39.538312960598,-128.449011713219,3.860557059,10.501064739,14.361621798,13.883519069
6090000000.000000,1.594358271697,-88.934210314779,-39.604378641282,-128.538588956061,3.298723641,10.528358697,13.827082338,13.883519069
6091000000.000000,1.594620071085,-88.952151736442,-39.670616217942,-128.622767954384,3.085535678,10.555766079,13.641301757,13.883519069
6092000000.000000,1.594881870472,-88.972984299657,-39.737026309953,-128.710010609610,3.122670057,10.583256626,13.705926683,13.883519069
6093000000.000000,1.595143669860,-88.991392365686,-39.803609343016,-128.795001708702,3.124559050,10.610798956,13.735358006,13.883519069
6094000000.000000,1.595405469248,-89.012248666680,-39.870365542144,-128.882614208824,3.074722154,10.638360576,13.713082730,13.883519069
6095000000.000000,1.595667268636,-89.030030463809,-39.937294924749,-128.967325388558,3.567010552,10.665907909,14.232918461,13.883519069
6096000000.000000,1.595929068024,-89.057073043260,-40.004397293871,-129.061470337131,3.204652150,10.693406311,13.898058461,13.883519069
6097000000.000000,1.596190867411,-89.070301310418,-40.071672231586,-129.141973542004,3.282181931,10.720820107,14.003002038,13.883519069
6098000000.000000,1.596452666799,-89.098318157830,-40.139119092625,-129.237437250455,3.558733237,10.748112627,14.306845864,13.883519069
6099000000.000000,1.596714466187,-89.115021671188,-40.206736998266,-129.321758669454,2.791531534,10.775246254,13.566777788,13.883519069
6100000000.000000,1.596976265575,-89.133397577662,-40.274524830516,-129.407922408178,3.314665797,10.802182471,14.116848268,13.883519069
6101000000.000000,1.597238064963,-89.156674990055,-40.342481226646,-129.499156216701,2.941830528,10.828881925,13.770712453,13.883519069
6102000000.000000,1.597499864350,-89.170365710356,-40.410604574121,-129.580970284477,2.507072273,10.855304487,13.362376760,13.883519069
6103000000.000000,1.597761663738,-89.188179789396,-40.478893005966,-129.667072795362,3.149848634,10.881409334,14.031257968,13.883519069
6104000000.000000,1.598023463126,-89.209947875674,-40.547344396618,-129.757292272292,3.230804436,10.907155022,14.137959458,13.883519069
6105000000.000000,1.598285262514,-89.228779275317,-40.615956358315,-129.844735633632,2.920037519,10.932499578,13.852537097,13.883519069
6106000000.000000,1.598547061902,-89.246642149345,-40.684726238056,-129.931368387401,3.010809660,10.957400598,13.968210258,13.883519069
6107000000.000000,1.598808861289,-89.266614225360,-40.753651115200,-130.020265340560,3.005307138,10.981815346,13.987122484,13.883519069
6108000000.000000,1.599070660677,-89.284407952651,-40.822727799716,-130.107135752367,2.739355689,11.005700867,13.745056556,13.883519069
6109000000.000000,1.599332460065,-89.301037984190,-40.891952831165,-130.192990815355,2.720329364,11.029014101,13.749343465,13.883519069
6110000000.000000,1.599594259453,-89.318592619627,-40.961322478424,-130.279915098051,3.239933171,11.051712010,14.291645181,13.883519069
6111000000.000000,1.599856058841,-89.341752185177,-41.030832740201,-130.372584925378,3.214633210,11.073751701,14.288384911,13.883519069
6112000000.000000,1.600117858228,-89.358988891928,-41.100479346388,-130.459468238316,2.869193342,11.095090567,13.964283909,13.883519069
6113000000.000000,1.600379657616,-89.377807532073,-41.170257760260,-130.548065292333,3.030785112,11.115686420,14.146471532,13.883519069
6114000000.000000,1.600641457004,-89.397074860893,-41.240163181573,-130.637238042466,2.513678144,11.135497638,13.649175782,13.883519069
6115000000.000000,1.600903256392,-89.409395343232,-41.310190550558,-130.719585893790,2.724642050,11.154483310,13.879125360,13.883519069
6116000000.000000,1.601165055780,-89.431313722685,-41.380334552854,-130.811648275539,3.294777544,11.172603382,14.467380926,13.883519069
6117000000.000000,1.601426855167,-89.450798738936,-41.450589625378,-130.901388364314,2.669605129,11.189818810,13.859423939,13.883519069
6118000000.000000,1.601688654555,-89.464860970125,-41.520949963134,-130.985810933259,2.486216401,11.206091713,13.692308114,13.883519069
6119000000.000000,1.601950453943,-89.482041455656,-41.591409526983,-131.073450982639,3.065966091,11.221385517,14.287351608,13.883519069
6120000000.000000,1.602212253331,-89.503389036312,-41.661962052341,-131.165351088653,2.929118889,11.235665107,14.164783996,13.883519069
6121000000.000000,1.602474052719,-89.518849849185,-41.732601058813,-131.251450907998,2.477701408,11.248896975,13.726598383,13.883519069
6122000000.000000,1.602735852106,-89.534524750479,-41.803319860736,-131.337844611215,2.884977202,11.261049362,14.146026564,13.883519069
6123000000.000000,1.602997651494,-89.555103541917,-41.874111578600,-131.429215120517,3.056623386,11.272092391,14.328715777,13.883519069
6124000000.000000,1.603259450882,-89.572935412781,-41.944969151322,-131.517904564103,2.447318578,11.281998206,13.729316784,13.883519069
6125000000.000000,1.603521250270,-89.585857454178,-42.015885349328,-131.601742803506,2.603954943,11.290741092,13.894696035,13.883519069
6126000000.000000,1.603783049658,-89.605657675652,-42.086852788396,-131.692510464048,3.015814766,11.298297595,14.314112361,13.883519069
6127000000.000000,1.604044849045,-89.623755300229,-42.157863944212,-131.781619244441,2.410601246,11.304646626,13.715247872,13.883519069
6128000000.000000,1.604306648433,-89.635950184309,-42.228911167565,-131.864861351874,2.720985298,11.309769565,14.030754863,13.883519069
6129000000.000000,1.604568447821,-89.657948209922,-42.299986700133,-131.957934910055,2.821217831,11.313650344,14.134868175,13.883519069
6130000000.000000,1.604830247209,-89.671402653161,-42.371082690785,-132.042485343946,2.733767055,11.316275522,14.050042577,13.883519069
6131000000.000000,1.605092046597,-89.692301739905,-42.442191212311,-132.134492952216,2.929699712,11.317634351,14.247334063,13.883519069
6132000000.000000,1.605353845984,-89.708218345532,-42.513304278519,-132.221522624051,2.266451799,11.317718827,13.584170626,13.883519069
6133000000.000000,1.605615645372,-89.720782813191,-42.584413861604,-132.305196674795,2.806198329,11.316523725,14.122722054,13.883519069
6134000000.000000,1.605877444760,-89.743482073751,-42.655511909709,-132.398993983460,3.272512554,11.314046621,14.586559175,13.883519069
6135000000.000000,1.606139244148,-89.761906418785,-42.726590364593,-132.488496783378,2.401486707,11.310287907,13.711774614,13.883519069
6136000000.000000,1.606401043536,-89.773660045732,-42.797641179309,-132.571301225041,2.475076997,11.305250783,13.780327780,13.883519069
6137000000.000000,1.606662842923,-89.793009153633,-42.868656335815,-132.661665489448,2.905915521,11.298941236,14.204856757,13.883519069
6138000000.000000,1.606924642311,-89.810176857142,-42.939627862429,-132.749804719571,2.770174773,11.291368015,14.061542788,13.883519069
6139000000.000000,1.607186441699,-89.827820196491,-43.010547851029,-132.838368047520,3.123019015,11.282542578,14.405561593,13.883519069
6140000000.000000,1.607448241087,-89.849421871525,-43.081408473935,-132.930830345460,3.399307878,11.272479039,14.671786917,13.883519069
6141000000.000000,1.607710040475,-89.870537159114,-43.152202000377,-133.022739159491,2.259399252,11.261194094,13.520593346,13.883519069
6142000000.000000,1.607971839862,-89.877814319897,-43.222920812475,-133.100735132372,2.308309622,11.248706936,13.557016558,13.883519069
6143000000.000000,1.608233639250,-89.899544233316,-43.293557420665,-133.193101653981,2.857434946,11.235039166,14.092474112,13.883519069
6144000000.000000,1.608495438638,-89.913721906438,-43.364104478498,-133.277826384936,3.075972730,11.220214683,14.296187413,13.883519069
6145000000.000000,1.608757238026,-89.938198046637,-43.434554796748,-133.372752843385,2.668285110,11.204259575,13.872544685,13.883519069
6146000000.000000,1.609019037414,-89.947252566031,-43.504901356783,-133.452153922814,2.556479690,11.187201993,13.743681683,13.883519069
6147000000.000000,1.609280836801,-89.970323717884,-43.575137323133,-133.545461041017,3.425340084,11.169072022,14.594412106,13.883519069
6148000000.000000,1.609542636189,-89.990296659011,-43.645256055233,-133.635552714244,2.713069183,11.149901547,13.862970730,13.883519069
6149000000.000000,1.609804435577,-90.004417150740,-43.715251118286,-133.719668269026,2.576414795,11.129724109,13.706138904,13.883519069
6150000000.000000,1.610066234965,-90.022672842182,-43.785116293227,-133.807789135409,3.059662565,11.108574763,14.168237328,13.883519069
6151000000.000000,1.610328034353,-90.042866004484,-43.854845585760,-133.897711590244,3.023330810,11.086489927,14.109820737,13.883519069
6152000000.000000,1.610589833740,-90.060665137633,-43.924433234464,-133.985098372097,2.462378764,11.063507233,13.525885997,13.883519069
6153000000.000000,1.610851633128,-90.073809168622,-43.993873717945,-134.067682886567,2.784856140,11.039665376,13.824521516,13.883519069
6154000000.000000,1.611113432516,-90.095660671995,-44.063161761035,-134.158822433030,3.441937420,11.015003962,14.456941382,13.883519069
6155000000.000000,1.611375231904,-90.117061829870,-44.132292340053,-134.249354169923,2.514481929,10.989563362,13.504045291,13.883519069
6156000000.000000,1.611637031292,-90.127258583818,-44.201260687131,-134.328519270949,2.398658078,10.963384559,13.362042637,13.883519069
6157000000.000000,1.611898830679,-90.147204256261,-44.270062293610,-134.417266549871,3.274887948,10.936509008,14.211396956,13.883519069
6158000000.000000,1.612160630067,-90.168412039492,-44.338692912553,-134.507104952045,3.251885930,10.908978493,14.160864423,13.883519069
6159000000.000000,1.612422429455,-90.188068660048,-44.407148560371,-134.595217220419,3.164128205,10.880834989,14.044963194,13.883519069
6160000000.000000,1.612684228843,-90.208173647182,-44.475425517620,-134.683599164802,2.969176880,10.852120536,13.821297416,13.883519069
6161000000.000000,1.612946028231,-90.225380437141,-44.543520328978,-134.768900766119,3.085994444,10.822877107,13.908871551,13.883519069
6162000000.000000,1.613207827618,-90.246953397075,-44.611429802457,-134.858383199532,3.533318299,10.793146492,14.326464791,13.883519069
6163000000.000000,1.613469627006,-90.269781424380,-44.679151007887,-134.948932432267,3.100649795,10.762970184,13.863619979,13.883519069
6164000000.000000,1.613731426394,-90.285917311544,-44.746681274700,-135.032598586244,3.026284070,10.732389274,13.758673344,13.883519069
6165000000.000000,1.613993225782,-90.307810831593,-44.814018189081,-135.121829020674,3.365995571,10.701444350,14.067439921,13.883519069
6166000000.000000,1.614255025170,-90.328215659378,-44.881159590510,-135.209375249888,2.965461713,10.670175406,13.635637119,13.883519069
6167000000.000000,1.614516824557,-90.345075922526,-44.948103567759,-135.293179490285,3.025257246,10.638621760,13.663879006,13.883519069
6168000000.000000,1.614778623945,-90.366232163134,-45.014848454376,-135.381080617510,3.543658427,10.606821973,14.150480400,13.883519069
6169000000.000000,1.615040423333,-90.389606847645,-45.081392823711,-135.470999671356,3.120096976,10.574813782,13.694910758,13.883519069
6170000000.000000,1.615302222721,-90.405440458088,-45.147735483532,-135.553175941620,3.309846814,10.542634037,13.852480851,13.883519069
6171000000.000000,1.615564022109,-90.431199609386,-45.213875470272,-135.645075079658,3.673737510,10.510318649,14.184056159,13.883519069
6172000000.000000,1.615825821496,-90.451606005174,-45.279812042949,-135.731418048123,3.266879748,10.477902537,13.744782285,13.883519069
6173000000.000000,1.616087620884,-90.472252431050,-45.345544676816,-135.817797107866,3.490935906,10.445419592,13.936355498,13.883519069
6174000000.000000,1.616349420272,-90.495474399557,-45.411073056768,-135.906547456325,3.430090095,10.412902640,13.842992735,13.883519069
6175000000.000000,1.616611219660,-90.515356214423,-45.476397070562,-135.991753284985,3.256150823,10.380383414,13.636534237,13.883519069
6176000000.000000,1.616873019048,-90.536392397573,-45.541516801867,-136.077909199440,3.939329547,10.347892533,14.287222080,13.883519069
6177000000.000000,1.617134818435,-90.564859289485,-45.606432523209,-136.171291812694,3.720663684,10.315459486,14.036123170,13.883519069
6178000000.000000,1.617396617823,-90.583147636360,-45.671144688825,-136.254292325185,3.344675107,10.283112620,13.627787727,13.883519069
6179000000.000000,1.617658417211,-90.606889716458,-45.735653927463,-136.342543643921,3.474164011,10.250879136,13.725043147,13.883519069
6180000000.000000,1.617920216599,-90.626805268891,-45.799961035169,-136.426766304060,3.095061002,10.218785085,13.313846087,13.883519069
6181000000.000000,1.618182015987,-90.645783400078,-45.864066968074,-136.509850368152,3.808409347,10.186855376,13.995264723,13.883519069
6182000000.000000,1.618443815374,-90.674663152192,-45.927972835222,-136.602635987414,4.295053044,10.155113779,14.450166823,13.883519069
6183000000.000000,1.618705614762,-90.699756628431,-45.991679891451,-136.691436519882,3.358964403,10.123582937,13.482547340,13.883519069
6184000000.000000,1.618967414150,-90.716873143761,-46.055189530359,-136.772062674120,3.147416599,10.092284384,13.239700983,13.883519069
6185000000.000000,1.619229213538,-90.739308231892,-46.118503277367,-136.857811509259,3.995444883,10.061238557,14.056683440,13.883519069
6186000000.000000,1.619491012926,-90.767081384932,-46.181622782904,-136.948704167836,4.419785910,10.030464819,14.450250729,13.883519069
6187000000.000000,1.619752812313,-90.794848899679,-46.244549815723,-137.039398715401,3.848308616,9.999981484,13.848290100,13.883519069
6188000000.000000,1.620014611701,-90.815440657242,-46.307286256364,-137.122726913606,3.586318332,9.969805834,13.556124166,13.883519069
6189000000.000000,1.620276411089,-90.839915904976,-46.369834090790,-137.209749995766,4.300907445,9.939954156,14.240861601,13.883519069
6190000000.000000,1.620538210477,-90.869487454169,-46.432195404173,-137.301682858342,3.803026626,9.910441759,13.713468385,13.883519069
6191000000.000000,1.620800009865,-90.887706147017,-46.494372374880,-137.382078521897,3.475815320,9.881283011,13.357098331,13.883519069
6192000000.000000,1.621061809252,-90.913165837673,-46.556367268635,-137.469533106308,4.046111123,9.852491368,13.898602491,13.883519069
6193000000.000000,1.621323608640,-90.938551078932,-46.618182432880,-137.556733511812,4.191224390,9.824079401,14.015303791,13.883519069
6194000000.000000,1.621585408028,-90.965834316681,-46.679820291328,-137.645654608009,3.935694341,9.796058832,13.731753173,13.883519069
6195000000.000000,1.621847207416,-90.988008472643,-46.741283338725,-137.729291811368,4.397480617,9.768440566,14.165921183,13.883519069
6196000000.000000,1.622109006804,-91.021094687887,-46.802574135811,-137.823668823698,4.510405528,9.741234722,14.251640250,13.883519069
6197000000.000000,1.622370806191,-91.044687900127,-46.863695304484,-137.908383204611,4.098295924,9.714450664,13.812746588,13.883519069
6198000000.000000,1.622632605579,-91.072595393352,-46.924649523176,-137.997244916528,4.160883940,9.688097039,13.848980979,13.883519069
6199000000.000000,1.622894404967,-91.096975109804,-46.985439522427,-138.082414632231,4.010469707,9.662181804,13.672651511,13.883519069
6200000000.000000,1.623156204355,-91.122992442024,-47.046068080666,-138.169060522690,4.702097450,9.636712260,14.338809710,13.883519069
6201000000.000000,1.623418003743,-91.156063409020,-47.106538020192,-138.262601429212,4.721002085,9.611695086,14.332697171,13.883519069
6202000000.000000,1.623679803130,-91.182318303900,-47.166852203354,-138.349170507254,4.469490136,9.587136368,14.056626504,13.883519069
6203000000.000000,1.623941602518,-91.212228678523,-47.227013528923,-138.439242207446,4.774356943,9.563041629,14.337398572,13.883519069
6204000000.000000,1.624203401906,-91.242314642689,-47.287024928665,-138.529339571354,4.166346454,9.539415862,13.705762316,13.883519069
6205000000.000000,1.624465201294,-91.264584532169,-47.346889364089,-138.611473896258,4.313516498,9.516263557,13.829780055,13.883519069
6206000000.000000,1.624727000682,-91.296519889655,-47.406609823390,-138.703129713045,4.598171126,9.493588733,14.091759859,13.883519069
6207000000.000000,1.624988800069,-91.322366854686,-47.466189318562,-138.788556173248,4.659278117,9.471394960,14.130673077,13.883519069
6208000000.000000,1.625250599457,-91.355070105265,-47.525630882690,-138.880700987955,4.934309687,9.449685394,14.383995081,13.883519069
6209000000.000000,1.625512398845,-91.384373218937,-47.584937567409,-138.969310786346,4.785527894,9.428462797,14.213990691,13.883519069
6210000000.000000,1.625774198233,-91.415206822366,-47.644112440522,-139.059319262888,4.641689033,9.407729567,14.049418600,13.883519069
6211000000.000000,1.626035997621,-91.442702403607,-47.703158583787,-139.145860987394,4.554981214,9.387487759,13.942468973,13.883519069
6212000000.000000,1.626297797008,-91.472446404445,-47.762079090841,-139.234525495286,5.216951135,9.367739112,14.584690247,13.883519069
6213000000.000000,1.626559596396,-91.508260545041,-47.820877065287,-139.329137610328,4.786556980,9.348485069,14.135042049,13.883519069
6214000000.000000,1.626821395784,-91.532596053422,-47.879555618906,-139.412151672328,4.486130633,9.329726803,13.815857436,13.883519069
6215000000.000000,1.627083195172,-91.564634925197,-47.938117870021,-139.502752795218,4.919644559,9.311465232,14.231109791,13.883519069
6216000000.000000,1.627344994560,-91.594418130247,-47.996566941979,-139.590985072226,4.900895629,9.293701047,14.194596676,13.883519069
6217000000.000000,1.627606793947,-91.626221396016,-48.054905961763,-139.681127357779,4.870094550,9.276434726,14.146529276,13.883519069
6218000000.000000,1.627868593335,-91.655617543291,-48.113138058724,-139.768755602015,5.028349924,9.259666552,14.288016476,13.883519069
6219000000.000000,1.628130392723,-91.689409504741,-48.171266363426,-139.860675868167,5.339064859,9.243396637,14.582461496,13.883519069
6220000000.000000,1.628392192111,-91.722710211044,-48.229294006599,-139.952004217643,4.817357933,9.227624931,14.044982864,13.883519069
6221000000.000000,1.628653991499,-91.749946209909,-48.287224118199,-140.037170328108,4.863047781,9.212351244,14.075399025,13.883519069
6222000000.000000,1.628915790886,-91.783821071780,-48.345059826562,-140.128880898341,5.365621091,9.197575259,14.563196350,13.883519069
6223000000.000000,1.629177590274,-91.817372593109,-48.402804257658,-140.220176850767,5.165616025,9.183296547,14.348912572,13.883519069
6224000000.000000,1.629439389662,-91.848734117205,-48.460460534431,-140.309194651636,5.215460730,9.169514580,14.384975310,13.883519069
6225000000.000000,1.629701189050,-91.882912005567,-48.518031776223,-140.400943781790,4.829152501,9.156228746,13.985381247,13.883519069
6226000000.000000,1.629962988438,-91.909419037286,-48.575521098278,-140.484940135564,5.114021849,9.143438359,14.257460208,13.883519069
6227000000.000000,1.630224787825,-91.947176699451,-48.632931611327,-140.580108310778,5.791929855,9.131142673,14.923072528,13.883519069
6228000000.000000,1.630486587213,-91.982202574413,-48.690266421239,-140.672468995652,5.637260146,9.119340892,14.756601038,13.883519069
6229000000.000000,1.630748386601,-92.018016599690,-48.747528628738,-140.765545228428,5.147704885,9.108032181,14.255737066,13.883519069
6230000000.000000,1.631010185989,-92.046890541810,-48.804721329194,-140.851611871004,5.028296173,9.097215674,14.125511847,13.883519069
6231000000.000000,1.631271985377,-92.081204032955,-48.861847612461,-140.943051645416,5.338983760,9.086890487,14.425874247,13.883519069
6232000000.000000,1.631533784764,-92.113982190447,-48.918910562780,-141.032892753227,5.090863305,9.077055720,14.167919025,13.883519069
6233000000.000000,1.631795584152,-92.145177707988,-48.975913258729,-141.121090966717,5.379609625,9.067710475,14.447320100,13.883519069
6234000000.000000,1.632057383540,-92.181584358757,-49.032858773229,-141.214443131986,5.486907095,9.058853853,14.545760948,13.883519069
6235000000.000000,1.632319182928,-92.214128216073,-49.089750173584,-141.303878389657,5.571045054,9.050484968,14.621530022,13.883519069
6236000000.000000,1.632580982315,-92.251592175614,-49.146590521581,-141.398182697195,5.393893002,9.042602953,14.436495955,13.883519069
6237000000.000000,1.632842781703,-92.281909874590,-49.203382873608,-141.485292748198,4.953236396,9.035206961,13.988443357,13.883519069
6238000000.000000,1.633104581091,-92.313836379909,-49.260130280829,-141.573966660738,5.524663469,9.028296176,14.552959645,13.883519069
6239000000.000000,1.633366380479,-92.351334843262,-49.316835789377,-141.668170632639,5.764671399,9.021869817,14.786541216,13.883519069
6240000000.000000,1.633628179867,-92.386277377180,-49.373502440585,-141.759779817765,5.273460198,9.015927140,14.289387338,13.883519069
6241000000.000000,1.633889979254,-92.417603098529,-49.430133271246,-141.847736369775,5.291269627,9.010467444,14.301737071,13.883519069
6242000000.000000,1.634151778642,-92.452769432332,-49.486731313893,-141.939500746225,5.418700416,9.005490076,14.424190492,13.883519069
6243000000.000000,1.634413578030,-92.485696496201,-49.543299597103,-142.028996093304,5.068784594,9.000994432,14.069779026,13.883519069
6244000000.000000,1.634675377418,-92.516465658106,-49.599841145824,-142.116306803930,5.419575590,8.996979962,14.416555552,13.883519069
6245000000.000000,1.634937176806,-92.553800891633,-49.656358981718,-142.210159873351,5.527052097,8.993446172,14.520498269,13.883519069
6246000000.000000,1.635198976193,-92.585920643158,-49.712856123517,-142.298776766675,5.461331737,8.990392624,14.451724361,13.883519069
6247000000.000000,1.635460775581,-92.622430010283,-49.769335587394,-142.391765597677,5.676263986,8.987818941,14.664082927,13.883519069
6248000000.000000,1.635722574969,-92.657250680112,-49.825800387343,-142.483051067455,5.324161716,8.985724808,14.309886524,13.883519069
6249000000.000000,1.635984374357,-92.689335399612,-49.882253535567,-142.571588935179,5.175242065,8.984109971,14.159352036,13.883519069
6250000000.000000,1.636246173745,-92.722284689916,-49.938698042874,-142.660982732790,5.797594697,8.982974239,14.780568936,13.883519069
6251000000.000000,1.636507973132,-92.762190123248,-49.995136919072,-142.757327042320,5.800699711,8.982317485,14.783017196,13.883519069
6252000000.000000,1.636769772520,-92.795178432301,-50.051573173371,-142.846751605672,5.226998427,8.982139646,14.209138073,13.883519069
6253000000.000000,1.637031571908,-92.827874522681,-50.108009814774,-142.935884337455,5.374001944,8.982440720,14.356442664,13.883519069
6254000000.000000,1.637293371296,-92.862710132410,-50.164449852479,-143.027159984889,5.372051594,8.983220768,14.355272362,13.883519069
6255000000.000000,1.637555170684,-92.895381713974,-50.220896296261,-143.116278010235,5.167418971,8.984479914,14.151898885,13.883519069
6256000000.000000,1.637816970071,-92.927645834324,-50.277352156854,-143.204997991178,5.198034027,8.986218338,14.184252365,13.883519069
6257000000.000000,1.638078769459,-92.960702136024,-50.333820446321,-143.294522582345,5.490516202,8.988436282,14.478952484,13.883519069
6258000000.000000,1.638340568847,-92.996641695783,-50.390304178411,-143.386945874194,5.431617748,8.991134039,14.422751787,13.883519069
6259000000.000000,1.638602368235,-93.028957857686,-50.446806368901,-143.475764226587,5.079307727,8.994311960,14.073619687,13.883519069
6260000000.000000,1.638864167623,-93.060470159151,-50.503330035918,-143.563800195069,5.244610898,8.997970442,14.242581340,13.883519069
6261000000.000000,1.639125967010,-93.094863581957,-50.559878200246,-143.654741782203,4.940259504,9.002109930,13.942369434,13.883519069
6262000000.000000,1.639387766398,-93.122551291006,-50.616453885607,-143.739005176613,5.151062048,9.006730913,14.157792961,13.883519069
6263000000.000000,1.639649565786,-93.159593736710,-50.673060118917,-143.832653855627,5.846695242,9.011833916,14.858529158,13.883519069
6264000000.000000,1.639911365174,-93.196023030287,-50.729699930512,-143.925722960799,5.473031624,9.017419501,14.490451125,13.883519069
6265000000.000000,1.640173164562,-93.228369880479,-50.786376354351,-144.014746234830,4.789694342,9.023488256,13.813182598,13.883519069
6266000000.000000,1.640434963949,-93.256212104520,-50.843092428175,-144.099304532695,4.589275063,9.030040795,13.619315858,13.883519069
6267000000.000000,1.640696763337,-93.286040411771,-50.899851193641,-144.185891605412,5.134545954,9.037077746,14.171623700,13.883519069
6268000000.000000,1.640958562725,-93.320734711911,-50.956655696404,-144.277390408315,5.527457800,9.044599751,14.572057551,13.883519069
6269000000.000000,1.641220362113,-93.355500495043,-51.013508986168,-144.369009481211,5.107481292,9.052607453,14.160088745,13.883519069
6270000000.000000,1.641482161501,-93.384917214726,-51.070414116685,-144.455331331411,4.787961513,9.061101493,13.849063006,13.883519069
6271000000.000000,1.641743960888,-93.415667793907,-51.127374145703,-144.543041939610,5.192621195,9.070082499,14.262703694,13.883519069
6272000000.000000,1.642005760276,-93.450169617120,-51.184392134871,-144.634561751991,5.049649809,9.079551079,14.129200888,13.883519069
6273000000.000000,1.642267559664,-93.479123564885,-51.241471149578,-144.720594714463,4.775246466,9.089507812,13.864754278,13.883519069
6274000000.000000,1.642529359052,-93.510177133989,-51.298614258734,-144.808791392723,4.863346717,9.099953234,13.963299951,13.883519069
6275000000.000000,1.642791158440,-93.540238182155,-51.355824534494,-144.896062716649,5.366209549,9.110887836,14.477097385,13.883519069
6276000000.000000,1.643052957827,-93.577610911973,-51.413105051908,-144.990715963881,5.010799189,9.122312044,14.133111233,13.883519069
6277000000.000000,1.643314757215,-93.603205741833,-51.470458888497,-145.073664630330,4.307028241,9.134226212,13.441254453,13.883519069
6278000000.000000,1.643576556603,-93.631734625101,-51.527889123767,-145.159623748868,4.537969524,9.146630611,13.684600135,13.883519069
6279000000.000000,1.643838355991,-93.660231548703,-51.585398838624,-145.245630387327,4.641001359,9.159525410,13.800526769,13.883519069
6280000000.000000,1.644100155379,-93.690055168197,-51.642991114719,-145.333046282916,4.575765241,9.172910669,13.748675910,13.883519069
6281000000.000000,1.644361954766,-93.717732310561,-51.700669033697,-145.418401344258,5.222362016,9.186786319,14.409148335,13.883519069
6282000000.000000,1.644623754154,-93.755681304775,-51.758435676354,-145.514116981129,5.032738494,9.201152150,14.233890644,13.883519069
6283000000.000000,1.644885553542,-93.780975567680,-51.816294121696,-145.597269689376,4.066452034,9.216007795,13.282459829,13.883519069
6284000000.000000,1.645147352930,-93.806781848114,-51.874247445891,-145.681029294005,4.254384800,9.231352710,13.485737510,13.883519069
6285000000.000000,1.645409152318,-93.834437743816,-51.932298721117,-145.766736464933,4.509375982,9.247186158,13.756562140,13.883519069
6286000000.000000,1.645670951705,-93.863448337941,-51.990451014290,-145.853899352231,4.646246717,9.263507192,13.909753909,13.883519069
6287000000.000000,1.645932751093,-93.892824202025,-52.048707385680,-145.941531587705,4.810611570,9.280314634,14.090926204,13.883519069
6288000000.000000,1.646194550481,-93.923900265815,-52.107070887395,-146.030971153210,4.539976874,9.297607054,13.837583928,13.883519069
6289000000.000000,1.646456349869,-93.949875234000,-52.165544561742,-146.115419795742,4.106370933,9.315382750,13.421753683,13.883519069
6290000000.000000,1.646718149257,-93.975502444838,-52.224131439443,-146.199633884281,4.461212406,9.333639726,13.794852132,13.883519069
6291000000.000000,1.646979948644,-94.005936482479,-52.282834537721,-146.288771020200,4.239690770,9.352375669,13.592066439,13.883519069
6292000000.000000,1.647241748032,-94.028779970349,-52.341656858230,-146.370436828579,3.865473598,9.371587926,13.237061524,13.883519069
6293000000.000000,1.647503547420,-94.054511456312,-52.400601384840,-146.455112841152,4.192155697,9.391273475,13.583429172,13.883519069
6294000000.000000,1.647765346808,-94.081460152516,-52.459671081257,-146.541131233773,4.588043033,9.411428906,13.999471939,13.883519069
6295000000.000000,1.648027146196,-94.112166505464,-52.518868888485,-146.631035393949,4.249559435,9.432050391,13.681609826,13.883519069
6296000000.000000,1.648288945583,-94.134861691328,-52.578197722121,-146.713059413449,4.037275471,9.453133656,13.490409127,13.883519069
6297000000.000000,1.648550744971,-94.162900405309,-52.637660469470,-146.800560874779,4.516442366,9.474673955,13.991116321,13.883519069
6298000000.000000,1.648812544359,-94.191616979955,-52.697259986487,-146.888876966442,3.639856740,9.496666040,13.136522780,13.883519069
6299000000.000000,1.649074343747,-94.208640194089,-52.756999094533,-146.965639288622,3.856896250,9.519104134,13.376000384,13.883519069
6300000000.000000,1.649336143135,-94.240084167653,-52.816880576945,-147.056964744598,4.062636765,9.541981894,13.604618659,13.883519069
6301000000.000000,1.649597942522,-94.259692793344,-52.876907175414,-147.136599968758,3.789184674,9.565292391,13.354477065,13.883519069
6302000000.000000,1.649859741910,-94.287700466593,-52.937081586164,-147.224782052757,3.849747712,9.589028067,13.438775779,13.883519069
6303000000.000000,1.650121541298,-94.308070149859,-52.997406455938,-147.305476605797,3.304569765,9.613180712,12.917750477,13.883519069
6304000000.000000,1.650383340686,-94.329226914982,-53.057884377777,-147.387111292759,3.364630144,9.637741427,13.002371571,13.883519069
6305000000.000000,1.650645140074,-94.350351339234,-53.118517886598,-147.468869225832,3.514273475,9.662700593,13.176974068,13.883519069
6306000000.000000,1.650906939461,-94.373388577912,-53.179309454567,-147.552698032479,3.786418962,9.688047839,13.474466801,13.883519069
6307000000.000000,1.651168738849,-94.397932883216,-53.240261486266,-147.638194369482,3.817508198,9.713772006,13.531280204,13.883519069
6308000000.000000,1.651430538237,-94.421360800756,-53.301376313655,-147.722737114411,3.534361944,9.739861119,13.274223063,13.883519069
6309000000.000000,1.651692337625,-94.442346985285,-53.362656190824,-147.805003176109,3.701959974,9.766302353,13.468262327,13.883519069
6310000000.000000,1.651954137013,-94.467881001786,-53.424103288551,-147.891984290337,3.791302245,9.793081997,13.584384242,13.883519069
6311000000.000000,1.652215936400,-94.489989894406,-53.485719688657,-147.975709583063,3.238273856,9.820185430,13.058459286,13.883519069
6312000000.000000,1.652477735788,-94.508574351205,-53.547507378164,-148.056081729368,3.210270841,9.847597083,13.057867924,13.883519069
6313000000.000000,1.652739535176,-94.530331347570,-53.609468243263,-148.139799590833,3.337847292,9.875300415,13.213147707,13.883519069
6314000000.000000,1.653001334564,-94.550518977331,-53.671604063111,-148.222123040442,3.638757314,9.903277883,13.542035197,13.883519069
6315000000.000000,1.653263133952,-94.576057320551,-53.733916503439,-148.309973823990,3.432010146,9.931510913,13.363521059,13.883519069
6316000000.000000,1.653524933339,-94.593646888776,-53.796407110009,-148.390053998785,3.031980058,9.959979879,12.991959937,13.883519069
6317000000.000000,1.653786732727,-94.614158305650,-53.859077301913,-148.473235607563,3.464853499,9.988664077,13.453517576,13.883519069
6318000000.000000,1.654048532115,-94.637187521971,-53.921928364742,-148.559115886713,3.239530698,10.017541705,13.257072403,13.883519069
6319000000.000000,1.654310331503,-94.654867449022,-53.984961443625,-148.639828892647,2.901672444,10.046589847,12.948262291,13.883519069
6320000000.000000,1.654572130891,-94.673651013302,-54.048177536172,-148.721828549474,2.938851330,10.075784456,13.014635786,13.883519069
6321000000.000000,1.654833930278,-94.691798144021,-54.111577485326,-148.803375629347,2.937772112,10.105100342,13.042872454,13.883519069
6322000000.000000,1.655095729666,-94.710568146438,-54.175161972160,-148.885730118598,3.347469600,10.134511166,13.481980766,13.883519069
6323000000.000000,1.655357529054,-94.733863687630,-54.238931508628,-148.972795196258,3.583213831,10.163989434,13.747203265,13.883519069
6324000000.000000,1.655619328442,-94.755596139435,-54.302886430310,-149.058482569745,3.174831553,10.193506500,13.368338053,13.883519069
6325000000.000000,1.655881127830,-94.773759797565,-54.367026889168,-149.140786686733,2.363003786,10.223032567,12.586036353,13.883519069
6326000000.000000,1.656142927217,-94.785290520777,-54.431352846353,-149.216643367130,2.959367662,10.252536701,13.211904363,13.883519069
6327000000.000000,1.656404726605,-94.810948308390,-54.495864065086,-149.306812373476,3.112587169,10.281986842,13.394574011,13.883519069
6328000000.000000,1.656666525993,-94.824404444713,-54.560560103656,-149.384964548369,2.644204295,10.311349829,12.955554124,13.883519069
6329000000.000000,1.656928325381,-94.844176359543,-54.625440308568,-149.469616668111,3.262464420,10.340591425,13.603055845,13.883519069
6330000000.000000,1.657190124769,-94.865401781733,-54.690503807879,-149.555905589612,2.876662656,10.369676353,13.246339009,13.883519069
6331000000.000000,1.657451924156,-94.880325568607,-54.755749504764,-149.636075073372,2.560374482,10.398568329,12.958942811,13.883519069
6332000000.000000,1.657713723544,-94.897576396390,-54.821176071358,-149.718752467748,3.035296068,10.427230117,13.462526185,13.883519069
6333000000.000000,1.657975522932,-94.918468223927,-54.886781942902,-149.805250166829,2.944709974,10.455623580,13.400333554,13.883519069
6334000000.000000,1.658237322320,-94.934580713271,-54.952565312264,-149.887146025535,2.433807185,10.483709736,12.917516921,13.883519069
6335000000.000000,1.658499121708,-94.949052347017,-55.018524124855,-149.967576471872,2.617701396,10.511448834,13.129150230,13.883519069
6336000000.000000,1.658760921095,-94.967475719176,-55.084656074003,-150.052131793179,2.875272713,10.538800425,13.414073138,13.883519069
6337000000.000000,1.659022720483,-94.985184089540,-55.150958596823,-150.136142686363,3.000781077,10.565723446,13.566504523,13.883519069
6338000000.000000,1.659284519871,-95.005184646320,-55.217428870637,-150.222613516957,2.708491346,10.592176313,13.300667659,13.883519069
6339000000.000000,1.659546319259,-95.019219995605,-55.284063809981,-150.303283805586,2.822892096,10.618117014,13.441009110,13.883519069
6340000000.000000,1.659808118647,-95.040658154597,-55.350860064256,-150.391518218853,3.144151353,10.643503218,13.787654571,13.883519069
6341000000.000000,1.660069918034,-95.058730566773,-55.417814016054,-150.476544582827,2.361151541,10.668292388,13.029443929,13.883519069
6342000000.000000,1.660331717422,-95.070329259944,-55.484921780220,-150.555251040164,2.171408252,10.692441894,12.863850146,13.883519069
6343000000.000000,1.660593516810,-95.086017287626,-55.552179203662,-150.638196491288,2.459110942,10.715909143,13.175020085,13.883519069
6344000000.000000,1.660855316198,-95.101231359428,-55.619581865982,-150.720813225410,2.855837957,10.738651709,13.594489666,13.883519069
6345000000.000000,1.661117115586,-95.121904805806,-55.687125080930,-150.809029886736,2.999771766,10.760627464,13.760399230,13.883519069
6346000000.000000,1.661378914973,-95.138927603202,-55.754803898732,-150.893731501934,2.639887272,10.781794723,13.421681995,13.883519069
6347000000.000000,1.661640714361,-95.155078607649,-55.822613109309,-150.977691716958,2.466002445,10.802112388,13.268114833,13.883519069
6348000000.000000,1.661902513749,-95.169916303856,-55.890547246414,-151.060463550270,3.109346901,10.821540090,13.930886991,13.883519069
6349000000.000000,1.662164313137,-95.194151813177,-55.958600592698,-151.152752405875,2.858086059,10.840038344,13.698124403,13.883519069
6350000000.000000,1.662426112525,-95.205832072518,-56.026767185722,-151.232599258240,2.088501843,10.857568697,12.946070540,13.883519069
6351000000.000000,1.662687911912,-95.220396701362,-56.095040824915,-151.315437526277,2.567972168,10.874093877,13.442066045,13.883519069
6352000000.000000,1.662949711300,-95.238102162514,-56.163415079477,-151.401517241991,2.965571151,10.889577947,13.855149098,13.883519069
6353000000.000000,1.663211510688,-95.257663167529,-56.231883297228,-151.489546464757,2.581132167,10.903986449,13.485118616,13.883519069
6354000000.000000,1.663473310076,-95.270537625927,-56.300438614372,-151.570976240299,2.346943661,10.917286554,13.264230215,13.883519069
6355000000.000000,1.663735109464,-95.287155731378,-56.369073966172,-151.656229697550,2.994037068,10.929447200,13.923484268,13.883519069
6356000000.000000,1.663996908851,-95.308161805361,-56.437782098498,-151.745943903859,2.750751882,10.940439229,13.691191111,13.883519069
6357000000.000000,1.664258708239,-95.321722698997,-56.506555580209,-151.828278279206,2.172422252,10.950235519,13.122657771,13.883519069
6358000000.000000,1.664520507627,-95.335461268509,-56.575386816343,-151.910848084852,2.780117295,10.958811105,13.738928400,13.883519069
6359000000.000000,1.664782307015,-95.356658683275,-56.644268062043,-152.000926745318,2.747835025,10.966143294,13.713978319,13.883519069
6360000000.000000,1.665044106403,-95.369991581823,-56.713191437188,-152.083183019011,2.604301429,10.972211774,13.576513203,13.883519069
6361000000.000000,1.665305905790,-95.389385300223,-56.782148941652,-152.171534241875,3.146123060,10.976998703,14.123121763,13.883519069
6362000000.000000,1.665567705178,-95.409526930193,-56.851132471121,-152.260659401314,2.874592361,10.980488798,13.855081159,13.883519069
6363000000.000000,1.665829504566,-95.425508493191,-56.920133833420,-152.345642326611,2.643037381,10.982669408,13.625706789,13.883519069
6364000000.000000,1.666091303954,-95.442740317470,-56.989144765241,-152.431885082711,2.717047220,10.983530570,13.700577790,13.883519069
6365000000.000000,1.666353103342,-95.459651915531,-57.058156949220,-152.517808864751,2.773202468,10.983065059,13.756267527,13.883519069
6366000000.000000,1.666614902729,-95.477589407469,-57.127162031257,-152.604751438726,2.965599596,10.981268421,13.946868017,13.883519069
6367000000.000000,1.666876702117,-95.496918739149,-57.196151638020,-152.693070377169,3.073216283,10.978138994,14.051355277,13.883519069
6368000000.000000,1.667138501505,-95.516208582265,-57.265117394509,-152.781325976774,2.627907588,10.973677910,13.601585498,13.883519069
6369000000.000000,1.667400300893,-95.529941999845,-57.334050941635,-152.863992941480,2.615163009,10.967889091,13.583052100,13.883519069
6370000000.000000,1.667662100281,-95.549071689855,-57.402943953684,-152.952015643539,3.224029473,10.960779226,14.184808699,13.883519069
6371000000.000000,1.667923899668,-95.570456349074,-57.471788155615,-153.042244504689,2.993295685,10.952357735,13.945653420,13.883519069
6372000000.000000,1.668185699056,-95.586686552795,-57.540575340081,-153.127261892876,2.749109864,10.942636717,13.691746581,13.883519069
6373000000.000000,1.668447498444,-95.605002682488,-57.609297384102,-153.214300066590,3.202843141,10.931630893,14.134474034,13.883519069
6374000000.000000,1.668709297832,-95.626934666721,-57.677946265306,-153.304880932027,3.089849297,10.919357528,14.009206825,13.883519069
6375000000.000000,1.668971097220,-95.643830873896,-57.746514077673,-153.390344951569,2.932721425,10.905836346,13.838557771,13.883519069
6376000000.000000,1.669232896607,-95.663788331050,-57.814993046689,-153.478781377739,3.304955079,10.891089431,14.196044510,13.883519069
6377000000.000000,1.669494695995,-95.685362164284,-57.883375543863,-153.568737708147,2.879063304,10.875141125,13.754204429,13.883519069
6378000000.000000,1.669756495383,-95.699967707551,-57.951654100544,-153.651621808095,2.881897660,10.858017904,13.739915564,13.883519069
6379000000.000000,1.670018294771,-95.721577158350,-58.019821420976,-153.741398579326,3.119571130,10.839748260,13.959319390,13.883519069
6380000000.000000,1.670280094159,-95.739169394534,-58.087870394546,-153.827039789080,2.818821728,10.820362568,13.639184296,13.883519069
6381000000.000000,1.670541893546,-95.756999516879,-58.155794107188,-153.912793624067,3.691021012,10.799892946,14.490913958,13.883519069
6382000000.000000,1.670803692934,-95.785552132516,-58.223585851906,-154.009137984422,3.618001569,10.778373116,14.396374685,13.883519069
6383000000.000000,1.671065492322,-95.802464665481,-58.291239138384,-154.093703803865,3.152944395,10.755838254,13.908782649,13.883519069
6384000000.000000,1.671327291710,-95.825173200304,-58.358747701673,-154.183920901977,3.321381255,10.732324844,14.053706099,13.883519069
6385000000.000000,1.671589091098,-95.844202373287,-58.426105509932,-154.270307883219,3.257155759,10.707870528,13.965026287,13.883519069
6386000000.000000,1.671850890485,-95.866103826717,-58.493306771217,-154.359410597934,3.355457092,10.682513951,14.037971043,13.883519069
6387000000.000000,1.672112689873,-95.886368290680,-58.560345939327,-154.446714230007,3.954370772,10.656294613,14.610665385,13.883519069
6388000000.000000,1.672374489261,-95.915795915382,-58.627217718697,-154.543013634079,3.649204835,10.629252721,14.278457556,13.883519069
6389000000.000000,1.672636288649,-95.932225551082,-58.693917068367,-154.626142619449,2.818275920,10.601429038,13.419704958,13.883519069
6390000000.000000,1.672898088037,-95.951211415083,-58.760439205031,-154.711650620114,3.392792697,10.572864744,13.965657441,13.883519069
6391000000.000000,1.673159887424,-95.974860641535,-58.826779605192,-154.801640246727,3.657769014,10.543601291,14.201370305,13.883519069
6392000000.000000,1.673421686812,-95.997176296130,-58.892934006461,-154.890110302591,3.612152125,10.513680272,14.125832397,13.883519069
6393000000.000000,1.673683486200,-96.020252283848,-58.958898408006,-154.979150691854,3.184886060,10.483143287,13.668029347,13.883519069
6394000000.000000,1.673945285588,-96.037198754722,-59.024669070213,-155.061867824935,3.540217354,10.452031824,13.992249178,13.883519069
6395000000.000000,1.674207084976,-96.064739967171,-59.090242513582,-155.154982480753,4.115589637,10.420387135,14.535976772,13.883519069
6396000000.000000,1.674468884363,-96.088916779400,-59.155615516899,-155.244532296299,3.794951771,10.388250129,14.183201900,13.883519069
6397000000.000000,1.674730683751,-96.112428737590,-59.220785114735,-155.333213852325,3.863483722,10.355661264,14.219144986,13.883519069
6398000000.000000,1.674992483139,-96.137466747707,-59.285748594299,-155.423215342006,3.969259593,10.322660454,14.291920047,13.883519069
6399000000.000000,1.675254282527,-96.162307924704,-59.350503491720,-155.512811416424,3.907852488,10.289286974,14.197139462,13.883519069
6400000000.000000,1.675516081915,-96.186574270373,-59.415047587771,-155.601621858144,3.667724674,10.255579382,13.923304056,13.883519069
6401000000.000000,1.675777881302,-96.208397912267,-59.479378903105,-155.687776815372,3.843569658,10.221575442,14.065145100,13.883519069
6402000000.000000,1.676039680690,-96.234873991174,-59.543495693041,-155.778369684215,3.874515343,10.187312055,14.061827398,13.883519069
6403000000.000000,1.676301480078,-96.257086508018,-59.607396441951,-155.864482949969,4.066185213,10.152825199,14.219010412,13.883519069
6404000000.000000,1.676563279466,-96.285971181548,-59.671079857280,-155.957051038828,4.425919878,10.118149879,14.544069757,13.883519069
6405000000.000000,1.676825078854,-96.312704257511,-59.734544863267,-156.047249120778,4.088562344,10.083320077,14.171882421,13.883519069
6406000000.000000,1.677086878241,-96.337349571241,-59.797790594391,-156.135140165632,4.037650843,10.048368713,14.086019556,13.883519069
6407000000.000000,1.677348677629,-96.363442874414,-59.860816388586,-156.224259263000,4.038505899,10.013327615,14.051833514,13.883519069
6408000000.000000,1.677610477017,-96.388098933096,-59.923621780280,-156.311720713376,4.020920170,9.978227488,13.999147658,13.883519069
6409000000.000000,1.677872276405,-96.413971247485,-59.986206493273,-156.400177740758,4.185232651,9.943097898,14.128330549,13.883519069
6410000000.000000,1.678134075793,-96.440692117696,-60.048570433519,-156.489262551215,4.380492573,9.907967253,14.288459826,13.883519069
6411000000.000000,1.678395875180,-96.469018140635,-60.110713681814,-156.579731822449,4.386472567,9.872862797,14.259335364,13.883519069
6412000000.000000,1.678657674568,-96.495814157663,-60.172636486452,-156.668450644115,4.393518878,9.837810601,14.231329479,13.883519069
6413000000.000000,1.678919473956,-96.524228727158,-60.234339255859,-156.758567983017,4.591206068,9.802835566,14.394041634,13.883519069
6414000000.000000,1.679181273344,-96.553508954686,-60.295822551244,-156.849331505930,4.122413494,9.767961426,13.890374920,13.883519069
6415000000.000000,1.679443072732,-96.576032502943,-60.357087079287,-156.933119582230,4.149189696,9.733210757,13.882400453,13.883519069
6416000000.000000,1.679704872119,-96.605649210157,-60.418133684888,-157.023782895045,4.713068585,9.698604988,14.411673573,13.883519069
6417000000.000000,1.679966671507,-96.635258669517,-60.478963344003,-157.114222013520,4.485355936,9.664164413,14.149520349,13.883519069
6418000000.000000,1.680228470895,-96.662013855187,-60.539577156582,-157.201591011769,4.203293634,9.629908216,13.833201850,13.883519069
6419000000.000000,1.680490270283,-96.688078815117,-60.599976339629,-157.288055154746,4.576999461,9.595854484,14.172853945,13.883519069
6420000000.000000,1.680752069671,-96.719530126713,-60.660162220390,-157.379692347103,4.889218489,9.562020234,14.451238723,13.883519069
6421000000.000000,1.681013869058,-96.749518546661,-60.720136229706,-157.469654776367,5.025921519,9.528421435,14.554342954,13.883519069
6422000000.000000,1.681275668446,-96.782687719194,-60.779899895510,-157.562587614704,4.361061910,9.495073037,13.856134947,13.883519069
6423000000.000000,1.681537467834,-96.804321266888,-60.839454836505,-157.643776103393,3.982005752,9.461988999,13.443994751,13.883519069
6424000000.000000,1.681799267222,-96.832727079265,-60.898802756025,-157.731529835290,5.175077949,9.429182315,14.604260264,13.883519069
6425000000.000000,1.682061066610,-96.869353214353,-60.957945436070,-157.827298650423,5.267643524,9.396665047,14.664308571,13.883519069
6426000000.000000,1.682322865997,-96.898922240050,-61.016884731545,-157.915806971595,4.359127069,9.364448354,13.723575423,13.883519069
6427000000.000000,1.682584665385,-96.924131620663,-61.075622564689,-157.999754185352,4.416191120,9.332542526,13.748733646,13.883519069
6428000000.000000,1.682846464773,-96.954417734363,-61.134160919705,-158.088578654068,5.091357194,9.300957014,14.392314208,13.883519069
6429000000.000000,1.683108264161,-96.988111502094,-61.192501837594,-158.180613339688,5.055934367,9.269700461,14.325634828,13.883519069
6430000000.000000,1.683370063549,-97.017952479419,-61.250647411187,-158.268599890606,4.410011084,9.238780738,13.648791822,13.883519069
6431000000.000000,1.683631862936,-97.043529335789,-61.308599780378,-158.352129116167,4.430947098,9.208204973,13.639152071,13.883519069
6432000000.000000,1.683893662324,-97.073633402819,-61.366361127566,-158.439994530385,5.166581020,9.177979582,14.344560602,13.883519069
6433000000.000000,1.684155461712,-97.108454507699,-61.423933673293,-158.532388180992,5.217049130,9.148110304,14.365159434,13.883519069
6434000000.000000,1.684417261100,-97.139192775705,-61.481319672071,-158.620512447776,4.734601312,9.118602232,13.853203544,13.883519069
6435000000.000000,1.684679060488,-97.167951262493,-61.538521408423,-158.706472670916,5.193505160,9.089459839,14.282964999,13.883519069
6436000000.000000,1.684940859875,-97.204456286336,-61.595541193094,-158.799997479430,5.150654269,9.060687014,14.211341283,13.883519069
6437000000.000000,1.685202659263,-97.232676292943,-61.652381359465,-158.885057652408,4.523079992,9.032287089,13.555367081,13.883519069
6438000000.000000,1.685464458651,-97.261294985840,-61.709044260144,-158.970339245984,4.483082294,9.004262865,13.487345159,13.883519069
6439000000.000000,1.685726258039,-97.289012366548,-61.765532263738,-159.054544630286,4.898486032,8.976616647,13.875102679,13.883519069
6440000000.000000,1.685988057427,-97.322851176770,-61.821847751798,-159.144698928568,5.269641294,8.949350265,14.218991559,13.883519069
6441000000.000000,1.686249856814,-97.355232632047,-61.877993115931,-159.233225747978,5.481676665,8.922465103,14.404141768,13.883519069
6442000000.000000,1.686511656202,-97.391735957332,-61.933970755082,-159.325706712414,5.262537730,8.895962125,14.158499855,13.883519069
6443000000.000000,1.686773455590,-97.421363631539,-61.989783072970,-159.411146704509,4.604196053,8.869841899,13.474037952,13.883519069
6444000000.000000,1.687035254978,-97.449593991314,-62.045432475677,-159.495026466991,5.184370133,8.844104621,14.028474754,13.883519069
6445000000.000000,1.687297054366,-97.486512348034,-62.100921369391,-159.587433717425,5.070170031,8.818750139,13.888920170,13.883519069
6446000000.000000,1.687558853753,-97.513307626997,-62.156252158278,-159.669559785275,4.703688042,8.793777974,13.497466016,13.883519069
6447000000.000000,1.687820653141,-97.545620635227,-62.211427242509,-159.757047877736,5.038023809,8.769187342,13.807211151,13.883519069
6448000000.000000,1.688082452529,-97.576617301351,-62.266449016400,-159.843066317751,4.994317161,8.744977174,13.739294335,13.883519069
6449000000.000000,1.688344251917,-97.608381075633,-62.321319866693,-159.929700942326,5.014281844,8.721146138,13.735427982,13.883519069
6450000000.000000,1.688606051305,-97.639628625364,-62.376042170948,-160.015670796312,5.145119134,8.697692652,13.842811786,13.883519069
6451000000.000000,1.688867850692,-97.673036549528,-62.430618296051,-160.103654845579,4.738865061,8.674614910,13.413479971,13.883519069
6452000000.000000,1.689129650080,-97.699178960008,-62.485050596838,-160.184229556846,4.734718763,8.651910890,13.386629653,13.883519069
6453000000.000000,1.689391449468,-97.732534780255,-62.539341414815,-160.271876195070,4.989581580,8.629578378,13.619159958,13.883519069
6454000000.000000,1.689653248856,-97.761879891359,-62.593493076987,-160.355372968346,5.008830445,8.607614981,13.616445426,13.883519069
6455000000.000000,1.689915048244,-97.795477599971,-62.647507894775,-160.442985494746,5.094751205,8.586018139,13.680769344,13.883519069
6456000000.000000,1.690176847631,-97.825902423183,-62.701388163025,-160.527290586208,5.057951776,8.564785142,13.622736918,13.883519069
6457000000.000000,1.690438647019,-97.859037696538,-62.755136159104,-160.614173855642,5.228563981,8.543913143,13.772477124,13.883519069
6458000000.000000,1.690700446407,-97.891606495943,-62.808754142078,-160.700360638021,4.879786798,8.523399169,13.403185967,13.883519069
6459000000.000000,1.690962245795,-97.920358905955,-62.862244351961,-160.782603257916,5.434782285,8.503240136,13.938022421,13.883519069
6460000000.000000,1.691224045183,-97.959901984339,-62.915609009045,-160.875510993384,4.948986399,8.483432855,13.432419254,13.883519069
6461000000.000000,1.691485844570,-97.982549703216,-62.968850313294,-160.951400016510,4.466715433,8.463974048,12.930689481,13.883519069
6462000000.000000,1.691747643958,-98.016032385896,-63.021970443802,-161.038002829698,4.959337194,8.444860356,13.404197550,13.883519069
6463000000.000000,1.692009443346,-98.044870572403,-63.074971558313,-161.119842130716,5.162929251,8.426088347,13.589017598,13.883519069
6464000000.000000,1.692271242734,-98.080911668319,-63.127855792802,-161.208767461121,4.902855562,8.407654528,13.310510090,13.883519069
6465000000.000000,1.692533042122,-98.106481672462,-63.180625261105,-161.287106933567,4.125732499,8.389555349,12.515287848,13.883519069
6466000000.000000,1.692794841509,-98.132757151951,-63.233282054602,-161.366039206553,4.905856134,8.371787215,13.277643349,13.883519069
6467000000.000000,1.693056640897,-98.168130478827,-63.285828241951,-161.453958720778,5.078006419,8.354346492,13.432352911,13.883519069
6468000000.000000,1.693318440285,-98.196569262591,-63.338265868858,-161.534835131449,4.555666769,8.337229512,12.892896281,13.883519069
6469000000.000000,1.693580239673,-98.225378675843,-63.390596957900,-161.615975633743,4.656592241,8.320432584,12.977024825,13.883519069
6470000000.000000,1.693842039060,-98.255085726488,-63.442823508380,-161.697909234868,4.908783051,8.303951994,13.212735045,13.883519069
6471000000.000000,1.694103838448,-98.287064262929,-63.494947496219,-161.782011759148,4.959075822,8.287784015,13.246859837,13.883519069
6472000000.000000,1.694365637836,-98.317403311173,-63.546970873885,-161.864374185058,4.692413573,8.271924912,12.964338485,13.883519069
6473000000.000000,1.694627437224,-98.346030870962,-63.598895570351,-161.944926441313,4.610575972,8.256370943,12.866946915,13.883519069
6474000000.000000,1.694889236612,-98.375341517588,-63.650723491087,-162.026065008675,4.868776467,8.241118370,13.109894837,13.883519069
6475000000.000000,1.695151035999,-98.407213720481,-63.702456518070,-162.109670238551,5.253040608,8.226163458,13.479204066,13.883519069
6476000000.000000,1.695412835387,-98.441353172717,-63.754096509833,-162.195449682550,4.399807955,8.211502479,12.611310434,13.883519069
6477000000.000000,1.695674634775,-98.462503337880,-63.805645301526,-162.268148639406,3.900078103,8.197131720,12.097209823,13.883519069
6478000000.000000,1.695936434163,-98.490362999579,-63.857104705001,-162.347467704580,4.259330902,8.183047481,12.442378383,13.883519069
6479000000.000000,1.696198233551,-98.516027668566,-63.908476508925,-162.424504177491,4.566806496,8.169246081,12.736052577,13.883519069
6480000000.000000,1.696460032938,-98.547751182535,-63.959762478901,-162.507513661436,4.940785613,8.155723863,13.096509476,13.883519069
6481000000.000000,1.696721832326,-98.578115411705,-64.010964357610,-162.589079769315,4.649047697,8.142477189,12.791524886,13.883519069
6482000000.000000,1.696983631714,-98.606172838904,-64.062083864972,-162.668256703876,4.623998362,8.129502450,12.753500812,13.883519069
6483000000.000000,1.697245431102,-98.636222288842,-64.113122698313,-162.749344987155,4.275344891,8.116796067,12.392140958,13.883519069
6484000000.000000,1.697507230490,-98.659898407306,-64.164082532556,-162.823980939862,4.294976438,8.104354489,12.399330927,13.883519069
6485000000.000000,1.697769029877,-98.690194554547,-64.214965020409,-162.905159574956,4.511399596,8.092174196,12.603573792,13.883519069
6486000000.000000,1.698030829265,-98.716590326625,-64.265771792581,-162.982362119206,3.934374966,8.080251705,12.014626671,13.883519069
6487000000.000000,1.698292628653,-98.739635368511,-64.316504457990,-163.056139826501,4.105998101,8.068583565,12.174581666,13.883519069
6488000000.000000,1.698554428041,-98.768187820507,-64.367164603992,-163.135352424499,4.322959128,8.057166363,12.380125491,13.883519069
6489000000.000000,1.698816227429,-98.793959275065,-64.417753796612,-163.211713071677,3.910706389,8.045996724,11.956703113,13.883519069
6490000000.000000,1.699078026816,-98.817331206358,-64.468273580782,-163.285604787140,3.802106921,8.035071308,11.837178229,13.883519069
6491000000.000000,1.699339826204,-98.841737959753,-64.518725480586,-163.360463440339,4.294910701,8.024386819,12.319297520,13.883519069
6492000000.000000,1.699601625592,-98.871302645982,-64.569110999509,-163.440413645491,4.423989818,8.013939998,12.437929816,13.883519069
6493000000.000000,1.699863424980,-98.897331455394,-64.619431620688,-163.516763076082,4.034163168,8.003727628,12.037890796,13.883519069
6494000000.000000,1.700125224368,-98.921997435467,-64.669688807176,-163.591686242643,4.230858945,7.993746531,12.224605476,13.883519069
6495000000.000000,1.700387023755,-98.950497996917,-64.719884002194,-163.670381999111,4.158932207,7.983993573,12.142925780,13.883519069
6496000000.000000,1.700648823143,-98.974260118935,-64.770018629397,-163.744278748332,3.868581257,7.974465661,11.843046918,13.883519069
6497000000.000000,1.700910622531,-98.999112022742,-64.820094093139,-163.819206115881,3.401385493,7.965159743,11.366545236,13.883519069
6498000000.000000,1.701172421919,-99.017003189637,-64.870111778735,-163.887114968372,3.271028864,7.956072812,11.227101676,13.883519069
6499000000.000000,1.701434221307,-99.040216983736,-64.920073052732,-163.960290036468,3.953062711,7.947201901,11.900264612,13.883519069
6500000000.000000,1.701696020694,-99.066678840722,-64.969979263170,-164.036658103892,4.211535343,7.942820082,12.154355425,13.883519069
