subcarrier_index,fft_bin,freq_hz,reference_i,reference_q,after_l1_08_equalized_i,after_l1_08_equalized_q,after_l1_08_plus_l1_09_equalized_i,after_l1_08_plus_l1_09_equalized_q,allpass_abs,allpass_phase_rad
0,15156,5550292968.750000,1.344342184910e+02,-2.240570308183e+02,1.672043957705e+02,-2.081251220421e+02,1.260794498882e+02,-2.200517430756e+02,1.000000000000e+00,1.207699137003
1,15157,5550659179.687500,2.240570308183e+02,-2.240570308183e+02,2.587307891209e+02,-1.950296752236e+02,2.166937363152e+02,-2.230152665567e+02,1.000000000000e+00,1.183777975332
2,15158,5551025390.625000,3.136798431456e+02,4.481140616365e+01,3.112110199541e+02,9.093192466546e+01,3.162772440130e+02,4.486556763223e+01,1.000000000000e+00,1.159877367932
3,15159,5551391601.562500,2.240570308183e+02,2.240570308183e+02,1.941741481512e+02,2.593593557711e+02,2.317285914796e+02,2.279937996633e+02,1.000000000000e+00,1.135997407231
4,15160,5551757812.500000,1.344342184910e+02,2.240570308183e+02,1.033017657707e+02,2.461850111989e+02,1.413779166977e+02,2.308537589754e+02,1.000000000000e+00,1.112138181112
5,15161,5552124023.437500,4.481140616365e+01,-1.344342184910e+02,6.506032635371e+01,-1.292814542658e+02,3.951715350956e+01,-1.260502517150e+02,1.000000000000e+00,1.088299772939
6,15162,5552490234.375000,1.344342184910e+02,4.481140616365e+01,1.290847927361e+02,6.549759208494e+01,1.349147037468e+02,5.149288594877e+01,1.000000000000e+00,1.064482261594
7,15163,5552856445.312500,-2.240570308183e+02,-3.136798431456e+02,-1.780558509820e+02,-3.512741234543e+02,-2.346576570872e+02,-2.988333493214e+02,1.000000000000e+00,1.040685721506
8,15164,5553222656.250000,2.240570308183e+02,-4.481140616365e+01,2.332310634241e+02,-1.020269884293e+01,2.222750681686e+02,-3.980627352914e+01,1.000000000000e+00,1.016910222690
9,15165,5553588867.187500,-2.240570308183e+02,2.240570308183e+02,-2.616671061282e+02,1.906356481684e+02,-2.221357402096e+02,2.404018620183e+02,1.000000000000e+00,0.993155830777
10,15166,5553955078.125000,-4.481140616365e+01,2.240570308183e+02,-8.120531085539e+01,2.188812388372e+02,-4.269900439491e+01,2.364923746212e+02,1.000000000000e+00,0.969422607056
11,15167,5554321289.062500,2.240570308183e+02,1.344342184910e+02,2.045243162350e+02,1.717247842547e+02,2.255131498139e+02,1.412330722313e+02,1.000000000000e+00,0.945710608507
12,15168,5554687500.000000,-2.240570308183e+02,-4.481140616365e+01,-2.190284715660e+02,-8.127140603482e+01,-2.286044721573e+02,-2.996674452415e+01,1.000000000000e+00,0.922019887840
13,15169,5555053710.937500,3.136798431456e+02,1.344342184910e+02,2.951779704479e+02,1.862491668565e+02,3.154350054772e+02,1.394907034366e+02,1.000000000000e+00,0.898350493534
14,15170,5555419921.875000,1.344342184910e+02,2.240570308183e+02,9.939995797435e+01,2.479774000839e+02,1.365319064688e+02,2.333189002961e+02,1.000000000000e+00,0.874702469878
15,15171,5555786132.812500,3.136798431456e+02,-1.344342184910e+02,3.384646981908e+02,-8.444730874989e+01,3.097821668080e+02,-1.300668084800e+02,1.000000000000e+00,0.851075857009
16,15172,5556152343.750000,-2.240570308183e+02,1.344342184910e+02,-2.482050395776e+02,9.857237653122e+01,-2.262826503883e+02,1.493460123538e+02,1.000000000000e+00,0.827470690954
17,15173,5556518554.687500,3.136798431456e+02,4.481140616365e+01,3.087257710199e+02,9.800908405687e+01,3.124096716578e+02,5.167669132654e+01,1.000000000000e+00,0.803887003670
18,15174,5556884765.625000,-2.240570308183e+02,3.136798431456e+02,-2.796470451925e+02,2.777090024618e+02,-2.258469529239e+02,3.282296978024e+02,1.000000000000e+00,0.780324823089
19,15175,5557250976.562500,-2.240570308183e+02,-4.481140616365e+01,-2.179559472505e+02,-8.405156810770e+01,-2.294633558124e+02,-3.262857504776e+01,1.000000000000e+00,0.756784173158
20,15176,5557617187.500000,2.240570308183e+02,-4.481140616365e+01,2.334980011611e+02,-5.881848130710e+00,2.208724905276e+02,-3.574953140567e+01,1.000000000000e+00,0.733265073886
21,15177,5557983398.437500,3.136798431456e+02,-1.344342184910e+02,3.395382813635e+02,-7.990796255417e+01,3.103768736866e+02,-1.258882812076e+02,1.000000000000e+00,0.709767541381
22,15178,5558349609.375000,-3.136798431456e+02,-3.136798431456e+02,-2.602510034461e+02,-3.715125860151e+02,-3.211425490801e+02,-3.034904130748e+02,1.000000000000e+00,0.686291587901
23,15179,5558715820.312500,3.136798431456e+02,3.136798431456e+02,2.601699274361e+02,3.718113445452e+02,3.119129421144e+02,3.251311192313e+02,1.000000000000e+00,0.662837221897
24,15180,5559082031.250000,4.481140616365e+01,1.344342184910e+02,2.108052040745e+01,1.434483594101e+02,4.049179342069e+01,1.457884396732e+02,1.000000000000e+00,0.639404448053
25,15181,5559448242.187500,-3.136798431456e+02,-4.481140616365e+01,-3.075192316816e+02,-1.020253988453e+02,-3.205060270278e+02,-3.458817034656e+01,1.000000000000e+00,0.615993267340
26,15182,5559814453.125000,4.481140616365e+01,-2.240570308183e+02,8.627090898873e+01,-2.169724686858e+02,4.041906735132e+01,-2.144278121902e+02,1.000000000000e+00,0.592603677053
27,15183,5560180664.062500,3.136798431456e+02,4.481140616365e+01,3.069105867338e+02,1.029440755901e+02,3.094095736457e+02,5.683193830223e+01,1.000000000000e+00,0.569235670863
28,15184,5560546875.000000,1.344342184910e+02,-4.481140616365e+01,1.433442042484e+02,-2.039298750680e+01,1.294507621385e+02,-3.412091793834e+01,1.000000000000e+00,0.545889238860
29,15185,5560913085.937500,-3.136798431456e+02,1.344342184910e+02,-3.398880837385e+02,7.806264667835e+01,-3.214174321233e+02,1.449928130729e+02,1.000000000000e+00,0.522564367603
30,15186,5561279296.875000,-1.344342184910e+02,-3.136798431456e+02,-7.755626206677e+01,-3.400318576389e+02,-1.401664798771e+02,-3.052824581488e+02,1.000000000000e+00,0.499261040161
31,15187,5561645507.812500,-1.344342184910e+02,-3.136798431456e+02,-7.675160943619e+01,-3.402373858067e+02,-1.395609108063e+02,-3.057030960602e+02,1.000000000000e+00,0.475979236165
32,15188,5562011718.750000,-1.344342184910e+02,-2.240570308183e+02,-9.283505977199e+01,-2.504093655119e+02,-1.397431998402e+02,-2.160540913802e+02,1.000000000000e+00,0.452718931852
33,15189,5562377929.687500,-2.240570308183e+02,1.344342184910e+02,-2.506524892283e+02,9.232180339883e+01,-2.335643895010e+02,1.428756051090e+02,1.000000000000e+00,0.429480100115
34,15190,5562744140.625000,-4.481140616365e+01,1.344342184910e+02,-7.090674981903e+01,1.263543320676e+02,-5.393581359099e+01,1.447418452760e+02,1.000000000000e+00,0.406262710544
35,15191,5563110351.562500,4.481140616365e+01,2.240570308183e+02,1.646076838608e+00,2.336344643619e+02,3.448966382664e+01,2.360608912947e+02,1.000000000000e+00,0.383066729483
36,15192,5563476562.500000,2.240570308183e+02,1.344342184910e+02,1.993526875908e+02,1.777753214309e+02,2.160508417561e+02,1.480028763567e+02,1.000000000000e+00,0.359892120066
37,15193,5563842773.437500,1.344342184910e+02,2.240570308183e+02,9.284791995698e+01,2.503726249662e+02,1.250750590417e+02,2.365386118663e+02,1.000000000000e+00,0.336738842275
38,15194,5564208984.375000,-4.481140616365e+01,-1.344342184910e+02,-1.952885305782e+01,-1.434644706589e+02,-5.131909564435e+01,-1.257005518009e+02,1.000000000000e+00,0.313606852977
39,15195,5564575195.312500,-2.240570308183e+02,-3.136798431456e+02,-1.641117328337e+02,-3.579655768496e+02,-2.280528449883e+02,-3.089146449155e+02,1.000000000000e+00,0.290496105979
40,15196,5564941406.250000,4.481140616365e+01,-4.481140616365e+01,5.374516783583e+01,-3.607001761172e+01,3.758958539414e+01,-3.435097857671e+01,1.000000000000e+00,0.267406552073
41,15197,5565307617.187500,-2.240570308183e+02,-4.481140616365e+01,-2.155812538266e+02,-8.973066708323e+01,-2.325831805601e+02,-4.074997606329e+01,1.000000000000e+00,0.244338139080
42,15198,5565673828.125000,1.344342184910e+02,4.481140616365e+01,1.256745233746e+02,7.216487974403e+01,1.251796507020e+02,5.818433808068e+01,1.000000000000e+00,0.221290811901
43,15199,5566040039.062500,3.136798431456e+02,-3.136798431456e+02,3.787234279838e+02,-2.503080871315e+02,3.157407244593e+02,-2.969264331119e+02,1.000000000000e+00,0.198264512560
44,15200,5566406250.000000,2.240570308183e+02,4.481140616365e+01,2.157752169525e+02,9.016659854439e+01,2.150283324878e+02,6.040287111921e+01,1.000000000000e+00,0.175259180254
45,15201,5566772460.937500,-4.481140616365e+01,4.481140616365e+01,-5.390390425306e+01,3.608643344348e+01,-5.558783407541e+01,5.318647053952e+01,1.000000000000e+00,0.152274751399
46,15202,5567138671.875000,3.136798431456e+02,-4.481140616365e+01,3.238688950862e+02,1.707981644462e+01,3.070969422713e+02,-2.846459876672e+01,1.000000000000e+00,0.129311159671
47,15203,5567504882.812500,3.136798431456e+02,-2.240570308183e+02,3.596203294966e+02,-1.619509219966e+02,3.117636136372e+02,-2.078690101768e+02,1.000000000000e+00,0.106368336061
48,15204,5567871093.750000,3.136798431456e+02,2.240570308183e+02,2.690022572683e+02,2.882312393364e+02,2.985109443718e+02,2.435765084313e+02,1.000000000000e+00,0.083446208914
49,15205,5568237304.687500,2.240570308183e+02,4.481140616365e+01,2.154638334193e+02,9.058659515213e+01,2.136001724215e+02,6.088622750571e+01,1.000000000000e+00,0.060544703975
50,15206,5568603515.625000,-2.240570308183e+02,3.136798431456e+02,-2.886830997964e+02,2.688594024325e+02,-2.460596257078e+02,3.167123075566e+02,1.000000000000e+00,0.037663744438
51,15207,5568969726.562500,-2.240570308183e+02,2.240570308183e+02,-2.705351566671e+02,1.790356765409e+02,-2.435999903632e+02,2.263412651688e+02,1.000000000000e+00,0.014803250988
52,15208,5569335937.500000,4.481140616365e+01,-2.240570308183e+02,9.091802563324e+01,-2.154936136847e+02,4.212810811153e+01,-2.155746113106e+02,1.000000000000e+00,-0.008036858153
53,15209,5569702148.437500,-2.240570308183e+02,-2.240570308183e+02,-1.783492642695e+02,-2.708039124392e+02,-2.280513848625e+02,-2.255467184154e+02,1.000000000000e+00,-0.030856667183
54,15210,5570068359.375000,3.136798431456e+02,-2.240570308183e+02,3.607391964871e+02,-1.594593932018e+02,3.128352472544e+02,-2.051500288529e+02,1.000000000000e+00,-0.053656262674
55,15211,5570434570.312500,-1.344342184910e+02,4.481140616365e+01,-1.440315902178e+02,1.696044245829e+01,-1.484270810590e+02,4.742858328953e+01,1.000000000000e+00,-0.076435733529
56,15212,5570800781.250000,-4.481140616365e+01,-1.344342184910e+02,-1.689340831106e+01,-1.440781485005e+02,-5.114055627957e+01,-1.294824772399e+02,1.000000000000e+00,-0.099195170940
57,15213,5571166992.187500,-2.240570308183e+02,-3.136798431456e+02,-1.592565640016e+02,-3.610745847754e+02,-2.240115717075e+02,-3.175106176497e+02,1.000000000000e+00,-0.121934668342
58,15214,5571533203.125000,2.240570308183e+02,-1.344342184910e+02,2.524335824144e+02,-8.831703045445e+01,2.189241961036e+02,-1.185807027652e+02,1.000000000000e+00,-0.144654321373
59,15215,5571899414.062500,2.240570308183e+02,-3.136798431456e+02,2.892469182898e+02,-2.682025612184e+02,2.261324315924e+02,-2.989862731169e+02,1.000000000000e+00,-0.167354227832
60,15216,5572265625.000000,-1.344342184910e+02,-3.136798431456e+02,-7.036048053427e+01,-3.420993162009e+02,-1.344892869985e+02,-3.141485684481e+02,1.000000000000e+00,-0.190034487632
61,15217,5572631835.937500,-3.136798431456e+02,-2.240570308183e+02,-2.687662739061e+02,-2.889198432226e+02,-3.186951387460e+02,-2.317809853364e+02,1.000000000000e+00,-0.212695202767
62,15218,5572998046.875000,4.481140616365e+01,-1.344342184910e+02,7.237685186415e+01,-1.257534054614e+02,3.796614288642e+01,-1.268910268979e+02,1.000000000000e+00,-0.235336477262
63,15219,5573364257.812500,-2.240570308183e+02,-2.240570308183e+02,-1.789844948672e+02,-2.705040898272e+02,-2.285843019501e+02,-2.287337077501e+02,1.000000000000e+00,-0.257958417139
64,15220,5573730468.750000,1.344342184910e+02,2.240570308183e+02,8.896930559662e+01,2.521686163890e+02,1.121015288083e+02,2.373030449404e+02,1.000000000000e+00,-0.280561130373
65,15221,5574096679.687500,1.344342184910e+02,3.136798431456e+02,7.057590045752e+01,3.419974659824e+02,1.075799756871e+02,3.272819976728e+02,1.000000000000e+00,-0.303144726855
66,15222,5574462890.625000,1.344342184910e+02,-2.240570308183e+02,1.805716154060e+02,-1.972368408090e+02,1.320350916068e+02,-2.134288689426e+02,1.000000000000e+00,-0.325709318349
67,15223,5574829101.562500,-4.481140616365e+01,2.240570308183e+02,-9.060563540395e+01,2.156209104999e+02,-6.907683075966e+01,2.286164408149e+02,1.000000000000e+00,-0.348255018457
68,15224,5575195312.500000,2.240570308183e+02,-1.344342184910e+02,2.521480640214e+02,-8.918944778534e+01,2.179185263124e+02,-1.193180710588e+02,1.000000000000e+00,-0.370781942575
69,15225,5575561523.437500,4.481140616365e+01,4.481140616365e+01,3.578699306069e+01,5.409168886479e+01,2.893909491938e+01,5.220465752222e+01,1.000000000000e+00,-0.393290207864
70,15226,5575927734.375000,2.240570308183e+02,-1.344342184910e+02,2.521594989354e+02,-8.892318161689e+01,2.179169584008e+02,-1.190479000871e+02,1.000000000000e+00,-0.415779933202
71,15227,5576293945.312500,-3.136798431456e+02,3.136798431456e+02,-3.791361968688e+02,2.499621619586e+02,-3.461029098484e+02,3.032662285503e+02,1.000000000000e+00,-0.438251239154
72,15228,5576660156.250000,-3.136798431456e+02,3.136798431456e+02,-3.796560792741e+02,2.496036631584e+02,-3.471252362472e+02,3.023949721052e+02,1.000000000000e+00,-0.460704247933
73,15229,5577026367.187500,-1.344342184910e+02,-4.481140616365e+01,-1.255256618784e+02,-7.298695049032e+01,-1.471577618145e+02,-4.880045799767e+01,1.000000000000e+00,-0.483139083364
74,15230,5577392578.125000,-4.481140616365e+01,3.136798431456e+02,-1.099332762141e+02,3.052767232933e+02,-7.766464469641e+01,3.165320388659e+02,1.000000000000e+00,-0.505555870850
75,15231,5577758789.062500,-1.344342184910e+02,-1.344342184910e+02,-1.070747491863e+02,-1.624355039119e+02,-1.421210341682e+02,-1.392645865598e+02,1.000000000000e+00,-0.527954737331
76,15232,5578125000.000000,3.136798431456e+02,-3.136798431456e+02,3.785890591011e+02,-2.502079391729e+02,3.180942294297e+02,-2.938561683355e+02,1.000000000000e+00,-0.550335811258
77,15233,5578491210.937500,2.240570308183e+02,-2.240570308183e+02,2.702729510514e+02,-1.791093192072e+02,2.228825757782e+02,-2.093159149270e+02,1.000000000000e+00,-0.572699222553
78,15234,5578857421.875000,3.136798431456e+02,2.240570308183e+02,2.694233494736e+02,2.882499233525e+02,2.873047675773e+02,2.457669458478e+02,1.000000000000e+00,-0.595045102574
79,15235,5579223632.812500,-1.344342184910e+02,-4.481140616365e+01,-1.259123667175e+02,-7.212340619604e+01,-1.477941905660e+02,-5.038401858504e+01,1.000000000000e+00,-0.617373584088
80,15236,5579589843.750000,3.136798431456e+02,-1.344342184910e+02,3.422244078244e+02,-7.166084010239e+01,3.080874454324e+02,-1.144933174838e+02,1.000000000000e+00,-0.639684801232
81,15237,5579956054.687500,1.344342184910e+02,-4.481140616365e+01,1.441584464127e+02,-1.785514479827e+01,1.225271798616e+02,-3.507404977165e+01,1.000000000000e+00,-0.661978889485
82,15238,5580322265.625000,-2.240570308183e+02,-2.240570308183e+02,-1.796526549142e+02,-2.706533639998e+02,-2.269727035758e+02,-2.378637181194e+02,1.000000000000e+00,-0.684255985632
83,15239,5580688476.562500,4.481140616365e+01,-3.136798431456e+02,1.090429491202e+02,-3.060266748651e+02,4.979322354793e+01,-3.113704419954e+02,1.000000000000e+00,-0.706516227740
84,15240,5581054687.500000,1.344342184910e+02,3.136798431456e+02,7.081077942096e+01,3.426536800331e+02,9.852877583982e+01,3.255877663283e+02,1.000000000000e+00,-0.728759755117
85,15241,5581420898.437500,-1.344342184910e+02,3.136798431456e+02,-1.989344105948e+02,2.876278802207e+02,-1.720751423464e+02,3.071029306265e+02,1.000000000000e+00,-0.750986708292
86,15242,5581787109.375000,-3.136798431456e+02,-4.481140616365e+01,-3.058393668279e+02,-1.085966499008e+02,-3.280902748779e+02,-6.578760770693e+01,1.000000000000e+00,-0.773197228976
87,15243,5582153320.312500,-1.344342184910e+02,3.136798431456e+02,-1.981575501787e+02,2.878162112274e+02,-1.722534738767e+02,3.061830323331e+02,1.000000000000e+00,-0.795391460042
88,15244,5582519531.250000,-4.481140616365e+01,-1.344342184910e+02,-1.814018457238e+01,-1.439433171865e+02,-5.198836696194e+01,-1.382017263676e+02,1.000000000000e+00,-0.817569545488
89,15245,5582885742.187500,-1.344342184910e+02,-3.136798431456e+02,-7.289169132042e+01,-3.416837632830e+02,-1.300947586003e+02,-3.245353298265e+02,1.000000000000e+00,-0.839731630413
90,15246,5583251953.125000,3.136798431456e+02,4.481140616365e+01,3.064197460985e+02,1.069039497065e+02,2.960451829155e+02,6.546795126642e+01,1.000000000000e+00,-0.861877860988
91,15247,5583618164.062500,3.136798431456e+02,2.240570308183e+02,2.714290138889e+02,2.870932166356e+02,2.839063405311e+02,2.456998055263e+02,1.000000000000e+00,-0.884008384429
92,15248,5583984375.000000,2.240570308183e+02,1.344342184910e+02,1.991634813673e+02,1.793186463928e+02,1.999004963767e+02,1.494244344389e+02,1.000000000000e+00,-0.906123348972
93,15249,5584350585.937500,2.240570308183e+02,3.136798431456e+02,1.638969888768e+02,3.595591854325e+02,1.868769508477e+02,3.295724672915e+02,1.000000000000e+00,-0.928222903841
94,15250,5584716796.875000,2.240570308183e+02,-3.136798431456e+02,2.867915534544e+02,-2.714896112625e+02,2.314259546956e+02,-3.010522015734e+02,1.000000000000e+00,-0.950307199230
95,15251,5585083007.812500,1.344342184910e+02,-3.136798431456e+02,1.964955281535e+02,-2.890223307139e+02,1.416198129036e+02,-3.075347880145e+02,1.000000000000e+00,-0.972376386269
96,15252,5585449218.750000,1.344342184910e+02,-2.240570308183e+02,1.787289086869e+02,-1.992923266311e+02,1.350956203542e+02,-2.179385838520e+02,1.000000000000e+00,-0.994430617007
97,15253,5585815429.687500,-4.481140616365e+01,3.136798431456e+02,-1.055374303359e+02,3.071385187033e+02,-8.430463082281e+01,3.091119348347e+02,1.000000000000e+00,-1.016470044383
98,15254,5586181640.625000,-4.481140616365e+01,1.344342184910e+02,-7.080311104672e+01,1.268239650405e+02,-7.121088313818e+01,1.286231677377e+02,1.000000000000e+00,-1.038494822202
99,15255,5586547851.562500,-4.481140616365e+01,-3.136798431456e+02,1.421072241744e+01,-3.243851133368e+02,-3.863476809798e+01,-3.221034416418e+02,1.000000000000e+00,-1.060505105114
100,15256,5586914062.500000,-3.136798431456e+02,2.240570308183e+02,-3.579019548107e+02,1.668876629414e+02,-3.477532735237e+02,1.985250004755e+02,1.000000000000e+00,-1.082501048588
101,15257,5587280273.437500,3.136798431456e+02,-3.136798431456e+02,3.743393463471e+02,-2.576240837759e+02,3.215837276398e+02,-2.966238237697e+02,1.000000000000e+00,-1.104482808893
102,15258,5587646484.375000,1.344342184910e+02,-4.481140616365e+01,1.437364762994e+02,-2.029710335487e+01,1.220108339257e+02,-3.977208614796e+01,1.000000000000e+00,-1.126450543070
103,15259,5588012695.312500,-4.481140616365e+01,4.481140616365e+01,-5.339460676430e+01,3.692704158198e+01,-6.461274650195e+01,3.683959503313e+01,1.000000000000e+00,-1.148404408917
104,15260,5588378906.250000,-4.481140616365e+01,-4.481140616365e+01,-3.693882374699e+01,-5.339191667401e+01,-5.793158350003e+01,-5.359509937776e+01,1.000000000000e+00,-1.170344564964
105,15261,5588745117.187500,-2.240570308183e+02,-2.240570308183e+02,-1.847531315718e+02,-2.669462666743e+02,-2.242209452310e+02,-2.477388403550e+02,1.000000000000e+00,-1.192271170453
106,15262,5589111328.125000,4.481140616365e+01,-4.481140616365e+01,5.334575398271e+01,-3.702245640176e+01,3.227611940653e+01,-4.746731663066e+01,1.000000000000e+00,-1.214184385316
107,15263,5589477539.062500,-4.481140616365e+01,3.136798431456e+02,-1.011386970606e+02,3.085500231807e+02,-8.449820156658e+01,3.056844162542e+02,1.000000000000e+00,-1.236084370158
108,15264,5589843750.000000,-3.136798431456e+02,-1.344342184910e+02,-2.933385593373e+02,-1.904696808717e+02,-3.216719708351e+02,-1.643232124373e+02,1.000000000000e+00,-1.257971286236
109,15265,5590209960.937500,-3.136798431456e+02,4.481140616365e+01,-3.247206909427e+02,-9.031075311108e+00,-3.346601167655e+02,1.542003182936e+01,1.000000000000e+00,-1.279845295439
110,15266,5590576171.875000,3.136798431456e+02,-4.481140616365e+01,3.248824721068e+02,9.229252654452e+00,3.029571935818e+02,-2.879231650959e+01,1.000000000000e+00,-1.301706560271
111,15267,5590942382.812500,1.344342184910e+02,-2.240570308183e+02,1.750567099749e+02,-2.031259726828e+02,1.367305333184e+02,-2.226095027220e+02,1.000000000000e+00,-1.323555243831
112,15268,5591308593.750000,3.136798431456e+02,2.240570308183e+02,2.785490371315e+02,2.808375226722e+02,2.825349090368e+02,2.417784114442e+02,1.000000000000e+00,-1.345391509798
113,15269,5591674804.687500,3.136798431456e+02,1.344342184910e+02,2.943597116352e+02,1.895312249387e+02,2.895369379840e+02,1.511262157334e+02,1.000000000000e+00,-1.367215522409
114,15270,5592041015.625000,-1.344342184910e+02,-3.136798431456e+02,-8.308911836645e+01,-3.400227808390e+02,-1.267205673284e+02,-3.342902581389e+02,1.000000000000e+00,-1.389027446448
115,15271,5592407226.562500,2.240570308183e+02,3.136798431456e+02,1.740969255205e+02,3.550270279808e+02,1.856090551817e+02,3.239680631615e+02,1.000000000000e+00,-1.410827447221
116,15272,5592773437.500000,2.240570308183e+02,-1.344342184910e+02,2.492345702911e+02,-9.867694782202e+01,2.205567706547e+02,-1.268584191661e+02,1.000000000000e+00,-1.432615690551
117,15273,5593139648.437500,-4.481140616365e+01,-4.481140616365e+01,-3.796568560443e+01,-5.276953030907e+01,-5.675346622881e+01,-5.809531738658e+01,1.000000000000e+00,-1.454392342750
118,15274,5593505859.375000,-4.481140616365e+01,3.136798431456e+02,-9.620279999153e+01,3.103327672129e+02,-8.428205806452e+01,3.020651161501e+02,1.000000000000e+00,-1.476157570614
119,15275,5593872070.312500,-2.240570308183e+02,-3.136798431456e+02,-1.770151465656e+02,-3.532209586982e+02,-2.163513517748e+02,-3.424028112824e+02,1.000000000000e+00,-1.497911541400
120,15276,5594238281.250000,3.136798431456e+02,2.240570308183e+02,2.822942313941e+02,2.763597069544e+02,2.833195225432e+02,2.386093657103e+02,1.000000000000e+00,-1.519654422815
121,15277,5594604492.187500,-2.240570308183e+02,-1.344342184910e+02,-2.057165290800e+02,-1.714470273770e+02,-2.292731211739e+02,-1.633775793040e+02,1.000000000000e+00,-1.541386383003
122,15278,5594970703.125000,4.481140616365e+01,-3.136798431456e+02,9.476516039325e+01,-3.106319955698e+02,5.554870946866e+01,-3.227332077154e+02,1.000000000000e+00,-1.563107590528
123,15279,5595336914.062500,4.481140616365e+01,2.240570308183e+02,1.072357337405e+01,2.339653110322e+02,1.305957763688e+01,2.172276207674e+02,1.000000000000e+00,-1.584818214360
124,15280,5595703125.000000,-1.344342184910e+02,-2.240570308183e+02,-1.022438156551e+02,-2.475711636822e+02,-1.317861638749e+02,-2.474301942164e+02,1.000000000000e+00,-1.606518423865
125,15281,5596069335.937500,-2.240570308183e+02,-2.240570308183e+02,-1.938166479748e+02,-2.607253624455e+02,-2.219023409198e+02,-2.546019839068e+02,1.000000000000e+00,-1.628208388789
126,15282,5596435546.875000,-2.240570308183e+02,-2.240570308183e+02,-1.943632130133e+02,-2.605241627297e+02,-2.217877188361e+02,-2.550637192384e+02,1.000000000000e+00,-1.649888279248
127,15283,5596801757.812500,4.481140616365e+01,-4.481140616365e+01,5.206439616147e+01,-3.898195072903e+01,3.500835270672e+01,-5.433153464869e+01,1.000000000000e+00,-1.671558265712
128,15284,5597167968.750000,3.136798431456e+02,3.136798431456e+02,2.733967156369e+02,3.641653572467e+02,2.778619386831e+02,3.271550757011e+02,1.000000000000e+00,-1.693218518996
129,15285,5597534179.687500,-4.481140616365e+01,-4.481140616365e+01,-3.909057092317e+01,-5.198263773472e+01,-5.468186193941e+01,-6.195168033167e+01,1.000000000000e+00,-1.714869210249
130,15286,5597900390.625000,-1.344342184910e+02,3.136798431456e+02,-1.814594180006e+02,2.995055897349e+02,-1.732994620335e+02,2.911169081177e+02,1.000000000000e+00,-1.736510510939
131,15287,5598266601.562500,2.240570308183e+02,4.481140616365e+01,2.215424879097e+02,7.684444956571e+01,2.091974039720e+02,4.880876485846e+01,1.000000000000e+00,-1.758142592846
132,15288,5598632812.500000,2.240570308183e+02,-1.344342184910e+02,2.461738100252e+02,-1.064803227873e+02,2.233168363154e+02,-1.324184584534e+02,1.000000000000e+00,-1.779765628049
133,15289,5598999023.437500,-1.344342184910e+02,3.136798431456e+02,-1.779751058538e+02,3.018354097134e+02,-1.707954385998e+02,2.914153350829e+02,1.000000000000e+00,-1.801379788914
134,15290,5599365234.375000,-3.136798431456e+02,-3.136798431456e+02,-2.780273601641e+02,-3.605473314081e+02,-3.036621090005e+02,-3.544629857968e+02,1.000000000000e+00,-1.822985248089
135,15291,5599731445.312500,-1.344342184910e+02,4.481140616365e+01,-1.426939453200e+02,2.782611423879e+01,-1.504831641009e+02,1.936899587525e+01,1.000000000000e+00,-1.844582178489
136,15292,5600097656.250000,-2.240570308183e+02,-3.136798431456e+02,-1.866163409524e+02,-3.485811363465e+02,-2.114777214468e+02,-3.487793023421e+02,1.000000000000e+00,-1.866170753290
137,15293,5600463867.187500,2.240570308183e+02,4.481140616365e+01,2.223241129923e+02,7.433125109488e+01,2.106031574949e+02,4.715519293834e+01,1.000000000000e+00,-1.887751145917
138,15294,5600830078.125000,-1.344342184910e+02,1.344342184910e+02,-1.536915507388e+02,1.201691384744e+02,-1.566147853354e+02,1.089359793861e+02,1.000000000000e+00,-1.909323530036
139,15295,5601196289.062500,1.344342184910e+02,-4.481140616365e+01,1.424552608140e+02,-2.936470137182e+01,1.280643000948e+02,-5.102052002668e+01,1.000000000000e+00,-1.930888079549
140,15296,5601562500.000000,3.136798431456e+02,4.481140616365e+01,3.146265828490e+02,8.273185732366e+01,3.020961101848e+02,5.220127123422e+01,1.000000000000e+00,-1.952444968576
141,15297,5601928710.937500,-2.240570308183e+02,4.481140616365e+01,-2.337997422163e+02,2.001317004187e+01,-2.390462173375e+02,1.194419888912e+01,1.000000000000e+00,-1.973994371459
142,15298,5602294921.875000,2.240570308183e+02,4.481140616365e+01,2.235435278343e+02,7.124507294561e+01,2.124875601761e+02,4.495503237176e+01,1.000000000000e+00,-1.995536462744
143,15299,5602661132.812500,1.344342184910e+02,4.481140616365e+01,1.320719868559e+02,6.098498881820e+01,1.224204109768e+02,3.821529175680e+01,1.000000000000e+00,-2.017071417178
144,15300,5603027343.750000,-2.240570308183e+02,-1.344342184910e+02,-2.133706246302e+02,-1.624712515339e+02,-2.241407995079e+02,-1.701757807661e+02,1.000000000000e+00,-2.038599409702
145,15301,5603393554.687500,3.136798431456e+02,1.344342184910e+02,3.053439635865e+02,1.718874869601e+02,2.965126215505e+02,1.419933140407e+02,1.000000000000e+00,-2.060120615442
146,15302,5603759765.625000,-1.344342184910e+02,-3.136798431456e+02,-1.034569789236e+02,-3.349082556222e+02,-1.197586778867e+02,-3.441319287136e+02,1.000000000000e+00,-2.081635209701
147,15303,5604125976.562500,-1.344342184910e+02,2.240570308183e+02,-1.609374090105e+02,2.148100670601e+02,-1.607029865485e+02,1.973230575264e+02,1.000000000000e+00,-2.103143367956
148,15304,5604492187.500000,-3.136798431456e+02,2.240570308183e+02,-3.434055047498e+02,1.969333245135e+02,-3.406198560367e+02,1.836960771184e+02,1.000000000000e+00,-2.124645265848
149,15305,5604858398.437500,3.136798431456e+02,4.481140616365e+01,3.161001634801e+02,7.683644539444e+01,3.049725035544e+02,4.988627800292e+01,1.000000000000e+00,-2.146141079176
150,15306,5605224609.375000,4.481140616365e+01,2.240570308183e+02,2.420870923577e+01,2.332540413340e+02,2.141419001473e+01,2.100893177047e+02,1.000000000000e+00,-2.167630983895
151,15307,5605590820.312500,2.240570308183e+02,3.136798431456e+02,1.994494734528e+02,3.415225198478e+02,1.955982495704e+02,3.131527624798e+02,1.000000000000e+00,-2.189115156102
152,15308,5605957031.250000,2.240570308183e+02,-2.240570308183e+02,2.493969961684e+02,-2.083743092129e+02,2.353112976184e+02,-2.281247394387e+02,1.000000000000e+00,-2.210593772040
153,15309,5606323242.187500,4.481140616365e+01,2.240570308183e+02,2.599058261854e+01,2.330200556481e+02,2.282714598998e+01,2.094272418471e+02,1.000000000000e+00,-2.232067008085
154,15310,5606689453.125000,-4.481140616365e+01,-3.136798431456e+02,-1.909890485882e+01,-3.247723396150e+02,-2.856128814278e+01,-3.386020258152e+02,1.000000000000e+00,-2.253535040742
155,15311,5607055664.062500,-1.344342184910e+02,3.136798431456e+02,-1.634760149057e+02,3.100982886247e+02,-1.628772847857e+02,2.869612042100e+02,1.000000000000e+00,-2.274998046645
156,15312,5607421875.000000,1.344342184910e+02,-1.344342184910e+02,1.484828056298e+02,-1.267468781389e+02,1.399575139400e+02,-1.457131007245e+02,1.000000000000e+00,-2.296456202545
157,15313,5607788085.937500,-4.481140616365e+01,-2.240570308183e+02,-2.808659618573e+01,-2.328642836101e+02,-3.370363915591e+01,-2.487980162478e+02,1.000000000000e+00,-2.317909685309
158,15314,5608154296.875000,-1.344342184910e+02,3.136798431456e+02,-1.617468235750e+02,3.106607109716e+02,-1.619323745093e+02,2.860479033823e+02,1.000000000000e+00,-2.339358671915
159,15315,5608520507.812500,-2.240570308183e+02,-1.344342184910e+02,-2.194338287923e+02,-1.541134837997e+02,-2.199599094709e+02,-1.713359893663e+02,1.000000000000e+00,-2.360803339447
160,15316,5608886718.750000,3.136798431456e+02,-2.240570308183e+02,3.368862662165e+02,-2.073187453415e+02,3.278065051112e+02,-2.243631685790e+02,1.000000000000e+00,-2.382243865093
161,15317,5609252929.687500,-1.344342184910e+02,3.136798431456e+02,-1.589302821193e+02,3.120467952195e+02,-1.598919771507e+02,2.860168062113e+02,1.000000000000e+00,-2.403680426137
162,15318,5609619140.625000,-3.136798431456e+02,1.344342184910e+02,-3.300483439644e+02,1.170197278607e+02,-3.276405986827e+02,9.311924530441e+01,1.000000000000e+00,-2.425113199955
163,15319,5609985351.562500,4.481140616365e+01,2.240570308183e+02,3.161133942259e+01,2.323099965254e+02,2.747993953836e+01,2.078507985780e+02,1.000000000000e+00,-2.446542364018
164,15320,5610351562.500000,3.136798431456e+02,4.481140616365e+01,3.185090490105e+02,6.553373004563e+01,3.108655151750e+02,4.611363343445e+01,1.000000000000e+00,-2.467968095878
165,15321,5610717773.437500,1.344342184910e+02,1.344342184910e+02,1.294752829301e+02,1.460045705338e+02,1.244466544495e+02,1.238958321834e+02,1.000000000000e+00,-2.489390573174
166,15322,5611083984.375000,1.344342184910e+02,-3.136798431456e+02,1.565299225919e+02,-3.134044014470e+02,1.567500736449e+02,-3.273312667590e+02,1.000000000000e+00,-2.510809973622
167,15323,5611450195.312500,1.344342184910e+02,3.136798431456e+02,1.200694341599e+02,3.289914428251e+02,1.128205308956e+02,3.040487888584e+02,1.000000000000e+00,-2.532226475015
168,15324,5611816406.250000,3.136798431456e+02,1.344342184910e+02,3.142669027469e+02,1.543263879386e+02,3.063487522614e+02,1.356487565326e+02,1.000000000000e+00,-2.553640255219
169,15325,5612182617.187500,4.481140616365e+01,1.344342184910e+02,3.931667612352e+01,1.399684510441e+02,3.637803072445e+01,1.170601443176e+02,1.000000000000e+00,-2.575051492168
170,15326,5612548828.125000,1.344342184910e+02,-4.481140616365e+01,1.398679127812e+02,-3.989034431182e+01,1.390554120023e+02,-5.768743032109e+01,1.000000000000e+00,-2.596460363866
171,15327,5612915039.062500,4.481140616365e+01,1.344342184910e+02,4.046385715182e+01,1.397650999904e+02,3.778694015265e+01,1.169393244854e+02,1.000000000000e+00,-2.617867048377
172,15328,5613281250.000000,3.136798431456e+02,3.136798431456e+02,3.095220678497e+02,3.340612085572e+02,2.976401121408e+02,3.146162078294e+02,1.000000000000e+00,-2.639271723831
173,15329,5613647460.937500,-2.240570308183e+02,3.136798431456e+02,-2.416595441772e+02,3.131952677412e+02,-2.438927129815e+02,2.799712168553e+02,1.000000000000e+00,-2.660674568412
174,15330,5614013671.875000,2.240570308183e+02,3.136798431456e+02,2.182407289763e+02,3.297715974579e+02,2.074857197633e+02,3.089784114061e+02,1.000000000000e+00,-2.682075760364
175,15331,5614379882.812500,-3.136798431456e+02,3.136798431456e+02,-3.317190383015e+02,3.116112955303e+02,-3.327601749606e+02,2.745552255696e+02,1.000000000000e+00,-2.703475477981
176,15332,5614746093.750000,4.481140616365e+01,4.481140616365e+01,4.472787911667e+01,4.719786733067e+01,4.575705844638e+01,2.639507765554e+01,1.000000000000e+00,-2.724873899611
177,15333,5615112304.687500,-1.344342184910e+02,1.344342184910e+02,-1.411036506927e+02,1.347470706287e+02,-1.395974189723e+02,1.060111299987e+02,1.000000000000e+00,-2.746271203650
178,15334,5615478515.625000,3.136798431456e+02,2.240570308183e+02,3.172358291082e+02,2.365559868597e+02,3.071847648584e+02,2.228126168057e+02,1.000000000000e+00,-2.767667568540
179,15335,5615844726.562500,-3.136798431456e+02,-2.240570308183e+02,-3.179414508312e+02,-2.358184279556e+02,-2.984485089283e+02,-2.656118910939e+02,1.000000000000e+00,-2.789063172769
180,15336,5616210937.500000,2.240570308183e+02,-4.481140616365e+01,2.307799625199e+02,-4.259802948505e+01,2.336426439072e+02,-5.367819956645e+01,1.000000000000e+00,-2.810458194867
181,15337,5616577148.437500,2.240570308183e+02,-4.481140616365e+01,2.306453352241e+02,-4.338887634757e+01,2.340612880704e+02,-5.392699231568e+01,1.000000000000e+00,-2.831852813403
182,15338,5616943359.375000,-3.136798431456e+02,4.481140616365e+01,-3.225635181269e+02,4.343998041237e+01,-3.128006725125e+02,6.703512700425e+00,1.000000000000e+00,-2.853247206986
183,15339,5617309570.312500,-2.240570308183e+02,2.240570308183e+02,-2.316891628600e+02,2.288147793257e+02,-2.319871969535e+02,1.924978514986e+02,1.000000000000e+00,-2.874641554262
184,15340,5617675781.250000,-3.136798431456e+02,-4.481140616365e+01,-3.223166136428e+02,-4.760856301315e+01,-3.072468969501e+02,-8.392191788780e+01,1.000000000000e+00,-2.896036033910
185,15341,5618041992.187500,3.136798431456e+02,-2.240570308183e+02,3.233448499403e+02,-2.295897056078e+02,3.368106667554e+02,-2.297382013311e+02,1.000000000000e+00,-2.917430824644
186,15342,5618408203.125000,1.344342184910e+02,-1.344342184910e+02,1.379407001531e+02,-1.386493300193e+02,1.507521530874e+02,-1.496478097192e+02,1.000000000000e+00,-2.938826105207
187,15343,5618774414.062500,2.240570308183e+02,-4.481140616365e+01,2.301135240128e+02,-4.792524901514e+01,2.368833935593e+02,-5.500421369723e+01,1.000000000000e+00,-2.960222054373
188,15344,5619140625.000000,4.481140616365e+01,-4.481140616365e+01,4.551740763644e+01,-4.664186720240e+01,5.611966792194e+01,-6.387177522583e+01,1.000000000000e+00,-2.981618850944
189,15345,5619506835.937500,-4.481140616365e+01,-3.136798431456e+02,-5.077491012695e+01,-3.216235985754e+02,-2.129965770662e+01,-3.393452838940e+02,1.000000000000e+00,-3.003016673746
190,15346,5619873046.875000,3.136798431456e+02,-2.240570308183e+02,3.180919098366e+02,-2.355559434572e+02,3.364649459991e+02,-2.318311774549e+02,1.000000000000e+00,-3.024415701632
191,15347,5620239257.812500,4.481140616365e+01,-3.136798431456e+02,3.978170181369e+01,-3.228833341367e+02,6.988522855371e+01,-3.346011504443e+02,1.000000000000e+00,-3.045816113474
192,15348,5620605468.750000,3.136798431456e+02,4.481140616365e+01,3.230428106257e+02,3.915629959612e+01,3.248444674185e+02,3.971053010087e+01,1.000000000000e+00,-3.067218088169
193,15349,5620971679.687500,-3.136798431456e+02,3.136798431456e+02,-3.146431555366e+02,3.296198345091e+02,-3.203080325868e+02,2.817663635547e+02,1.000000000000e+00,-3.088621804631
194,15350,5621337890.625000,4.481140616365e+01,-4.481140616365e+01,4.474290352578e+01,-4.730043986165e+01,5.860761139049e+01,-6.307577833286e+01,1.000000000000e+00,-3.110027441793
195,15351,5621704101.562500,1.344342184910e+02,3.136798431456e+02,1.485531407293e+02,3.176679724557e+02,1.344041787218e+02,3.026699055224e+02,1.000000000000e+00,-3.131435178603
196,15352,5622070312.500000,2.240570308183e+02,-4.481140616365e+01,2.284097624833e+02,-5.450271088387e+01,2.402870431540e+02,-5.582869881078e+01,1.000000000000e+00,3.130340113154
197,15353,5622436523.437500,-3.136798431456e+02,-2.240570308183e+02,-3.311133345486e+02,-2.173867951144e+02,-2.952220102865e+02,-2.578306342698e+02,1.000000000000e+00,3.108927640144
198,15354,5622802734.375000,4.481140616365e+01,-2.240570308183e+02,3.639084952690e+01,-2.319124555798e+02,6.708231741911e+01,-2.435028528166e+02,1.000000000000e+00,3.087512530557
199,15355,5623168945.312500,2.240570308183e+02,4.481140616365e+01,2.320214974359e+02,3.586588541956e+01,2.380164580266e+02,3.510596238557e+01,1.000000000000e+00,3.066094605398
200,15356,5623535156.250000,-3.136798431456e+02,-4.481140616365e+01,-3.242235657687e+02,-3.115190846954e+01,-3.011496119012e+02,-7.605540090376e+01,1.000000000000e+00,3.044673685660
201,15357,5623901367.187500,-4.481140616365e+01,4.481140616365e+01,-4.380965693426e+01,4.824938502491e+01,-3.265319221032e+01,2.517610874539e+01,1.000000000000e+00,3.023249592333
202,15358,5624267578.125000,-1.344342184910e+02,-3.136798431456e+02,-1.545197322679e+02,-3.150251398821e+02,-1.091055697153e+02,-3.401495913296e+02,1.000000000000e+00,3.001822146401
203,15359,5624633789.062500,-4.481140616365e+01,2.240570308183e+02,-3.346843715544e+01,2.324214238985e+02,-3.831593802278e+01,2.067713990550e+02,1.000000000000e+00,2.980391168844
204,15360,5625000000.000000,-3.136798431456e+02,-4.481140616365e+01,-3.243309788780e+02,-2.739439874608e+01,-2.994579326667e+02,-7.401029773873e+01,1.000000000000e+00,2.958956480644
205,15361,5625366210.937500,-3.136798431456e+02,3.136798431456e+02,-3.020972807791e+02,3.409916249870e+02,-3.115471176230e+02,2.883087219393e+02,1.000000000000e+00,2.937517902781
206,15362,5625732421.875000,2.240570308183e+02,3.136798431456e+02,2.499104090027e+02,3.068828486164e+02,2.317342836001e+02,3.071625854466e+02,1.000000000000e+00,2.916075256242
207,15363,5626098632.812500,-4.481140616365e+01,4.481140616365e+01,-4.288180836716e+01,4.891717811697e+01,-2.993395508850e+01,2.696431862004e+01,1.000000000000e+00,2.894628362013
208,15364,5626464843.750000,3.136798431456e+02,4.481140616365e+01,3.243564065307e+02,2.424252602092e+01,3.320949911388e+02,3.954117907844e+01,1.000000000000e+00,2.873177041093
209,15365,5626831054.687500,-4.481140616365e+01,-3.136798431456e+02,-6.807051361375e+01,-3.180606705653e+02,-1.675863913831e+01,-3.341143948624e+02,1.000000000000e+00,2.851721114486
210,15366,5627197265.625000,-4.481140616365e+01,-2.240570308183e+02,-6.234462068187e+01,-2.261344849125e+02,-1.963727547952e+01,-2.433734866255e+02,1.000000000000e+00,2.830260403208
211,15367,5627563476.562500,-4.481140616365e+01,3.136798431456e+02,-2.168866494087e+01,3.246190995388e+02,-3.713932693499e+01,2.996386538205e+02,1.000000000000e+00,2.808794728288
212,15368,5627929687.500000,-2.240570308183e+02,1.344342184910e+02,-2.185150803076e+02,1.557255740756e+02,-2.116626870816e+02,1.136199488799e+02,1.000000000000e+00,2.787323910774
213,15369,5628295898.437500,3.136798431456e+02,4.481140616365e+01,3.247741414530e+02,1.941330007924e+01,3.342874523719e+02,3.976825294647e+01,1.000000000000e+00,2.765847771726
214,15370,5628662109.375000,2.240570308183e+02,1.344342184910e+02,2.409743201465e+02,1.178367151799e+02,2.416793866479e+02,1.275907021871e+02,1.000000000000e+00,2.744366132231
215,15371,5629028320.312500,2.240570308183e+02,4.481140616365e+01,2.331557796749e+02,2.538529626162e+01,2.445882667029e+02,3.721646546488e+01,1.000000000000e+00,2.722878813394
216,15372,5629394531.250000,1.344342184910e+02,-1.344342184910e+02,1.248509397313e+02,-1.500239526174e+02,1.593080593572e+02,-1.457554445410e+02,1.000000000000e+00,2.701385636349
217,15373,5629760742.187500,3.136798431456e+02,-3.136798431456e+02,2.905380725197e+02,-3.508119970863e+02,3.452527054080e+02,-3.216668254367e+02,1.000000000000e+00,2.679886422256
218,15374,5630126953.125000,1.344342184910e+02,-1.344342184910e+02,1.241181263846e+02,-1.507209698230e+02,1.598647809022e+02,-1.451845985768e+02,1.000000000000e+00,2.658380992309
219,15375,5630493164.062500,-1.344342184910e+02,4.481140616365e+01,-1.327954799486e+02,5.959062270357e+01,-1.157883955530e+02,2.954301615905e+01,1.000000000000e+00,2.636869167734
220,15376,5630859375.000000,-2.240570308183e+02,2.240570308183e+02,-2.051343475198e+02,2.527490128204e+02,-2.099611766877e+02,2.091986011130e+02,1.000000000000e+00,2.615350769796
221,15377,5631225585.937500,-2.240570308183e+02,-4.481140616365e+01,-2.337549847687e+02,-2.134746967524e+01,-2.036757084766e+02,-6.177701161792e+01,1.000000000000e+00,2.593825619799
222,15378,5631591796.875000,2.240570308183e+02,-2.240570308183e+02,2.038617467131e+02,-2.537032240836e+02,2.530026390424e+02,-2.326945269625e+02,1.000000000000e+00,2.572293539094
223,15379,5631958007.812500,-4.481140616365e+01,-4.481140616365e+01,-5.082182104720e+01,-4.065591713671e+01,-2.206974899513e+01,-5.701514078838e+01,1.000000000000e+00,2.550754349075
224,15380,5632324218.750000,3.136798431456e+02,4.481140616365e+01,3.252911581222e+02,8.899244862112e+00,3.383576854525e+02,4.093885963693e+01,1.000000000000e+00,2.529207871191
225,15381,5632690429.687500,1.344342184910e+02,4.481140616365e+01,1.425398146150e+02,2.935673895856e+01,1.577431572558e+02,3.762743264237e+01,1.000000000000e+00,2.507653926943
226,15382,5633056640.625000,1.344342184910e+02,-2.240570308183e+02,1.088934361308e+02,-2.452637168045e+02,1.621920949254e+02,-2.336954237601e+02,1.000000000000e+00,2.486092337891
227,15383,5633422851.562500,1.344342184910e+02,-2.240570308183e+02,1.081227601333e+02,-2.456038695349e+02,1.621776027616e+02,-2.334021086457e+02,1.000000000000e+00,2.464522925660
228,15384,5633789062.500000,-1.344342184910e+02,-3.136798431456e+02,-1.783168965581e+02,-3.017389466513e+02,-1.082131601371e+02,-3.270571948012e+02,1.000000000000e+00,2.442945511938
229,15385,5634155273.437500,-2.240570308183e+02,4.481140616365e+01,-2.221164947295e+02,7.567337128413e+01,-2.030657474547e+02,3.431882524789e+01,1.000000000000e+00,2.421359918486
230,15386,5634521484.375000,3.136798431456e+02,-1.344342184910e+02,3.011869264208e+02,-1.791340283079e+02,3.425558616938e+02,-1.389914689055e+02,1.000000000000e+00,2.399765967141
231,15387,5634887695.312500,-3.136798431456e+02,-3.136798431456e+02,-3.617496560010e+02,-2.767368441437e+02,-2.877315374202e+02,-3.285507335676e+02,1.000000000000e+00,2.378163479818
232,15388,5635253906.250000,-1.344342184910e+02,1.344342184910e+02,-1.179962720875e+02,1.554354611151e+02,-1.130799273343e+02,1.272464748990e+02,1.000000000000e+00,2.356552278519
233,15389,5635620117.187500,-3.136798431456e+02,-3.136798431456e+02,-3.639526041852e+02,-2.734095066068e+02,-2.887368520473e+02,-3.258496393753e+02,1.000000000000e+00,2.334932185336
234,15390,5635986328.125000,-3.136798431456e+02,3.136798431456e+02,-2.714887306226e+02,3.652125887100e+02,-2.938379470706e+02,3.085770912387e+02,1.000000000000e+00,2.313303022455
235,15391,5636352539.062500,-3.136798431456e+02,-4.481140616365e+01,-3.251987486308e+02,2.404252526328e+00,-2.913748685642e+02,-5.217109795584e+01,1.000000000000e+00,2.291664612162
236,15392,5636718750.000000,-3.136798431456e+02,-1.344342184910e+02,-3.393265979005e+02,-8.756223292407e+01,-2.910254826251e+02,-1.418098359825e+02,1.000000000000e+00,2.270016776850
237,15393,5637084960.937500,-4.481140616365e+01,-1.344342184910e+02,-6.682979644219e+01,-1.293247515846e+02,-1.952766520793e+01,-1.400878337840e+02,1.000000000000e+00,2.248359339024
238,15394,5637451171.875000,4.481140616365e+01,3.136798431456e+02,9.597710660850e+01,3.110386739831e+02,6.967437224149e+01,3.134133110857e+02,1.000000000000e+00,2.226692121306
239,15395,5637817382.812500,3.136798431456e+02,2.240570308183e+02,3.547229530512e+02,1.760377276483e+02,3.417812306070e+02,2.241536874660e+02,1.000000000000e+00,2.205014946441
240,15396,5638183593.750000,-4.481140616365e+01,-1.344342184910e+02,-6.764474046119e+01,-1.288822522636e+02,-1.923745155509e+01,-1.384660003690e+02,1.000000000000e+00,2.183327637307
241,15397,5638549804.687500,2.240570308183e+02,-1.344342184910e+02,2.045677338627e+02,-1.736385920633e+02,2.523994702962e+02,-1.371687441005e+02,1.000000000000e+00,2.161630016917
242,15398,5638916015.625000,4.481140616365e+01,-2.240570308183e+02,7.556177683138e+00,-2.344638326299e+02,7.172972999437e+01,-2.275694934656e+02,1.000000000000e+00,2.139921908426
243,15399,5639282226.562500,2.240570308183e+02,-3.136798431456e+02,1.725237444889e+02,-3.562818715424e+02,2.523523433021e+02,-3.176196722588e+02,1.000000000000e+00,2.118203135142
244,15400,5639648437.500000,3.136798431456e+02,-2.240570308183e+02,2.775034582832e+02,-2.825157780797e+02,3.423372948596e+02,-2.275770789547e+02,1.000000000000e+00,2.096473520530
245,15401,5640014648.437500,1.344342184910e+02,-1.344342184910e+02,1.113860347676e+02,-1.605173230804e+02,1.612147493754e+02,-1.364608735323e+02,1.000000000000e+00,2.074732888221
246,15402,5640380859.375000,4.481140616365e+01,1.344342184910e+02,7.000648251110e+01,1.275800939086e+02,7.209801753389e+01,1.362148960806e+02,1.000000000000e+00,2.052981062018
247,15403,5640747070.312500,3.136798431456e+02,-3.136798431456e+02,2.585300075949e+02,-3.747191940794e+02,3.412879038053e+02,-3.167853905432e+02,1.000000000000e+00,2.031217865906
248,15404,5641113281.250000,-2.240570308183e+02,-3.136798431456e+02,-2.846435772478e+02,-2.745140110745e+02,-2.012727710305e+02,-3.135891721016e+02,1.000000000000e+00,2.009443124058
249,15405,5641479492.187500,-3.136798431456e+02,3.136798431456e+02,-2.567939727798e+02,3.758958503915e+02,-2.884685150237e+02,3.207036533968e+02,1.000000000000e+00,1.987656660847
250,15406,5641845703.125000,-4.481140616365e+01,2.240570308183e+02,-1.998299557794e+00,2.345555577358e+02,-1.742983855493e+01,2.293848654364e+02,1.000000000000e+00,1.965858300851
251,15407,5642211914.062500,-1.344342184910e+02,-1.344342184910e+02,-1.618130949298e+02,-1.091326023828e+02,-1.105754469643e+02,-1.311311592531e+02,1.000000000000e+00,1.944047868864
252,15408,5642578125.000000,1.344342184910e+02,-4.481140616365e+01,1.264228894612e+02,-7.191615848451e+01,1.614703161801e+02,-4.256703082903e+01,1.000000000000e+00,1.922225189904
253,15409,5642944335.937500,-2.240570308183e+02,4.481140616365e+01,-2.163094197594e+02,9.050323472483e+01,-1.993435164284e+02,5.244050293498e+01,1.000000000000e+00,1.900390089225
254,15410,5643310546.875000,-2.240570308183e+02,2.240570308183e+02,-1.795138920630e+02,2.711686278757e+02,-1.972727883324e+02,2.339173667477e+02,1.000000000000e+00,1.878542392326
255,15411,5643676757.812500,4.481140616365e+01,1.344342184910e+02,7.276254904918e+01,1.259552315908e+02,7.292591706804e+01,1.408658042619e+02,1.000000000000e+00,1.856681924958
256,15412,5644042968.750000,2.240570308183e+02,1.344342184910e+02,2.532059316096e+02,8.862618789024e+01,2.538249350773e+02,1.393589196260e+02,1.000000000000e+00,1.834808513140
257,15413,5644409179.687500,-1.344342184910e+02,-2.240570308183e+02,-1.823178164731e+02,-1.968827075751e+02,-1.126632589388e+02,-2.176899637633e+02,1.000000000000e+00,1.812921983163
258,15414,5644775390.625000,-3.136798431456e+02,4.481140616365e+01,-3.055970717274e+02,1.120169604157e+02,-2.902918632949e+02,5.708648062648e+01,1.000000000000e+00,1.791022161609
259,15415,5645141601.562500,-1.344342184910e+02,4.481140616365e+01,-1.253283327681e+02,7.402898873709e+01,-1.093189708765e+02,5.520647251953e+01,1.000000000000e+00,1.769108875356
260,15416,5645507812.500000,-2.240570308183e+02,4.481140616365e+01,-2.151060759958e+02,9.367291406615e+01,-1.998678426463e+02,5.706675066922e+01,1.000000000000e+00,1.747181951592
261,15417,5645874023.437500,1.344342184910e+02,-4.481140616365e+01,1.250062524938e+02,-7.435371543362e+01,1.605660376393e+02,-3.814587797061e+01,1.000000000000e+00,1.725241217827
262,15418,5646240234.375000,-2.240570308183e+02,-3.136798431456e+02,-2.938664520615e+02,-2.650486117810e+02,-2.054618403571e+02,-3.036492985707e+02,1.000000000000e+00,1.703286501906
263,15419,5646606445.312500,-2.240570308183e+02,1.344342184910e+02,-1.947022957769e+02,1.847100983581e+02,-1.989347254868e+02,1.494059699185e+02,1.000000000000e+00,1.681317632020
264,15420,5646972656.250000,-1.344342184910e+02,-4.481140616365e+01,-1.448771348644e+02,-1.469958694813e+01,-1.114429453158e+02,-3.240880754044e+01,1.000000000000e+00,1.659334436721
265,15421,5647338867.187500,-2.240570308183e+02,4.481140616365e+01,-2.141836350852e+02,9.592978588952e+01,-2.005549409726e+02,6.044589380881e+01,1.000000000000e+00,1.637336744934
266,15422,5647705078.125000,-2.240570308183e+02,-3.136798431456e+02,-2.965152025953e+02,-2.620094910554e+02,-2.073713718507e+02,-3.004637385343e+02,1.000000000000e+00,1.615324385971
267,15423,5648071289.062500,-2.240570308183e+02,-1.344342184910e+02,-2.552907870925e+02,-8.189811654857e+01,-2.042714787336e+02,-1.185908944136e+02,1.000000000000e+00,1.593297189545
268,15424,5648437500.000000,3.136798431456e+02,2.240570308183e+02,3.664168404468e+02,1.494114887007e+02,3.459114577573e+02,2.320270429499e+02,1.000000000000e+00,1.571254985785
269,15425,5648803710.937500,-2.240570308183e+02,-4.481140616365e+01,-2.344837010202e+02,9.091455420380e+00,-2.031769870542e+02,-2.640310778237e+01,1.000000000000e+00,1.549197605250
270,15426,5649169921.875000,-1.344342184910e+02,-4.481140616365e+01,-1.450626874342e+02,-1.210518391246e+01,-1.129996150096e+02,-2.790549270307e+01,1.000000000000e+00,1.527124878945
271,15427,5649536132.812500,-3.136798431456e+02,3.136798431456e+02,-2.364063467536e+02,3.895970858816e+02,-2.853197870130e+02,3.391460182181e+02,1.000000000000e+00,1.505036638336
272,15428,5649902343.750000,3.136798431456e+02,-2.240570308183e+02,2.578492888564e+02,-3.005659335582e+02,3.345476948549e+02,-2.190769501193e+02,1.000000000000e+00,1.482932715366
273,15429,5650268554.687500,2.240570308183e+02,-1.344342184910e+02,1.900420455433e+02,-1.895966184689e+02,2.458939463441e+02,-1.260040032110e+02,1.000000000000e+00,1.460812942471
274,15430,5650634765.625000,-2.240570308183e+02,-2.240570308183e+02,-2.794020607163e+02,-1.670983179724e+02,-2.095700583374e+02,-2.040950205929e+02,1.000000000000e+00,1.438677152597
275,15431,5651000976.562500,-2.240570308183e+02,2.240570308183e+02,-1.663812069513e+02,2.798518393822e+02,-1.974079867297e+02,2.492886417122e+02,1.000000000000e+00,1.416525179219
276,15432,5651367187.500000,-3.136798431456e+02,4.481140616365e+01,-3.007443139342e+02,1.243426978525e+02,-2.932051628644e+02,7.121629455444e+01,1.000000000000e+00,1.394356856355
277,15433,5651733398.437500,3.136798431456e+02,-1.344342184910e+02,2.775943087821e+02,-2.137498267705e+02,3.346814773988e+02,-1.268078109978e+02,1.000000000000e+00,1.372172018585
278,15434,5652099609.375000,2.240570308183e+02,-2.240570308183e+02,1.650399267141e+02,-2.802395473212e+02,2.412283728357e+02,-2.143142473944e+02,1.000000000000e+00,1.349970501070
279,15435,5652465820.312500,2.240570308183e+02,-2.240570308183e+02,1.640307619031e+02,-2.809749833634e+02,2.403862949463e+02,-2.144615059312e+02,1.000000000000e+00,1.327752139574
280,15436,5652832031.250000,4.481140616365e+01,2.240570308183e+02,1.038167744833e+02,2.104938527686e+02,7.364939835637e+01,2.437964444559e+02,1.000000000000e+00,1.305516770475
281,15437,5653198242.187500,2.240570308183e+02,3.136798431456e+02,3.060684959668e+02,2.513197763527e+02,2.576017961523e+02,3.285465905574e+02,1.000000000000e+00,1.283264230792
282,15438,5653564453.125000,1.344342184910e+02,2.240570308183e+02,1.933947686536e+02,1.861777157832e+02,1.635625215282e+02,2.416839711019e+02,1.000000000000e+00,1.260994358202
283,15439,5653930664.062500,3.136798431456e+02,-4.481140616365e+01,2.989752277989e+02,-1.288147520277e+02,3.349588380789e+02,-3.538316171733e+01,1.000000000000e+00,1.238706991061
284,15440,5654296875.000000,-2.240570308183e+02,-4.481140616365e+01,-2.341753735585e+02,1.631662571213e+01,-2.084291715289e+02,-1.645102693455e+01,1.000000000000e+00,1.216401968424
285,15441,5654663085.937500,-2.240570308183e+02,2.240570308183e+02,-1.606487022550e+02,2.831066535772e+02,-1.992031573813e+02,2.556908521112e+02,1.000000000000e+00,1.194079130067
286,15442,5655029296.875000,1.344342184910e+02,-2.240570308183e+02,7.129160366299e+01,-2.587528882166e+02,1.459232315921e+02,-2.092644195269e+02,1.000000000000e+00,1.171738316511
287,15443,5655395507.812500,-4.481140616365e+01,-1.344342184910e+02,-8.163031419388e+01,-1.203955117608e+02,-3.226064399330e+01,-1.115623478880e+02,1.000000000000e+00,1.149379369038
288,15444,5655761718.750000,-4.481140616365e+01,-1.344342184910e+02,-8.187619099053e+01,-1.201106881789e+02,-3.284597498164e+01,-1.109776475311e+02,1.000000000000e+00,1.127002129721
289,15445,5656127929.687500,3.136798431456e+02,3.136798431456e+02,3.976632018044e+02,2.208158129429e+02,3.459506356450e+02,3.264840609010e+02,1.000000000000e+00,1.104606441443
290,15446,5656494140.625000,1.344342184910e+02,1.344342184910e+02,1.705105125538e+02,9.448248358980e+01,1.576131047156e+02,1.535986915879e+02,1.000000000000e+00,1.082192147921
291,15447,5656860351.562500,4.481140616365e+01,-3.136798431456e+02,-4.482109584656e+01,-3.217881003849e+02,4.885702810527e+01,-2.938507275385e+02,1.000000000000e+00,1.059759093730
292,15448,5657226562.500000,-1.344342184910e+02,-1.344342184910e+02,-1.707030041560e+02,-9.423259405345e+01,-1.250095085768e+02,-1.057684002741e+02,1.000000000000e+00,1.037307124329
293,15449,5657592773.437500,1.344342184910e+02,-1.344342184910e+02,9.417000709589e+01,-1.708280753873e+02,1.455757025972e+02,-1.160664068978e+02,1.000000000000e+00,1.014836086085
294,15450,5657958984.375000,-3.136798431456e+02,4.481140616365e+01,-2.964296780239e+02,1.338302670653e+02,-2.998149910764e+02,8.250468540304e+01,1.000000000000e+00,0.992345826297
295,15451,5658325195.312500,-4.481140616365e+01,-2.240570308183e+02,-1.086505620958e+02,-2.078507275558e+02,-3.982279325760e+01,-1.987057425357e+02,1.000000000000e+00,0.969836193225
296,15452,5658691406.250000,-4.481140616365e+01,-4.481140616365e+01,-5.711885967239e+01,-3.111854009336e+01,-3.323276661807e+01,-1.750839191737e+01,1.000000000000e+00,0.947307036115
297,15453,5659057617.187500,1.344342184910e+02,-3.136798431456e+02,4.051479199729e+01,-3.479004629209e+02,1.354557669277e+02,-2.958523699061e+02,1.000000000000e+00,0.924758205223
298,15454,5659423828.125000,-4.481140616365e+01,-1.344342184910e+02,-8.373935578509e+01,-1.188524381708e+02,-3.843533450804e+01,-1.069856720097e+02,1.000000000000e+00,0.902189551849
299,15455,5659790039.062500,2.240570308183e+02,1.344342184910e+02,2.599802849596e+02,6.508720455592e+01,2.442650520680e+02,1.517624315734e+02,1.000000000000e+00,0.879600928358
300,15456,5660156250.000000,-3.136798431456e+02,1.344342184910e+02,-2.673326213967e+02,2.259229214107e+02,-2.979359006319e+02,1.775168902284e+02,1.000000000000e+00,0.856992188213
301,15457,5660522460.937500,2.240570308183e+02,-3.136798431456e+02,1.258097604582e+02,-3.748948870947e+02,2.223145610258e+02,-2.990729239020e+02,1.000000000000e+00,0.834363186001
302,15458,5660888671.875000,-4.481140616365e+01,-3.136798431456e+02,-1.379217454064e+02,-2.944215139006e+02,-4.883833257446e+01,-2.864304870706e+02,1.000000000000e+00,0.811713777466
303,15459,5661254882.812500,2.240570308183e+02,2.240570308183e+02,2.872405743616e+02,1.522694883265e+02,2.461585753861e+02,2.434635333329e+02,1.000000000000e+00,0.789043819532
304,15460,5661621093.750000,1.344342184910e+02,3.136798431456e+02,2.269967457488e+02,2.665146275632e+02,1.599290945879e+02,3.378681065029e+02,1.000000000000e+00,0.766353170343
305,15461,5661987304.687500,-3.136798431456e+02,-4.481140616365e+01,-3.207604030276e+02,5.220992219954e+01,-3.093957984976e+02,-9.772139636336e-01,1.000000000000e+00,0.743641689284
306,15462,5662353515.625000,4.481140616365e+01,4.481140616365e+01,5.762676258860e+01,3.004313089923e+01,5.562925082687e+01,7.161476381153e+01,1.000000000000e+00,0.720909237020
307,15463,5662719726.562500,-3.136798431456e+02,1.344342184910e+02,-2.650852916371e+02,2.284258258268e+02,-3.013281389329e+02,1.804858624815e+02,1.000000000000e+00,0.698155675523
308,15464,5663085937.500000,-2.240570308183e+02,-2.240570308183e+02,-2.885060834279e+02,-1.493623080802e+02,-2.302244686444e+02,-1.847548037337e+02,1.000000000000e+00,0.675380868106
309,15465,5663452148.437500,3.136798431456e+02,4.481140616365e+01,3.204278357919e+02,-5.382439792610e+01,3.246277921807e+02,5.823909729607e+01,1.000000000000e+00,0.652584679457
310,15466,5663818359.375000,-1.344342184910e+02,1.344342184910e+02,-8.941921097791e+01,1.732606596973e+02,-1.226198727942e+02,1.719519901580e+02,1.000000000000e+00,0.629766975670
311,15467,5664184570.312500,-2.240570308183e+02,-4.481140616365e+01,-2.328756308922e+02,2.609827005334e+01,-2.227774928965e+02,-3.899328208617e+00,1.000000000000e+00,0.606927624280
312,15468,5664550781.250000,-3.136798431456e+02,2.240570308183e+02,-2.367306498368e+02,3.165715549024e+02,-3.001659595562e+02,2.712661220658e+02,1.000000000000e+00,0.584066494296
313,15469,5664916992.187500,1.344342184910e+02,4.481140616365e+01,1.452861273415e+02,2.009906492554e+00,1.415121150854e+02,6.864944349741e+01,1.000000000000e+00,0.561183456240
314,15470,5665283203.125000,-4.481140616365e+01,-2.240570308183e+02,-1.138731696167e+02,-2.046909374829e+02,-5.313701800416e+01,-1.931029992433e+02,1.000000000000e+00,0.538278382175
315,15471,5665649414.062500,-1.344342184910e+02,-2.240570308183e+02,-2.018715476954e+02,-1.759407010768e+02,-1.445386734823e+02,-1.880048383519e+02,1.000000000000e+00,0.515351145748
316,15472,5666015625.000000,-3.136798431456e+02,2.240570308183e+02,-2.339421967826e+02,3.182128996257e+02,-3.010617486026e+02,2.733104435982e+02,1.000000000000e+00,0.492401622220
317,15473,5666381835.937500,2.240570308183e+02,4.481140616365e+01,2.324855147457e+02,-2.791768751442e+01,2.293099582285e+02,6.321233715676e+01,1.000000000000e+00,0.469429688508
318,15474,5666748046.875000,4.481140616365e+01,4.481140616365e+01,5.796623381675e+01,2.931269692723e+01,4.830400990865e+01,7.325101105080e+01,1.000000000000e+00,0.446435223220
319,15475,5667114257.812500,-1.344342184910e+02,-3.136798431456e+02,-2.313196596248e+02,-2.624297341862e+02,-1.525075565746e+02,-2.776202209022e+02,1.000000000000e+00,0.423418106689
320,15476,5667480468.750000,-4.481140616365e+01,-3.136798431456e+02,-1.441628224116e+02,-2.909821360308e+02,-6.294937093227e+01,-2.824339505720e+02,1.000000000000e+00,0.400378221018
321,15477,5667846679.687500,-1.344342184910e+02,2.240570308183e+02,-5.890067341700e+01,2.611678628439e+02,-1.241274179792e+02,2.636199274559e+02,1.000000000000e+00,0.377315450112
322,15478,5668212890.625000,-3.136798431456e+02,-4.481140616365e+01,-3.196227001087e+02,5.714624309779e+01,-3.199597513141e+02,2.954592472583e+00,1.000000000000e+00,0.354229679722
323,15479,5668579101.562500,3.136798431456e+02,-3.136798431456e+02,2.045336879758e+02,-4.060956638636e+02,2.960611874474e+02,-3.019778615914e+02,1.000000000000e+00,0.331120797480
324,15480,5668945312.500000,4.481140616365e+01,3.136798431456e+02,1.444400533032e+02,2.909980622886e+02,5.889030570790e+01,3.442050426447e+02,1.000000000000e+00,0.307988692944
325,15481,5669311523.437500,2.240570308183e+02,2.240570308183e+02,2.904780579937e+02,1.455341801028e+02,2.342212315793e+02,2.438581617775e+02,1.000000000000e+00,0.284833257633
326,15482,5669677734.375000,-3.136798431456e+02,1.344342184910e+02,-2.611595849455e+02,2.329182922650e+02,-3.124988536500e+02,1.843133960933e+02,1.000000000000e+00,0.261654385070
327,15483,5670043945.312500,4.481140616365e+01,4.481140616365e+01,5.822750091725e+01,2.884983062315e+01,4.258625123544e+01,7.316865819020e+01,1.000000000000e+00,0.238451970824
328,15484,5670410156.250000,-3.136798431456e+02,-1.344342184910e+02,-3.487573109409e+02,-2.837317050132e+01,-3.293654787993e+02,-8.654251513127e+01,1.000000000000e+00,0.215225912549
329,15485,5670776367.187500,-2.240570308183e+02,4.481140616365e+01,-2.033551144735e+02,1.162831311067e+02,-2.295623853098e+02,8.820190605580e+01,1.000000000000e+00,0.191976110030
330,15486,5671142578.125000,2.240570308183e+02,2.240570308183e+02,2.905149529331e+02,1.453041404993e+02,2.306814094825e+02,2.437107729894e+02,1.000000000000e+00,0.168702465222
331,15487,5671508789.062500,4.481140616365e+01,-1.344342184910e+02,-2.024360378479e-01,-1.452585074784e+02,2.967873620164e+01,-1.074116468046e+02,1.000000000000e+00,0.145404882291
332,15488,5671875000.000000,-4.481140616365e+01,3.136798431456e+02,5.903169854107e+01,3.193804351929e+02,-3.550836216018e+01,3.485417747838e+02,1.000000000000e+00,0.122083267661
333,15489,5672241210.937500,-4.481140616365e+01,-1.344342184910e+02,-8.761032090861e+01,-1.158533034124e+02,-6.212876808067e+01,-1.024858789675e+02,1.000000000000e+00,0.098737530058
334,15490,5672607421.875000,2.240570308183e+02,-1.344342184910e+02,1.733309202612e+02,-2.041847435496e+02,2.076731391610e+02,-1.185202047235e+02,1.000000000000e+00,0.075367580547
335,15491,5672973632.812500,-4.481140616365e+01,2.240570308183e+02,3.034854469287e+01,2.322450060253e+02,-4.214912355349e+01,2.579954943709e+02,1.000000000000e+00,0.051973332585
336,15492,5673339843.750000,4.481140616365e+01,-2.240570308183e+02,-3.010302645241e+01,-2.322573322463e+02,2.080075667651e+01,-1.983956153641e+02,1.000000000000e+00,0.028554702058
337,15493,5673706054.687500,-3.136798431456e+02,2.240570308183e+02,-2.312996907536e+02,3.202851995412e+02,-3.145337964821e+02,2.729581133638e+02,1.000000000000e+00,0.005111607330
338,15494,5674072265.625000,2.240570308183e+02,-3.136798431456e+02,1.152337828251e+02,-3.779073260140e+02,1.952937987327e+02,-2.990298164420e+02,1.000000000000e+00,-0.018356030715
339,15495,5674438476.562500,2.240570308183e+02,-2.240570308183e+02,1.443769985561e+02,-2.910972354986e+02,1.996766259156e+02,-2.093321019447e+02,1.000000000000e+00,-0.041848288625
340,15496,5674804687.500000,4.481140616365e+01,1.344342184910e+02,8.769165529149e+01,1.159720335867e+02,3.922108374342e+01,1.616580755522e+02,1.000000000000e+00,-0.065365240337
341,15497,5675170898.437500,-4.481140616365e+01,-1.344342184910e+02,-8.781973906307e+01,-1.158910458163e+02,-6.742472699076e+01,-1.041762826755e+02,1.000000000000e+00,-0.088906957128
342,15498,5675537109.375000,-1.344342184910e+02,4.481140616365e+01,-1.157154612008e+02,8.794745158435e+01,-1.476154525278e+02,8.158460454084e+01,1.000000000000e+00,-0.112473507573
343,15499,5675903320.312500,3.136798431456e+02,-1.344342184910e+02,2.596805228476e+02,-2.344876552836e+02,2.917084268258e+02,-1.266587500231e+02,1.000000000000e+00,-0.136064957497
344,15500,5676269531.250000,3.136798431456e+02,2.240570308183e+02,3.786614919968e+02,1.128917097037e+02,3.134541841266e+02,2.334139252917e+02,1.000000000000e+00,-0.159681369929
345,15501,5676635742.187500,3.136798431456e+02,1.344342184910e+02,3.488315210435e+02,2.573007962972e+01,3.072577325397e+02,1.426544260696e+02,1.000000000000e+00,-0.183322805054
346,15502,5677001953.125000,-4.481140616365e+01,-1.344342184910e+02,-8.832083639865e+01,-1.152781520601e+02,-7.122679576349e+01,-1.051436242245e+02,1.000000000000e+00,-0.206989320169
347,15503,5677368164.062500,1.344342184910e+02,-4.481140616365e+01,1.154414846148e+02,-8.812071291712e+01,1.143311848546e+02,-2.673807094981e+01,1.000000000000e+00,-0.230680969634
348,15504,5677734375.000000,1.344342184910e+02,4.481140616365e+01,1.452358029460e+02,-9.735486581413e-01,1.193408648042e+02,6.328647363863e+01,1.000000000000e+00,-0.254397804828
349,15505,5678100585.937500,-1.344342184910e+02,4.481140616365e+01,-1.157300038122e+02,8.776713106794e+01,-1.518015317777e+02,7.932814725821e+01,1.000000000000e+00,-0.278139874097
350,15506,5678466796.875000,3.136798431456e+02,-4.481140616365e+01,2.897612684667e+02,-1.467234515349e+02,2.930704675068e+02,-3.827247170155e+01,1.000000000000e+00,-0.301907222714
351,15507,5678833007.812500,2.240570308183e+02,-4.481140616365e+01,2.027969803393e+02,-1.171812940001e+02,2.023250388303e+02,-3.324723229290e+01,1.000000000000e+00,-0.325699892825
352,15508,5679199218.750000,-4.481140616365e+01,3.136798431456e+02,5.935405036408e+01,3.192412158567e+02,-4.730113073872e+01,3.431976057843e+02,1.000000000000e+00,-0.349517923407
353,15509,5679565429.687500,3.136798431456e+02,4.481140616365e+01,3.191478771324e+02,-5.890097656207e+01,2.964807342250e+02,5.118508600241e+01,1.000000000000e+00,-0.373361350219
354,15510,5679931640.625000,-3.136798431456e+02,-2.240570308183e+02,-3.773093591449e+02,-1.155461093708e+02,-3.502843511123e+02,-1.829156524407e+02,1.000000000000e+00,-0.397230205754
355,15511,5680297851.562500,-4.481140616365e+01,-2.240570308183e+02,-1.166214157690e+02,-2.028504301211e+02,-8.101300333887e+01,-1.988611506508e+02,1.000000000000e+00,-0.421124519195
356,15512,5680664062.500000,-1.344342184910e+02,3.136798431456e+02,-2.746457254524e+01,3.485891054566e+02,-1.390022056549e+02,3.470207741430e+02,1.000000000000e+00,-0.445044316365
357,15513,5681030273.437500,-4.481140616365e+01,-4.481140616365e+01,-5.828036017775e+01,-2.869877165429e+01,-7.165402456526e+01,-1.942274807910e+01,1.000000000000e+00,-0.468989619683
358,15514,5681396484.375000,-4.481140616365e+01,1.344342184910e+02,5.755396598058e-01,1.452053530385e+02,-6.095369899457e+01,1.603170393866e+02,1.000000000000e+00,-0.492960448115
359,15515,5681762695.312500,1.344342184910e+02,-3.136798431456e+02,2.838573362363e+01,-3.484151691251e+02,9.147226339901e+01,-3.016701693365e+02,1.000000000000e+00,-0.516956817131
360,15516,5682128906.250000,4.481140616365e+01,1.344342184910e+02,8.717254075602e+01,1.159993946297e+02,2.786548337866e+01,1.537876778525e+02,1.000000000000e+00,-0.540978738654
361,15517,5682495117.187500,2.240570308183e+02,-4.481140616365e+01,2.028303072619e+02,-1.165226126501e+02,1.966294139979e+02,-3.804449718817e+01,1.000000000000e+00,-0.565026221020
362,15518,5682861328.125000,3.136798431456e+02,-4.481140616365e+01,2.895424606042e+02,-1.460931154297e+02,2.860094560348e+02,-4.468293856553e+01,1.000000000000e+00,-0.589099268925
363,15519,5683227539.062500,-3.136798431456e+02,-3.136798431456e+02,-4.066727164217e+02,-2.018791203837e+02,-3.616875770226e+02,-2.753451957347e+02,1.000000000000e+00,-0.613197883389
364,15520,5683593750.000000,1.344342184910e+02,2.240570308183e+02,2.032051213959e+02,1.738928445860e+02,1.218261089813e+02,2.360067774956e+02,1.000000000000e+00,-0.637322061701
365,15521,5683959960.937500,3.136798431456e+02,-2.240570308183e+02,2.325004413808e+02,-3.188399977238e+02,2.740210642630e+02,-2.254490383544e+02,1.000000000000e+00,-0.661471797382
366,15522,5684326171.875000,1.344342184910e+02,1.344342184910e+02,1.739493709981e+02,8.734527659335e+01,1.152583755683e+02,1.450649069989e+02,1.000000000000e+00,-0.685647080139
367,15523,5684692382.812500,1.344342184910e+02,-2.240570308183e+02,5.854834055291e+01,-2.610725993351e+02,9.293680021282e+01,-2.158598153422e+02,1.000000000000e+00,-0.709847895817
368,15524,5685058593.750000,1.344342184910e+02,-1.344342184910e+02,8.754028269100e+01,-1.739062562463e+02,9.803928673542e+01,-1.263706576605e+02,1.000000000000e+00,-0.734074226361
369,15525,5685424804.687500,-4.481140616365e+01,4.481140616365e+01,-2.937676893035e+01,5.785889676392e+01,-7.168149795516e+01,6.406856545418e+01,1.000000000000e+00,-0.758326049770
370,15526,5685791015.625000,2.240570308183e+02,3.136798431456e+02,3.169173167571e+02,2.351866461419e+02,2.130647745196e+02,3.186291569241e+02,1.000000000000e+00,-0.782603340057
371,15527,5686157226.562500,-2.240570308183e+02,1.344342184910e+02,-1.764080512183e+02,2.010224266493e+02,-2.478874886834e+02,1.625180407494e+02,1.000000000000e+00,-0.806906067206
372,15528,5686523437.500000,-3.136798431456e+02,-2.240570308183e+02,-3.756148914897e+02,-1.204144048391e+02,-3.579080242336e+02,-1.932229711205e+02,1.000000000000e+00,-0.831234197129
373,15529,5686889648.437500,-2.240570308183e+02,3.136798431456e+02,-1.204075967270e+02,3.754889409752e+02,-2.382235571958e+02,3.415297314752e+02,1.000000000000e+00,-0.855587691630
374,15530,5687255859.375000,2.240570308183e+02,-2.240570308183e+02,1.482575957189e+02,-2.883098813042e+02,1.811583874645e+02,-2.245819390372e+02,1.000000000000e+00,-0.879966508361
375,15531,5687622070.312500,2.240570308183e+02,-1.344342184910e+02,1.761936527920e+02,-2.012110815529e+02,1.858219005178e+02,-1.356130152981e+02,1.000000000000e+00,-0.904370600786
376,15532,5687988281.250000,3.136798431456e+02,1.344342184910e+02,3.479537306529e+02,3.244750945720e+01,2.917402076396e+02,1.281361896842e+02,1.000000000000e+00,-0.928799918141
377,15533,5688354492.187500,1.344342184910e+02,-2.240570308183e+02,6.093343243014e+01,-2.604176524328e+02,8.959347744097e+01,-2.218437160324e+02,1.000000000000e+00,-0.953254405398
378,15534,5688720703.125000,4.481140616365e+01,-2.240570308183e+02,-2.607455649989e+01,-2.323161342523e+02,-6.470648518411e-01,-2.169993291543e+02,1.000000000000e+00,-0.977734003227
379,15535,5689086914.062500,2.240570308183e+02,-3.136798431456e+02,1.211871049915e+02,-3.752394031210e+02,1.738262905543e+02,-3.182581595595e+02,1.000000000000e+00,-1.002238647959
380,15536,5689453125.000000,2.240570308183e+02,-2.240570308183e+02,1.493519480532e+02,-2.879338296982e+02,1.790351456297e+02,-2.291190255818e+02,1.000000000000e+00,-1.026768271557
381,15537,5689819335.937500,-2.240570308183e+02,2.240570308183e+02,-1.497363647570e+02,2.879957588386e+02,-2.450055376946e+02,2.473209931353e+02,1.000000000000e+00,-1.051322801574
382,15538,5690185546.875000,2.240570308183e+02,4.481140616365e+01,2.327301373126e+02,-2.532245994803e+01,1.947812543288e+02,3.949737399862e+01,1.000000000000e+00,-1.075902161129
383,15539,5690551757.812500,-4.481140616365e+01,1.344342184910e+02,-2.228631621202e+00,1.451086520085e+02,-7.016021524206e+01,1.451953177953e+02,1.000000000000e+00,-1.100506268868
384,15540,5690917968.750000,1.344342184910e+02,3.136798431456e+02,2.282328495134e+02,2.645124600304e+02,1.214216583710e+02,3.131391971678e+02,1.000000000000e+00,-1.125135038936
385,15541,5691284179.687500,3.136798431456e+02,4.481140616365e+01,3.200504901344e+02,-5.254092201763e+01,2.840835642725e+02,3.127015009230e+01,1.000000000000e+00,-1.149788380948
386,15542,5691650390.625000,3.136798431456e+02,-2.240570308183e+02,2.385261152929e+02,-3.142811143899e+02,2.676022861079e+02,-2.388935611314e+02,1.000000000000e+00,-1.174466199963
387,15543,5692016601.562500,2.240570308183e+02,3.136798431456e+02,3.134993936347e+02,2.395138892887e+02,2.092760940061e+02,3.065313742722e+02,1.000000000000e+00,-1.199168396449
388,15544,5692382812.500000,-3.136798431456e+02,2.240570308183e+02,-2.399593402656e+02,3.131111878879e+02,-3.364171135887e+02,2.470497797249e+02,1.000000000000e+00,-1.223894866268
389,15545,5692749023.437500,2.240570308183e+02,-2.240570308183e+02,1.526625631391e+02,-2.860457941418e+02,1.777216794239e+02,-2.350287495846e+02,1.000000000000e+00,-1.248645500642
390,15546,5693115234.375000,-3.136798431456e+02,-4.481140616365e+01,-3.204818958923e+02,4.910771144605e+01,-3.522069128979e+02,-2.458929772166e+01,1.000000000000e+00,-1.273420186135
391,15547,5693481445.312500,2.240570308183e+02,-2.240570308183e+02,1.531854107601e+02,-2.857848515331e+02,1.773716043692e+02,-2.366476765660e+02,1.000000000000e+00,-1.298218804629
392,15548,5693847656.250000,2.240570308183e+02,-2.240570308183e+02,1.533678742574e+02,-2.857195272229e+02,1.771511116719e+02,-2.375493041238e+02,1.000000000000e+00,-1.323041233305
393,15549,5694213867.187500,4.481140616365e+01,4.481140616365e+01,5.710454269493e+01,3.075592806553e+01,1.294879735026e+01,4.245880979562e+01,1.000000000000e+00,-1.347887344624
394,15550,5694580078.125000,3.136798431456e+02,1.344342184910e+02,3.469731344515e+02,4.026177471856e+01,2.882875546348e+02,1.160740617260e+02,1.000000000000e+00,-1.372757006308
395,15551,5694946289.062500,3.136798431456e+02,1.344342184910e+02,3.469104210670e+02,4.095291818538e+01,2.882083408069e+02,1.155433988101e+02,1.000000000000e+00,-1.397650081325
396,15552,5695312500.000000,2.240570308183e+02,4.481140616365e+01,2.330206039671e+02,-2.037591921218e+01,1.929340542226e+02,3.025245359157e+01,1.000000000000e+00,-1.422566427876
397,15553,5695678710.937500,3.136798431456e+02,4.481140616365e+01,3.212523729458e+02,-4.521111861537e+01,2.830228242499e+02,2.492513500884e+01,1.000000000000e+00,-1.447505899379
398,15554,5696044921.875000,-3.136798431456e+02,4.481140616365e+01,-2.960959145801e+02,1.326128775566e+02,-3.477256540438e+02,5.837495076785e+01,1.000000000000e+00,-1.472468344462
399,15555,5696411132.812500,-1.344342184910e+02,3.136798431456e+02,-4.373166009995e+01,3.465031322763e+02,-1.523821646176e+02,3.183208140434e+02,1.000000000000e+00,-1.497453606950
400,15556,5696777343.750000,-1.344342184910e+02,1.344342184910e+02,-9.423489918910e+01,1.701069661964e+02,-1.619824317341e+02,1.376091146843e+02,1.000000000000e+00,-1.522461525861
401,15557,5697143554.687500,1.344342184910e+02,-1.344342184910e+02,9.442966826758e+01,-1.699599484298e+02,9.266436529896e+01,-1.485109329047e+02,1.000000000000e+00,-1.547491935396
402,15558,5697509765.625000,2.240570308183e+02,4.481140616365e+01,2.330550674172e+02,-1.808618483154e+01,1.930447954493e+02,2.601606113363e+01,1.000000000000e+00,-1.572544664938
403,15559,5697875976.562500,2.240570308183e+02,2.240570308183e+02,2.823741111525e+02,1.594249742401e+02,2.027857259649e+02,2.058447935618e+02,1.000000000000e+00,-1.597619539051
404,15560,5698242187.500000,-1.344342184910e+02,-1.344342184910e+02,-1.692035950597e+02,-9.618288268276e+01,-1.764662763214e+02,-1.361400920931e+02,1.000000000000e+00,-1.622716377474
405,15561,5698608398.437500,-4.481140616365e+01,-1.344342184910e+02,-8.044876767638e+01,-1.207806454748e+02,-8.610389746585e+01,-1.416654664492e+02,1.000000000000e+00,-1.647834995130
406,15562,5698974609.375000,-1.344342184910e+02,-1.344342184910e+02,-1.688088886600e+02,-9.715180740578e+01,-1.760053708673e+02,-1.379942952602e+02,1.000000000000e+00,-1.672975202123
407,15563,5699340820.312500,-1.344342184910e+02,1.344342184910e+02,-9.700078239420e+01,1.687646773780e+02,-1.619419875234e+02,1.320039825037e+02,1.000000000000e+00,-1.698136803748
408,15564,5699707031.250000,1.344342184910e+02,-1.344342184910e+02,9.680257018678e+01,-1.687318091795e+02,9.405496592589e+01,-1.533722816828e+02,1.000000000000e+00,-1.723319600496
409,15565,5700073242.187500,-2.240570308183e+02,1.344342184910e+02,-1.852455794848e+02,1.925685836576e+02,-2.508235938392e+02,1.359416024415e+02,1.000000000000e+00,-1.748523388064
410,15566,5700439453.125000,4.481140616365e+01,4.481140616365e+01,5.606614488195e+01,3.248393210222e+01,1.419029743493e+01,3.020306308752e+01,1.000000000000e+00,-1.773747957370
411,15567,5700805664.062500,2.240570308183e+02,2.240570308183e+02,2.796217741698e+02,1.635381386950e+02,2.035121005399e+02,2.003183367477e+02,1.000000000000e+00,-1.798993094559
412,15568,5701171875.000000,1.344342184910e+02,-2.240570308183e+02,7.568191823209e+01,-2.561766080274e+02,9.098357851081e+01,-2.455102110128e+02,1.000000000000e+00,-1.824258581027
413,15569,5701538085.937500,-4.481140616365e+01,-2.240570308183e+02,-1.013533498401e+02,-2.105019829154e+02,-8.871773802916e+01,-2.372487592542e+02,1.000000000000e+00,-1.849544193434
414,15570,5701904296.875000,-3.136798431456e+02,4.481140616365e+01,-2.995387377373e+02,1.236156044870e+02,-3.450075018573e+02,4.554358010734e+01,1.000000000000e+00,-1.874849703726
415,15571,5702270507.812500,3.136798431456e+02,-4.481140616365e+01,2.998827691460e+02,-1.230529731458e+02,2.810247185808e+02,-7.657195410657e+01,1.000000000000e+00,-1.900174879158
416,15572,5702636718.750000,1.344342184910e+02,-1.344342184910e+02,1.000279638270e+02,-1.668788353203e+02,9.684879792074e+01,-1.583732350367e+02,1.000000000000e+00,-1.925519482313
417,15573,5703002929.687500,-4.481140616365e+01,-4.481140616365e+01,-5.557785120714e+01,-3.346964394487e+01,-7.854301434871e+01,-6.008814451430e+01,1.000000000000e+00,-1.950883271139
418,15574,5703369140.625000,-2.240570308183e+02,1.344342184910e+02,-1.895502379354e+02,1.886002472797e+02,-2.493362882340e+02,1.284975993993e+02,1.000000000000e+00,-1.976265998966
419,15575,5703735351.562500,1.344342184910e+02,-2.240570308183e+02,7.869335799118e+01,-2.554430455603e+02,9.295980930106e+01,-2.505921653757e+02,1.000000000000e+00,-2.001667414547
420,15576,5704101562.500000,4.481140616365e+01,-3.136798431456e+02,-3.183988792095e+01,-3.224917090215e+02,-1.521744991703e+00,-3.366214733173e+02,1.000000000000e+00,-2.027087262086
421,15577,5704467773.437500,-3.136798431456e+02,-1.344342184910e+02,-3.442308279024e+02,-5.797395189311e+01,-3.518704595504e+02,-1.387248397599e+02,1.000000000000e+00,-2.052525281274
422,15578,5704833984.375000,4.481140616365e+01,-1.344342184910e+02,1.244864484803e+01,-1.444346294679e+02,8.694444130014e+00,-1.579069917455e+02,1.000000000000e+00,-2.077981207330
423,15579,5705200195.312500,1.344342184910e+02,4.481140616365e+01,1.444189408664e+02,1.287368847457e+01,1.083396812912e+02,1.708546185947e+01,1.000000000000e+00,-2.103454771036
424,15580,5705566406.250000,4.481140616365e+01,-2.240570308183e+02,-7.473920872095e+00,-2.337049238046e+02,5.506962429948e+00,-2.491926812353e+02,1.000000000000e+00,-2.128945698787
425,15581,5705932617.187500,4.481140616365e+01,2.240570308183e+02,9.605768236924e+01,2.132181729136e+02,2.751702031317e+01,2.007134930711e+02,1.000000000000e+00,-2.154453712627
426,15582,5706298828.125000,2.240570308183e+02,-1.344342184910e+02,1.929301455369e+02,-1.850421403134e+02,1.910764200376e+02,-1.687812382074e+02,1.000000000000e+00,-2.179978530304
427,15583,5706665039.062500,-3.136798431456e+02,-3.136798431456e+02,-3.836922274177e+02,-2.419872877282e+02,-3.574044033551e+02,-3.235733917122e+02,1.000000000000e+00,-2.205519865313
428,15584,5707031250.000000,3.136798431456e+02,1.344342184910e+02,3.429537826039e+02,6.368724832444e+01,2.947177810294e+02,9.546054664402e+01,1.000000000000e+00,-2.231077426952
429,15585,5707397460.937500,-2.240570308183e+02,4.481140616365e+01,-2.135287352835e+02,9.449816265092e+01,-2.489644036127e+02,3.111636283725e+01,1.000000000000e+00,-2.256650920375
430,15586,5707763671.875000,1.344342184910e+02,-4.481140616365e+01,1.242630499637e+02,-7.431286767650e+01,1.069818842933e+02,-7.688376737859e+01,1.000000000000e+00,-2.282240046646
431,15587,5708129882.812500,-1.344342184910e+02,-4.481140616365e+01,-1.439508060885e+02,-1.552087620204e+01,-1.622950800764e+02,-6.443321335297e+01,1.000000000000e+00,-2.307844502799
432,15588,5708496093.750000,2.240570308183e+02,-1.344342184910e+02,1.953224301876e+02,-1.820927137321e+02,1.941033552885e+02,-1.716544306280e+02,1.000000000000e+00,-2.333463981901
433,15589,5708862304.687500,-4.481140616365e+01,1.344342184910e+02,-1.679686095671e+01,1.438797610141e+02,-6.332772303260e+01,1.099644136739e+02,1.000000000000e+00,-2.359098173109
434,15590,5709228515.625000,-4.481140616365e+01,3.136798431456e+02,1.978680377046e+01,3.233507411844e+02,-5.512879152366e+01,2.894896825452e+02,1.000000000000e+00,-2.384746761742
435,15591,5709594726.562500,2.240570308183e+02,3.136798431456e+02,2.886779413702e+02,2.683483252787e+02,2.157515700144e+02,2.772663731721e+02,1.000000000000e+00,-2.410409429342
436,15592,5709960937.500000,-2.240570308183e+02,-1.344342184910e+02,-2.518712593032e+02,-8.914574762308e+01,-2.535159915321e+02,-1.535945630911e+02,1.000000000000e+00,-2.436085853750
437,15593,5710327148.437500,4.481140616365e+01,3.136798431456e+02,1.077312926667e+02,3.054741166248e+02,3.680275930542e+01,2.840674110163e+02,1.000000000000e+00,-2.461775709171
438,15594,5710693359.375000,-2.240570308183e+02,-4.481140616365e+01,-2.335007281168e+02,-8.257847572038e-01,-2.481292334292e+02,-6.496707920317e+01,1.000000000000e+00,-2.487478666252
439,15595,5711059570.312500,3.136798431456e+02,1.344342184910e+02,3.406481788321e+02,7.422299387973e+01,2.997237328736e+02,9.210232565489e+01,1.000000000000e+00,-2.513194392157
440,15596,5711425781.250000,4.481140616365e+01,-4.481140616365e+01,3.652294637511e+01,-5.343028525170e+01,2.319525654927e+01,-7.709548244181e+01,1.000000000000e+00,-2.538922550646
441,15597,5711791992.187500,-3.136798431456e+02,-1.344342184910e+02,-3.397396368657e+02,-7.728277185343e+01,-3.390096292579e+02,-1.543031515235e+02,1.000000000000e+00,-2.564662802151
442,15598,5712158203.125000,-4.481140616365e+01,4.481140616365e+01,-3.695465817403e+01,5.312067216695e+01,-6.217382604911e+01,1.528846812895e+01,1.000000000000e+00,-2.590414803862
443,15599,5712524414.062500,-4.481140616365e+01,-3.136798431456e+02,-1.009562779558e+02,-3.076728284341e+02,-7.403454688416e+01,-3.451320680643e+02,1.000000000000e+00,-2.616178209811
444,15600,5712890625.000000,3.136798431456e+02,-4.481140616365e+01,3.081636803206e+02,-1.002920809481e+02,2.962776832962e+02,-8.794961817369e+01,1.000000000000e+00,-2.641952670955
445,15601,5713256835.937500,-3.136798431456e+02,-1.344342184910e+02,-3.395527160183e+02,-8.086781397085e+01,-3.368315993968e+02,-1.564975787479e+02,1.000000000000e+00,-2.667737835264
446,15602,5713623046.875000,3.136798431456e+02,3.136798431456e+02,3.703092981720e+02,2.619372448777e+02,3.104193531428e+02,2.710606598907e+02,1.000000000000e+00,-2.693533347814
447,15603,5713989257.812500,-2.240570308183e+02,4.481140616365e+01,-2.181091073261e+02,8.355044542456e+01,-2.388416287266e+02,2.019227441709e+01,1.000000000000e+00,-2.719338850876
448,15604,5714355468.750000,-2.240570308183e+02,-1.344342184910e+02,-2.484621725544e+02,-9.777305612524e+01,-2.446532196403e+02,-1.602983169465e+02,1.000000000000e+00,-2.745153984008
449,15605,5714721679.687500,3.136798431456e+02,-2.240570308183e+02,2.791712455423e+02,-2.777291946839e+02,2.928367569309e+02,-2.699582936553e+02,1.000000000000e+00,-2.770978384151
450,15606,5715087890.625000,1.344342184910e+02,-4.481140616365e+01,1.283202979011e+02,-6.695579818527e+01,1.200452783475e+02,-8.374512762556e+01,1.000000000000e+00,-2.796811685729
451,15607,5715454101.562500,-4.481140616365e+01,4.481140616365e+01,-3.819907202094e+01,5.228547508181e+01,-5.618836365842e+01,1.206497869796e+01,1.000000000000e+00,-2.822653520738
452,15608,5715820312.500000,-1.344342184910e+02,-1.344342184910e+02,-1.563698264022e+02,-1.153815574055e+02,-1.510005080353e+02,-1.657077576634e+02,1.000000000000e+00,-2.848503518856
453,15609,5716186523.437500,-1.344342184910e+02,2.240570308183e+02,-1.023893084110e+02,2.466930554383e+02,-1.396514448666e+02,1.941805247447e+02,1.000000000000e+00,-2.874361307537
454,15610,5716552734.375000,4.481140616365e+01,-2.240570308183e+02,1.192983441918e+01,-2.332080967373e+02,2.757378381286e+01,-2.616162154577e+02,1.000000000000e+00,-2.900226512117
455,15611,5716918945.312500,3.136798431456e+02,-3.136798431456e+02,2.706159660831e+02,-3.635888026078e+02,2.949906195612e+02,-3.606562580856e+02,1.000000000000e+00,-2.926098755915
456,15612,5717285156.250000,-3.136798431456e+02,1.344342184910e+02,-2.977285131230e+02,1.816473009479e+02,-3.196874575975e+02,1.096262849848e+02,1.000000000000e+00,-2.951977660342
457,15613,5717651367.187500,3.136798431456e+02,2.240570308183e+02,3.494674244521e+02,1.821564066771e+02,3.140543322771e+02,1.794107027184e+02,1.000000000000e+00,-2.977862845003
458,15614,5718017578.125000,2.240570308183e+02,4.481140616365e+01,2.332461189908e+02,1.420500250320e+01,2.191155245505e+02,2.159637307613e+00,1.000000000000e+00,-3.003753927809
459,15615,5718383789.062500,-1.344342184910e+02,2.240570308183e+02,-1.058270453652e+02,2.453266592554e+02,-1.351715980077e+02,1.930739902461e+02,1.000000000000e+00,-3.029650525082
460,15616,5718750000.000000,3.136798431456e+02,2.240570308183e+02,3.476387771228e+02,1.856455136410e+02,3.157001433807e+02,1.798602323326e+02,1.000000000000e+00,-3.055552251666
461,15617,5719116210.937500,3.136798431456e+02,3.136798431456e+02,3.585906160761e+02,2.775033472557e+02,3.187859586497e+02,2.699167430604e+02,1.000000000000e+00,-3.081458721039
462,15618,5719482421.875000,-3.136798431456e+02,3.136798431456e+02,-2.781206043334e+02,3.578915761174e+02,-3.105439170958e+02,2.874776219709e+02,1.000000000000e+00,-3.107369545422
463,15619,5719848632.812500,-1.344342184910e+02,2.240570308183e+02,-1.082504658983e+02,2.439289135307e+02,-1.321809386351e+02,1.922131772102e+02,1.000000000000e+00,-3.133284335893
464,15620,5720214843.750000,-2.240570308183e+02,-2.240570308183e+02,-2.547886566422e+02,-1.996630332330e+02,-2.344722038571e+02,-2.551229970446e+02,1.000000000000e+00,3.123982604678
465,15621,5720581054.687500,3.136798431456e+02,-1.344342184910e+02,3.021367197541e+02,-1.744193632082e+02,3.090491908732e+02,-1.811287456218e+02,1.000000000000e+00,3.098061052800
466,15622,5720947265.625000,4.481140616365e+01,1.344342184910e+02,6.152658546087e+01,1.312498028724e+02,4.770168118112e+01,9.702614330824e+01,1.000000000000e+00,3.072136707323
467,15623,5721313476.562500,3.136798431456e+02,-3.136798431456e+02,2.826516391158e+02,-3.550912458235e+02,3.057752683745e+02,-3.613444187186e+02,1.000000000000e+00,3.046209960604
468,15624,5721679687.500000,3.136798431456e+02,3.136798431456e+02,3.540542616610e+02,2.840002561372e+02,3.242825570643e+02,2.700094054752e+02,1.000000000000e+00,3.020281205571
469,15625,5722045898.437500,3.136798431456e+02,4.481140616365e+01,3.240097838310e+02,1.180736057142e+01,3.176169040737e+02,6.693171712197e-02,1.000000000000e+00,2.994350835608
470,15626,5722412109.375000,-1.344342184910e+02,-2.240570308183e+02,-1.599038456544e+02,-2.142926416698e+02,-1.388316009932e+02,-2.590366906821e+02,1.000000000000e+00,2.968419244439
471,15627,5722778320.312500,-4.481140616365e+01,4.481140616365e+01,-4.126010260404e+01,5.003389912254e+01,-4.166541392125e+01,9.259216315611e+00,1.000000000000e+00,2.942486826012
472,15628,5723144531.250000,3.136798431456e+02,-3.136798431456e+02,2.902067749248e+02,-3.490101115404e+02,3.126848858575e+02,-3.583952903039e+02,1.000000000000e+00,2.916553974379
473,15629,5723510742.187500,1.344342184910e+02,3.136798431456e+02,1.654095758599e+02,3.073612265816e+02,1.451447801925e+02,2.762315603674e+02,1.000000000000e+00,2.890621083587
474,15630,5723876953.125000,-3.136798431456e+02,3.136798431456e+02,-2.919905195537e+02,3.470147361415e+02,-3.047341997109e+02,2.845276873525e+02,1.000000000000e+00,2.864688547554
475,15631,5724243164.062500,-1.344342184910e+02,2.240570308183e+02,-1.179751195550e+02,2.395769178523e+02,-1.255606746440e+02,1.910886303751e+02,1.000000000000e+00,2.838756759956
476,15632,5724609375.000000,-2.240570308183e+02,3.136798431456e+02,-2.026861594664e+02,3.377306127398e+02,-2.134398984494e+02,2.826344111090e+02,1.000000000000e+00,2.812826114111
477,15633,5724975585.937500,-3.136798431456e+02,1.344342184910e+02,-3.089913761643e+02,1.614531722339e+02,-3.058083757064e+02,1.039673496653e+02,1.000000000000e+00,2.786897002862
478,15634,5725341796.875000,1.344342184910e+02,2.240570308183e+02,1.541348590548e+02,2.178805756986e+02,1.467324049393e+02,1.866367793690e+02,1.000000000000e+00,2.760969818461
479,15635,5725708007.812500,4.481140616365e+01,-1.344342184910e+02,3.547935554997e+01,-1.403052039481e+02,5.106624477654e+01,-1.716866074969e+02,1.000000000000e+00,2.735044952456
480,15636,5726074218.750000,4.481140616365e+01,3.136798431456e+02,6.883405366387e+01,3.161775529588e+02,6.040322837835e+01,2.783990197700e+02,1.000000000000e+00,2.709122795574
481,15637,5726440429.687500,1.344342184910e+02,-4.481140616365e+01,1.338085758385e+02,-5.516459051486e+01,1.442319917529e+02,-8.297476383728e+01,1.000000000000e+00,2.683203737607
482,15638,5726806640.625000,2.240570308183e+02,4.481140616365e+01,2.314041089684e+02,3.055734601660e+01,2.366440380124e+02,5.761780830689e+00,1.000000000000e+00,2.657288167298
483,15639,5727172851.562500,4.481140616365e+01,1.344342184910e+02,5.433901938665e+01,1.341806662401e+02,5.885785227329e+01,9.925108402568e+01,1.000000000000e+00,2.631376472231
484,15640,5727539062.500000,4.481140616365e+01,2.240570308183e+02,5.943867119126e+01,2.257243023493e+02,6.099488112625e+01,1.895448434739e+02,1.000000000000e+00,2.605469038716
485,15641,5727905273.437500,1.344342184910e+02,-2.240570308183e+02,1.240324149964e+02,-2.363456536434e+02,1.444362974446e+02,-2.616850912210e+02,1.000000000000e+00,2.579566251676
486,15642,5728271484.375000,-1.344342184910e+02,4.481140616365e+01,-1.347143421660e+02,5.304101883998e+01,-1.206854358770e+02,1.276780432286e+01,1.000000000000e+00,2.553668494544
487,15643,5728637695.312500,-2.240570308183e+02,-4.481140616365e+01,-2.309518636030e+02,-3.446793999362e+01,-2.112987498316e+02,-7.606137193498e+01,1.000000000000e+00,2.527776149143
488,15644,5729003906.250000,3.136798431456e+02,-3.136798431456e+02,3.058389073768e+02,-3.347978253249e+02,3.269344325204e+02,-3.523742306078e+02,1.000000000000e+00,2.501889595587
489,15645,5729370117.187500,-1.344342184910e+02,2.240570308183e+02,-1.274964852913e+02,2.347438220938e+02,-1.168149524986e+02,1.934798544792e+02,1.000000000000e+00,2.476009212170
490,15646,5729736328.125000,2.240570308183e+02,-2.240570308183e+02,2.196189855451e+02,-2.381977867357e+02,2.392771320482e+02,-2.607014093671e+02,1.000000000000e+00,2.450135375258
491,15647,5730102539.062500,3.136798431456e+02,-1.344342184910e+02,3.152756075944e+02,-1.495968668566e+02,3.310986454204e+02,-1.712205652761e+02,1.000000000000e+00,2.424268459188
492,15648,5730468750.000000,4.481140616365e+01,4.481140616365e+01,4.740821563497e+01,4.416033834335e+01,6.340455045177e+01,1.238440020526e+01,1.000000000000e+00,2.398408836162
493,15649,5730834960.937500,4.481140616365e+01,1.344342184910e+02,5.028138047723e+01,1.358393783146e+02,6.497828587564e+01,1.028630520826e+02,1.000000000000e+00,2.372556876145
494,15650,5731201171.875000,-2.240570308183e+02,-2.240570308183e+02,-2.355231375978e+02,-2.223822999485e+02,-2.079707163104e+02,-2.546792158451e+02,1.000000000000e+00,2.346712946769
495,15651,5731567382.812500,1.344342184910e+02,4.481140616365e+01,1.385137359350e+02,4.258495008247e+01,1.552867615317e+02,1.332292904618e+01,1.000000000000e+00,2.320877413224
496,15652,5731933593.750000,4.481140616365e+01,-2.240570308183e+02,4.164595886632e+01,-2.300047727761e+02,6.493056361562e+01,-2.560548515560e+02,1.000000000000e+00,2.295050638171
497,15653,5732299804.687500,-1.344342184910e+02,4.481140616365e+01,-1.366241096869e+02,4.830672783100e+01,-1.138569817046e+02,1.563661955482e+01,1.000000000000e+00,2.269232981640
498,15654,5732666015.625000,-3.136798431456e+02,2.240570308183e+02,-3.161971848690e+02,2.350814030442e+02,-2.917128298829e+02,1.981353122253e+02,1.000000000000e+00,2.243424800936
499,15655,5733032226.562500,3.136798431456e+02,1.344342184910e+02,3.230973385938e+02,1.310605102488e+02,3.389348114148e+02,1.024604991521e+02,1.000000000000e+00,2.217626450549
500,15656,5733398437.500000,3.136798431456e+02,3.136798431456e+02,3.252980477900e+02,3.156076948252e+02,3.408368266875e+02,2.837175400953e+02,1.000000000000e+00,2.191838282061
501,15657,5733764648.437500,-3.136798431456e+02,-2.240570308183e+02,-3.229351470745e+02,-2.254877330256e+02,-2.931277533754e+02,-2.512183244409e+02,1.000000000000e+00,2.166060644059
502,15658,5734130859.375000,1.344342184910e+02,1.344342184910e+02,1.382265965981e+02,1.364799926216e+02,1.597701363430e+02,1.068019356316e+02,1.000000000000e+00,2.140293882043
503,15659,5734497070.312500,-3.136798431456e+02,-2.240570308183e+02,-3.209455019746e+02,-2.282102361900e+02,-2.910269185217e+02,-2.514442885843e+02,1.000000000000e+00,2.114538338347
504,15660,5734863281.250000,2.240570308183e+02,-1.344342184910e+02,2.291518365233e+02,-1.368454543988e+02,2.502052063233e+02,-1.617522930041e+02,1.000000000000e+00,2.088794352053
505,15661,5735229492.187500,2.240570308183e+02,1.344342184910e+02,2.281687528476e+02,1.385817545079e+02,2.507726902272e+02,1.091464229857e+02,1.000000000000e+00,2.063062258908
506,15662,5735595703.125000,-1.344342184910e+02,-1.344342184910e+02,-1.362728228293e+02,-1.385234442206e+02,-1.086733270816e+02,-1.607818821259e+02,1.000000000000e+00,2.037342391247
507,15663,5735961914.062500,-2.240570308183e+02,-3.136798431456e+02,-2.255596549577e+02,-3.232304806599e+02,-1.979125796421e+02,-3.407416680473e+02,1.000000000000e+00,2.011635077914
508,15664,5736328125.000000,-2.240570308183e+02,-2.240570308183e+02,-2.257877970892e+02,-2.323987065606e+02,-1.973078939318e+02,-2.503553517856e+02,1.000000000000e+00,1.985940644188
509,15665,5736694335.937500,2.240570308183e+02,1.344342184910e+02,2.266261009265e+02,1.415685035149e+02,2.524978790810e+02,1.124409070488e+02,1.000000000000e+00,1.960259411709
510,15666,5737060546.875000,-2.240570308183e+02,-1.344342184910e+02,-2.261334483644e+02,-1.423109741151e+02,-1.962679216474e+02,-1.596118888588e+02,1.000000000000e+00,1.934591698409
511,15667,5737426757.812500,-3.136798431456e+02,2.240570308183e+02,-3.258218149663e+02,2.212749820300e+02,-2.877670492813e+02,2.006989735430e+02,1.000000000000e+00,1.908937818438
512,15668,5737792968.750000,-4.481140616365e+01,-1.344342184910e+02,-4.215649347172e+01,-1.383877120376e+02,-1.497484048004e+01,-1.571605379982e+02,1.000000000000e+00,1.883298082106
513,15669,5738159179.687500,-1.344342184910e+02,-3.136798431456e+02,-1.279758104615e+02,-3.240001774443e+02,-1.032018023836e+02,-3.370658913507e+02,1.000000000000e+00,1.857672795809
514,15670,5738525390.625000,3.136798431456e+02,2.240570308183e+02,3.130176406496e+02,2.389360786234e+02,3.434005063498e+02,2.068409777363e+02,1.000000000000e+00,1.832062261973
515,15671,5738891601.562500,-1.344342184910e+02,-1.344342184910e+02,-1.325805625882e+02,-1.421287745026e+02,-1.035421398012e+02,-1.563202262321e+02,1.000000000000e+00,1.806466778992
516,15672,5739257812.500000,3.136798431456e+02,3.136798431456e+02,3.087222227917e+02,3.322602605430e+02,3.434970146904e+02,2.987061123291e+02,1.000000000000e+00,1.780886641171
517,15673,5739624023.437500,-1.344342184910e+02,4.481140616365e+01,-1.390632457942e+02,4.051966789910e+01,-1.042771788403e+02,2.527149196031e+01,1.000000000000e+00,1.755322138670
518,15674,5739990234.375000,1.344342184910e+02,-4.481140616365e+01,1.390914693470e+02,-4.029874685360e+01,1.670009052187e+02,-6.202746884994e+01,1.000000000000e+00,1.729773557449
519,15675,5740356445.312500,-2.240570308183e+02,2.240570308183e+02,-2.386038267255e+02,2.189484059388e+02,-1.952110010911e+02,2.058770737419e+02,1.000000000000e+00,1.704241179222
520,15676,5740722656.250000,-2.240570308183e+02,2.240570308183e+02,-2.393332777157e+02,2.181965094998e+02,-1.951771513971e+02,2.063023804883e+02,1.000000000000e+00,1.678725281401
521,15677,5741088867.187500,-1.344342184910e+02,-1.344342184910e+02,-1.304603172100e+02,-1.440259363650e+02,-1.010355940905e+02,-1.525818407645e+02,1.000000000000e+00,1.653226137059
522,15678,5741455078.125000,-2.240570308183e+02,1.344342184910e+02,-2.358863334390e+02,1.251750190951e+02,-1.939642198737e+02,1.170507952062e+02,1.000000000000e+00,1.627744014875
523,15679,5741821289.062500,-3.136798431456e+02,2.240570308183e+02,-3.327882447769e+02,2.107506752940e+02,-2.850858413922e+02,2.062831293377e+02,1.000000000000e+00,1.602279179103
524,15680,5742187500.000000,-3.136798431456e+02,1.344342184910e+02,-3.279632675172e+02,1.184096536105e+02,-2.836446896514e+02,1.166795481740e+02,1.000000000000e+00,1.576831889525
525,15681,5742553710.937500,1.344342184910e+02,-1.344342184910e+02,1.454072957555e+02,-1.287551023697e+02,1.707114045236e+02,-1.461620405603e+02,1.000000000000e+00,1.551402401417
526,15682,5742919921.875000,1.344342184910e+02,-2.240570308183e+02,1.514319338871e+02,-2.197704622448e+02,1.723411353302e+02,-2.353809258443e+02,1.000000000000e+00,1.525990965512
527,15683,5743286132.812500,1.344342184910e+02,-4.481140616365e+01,1.400216662995e+02,-3.668767649945e+01,1.698788454052e+02,-5.454007613520e+01,1.000000000000e+00,1.500597827969
528,15684,5743652343.750000,4.481140616365e+01,1.344342184910e+02,3.631700560734e+01,1.401327122425e+02,7.711497663053e+01,1.248390927095e+02,1.000000000000e+00,1.475223230344
529,15685,5744018554.687500,1.344342184910e+02,-4.481140616365e+01,1.402450866210e+02,-3.593734786367e+01,1.703774003337e+02,-5.284937633025e+01,1.000000000000e+00,1.449867409558
530,15686,5744384765.625000,-2.240570308183e+02,-2.240570308183e+02,-2.111889558209e+02,-2.454030497489e+02,-1.859430546718e+02,-2.389759234209e+02,1.000000000000e+00,1.424530597874
531,15687,5744750976.562500,1.344342184910e+02,-4.481140616365e+01,1.405508466233e+02,-3.485194522357e+01,1.709173941385e+02,-5.081146541445e+01,1.000000000000e+00,1.399213022871
532,15688,5745117187.500000,2.240570308183e+02,-4.481140616365e+01,2.319988328448e+02,-2.681346586826e+01,2.612207872369e+02,-4.769489741505e+01,1.000000000000e+00,1.373914907425
533,15689,5745483398.437500,2.240570308183e+02,-1.344342184910e+02,2.399986216737e+02,-1.174084117120e+02,2.637454411366e+02,-1.367460913631e+02,1.000000000000e+00,1.348636469688
534,15690,5745849609.375000,-4.481140616365e+01,-3.136798431456e+02,-1.727998897467e+01,-3.236747527435e+02,-1.488252368945e+00,-3.231110360515e+02,1.000000000000e+00,1.323377923069
535,15691,5746215820.312500,2.240570308183e+02,-1.344342184910e+02,2.406885725811e+02,-1.161330354108e+02,2.642576865272e+02,-1.348272970377e+02,1.000000000000e+00,1.298139476224
536,15692,5746582031.250000,2.240570308183e+02,2.240570308183e+02,2.068607185993e+02,2.492191100793e+02,2.544750607554e+02,2.262195842783e+02,1.000000000000e+00,1.272921333037
537,15693,5746948242.187500,1.344342184910e+02,-2.240570308183e+02,1.582839290712e+02,-2.149289257669e+02,1.765770048644e+02,-2.255797059370e+02,1.000000000000e+00,1.247723692613
538,15694,5747314453.125000,-4.481140616365e+01,-2.240570308183e+02,-2.320888514038e+01,-2.322613140686e+02,-2.969201671449e+00,-2.297720267585e+02,1.000000000000e+00,1.222546749269
539,15695,5747680664.062500,3.136798431456e+02,-1.344342184910e+02,3.327410484096e+02,-1.041557477998e+02,3.547288813866e+02,-1.279719288521e+02,1.000000000000e+00,1.197390692525
540,15696,5748046875.000000,2.240570308183e+02,1.344342184910e+02,2.132672029235e+02,1.606057884414e+02,2.561293410329e+02,1.404179936310e+02,1.000000000000e+00,1.172255707099
541,15697,5748413085.937500,1.344342184910e+02,-4.481140616365e+01,1.414868782253e+02,-3.084532728930e+01,1.720821020516e+02,-4.173486013398e+01,1.000000000000e+00,1.147141972908
542,15698,5748779296.875000,-4.481140616365e+01,-2.240570308183e+02,-2.058016554498e+01,-2.326247651885e+02,-1.854330090517e+00,-2.270667476709e+02,1.000000000000e+00,1.122049665062
543,15699,5749145507.812500,-2.240570308183e+02,2.240570308183e+02,-2.528317912571e+02,2.023969903700e+02,-1.971081612301e+02,2.178009805250e+02,1.000000000000e+00,1.096978953868
544,15700,5749511718.750000,-3.136798431456e+02,-4.481140616365e+01,-3.135885866244e+02,-8.077411723323e+01,-2.781996615025e+02,-5.402559788932e+01,1.000000000000e+00,1.071930004833
545,15701,5749877929.687500,-2.240570308183e+02,3.136798431456e+02,-2.627725684882e+02,2.934415796817e+02,-1.991748060979e+02,3.100203823332e+02,1.000000000000e+00,1.046902978666
546,15702,5750244140.625000,-3.136798431456e+02,2.240570308183e+02,-3.442038264631e+02,1.914673515901e+02,-2.867682275662e+02,2.176714939020e+02,1.000000000000e+00,1.021898031287
547,15703,5750610351.562500,-1.344342184910e+02,-2.240570308183e+02,-1.098145053828e+02,-2.433385912013e+02,-9.222973593129e+01,-2.262964533755e+02,1.000000000000e+00,0.996915313835
548,15704,5750976562.500000,-4.481140616365e+01,2.240570308183e+02,-7.294364933712e+01,2.217601883644e+02,-1.805864112709e+01,2.273122675683e+02,1.000000000000e+00,0.971954972674
549,15705,5751342773.437500,-1.344342184910e+02,1.344342184910e+02,-1.532057235329e+02,1.195771055781e+02,-1.051142076444e+02,1.347583876824e+02,1.000000000000e+00,0.947017149413
550,15706,5751708984.375000,-3.136798431456e+02,-1.344342184910e+02,-3.012273307202e+02,-1.763794088176e+02,-2.753979948413e+02,-1.415937808165e+02,1.000000000000e+00,0.922101980909
551,15707,5752075195.312500,-3.136798431456e+02,1.344342184910e+02,-3.358321784157e+02,9.574987994609e+01,-2.860300962653e+02,1.291177244984e+02,1.000000000000e+00,0.897209599289
552,15708,5752441406.250000,-1.344342184910e+02,-2.240570308183e+02,-1.066372793467e+02,-2.451339468083e+02,-9.162295843078e+01,-2.238007504579e+02,1.000000000000e+00,0.872340131966
553,15709,5752807617.187500,4.481140616365e+01,2.240570308183e+02,1.503055098096e+01,2.332409399760e+02,6.981293338815e+01,2.346662455000e+02,1.000000000000e+00,0.847493701651
554,15710,5753173828.125000,1.344342184910e+02,4.481140616365e+01,1.300150044847e+02,6.400627739472e+01,1.671308495181e+02,5.918838691521e+01,1.000000000000e+00,0.822670426380
555,15711,5753540039.062500,4.481140616365e+01,2.240570308183e+02,1.384548421386e+01,2.331931157573e+02,6.878973403277e+01,2.360505522090e+02,1.000000000000e+00,0.797870419530
556,15712,5753906250.000000,4.481140616365e+01,1.344342184910e+02,2.611252234634e+01,1.424602262859e+02,7.238303033328e+01,1.467395960449e+02,1.000000000000e+00,0.773093789845
557,15713,5754272460.937500,-2.240570308183e+02,-1.344342184910e+02,-2.072482525880e+02,-1.685095265864e+02,-1.854804907711e+02,-1.349741819659e+02,1.000000000000e+00,0.748340641455
558,15714,5754638671.875000,-3.136798431456e+02,1.344342184910e+02,-3.371645876265e+02,9.007898779858e+01,-2.883662222870e+02,1.314745723038e+02,1.000000000000e+00,0.723611073906
559,15715,5755004882.812500,-1.344342184910e+02,1.344342184910e+02,-1.559954824899e+02,1.161426884745e+02,-1.086991559672e+02,1.405145308889e+02,1.000000000000e+00,0.698905182182
560,15716,5755371093.750000,1.344342184910e+02,-3.136798431456e+02,1.832159774434e+02,-2.970693383976e+02,1.826259105381e+02,-2.961671138757e+02,1.000000000000e+00,0.674223056734
561,15717,5755737304.687500,2.240570308183e+02,-4.481140616365e+01,2.333668448967e+02,-1.104808867661e+01,2.593317125622e+02,-2.080037126668e+01,1.000000000000e+00,0.649564783512
562,15718,5756103515.625000,-2.240570308183e+02,-3.136798431456e+02,-1.777506449080e+02,-3.517131458725e+02,-1.773013945904e+02,-3.125257579789e+02,1.000000000000e+00,0.624930443990
563,15719,5756469726.562500,-2.240570308183e+02,-2.240570308183e+02,-1.911585308855e+02,-2.615196598466e+02,-1.819953687767e+02,-2.220724616706e+02,1.000000000000e+00,0.600320115200
564,15720,5756835937.500000,-4.481140616365e+01,-3.136798431456e+02,4.599228424378e+00,-3.239079917695e+02,2.483606199069e+00,-3.022216196208e+02,1.000000000000e+00,0.575733869763
565,15721,5757202148.437500,1.344342184910e+02,-1.344342184910e+02,1.572367635241e+02,-1.142694501691e+02,1.726798313649e+02,-1.122932350068e+02,1.000000000000e+00,0.551171775922
566,15722,5757568359.375000,-4.481140616365e+01,-4.481140616365e+01,-3.809156180070e+01,-5.241644119567e+01,-1.239203267689e+01,-3.099059647007e+01,1.000000000000e+00,0.526633897578
567,15723,5757934570.312500,1.344342184910e+02,1.344342184910e+02,1.142799217779e+02,1.572618859521e+02,1.581820941838e+02,1.586565253965e+02,1.000000000000e+00,0.502120294322
568,15724,5758300781.250000,-1.344342184910e+02,2.240570308183e+02,-1.720007013571e+02,2.043819372840e+02,-1.169718563848e+02,2.355624688281e+02,1.000000000000e+00,0.477631021475
569,15725,5758666992.187500,1.344342184910e+02,4.481140616365e+01,1.282285976706e+02,6.733648181929e+01,1.616333253331e+02,7.020926981561e+01,1.000000000000e+00,0.453166130121
570,15726,5759033203.125000,-1.344342184910e+02,-2.240570308183e+02,-9.804321888118e+01,-2.483595836105e+02,-9.397325857939e+01,-2.134949441742e+02,1.000000000000e+00,0.428725667146
571,15727,5759399414.062500,-4.481140616365e+01,-1.344342184910e+02,-2.232099607628e+01,-1.431434639235e+02,-9.180330757726e+00,-1.182164903205e+02,1.000000000000e+00,0.404309675280
572,15728,5759765625.000000,-1.344342184910e+02,-2.240570308183e+02,-9.682587447262e+01,-2.490986213449e+02,-9.417864824137e+01,-2.130030008058e+02,1.000000000000e+00,0.379918193130
573,15729,5760131835.937500,-4.481140616365e+01,-3.136798431456e+02,9.741641962432e+00,-3.240400979810e+02,1.013576360782e+00,-2.973452938247e+02,1.000000000000e+00,0.355551255226
574,15730,5760498046.875000,-3.136798431456e+02,-3.136798431456e+02,-2.606759647086e+02,-3.715210255333e+02,-2.692218657375e+02,-3.131063072226e+02,1.000000000000e+00,0.331208892057
575,15731,5760864257.812500,-2.240570308183e+02,-1.344342184910e+02,-2.017437275675e+02,-1.753806336276e+02,-1.904412753344e+02,-1.273202365263e+02,1.000000000000e+00,0.306891130116
576,15732,5761230468.750000,-2.240570308183e+02,-4.481140616365e+01,-2.176999293040e+02,-8.513201032651e+01,-1.964731463780e+02,-3.667748107904e+01,1.000000000000e+00,0.282597991940
577,15733,5761596679.687500,-4.481140616365e+01,-4.481140616365e+01,-3.717426822627e+01,-5.311119189750e+01,-1.706018624713e+01,-2.521160423893e+01,1.000000000000e+00,0.258329496153
578,15734,5761962890.625000,2.240570308183e+02,-1.344342184910e+02,2.495441728582e+02,-9.574499768925e+01,2.575583748498e+02,-9.906021912058e+01,1.000000000000e+00,0.234085657508
579,15735,5762329101.562500,-2.240570308183e+02,3.136798431456e+02,-2.824085003786e+02,2.750193788929e+02,-2.200129603913e+02,3.244433596791e+02,1.000000000000e+00,0.209866486934
580,15736,5762695312.500000,4.481140616365e+01,-2.240570308183e+02,8.679274234007e+01,-2.168567223502e+02,8.339148597054e+01,-1.979106445750e+02,1.000000000000e+00,0.185671991576
581,15737,5763061523.437500,4.481140616365e+01,-4.481140616365e+01,5.352871145963e+01,-3.646880685224e+01,7.115852324962e+01,-1.748641101876e+01,1.000000000000e+00,0.161502174841
582,15738,5763427734.375000,-2.240570308183e+02,-2.240570308183e+02,-1.825268328018e+02,-2.677244708291e+02,-1.869081778292e+02,-2.153267135640e+02,1.000000000000e+00,0.137357036444
583,15739,5763793945.312500,-2.240570308183e+02,-1.344342184910e+02,-1.997288312370e+02,-1.777023029974e+02,-1.938573083202e+02,-1.248640392091e+02,1.000000000000e+00,0.113236572451
584,15740,5764160156.250000,-1.344342184910e+02,-2.240570308183e+02,-9.239398816963e+01,-2.509739104827e+02,-9.836749284490e+01,-2.085097401405e+02,1.000000000000e+00,0.089140775326
585,15741,5764526367.187500,-1.344342184910e+02,3.136798431456e+02,-1.958987477735e+02,2.892847961227e+02,-1.361681543971e+02,3.316186277945e+02,1.000000000000e+00,0.065069633977
586,15742,5764892578.125000,-1.344342184910e+02,-4.481140616365e+01,-1.262937697280e+02,-7.143949771432e+01,-1.115444701062e+02,-2.831033608996e+01,1.000000000000e+00,0.041023133802
587,15743,5765258789.062500,-3.136798431456e+02,-2.240570308183e+02,-2.706941000854e+02,-2.871431678908e+02,-2.788709425834e+02,-2.211813111257e+02,1.000000000000e+00,0.017001256734
588,15744,5765625000.000000,-4.481140616365e+01,4.481140616365e+01,-5.389893777619e+01,3.605972598908e+01,-2.926550353903e+01,6.879827152709e+01,1.000000000000e+00,-0.006996018711
589,15745,5765991210.937500,2.240570308183e+02,4.481140616365e+01,2.157871257621e+02,8.978638852542e+01,2.398089952128e+02,8.916693694591e+01,1.000000000000e+00,-0.030968717389
590,15746,5766357421.875000,-4.481140616365e+01,-1.344342184910e+02,-1.803799729465e+01,-1.438274264363e+02,-1.717743621863e+01,-1.103686590349e+02,1.000000000000e+00,-0.054916867478
591,15747,5766723632.812500,3.136798431456e+02,3.136798431456e+02,2.518559567379e+02,3.774991727601e+02,3.086420598889e+02,3.660421312397e+02,1.000000000000e+00,-0.078840500435
592,15748,5767089843.750000,-1.344342184910e+02,-4.481140616365e+01,-1.258983967011e+02,-7.188872721655e+01,-1.150640680982e+02,-2.642331217492e+01,1.000000000000e+00,-0.102739650946
593,15749,5767456054.687500,-3.136798431456e+02,4.481140616365e+01,-3.237709562478e+02,-1.786303782167e+01,-3.022269581687e+02,5.072452322452e+01,1.000000000000e+00,-0.126614356879
594,15750,5767822265.625000,2.240570308183e+02,-1.344342184910e+02,2.518419013362e+02,-9.007032043639e+01,2.499801126991e+02,-8.963179902917e+01,1.000000000000e+00,-0.150464659241
595,15751,5768188476.562500,-1.344342184910e+02,-3.136798431456e+02,-7.169096922201e+01,-3.419114493707e+02,-9.720313245091e+01,-2.955757113351e+02,1.000000000000e+00,-0.174290602124
596,15752,5768554687.500000,-1.344342184910e+02,1.344342184910e+02,-1.622602458501e+02,1.073967480295e+02,-1.312050090229e+02,1.541926839357e+02,1.000000000000e+00,-0.198092232665
597,15753,5768920898.437500,2.240570308183e+02,-2.240570308183e+02,2.708353931680e+02,-1.782851989256e+02,2.556135015792e+02,-1.774949449188e+02,1.000000000000e+00,-0.221869600992
598,15754,5769287109.375000,4.481140616365e+01,-2.240570308183e+02,9.139001824951e+01,-2.152856627137e+02,7.527818728290e+01,-1.913413641610e+02,1.000000000000e+00,-0.245622760184
599,15755,5769653320.312500,4.481140616365e+01,-2.240570308183e+02,9.150437066020e+01,-2.153338160144e+02,7.467503568718e+01,-1.912155636882e+02,1.000000000000e+00,-0.269351766217
600,15756,5770019531.250000,2.240570308183e+02,3.136798431456e+02,1.593716161058e+02,3.612657242090e+02,2.113828311393e+02,3.630976125548e+02,1.000000000000e+00,-0.293056677924
601,15757,5770385742.187500,-3.136798431456e+02,-3.136798431456e+02,-2.491657927708e+02,-3.798840695969e+02,-2.794257043511e+02,-3.092908745163e+02,1.000000000000e+00,-0.316737556943
602,15758,5770751953.125000,-4.481140616365e+01,3.136798431456e+02,-1.103013158853e+02,3.051150002512e+02,-5.989183281359e+01,3.419638227694e+02,1.000000000000e+00,-0.340394467673
603,15759,5771118164.062500,-2.240570308183e+02,4.481140616365e+01,-2.339048857065e+02,-1.866774043452e+00,-2.191383646758e+02,5.795054868950e+01,1.000000000000e+00,-0.364027477228
604,15760,5771484375.000000,-4.481140616365e+01,-2.240570308183e+02,2.092979722410e+00,-2.338623594974e+02,-1.834641616342e+01,-1.974761632932e+02,1.000000000000e+00,-0.387636655389
605,15761,5771850585.937500,3.136798431456e+02,-1.344342184910e+02,3.424499120475e+02,-6.855503229124e+01,3.334874503519e+02,-7.831333954105e+01,1.000000000000e+00,-0.411222074559
606,15762,5772216796.875000,-4.481140616365e+01,1.344342184910e+02,-7.336543320719e+01,1.251276714041e+02,-4.880123059047e+01,1.622894258720e+02,1.000000000000e+00,-0.434783809718
607,15763,5772583007.812500,1.344342184910e+02,2.240570308183e+02,8.682419014448e+01,2.531187439659e+02,1.226674480259e+02,2.673531307029e+02,1.000000000000e+00,-0.458321938377
608,15764,5772949218.750000,-4.481140616365e+01,-4.481140616365e+01,-3.525898557545e+01,-5.452832716086e+01,-3.526959828790e+01,-1.755095787652e+01,1.000000000000e+00,-0.481836540531
609,15765,5773315429.687500,-4.481140616365e+01,-2.240570308183e+02,3.279811034995e+00,-2.340587111411e+02,-2.061463415916e+01,-1.974175224066e+02,1.000000000000e+00,-0.505327698617
610,15766,5773681640.625000,-1.344342184910e+02,-2.240570308183e+02,-8.652155322069e+01,-2.532286263374e+02,-1.112583702903e+02,-2.049543064343e+02,1.000000000000e+00,-0.528795497466
611,15767,5774047851.562500,2.240570308183e+02,-1.344342184910e+02,2.531160226417e+02,-8.656132450007e+01,2.400583268431e+02,-8.442798506145e+01,1.000000000000e+00,-0.552240024264
612,15768,5774414062.500000,4.481140616365e+01,1.344342184910e+02,1.612616364170e+01,1.440799756179e+02,3.674757521139e+01,1.699355135924e+02,1.000000000000e+00,-0.575661368501
613,15769,5774780273.437500,2.240570308183e+02,-4.481140616365e+01,2.335985665381e+02,2.868365249884e+00,2.307531590280e+02,5.278117285151e+00,1.000000000000e+00,-0.599059621933
614,15770,5775146484.375000,4.481140616365e+01,-4.481140616365e+01,5.433007635503e+01,-3.528097984947e+01,5.048240608844e+01,-9.790662728517e+00,1.000000000000e+00,-0.622434878534
615,15771,5775512695.312500,1.344342184910e+02,-3.136798431456e+02,2.012981882547e+02,-2.851312989632e+02,1.623874401222e+02,-2.717029321059e+02,1.000000000000e+00,-0.645787234458
616,15772,5775878906.250000,1.344342184910e+02,-1.344342184910e+02,1.632346602552e+02,-1.058245947993e+02,1.467236170736e+02,-9.210232714116e+01,1.000000000000e+00,-0.669116787992
617,15773,5776245117.187500,4.481140616365e+01,-3.136798431456e+02,1.119830903683e+02,-3.043402445691e+02,7.167931796352e+01,-2.795219395775e+02,1.000000000000e+00,-0.692423639516
618,15774,5776611328.125000,-2.240570308183e+02,-3.136798431456e+02,-1.569253102303e+02,-3.619765719957e+02,-1.983480655463e+02,-3.028305269511e+02,1.000000000000e+00,-0.715707891460
619,15775,5776977539.062500,2.240570308183e+02,-1.344342184910e+02,2.531133938826e+02,-8.634084412259e+01,2.349103805691e+02,-8.424066712795e+01,1.000000000000e+00,-0.738969648263
620,15776,5777343750.000000,3.136798431456e+02,4.481140616365e+01,3.042164785705e+02,1.124088757843e+02,3.084308980162e+02,1.034027852349e+02,1.000000000000e+00,-0.762209016332
621,15777,5777709960.937500,-4.481140616365e+01,2.240570308183e+02,-9.318149073756e+01,2.145116764150e+02,-6.757687424232e+01,2.514267011163e+02,1.000000000000e+00,-0.785426104003
622,15778,5778076171.875000,2.240570308183e+02,1.344342184910e+02,1.951396823639e+02,1.828938087111e+02,2.092140561503e+02,1.853721460852e+02,1.000000000000e+00,-0.808621021496
623,15779,5778442382.812500,-3.136798431456e+02,1.344342184910e+02,-3.428338376456e+02,6.689635589172e+01,-3.305319863920e+02,1.372879312003e+02,1.000000000000e+00,-0.831793880881
624,15780,5778808593.750000,1.344342184910e+02,-4.481140616365e+01,1.441560209887e+02,-1.591790170171e+01,1.340484856819e+02,-2.659071134782e+00,1.000000000000e+00,-0.854944796034
625,15781,5779174804.687500,-3.136798431456e+02,-1.344342184910e+02,-2.850063511033e+02,-2.021187915349e+02,-3.078408852094e+02,-1.328270392364e+02,1.000000000000e+00,-0.878073882599
626,15782,5779541015.625000,4.481140616365e+01,-3.136798431456e+02,1.127571726612e+02,-3.044426948655e+02,6.754475053976e+01,-2.807582273461e+02,1.000000000000e+00,-0.901181257954
627,15783,5779907226.562500,3.136798431456e+02,-1.344342184910e+02,3.435444542785e+02,-6.651050097634e+01,3.207812278927e+02,-7.629586764502e+01,1.000000000000e+00,-0.924267041167
628,15784,5780273437.500000,3.136798431456e+02,-2.240570308183e+02,3.629021953068e+02,-1.566223569304e+02,3.283767823432e+02,-1.666323497256e+02,1.000000000000e+00,-0.947331352960
629,15785,5780639648.437500,-4.481140616365e+01,2.240570308183e+02,-9.310941049908e+01,2.149318431715e+02,-7.319291764324e+01,2.501144268930e+02,1.000000000000e+00,-0.970374315674
630,15786,5781005859.375000,-1.344342184910e+02,-1.344342184910e+02,-1.060283365288e+02,-1.634732604670e+02,-1.312345791155e+02,-1.180530493730e+02,1.000000000000e+00,-0.993396053232
631,15787,5781372070.312500,-3.136798431456e+02,-2.240570308183e+02,-2.665698094979e+02,-2.914803856163e+02,-3.035487868713e+02,-2.244606161933e+02,1.000000000000e+00,-1.016396691101
632,15788,5781738281.250000,-4.481140616365e+01,4.481140616365e+01,-5.445226692004e+01,3.535658769648e+01,-5.860875445909e+01,6.937440733219e+01,1.000000000000e+00,-1.039376356256
633,15789,5782104492.187500,-4.481140616365e+01,-2.240570308183e+02,2.654813721340e+00,-2.340355426701e+02,-3.485314894676e+01,-2.006378327387e+02,1.000000000000e+00,-1.062335177149
634,15790,5782470703.125000,-2.240570308183e+02,-4.481140616365e+01,-2.151877804918e+02,-9.201586523284e+01,-2.315376237126e+02,-3.699532773772e+01,1.000000000000e+00,-1.085273283669
635,15791,5782836914.062500,1.344342184910e+02,-2.240570308183e+02,1.814426278943e+02,-1.967111367876e+02,1.431955729189e+02,-1.854536620714e+02,1.000000000000e+00,-1.108190807113
636,15792,5783203125.000000,-1.344342184910e+02,2.240570308183e+02,-1.813545146356e+02,1.967295278924e+02,-1.663834547832e+02,2.402230053611e+02,1.000000000000e+00,-1.131087880146
637,15793,5783569335.937500,-4.481140616365e+01,2.240570308183e+02,-9.170886190649e+01,2.151924729089e+02,-7.740037420160e+01,2.475917185207e+02,1.000000000000e+00,-1.153964636775
638,15794,5783935546.875000,-3.136798431456e+02,3.136798431456e+02,-3.800731527137e+02,2.483606071385e+02,-3.559922998935e+02,3.123362094354e+02,1.000000000000e+00,-1.176821212309
639,15795,5784301757.812500,-2.240570308183e+02,-4.481140616365e+01,-2.150773699909e+02,-9.201399330063e+01,-2.339414151174e+02,-3.937193615381e+01,1.000000000000e+00,-1.199657743333
640,15796,5784667968.750000,1.344342184910e+02,-3.136798431456e+02,2.007703913877e+02,-2.861436385977e+02,1.500815962471e+02,-2.761789549033e+02,1.000000000000e+00,-1.222474367673
641,15797,5785034179.687500,1.344342184910e+02,-4.481140616365e+01,1.442423883066e+02,-1.665170477778e+01,1.245919993718e+02,-6.830675896362e+00,1.000000000000e+00,-1.245271224366
642,15798,5785400390.625000,-4.481140616365e+01,-2.240570308183e+02,1.736018844689e+00,-2.340910673742e+02,-3.919725007058e+01,-2.037988171959e+02,1.000000000000e+00,-1.268048453626
643,15799,5785766601.562500,4.481140616365e+01,3.136798431456e+02,-1.975833105957e+01,3.239898311909e+02,8.427522536228e-01,3.435107526312e+02,1.000000000000e+00,-1.290806196819
644,15800,5786132812.500000,1.344342184910e+02,-2.240570308183e+02,1.807513896349e+02,-1.973967482040e+02,1.391471951195e+02,-1.883145711165e+02,1.000000000000e+00,-1.313544596430
645,15801,5786499023.437500,2.240570308183e+02,1.344342184910e+02,1.976803662442e+02,1.804717247819e+02,1.963514886967e+02,1.788835732727e+02,1.000000000000e+00,-1.336263796033
646,15802,5786865234.375000,4.481140616365e+01,1.344342184910e+02,1.791737698205e+01,1.440660415400e+02,1.613689058298e+01,1.623913815930e+02,1.000000000000e+00,-1.358963940267
647,15803,5787231445.312500,-2.240570308183e+02,-2.240570308183e+02,-1.801031114150e+02,-2.701458688694e+02,-2.222217150355e+02,-2.217870049109e+02,1.000000000000e+00,-1.381645174799
648,15804,5787597656.250000,-2.240570308183e+02,-2.240570308183e+02,-1.801813919225e+02,-2.701805751036e+02,-2.225268714431e+02,-2.224279387180e+02,1.000000000000e+00,-1.404307646306
649,15805,5787963867.187500,-1.344342184910e+02,4.481140616365e+01,-1.441380367946e+02,1.806082063147e+01,-1.572167885513e+02,5.498404316631e+01,1.000000000000e+00,-1.426951502442
650,15806,5788330078.125000,-2.240570308183e+02,-1.344342184910e+02,-1.982162516042e+02,-1.800419409437e+02,-2.311753958016e+02,-1.336747754649e+02,1.000000000000e+00,-1.449576891810
651,15807,5788696289.062500,-2.240570308183e+02,-1.344342184910e+02,-1.981702752066e+02,-1.799537150568e+02,-2.313814713939e+02,-1.342510075595e+02,1.000000000000e+00,-1.472183963941
652,15808,5789062500.000000,3.136798431456e+02,1.344342184910e+02,2.881867890701e+02,1.977983463523e+02,2.827054671423e+02,1.847537507106e+02,1.000000000000e+00,-1.494772869264
653,15809,5789428710.937500,-3.136798431456e+02,-1.344342184910e+02,-2.884029499912e+02,-1.976590772043e+02,-3.219127748707e+02,-1.437667931798e+02,1.000000000000e+00,-1.517343759082
654,15810,5789794921.875000,2.240570308183e+02,-1.344342184910e+02,2.519793215083e+02,-9.059958627960e+01,2.172482360514e+02,-9.410488533493e+01,1.000000000000e+00,-1.539896785545
655,15811,5790161132.812500,2.240570308183e+02,4.481140616365e+01,2.164433133381e+02,8.937703547579e+01,2.001453530143e+02,8.525040319052e+01,1.000000000000e+00,-1.562432101629
656,15812,5790527343.750000,3.136798431456e+02,-2.240570308183e+02,3.594040784183e+02,-1.637695220930e+02,3.146734716934e+02,-1.767905866433e+02,1.000000000000e+00,-1.584949861112
657,15813,5790893554.687500,3.136798431456e+02,-1.344342184910e+02,3.416195048560e+02,-7.414399798698e+01,3.058776755017e+02,-8.751461693425e+01,1.000000000000e+00,-1.607450218547
658,15814,5791259765.625000,2.240570308183e+02,4.481140616365e+01,2.165656571101e+02,8.877058628796e+01,1.990054262259e+02,8.381542062500e+01,1.000000000000e+00,-1.629933329240
659,15815,5791625976.562500,4.481140616365e+01,-4.481140616365e+01,5.385520316605e+01,-3.625644553706e+01,2.744538186422e+01,-2.330203812458e+01,1.000000000000e+00,-1.652399349231
660,15816,5791992187.500000,-4.481140616365e+01,3.136798431456e+02,-1.070486458866e+02,3.064936029671e+02,-9.795118755517e+01,3.269127117562e+02,1.000000000000e+00,-1.674848435267
661,15817,5792358398.437500,3.136798431456e+02,4.481140616365e+01,3.070363113441e+02,1.059591775589e+02,2.880725445803e+02,9.135410857923e+01,1.000000000000e+00,-1.697280744784
662,15818,5792724609.375000,-1.344342184910e+02,4.481140616365e+01,-1.440024970191e+02,1.958392996193e+01,-1.618301279651e+02,4.820676512726e+01,1.000000000000e+00,-1.719696435884
663,15819,5793090820.312500,-2.240570308183e+02,4.481140616365e+01,-2.343411239153e+02,3.224252190829e+00,-2.520694573876e+02,3.973138764410e+01,1.000000000000e+00,-1.742095667314
664,15820,5793457031.250000,-2.240570308183e+02,-4.481140616365e+01,-2.173661700526e+02,-8.701027812227e+01,-2.438423837344e+02,-5.095634511184e+01,1.000000000000e+00,-1.764478598448
665,15821,5793823242.187500,-3.136798431456e+02,-2.240570308183e+02,-2.739810765468e+02,-2.839929949634e+02,-3.169512695196e+02,-2.396344126975e+02,1.000000000000e+00,-1.786845389263
666,15822,5794189453.125000,-1.344342184910e+02,4.481140616365e+01,-1.436129997828e+02,2.031126118065e+01,-1.624896393665e+02,4.609069592987e+01,1.000000000000e+00,-1.809196200325
667,15823,5794555664.062500,-1.344342184910e+02,-1.344342184910e+02,-1.111413802160e+02,-1.598877568999e+02,-1.465255605496e+02,-1.339460307516e+02,1.000000000000e+00,-1.831531192764
668,15824,5794921875.000000,-3.136798431456e+02,-2.240570308183e+02,-2.766900019296e+02,-2.820019291762e+02,-3.191486452689e+02,-2.401392609028e+02,1.000000000000e+00,-1.853850528260
669,15825,5795288085.937500,2.240570308183e+02,2.240570308183e+02,1.863658396455e+02,2.660035994169e+02,1.807909612831e+02,2.568825504569e+02,1.000000000000e+00,-1.876154369023
670,15826,5795654296.875000,-4.481140616365e+01,2.240570308183e+02,-8.514098020120e+01,2.181872382564e+02,-8.968749659984e+01,2.322543933473e+02,1.000000000000e+00,-1.898442877776
671,15827,5796020507.812500,4.481140616365e+01,-4.481140616365e+01,5.322429679127e+01,-3.723937195412e+01,2.459493279527e+01,-3.000182292851e+01,1.000000000000e+00,-1.920716217735
672,15828,5796386718.750000,-3.136798431456e+02,4.481140616365e+01,-3.246549368293e+02,-9.986679150863e+00,-3.436501492039e+02,2.663019247318e+01,1.000000000000e+00,-1.942974552598
673,15829,5796752929.687500,3.136798431456e+02,1.344342184910e+02,2.935330915455e+02,1.903452339893e+02,2.780017968402e+02,1.730383868044e+02,1.000000000000e+00,-1.965218046520
674,15830,5797119140.625000,2.240570308183e+02,-2.240570308183e+02,2.649056138673e+02,-1.879612605229e+02,2.201142187697e+02,-1.957393539115e+02,1.000000000000e+00,-1.987446864104
675,15831,5797485351.562500,3.136798431456e+02,4.481140616365e+01,3.094283761102e+02,9.856800551428e+01,2.858978571570e+02,8.151417917095e+01,1.000000000000e+00,-2.009661170383
676,15832,5797851562.500000,4.481140616365e+01,2.240570308183e+02,7.658425757453e+00,2.340065762053e+02,4.039107374141e-02,2.369077711540e+02,1.000000000000e+00,-2.031861130804
677,15833,5798217773.437500,-4.481140616365e+01,-3.136798431456e+02,6.718709063001e+00,-3.246580773827e+02,-4.264508270079e+01,-3.113614109931e+02,1.000000000000e+00,-2.054046911213
678,15834,5798583984.375000,-3.136798431456e+02,-2.240570308183e+02,-2.807952990297e+02,-2.780885486063e+02,-3.208501121047e+02,-2.453619755685e+02,1.000000000000e+00,-2.076218677840
679,15835,5798950195.312500,-2.240570308183e+02,-3.136798431456e+02,-1.762999497921e+02,-3.538556006950e+02,-2.234820766473e+02,-3.280960812290e+02,1.000000000000e+00,-2.098376597287
680,15836,5799316406.250000,-2.240570308183e+02,3.136798431456e+02,-2.767774908745e+02,2.822465411530e+02,-2.770639701485e+02,3.020431341949e+02,1.000000000000e+00,-2.120520836511
681,15837,5799682617.187500,2.240570308183e+02,-3.136798431456e+02,2.759667437842e+02,-2.829526031655e+02,2.259046146283e+02,-2.912649133066e+02,1.000000000000e+00,-2.142651562814
682,15838,5800048828.125000,3.136798431456e+02,2.240570308183e+02,2.836340472933e+02,2.751838002300e+02,2.713842437112e+02,2.555845367949e+02,1.000000000000e+00,-2.164768943827
683,15839,5800415039.062500,4.481140616365e+01,2.240570308183e+02,1.156280860201e+01,2.339461575158e+02,1.360921066566e+00,2.329196612365e+02,1.000000000000e+00,-2.186873147497
684,15840,5800781250.000000,-2.240570308183e+02,-1.344342184910e+02,-2.071774825671e+02,-1.697452542643e+02,-2.396310775986e+02,-1.496109119614e+02,1.000000000000e+00,-2.208964342078
685,15841,5801147460.937500,-3.136798431456e+02,-4.481140616365e+01,-3.116563408153e+02,-9.154654260187e+01,-3.369867992495e+02,-6.714178097744e+01,1.000000000000e+00,-2.231042696115
686,15842,5801513671.875000,4.481140616365e+01,2.240570308183e+02,1.311864021428e+01,2.339353919240e+02,1.953894347126e+00,2.312785336328e+02,1.000000000000e+00,-2.253108378434
687,15843,5801879882.812500,-3.136798431456e+02,3.136798431456e+02,-3.632097135928e+02,2.740870284133e+02,-3.652975286608e+02,2.928340006078e+02,1.000000000000e+00,-2.275161558131
688,15844,5802246093.750000,-1.344342184910e+02,4.481140616365e+01,-1.429058315973e+02,2.662742383233e+01,-1.639530357425e+02,3.593990272226e+01,1.000000000000e+00,-2.297202404558
689,15845,5802612304.687500,3.136798431456e+02,-2.240570308183e+02,3.500856044734e+02,-1.838742997657e+02,3.079795420325e+02,-1.996831957262e+02,1.000000000000e+00,-2.319231087318
690,15846,5802978515.625000,-4.481140616365e+01,-2.240570308183e+02,-1.444838559833e+01,-2.339482556157e+02,-5.232528816752e+01,-2.285434905084e+02,1.000000000000e+00,-2.341247776248
691,15847,5803344726.562500,-4.481140616365e+01,1.344342184910e+02,-6.392589872826e+01,1.305361966250e+02,-8.068085834424e+01,1.314465275833e+02,1.000000000000e+00,-2.363252641412
692,15848,5803710937.500000,-3.136798431456e+02,1.344342184910e+02,-3.370038107234e+02,9.450494291702e+01,-3.508306438114e+02,1.098665254291e+02,1.000000000000e+00,-2.385245853093
693,15849,5804077148.437500,-2.240570308183e+02,1.344342184910e+02,-2.456242933198e+02,1.071149165172e+02,-2.605033724025e+02,1.165403456485e+02,1.000000000000e+00,-2.407227581780
694,15850,5804443359.375000,-4.481140616365e+01,-1.344342184910e+02,-2.822240493463e+01,-1.425891988044e+02,-5.946780052365e+01,-1.403925981005e+02,1.000000000000e+00,-2.429197998158
695,15851,5804809570.312500,1.344342184910e+02,2.240570308183e+02,1.085565214043e+02,2.451167659314e+02,9.391313393953e+01,2.332479961247e+02,1.000000000000e+00,-2.451157273103
696,15852,5805175781.250000,1.344342184910e+02,-3.136798431456e+02,1.755688558004e+02,-3.029183250203e+02,1.339484023753e+02,-3.085117295746e+02,1.000000000000e+00,-2.473105577673
697,15853,5805541992.187500,1.344342184910e+02,-1.344342184910e+02,1.530203425527e+02,-1.208403498716e+02,1.206499887131e+02,-1.288837709235e+02,1.000000000000e+00,-2.495043083094
698,15854,5805908203.125000,1.344342184910e+02,-4.481140616365e+01,1.421438213174e+02,-3.002943777720e+01,1.142848510407e+02,-3.946188451718e+01,1.000000000000e+00,-2.516969960758
699,15855,5806274414.062500,4.481140616365e+01,-2.240570308183e+02,7.132549394509e+01,-2.231969157270e+02,3.684317718885e+01,-2.265419256146e+02,1.000000000000e+00,-2.538886382213
700,15856,5806640625.000000,4.481140616365e+01,-3.136798431456e+02,8.129634389573e+01,-3.147521511047e+02,4.349480028407e+01,-3.172866351671e+02,1.000000000000e+00,-2.560792519154
701,15857,5807006835.937500,3.136798431456e+02,2.240570308183e+02,2.948267881961e+02,2.638453425147e+02,2.764325612726e+02,2.426054578147e+02,1.000000000000e+00,-2.582688543418
702,15858,5807373046.875000,-3.136798431456e+02,-1.344342184910e+02,-3.056548298606e+02,-1.708999691135e+02,-3.299803925176e+02,-1.622901443624e+02,1.000000000000e+00,-2.604574626974
703,15859,5807739257.812500,-4.481140616365e+01,2.240570308183e+02,-6.871373253610e+01,2.241082297070e+02,-8.263057368748e+01,2.165110109207e+02,1.000000000000e+00,-2.626450941921
704,15860,5808105468.750000,3.136798431456e+02,-3.136798431456e+02,3.512771232837e+02,-2.891454316851e+02,3.126006243618e+02,-3.026912691741e+02,1.000000000000e+00,-2.648317660475
705,15861,5808471679.687500,1.344342184910e+02,4.481140616365e+01,1.327535900695e+02,5.905659944878e+01,1.097813161025e+02,4.668832268454e+01,1.000000000000e+00,-2.670174954967
706,15862,5808837890.625000,-3.136798431456e+02,1.344342184910e+02,-3.333687797448e+02,1.060401758457e+02,-3.467747212788e+02,1.069028054157e+02,1.000000000000e+00,-2.692022997837
707,15863,5809204101.562500,1.344342184910e+02,3.136798431456e+02,1.066321460526e+02,3.331920785701e+02,9.235302382279e+01,3.164675981062e+02,1.000000000000e+00,-2.713861961625
708,15864,5809570312.500000,1.344342184910e+02,1.344342184910e+02,1.246128463683e+02,1.499154387428e+02,1.047438612028e+02,1.355829078009e+02,1.000000000000e+00,-2.735692018968
709,15865,5809936523.437500,4.481140616365e+01,-2.240570308183e+02,6.612763278479e+01,-2.248338839416e+02,3.768843670601e+01,-2.315181806598e+02,1.000000000000e+00,-2.757513342594
710,15866,5810302734.375000,-3.136798431456e+02,-4.481140616365e+01,-3.165821261063e+02,-7.334296761190e+01,-3.342634769563e+02,-7.375573887909e+01,1.000000000000e+00,-2.779326105315
711,15867,5810668945.312500,3.136798431456e+02,-4.481140616365e+01,3.243501102062e+02,-1.914678058973e+01,2.974499869914e+02,-3.565227194501e+01,1.000000000000e+00,-2.801130480027
712,15868,5811035156.250000,1.344342184910e+02,4.481140616365e+01,1.337143724779e+02,5.682120119836e+01,1.119229545834e+02,4.309899338522e+01,1.000000000000e+00,-2.822926639697
713,15869,5811401367.187500,-1.344342184910e+02,1.344342184910e+02,-1.480213735936e+02,1.268527550367e+02,-1.635499921297e+02,1.170908269055e+02,1.000000000000e+00,-2.844714757365
714,15870,5811767578.125000,-2.240570308183e+02,1.344342184910e+02,-2.392826691178e+02,1.205773164686e+02,-2.532998528315e+02,1.118491324944e+02,1.000000000000e+00,-2.866495006139
715,15871,5812133789.062500,2.240570308183e+02,-4.481140616365e+01,2.324596050715e+02,-2.948398969729e+01,2.083370233350e+02,-4.372378178127e+01,1.000000000000e+00,-2.888267559187
716,15872,5812500000.000000,-2.240570308183e+02,4.481140616365e+01,-2.324179247829e+02,2.972056329288e+01,-2.475774616688e+02,2.086360267847e+01,1.000000000000e+00,-2.910032589737
717,15873,5812866210.937500,-3.136798431456e+02,-3.136798431456e+02,-2.986432593854e+02,-3.431151116461e+02,-3.168552773257e+02,-3.457144048244e+02,1.000000000000e+00,-2.931790271070
718,15874,5813232421.875000,-2.240570308183e+02,-4.481140616365e+01,-2.261843360954e+02,-6.130540228846e+01,-2.418179502106e+02,-7.021452275438e+01,1.000000000000e+00,-2.953540776519
719,15875,5813598632.812500,2.240570308183e+02,4.481140616365e+01,2.264077973848e+02,6.078229902040e+01,2.047005344340e+02,4.530854155600e+01,1.000000000000e+00,-2.975284279462
720,15876,5813964843.750000,-4.481140616365e+01,3.136798431456e+02,-6.600172716453e+01,3.184306998546e+02,-8.088681170345e+01,3.006766224386e+02,1.000000000000e+00,-2.997020953324
721,15877,5814331054.687500,-2.240570308183e+02,3.136798431456e+02,-2.481130844732e+02,3.082885687605e+02,-2.602254969286e+02,2.911581527601e+02,1.000000000000e+00,-3.018750971569
722,15878,5814697265.625000,-3.136798431456e+02,-3.136798431456e+02,-3.049034950016e+02,-3.384316570235e+02,-3.182580405967e+02,-3.453724342416e+02,1.000000000000e+00,-3.040474507697
723,15879,5815063476.562500,4.481140616365e+01,-1.344342184910e+02,5.251033556096e+01,-1.357312306665e+02,3.444173168197e+01,-1.473541204349e+02,1.000000000000e+00,-3.062191735247
724,15880,5815429687.500000,3.136798431456e+02,4.481140616365e+01,3.195880321725e+02,6.072315204299e+01,2.975957259599e+02,4.576420316146e+01,1.000000000000e+00,-3.083902827786
725,15881,5815795898.437500,2.240570308183e+02,4.481140616365e+01,2.276762595094e+02,5.613820640762e+01,2.074877209912e+02,4.134037773403e+01,1.000000000000e+00,-3.105607958913
726,15882,5816162109.375000,2.240570308183e+02,-3.136798431456e+02,2.431846958797e+02,-3.119491453587e+02,2.245091654735e+02,-3.204194411135e+02,1.000000000000e+00,-3.127307302253
727,15883,5816528320.312500,-3.136798431456e+02,2.240570308183e+02,-3.304541901782e+02,2.174298302134e+02,-3.417401355451e+02,1.969635405065e+02,1.000000000000e+00,3.134184275722
728,15884,5816894531.250000,-3.136798431456e+02,-4.481140616365e+01,-3.201262121944e+02,-5.711971786999e+01,-3.294808085767e+02,-7.378181393392e+01,1.000000000000e+00,3.112495986982
729,15885,5817260742.187500,-1.344342184910e+02,-2.240570308183e+02,-1.308062595756e+02,-2.340735660034e+02,-1.411417537116e+02,-2.468082761085e+02,1.000000000000e+00,3.090812965011
730,15886,5817626953.125000,1.344342184910e+02,-3.136798431456e+02,1.465501928234e+02,-3.180531236610e+02,1.333538714123e+02,-3.267145960848e+02,1.000000000000e+00,3.069135036096
731,15887,5817993164.062500,-3.136798431456e+02,4.481140616365e+01,-3.228222460744e+02,3.858309765720e+01,-3.318777677586e+02,1.785374624669e+01,1.000000000000e+00,3.047462026509
732,15888,5818359375.000000,1.344342184910e+02,-4.481140616365e+01,1.388183199065e+02,-4.325178564461e+01,1.235928606956e+02,-5.651033878339e+01,1.000000000000e+00,3.025793762503
733,15889,5818725585.937500,2.240570308183e+02,-1.344342184910e+02,2.321459738406e+02,-1.341305356684e+02,2.173570238622e+02,-1.442429270942e+02,1.000000000000e+00,3.004130070319
734,15890,5819091796.875000,4.481140616365e+01,-1.344342184910e+02,4.784202615563e+01,-1.373222152947e+02,3.685336977823e+01,-1.505712585728e+02,1.000000000000e+00,2.982470776185
735,15891,5819458007.812500,-2.240570308183e+02,1.344342184910e+02,-2.315273853601e+02,1.354350106778e+02,-2.427318740320e+02,1.117899421913e+02,1.000000000000e+00,2.960815706319
736,15892,5819824218.750000,-3.136798431456e+02,4.481140616365e+01,-3.225116988829e+02,4.319108538842e+01,-3.299548766168e+02,1.847272497219e+01,1.000000000000e+00,2.939164686926
737,15893,5820190429.687500,-2.240570308183e+02,-1.344342184910e+02,-2.295360282061e+02,-1.391106088206e+02,-2.338069192726e+02,-1.592551664416e+02,1.000000000000e+00,2.917517544204
738,15894,5820556640.625000,3.136798431456e+02,-4.481140616365e+01,3.222031958988e+02,-4.659151824810e+01,3.068405432834e+02,-5.453120175817e+01,1.000000000000e+00,2.895874104343
739,15895,5820922851.562500,-2.240570308183e+02,2.240570308183e+02,-2.284358254190e+02,2.320546485760e+02,-2.417006530007e+02,2.044948543322e+02,1.000000000000e+00,2.874234193525
740,15896,5821289062.500000,2.240570308183e+02,3.136798431456e+02,2.333232336209e+02,3.199092012768e+02,2.095559625618e+02,3.040002475463e+02,1.000000000000e+00,2.852597637927
741,15897,5821655273.437500,-2.240570308183e+02,1.344342184910e+02,-2.284858747786e+02,1.404831140092e+02,-2.388683000318e+02,1.133666183238e+02,1.000000000000e+00,2.830964263719
742,15898,5822021484.375000,-2.240570308183e+02,-4.481140616365e+01,-2.303859846259e+02,-4.322728831328e+01,-2.344269819630e+02,-6.779137655398e+01,1.000000000000e+00,2.809333897067
743,15899,5822387695.312500,-2.240570308183e+02,4.481140616365e+01,-2.291180797957e+02,4.944865504628e+01,-2.359416933822e+02,2.280236111285e+01,1.000000000000e+00,2.787706364132
744,15900,5822753906.250000,1.344342184910e+02,3.136798431456e+02,1.437971608041e+02,3.191675641159e+02,1.208228534481e+02,3.011841007186e+02,1.000000000000e+00,2.766081491072
745,15901,5823120117.187500,-4.481140616365e+01,-4.481140616365e+01,-4.694936598762e+01,-4.497663057785e+01,-5.258128006727e+01,-6.390155347800e+01,1.000000000000e+00,2.744459104040
746,15902,5823486328.125000,-4.481140616365e+01,3.136798431456e+02,-3.822885783431e+01,3.230326308649e+02,-5.856654299433e+01,2.978755085700e+02,1.000000000000e+00,2.722839029189
747,15903,5823852539.062500,1.344342184910e+02,-4.481140616365e+01,1.368138926923e+02,-4.970797243993e+01,1.291598768641e+02,-6.098739664658e+01,1.000000000000e+00,2.701221092666
748,15904,5824218750.000000,4.481140616365e+01,2.240570308183e+02,5.259484661157e+01,2.287937538506e+02,3.448301092516e+01,2.090482695043e+02,1.000000000000e+00,2.679605120616
749,15905,5824584960.937500,2.240570308183e+02,-1.344342184910e+02,2.259618398339e+02,-1.449071044060e+02,2.221437659586e+02,-1.499194779543e+02,1.000000000000e+00,2.657990939185
750,15906,5824951171.875000,4.481140616365e+01,1.344342184910e+02,5.029786398013e+01,1.365988852089e+02,3.664232768383e+01,1.184692960386e+02,1.000000000000e+00,2.636378374513
751,15907,5825317382.812500,1.344342184910e+02,4.481140616365e+01,1.395764880411e+02,4.122590500052e+01,1.292645016935e+02,2.935527671000e+01,1.000000000000e+00,2.614767252738
752,15908,5825683593.750000,1.344342184910e+02,-1.344342184910e+02,1.326412706004e+02,-1.432375208282e+02,1.323944386066e+02,-1.519008743037e+02,1.000000000000e+00,2.593157400000
753,15909,5826049804.687500,-1.344342184910e+02,4.481140616365e+01,-1.359412350979e+02,5.181217786218e+01,-1.412064764788e+02,2.535448650921e+01,1.000000000000e+00,2.571548642433
754,15910,5826416015.625000,-4.481140616365e+01,3.136798431456e+02,-3.068731205065e+01,3.238143078510e+02,-5.277021796307e+01,2.980317727810e+02,1.000000000000e+00,2.549940806170
755,15911,5826782226.562500,4.481140616365e+01,-4.481140616365e+01,4.352026377411e+01,-4.834123355125e+01,4.139134421131e+01,-6.308784105687e+01,1.000000000000e+00,2.528333717343
756,15912,5827148437.500000,-4.481140616365e+01,3.136798431456e+02,-2.784164303296e+01,3.240943587288e+02,-5.041174207076e+01,2.983266864312e+02,1.000000000000e+00,2.506727202080
757,15913,5827514648.437500,-1.344342184910e+02,3.136798431456e+02,-1.191424017505e+02,3.297046277078e+02,-1.405772931762e+02,2.981505839422e+02,1.000000000000e+00,2.485121086509
758,15914,5827880859.375000,2.240570308183e+02,-3.136798431456e+02,2.105392634438e+02,-3.356756541349e+02,2.249692011471e+02,-3.340915662054e+02,1.000000000000e+00,2.463515196755
759,15915,5828247070.312500,4.481140616365e+01,-1.344342184910e+02,3.717366405401e+01,-1.408909174835e+02,4.312480824238e+01,-1.538152675614e+02,1.000000000000e+00,2.441909358938
760,15916,5828613281.250000,-3.136798431456e+02,-2.240570308183e+02,-3.376087486218e+02,-2.078658401094e+02,-3.194127639585e+02,-2.445812735780e+02,1.000000000000e+00,2.420303399179
761,15917,5828979492.187500,4.481140616365e+01,3.136798431456e+02,6.949536960604e+01,3.184741305749e+02,4.435607247895e+01,2.993267317224e+02,1.000000000000e+00,2.398697143594
762,15918,5829345703.125000,-3.136798431456e+02,3.136798431456e+02,-2.969651310645e+02,3.460057782575e+02,-3.172565891152e+02,3.004666461036e+02,1.000000000000e+00,2.377090418295
763,15919,5829711914.062500,2.240570308183e+02,-1.344342184910e+02,2.184434122393e+02,-1.558288836060e+02,2.245305042556e+02,-1.546140203050e+02,1.000000000000e+00,2.355483049394
764,15920,5830078125.000000,4.481140616365e+01,4.481140616365e+01,4.960329914504e+01,4.206007309548e+01,4.481076669394e+01,2.731730632894e+01,1.000000000000e+00,2.333874862997
765,15921,5830444335.937500,-4.481140616365e+01,1.344342184910e+02,-3.421930047445e+01,1.413642708868e+02,-4.470257505986e+01,1.184320509921e+02,1.000000000000e+00,2.312265685207
766,15922,5830810546.875000,4.481140616365e+01,3.136798431456e+02,7.361824877870e+01,3.168439505768e+02,4.731891697317e+01,2.989317666451e+02,1.000000000000e+00,2.290655342124
767,15923,5831176757.812500,-3.136798431456e+02,2.240570308183e+02,-3.004482159033e+02,2.576496829526e+02,-3.147856689741e+02,2.110396295427e+02,1.000000000000e+00,2.269043659842
768,15924,5831542968.750000,4.481140616365e+01,-1.344342184910e+02,3.329736784933e+01,-1.416617123940e+02,4.502976763544e+01,-1.532718902397e+02,1.000000000000e+00,2.247430464454
769,15925,5831909179.687500,2.240570308183e+02,2.240570308183e+02,2.505446986673e+02,2.077224539792e+02,2.290788188615e+02,2.075372451676e+02,1.000000000000e+00,2.225815582047
770,15926,5832275390.625000,-3.136798431456e+02,4.481140616365e+01,-3.163100641710e+02,7.695103914391e+01,-3.150502085453e+02,3.123542745591e+01,1.000000000000e+00,2.204198838704
771,15927,5832641601.562500,-1.344342184910e+02,1.344342184910e+02,-1.235560267287e+02,1.513437818473e+02,-1.325580028621e+02,1.205791951394e+02,1.000000000000e+00,2.182580060502
772,15928,5833007812.500000,4.481140616365e+01,-2.240570308183e+02,2.173332284076e+01,-2.338629452951e+02,4.436367377550e+01,-2.437047188747e+02,1.000000000000e+00,2.160959073517
773,15929,5833374023.437500,-1.344342184910e+02,3.136798431456e+02,-1.024707335544e+02,3.353740175859e+02,-1.286481556661e+02,3.024838334857e+02,1.000000000000e+00,2.139335703819
774,15930,5833740234.375000,4.481140616365e+01,1.344342184910e+02,6.117501453925e+01,1.320837691210e+02,5.026329177961e+01,1.186910909389e+02,1.000000000000e+00,2.117709777471
775,15931,5834106445.312500,-4.481140616365e+01,2.240570308183e+02,-1.927977585451e+01,2.338641150147e+02,-3.813062064745e+01,2.108930010428e+02,1.000000000000e+00,2.096081120536
776,15932,5834472656.250000,-2.240570308183e+02,1.344342184910e+02,-2.123908731569e+02,1.640074217403e+02,-2.204349546317e+02,1.238586510072e+02,1.000000000000e+00,2.074449559071
777,15933,5834838867.187500,3.136798431456e+02,-2.240570308183e+02,2.925156829449e+02,-2.667611526954e+02,3.162518498967e+02,-2.478229756036e+02,1.000000000000e+00,2.052814919127
778,15934,5835205078.125000,1.344342184910e+02,-3.136798431456e+02,9.759749083653e+01,-3.366327950138e+02,1.333673197495e+02,-3.350617528704e+02,1.000000000000e+00,2.031177026753
779,15935,5835571289.062500,-4.481140616365e+01,2.240570308183e+02,-1.638480375412e+01,2.341058088933e+02,-3.585726999740e+01,2.118359476415e+02,1.000000000000e+00,2.009535707995
780,15936,5835937500.000000,-1.344342184910e+02,2.240570308183e+02,-1.065055708324e+02,2.463382078746e+02,-1.254035168812e+02,2.144910368749e+02,1.000000000000e+00,1.987890788894
781,15937,5836303710.937500,2.240570308183e+02,-4.481140616365e+01,2.218407984260e+02,-7.656916819278e+01,2.297908803061e+02,-6.628264304208e+01,1.000000000000e+00,1.966242095489
782,15938,5836669921.875000,1.344342184910e+02,2.240570308183e+02,1.682301208669e+02,2.090840080089e+02,1.468326504742e+02,2.077357593969e+02,1.000000000000e+00,1.944589453816
783,15939,5837036132.812500,3.136798431456e+02,1.344342184910e+02,3.382283901884e+02,9.192465843142e+01,3.256929796197e+02,1.124364685689e+02,1.000000000000e+00,1.922932689909
784,15940,5837402343.750000,2.240570308183e+02,-4.481140616365e+01,2.211567057436e+02,-7.857751270356e+01,2.304109766587e+02,-6.642936852790e+01,1.000000000000e+00,1.901271629802
785,15941,5837768554.687500,2.240570308183e+02,4.481140616365e+01,2.344516642599e+02,1.147952562569e+01,2.334989299348e+02,2.368455961757e+01,1.000000000000e+00,1.879606099525
786,15942,5838134765.625000,2.240570308183e+02,-3.136798431456e+02,1.786777667041e+02,-3.534527089398e+02,2.213616593321e+02,-3.384911320210e+02,1.000000000000e+00,1.857935925112
787,15943,5838500976.562500,4.481140616365e+01,-2.240570308183e+02,1.003807774827e+01,-2.345569027066e+02,4.359371293267e+01,-2.415700985882e+02,1.000000000000e+00,1.836260932595
788,15944,5838867187.500000,4.481140616365e+01,1.344342184910e+02,6.708460329099e+01,1.292335971180e+02,5.658264303396e+01,1.206304531457e+02,1.000000000000e+00,1.814580948008
789,15945,5839233398.437500,1.344342184910e+02,4.481140616365e+01,1.436749830028e+02,2.343190939255e+01,1.440940732414e+02,2.696650093686e+01,1.000000000000e+00,1.792895797388
790,15946,5839599609.375000,-4.481140616365e+01,3.136798431456e+02,7.012719826057e+00,3.253029781264e+02,-2.615491064723e+01,3.052127945432e+02,1.000000000000e+00,1.771205306777
791,15947,5839965820.312500,-2.240570308183e+02,-4.481140616365e+01,-2.344282357567e+02,-7.170417406931e+00,-2.206503083105e+02,-4.898272073539e+01,1.000000000000e+00,1.749509302221
792,15948,5840332031.250000,-3.136798431456e+02,-4.481140616365e+01,-3.253302772394e+02,8.363281623246e+00,-3.109985280594e+02,-4.548657026235e+01,1.000000000000e+00,1.727807609772
793,15949,5840698242.187500,-3.136798431456e+02,2.240570308183e+02,-2.793148311850e+02,2.809753436268e+02,-3.007956663450e+02,2.258680890504e+02,1.000000000000e+00,1.706100055489
794,15950,5841064453.125000,4.481140616365e+01,-2.240570308183e+02,6.536833976446e+00,-2.348775808907e+02,4.456651631114e+01,-2.401625568456e+02,1.000000000000e+00,1.684386465444
795,15951,5841430664.062500,4.481140616365e+01,-4.481140616365e+01,3.732528963124e+01,-5.341126071624e+01,5.127821343136e+01,-5.895043236786e+01,1.000000000000e+00,1.662666665716
796,15952,5841796875.000000,2.240570308183e+02,2.240570308183e+02,2.681187994292e+02,1.850292116488e+02,2.445943796160e+02,2.044647784331e+02,1.000000000000e+00,1.640940482397
797,15953,5842163085.937500,1.344342184910e+02,3.136798431456e+02,1.954240210885e+02,2.913181494211e+02,1.592004675163e+02,2.988526816498e+02,1.000000000000e+00,1.619207741596
798,15954,5842529296.875000,2.240570308183e+02,1.344342184910e+02,2.521050221749e+02,9.241132355251e+01,2.412126824948e+02,1.134384069990e+02,1.000000000000e+00,1.597468269437
799,15955,5842895507.812500,-4.481140616365e+01,-3.136798431456e+02,-1.067305433184e+02,-3.075296992951e+02,-5.279114790577e+01,-3.249771536793e+02,1.000000000000e+00,1.575721892063
800,15956,5843261718.750000,4.481140616365e+01,-2.240570308183e+02,6.372651642317e-01,-2.347108216587e+02,4.219087172520e+01,-2.388881314047e+02,1.000000000000e+00,1.553968435638
801,15957,5843627929.687500,4.481140616365e+01,-1.344342184910e+02,1.811327498805e+01,-1.444231965303e+02,4.690898259287e+01,-1.482313341035e+02,1.000000000000e+00,1.532207726349
802,15958,5843994140.625000,-2.240570308183e+02,-1.344342184910e+02,-2.529110966956e+02,-8.978623733042e+01,-2.242314707037e+02,-1.337034201492e+02,1.000000000000e+00,1.510439590410
803,15959,5844360351.562500,3.136798431456e+02,-1.344342184910e+02,2.878597123287e+02,-2.000080775081e+02,3.180608223812e+02,-1.624056719386e+02,1.000000000000e+00,1.488663854062
804,15960,5844726562.500000,4.481140616365e+01,-2.240570308183e+02,-1.881081396868e+00,-2.346790667144e+02,4.182183852240e+01,-2.379410738260e+02,1.000000000000e+00,1.466880343580
805,15961,5845092773.437500,-4.481140616365e+01,4.481140616365e+01,-3.552358224620e+01,5.455037761993e+01,-3.341975842926e+01,3.851633460649e+01,1.000000000000e+00,1.445088885273
806,15962,5845458984.375000,-2.240570308183e+02,2.240570308183e+02,-1.771846460418e+02,2.732015925938e+02,-2.039738668350e+02,2.298702140450e+02,1.000000000000e+00,1.423289305485
807,15963,5845825195.312500,2.240570308183e+02,-4.481140616365e+01,2.155104264056e+02,-9.349024221233e+01,2.330105072289e+02,-6.673489748458e+01,1.000000000000e+00,1.401481430607
808,15964,5846191406.250000,1.344342184910e+02,4.481140616365e+01,1.448577237921e+02,1.565141946545e+01,1.477809647178e+02,2.904834690004e+01,1.000000000000e+00,1.379665087068
809,15965,5846557617.187500,-3.136798431456e+02,2.240570308183e+02,-2.654035720214e+02,2.942468806453e+02,-2.938844694781e+02,2.362812584780e+02,1.000000000000e+00,1.357840101350
810,15966,5846923828.125000,1.344342184910e+02,4.481140616365e+01,1.448680359059e+02,1.491428450687e+01,1.479204344698e+02,2.932770803223e+01,1.000000000000e+00,1.336006299987
811,15967,5847290039.062500,-4.481140616365e+01,2.240570308183e+02,5.964623828605e+00,2.346895639444e+02,-2.177112739891e+01,2.210572442249e+02,1.000000000000e+00,1.314163509567
812,15968,5847656250.000000,4.481140616365e+01,2.240570308183e+02,9.658821423177e+01,2.139051175440e+02,6.915602955617e+01,2.156322514558e+02,1.000000000000e+00,1.292311556741
813,15969,5848022460.937500,3.136798431456e+02,-4.481140616365e+01,3.030779506279e+02,-1.184255102132e+02,3.229443111595e+02,-7.290173915219e+01,1.000000000000e+00,1.270450268224
814,15970,5848388671.875000,-4.481140616365e+01,-3.136798431456e+02,-1.192537597927e+02,-3.028360605745e+02,-5.626064713743e+01,-3.200296489519e+02,1.000000000000e+00,1.248579470801
815,15971,5848754882.812500,3.136798431456e+02,-3.136798431456e+02,2.380344065900e+02,-3.886685098904e+02,3.048195711545e+02,-3.440695853530e+02,1.000000000000e+00,1.226698991332
816,15972,5849121093.750000,4.481140616365e+01,1.344342184910e+02,7.736923929539e+01,1.233573647503e+02,6.430449217595e+01,1.260908650984e+02,1.000000000000e+00,1.204808656755
817,15973,5849487304.687500,-2.240570308183e+02,1.344342184910e+02,-1.906540115315e+02,1.890545179432e+02,-2.066247763032e+02,1.449633024016e+02,1.000000000000e+00,1.182908294096
818,15974,5849853515.625000,2.240570308183e+02,-4.481140616365e+01,2.123800907191e+02,-1.001146278849e+02,2.326474438060e+02,-6.673977137409e+01,1.000000000000e+00,1.160997730468
819,15975,5850219726.562500,4.481140616365e+01,-4.481140616365e+01,3.348056723756e+01,-5.586405598155e+01,5.193618871410e+01,-5.395951892546e+01,1.000000000000e+00,1.139076793084
820,15976,5850585937.500000,3.136798431456e+02,3.136798431456e+02,3.916925879817e+02,2.334785697809e+02,3.487164537786e+02,2.884194573844e+02,1.000000000000e+00,1.117145309255
821,15977,5850952148.437500,-3.136798431456e+02,-1.344342184910e+02,-3.466937912091e+02,-5.404107577304e+01,-3.161468763182e+02,-1.179253305791e+02,1.000000000000e+00,1.095203106403
822,15978,5851318359.375000,-1.344342184910e+02,4.481140616365e+01,-1.223059483428e+02,7.918928117476e+01,-1.223459523726e+02,5.020742939103e+01,1.000000000000e+00,1.073250012063
823,15979,5851684570.312500,1.344342184910e+02,-4.481140616365e+01,1.221034153686e+02,-7.951142097280e+01,1.421257485141e+02,-5.985516831227e+01,1.000000000000e+00,1.051285853894
824,15980,5852050781.250000,2.240570308183e+02,-2.240570308183e+02,1.639521418274e+02,-2.815895239849e+02,2.188400180408e+02,-2.473139952204e+02,1.000000000000e+00,1.029310459680
825,15981,5852416992.187500,-1.344342184910e+02,-4.481140616365e+01,-1.455013993694e+02,-8.806683704279e+00,-1.292008487954e+02,-3.894808424480e+01,1.000000000000e+00,1.007323657341
826,15982,5852783203.125000,-1.344342184910e+02,4.481140616365e+01,-1.214701117686e+02,8.066504324443e+01,-1.222450639410e+02,5.190767967334e+01,1.000000000000e+00,0.985325274942
827,15983,5853149414.062500,-1.344342184910e+02,2.240570308183e+02,-7.240442578203e+01,2.589023662406e+02,-1.076732606413e+02,2.331326078522e+02,1.000000000000e+00,0.963315140697
828,15984,5853515625.000000,-3.136798431456e+02,-2.240570308183e+02,-3.724062398129e+02,-1.355516037335e+02,-3.248647954803e+02,-2.032774119674e+02,1.000000000000e+00,0.941293082976
829,15985,5853881835.937500,-1.344342184910e+02,-4.481140616365e+01,-1.454134133551e+02,-6.860230587453e+00,-1.294325054836e+02,-3.698864845488e+01,1.000000000000e+00,0.919258930319
830,15986,5854248046.875000,1.344342184910e+02,-3.136798431456e+02,4.468330608331e+01,-3.478085218665e+02,1.180945112670e+02,-3.303777472683e+02,1.000000000000e+00,0.897212511439
831,15987,5854614257.812500,-4.481140616365e+01,4.481140616365e+01,-3.159447073886e+01,5.698966676056e+01,-3.169581734628e+01,4.618546183052e+01,1.000000000000e+00,0.875153655234
832,15988,5854980468.750000,-4.481140616365e+01,-1.344342184910e+02,-8.268976015884e+01,-1.200894560926e+02,-4.736473405073e+01,-1.342360775394e+02,1.000000000000e+00,0.853082190792
833,15989,5855346679.687500,1.344342184910e+02,-1.344342184910e+02,9.425640223848e+01,-1.713030148353e+02,1.332438162177e+02,-1.495246568811e+02,1.000000000000e+00,0.830997947407
834,15990,5855712890.625000,-3.136798431456e+02,-2.240570308183e+02,-3.739567085943e+02,-1.309421372732e+02,-3.258581622360e+02,-2.007894569908e+02,1.000000000000e+00,0.808900754582
835,15991,5856079101.562500,3.136798431456e+02,2.240570308183e+02,3.739640223025e+02,1.303692503947e+02,3.443572893846e+02,1.964854153348e+02,1.000000000000e+00,0.786790442042
836,15992,5856445312.500000,-4.481140616365e+01,-3.136798431456e+02,-1.354570279245e+02,-2.959793174510e+02,-6.326826166836e+01,-3.135972869798e+02,1.000000000000e+00,0.764666839743
837,15993,5856811523.437500,-1.344342184910e+02,-4.481140616365e+01,-1.454785995679e+02,-4.649286227794e+00,-1.301037199659e+02,-3.483828644906e+01,1.000000000000e+00,0.742529777886
838,15994,5857177734.375000,-3.136798431456e+02,3.136798431456e+02,-2.159754622606e+02,4.012080982414e+02,-2.787224269683e+02,3.420078759561e+02,1.000000000000e+00,0.720379086922
839,15995,5857543945.312500,-1.344342184910e+02,2.240570308183e+02,-6.584555436839e+01,2.602050679725e+02,-1.065249877247e+02,2.360807970418e+02,1.000000000000e+00,0.698214597569
840,15996,5857910156.250000,-2.240570308183e+02,3.136798431456e+02,-1.270815254356e+02,3.750692673379e+02,-1.890174130812e+02,3.343273365153e+02,1.000000000000e+00,0.676036140818
841,15997,5858276367.187500,3.136798431456e+02,4.481140616365e+01,3.215491547982e+02,-5.035395009263e+01,3.283564527738e+02,1.579961738468e+01,1.000000000000e+00,0.653843547952
842,15998,5858642578.125000,-4.481140616365e+01,3.136798431456e+02,5.179826143562e+01,3.212385057084e+02,-7.054414139755e+00,3.188378417637e+02,1.000000000000e+00,0.631636650548
843,15999,5859008789.062500,4.481140616365e+01,-3.136798431456e+02,-5.320348583866e+01,-3.209311744827e+02,2.321643947242e+01,-3.201543369764e+02,1.000000000000e+00,0.609415280500
844,16000,5859375000.000000,2.240570308183e+02,-3.136798431456e+02,1.224335116726e+02,-3.764336845905e+02,2.038424181009e+02,-3.370810945458e+02,1.000000000000e+00,0.587179270027
845,16001,5859741210.937500,-1.344342184910e+02,1.344342184910e+02,-9.017025475257e+01,1.732054411560e+02,-1.143407926787e+02,1.474751568380e+02,1.000000000000e+00,0.564928451682
846,16002,5860107421.875000,-1.344342184910e+02,-2.240570308183e+02,-2.009939952522e+02,-1.779122273955e+02,-1.477940203236e+02,-2.130796993855e+02,1.000000000000e+00,0.542662658375
847,16003,5860473632.812500,4.481140616365e+01,-3.136798431456e+02,-5.387511171261e+01,-3.210577252695e+02,2.375580906857e+01,-3.197392178898e+02,1.000000000000e+00,0.520381723380
848,16004,5860839843.750000,-1.344342184910e+02,3.136798431456e+02,-3.305536922325e+01,3.491005124119e+02,-9.755742964508e+01,3.284402073301e+02,1.000000000000e+00,0.498085480349
849,16005,5861206054.687500,4.481140616365e+01,3.136798431456e+02,1.430090706204e+02,2.925092490814e+02,8.298915926013e+01,3.115094727658e+02,1.000000000000e+00,0.475773763333
850,16006,5861572265.625000,-4.481140616365e+01,-1.344342184910e+02,-8.660138378568e+01,-1.170592131192e+02,-5.043653955038e+01,-1.304555735048e+02,1.000000000000e+00,0.453446406790
851,16007,5861938476.562500,-1.344342184910e+02,-4.481140616365e+01,-1.456100589911e+02,-6.106145951953e-01,-1.320407888633e+02,-3.132331295548e+01,1.000000000000e+00,0.431103245603
852,16008,5862304687.500000,-1.344342184910e+02,-4.481140616365e+01,-1.455347758082e+02,-3.245696802700e-01,-1.321235839050e+02,-3.107837877982e+01,1.000000000000e+00,0.408744115098
853,16009,5862670898.437500,-1.344342184910e+02,-4.481140616365e+01,-1.454435189769e+02,-5.050351617328e-02,-1.321911612570e+02,-3.084428632374e+01,1.000000000000e+00,0.386368851056
854,16010,5863037109.375000,2.240570308183e+02,4.481140616365e+01,2.325455823312e+02,-2.941649055907e+01,2.365646986404e+02,2.335742405384e+01,1.000000000000e+00,0.363977289735
855,16011,5863403320.312500,-1.344342184910e+02,2.240570308183e+02,-5.745304327593e+01,2.619414548742e+02,-1.054389012403e+02,2.394870249826e+02,1.000000000000e+00,0.341569267881
856,16012,5863769531.250000,3.136798431456e+02,-4.481140616365e+01,2.904137303144e+02,-1.466730781350e+02,3.175184473436e+02,-7.557478604040e+01,1.000000000000e+00,0.319144622749
857,16013,5864135742.187500,-3.136798431456e+02,1.344342184910e+02,-2.607401290777e+02,2.342377529818e+02,-2.948891684064e+02,1.679176758548e+02,1.000000000000e+00,0.296703192121
858,16014,5864501953.125000,-3.136798431456e+02,-4.481140616365e+01,-3.197775512998e+02,6.026542238497e+01,-3.130995602329e+02,-1.209091112527e+01,1.000000000000e+00,0.274244814322
859,16015,5864868164.062500,4.481140616365e+01,-4.481140616365e+01,2.866077970095e+01,-5.842452938246e+01,4.696807261542e+01,-4.823506866266e+01,1.000000000000e+00,0.251769328241
860,16016,5865234375.000000,2.240570308183e+02,2.240570308183e+02,2.924530388029e+02,1.429540869008e+02,2.542996608267e+02,2.038414454376e+02,1.000000000000e+00,0.229276573349
861,16017,5865600585.937500,-4.481140616365e+01,-2.240570308183e+02,-1.186922598741e+02,-2.027181047247e+02,-6.176950537170e+01,-2.193104841453e+02,1.000000000000e+00,0.206766389718
862,16018,5865966796.875000,-3.136798431456e+02,-4.481140616365e+01,-3.200120802822e+02,6.219352818013e+01,-3.142626376219e+02,-1.131584367331e+01,1.000000000000e+00,0.184238618041
863,16019,5866333007.812500,3.136798431456e+02,3.136798431456e+02,4.107574431351e+02,1.980974375676e+02,3.539410827119e+02,2.844049549240e+02,1.000000000000e+00,0.161693099655
864,16020,5866699218.750000,-4.481140616365e+01,-2.240570308183e+02,-1.197776445474e+02,-2.017954901939e+02,-6.279052261388e+01,-2.186930506239e+02,1.000000000000e+00,0.139129676557
865,16021,5867065429.687500,-1.344342184910e+02,3.136798431456e+02,-2.264856440128e+01,3.495195439850e+02,-9.603151778550e+01,3.307786495550e+02,1.000000000000e+00,0.116548191429
866,16022,5867431640.625000,-2.240570308183e+02,-3.136798431456e+02,-3.244731473000e+02,-2.267773023416e+02,-2.526366274547e+02,-2.896485831934e+02,1.000000000000e+00,0.093948487660
867,16023,5867797851.562500,-3.136798431456e+02,-3.136798431456e+02,-4.115492267068e+02,-1.960038688030e+02,-3.428489474480e+02,-2.805100471426e+02,1.000000000000e+00,0.071330409365
868,16024,5868164062.500000,4.481140616365e+01,4.481140616365e+01,5.883372199061e+01,2.796895114163e+01,5.496934859615e+01,4.217038474027e+01,1.000000000000e+00,0.048693801410
869,16025,5868530273.437500,-4.481140616365e+01,1.344342184910e+02,3.059843782639e+00,1.456400827124e+02,-2.583765705595e+01,1.417233904915e+02,1.000000000000e+00,0.026038509434
870,16026,5868896484.375000,-3.136798431456e+02,1.344342184910e+02,-2.570002172910e+02,2.388326936285e+02,-2.962654713931e+02,1.701178090822e+02,1.000000000000e+00,0.003364379876
871,16027,5869262695.312500,4.481140616365e+01,2.240570308183e+02,1.211110937163e+02,2.012058073390e+02,7.340705948183e+01,2.224082581065e+02,1.000000000000e+00,-0.019328740009
872,16028,5869628906.250000,-4.481140616365e+01,-2.240570308183e+02,-1.211349077853e+02,-2.010938200399e+02,-6.380820797953e+01,-2.185547114045e+02,1.000000000000e+00,-0.042041002116
873,16029,5869995117.187500,3.136798431456e+02,-1.344342184910e+02,2.564630644171e+02,-2.389185752150e+02,3.056534706582e+02,-1.657919030189e+02,1.000000000000e+00,-0.064772557472
874,16030,5870361328.125000,-3.136798431456e+02,-4.481140616365e+01,-3.183996180430e+02,6.644104906883e+01,-3.152318675421e+02,-9.861523894931e+00,1.000000000000e+00,-0.087523556206
875,16031,5870727539.062500,3.136798431456e+02,3.136798431456e+02,4.126777006982e+02,1.918862608201e+02,3.526573697143e+02,2.828502633530e+02,1.000000000000e+00,-0.110294147526
876,16032,5871093750.000000,2.240570308183e+02,-3.136798431456e+02,1.047327850285e+02,-3.812058662551e+02,1.946688783122e+02,-3.369343668403e+02,1.000000000000e+00,-0.133084479694
877,16033,5871459960.937500,-2.240570308183e+02,4.481140616365e+01,-1.998395770832e+02,1.224717115195e+02,-2.158365046613e+02,7.113884531869e+01,1.000000000000e+00,-0.155894699992
878,16034,5871826171.875000,2.240570308183e+02,-4.481140616365e+01,1.998463292435e+02,-1.225568823771e+02,2.238036674743e+02,-6.723022611891e+01,1.000000000000e+00,-0.178724954704
879,16035,5872192382.812500,-4.481140616365e+01,3.136798431456e+02,6.807407172718e+01,3.179871716180e+02,-7.520322381351e+00,3.214811674063e+02,1.000000000000e+00,-0.201575389082
880,16036,5872558593.750000,1.344342184910e+02,-4.481140616365e+01,1.136301128870e+02,-9.084517860915e+01,1.338172736515e+02,-5.744799442949e+01,1.000000000000e+00,-0.224446147317
881,16037,5872924804.687500,4.481140616365e+01,2.240570308183e+02,1.226452069842e+02,2.000609217560e+02,7.225918826637e+01,2.221356453391e+02,1.000000000000e+00,-0.247337372515
882,16038,5873291015.625000,-2.240570308183e+02,2.240570308183e+02,-1.360215305198e+02,2.955776251418e+02,-1.976342393462e+02,2.507458427223e+02,1.000000000000e+00,-0.270249206665
883,16039,5873657226.562500,3.136798431456e+02,4.481140616365e+01,3.178564057376e+02,-6.914015629702e+01,3.229729528509e+02,1.282412516236e+01,1.000000000000e+00,-0.293181790609
884,16040,5874023437.500000,-1.344342184910e+02,4.481140616365e+01,-1.131190338285e+02,9.141270607211e+01,-1.268022454429e+02,6.143452820767e+01,1.000000000000e+00,-0.316135264010
885,16041,5874389648.437500,4.481140616365e+01,-4.481140616365e+01,2.697759413961e+01,-5.917983760025e+01,4.315387067337e+01,-4.811120405566e+01,1.000000000000e+00,-0.339109765325
886,16042,5874755859.375000,-3.136798431456e+02,1.344342184910e+02,-2.532921029108e+02,2.418736619498e+02,-2.972811333341e+02,1.704127670115e+02,1.000000000000e+00,-0.362105431772
887,16043,5875122070.312500,1.344342184910e+02,-4.481140616365e+01,1.131289312095e+02,-9.137770204405e+01,1.329207173826e+02,-5.780170584050e+01,1.000000000000e+00,-0.385122399297
888,16044,5875488281.250000,3.136798431456e+02,2.240570308183e+02,3.821880752815e+02,1.022392311921e+02,3.417715853528e+02,1.924254554190e+02,1.000000000000e+00,-0.408160802543
889,16045,5875854492.187500,-4.481140616365e+01,3.136798431456e+02,7.038287798824e+01,3.175221810879e+02,-8.109285527380e+00,3.211672671507e+02,1.000000000000e+00,-0.431220774817
890,16046,5876220703.125000,-1.344342184910e+02,-2.240570308183e+02,-2.101168510360e+02,-1.666998029854e+02,-1.566165210865e+02,-2.088340116477e+02,1.000000000000e+00,-0.454302448057
891,16047,5876586914.062500,-4.481140616365e+01,-4.481140616365e+01,-5.921391747085e+01,-2.694500602462e+01,-4.729189650246e+01,-3.879858571668e+01,1.000000000000e+00,-0.477405952796
892,16048,5876953125.000000,4.481140616365e+01,1.344342184910e+02,9.133886867794e+01,1.132351977046e+02,6.145697749936e+01,1.316437591956e+02,1.000000000000e+00,-0.500531418131
893,16049,5877319335.937500,-3.136798431456e+02,-3.136798431456e+02,-4.143808445959e+02,-1.886840242148e+02,-3.456587458423e+02,-2.805033868222e+02,1.000000000000e+00,-0.523678971688
894,16050,5877685546.875000,-2.240570308183e+02,-2.240570308183e+02,-2.960927873159e+02,-1.343049479059e+02,-2.464715216100e+02,-1.997282808915e+02,1.000000000000e+00,-0.546848739584
895,16051,5878051757.812500,-1.344342184910e+02,3.136798431456e+02,-1.548514075470e+01,3.497530933222e+02,-9.907205911728e+01,3.302086205181e+02,1.000000000000e+00,-0.570040846392
896,16052,5878417968.750000,4.481140616365e+01,-4.481140616365e+01,2.686416661088e+01,-5.921727361135e+01,4.228116922988e+01,-4.863439446287e+01,1.000000000000e+00,-0.593255415108
897,16053,5878784179.687500,4.481140616365e+01,2.240570308183e+02,1.237252594159e+02,1.992129828965e+02,7.036498025919e+01,2.212345732083e+02,1.000000000000e+00,-0.616492567111
898,16054,5879150390.625000,1.344342184910e+02,-2.240570308183e+02,4.865675927952e+01,-2.637377676625e+02,1.136378316000e+02,-2.379755316632e+02,1.000000000000e+00,-0.639752422125
899,16055,5879516601.562500,3.136798431456e+02,1.344342184910e+02,3.498516425256e+02,1.618567358266e+01,3.307248036474e+02,1.031007143431e+02,1.000000000000e+00,-0.663035098187
900,16056,5879882812.500000,2.240570308183e+02,3.136798431456e+02,3.283989784573e+02,2.204563280290e+02,2.594734324309e+02,2.921150120778e+02,1.000000000000e+00,-0.686340711602
901,16057,5880249023.437500,-3.136798431456e+02,3.136798431456e+02,-1.875917107530e+02,4.147542691996e+02,-2.798730351143e+02,3.486257837180e+02,1.000000000000e+00,-0.709669376908
902,16058,5880615234.375000,3.136798431456e+02,-4.481140616365e+01,2.847440698550e+02,-1.570839455425e+02,3.116723950478e+02,-7.799964146414e+01,1.000000000000e+00,-0.733021206839
903,16059,5880981445.312500,1.344342184910e+02,-2.240570308183e+02,4.712146817971e+01,-2.640377881782e+02,1.122096132453e+02,-2.389517389470e+02,1.000000000000e+00,-0.756396312281
904,16060,5881347656.250000,-1.344342184910e+02,-2.240570308183e+02,-2.105927647787e+02,-1.660413365973e+02,-1.573767112569e+02,-2.100005067479e+02,1.000000000000e+00,-0.779794802236
905,16061,5881713867.187500,-3.136798431456e+02,-1.344342184910e+02,-3.498873037642e+02,-1.519783286813e+01,-3.274914454443e+02,-1.013272990050e+02,1.000000000000e+00,-0.803216783777
906,16062,5882080078.125000,-4.481140616365e+01,-4.481140616365e+01,-5.924486138489e+01,-2.680056139029e+01,-4.815371109823e+01,-4.003147316070e+01,1.000000000000e+00,-0.826662362015
907,16063,5882446289.062500,1.344342184910e+02,-4.481140616365e+01,1.128050886759e+02,-9.170695336253e+01,1.316599302128e+02,-5.897045671526e+01,1.000000000000e+00,-0.850131640049
908,16064,5882812500.000000,-4.481140616365e+01,3.136798431456e+02,7.068525927000e+01,3.172530749840e+02,-1.041103262977e+01,3.194499937580e+02,1.000000000000e+00,-0.873624718933
909,16065,5883178710.937500,-4.481140616365e+01,-3.136798431456e+02,-1.564574427481e+02,-2.849187833028e+02,-7.633530559392e+01,-3.100876288071e+02,1.000000000000e+00,-0.897141697625
910,16066,5883544921.875000,3.136798431456e+02,-3.136798431456e+02,1.885678878775e+02,-4.142941331542e+02,2.840990225276e+02,-3.472120482723e+02,1.000000000000e+00,-0.920682672953
911,16067,5883911132.812500,1.344342184910e+02,2.240570308183e+02,2.095197569389e+02,1.674035450587e+02,1.589707658346e+02,2.112366194190e+02,1.000000000000e+00,-0.944247739568
912,16068,5884277343.750000,-1.344342184910e+02,3.136798431456e+02,-1.734092514399e+01,3.498407889423e+02,-1.023030689586e+02,3.281262743712e+02,1.000000000000e+00,-0.967836989901
913,16069,5884643554.687500,1.344342184910e+02,-1.344342184910e+02,8.143658090610e+01,-1.773044245036e+02,1.230366429850e+02,-1.488077643413e+02,1.000000000000e+00,-0.991450514122
914,16070,5885009765.625000,3.136798431456e+02,1.344342184910e+02,3.497549054525e+02,1.770200777283e+01,3.296984959067e+02,1.034220810283e+02,1.000000000000e+00,-1.015088400092
915,16071,5885375976.562500,3.136798431456e+02,4.481140616365e+01,3.177601064807e+02,-6.858359337384e+01,3.207566453341e+02,1.322867689764e+01,1.000000000000e+00,-1.038750733324
916,16072,5885742187.500000,4.481140616365e+01,1.344342184910e+02,9.098051044657e+01,1.133466991520e+02,5.974969643220e+01,1.297437131022e+02,1.000000000000e+00,-1.062437596936
917,16073,5886108398.437500,1.344342184910e+02,-4.481140616365e+01,1.133255603561e+02,-9.099993099391e+01,1.318466763330e+02,-5.922873480611e+01,1.000000000000e+00,-1.086149071603
918,16074,5886474609.375000,-3.136798431456e+02,1.344342184910e+02,-2.538263447063e+02,2.412558244031e+02,-3.000237905428e+02,1.655742208571e+02,1.000000000000e+00,-1.109885235520
919,16075,5886840820.312500,-2.240570308183e+02,1.344342184910e+02,-1.676147084548e+02,2.094290255906e+02,-2.100342572589e+02,1.566612214937e+02,1.000000000000e+00,-1.133646164351
920,16076,5887207031.250000,-3.136798431456e+02,-2.240570308183e+02,-3.819377767017e+02,-1.038844005210e+02,-3.362362432942e+02,-1.946676766887e+02,1.000000000000e+00,-1.157431931181
921,16077,5887573242.187500,-1.344342184910e+02,3.136798431456e+02,-1.813190521279e+01,3.499432054184e+02,-1.024433610079e+02,3.273305826458e+02,1.000000000000e+00,-1.181242606479
922,16078,5887939453.125000,1.344342184910e+02,-3.136798431456e+02,1.867627171971e+01,-3.499071549929e+02,1.058480383423e+02,-3.297044119571e+02,1.000000000000e+00,-1.205078258045
923,16079,5888305664.062500,-4.481140616365e+01,-3.136798431456e+02,-1.536622698462e+02,-2.867832631774e+02,-7.385913142254e+01,-3.123277265735e+02,1.000000000000e+00,-1.228938950965
924,16080,5888671875.000000,-2.240570308183e+02,3.136798431456e+02,-1.062843539704e+02,3.812979911498e+02,-1.936596934767e+02,3.352524918834e+02,1.000000000000e+00,-1.252824747565
925,16081,5889038085.937500,3.136798431456e+02,-3.136798431456e+02,1.933250515328e+02,-4.124504139084e+02,2.872837622203e+02,-3.466114089646e+02,1.000000000000e+00,-1.276735707368
926,16082,5889404296.875000,-1.344342184910e+02,-4.481140616365e+01,-1.453535363874e+02,3.816583388229e+00,-1.376561816939e+02,-3.378771220556e+01,1.000000000000e+00,-1.300671887040
927,16083,5889770507.812500,-1.344342184910e+02,1.344342184910e+02,-8.241099982889e+01,1.766636403416e+02,-1.201268480635e+02,1.462274807680e+02,1.000000000000e+00,-1.324633340351
928,16084,5890136718.750000,3.136798431456e+02,4.481140616365e+01,3.178517026363e+02,-6.669076722377e+01,3.208257082841e+02,1.254947644350e+01,1.000000000000e+00,-1.348620118122
929,16085,5890502929.687500,-4.481140616365e+01,3.136798431456e+02,6.603562986537e+01,3.180387119678e+02,-1.307364541849e+01,3.171390025074e+02,1.000000000000e+00,-1.372632268183
930,16086,5890869140.625000,1.344342184910e+02,-4.481140616365e+01,1.142137361763e+02,-8.979686562504e+01,1.326200624994e+02,-5.966839973271e+01,1.000000000000e+00,-1.396669835320
931,16087,5891235351.562500,4.481140616365e+01,-3.136798431456e+02,-6.496887722653e+01,-3.183160189457e+02,1.762342616775e+01,-3.211893446987e+02,1.000000000000e+00,-1.420732861236
932,16088,5891601562.500000,-3.136798431456e+02,-1.344342184910e+02,-3.492042787942e+02,-2.185797972793e+01,-3.253908543432e+02,-1.079007574394e+02,1.000000000000e+00,-1.444821384494
933,16089,5891967773.437500,2.240570308183e+02,3.136798431456e+02,3.241405844677e+02,2.260759681981e+02,2.561709959294e+02,2.918103806522e+02,1.000000000000e+00,-1.468935440480
934,16090,5892333984.375000,2.240570308183e+02,-3.136798431456e+02,1.089597998031e+02,-3.797494582666e+02,1.979191166363e+02,-3.379207113301e+02,1.000000000000e+00,-1.493075061348
935,16091,5892700195.312500,-1.344342184910e+02,2.240570308183e+02,-5.325535438158e+01,2.623541456535e+02,-1.118294242565e+02,2.348390668498e+02,1.000000000000e+00,-1.517240275979
936,16092,5893066406.250000,-1.344342184910e+02,-1.344342184910e+02,-1.756767255838e+02,-8.403939993294e+01,-1.449274337571e+02,-1.248946454411e+02,1.000000000000e+00,-1.541431109927
937,16093,5893432617.187500,-1.344342184910e+02,1.344342184910e+02,-8.445019262703e+01,1.755546225983e+02,-1.202503579571e+02,1.445909204153e+02,1.000000000000e+00,-1.565647585380
938,16094,5893798828.125000,1.344342184910e+02,4.481140616365e+01,1.452413125445e+02,-1.903286801671e+00,1.415004389541e+02,3.033897209173e+01,1.000000000000e+00,-1.589889721110
939,16095,5894165039.062500,-1.344342184910e+02,-3.136798431456e+02,-2.355130183473e+02,-2.587921382223e+02,-1.602966917919e+02,-3.057664251377e+02,1.000000000000e+00,-1.614157532425
940,16096,5894531250.000000,2.240570308183e+02,3.136798431456e+02,3.222958576089e+02,2.289121951399e+02,2.557523131888e+02,2.923646308311e+02,1.000000000000e+00,-1.638451031124
941,16097,5894897460.937500,1.344342184910e+02,-2.240570308183e+02,5.532479020423e+01,-2.622376102549e+02,1.177971892513e+02,-2.399372350098e+02,1.000000000000e+00,-1.662770225453
942,16098,5895263671.875000,-4.481140616365e+01,2.240570308183e+02,3.095089917696e+01,2.322765869449e+02,-2.246643704926e+01,2.261793922704e+02,1.000000000000e+00,-1.687115120055
943,16099,5895629882.812500,-1.344342184910e+02,4.481140616365e+01,-1.158188654642e+02,8.770771809993e+01,-1.282349170800e+02,5.354591353564e+01,1.000000000000e+00,-1.711485715929
944,16100,5895996093.750000,3.136798431456e+02,-4.481140616365e+01,2.903040740074e+02,-1.455788584335e+02,3.145081839263e+02,-7.381851956548e+01,1.000000000000e+00,-1.735882010382
945,16101,5896362304.687500,1.344342184910e+02,2.240570308183e+02,2.032424679695e+02,1.743058197221e+02,1.565727020619e+02,2.110273516471e+02,1.000000000000e+00,-1.760303996986
946,16102,5896728515.625000,2.240570308183e+02,-4.481140616365e+01,2.034477248396e+02,-1.157949296303e+02,2.246792207906e+02,-6.625924193717e+01,1.000000000000e+00,-1.784751665531
947,16103,5897094726.562500,3.136798431456e+02,-4.481140616365e+01,2.907514530161e+02,-1.443820677680e+02,3.147940932322e+02,-7.356040996112e+01,1.000000000000e+00,-1.809225001986
948,16104,5897460937.500000,-1.344342184910e+02,-2.240570308183e+02,-2.029081151612e+02,-1.748419691097e+02,-1.499582703706e+02,-2.171448596681e+02,1.000000000000e+00,-1.833723988449
949,16105,5897827148.437500,-2.240570308183e+02,4.481140616365e+01,-2.037669222756e+02,1.157682553873e+02,-2.177852056936e+02,6.061123637313e+01,1.000000000000e+00,-1.858248603111
950,16106,5898193359.375000,2.240570308183e+02,-1.344342184910e+02,1.751626438263e+02,-2.028809882119e+02,2.178129600098e+02,-1.570319377352e+02,1.000000000000e+00,-1.882798820206
951,16107,5898559570.312500,4.481140616365e+01,-1.344342184910e+02,8.400359221554e-01,-1.453244972124e+02,3.789448402295e+01,-1.420193761700e+02,1.000000000000e+00,-1.907374609978
952,16108,5898925781.250000,-4.481140616365e+01,-2.240570308183e+02,-1.146067070222e+02,-2.043290476092e+02,-5.917749088378e+01,-2.247636712619e+02,1.000000000000e+00,-1.931975938631
953,16109,5899291992.187500,1.344342184910e+02,-3.136798431456e+02,3.304366401984e+01,-3.481854162567e+02,1.145431827611e+02,-3.289886143694e+02,1.000000000000e+00,-1.956602768296
954,16110,5899658203.125000,2.240570308183e+02,1.344342184910e+02,2.603544537048e+02,6.205354081749e+01,2.395548448377e+02,1.147441954395e+02,1.000000000000e+00,-1.981255056985
955,16111,5900024414.062500,-2.240570308183e+02,4.481140616365e+01,-2.052944414049e+02,1.121844520590e+02,-2.172761084964e+02,5.816027452975e+01,1.000000000000e+00,-2.005932758555
956,16112,5900390625.000000,3.136798431456e+02,-2.240570308183e+02,2.389581756590e+02,-3.143411528850e+02,3.034817303721e+02,-2.510937290846e+02,1.000000000000e+00,-2.030635822671
957,16113,5900756835.937500,1.344342184910e+02,3.136798431456e+02,2.261776251981e+02,2.667446902768e+02,1.622346069471e+02,3.024175384419e+02,1.000000000000e+00,-2.055364194764
958,16114,5901123046.875000,-3.136798431456e+02,4.481140616365e+01,-2.941062274856e+02,1.378001127073e+02,-3.074173580558e+02,6.391104583702e+01,1.000000000000e+00,-2.080117816000
959,16115,5901489257.812500,2.240570308183e+02,2.240570308183e+02,2.863361458862e+02,1.531629027614e+02,2.458398300224e+02,2.063474015383e+02,1.000000000000e+00,-2.104896623237
960,16116,5901855468.750000,4.481140616365e+01,3.136798431456e+02,1.365418745836e+02,2.945564146996e+02,7.176881293730e+01,3.089541031968e+02,1.000000000000e+00,-2.129700548998
961,16117,5902221679.687500,3.136798431456e+02,-1.344342184910e+02,2.685265021419e+02,-2.239647512519e+02,3.113545227615e+02,-1.598406036856e+02,1.000000000000e+00,-2.154529521430
962,16118,5902587890.625000,2.240570308183e+02,2.240570308183e+02,2.854147111316e+02,1.547866133895e+02,2.458307704017e+02,2.068011877938e+02,1.000000000000e+00,-2.179383464277
963,16119,5902954101.562500,1.344342184910e+02,1.344342184910e+02,1.710960070138e+02,9.318819450116e+01,1.497365249904e+02,1.228804954127e+02,1.000000000000e+00,-2.204262296843
964,16120,5903320312.500000,2.240570308183e+02,1.344342184910e+02,2.591196511238e+02,6.781571293752e+01,2.399567745693e+02,1.170945847359e+02,1.000000000000e+00,-2.229165933965
965,16121,5903686523.437500,-4.481140616365e+01,1.344342184910e+02,-5.751225279664e+00,1.451953566223e+02,-3.047445142141e+01,1.350512176810e+02,1.000000000000e+00,-2.254094285980
966,16122,5904052734.375000,2.240570308183e+02,-4.481140616365e+01,2.081582511056e+02,-1.076635984679e+02,2.285133317654e+02,-6.279214188048e+01,1.000000000000e+00,-2.279047258702
967,16123,5904418945.312500,3.136798431456e+02,3.136798431456e+02,3.974520362187e+02,2.209433944354e+02,3.418308539969e+02,2.922265708111e+02,1.000000000000e+00,-2.304024753386
968,16124,5904785156.250000,3.136798431456e+02,3.136798431456e+02,3.968145053936e+02,2.215749153373e+02,3.416613219311e+02,2.922466816577e+02,1.000000000000e+00,-2.329026666711
969,16125,5905151367.187500,-3.136798431456e+02,-1.344342184910e+02,-3.464565620787e+02,-4.570021170306e+01,-3.173902541527e+02,-1.183229107379e+02,1.000000000000e+00,-2.354052890749
970,16126,5905517578.125000,4.481140616365e+01,-4.481140616365e+01,3.193351169982e+01,-5.645568984212e+01,4.873173138864e+01,-5.073180077865e+01,1.000000000000e+00,-2.379103312946
971,16127,5905883789.062500,1.344342184910e+02,-3.136798431456e+02,4.781064571088e+01,-3.458311227421e+02,1.228285122449e+02,-3.259503063173e+02,1.000000000000e+00,-2.404177816096
972,16128,5906250000.000000,1.344342184910e+02,-4.481140616365e+01,1.207791949851e+02,-8.028233908901e+01,1.391740416973e+02,-5.578008094501e+01,1.000000000000e+00,-2.429276278322
973,16129,5906616210.937500,3.136798431456e+02,-3.136798431456e+02,2.269234920065e+02,-3.936774999777e+02,3.041013535581e+02,-3.364431383699e+02,1.000000000000e+00,-2.454398573058
974,16130,5906982421.875000,3.136798431456e+02,-4.481140616365e+01,2.989506190836e+02,-1.270998576554e+02,3.201712554714e+02,-6.581439537253e+01,1.000000000000e+00,-2.479544569031
975,16131,5907348632.812500,1.344342184910e+02,1.344342184910e+02,1.682416822707e+02,9.824359750505e+01,1.499108272122e+02,1.251210401648e+02,1.000000000000e+00,-2.504714130242
976,16132,5907714843.750000,-3.136798431456e+02,1.344342184910e+02,-2.764678929799e+02,2.138970491298e+02,-3.009286267957e+02,1.495954564458e+02,1.000000000000e+00,-2.529907115958
977,16133,5908081054.687500,-4.481140616365e+01,3.136798431456e+02,3.515468175683e+01,3.225162643152e+02,-2.112602419928e+01,3.152511286203e+02,1.000000000000e+00,-2.555123380689
978,16134,5908447265.625000,-2.240570308183e+02,-4.481140616365e+01,-2.336478862800e+02,1.180877605941e+01,-2.200503685801e+02,-3.588001113902e+01,1.000000000000e+00,-2.580362774188
979,16135,5908813476.562500,4.481140616365e+01,-2.240570308183e+02,-1.120675846071e+01,-2.336762985739e+02,4.134373173837e+01,-2.299098408800e+02,1.000000000000e+00,-2.605625141433
980,16136,5909179687.500000,2.240570308183e+02,1.344342184910e+02,2.558047707867e+02,7.835619999052e+01,2.399239254485e+02,1.216244843144e+02,1.000000000000e+00,-2.630910322623
981,16137,5909545898.437500,-2.240570308183e+02,-4.481140616365e+01,-2.337459509498e+02,1.031659983560e+01,-2.196479636398e+02,-3.586688505176e+01,1.000000000000e+00,-2.656218153172
982,16138,5909912109.375000,3.136798431456e+02,-4.481140616365e+01,3.011348250717e+02,-1.208785290147e+02,3.212866151387e+02,-6.304226717926e+01,1.000000000000e+00,-2.681548463702
983,16139,5910278320.312500,4.481140616365e+01,4.481140616365e+01,5.538062403774e+01,3.384271439065e+01,5.550201871758e+01,4.090434880104e+01,1.000000000000e+00,-2.706901080044
984,16140,5910644531.250000,-2.240570308183e+02,4.481140616365e+01,-2.126337373265e+02,9.774738283803e+01,-2.149229438360e+02,5.401806507948e+01,1.000000000000e+00,-2.732275823237
985,16141,5911010742.187500,4.481140616365e+01,-1.344342184910e+02,1.327986620836e+01,-1.445373151669e+02,4.727231344676e+01,-1.390821754263e+02,1.000000000000e+00,-2.757672509525
986,16142,5911376953.125000,2.240570308183e+02,4.481140616365e+01,2.339816442677e+02,-6.895719936269e+00,2.360889992841e+02,3.334760172362e+01,1.000000000000e+00,-2.783090950367
987,16143,5911743164.062500,3.136798431456e+02,-2.240570308183e+02,2.625056752421e+02,-2.951302045061e+02,3.146251349516e+02,-2.408073206106e+02,1.000000000000e+00,-2.808530952436
988,16144,5912109375.000000,-3.136798431456e+02,-3.136798431456e+02,-3.839708611184e+02,-2.433201364555e+02,-3.204163698091e+02,-3.037629946365e+02,1.000000000000e+00,-2.833992317632
989,16145,5912475585.937500,-2.240570308183e+02,-2.240570308183e+02,-2.737927924322e+02,-1.744297615953e+02,-2.260957570437e+02,-2.173116693190e+02,1.000000000000e+00,-2.859474843087
990,16146,5912841796.875000,3.136798431456e+02,-1.344342184910e+02,2.843858233566e+02,-2.032959556680e+02,3.190984924099e+02,-1.495572333909e+02,1.000000000000e+00,-2.884978321178
991,16147,5913208007.812500,-1.344342184910e+02,-1.344342184910e+02,-1.636474748976e+02,-1.055645989535e+02,-1.316220992785e+02,-1.308418498733e+02,1.000000000000e+00,-2.910502539539
992,16148,5913574218.750000,4.481140616365e+01,2.240570308183e+02,9.244984627457e+01,2.150472852617e+02,6.303637458829e+01,2.229479260673e+02,1.000000000000e+00,-2.936047281080
993,16149,5913940429.687500,4.481140616365e+01,1.344342184910e+02,7.295728645760e+01,1.255231460938e+02,5.942873199536e+01,1.329743111182e+02,1.000000000000e+00,-2.961612324003
994,16150,5914306640.625000,2.240570308183e+02,1.344342184910e+02,2.524888165439e+02,8.878599331188e+01,2.398935070968e+02,1.265645880911e+02,1.000000000000e+00,-2.987197441817
995,16151,5914672851.562500,1.344342184910e+02,4.481140616365e+01,1.440330108474e+02,1.761073337240e+01,1.464599664886e+02,3.976688453341e+01,1.000000000000e+00,-3.012802403370
996,16152,5915039062.500000,-2.240570308183e+02,-1.344342184910e+02,-2.519286462939e+02,-8.988799180993e+01,-2.206082327626e+02,-1.274581971879e+02,1.000000000000e+00,-3.038426972864
997,16153,5915405273.437500,-3.136798431456e+02,-2.240570308183e+02,-3.592228093179e+02,-1.632381590070e+02,-3.134760142719e+02,-2.148160251599e+02,1.000000000000e+00,-3.064070909886
998,16154,5915771484.375000,-1.344342184910e+02,3.136798431456e+02,-7.456664971440e+01,3.412308991095e+02,-1.152631994061e+02,3.198969736598e+02,1.000000000000e+00,-3.089733969436
999,16155,5916137695.312500,-2.240570308183e+02,4.481140616365e+01,-2.168848871779e+02,8.742620529566e+01,-2.141044121392e+02,5.207882009449e+01,1.000000000000e+00,-3.115415901957
1000,16156,5916503906.250000,-3.136798431456e+02,-2.240570308183e+02,-3.571990499571e+02,-1.674799593941e+02,-3.119953809014e+02,-2.160707467437e+02,1.000000000000e+00,-3.141116453368
1001,16157,5916870117.187500,-3.136798431456e+02,3.136798431456e+02,-2.591759368224e+02,3.727663427779e+02,-2.970634315935e+02,3.245148847269e+02,1.000000000000e+00,3.116349942077
1002,16158,5917236328.125000,-1.344342184910e+02,2.240570308183e+02,-9.570513339304e+01,2.497060896339e+02,-1.193455447229e+02,2.295289401959e+02,1.000000000000e+00,3.090612933039
1003,16159,5917602539.062500,-1.344342184910e+02,3.136798431456e+02,-8.085306286082e+01,3.397794195898e+02,-1.172580444099e+02,3.197427018831e+02,1.000000000000e+00,3.064858094124
1004,16160,5917968750.000000,4.481140616365e+01,-1.344342184910e+02,2.218934536369e+01,-1.433146403258e+02,5.216872955775e+01,-1.353335571298e+02,1.000000000000e+00,3.039085697131
1005,16161,5918334960.937500,4.481140616365e+01,-3.136798431456e+02,-7.475936996975e+00,-3.242175300069e+02,4.825073012020e+01,-3.154886183285e+02,1.000000000000e+00,3.013296018177
1006,16162,5918701171.875000,-4.481140616365e+01,-3.136798431456e+02,-9.697789223235e+01,-3.094925598476e+02,-4.158204211676e+01,-3.133316465731e+02,1.000000000000e+00,2.987489337661
1007,16163,5919067382.812500,-3.136798431456e+02,-3.136798431456e+02,-3.677744476164e+02,-2.664237886599e+02,-3.118312636096e+02,-3.076017906218e+02,1.000000000000e+00,2.961665940207
1008,16164,5919433593.750000,2.240570308183e+02,1.344342184910e+02,2.479725560166e+02,1.006732979387e+02,2.388054811662e+02,1.326681792860e+02,1.000000000000e+00,2.935826114614
1009,16165,5919799804.687500,2.240570308183e+02,1.344342184910e+02,2.477239368012e+02,1.016431826235e+02,2.387919192425e+02,1.332294711225e+02,1.000000000000e+00,2.909970153806
1010,16166,5920166015.625000,-2.240570308183e+02,-3.136798431456e+02,-2.746569100758e+02,-2.839641700001e+02,-2.207968295842e+02,-3.099783809565e+02,1.000000000000e+00,2.884098354772
1011,16167,5920532226.562500,2.240570308183e+02,-4.481140616365e+01,2.202972701666e+02,-7.909052573307e+01,2.354743935951e+02,-4.719681888221e+01,1.000000000000e+00,2.858211018510
1012,16168,5920898437.500000,-3.136798431456e+02,-3.136798431456e+02,-3.645137311671e+02,-2.710044074615e+02,-3.114540123809e+02,-3.069554850716e+02,1.000000000000e+00,2.832308449966
1013,16169,5921264648.437500,4.481140616365e+01,3.136798431456e+02,9.078294699887e+01,3.113556404043e+02,6.163852151794e+01,3.174521317028e+02,1.000000000000e+00,2.806390957969
1014,16170,5921630859.375000,-1.344342184910e+02,-3.136798431456e+02,-1.799003782177e+02,-2.992764314162e+02,-1.292975529893e+02,-3.107061868227e+02,1.000000000000e+00,2.780458855172
1015,16171,5921997070.312500,3.136798431456e+02,-2.240570308183e+02,2.881884313084e+02,-2.690880149917e+02,3.235255643230e+02,-2.262210600590e+02,1.000000000000e+00,2.754512457980
1016,16172,5922363281.250000,4.481140616365e+01,-1.344342184910e+02,2.787260986018e+01,-1.422834096594e+02,5.427272748024e+01,-1.326122639194e+02,1.000000000000e+00,2.728552086479
1017,16173,5922729492.187500,3.136798431456e+02,1.344342184910e+02,3.357678262084e+02,9.624099359482e+01,3.281535134955e+02,1.348814016884e+02,1.000000000000e+00,2.702578064370
1018,16174,5923095703.125000,-2.240570308183e+02,2.240570308183e+02,-1.995327564347e+02,2.557179748275e+02,-2.120670867088e+02,2.316893237736e+02,1.000000000000e+00,2.676590718895
1019,16175,5923461914.062500,-3.136798431456e+02,2.240570308183e+02,-2.915628405092e+02,2.656811073086e+02,-3.025204331692e+02,2.323468784063e+02,1.000000000000e+00,2.650590380754
1020,16176,5923828125.000000,1.344342184910e+02,-3.136798431456e+02,9.989675662691e+01,-3.344981976799e+02,1.434630711064e+02,-3.126903627159e+02,1.000000000000e+00,2.624577384038
1021,16177,5924194335.937500,-1.344342184910e+02,-2.240570308183e+02,-1.621385815615e+02,-2.124786205716e+02,-1.260526492799e+02,-2.201852177061e+02,1.000000000000e+00,2.598552066139
1022,16178,5924560546.875000,-4.481140616365e+01,-4.481140616365e+01,-5.055719673671e+01,-4.059839995209e+01,-3.455080466799e+01,-4.039085981496e+01,1.000000000000e+00,2.572514767675
1023,16179,5924926757.812500,-3.136798431456e+02,-3.136798431456e+02,-3.532550076802e+02,-2.851742989976e+02,-3.071616735139e+02,-3.087720113539e+02,1.000000000000e+00,2.546465832406
1024,16180,5925292968.750000,4.481140616365e+01,-2.240570308183e+02,2.226815320347e+01,-2.327788570163e+02,5.464943779149e+01,-2.209907147451e+02,1.000000000000e+00,2.520405607144
1025,16181,5925659179.687500,-3.136798431456e+02,3.136798431456e+02,-2.882574525113e+02,3.506905547185e+02,-3.036522138959e+02,3.217707694703e+02,1.000000000000e+00,2.494334441668
1026,16182,5926025390.625000,1.344342184910e+02,4.481140616365e+01,1.412201355294e+02,3.289489195277e+01,1.461663454540e+02,5.000493898052e+01,1.000000000000e+00,2.468252688635
1027,16183,5926391601.562500,-3.136798431456e+02,3.136798431456e+02,-2.908555882348e+02,3.485151061507e+02,-3.044269269344e+02,3.214184840734e+02,1.000000000000e+00,2.442160703489
1028,16184,5926757812.500000,1.344342184910e+02,2.240570308183e+02,1.569656257625e+02,2.164632340282e+02,1.462592315335e+02,2.308846978563e+02,1.000000000000e+00,2.416058844366
1029,16185,5927124023.437500,4.481140616365e+01,3.136798431456e+02,7.247596927840e+01,3.159940047725e+02,5.585586653733e+01,3.213440177506e+02,1.000000000000e+00,2.389947472002
1030,16186,5927490234.375000,1.344342184910e+02,-4.481140616365e+01,1.334125255705e+02,-5.656374292986e+01,1.459460000790e+02,-3.890158760899e+01,1.000000000000e+00,2.363826949634
1031,16187,5927856445.312500,2.240570308183e+02,-1.344342184910e+02,2.180661769504e+02,-1.541577860832e+02,2.362774466204e+02,-1.282264646672e+02,1.000000000000e+00,2.337697642904
1032,16188,5928222656.250000,-3.136798431456e+02,1.344342184910e+02,-3.101438337917e+02,1.596325407262e+02,-3.053733513122e+02,1.398309364914e+02,1.000000000000e+00,2.311559919759
1033,16189,5928588867.187500,-1.344342184910e+02,-3.136798431456e+02,-1.582691840046e+02,-3.110109575352e+02,-1.223675561281e+02,-3.098342729552e+02,1.000000000000e+00,2.285414150349
1034,16190,5928955078.125000,2.240570308183e+02,-3.136798431456e+02,2.091412905608e+02,-3.343123805837e+02,2.387623551608e+02,-3.067393954796e+02,1.000000000000e+00,2.259260706926
1035,16191,5929321289.062500,-1.344342184910e+02,-2.240570308183e+02,-1.506029444531e+02,-2.208577676125e+02,-1.226256021317e+02,-2.197764890786e+02,1.000000000000e+00,2.233099963740
1036,16192,5929687500.000000,1.344342184910e+02,1.344342184910e+02,1.449020598297e+02,1.297576251260e+02,1.442576582270e+02,1.437278832475e+02,1.000000000000e+00,2.206932296934
1037,16193,5930053710.937500,-2.240570308183e+02,4.481140616365e+01,-2.265456334650e+02,5.769220870724e+01,-2.155848192034e+02,5.004298650859e+01,1.000000000000e+00,2.180758084436
1038,16194,5930419921.875000,-1.344342184910e+02,4.481140616365e+01,-1.351839660873e+02,5.239323204422e+01,-1.255507657273e+02,5.100320187507e+01,1.000000000000e+00,2.154577705854
1039,16195,5930786132.812500,3.136798431456e+02,-3.136798431456e+02,3.064960589591e+02,-3.347445454611e+02,3.298522910571e+02,-3.037191243015e+02,1.000000000000e+00,2.128391542365
1040,16196,5931152343.750000,-4.481140616365e+01,3.136798431456e+02,-3.314446247640e+01,3.224853303472e+02,-3.974236811114e+01,3.227778634686e+02,1.000000000000e+00,2.102199976607
1041,16197,5931518554.687500,3.136798431456e+02,-4.481140616365e+01,3.191619642353e+02,-5.676675797318e+01,3.263042419064e+02,-3.140713158776e+01,1.000000000000e+00,2.076003392570
1042,16198,5931884765.625000,-4.481140616365e+01,-1.344342184910e+02,-4.977998575840e+01,-1.361528901990e+02,-3.242706563808e+01,-1.278514715794e+02,1.000000000000e+00,2.049802175479
1043,16199,5932250976.562500,-3.136798431456e+02,2.240570308183e+02,-3.148652745112e+02,2.370690967514e+02,-3.103203545915e+02,2.269653429667e+02,1.000000000000e+00,2.023596711686
1044,16200,5932617187.500000,-4.481140616365e+01,1.344342184910e+02,-4.271352896531e+01,1.383264425631e+02,-3.821424547149e+01,1.427090047276e+02,1.000000000000e+00,1.997387388559
1045,16201,5932983398.437500,3.136798431456e+02,-1.344342184910e+02,3.174883493364e+02,-1.434125330053e+02,3.273324997425e+02,-1.192538660592e+02,1.000000000000e+00,1.971174594360
1046,16202,5933349609.375000,3.136798431456e+02,-1.344342184910e+02,3.179194608609e+02,-1.430002367654e+02,3.272886960958e+02,-1.195050533600e+02,1.000000000000e+00,1.944958718139
1047,16203,5933715820.312500,-1.344342184910e+02,-4.481140616365e+01,-1.381447039167e+02,-4.356415996686e+01,-1.248510267447e+02,-3.846429829193e+01,1.000000000000e+00,1.918740149614
1048,16204,5934082031.250000,2.240570308183e+02,2.240570308183e+02,2.323768443232e+02,2.258905311687e+02,2.303257357332e+02,2.389246013541e+02,1.000000000000e+00,1.892519279060
1049,16205,5934448242.187500,2.240570308183e+02,-4.481140616365e+01,2.286924785678e+02,-4.811933293205e+01,2.353678712374e+02,-3.093533151269e+01,1.000000000000e+00,1.866296497186
1050,16206,5934814453.125000,4.481140616365e+01,-2.240570308183e+02,4.449730209450e+01,-2.294300393703e+02,5.899421692530e+01,-2.145984040534e+02,1.000000000000e+00,1.840072195027
1051,16207,5935180664.062500,-4.481140616365e+01,-3.136798431456e+02,-4.620788925072e+01,-3.208172289065e+02,-2.866814520003e+01,-3.066217895792e+02,1.000000000000e+00,1.813846763823
1052,16208,5935546875.000000,-1.344342184910e+02,-3.136798431456e+02,-1.362431104764e+02,-3.214916114218e+02,-1.181529968411e+02,-3.089791652419e+02,1.000000000000e+00,1.787620594902
1053,16209,5935913085.937500,1.344342184910e+02,-3.136798431456e+02,1.405375410827e+02,-3.197170414941e+02,1.529444066508e+02,-3.014165158485e+02,1.000000000000e+00,1.761394079566
1054,16210,5936279296.875000,-2.240570308183e+02,-3.136798431456e+02,-2.248895053235e+02,-3.238382525045e+02,-2.072644033457e+02,-3.117310334073e+02,1.000000000000e+00,1.735167608973
1055,16211,5936645507.812500,-1.344342184910e+02,-3.136798431456e+02,-1.319564793911e+02,-3.228520088528e+02,-1.169087154924e+02,-3.087277825605e+02,1.000000000000e+00,1.708941574022
1056,16212,5937011718.750000,4.481140616365e+01,-2.240570308183e+02,5.043483861330e+01,-2.278286562721e+02,6.036708854843e+01,-2.127481307991e+02,1.000000000000e+00,1.682716365232
1057,16213,5937377929.687500,-1.344342184910e+02,-2.240570308183e+02,-1.322082440956e+02,-2.318955641582e+02,-1.199464361735e+02,-2.182950339273e+02,1.000000000000e+00,1.656492372633
1058,16214,5937744140.625000,-4.481140616365e+01,-2.240570308183e+02,-4.027399609901e+01,-2.300130878575e+02,-3.032157373933e+01,-2.154019177650e+02,1.000000000000e+00,1.630269985644
1059,16215,5938110351.562500,2.240570308183e+02,-2.240570308183e+02,2.352011504825e+02,-2.227914546148e+02,2.397834477080e+02,-2.071488200098e+02,1.000000000000e+00,1.604049592961
1060,16216,5938476562.500000,-4.481140616365e+01,-1.344342184910e+02,-4.128600857030e+01,-1.389749446686e+02,-3.290143691578e+01,-1.253727010675e+02,1.000000000000e+00,1.577831582441
1061,16217,5938842773.437500,-4.481140616365e+01,1.344342184910e+02,-5.118944501206e+01,1.357411936046e+02,-4.260904047486e+01,1.450469804134e+02,1.000000000000e+00,1.551616340987
1062,16218,5939208984.375000,3.136798431456e+02,1.344342184910e+02,3.148551008840e+02,1.513794365534e+02,3.176126026016e+02,1.589889663897e+02,1.000000000000e+00,1.525404254436
1063,16219,5939575195.312500,-4.481140616365e+01,-4.481140616365e+01,-4.366131283593e+01,-4.792809403483e+01,-3.615961406359e+01,-3.507262702995e+01,1.000000000000e+00,1.499195707444
1064,16220,5939941406.250000,2.240570308183e+02,-1.344342184910e+02,2.356427092849e+02,-1.258663315276e+02,2.374160147345e+02,-1.142379924377e+02,1.000000000000e+00,1.472991083374
1065,16221,5940307617.187500,-2.240570308183e+02,-4.481140616365e+01,-2.261385358061e+02,-5.827750127828e+01,-2.163070978941e+02,-4.245718951179e+01,1.000000000000e+00,1.446790764186
1066,16222,5940673828.125000,4.481140616365e+01,-4.481140616365e+01,4.845170678260e+01,-4.294839937563e+01,5.359812338206e+01,-3.083519216720e+01,1.000000000000e+00,1.420595130325
1067,16223,5941040039.062500,-4.481140616365e+01,4.481140616365e+01,-4.865333787665e+01,4.269356078085e+01,-4.064146215712e+01,5.509779069185e+01,1.000000000000e+00,1.394404560609
1068,16224,5941406250.000000,4.481140616365e+01,3.136798431456e+02,2.399992211581e+01,3.228624372128e+02,3.644753743513e+01,3.293083094206e+02,1.000000000000e+00,1.368219432128
1069,16225,5941772460.937500,2.240570308183e+02,-3.136798431456e+02,2.509414270701e+02,-3.037406316225e+02,2.457742630495e+02,-2.918970046268e+02,1.000000000000e+00,1.342040120127
1070,16226,5942138671.875000,-1.344342184910e+02,3.136798431456e+02,-1.603451869995e+02,3.098523699475e+02,-1.437899561527e+02,3.213121843665e+02,1.000000000000e+00,1.315866997907
1071,16227,5942504882.812500,-1.344342184910e+02,-3.136798431456e+02,-1.130821078171e+02,-3.300582212496e+02,-1.147736048681e+02,-3.085264177640e+02,1.000000000000e+00,1.289700436716
1072,16228,5942871093.750000,-2.240570308183e+02,3.136798431456e+02,-2.530490401505e+02,3.021267269660e+02,-2.338902097687e+02,3.175775436673e+02,1.000000000000e+00,1.263540805647
1073,16229,5943237304.687500,4.481140616365e+01,2.240570308183e+02,2.715334622149e+01,2.319883276955e+02,3.975979307714e+01,2.400142421342e+02,1.000000000000e+00,1.237388471535
1074,16230,5943603515.625000,-4.481140616365e+01,4.481140616365e+01,-4.955046618435e+01,4.170807607095e+01,-4.206279636333e+01,5.579171264306e+01,1.000000000000e+00,1.211243798856
1075,16231,5943969726.562500,-2.240570308183e+02,-3.136798431456e+02,-1.990102656088e+02,-3.399066827557e+02,-2.037171107331e+02,-3.132083065549e+02,1.000000000000e+00,1.185107149629
1076,16232,5944335937.500000,1.344342184910e+02,4.481140616365e+01,1.324778526764e+02,5.850360388183e+01,1.373039997260e+02,6.524235007568e+01,1.000000000000e+00,1.158978883314
1077,16233,5944702148.437500,4.481140616365e+01,-1.344342184910e+02,5.896905977441e+01,-1.323071983182e+02,5.669580860803e+01,-1.192579574713e+02,1.000000000000e+00,1.132859356722
1078,16234,5945068359.375000,-1.344342184910e+02,3.136798431456e+02,-1.690016497323e+02,3.052524252551e+02,-1.475672728943e+02,3.210280178399e+02,1.000000000000e+00,1.106748923916
1079,16235,5945434570.312500,-2.240570308183e+02,-4.481140616365e+01,-2.231238045539e+02,-6.915280397122e+01,-2.183740183272e+02,-4.359166837379e+01,1.000000000000e+00,1.080647936116
1080,16236,5945800781.250000,1.344342184910e+02,4.481140616365e+01,1.318352725539e+02,6.003171964647e+01,1.364775549345e+02,6.572994364555e+01,1.000000000000e+00,1.054556741614
1081,16237,5946166992.187500,2.240570308183e+02,-2.240570308183e+02,2.527042809229e+02,-2.025755354384e+02,2.409721869897e+02,-1.988875697530e+02,1.000000000000e+00,1.028475685682
1082,16238,5946533203.125000,-2.240570308183e+02,1.344342184910e+02,-2.433154180215e+02,1.100007265298e+02,-2.291650930372e+02,1.353501176625e+02,1.000000000000e+00,1.002405110481
1083,16239,5946899414.062500,-3.136798431456e+02,-2.240570308183e+02,-2.902604485141e+02,-2.662294867761e+02,-2.972423975210e+02,-2.305524032106e+02,1.000000000000e+00,0.976345354980
1084,16240,5947265625.000000,4.481140616365e+01,-1.344342184910e+02,6.257598947892e+01,-1.305033550549e+02,5.653687006013e+01,-1.181214127367e+02,1.000000000000e+00,0.950296754869
1085,16241,5947631835.937500,-3.136798431456e+02,-1.344342184910e+02,-3.001430484966e+02,-1.768933922794e+02,-3.028953573299e+02,-1.406271470155e+02,1.000000000000e+00,0.924259642482
1086,16242,5947998046.875000,-3.136798431456e+02,1.344342184910e+02,-3.351511851799e+02,9.453067147189e+01,-3.198905458535e+02,1.288089858835e+02,1.000000000000e+00,0.898234346711
1087,16243,5948364257.812500,2.240570308183e+02,-1.344342184910e+02,2.447613071326e+02,-1.061179474461e+02,2.353066398525e+02,-1.069355608788e+02,1.000000000000e+00,0.872221192933
1088,16244,5948730468.750000,-2.240570308183e+02,2.240570308183e+02,-2.571602585777e+02,1.966068657182e+02,-2.359992261715e+02,2.250774504127e+02,1.000000000000e+00,0.846220502931
1089,16245,5949096679.687500,-4.481140616365e+01,-1.344342184910e+02,-2.686984505408e+01,-1.423142415887e+02,-3.474254153722e+01,-1.235570893457e+02,1.000000000000e+00,0.820232594823
1090,16246,5949462890.625000,-2.240570308183e+02,-3.136798431456e+02,-1.817347420179e+02,-3.495473188022e+02,-2.028384859007e+02,-3.148717361003e+02,1.000000000000e+00,0.794257782991
1091,16247,5949829101.562500,-4.481140616365e+01,2.240570308183e+02,-7.872255020956e+01,2.198498698625e+02,-5.835000259575e+01,2.357567228192e+02,1.000000000000e+00,0.768296378010
1092,16248,5950195312.500000,1.344342184910e+02,-3.136798431456e+02,1.839792633008e+02,-2.963341882968e+02,1.578480970827e+02,-2.911301099735e+02,1.000000000000e+00,0.742348686579
1093,16249,5950561523.437500,1.344342184910e+02,4.481140616365e+01,1.287818931429e+02,6.631270778250e+01,1.328862450541e+02,6.843875065993e+01,1.000000000000e+00,0.716415011461
1094,16250,5950927734.375000,-4.481140616365e+01,-2.240570308183e+02,-9.478329556064e+00,-2.334074905516e+02,-2.820549210455e+01,-2.136933015486e+02,1.000000000000e+00,0.690495651419
1095,16251,5951293945.312500,1.344342184910e+02,2.240570308183e+02,9.945449403511e+01,2.478654554392e+02,1.198941886019e+02,2.482344893293e+02,1.000000000000e+00,0.664590901152
1096,16252,5951660156.250000,-2.240570308183e+02,3.136798431456e+02,-2.772598127583e+02,2.797802545148e+02,-2.457946508154e+02,3.130883924227e+02,1.000000000000e+00,0.638701051240
1097,16253,5952026367.187500,1.344342184910e+02,-2.240570308183e+02,1.725695661680e+02,-2.036242347081e+02,1.505129140084e+02,-2.010797273201e+02,1.000000000000e+00,0.612826388088
1098,16254,5952392578.125000,-3.136798431456e+02,-1.344342184910e+02,-2.930338507040e+02,-1.887335951641e+02,-3.045373263757e+02,-1.428519299065e+02,1.000000000000e+00,0.586967193872
1099,16255,5952758789.062500,3.136798431456e+02,-4.481140616365e+01,3.234194281547e+02,9.734810441315e+00,3.173488052753e+02,-7.581642670544e+00,1.000000000000e+00,0.561123746487
1100,16256,5953125000.000000,2.240570308183e+02,-2.240570308183e+02,2.653536860087e+02,-1.852242445509e+02,2.409688567502e+02,-1.933103965358e+02,1.000000000000e+00,0.535296319498
1101,16257,5953491210.937500,-2.240570308183e+02,2.240570308183e+02,-2.660402818814e+02,1.846356206215e+02,-2.420466184882e+02,2.217110405280e+02,1.000000000000e+00,0.509485182093
1102,16258,5953857421.875000,1.344342184910e+02,3.136798431456e+02,7.735437607540e+01,3.403434549724e+02,1.101320345292e+02,3.389793273694e+02,1.000000000000e+00,0.483690599042
1103,16259,5954223632.812500,-2.240570308183e+02,-3.136798431456e+02,-1.659263751306e+02,-3.576490305516e+02,-2.009604609082e+02,-3.179881409207e+02,1.000000000000e+00,0.457912830647
1104,16260,5954589843.750000,-1.344342184910e+02,-3.136798431456e+02,-7.391311030733e+01,-3.410150347035e+02,-1.101830475751e+02,-3.112283565270e+02,1.000000000000e+00,0.432152132712
1105,16261,5954956054.687500,2.240570308183e+02,-3.136798431456e+02,2.873424083995e+02,-2.695804033738e+02,2.497606646326e+02,-2.809547008680e+02,1.000000000000e+00,0.406408756497
1106,16262,5955322265.625000,-4.481140616365e+01,4.481140616365e+01,-5.398938794010e+01,3.580870452853e+01,-5.030501479007e+01,5.510319734146e+01,1.000000000000e+00,0.380682948685
1107,16263,5955688476.562500,-4.481140616365e+01,-4.481140616365e+01,-3.569084442285e+01,-5.408622545246e+01,-4.282855519849e+01,-3.471625675457e+01,1.000000000000e+00,0.354974951353
1108,16264,5956054687.500000,-4.481140616365e+01,4.481140616365e+01,-5.418361665040e+01,3.556524147073e+01,-5.076241948859e+01,5.502866225642e+01,1.000000000000e+00,0.329285001935
1109,16265,5956420898.437500,1.344342184910e+02,4.481140616365e+01,1.250787140760e+02,7.317373569814e+01,1.285712050282e+02,7.055988846700e+01,1.000000000000e+00,0.303613333197
1110,16266,5956787109.375000,3.136798431456e+02,-1.344342184910e+02,3.423875243070e+02,-6.736705630546e+01,3.236180662451e+02,-9.312926327323e+01,1.000000000000e+00,0.277960173210
1111,16267,5957153320.312500,-3.136798431456e+02,-3.136798431456e+02,-2.456654704791e+02,-3.813072327395e+02,-2.890752768751e+02,-3.280476908744e+02,1.000000000000e+00,0.252325745325
1112,16268,5957519531.250000,1.344342184910e+02,3.136798431456e+02,6.598486944317e+01,3.427161869767e+02,1.042778729294e+02,3.398746117642e+02,1.000000000000e+00,0.226710268151
1113,16269,5957885742.187500,2.240570308183e+02,3.136798431456e+02,1.549724136499e+02,3.625536574349e+02,1.940415501900e+02,3.476660015188e+02,1.000000000000e+00,0.201113955536
1114,16270,5958251953.125000,2.240570308183e+02,1.344342184910e+02,1.938083089633e+02,1.839999741264e+02,2.094048787830e+02,1.681299856066e+02,1.000000000000e+00,0.175537016551
1115,16271,5958618164.062500,-2.240570308183e+02,1.344342184910e+02,-2.537801335246e+02,8.358946544050e+01,-2.398438364758e+02,1.282646995278e+02,1.000000000000e+00,0.149979655468
1116,16272,5958984375.000000,-3.136798431456e+02,-3.136798431456e+02,-2.408978749076e+02,-3.842767513301e+02,-2.893202418267e+02,-3.289144685167e+02,1.000000000000e+00,0.124442071754
1117,16273,5959350585.937500,4.481140616365e+01,4.481140616365e+01,3.419386401452e+01,5.500698203953e+01,3.689462617527e+01,6.247390373896e+01,1.000000000000e+00,0.098924460056
1118,16274,5959716796.875000,2.240570308183e+02,-2.240570308183e+02,2.755842305905e+02,-1.698586487692e+02,2.411773583913e+02,-1.896158020160e+02,1.000000000000e+00,0.073427010192
1119,16275,5960083007.812500,4.481140616365e+01,-4.481140616365e+01,5.522155736878e+01,-3.376244164466e+01,4.488391794358e+01,-2.716983371470e+01,1.000000000000e+00,0.047949907142
1120,16276,5960449218.750000,2.240570308183e+02,-4.481140616365e+01,2.331290757296e+02,9.828583319470e+00,2.238884796351e+02,-9.874618654573e+00,1.000000000000e+00,0.022493331048
1121,16277,5960815429.687500,-4.481140616365e+01,2.240570308183e+02,-9.933433666517e+01,2.110995415230e+02,-7.123612922847e+01,2.327095008991e+02,1.000000000000e+00,-0.002942542795
1122,16278,5961181640.625000,-4.481140616365e+01,1.344342184910e+02,-7.764531535739e+01,1.220971779843e+02,-6.272547189700e+01,1.430474349914e+02,1.000000000000e+00,-0.028357543939
1123,16279,5961547851.562500,-2.240570308183e+02,-4.481140616365e+01,-2.107733295707e+02,-1.001725526363e+02,-2.245421301833e+02,-5.368060289945e+01,1.000000000000e+00,-0.053751506780
1124,16280,5961914062.500000,2.240570308183e+02,-3.136798431456e+02,3.005070614896e+02,-2.544955571855e+02,2.494551402623e+02,-2.788668885812e+02,1.000000000000e+00,-0.079124270559
1125,16281,5962280273.437500,4.481140616365e+01,1.344342184910e+02,1.040362428615e+01,1.443981654590e+02,2.635509396610e+01,1.516140855508e+02,1.000000000000e+00,-0.104475679354
1126,16282,5962646484.375000,4.481140616365e+01,1.344342184910e+02,1.010407352479e+01,1.444242596560e+02,2.613874866515e+01,1.515293600669e+02,1.000000000000e+00,-0.129805582078
1127,16283,5963012695.312500,-3.136798431456e+02,2.240570308183e+02,-3.677321028720e+02,1.410305734740e+02,-3.413458051450e+02,2.058290666348e+02,1.000000000000e+00,-0.155113832470
1128,16284,5963378906.250000,-1.344342184910e+02,1.344342184910e+02,-1.678090795587e+02,9.780367407418e+01,-1.537074667856e+02,1.334355221344e+02,1.000000000000e+00,-0.180400289082
1129,16285,5963745117.187500,2.240570308183e+02,-3.136798431456e+02,3.039145784378e+02,-2.504124066984e+02,2.499050708822e+02,-2.781958862588e+02,1.000000000000e+00,-0.205664815275
1130,16286,5964111328.125000,2.240570308183e+02,-4.481140616365e+01,2.329329144366e+02,1.552816500772e+01,2.223370460854e+02,-9.411340179870e+00,1.000000000000e+00,-0.230907279199
1131,16287,5964477539.062500,-1.344342184910e+02,-4.481140616365e+01,-1.207106567904e+02,-8.009826308769e+01,-1.362796806132e+02,-4.627180298461e+01,1.000000000000e+00,-0.256127553781
1132,16288,5964843750.000000,3.136798431456e+02,1.344342184910e+02,2.738243307266e+02,2.165472749195e+02,2.939972079495e+02,1.780046246901e+02,1.000000000000e+00,-0.281325516711
1133,16289,5965209960.937500,-3.136798431456e+02,4.481140616365e+01,-3.216562664785e+02,-4.034842785396e+01,-3.252088537262e+02,2.518907395279e+01,1.000000000000e+00,-0.306501050424
1134,16290,5965576171.875000,4.481140616365e+01,3.136798431456e+02,-4.168395884885e+01,3.214137662677e+02,5.554789034986e+00,3.303122259027e+02,1.000000000000e+00,-0.331654042077
1135,16291,5965942382.812500,-2.240570308183e+02,3.136798431456e+02,-3.076351596319e+02,2.464905474126e+02,-2.643021568859e+02,3.016752673703e+02,1.000000000000e+00,-0.356784383534
1136,16292,5966308593.750000,2.240570308183e+02,-1.344342184910e+02,2.579868366096e+02,-6.942897758252e+01,2.311913805599e+02,-9.888306968087e+01,1.000000000000e+00,-0.381891971339
1137,16293,5966674804.687500,-3.136798431456e+02,-1.344342184910e+02,-2.702841633435e+02,-2.206257388665e+02,-3.064397850350e+02,-1.565951207282e+02,1.000000000000e+00,-0.406976706696
1138,16294,5967041015.625000,-4.481140616365e+01,-4.481140616365e+01,-3.125687252435e+01,-5.674047899269e+01,-4.742058893662e+01,-3.828527390149e+01,1.000000000000e+00,-0.432038495446
1139,16295,5967407226.562500,-1.344342184910e+02,4.481140616365e+01,-1.447374927452e+02,5.424984599479e+00,-1.468314185426e+02,4.134351776774e+01,1.000000000000e+00,-0.457077248035
1140,16296,5967773437.500000,-1.344342184910e+02,3.136798431456e+02,-2.224399538143e+02,2.686481215840e+02,-1.765145435684e+02,3.096796873586e+02,1.000000000000e+00,-0.482092879492
1141,16297,5968139648.437500,-1.344342184910e+02,-4.481140616365e+01,-1.186046041921e+02,-8.307962403532e+01,-1.372090601213e+02,-4.872639208014e+01,1.000000000000e+00,-0.507085309399
1142,16298,5968505859.375000,-2.240570308183e+02,4.481140616365e+01,-2.324082335726e+02,-2.210631924575e+01,-2.367938015458e+02,3.036169176111e+01,1.000000000000e+00,-0.532054461862
1143,16299,5968872070.312500,-1.344342184910e+02,-2.240570308183e+02,-6.481073322301e+01,-2.589371221451e+02,-1.168491157669e+02,-2.282720482703e+02,1.000000000000e+00,-0.557000265479
1144,16300,5969238281.250000,-4.481140616365e+01,1.344342184910e+02,-8.405558252981e+01,1.178628574051e+02,-6.851945933543e+01,1.395326641998e+02,1.000000000000e+00,-0.581922653309
1145,16301,5969604492.187500,1.344342184910e+02,2.240570308183e+02,6.352565066837e+01,2.593035919354e+02,9.968484958394e+01,2.496088237926e+02,1.000000000000e+00,-0.606821562839
1146,16302,5969970703.125000,4.481140616365e+01,3.136798431456e+02,-5.180353359297e+01,3.196254175337e+02,-6.337075817729e-01,3.285534461009e+02,1.000000000000e+00,-0.631696935953
1147,16303,5970336914.062500,-2.240570308183e+02,-3.136798431456e+02,-1.229153737961e+02,-3.743641487001e+02,-1.959131441863e+02,-3.291540182471e+02,1.000000000000e+00,-0.656548718891
1148,16304,5970703125.000000,2.240570308183e+02,3.136798431456e+02,1.228541192248e+02,3.745062693020e+02,1.787715331855e+02,3.491061302246e+02,1.000000000000e+00,-0.681376862219
1149,16305,5971069335.937500,1.344342184910e+02,-4.481140616365e+01,1.448991648253e+02,-2.568411173607e+00,1.305031278900e+02,-1.952740820728e+01,1.000000000000e+00,-0.706181320791
1150,16306,5971435546.875000,-3.136798431456e+02,3.136798431456e+02,-4.026964781367e+02,2.088687655070e+02,-3.589304545980e+02,2.864264667643e+02,1.000000000000e+00,-0.730962053709
1151,16307,5971801757.812500,1.344342184910e+02,-3.136798431456e+02,2.287095216555e+02,-2.635661292883e+02,1.621092854927e+02,-2.878430767524e+02,1.000000000000e+00,-0.755719024289
1152,16308,5972167968.750000,-1.344342184910e+02,2.240570308183e+02,-2.010906864988e+02,1.758551194052e+02,-1.701552104643e+02,2.170398766326e+02,1.000000000000e+00,-0.780452200019
1153,16309,5972534179.687500,-1.344342184910e+02,-4.481140616365e+01,-1.166448359749e+02,-8.586130953513e+01,-1.382695983236e+02,-5.148187115537e+01,1.000000000000e+00,-0.805161552519
1154,16310,5972900390.625000,3.136798431456e+02,-4.481140616365e+01,3.190157264869e+02,5.537097243538e+01,3.087913432594e+02,1.483450253962e+00,1.000000000000e+00,-0.829847057503
1155,16311,5973266601.562500,-4.481140616365e+01,-1.344342184910e+02,-5.747745390008e-01,-1.448076876520e+02,-3.801171717020e+01,-1.306542985357e+02,1.000000000000e+00,-0.854508694736
1156,16312,5973632812.500000,-4.481140616365e+01,-4.481140616365e+01,-2.889685138890e+01,-5.796810804758e+01,-4.879025242604e+01,-4.157538513108e+01,1.000000000000e+00,-0.879146447995
1157,16313,5973999023.437500,-2.240570308183e+02,4.481140616365e+01,-2.315825208128e+02,-3.044904240957e+01,-2.389786153344e+02,2.422704291061e+01,1.000000000000e+00,-0.903760305021
1158,16314,5974365234.375000,-4.481140616365e+01,1.344342184910e+02,-8.753276762227e+01,1.153969262402e+02,-7.173384613590e+01,1.367317493932e+02,1.000000000000e+00,-0.928350257485
1159,16315,5974731445.312500,-1.344342184910e+02,1.344342184910e+02,-1.741734933126e+02,8.611181964405e+01,-1.609271995874e+02,1.254321161085e+02,1.000000000000e+00,-0.952916300935
1160,16316,5975097656.250000,-2.240570308183e+02,-3.136798431456e+02,-1.143910397869e+02,-3.769759175806e+02,-1.946936770443e+02,-3.324935197941e+02,1.000000000000e+00,-0.977458434761
1161,16317,5975463867.187500,4.481140616365e+01,1.344342184910e+02,-6.152716624860e-01,1.448588067747e+02,1.794678886157e+01,1.475807618096e+02,1.000000000000e+00,-1.001976662145
1162,16318,5975830078.125000,4.481140616365e+01,3.136798431456e+02,-5.942929835910e+01,3.185128122336e+02,-4.040809441434e+00,3.263340654278e+02,1.000000000000e+00,-1.026470990018
1163,16319,5976196289.062500,3.136798431456e+02,2.240570308183e+02,2.301129078560e+02,3.200276049496e+02,2.752487564751e+02,2.696748647219e+02,1.000000000000e+00,-1.050941429018
1164,16320,5976562500.000000,-4.481140616365e+01,2.240570308183e+02,-1.172195367398e+02,2.020376235835e+02,-8.265034539888e+01,2.254959586338e+02,1.000000000000e+00,-1.075387993440
1165,16321,5976928710.937500,2.240570308183e+02,-3.136798431456e+02,3.203916717295e+02,-2.292372073361e+02,2.515643164765e+02,-2.780197112667e+02,1.000000000000e+00,-1.099810701193
1166,16322,5977294921.875000,-2.240570308183e+02,1.344342184910e+02,-2.611652655775e+02,5.526518171361e+01,-2.506793910673e+02,1.132485831568e+02,1.000000000000e+00,-1.124209573756
1167,16323,5977661132.812500,4.481140616365e+01,3.136798431456e+02,-6.196461088290e+01,3.176241423925e+02,-5.611702872433e+00,3.251494988316e+02,1.000000000000e+00,-1.148584636128
1168,16324,5978027343.750000,-2.240570308183e+02,-2.240570308183e+02,-1.402148918367e+02,-2.915630987152e+02,-2.051683988090e+02,-2.450077270429e+02,1.000000000000e+00,-1.172935916784
1169,16325,5978393554.687500,3.136798431456e+02,-4.481140616365e+01,3.175183093209e+02,6.322118489519e+01,3.075553312771e+02,2.306451648845e+00,1.000000000000e+00,-1.197263447630
1170,16326,5978759765.625000,-1.344342184910e+02,-3.136798431456e+02,-2.271986840627e+01,-3.481923092101e+02,-1.043699145516e+02,-3.236704740168e+02,1.000000000000e+00,-1.221567263952
1171,16327,5979125976.562500,3.136798431456e+02,-4.481140616365e+01,3.177481712862e+02,6.400189709818e+01,3.078088523351e+02,2.192454406486e+00,1.000000000000e+00,-1.245847404374
1172,16328,5979492187.500000,4.481140616365e+01,4.481140616365e+01,2.787793195719e+01,5.852956919039e+01,2.797040367409e+01,5.662086170659e+01,1.000000000000e+00,-1.270103910810
1173,16329,5979858398.437500,1.344342184910e+02,-2.240570308183e+02,2.062903968812e+02,-1.700047176185e+02,1.519008350994e+02,-2.003257322891e+02,1.000000000000e+00,-1.294336828415
1174,16330,5980224609.375000,4.481140616365e+01,4.481140616365e+01,2.778436045900e+01,5.855497395769e+01,2.784991100526e+01,5.628041251808e+01,1.000000000000e+00,-1.318546205541
1175,16331,5980590820.312500,2.240570308183e+02,1.344342184910e+02,1.692061532133e+02,2.066397257264e+02,1.947063686836e+02,1.687824519954e+02,1.000000000000e+00,-1.342732093687
1176,16332,5980957031.250000,1.344342184910e+02,-4.481140616365e+01,1.447186931015e+02,3.530517978992e+00,1.286117890696e+02,-2.150385383624e+01,1.000000000000e+00,-1.366894547457
1177,16333,5981323242.187500,-2.240570308183e+02,4.481140616365e+01,-2.308990793014e+02,-3.469545339536e+01,-2.403057669100e+02,2.057802880525e+01,1.000000000000e+00,-1.391033624507
1178,16334,5981689453.125000,2.240570308183e+02,-1.344342184910e+02,2.621238841182e+02,-5.141124268153e+01,2.296623441992e+02,-9.954647918643e+01,1.000000000000e+00,-1.415149385504
1179,16335,5982055664.062500,2.240570308183e+02,1.344342184910e+02,1.686841722950e+02,2.072270270533e+02,1.945497861373e+02,1.683016117600e+02,1.000000000000e+00,-1.439241894075
1180,16336,5982421875.000000,4.481140616365e+01,-3.136798431456e+02,1.526385424031e+02,-2.857475282567e+02,7.463943893093e+01,-3.019375127456e+02,1.000000000000e+00,-1.463311216764
1181,16337,5982788085.937500,3.136798431456e+02,2.240570308183e+02,2.225738380396e+02,3.251446780330e+02,2.714606147370e+02,2.695117691304e+02,1.000000000000e+00,-1.487357422981
1182,16338,5983154296.875000,2.240570308183e+02,4.481140616365e+01,1.993316216134e+02,1.217000442731e+02,2.059004041551e+02,7.885090464248e+01,1.000000000000e+00,-1.511380584962
1183,16339,5983520507.812500,2.240570308183e+02,-4.481140616365e+01,2.308816185648e+02,3.543835430437e+01,2.177724230615e+02,-1.095557846333e+01,1.000000000000e+00,-1.535380777718
1184,16340,5983886718.750000,-1.344342184910e+02,1.344342184910e+02,-1.761412419904e+02,8.222340264912e+01,-1.629164068614e+02,1.207668611679e+02,1.000000000000e+00,-1.559358078988
1185,16341,5984252929.687500,1.344342184910e+02,-1.344342184910e+02,1.762637291950e+02,-8.197940456194e+01,1.401186733305e+02,-1.124632636299e+02,1.000000000000e+00,-1.583312569200
1186,16342,5984619140.625000,3.136798431456e+02,1.344342184910e+02,2.535393956728e+02,2.397504748648e+02,2.832980729946e+02,1.794593641155e+02,1.000000000000e+00,-1.607244331419
1187,16343,5984985351.562500,-2.240570308183e+02,-2.240570308183e+02,-1.351585517381e+02,-2.944428811340e+02,-2.045468319601e+02,-2.497826063172e+02,1.000000000000e+00,-1.631153451303
1188,16344,5985351562.500000,1.344342184910e+02,-1.344342184910e+02,1.765824411949e+02,-8.137306635076e+01,1.403600065684e+02,-1.126106745426e+02,1.000000000000e+00,-1.655040017061
1189,16345,5985717773.437500,4.481140616365e+01,-4.481140616365e+01,5.882893726370e+01,-2.722697500843e+01,3.901656168790e+01,-3.546515494849e+01,1.000000000000e+00,-1.678904119406
1190,16346,5986083984.375000,-1.344342184910e+02,-2.240570308183e+02,-5.025213769842e+01,-2.625224459734e+02,-1.165006206061e+02,-2.377958954035e+02,1.000000000000e+00,-1.702745851509
1191,16347,5986450195.312500,-1.344342184910e+02,4.481140616365e+01,-1.448064643957e+02,-4.667639640450e+00,-1.514920396156e+02,2.988572534243e+01,1.000000000000e+00,-1.726565308958
1192,16348,5986816406.250000,2.240570308183e+02,-3.136798431456e+02,3.264645306675e+02,-2.204292139169e+02,2.538106060876e+02,-2.792908759234e+02,1.000000000000e+00,-1.750362589714
1193,16349,5987182617.187500,-4.481140616365e+01,3.136798431456e+02,-1.553516658644e+02,2.840868822734e+02,-9.898586491690e+01,3.088871277572e+02,1.000000000000e+00,-1.774137794065
1194,16350,5987548828.125000,-3.136798431456e+02,3.136798431456e+02,-4.130235176238e+02,1.873472380869e+02,-3.670578029175e+02,2.719041398950e+02,1.000000000000e+00,-1.797891024583
1195,16351,5987915039.062500,4.481140616365e+01,1.344342184910e+02,-5.628005309889e+00,1.448359573783e+02,1.447344174441e+01,1.425252975587e+02,1.000000000000e+00,-1.821622386084
1196,16352,5988281250.000000,3.136798431456e+02,-4.481140616365e+01,3.164248412552e+02,6.997199857992e+01,3.070723550844e+02,5.316862534614e-01,1.000000000000e+00,-1.845331985583
1197,16353,5988647460.937500,-1.344342184910e+02,-2.240570308183e+02,-4.850771531924e+01,-2.627125882375e+02,-1.152919519160e+02,-2.392985537643e+02,1.000000000000e+00,-1.869019932255
1198,16354,5989013671.875000,-4.481140616365e+01,2.240570308183e+02,-1.228005882218e+02,1.986670610230e+02,-8.609878769261e+01,2.191802285932e+02,1.000000000000e+00,-1.892686337389
1199,16355,5989379882.812500,3.136798431456e+02,-4.481140616365e+01,3.166060056052e+02,6.927048972432e+01,3.070990414371e+02,-7.816020513417e-01,1.000000000000e+00,-1.916331314349
1200,16356,5989746093.750000,3.136798431456e+02,-3.136798431456e+02,4.132523034809e+02,-1.880544706000e+02,3.436920127881e+02,-2.687831476375e+02,1.000000000000e+00,-1.939954978534
1201,16357,5990112304.687500,-3.136798431456e+02,4.481140616365e+01,-3.167621938273e+02,-6.984107962904e+01,-3.305502624817e+02,3.560162128456e+00,1.000000000000e+00,-1.963557447335
1202,16358,5990478515.625000,-1.344342184910e+02,-3.136798431456e+02,-1.623183923646e+01,-3.486917733886e+02,-1.031830451175e+02,-3.295016415824e+02,1.000000000000e+00,-1.987138840099
1203,16359,5990844726.562500,-3.136798431456e+02,-3.136798431456e+02,-1.879895480941e+02,-4.125575150918e+02,-2.818073064479e+02,-3.534252130825e+02,1.000000000000e+00,-2.010699278085
1204,16360,5991210937.500000,1.344342184910e+02,1.344342184910e+02,8.056932532328e+01,1.768285398180e+02,1.042796811222e+02,1.529885482842e+02,1.000000000000e+00,-2.034238884427
1205,16361,5991577148.437500,-3.136798431456e+02,3.136798431456e+02,-4.129984152605e+02,1.879565119957e+02,-3.665467460196e+02,2.711706393810e+02,1.000000000000e+00,-2.057757784095
1206,16362,5991943359.375000,-1.344342184910e+02,-3.136798431456e+02,-1.611345236663e+01,-3.489742406196e+02,-1.030803423390e+02,-3.304003990543e+02,1.000000000000e+00,-2.081256103858
1207,16363,5992309570.312500,-4.481140616365e+01,1.344342184910e+02,-9.122939735321e+01,1.127011594843e+02,-7.440304709733e+01,1.285201517273e+02,1.000000000000e+00,-2.104733972242
1208,16364,5992675781.250000,-4.481140616365e+01,2.240570308183e+02,-1.233313486395e+02,1.984531972237e+02,-8.648183084484e+01,2.175934730421e+02,1.000000000000e+00,-2.128191519498
1209,16365,5993041992.187500,-4.481140616365e+01,1.344342184910e+02,-9.107679618829e+01,1.126029268788e+02,-7.425769813977e+01,1.280875471391e+02,1.000000000000e+00,-2.151628877562
1210,16366,5993408203.125000,3.136798431456e+02,1.344342184910e+02,2.525111328189e+02,2.406123180603e+02,2.831133120803e+02,1.758544930045e+02,1.000000000000e+00,-2.175046180018
1211,16367,5993774414.062500,2.240570308183e+02,-3.136798431456e+02,3.260250866941e+02,-2.212012463276e+02,2.530863322379e+02,-2.831220360289e+02,1.000000000000e+00,-2.198443562065
1212,16368,5994140625.000000,4.481140616365e+01,-2.240570308183e+02,1.222423741340e+02,-1.990494091179e+02,6.254416973599e+01,-2.176539410468e+02,1.000000000000e+00,-2.221821160478
1213,16369,5994506835.937500,1.344342184910e+02,4.481140616365e+01,1.131201855132e+02,9.063659367021e+01,1.168293590364e+02,6.201836696114e+01,1.000000000000e+00,-2.245179113575
1214,16370,5994873046.875000,-4.481140616365e+01,-1.344342184910e+02,4.697549857117e+00,-1.449626769029e+02,-3.831070469161e+01,-1.405110565807e+02,1.000000000000e+00,-2.268517561183
1215,16371,5995239257.812500,-4.481140616365e+01,4.481140616365e+01,-5.892545390091e+01,2.711685181991e+01,-6.193391684958e+01,3.819310956623e+01,1.000000000000e+00,-2.291836644603
1216,16372,5995605468.750000,-3.136798431456e+02,-2.240570308183e+02,-2.216572366201e+02,-3.262887623533e+02,-2.946104003288e+02,-2.656613985421e+02,1.000000000000e+00,-2.315136506574
1217,16373,5995971679.687500,-2.240570308183e+02,-2.240570308183e+02,-1.356736878004e+02,-2.943969671415e+02,-2.051288130294e+02,-2.538990924527e+02,1.000000000000e+00,-2.338417291246
1218,16374,5996337890.625000,2.240570308183e+02,3.136798431456e+02,1.036909475851e+02,3.804364328293e+02,1.705505736552e+02,3.414965311238e+02,1.000000000000e+00,-2.361679144141
1219,16375,5996704101.562500,2.240570308183e+02,-2.240570308183e+02,2.945162945097e+02,-1.352747750176e+02,2.421541305697e+02,-1.945590618024e+02,1.000000000000e+00,-2.384922212126
1220,16376,5997070312.500000,3.136798431456e+02,4.481140616365e+01,2.848780375464e+02,1.545182916218e+02,2.955186221052e+02,8.548967523265e+01,1.000000000000e+00,-2.408146643376
1221,16377,5997436523.437500,-2.240570308183e+02,-1.344342184910e+02,-1.673891707277e+02,-2.083862899614e+02,-2.165907145923e+02,-1.653219965979e+02,1.000000000000e+00,-2.431352587349
1222,16378,5997802734.375000,-1.344342184910e+02,3.136798431456e+02,-2.398086995900e+02,2.537821747274e+02,-1.865758080413e+02,2.935250716369e+02,1.000000000000e+00,-2.454540194751
1223,16379,5998168945.312500,4.481140616365e+01,2.240570308183e+02,-3.572171869507e+01,2.310623639790e+02,4.328540491453e+00,2.276956130991e+02,1.000000000000e+00,-2.477709617507
1224,16380,5998535156.250000,4.481140616365e+01,-3.136798431456e+02,1.529735289071e+02,-2.859180943052e+02,7.453967775607e+01,-3.090410227466e+02,1.000000000000e+00,-2.500861008732
1225,16381,5998901367.187500,-2.240570308183e+02,4.481140616365e+01,-2.312130668895e+02,-3.508144937027e+01,-2.403541104839e+02,1.383314467650e+01,1.000000000000e+00,-2.523994522702
1226,16382,5999267578.125000,4.481140616365e+01,-3.136798431456e+02,1.522117810975e+02,-2.864064105119e+02,7.403784659821e+01,-3.095456475805e+02,1.000000000000e+00,-2.547110314822
1227,16383,5999633789.062500,4.481140616365e+01,1.344342184910e+02,-3.405079307234e+00,1.450260465134e+02,1.681336192964e+01,1.377021282704e+02,1.000000000000e+00,-2.570208541603
1228,16384,6000000000.000000,-3.136798431456e+02,2.240570308183e+02,-3.796872389284e+02,1.077001473831e+02,-3.524020648044e+02,1.818145981597e+02,1.000000000000e+00,-2.593289360632
1229,16385,6000366210.937500,1.344342184910e+02,-3.136798431456e+02,2.377636952695e+02,-2.559094067130e+02,1.632078206476e+02,-2.987110398105e+02,1.000000000000e+00,-2.616352930543
1230,16386,6000732421.875000,-2.240570308183e+02,-3.136798431456e+02,-1.077122750699e+02,-3.794743312565e+02,-1.945325808380e+02,-3.442137052140e+02,1.000000000000e+00,-2.639399410991
1231,16387,6001098632.812500,-4.481140616365e+01,1.344342184910e+02,-8.945793742998e+01,1.141077619267e+02,-7.243686641484e+01,1.257305385297e+02,1.000000000000e+00,-2.662428962630
1232,16388,6001464843.750000,1.344342184910e+02,4.481140616365e+01,1.143014415887e+02,8.928863940457e+01,1.180210762093e+02,5.875674926694e+01,1.000000000000e+00,-2.685441747080
1233,16389,6001831054.687500,-3.136798431456e+02,-1.344342184910e+02,-2.569638865220e+02,-2.367843969791e+02,-3.072014981645e+02,-1.764122230854e+02,1.000000000000e+00,-2.708437926907
1234,16390,6002197265.625000,1.344342184910e+02,3.136798431456e+02,2.315267916864e+01,3.486965621187e+02,8.493620949519e+01,3.269859167279e+02,1.000000000000e+00,-2.731417665597
1235,16391,6002563476.562500,3.136798431456e+02,1.344342184910e+02,2.573436862437e+02,2.363941509640e+02,2.863130062893e+02,1.699851930602e+02,1.000000000000e+00,-2.754381127530
1236,16392,6002929687.500000,-3.136798431456e+02,3.136798431456e+02,-4.094126807783e+02,1.966525273046e+02,-3.627479358987e+02,2.710471333075e+02,1.000000000000e+00,-2.777328477958
1237,16393,6003295898.437500,-3.136798431456e+02,1.344342184910e+02,-3.484390451899e+02,2.371886154164e+01,-3.402608144740e+02,9.181550884674e+01,1.000000000000e+00,-2.800259882980
1238,16394,6003662109.375000,-1.344342184910e+02,1.344342184910e+02,-1.751557145869e+02,8.443849226402e+01,-1.610948018805e+02,1.138761278713e+02,1.000000000000e+00,-2.823175509520
1239,16395,6004028320.312500,-2.240570308183e+02,-1.344342184910e+02,-1.710607526711e+02,-2.051543080069e+02,-2.171246685598e+02,-1.655836852460e+02,1.000000000000e+00,-2.846075525305
1240,16396,6004394531.250000,3.136798431456e+02,2.240570308183e+02,2.282832403296e+02,3.216157828037e+02,2.757200642151e+02,2.582044016258e+02,1.000000000000e+00,-2.868960098840
1241,16397,6004760742.187500,-3.136798431456e+02,-2.240570308183e+02,-2.291424449606e+02,-3.214070330325e+02,-2.965667597402e+02,-2.659338577133e+02,1.000000000000e+00,-2.891829399389
1242,16398,6005126953.125000,2.240570308183e+02,-1.344342184910e+02,2.617904719067e+02,-5.597861094065e+01,2.302648709817e+02,-1.116786349819e+02,1.000000000000e+00,-2.914683596956
1243,16399,6005493164.062500,2.240570308183e+02,1.344342184910e+02,1.726379926144e+02,2.046232800528e+02,1.979318045488e+02,1.572610397850e+02,1.000000000000e+00,-2.937522862257
1244,16400,6005859375.000000,1.344342184910e+02,2.240570308183e+02,5.609004943176e+01,2.617922068167e+02,9.741137238705e+01,2.360357525081e+02,1.000000000000e+00,-2.960347366706
1245,16401,6006225585.937500,3.136798431456e+02,3.136798431456e+02,2.009698929886e+02,4.075100165286e+02,2.662978520294e+02,3.467725465919e+02,1.000000000000e+00,-2.983157282393
1246,16402,6006591796.875000,-3.136798431456e+02,4.481140616365e+01,-3.189829177095e+02,-5.870960296784e+01,-3.286122836657e+02,3.443544091352e+00,1.000000000000e+00,-3.005952782065
1247,16403,6006958007.812500,-4.481140616365e+01,-1.344342184910e+02,-1.679425673609e-01,-1.449554693874e+02,-3.909746074960e+01,-1.442194590046e+02,1.000000000000e+00,-3.028734039104
1248,16404,6007324218.750000,-1.344342184910e+02,-3.136798431456e+02,-3.012853125775e+01,-3.478699633372e+02,-1.085398546986e+02,-3.336673565509e+02,1.000000000000e+00,-3.051501227514
1249,16405,6007690429.687500,2.240570308183e+02,-1.344342184910e+02,2.607537134241e+02,-5.936597632865e+01,2.295969917683e+02,-1.143335118266e+02,1.000000000000e+00,-3.074254521898
1250,16406,6008056640.625000,-1.344342184910e+02,-3.136798431456e+02,-3.152064242477e+01,-3.479683594071e+02,-1.092477778653e+02,-3.338710604498e+02,1.000000000000e+00,-3.096994097440
1251,16407,6008422851.562500,3.136798431456e+02,3.136798431456e+02,2.070663233759e+02,4.043531517275e+02,2.703371389954e+02,3.430834952734e+02,1.000000000000e+00,-3.119720129891
1252,16408,6008789062.500000,-4.481140616365e+01,-1.344342184910e+02,-1.750209524587e+00,-1.451460470510e+02,-3.975961532133e+01,-1.447847450760e+02,1.000000000000e+00,3.140752511630
1253,16409,6009155273.437500,1.344342184910e+02,1.344342184910e+02,8.945441990001e+01,1.730158427731e+02,1.110061512790e+02,1.436208737753e+02,1.000000000000e+00,3.118053035934
1254,16410,6009521484.375000,4.481140616365e+01,1.344342184910e+02,1.989406203073e+00,1.451522074550e+02,2.120674953925e+01,1.339280581112e+02,1.000000000000e+00,3.095366572857
1255,16411,6009887695.312500,2.240570308183e+02,-4.481140616365e+01,2.326306678293e+02,2.580530922118e+01,2.201141602196e+02,-2.626193733636e+01,1.000000000000e+00,3.072692944555
1256,16412,6010253906.250000,4.481140616365e+01,3.136798431456e+02,-5.296839194828e+01,3.201649945991e+02,2.208347930649e+00,3.131489136439e+02,1.000000000000e+00,3.050031972700
1257,16413,6010620117.187500,3.136798431456e+02,3.136798431456e+02,2.107037081123e+02,4.023821626939e+02,2.721409905821e+02,3.412147332612e+02,1.000000000000e+00,3.027383478497
1258,16414,6010986328.125000,-1.344342184910e+02,-4.481140616365e+01,-1.178950518333e+02,-8.451072291809e+01,-1.388789504705e+02,-6.473881823026e+01,1.000000000000e+00,3.004747282698
1259,16415,6011352539.062500,1.344342184910e+02,1.344342184910e+02,9.090123108812e+01,1.720646912427e+02,1.119014330039e+02,1.423810714753e+02,1.000000000000e+00,2.982123205614
1260,16416,6011718750.000000,-4.481140616365e+01,3.136798431456e+02,-1.382950730416e+02,2.933502373253e+02,-8.604981398438e+01,3.031918628563e+02,1.000000000000e+00,2.959511067133
1261,16417,6012084960.937500,3.136798431456e+02,3.136798431456e+02,2.128128186308e+02,4.010720905462e+02,2.729863374683e+02,3.401282926876e+02,1.000000000000e+00,2.936910686733
1262,16418,6012451171.875000,2.240570308183e+02,-4.481140616365e+01,2.327779175256e+02,2.287778510448e+01,2.203873255626e+02,-2.843933085212e+01,1.000000000000e+00,2.914321883490
1263,16419,6012817382.812500,-1.344342184910e+02,-3.136798431456e+02,-3.895733518366e+01,-3.472209170810e+02,-1.115205600636e+02,-3.343134198572e+02,1.000000000000e+00,2.891744476101
1264,16420,6013183593.750000,-4.481140616365e+01,-4.481140616365e+01,-3.079809123425e+01,-5.711129444517e+01,-4.883688385797e+01,-5.600103996951e+01,1.000000000000e+00,2.869178282887
1265,16421,6013549804.687500,-4.481140616365e+01,-2.240570308183e+02,2.125670407450e+01,-2.329790122340e+02,-3.126042204579e+01,-2.356605482143e+02,1.000000000000e+00,2.846623121813
1266,16422,6013916015.625000,2.240570308183e+02,-1.344342184910e+02,2.589074069088e+02,-6.734945335262e+01,2.292975284437e+02,-1.199637520951e+02,1.000000000000e+00,2.824078810494
1267,16423,6014282226.562500,1.344342184910e+02,-1.344342184910e+02,1.706613200353e+02,-9.364467016241e+01,1.394083119360e+02,-1.289319671247e+02,1.000000000000e+00,2.801545166212
1268,16424,6014648437.500000,1.344342184910e+02,-3.136798431456e+02,2.213860462405e+02,-2.703992909168e+02,1.561491886562e+02,-3.089618444270e+02,1.000000000000e+00,2.779022005925
1269,16425,6015014648.437500,1.344342184910e+02,3.136798431456e+02,4.393991500983e+01,3.467207280885e+02,9.786889139988e+01,3.198135327961e+02,1.000000000000e+00,2.756509146278
1270,16426,6015380859.375000,-1.344342184910e+02,4.481140616365e+01,-1.449264881207e+02,6.445399736070e+00,-1.467459967967e+02,2.529665386907e+01,1.000000000000e+00,2.734006403614
1271,16427,6015747070.312500,3.136798431456e+02,2.240570308183e+02,2.464487677186e+02,3.080438108083e+02,2.861393227967e+02,2.458343666647e+02,1.000000000000e+00,2.711513593986
1272,16428,6016113281.250000,1.344342184910e+02,2.240570308183e+02,7.038286739990e+01,2.579638574597e+02,1.067480711708e+02,2.292702705122e+02,1.000000000000e+00,2.689030533166
1273,16429,6016479492.187500,2.240570308183e+02,1.344342184910e+02,1.840299266980e+02,1.942249322819e+02,2.050984904427e+02,1.473425252472e+02,1.000000000000e+00,2.666557036657
1274,16430,6016845703.125000,-4.481140616365e+01,-4.481140616365e+01,-3.201731109210e+01,-5.649298515201e+01,-4.847855535332e+01,-5.662719392087e+01,1.000000000000e+00,2.644092919700
1275,16431,6017211914.062500,3.136798431456e+02,-4.481140616365e+01,3.220895215046e+02,4.100189662257e+01,3.114489404826e+02,-2.501724036617e+01,1.000000000000e+00,2.621637997284
1276,16432,6017578125.000000,-3.136798431456e+02,4.481140616365e+01,-3.219892692559e+02,-4.077942830221e+01,-3.259782446217e+02,9.217560048336e+00,1.000000000000e+00,2.599192084158
1277,16433,6017944335.937500,3.136798431456e+02,-3.136798431456e+02,3.945834511657e+02,-2.249626621536e+02,3.354138100781e+02,-2.945635783530e+02,1.000000000000e+00,2.576754994838
1278,16434,6018310546.875000,-4.481140616365e+01,1.344342184910e+02,-8.020548547202e+01,1.209713247681e+02,-6.371260346544e+01,1.229394437509e+02,1.000000000000e+00,2.554326543616
1279,16435,6018676757.812500,4.481140616365e+01,2.240570308183e+02,-1.457645513378e+01,2.337027918953e+02,1.922373350147e+01,2.206026231236e+02,1.000000000000e+00,2.531906544568
1280,16436,6019042968.750000,-2.240570308183e+02,4.481140616365e+01,-2.338523003810e+02,-1.370864618447e+01,-2.356514515187e+02,1.853780228211e+01,1.000000000000e+00,2.509494811564
1281,16437,6019409179.687500,-3.136798431456e+02,1.344342184910e+02,-3.458291405403e+02,5.243206264829e+01,-3.327633829228e+02,1.013116670647e+02,1.000000000000e+00,2.487091158274
1282,16438,6019775390.625000,2.240570308183e+02,-2.240570308183e+02,2.797218576591e+02,-1.648336149441e+02,2.364395790255e+02,-2.154460704455e+02,1.000000000000e+00,2.464695398177
1283,16439,6020141601.562500,-2.240570308183e+02,1.344342184910e+02,-2.565181074810e+02,7.648526285140e+01,-2.422169368292e+02,1.086804594019e+02,1.000000000000e+00,2.442307344569
1284,16440,6020507812.500000,1.344342184910e+02,1.344342184910e+02,9.981752279524e+01,1.672146400434e+02,1.182299500524e+02,1.367482305767e+02,1.000000000000e+00,2.419926810570
1285,16441,6020874023.437500,-4.481140616365e+01,1.344342184910e+02,-7.777671004850e+01,1.225352188528e+02,-6.137386756606e+01,1.229482055193e+02,1.000000000000e+00,2.397553609131
1286,16442,6021240234.375000,2.240570308183e+02,1.344342184910e+02,1.899350198262e+02,1.886277406908e+02,2.090137499772e+02,1.427714043791e+02,1.000000000000e+00,2.375187553040
1287,16443,6021606445.312500,2.240570308183e+02,4.481140616365e+01,2.121628326048e+02,9.916310566697e+01,2.158699680501e+02,5.254713685337e+01,1.000000000000e+00,2.352828454932
1288,16444,6021972656.250000,-3.136798431456e+02,-1.344342184910e+02,-2.800588065493e+02,-2.098335098719e+02,-3.116671907017e+02,-1.669986979899e+02,1.000000000000e+00,2.330476127292
1289,16445,6022338867.187500,-4.481140616365e+01,-4.481140616365e+01,-3.390948251733e+01,-5.542621358199e+01,-4.767853881344e+01,-5.736932898173e+01,1.000000000000e+00,2.308130382463
1290,16446,6022705078.125000,4.481140616365e+01,1.344342184910e+02,1.264887334849e+01,1.447166466353e+02,2.972551378572e+01,1.292254609791e+02,1.000000000000e+00,2.285791032652
1291,16447,6023071289.062500,1.344342184910e+02,-4.481140616365e+01,1.446783960061e+02,-1.294011249072e+01,1.327392790540e+02,-4.480354687582e+01,1.000000000000e+00,2.263457889939
1292,16448,6023437500.000000,1.344342184910e+02,3.136798431456e+02,6.103914201331e+01,3.445328446003e+02,1.081447175887e+02,3.154505736828e+02,1.000000000000e+00,2.241130766277
1293,16449,6023803710.937500,1.344342184910e+02,-3.136798431456e+02,2.065911914388e+02,-2.824916330495e+02,1.509465480324e+02,-3.160176467162e+02,1.000000000000e+00,2.218809473501
1294,16450,6024169921.875000,4.481140616365e+01,3.136798431456e+02,-2.628813790267e+01,3.238730375315e+02,1.960240879444e+01,3.090800928060e+02,1.000000000000e+00,2.196493823336
1295,16451,6024536132.812500,-4.481140616365e+01,1.344342184910e+02,-7.471963222769e+01,1.245884802711e+02,-5.844577504454e+01,1.229622603338e+02,1.000000000000e+00,2.174183627398
1296,16452,6024902343.750000,-2.240570308183e+02,-2.240570308183e+02,-1.756172537572e+02,-2.731792257888e+02,-2.173964468356e+02,-2.481115826378e+02,1.000000000000e+00,2.151878697201
1297,16453,6025268554.687500,2.240570308183e+02,-3.136798431456e+02,2.922876481627e+02,-2.659111850335e+02,2.387276232746e+02,-3.124773548071e+02,1.000000000000e+00,2.129578844164
1298,16454,6025634765.625000,-2.240570308183e+02,1.344342184910e+02,-2.535782298799e+02,8.650299066642e+01,-2.380897995129e+02,1.124867612048e+02,1.000000000000e+00,2.107283879612
1299,16455,6026000976.562500,-2.240570308183e+02,2.240570308183e+02,-2.728447412480e+02,1.765963690452e+02,-2.433616927924e+02,2.025700904199e+02,1.000000000000e+00,2.084993614786
1300,16456,6026367187.500000,-2.240570308183e+02,1.344342184910e+02,-2.532408589570e+02,8.750754149056e+01,-2.376482964166e+02,1.126888473869e+02,1.000000000000e+00,2.062707860842
1301,16457,6026733398.437500,-2.240570308183e+02,4.481140616365e+01,-2.342297154943e+02,-1.655469050442e+00,-2.322984280568e+02,2.283746111826e+01,1.000000000000e+00,2.040426428859
1302,16458,6027099609.375000,3.136798431456e+02,-1.344342184910e+02,3.426330056923e+02,-7.046435677294e+01,3.187472293642e+02,-1.285997519935e+02,1.000000000000e+00,2.018149129846
1303,16459,6027465820.312500,-1.344342184910e+02,1.344342184910e+02,-1.626776933842e+02,1.073859330361e+02,-1.467316335763e+02,1.178378368705e+02,1.000000000000e+00,1.995875774740
1304,16460,6027832031.250000,-4.481140616365e+01,-2.240570308183e+02,1.038287214661e+00,-2.343336809588e+02,-3.650697946405e+01,-2.383359982378e+02,1.000000000000e+00,1.973606174415
1305,16461,6028198242.187500,4.481140616365e+01,4.481140616365e+01,3.594988145894e+01,5.415058772212e+01,3.892525581932e+01,3.729532537376e+01,1.000000000000e+00,1.951340139684
1306,16462,6028564453.125000,3.136798431456e+02,-2.240570308183e+02,3.600791320555e+02,-1.631619431747e+02,3.238087273316e+02,-2.199088326733e+02,1.000000000000e+00,1.929077481306
1307,16463,6028930664.062500,4.481140616365e+01,2.240570308183e+02,1.668943370489e+00,2.342944657898e+02,3.090264718158e+01,2.174193628866e+02,1.000000000000e+00,1.906818009986
1308,16464,6029296875.000000,3.136798431456e+02,-4.481140616365e+01,3.246102143623e+02,1.431636560261e+01,3.146852956499e+02,-4.149916681940e+01,1.000000000000e+00,1.884561536380
1309,16465,6029663085.937500,-1.344342184910e+02,-1.344342184910e+02,-1.106775070700e+02,-1.605080138522e+02,-1.329874393141e+02,-1.516192148221e+02,1.000000000000e+00,1.862307871103
1310,16466,6030029296.875000,-2.240570308183e+02,-2.240570308183e+02,-1.855572270006e+02,-2.667816869251e+02,-2.200450752135e+02,-2.451535058337e+02,1.000000000000e+00,1.840056824727
1311,16467,6030395507.812500,1.344342184910e+02,-3.136798431456e+02,1.920603890903e+02,-2.926507247772e+02,1.447472444583e+02,-3.215922497799e+02,1.000000000000e+00,1.817808207786
1312,16468,6030761718.750000,3.136798431456e+02,-3.136798431456e+02,3.726576426418e+02,-2.611798689374e+02,3.254469118562e+02,-3.149170864905e+02,1.000000000000e+00,1.795561830783
1313,16469,6031127929.687500,3.136798431456e+02,4.481140616365e+01,3.091638535898e+02,1.003913572968e+02,3.119618996638e+02,4.617871908823e+01,1.000000000000e+00,1.773317504191
1314,16470,6031494140.625000,3.136798431456e+02,2.240570308183e+02,2.783113422454e+02,2.808214643508e+02,3.056220607317e+02,2.264237432456e+02,1.000000000000e+00,1.751075038456
1315,16471,6031860351.562500,3.136798431456e+02,1.344342184910e+02,2.942373787838e+02,1.894644682753e+02,3.091358985298e+02,1.356542290394e+02,1.000000000000e+00,1.728834244002
1316,16472,6032226562.500000,2.240570308183e+02,-1.344342184910e+02,2.492786626814e+02,-9.836681784490e+01,2.282672509992e+02,-1.388243173547e+02,1.000000000000e+00,1.706594931232
1317,16473,6032592773.437500,3.136798431456e+02,-1.344342184910e+02,3.398488108565e+02,-8.426783059053e+01,3.186980371413e+02,-1.363522166980e+02,1.000000000000e+00,1.684356910534
1318,16474,6032958984.375000,2.240570308183e+02,2.240570308183e+02,1.906240082406e+02,2.634904955849e+02,2.173199851457e+02,2.219838489340e+02,1.000000000000e+00,1.662119992285
1319,16475,6033325195.312500,-2.240570308183e+02,1.344342184910e+02,-2.485446138106e+02,1.002839683616e+02,-2.315606825093e+02,1.178378640291e+02,1.000000000000e+00,1.639883986850
1320,16476,6033691406.250000,3.136798431456e+02,4.481140616365e+01,3.105839485359e+02,9.494923600077e+01,3.132480929837e+02,4.323054944413e+01,1.000000000000e+00,1.617648704590
1321,16477,6034057617.187500,-2.240570308183e+02,-3.136798431456e+02,-1.780066628189e+02,-3.525035782848e+02,-2.181069480330e+02,-3.332520507867e+02,1.000000000000e+00,1.595413955863
1322,16478,6034423828.125000,-3.136798431456e+02,2.240570308183e+02,-3.523133981044e+02,1.789729040402e+02,-3.233180682469e+02,2.061942079279e+02,1.000000000000e+00,1.573179551026
1323,16479,6034790039.062500,1.344342184910e+02,2.240570308183e+02,1.025470169847e+02,2.476457393400e+02,1.287549882810e+02,2.183070651533e+02,1.000000000000e+00,1.550945300442
1324,16480,6035156250.000000,4.481140616365e+01,-2.240570308183e+02,7.869466386887e+01,-2.208710559358e+02,4.982442356347e+01,-2.360935388284e+02,1.000000000000e+00,1.528711014479
1325,16481,6035522460.937500,1.344342184910e+02,3.136798431456e+02,9.127672072198e+01,3.380547439945e+02,1.280872826235e+02,3.081827337677e+02,1.000000000000e+00,1.506476503518
1326,16482,6035888671.875000,-4.481140616365e+01,1.344342184910e+02,-6.444009373788e+01,1.303175868128e+02,-4.830744427536e+01,1.235282781978e+02,1.000000000000e+00,1.484241577951
1327,16483,6036254882.812500,-2.240570308183e+02,-1.344342184910e+02,-2.093437617493e+02,-1.675208064548e+02,-2.239985156242e+02,-1.508168188319e+02,1.000000000000e+00,1.462006048188
1328,16484,6036621093.750000,-2.240570308183e+02,4.481140616365e+01,-2.340364071134e+02,1.539007914697e+01,-2.270186432542e+02,3.034672479722e+01,1.000000000000e+00,1.439769724659
1329,16485,6036987304.687500,3.136798431456e+02,2.240570308183e+02,2.898154515817e+02,2.695886768212e+02,3.133911663657e+02,2.196082703993e+02,1.000000000000e+00,1.417532417818
1330,16486,6037353515.625000,3.136798431456e+02,2.240570308183e+02,2.907820760304e+02,2.684633470425e+02,3.140836572890e+02,2.187928679003e+02,1.000000000000e+00,1.395293938147
1331,16487,6037719726.562500,-1.344342184910e+02,2.240570308183e+02,-1.648509036987e+02,2.115774842838e+02,-1.375396376611e+02,2.135672012751e+02,1.000000000000e+00,1.373054096155
1332,16488,6038085937.500000,-1.344342184910e+02,-2.240570308183e+02,-1.097784577019e+02,-2.446325984956e+02,-1.332915102214e+02,-2.384749655276e+02,1.000000000000e+00,1.350812702388
1333,16489,6038452148.437500,3.136798431456e+02,1.344342184910e+02,3.030486993902e+02,1.749638086980e+02,3.156813005368e+02,1.272694587587e+02,1.000000000000e+00,1.328569567428
1334,16490,6038818359.375000,-3.136798431456e+02,-1.344342184910e+02,-3.027893929447e+02,-1.748530333442e+02,-3.136689142536e+02,-1.501608247384e+02,1.000000000000e+00,1.306324501897
1335,16491,6039184570.312500,-4.481140616365e+01,2.240570308183e+02,-7.217029054370e+01,2.226996460623e+02,-4.621369487452e+01,2.140214741901e+02,1.000000000000e+00,1.284077316462
1336,16492,6039550781.250000,3.136798431456e+02,4.481140616365e+01,3.146146117134e+02,8.108273779051e+01,3.172708544363e+02,3.547736305498e+01,1.000000000000e+00,1.261827821840
1337,16493,6039916992.187500,-1.344342184910e+02,4.481140616365e+01,-1.419985036685e+02,3.131788826387e+01,-1.342869652845e+02,3.386528645586e+01,1.000000000000e+00,1.239575828796
1338,16494,6040283203.125000,4.481140616365e+01,-4.481140616365e+01,5.045365033590e+01,-4.103302312654e+01,4.678113544156e+01,-5.649217957166e+01,1.000000000000e+00,1.217321148152
1339,16495,6040649414.062500,2.240570308183e+02,4.481140616365e+01,2.240386939502e+02,6.905708808723e+01,2.278068978670e+02,3.397594073935e+01,1.000000000000e+00,1.195063590792
1340,16496,6041015625.000000,-2.240570308183e+02,-1.344342184910e+02,-2.148580400043e+02,-1.602734667087e+02,-2.240792694272e+02,-1.468991210903e+02,1.000000000000e+00,1.172802967658
1341,16497,6041381835.937500,-4.481140616365e+01,4.481140616365e+01,-5.021356634012e+01,4.130967205496e+01,-4.302271482311e+01,3.408865154920e+01,1.000000000000e+00,1.150539089765
1342,16498,6041748046.875000,3.136798431456e+02,2.240570308183e+02,2.990277792320e+02,2.589662052979e+02,3.197799621326e+02,2.135485608706e+02,1.000000000000e+00,1.128271768195
1343,16499,6042114257.812500,1.344342184910e+02,-2.240570308183e+02,1.582585265327e+02,-2.164450349131e+02,1.368461408340e+02,-2.380200015551e+02,1.000000000000e+00,1.106000814107
1344,16500,6042480468.750000,1.344342184910e+02,2.240570308183e+02,1.165697502308e+02,2.413460471839e+02,1.393116382718e+02,2.142108850212e+02,1.000000000000e+00,1.083726038742
1345,16501,6042846679.687500,-1.344342184910e+02,-1.344342184910e+02,-1.248931669009e+02,-1.496734810087e+02,-1.332830203605e+02,-1.461191818200e+02,1.000000000000e+00,1.061447253423
1346,16502,6043212890.625000,-2.240570308183e+02,-4.481140616365e+01,-2.248762986517e+02,-6.575424785604e+01,-2.231916198317e+02,-5.497924863630e+01,1.000000000000e+00,1.039164269562
1347,16503,6043579101.562500,1.344342184910e+02,-3.136798431456e+02,1.638950511634e+02,-3.093155199521e+02,1.358557852669e+02,-3.286707335395e+02,1.000000000000e+00,1.016876898667
1348,16504,6043945312.500000,-2.240570308183e+02,4.481140616365e+01,-2.327743394456e+02,2.800893785750e+01,-2.221498953988e+02,3.706575812599e+01,1.000000000000e+00,0.994584952341
1349,16505,6044311523.437500,3.136798431456e+02,3.136798431456e+02,2.962085976205e+02,3.455121653705e+02,3.238599814179e+02,3.015514117990e+02,1.000000000000e+00,0.972288242293
1350,16506,6044677734.375000,3.136798431456e+02,-2.240570308183e+02,3.383180607535e+02,-2.045847927307e+02,3.174516795727e+02,-2.405056524028e+02,1.000000000000e+00,0.949986580338
1351,16507,6045043945.312500,-2.240570308183e+02,-1.344342184910e+02,-2.186742604037e+02,-1.548257139437e+02,-2.235344594471e+02,-1.439451904184e+02,1.000000000000e+00,0.927679778407
1352,16508,6045410156.250000,-4.481140616365e+01,-1.344342184910e+02,-3.591276585135e+01,-1.408210675719e+02,-4.295527624579e+01,-1.457771988241e+02,1.000000000000e+00,0.905367648549
1353,16509,6045776367.187500,-2.240570308183e+02,1.344342184910e+02,-2.387058882342e+02,1.218527287436e+02,-2.196092828625e+02,1.283804617711e+02,1.000000000000e+00,0.883050002935
1354,16510,6046142578.125000,2.240570308183e+02,4.481140616365e+01,2.263404115749e+02,6.096551018478e+01,2.311731566120e+02,3.059313255158e+01,1.000000000000e+00,0.860726653871
1355,16511,6046508789.062500,2.240570308183e+02,-3.136798431456e+02,2.501506145929e+02,-3.064049475177e+02,2.251193035770e+02,-3.310397001525e+02,1.000000000000e+00,0.838397413793
1356,16512,6046875000.000000,-2.240570308183e+02,-1.344342184910e+02,-2.208007998150e+02,-1.522069323717e+02,-2.237317922659e+02,-1.422845391161e+02,1.000000000000e+00,0.816062095283
1357,16513,6047241210.937500,-1.344342184910e+02,3.136798431456e+02,-1.568679403434e+02,3.130952457680e+02,-1.244315782319e+02,3.086458239914e+02,1.000000000000e+00,0.793720511069
1358,16514,6047607421.875000,3.136798431456e+02,-4.481140616365e+01,3.237762643308e+02,-2.824919103539e+01,3.203343457298e+02,-6.301749986002e+01,1.000000000000e+00,0.771372474034
1359,16515,6047973632.812500,4.481140616365e+01,-3.136798431456e+02,6.201064250014e+01,-3.188918655456e+02,4.191544626161e+01,-3.277166107566e+02,1.000000000000e+00,0.749017797220
1360,16516,6048339843.750000,4.481140616365e+01,-4.481140616365e+01,4.817736684765e+01,-4.363048265643e+01,4.941736686883e+01,-5.666143556733e+01,1.000000000000e+00,0.726656293840
1361,16517,6048706054.687500,1.344342184910e+02,-3.136798431456e+02,1.535787227137e+02,-3.147014411981e+02,1.330946148046e+02,-3.300883492418e+02,1.000000000000e+00,0.704287777277
1362,16518,6049072265.625000,-2.240570308183e+02,-2.240570308183e+02,-2.185715307775e+02,-2.408425917913e+02,-2.259981489119e+02,-2.305164998392e+02,1.000000000000e+00,0.681912061097
1363,16519,6049438476.562500,-1.344342184910e+02,2.240570308183e+02,-1.484988715100e+02,2.232884634452e+02,-1.238136084117e+02,2.195312688090e+02,1.000000000000e+00,0.659528959057
1364,16520,6049804687.500000,-1.344342184910e+02,4.481140616365e+01,-1.398566911768e+02,3.980155526841e+01,-1.282873709247e+02,3.889134309998e+01,1.000000000000e+00,0.637138285106
1365,16521,6050170898.437500,1.344342184910e+02,1.344342184910e+02,1.319295294013e+02,1.436918807725e+02,1.455954841235e+02,1.220000799766e+02,1.000000000000e+00,0.614739853400
1366,16522,6050537109.375000,-1.344342184910e+02,-3.136798431456e+02,-1.246387933773e+02,-3.272202885702e+02,-1.380456783046e+02,-3.223120118776e+02,1.000000000000e+00,0.592333478306
1367,16523,6050903320.312500,2.240570308183e+02,4.481140616365e+01,2.278994278615e+02,5.496461311272e+01,2.338592407497e+02,2.904687087696e+01,1.000000000000e+00,0.569918974411
1368,16524,6051269531.250000,2.240570308183e+02,-1.344342184910e+02,2.347639875697e+02,-1.293699064083e+02,2.286039510168e+02,-1.519150691141e+02,1.000000000000e+00,0.547496156529
1369,16525,6051635742.187500,-4.481140616365e+01,-2.240570308183e+02,-3.813177151080e+01,-2.312397578486e+02,-4.543977960643e+01,-2.338923060664e+02,1.000000000000e+00,0.525064839713
1370,16526,6052001953.125000,1.344342184910e+02,1.344342184910e+02,1.334998208678e+02,1.420929420106e+02,1.471123709721e+02,1.216074139750e+02,1.000000000000e+00,0.502624839261
1371,16527,6052368164.062500,-4.481140616365e+01,-1.344342184910e+02,-4.200361328924e+01,-1.391042426104e+02,-4.268077605685e+01,-1.431239653298e+02,1.000000000000e+00,0.480175970726
1372,16528,6052734375.000000,-2.240570308183e+02,-1.344342184910e+02,-2.260945157551e+02,-1.437249530225e+02,-2.233418853742e+02,-1.362864293584e+02,1.000000000000e+00,0.457718049925
1373,16529,6053100585.937500,-1.344342184910e+02,-1.344342184910e+02,-1.346004705775e+02,-1.410578551739e+02,-1.330903541530e+02,-1.393226610541e+02,1.000000000000e+00,0.435250892952
1374,16530,6053466796.875000,-2.240570308183e+02,-4.481140616365e+01,-2.289535203743e+02,-5.098543381135e+01,-2.200683464965e+02,-4.533510400242e+01,1.000000000000e+00,0.412774316180
1375,16531,6053833007.812500,-4.481140616365e+01,4.481140616365e+01,-4.695939402185e+01,4.511622687275e+01,-3.562102035458e+01,3.826736173490e+01,1.000000000000e+00,0.390288136281
1376,16532,6054199218.750000,-3.136798431456e+02,2.240570308183e+02,-3.263269831841e+02,2.246651657786e+02,-2.994793449133e+02,2.306307355926e+02,1.000000000000e+00,0.367792170229
1377,16533,6054565429.687500,-4.481140616365e+01,4.481140616365e+01,-4.666221826448e+01,4.539600189951e+01,-3.511686934757e+01,3.869068021850e+01,1.000000000000e+00,0.345286235314
1378,16534,6054931640.625000,2.240570308183e+02,4.481140616365e+01,2.295745685751e+02,4.835556703184e+01,2.363542742568e+02,2.639422766070e+01,1.000000000000e+00,0.322770149153
1379,16535,6055297851.562500,4.481140616365e+01,2.240570308183e+02,4.405952896164e+01,2.302947557867e+02,6.420208681592e+01,2.154823978856e+02,1.000000000000e+00,0.300243729701
1380,16536,6055664062.500000,2.240570308183e+02,-2.240570308183e+02,2.313582348568e+02,-2.281800935116e+02,2.235495618569e+02,-2.445109741452e+02,1.000000000000e+00,0.277706795262
1381,16537,6056030273.437500,-1.344342184910e+02,3.136798431456e+02,-1.395601413254e+02,3.207444494636e+02,-1.115285508916e+02,3.143159971331e+02,1.000000000000e+00,0.255159164501
1382,16538,6056396484.375000,1.344342184910e+02,-2.240570308183e+02,1.388907660682e+02,-2.290911049218e+02,1.334282769235e+02,-2.399435048816e+02,1.000000000000e+00,0.232600656459
1383,16539,6056762695.312500,2.240570308183e+02,3.136798431456e+02,2.286194741034e+02,3.225702300923e+02,2.497870040563e+02,2.975540361693e+02,1.000000000000e+00,0.210031090560
1384,16540,6057128906.250000,2.240570308183e+02,-4.481140616365e+01,2.300174443778e+02,-4.539582962320e+01,2.327422077691e+02,-6.352502731551e+01,1.000000000000e+00,0.187450286631
1385,16541,6057495117.187500,2.240570308183e+02,1.344342184910e+02,2.298946605826e+02,1.382484159363e+02,2.417443525418e+02,1.172083091447e+02,1.000000000000e+00,0.164858064908
1386,16542,6057861328.125000,-1.344342184910e+02,-4.481140616365e+01,-1.381231508235e+02,-4.595676438743e+01,-1.285200821651e+02,-4.576185359433e+01,1.000000000000e+00,0.142254246056
1387,16543,6058227539.062500,-3.136798431456e+02,-2.240570308183e+02,-3.227993799901e+02,-2.293249024086e+02,-3.183619500768e+02,-2.171834990511e+02,1.000000000000e+00,0.119638651179
1388,16544,6058593750.000000,-4.481140616365e+01,-1.344342184910e+02,-4.667998790988e+01,-1.378055775167e+02,-4.261344812131e+01,-1.401287249597e+02,1.000000000000e+00,0.097011101834
1389,16545,6058959960.937500,-1.344342184910e+02,2.240570308183e+02,-1.363227266504e+02,2.309322109093e+02,-1.137903890445e+02,2.262546778532e+02,1.000000000000e+00,0.074371420049
1390,16546,6059326171.875000,-2.240570308183e+02,2.240570308183e+02,-2.275758245056e+02,2.322534407278e+02,-2.034669583401e+02,2.316484174569e+02,1.000000000000e+00,0.051719428335
1391,16547,6059692382.812500,-4.481140616365e+01,4.481140616365e+01,-4.536742589571e+01,4.658881031871e+01,-3.262531430986e+01,4.131490886354e+01,1.000000000000e+00,0.029054949702
1392,16548,6060058593.750000,-4.481140616365e+01,4.481140616365e+01,-4.523709658597e+01,4.671102785860e+01,-3.242568729968e+01,4.155991487671e+01,1.000000000000e+00,0.006377807676
1393,16549,6060424804.687500,4.481140616365e+01,-2.240570308183e+02,4.209653761061e+01,-2.306564485759e+02,4.185103206128e+01,-2.344641720505e+02,1.000000000000e+00,-0.016312173688
1394,16550,6060791015.625000,-4.481140616365e+01,-4.481140616365e+01,-4.679297883784e+01,-4.516324687496e+01,-3.759399855678e+01,-4.837502641487e+01,1.000000000000e+00,-0.039015169784
1395,16551,6061157226.562500,3.136798431456e+02,-3.136798431456e+02,3.160422802384e+02,-3.276902990290e+02,3.076874771495e+02,-3.404168882587e+02,1.000000000000e+00,-0.061731355446
1396,16552,6061523437.500000,2.240570308183e+02,-2.240570308183e+02,2.258231110204e+02,-2.340244365303e+02,2.230915223138e+02,-2.444165179918e+02,1.000000000000e+00,-0.084460904922
1397,16553,6061889648.437500,-3.136798431456e+02,-2.240570308183e+02,-3.259615231353e+02,-2.242851784329e+02,-3.184423864708e+02,-2.131872686131e+02,1.000000000000e+00,-0.107203991863
1398,16554,6062255859.375000,1.344342184910e+02,-1.344342184910e+02,1.352524751902e+02,-1.406663806606e+02,1.381788853930e+02,-1.485636894204e+02,1.000000000000e+00,-0.129960789303
1399,16555,6062622070.312500,1.344342184910e+02,4.481140616365e+01,1.389862740011e+02,4.285528534445e+01,1.488554707430e+02,3.191464418901e+01,1.000000000000e+00,-0.152731469640
1400,16556,6062988281.250000,-4.481140616365e+01,1.344342184910e+02,-4.243068521835e+01,1.391094898408e+02,-2.586400347034e+01,1.333915285646e+02,1.000000000000e+00,-0.175516204617
1401,16557,6063354492.187500,-3.136798431456e+02,-3.136798431456e+02,-3.304166143086e+02,-3.133429116916e+02,-3.250443144214e+02,-3.008075781504e+02,1.000000000000e+00,-0.198315165302
1402,16558,6063720703.125000,1.344342184910e+02,-2.240570308183e+02,1.317003505357e+02,-2.337125858682e+02,1.321703996431e+02,-2.387751692972e+02,1.000000000000e+00,-0.221128522071
1403,16559,6064086914.062500,-2.240570308183e+02,4.481140616365e+01,-2.287089490032e+02,5.239010474768e+01,-2.119801423576e+02,5.503184701787e+01,1.000000000000e+00,-0.243956444587
1404,16560,6064453125.000000,-2.240570308183e+02,-1.344342184910e+02,-2.338394451430e+02,-1.316601411548e+02,-2.231855997377e+02,-1.256436818800e+02,1.000000000000e+00,-0.266799101776
1405,16561,6064819335.937500,1.344342184910e+02,-3.136798431456e+02,1.291930245640e+02,-3.258817057339e+02,1.273485167858e+02,-3.284661524652e+02,1.000000000000e+00,-0.289656661812
1406,16562,6065185546.875000,4.481140616365e+01,-4.481140616365e+01,4.466994723570e+01,-4.732327081349e+01,5.355471427339e+01,-5.169010803825e+01,1.000000000000e+00,-0.312529292090
1407,16563,6065551757.812500,-3.136798431456e+02,1.344342184910e+02,-3.173218842606e+02,1.480757527467e+02,-2.959491630866e+02,1.520541672716e+02,1.000000000000e+00,-0.335417159208
1408,16564,6065917968.750000,-2.240570308183e+02,3.136798431456e+02,-2.184566807608e+02,3.293586196171e+02,-1.931845042369e+02,3.271594594454e+02,1.000000000000e+00,-0.358320428943
1409,16565,6066284179.687500,1.344342184910e+02,1.344342184910e+02,1.429473995344e+02,1.327018951630e+02,1.558886688739e+02,1.229140567470e+02,1.000000000000e+00,-0.381239266227
1410,16566,6066650390.625000,-3.136798431456e+02,1.344342184910e+02,-3.164326161213e+02,1.507155944313e+02,-2.951321579010e+02,1.546415109430e+02,1.000000000000e+00,-0.404173835127
1411,16567,6067016601.562500,-1.344342184910e+02,4.481140616365e+01,-1.361499742501e+02,5.182301207941e+01,-1.208785735049e+02,5.216423148644e+01,1.000000000000e+00,-0.427124298820
1412,16568,6067382812.500000,2.240570308183e+02,2.240570308183e+02,2.396684672704e+02,2.205094034176e+02,2.533955447545e+02,2.072720902959e+02,1.000000000000e+00,-0.450090819566
1413,16569,6067749023.437500,-1.344342184910e+02,-4.481140616365e+01,-1.399247235173e+02,-4.030853109323e+01,-1.271819004598e+02,-3.804534918752e+01,1.000000000000e+00,-0.473073558690
1414,16570,6068115234.375000,2.240570308183e+02,-2.240570308183e+02,2.203342293150e+02,-2.395652511380e+02,2.214642921395e+02,-2.437823996482e+02,1.000000000000e+00,-0.496072676548
1415,16571,6068481445.312500,-3.136798431456e+02,-2.240570308183e+02,-3.318236150910e+02,-2.155409381522e+02,-3.204972465781e+02,-2.048191226176e+02,1.000000000000e+00,-0.519088332510
1416,16572,6068847656.250000,-4.481140616365e+01,4.481140616365e+01,-4.377464513930e+01,4.805413011500e+01,-3.016780102908e+01,4.662115028802e+01,1.000000000000e+00,-0.542120684930
1417,16573,6069213867.187500,4.481140616365e+01,-3.136798431456e+02,3.071414640798e+01,-3.235957028266e+02,3.328054252490e+01,-3.204972397959e+02,1.000000000000e+00,-0.565169891118
1418,16574,6069580078.125000,2.240570308183e+02,4.481140616365e+01,2.319022228021e+02,3.520036575546e+01,2.404862645700e+02,2.721880337264e+01,1.000000000000e+00,-0.588236107316
1419,16575,6069946289.062500,3.136798431456e+02,1.344342184910e+02,3.282664782547e+02,1.230531067052e+02,3.374461063816e+02,1.114327989825e+02,1.000000000000e+00,-0.611319488671
1420,16576,6070312500.000000,-1.344342184910e+02,1.344342184910e+02,-1.312557470202e+02,1.445315883856e+02,-1.137915167265e+02,1.443649475900e+02,1.000000000000e+00,-0.634420189203
1421,16577,6070678710.937500,-4.481140616365e+01,-3.136798431456e+02,-6.214485474745e+01,-3.192427591159e+02,-5.730887360767e+01,-3.131055144256e+02,1.000000000000e+00,-0.657538361781
1422,16578,6071044921.875000,1.344342184910e+02,-3.136798431456e+02,1.209489462160e+02,-3.286045900894e+02,1.225797858941e+02,-3.265689640733e+02,1.000000000000e+00,-0.680674158092
1423,16579,6071411132.812500,4.481140616365e+01,-3.136798431456e+02,2.948376312968e+01,-3.239128443898e+02,3.289103931153e+01,-3.195378271526e+02,1.000000000000e+00,-0.703827728611
1424,16580,6071777343.750000,4.481140616365e+01,-4.481140616365e+01,4.365822195037e+01,-4.826124492720e+01,5.340435018521e+01,-4.867653241082e+01,1.000000000000e+00,-0.726999222573
1425,16581,6072143554.687500,-1.344342184910e+02,4.481140616365e+01,-1.356737908683e+02,5.276418908264e+01,-1.205527677525e+02,5.500414516047e+01,1.000000000000e+00,-0.750188787942
1426,16582,6072509765.625000,-2.240570308183e+02,4.481140616365e+01,-2.277236902241e+02,5.717634142027e+01,-2.109800290674e+02,6.159837908441e+01,1.000000000000e+00,-0.773396571380
1427,16583,6072875976.562500,2.240570308183e+02,1.344342184910e+02,2.366635980672e+02,1.269579102239e+02,2.470983628083e+02,1.198596417674e+02,1.000000000000e+00,-0.796622718214
1428,16584,6073242187.500000,-4.481140616365e+01,-1.344342184910e+02,-5.288092264994e+01,-1.357195989237e+02,-4.346447957483e+01,-1.316733809578e+02,1.000000000000e+00,-0.819867372407
1429,16585,6073608398.437500,3.136798431456e+02,1.344342184910e+02,3.292399761613e+02,1.209945408452e+02,3.378646213732e+02,1.124762400674e+02,1.000000000000e+00,-0.843130676526
1430,16586,6073974609.375000,4.481140616365e+01,2.240570308183e+02,5.879089578670e+01,2.273587477589e+02,7.423613126455e+01,2.232066618034e+02,1.000000000000e+00,-0.866412771704
1431,16587,6074340820.312500,-1.344342184910e+02,-1.344342184910e+02,-1.454581016837e+02,-1.303198975603e+02,-1.343606527845e+02,-1.238304688290e+02,1.000000000000e+00,-0.889713797613
1432,16588,6074707031.250000,-3.136798431456e+02,3.136798431456e+02,-3.042848026014e+02,3.388909354315e+02,-2.805052489342e+02,3.410192563828e+02,1.000000000000e+00,-0.913033892427
1433,16589,6075073242.187500,-1.344342184910e+02,3.136798431456e+02,-1.207579553641e+02,3.287826516504e+02,-1.003925562405e+02,3.273327018367e+02,1.000000000000e+00,-0.936373192789
1434,16590,6075439453.125000,4.481140616365e+01,-1.344342184910e+02,3.863548413425e+01,-1.402638138103e+02,4.636358567884e+01,-1.369842965783e+02,1.000000000000e+00,-0.959731833774
1435,16591,6075805664.062500,1.344342184910e+02,4.481140616365e+01,1.403155482391e+02,3.863947978370e+01,1.500315641422e+02,3.697610311565e+01,1.000000000000e+00,-0.983109948857
1436,16592,6076171875.000000,-2.240570308183e+02,-2.240570308183e+02,-2.422807377624e+02,-2.173268599663e+02,-2.314811517912e+02,-2.065426714246e+02,1.000000000000e+00,-1.006507669875
1437,16593,6076538085.937500,2.240570308183e+02,-1.344342184910e+02,2.219071934492e+02,-1.508888036672e+02,2.262215447085e+02,-1.506377152743e+02,1.000000000000e+00,-1.029925126991
1438,16594,6076904296.875000,-2.240570308183e+02,-1.344342184910e+02,-2.378366282202e+02,-1.241819971134e+02,-2.252756148630e+02,-1.147384356511e+02,1.000000000000e+00,-1.053362448658
1439,16595,6077270507.812500,1.344342184910e+02,-2.240570308183e+02,1.239724244069e+02,-2.379132884024e+02,1.280550338362e+02,-2.337934620169e+02,1.000000000000e+00,-1.076819761583
1440,16596,6077636718.750000,1.344342184910e+02,-3.136798431456e+02,1.183620351969e+02,-3.297633725781e+02,1.206077710802e+02,-3.237963986996e+02,1.000000000000e+00,-1.100297190686
1441,16597,6078002929.687500,-1.344342184910e+02,4.481140616365e+01,-1.349679697476e+02,5.426127095412e+01,-1.206864815228e+02,5.910628470576e+01,1.000000000000e+00,-1.123794859067
1442,16598,6078369140.625000,-3.136798431456e+02,1.344342184910e+02,-3.133327192646e+02,1.567892420466e+02,-2.940318964783e+02,1.637177620140e+02,1.000000000000e+00,-1.147312887962
1443,16599,6078735351.562500,-3.136798431456e+02,3.136798431456e+02,-3.029925579666e+02,3.400973734842e+02,-2.802030572641e+02,3.439052622523e+02,1.000000000000e+00,-1.170851396708
1444,16600,6079101562.500000,1.344342184910e+02,-2.240570308183e+02,1.248259356276e+02,-2.375166038682e+02,1.285405844491e+02,-2.325363316717e+02,1.000000000000e+00,-1.194410502702
1445,16601,6079467773.437500,2.240570308183e+02,3.136798431456e+02,2.478857400235e+02,3.086745375328e+02,2.606163637309e+02,3.020972609913e+02,1.000000000000e+00,-1.217990321362
1446,16602,6079833984.375000,-1.344342184910e+02,-2.240570308183e+02,-1.507786208269e+02,-2.220131322229e+02,-1.423037584711e+02,-2.113069684256e+02,1.000000000000e+00,-1.241590966085
1447,16603,6080200195.312500,-4.481140616365e+01,-2.240570308183e+02,-5.880799097025e+01,-2.271942508972e+02,-5.210062629801e+01,-2.181195682951e+02,1.000000000000e+00,-1.265212548210
1448,16604,6080566406.250000,-4.481140616365e+01,-4.481140616365e+01,-4.850322764954e+01,-4.339478227270e+01,-3.827289699096e+01,-3.746087316093e+01,1.000000000000e+00,-1.288855176971
1449,16605,6080932617.187500,-3.136798431456e+02,3.136798431456e+02,-3.038524395692e+02,3.393768757940e+02,-2.814218453286e+02,3.443627872500e+02,1.000000000000e+00,-1.312518959463
1450,16606,6081298828.125000,-3.136798431456e+02,-2.240570308183e+02,-3.343397742035e+02,-2.121366498965e+02,-3.230514277781e+02,-1.970069089256e+02,1.000000000000e+00,-1.336204000593
1451,16607,6081665039.062500,4.481140616365e+01,-2.240570308183e+02,3.342869712930e+01,-2.324102618738e+02,3.794695430650e+01,-2.245305457734e+02,1.000000000000e+00,-1.359910403043
1452,16608,6082031250.000000,4.481140616365e+01,-3.136798431456e+02,2.851348489915e+01,-3.244775022159e+02,3.099056474593e+01,-3.147920800120e+02,1.000000000000e+00,-1.383638267225
1453,16609,6082397460.937500,4.481140616365e+01,1.344342184910e+02,5.346423322257e+01,1.354672731810e+02,6.529814439369e+01,1.369988180752e+02,1.000000000000e+00,-1.407387691239
1454,16610,6082763671.875000,-4.481140616365e+01,-2.240570308183e+02,-5.841321065012e+01,-2.273930031945e+02,-5.271184661625e+01,-2.171547114270e+02,1.000000000000e+00,-1.431158770826
1455,16611,6083129882.812500,4.481140616365e+01,4.481140616365e+01,4.845434661685e+01,4.348490900930e+01,5.817954040228e+01,4.694474915639e+01,1.000000000000e+00,-1.454951599331
1456,16612,6083496093.750000,2.240570308183e+02,-1.344342184910e+02,2.223936300513e+02,-1.503436804911e+02,2.247293401821e+02,-1.473844611694e+02,1.000000000000e+00,-1.478766267654
1457,16613,6083862304.687500,-1.344342184910e+02,-3.136798431456e+02,-1.553310186496e+02,-3.143362441275e+02,-1.505080556577e+02,-2.999443975361e+02,1.000000000000e+00,-1.502602864208
1458,16614,6084228515.625000,-4.481140616365e+01,-4.481140616365e+01,-4.845143156992e+01,-4.348492642333e+01,-3.940925798292e+01,-3.594708858344e+01,1.000000000000e+00,-1.526461474870
1459,16615,6084594726.562500,4.481140616365e+01,3.136798431456e+02,6.328389257166e+01,3.192615809098e+02,7.879296523033e+01,3.181992457588e+02,1.000000000000e+00,-1.550342182945
1460,16616,6084960937.500000,-4.481140616365e+01,4.481140616365e+01,-4.349063705500e+01,4.842218925023e+01,-3.262414967294e+01,5.458626173815e+01,1.000000000000e+00,-1.574245069111
1461,16617,6085327148.437500,1.344342184910e+02,4.481140616365e+01,1.402278057729e+02,3.873511089581e+01,1.476422569447e+02,4.076508487703e+01,1.000000000000e+00,-1.598170211381
1462,16618,6085693359.375000,-3.136798431456e+02,-1.344342184910e+02,-3.284797454208e+02,-1.214528788494e+02,-3.171791652903e+02,-1.051171479976e+02,1.000000000000e+00,-1.622117685052
1463,16619,6086059570.312500,4.481140616365e+01,2.240570308183e+02,5.733909088301e+01,2.273026477587e+02,7.064814625722e+01,2.283357471995e+02,1.000000000000e+00,-1.646087562664
1464,16620,6086425781.250000,-1.344342184910e+02,-4.481140616365e+01,-1.401847498957e+02,-3.889427973872e+01,-1.303389896298e+02,-2.822275728240e+01,1.000000000000e+00,-1.670079913950
1465,16621,6086791992.187500,2.240570308183e+02,-3.136798431456e+02,2.129481645173e+02,-3.338860713852e+02,2.089876798051e+02,-3.271945674390e+02,1.000000000000e+00,-1.694094805792
1466,16622,6087158203.125000,-4.481140616365e+01,-3.136798431456e+02,-6.290031601815e+01,-3.194464323556e+02,-6.209933335988e+01,-3.056899755666e+02,1.000000000000e+00,-1.718132302172
1467,16623,6087524414.062500,1.344342184910e+02,-4.481140616365e+01,1.355585497148e+02,-5.296180158687e+01,1.398740586593e+02,-4.894836820610e+01,1.000000000000e+00,-1.742192464130
1468,16624,6087890625.000000,2.240570308183e+02,2.240570308183e+02,2.409757448132e+02,2.184925051090e+02,2.508031008815e+02,2.150139199163e+02,1.000000000000e+00,-1.766275349714
1469,16625,6088256835.937500,-3.136798431456e+02,-3.136798431456e+02,-3.373161332667e+02,-3.059761140061e+02,-3.324021753972e+02,-2.843036168120e+02,1.000000000000e+00,-1.790381013933
1470,16626,6088623046.875000,1.344342184910e+02,1.344342184910e+02,1.446630117502e+02,1.310995033153e+02,1.535865743601e+02,1.317871216329e+02,1.000000000000e+00,-1.814509508712
1471,16627,6088989257.812500,-4.481140616365e+01,3.136798431456e+02,-2.999312613420e+01,3.240822383830e+02,-1.249598108768e+01,3.265992974153e+02,1.000000000000e+00,-1.838660882843
1472,16628,6089355468.750000,-4.481140616365e+01,-2.240570308183e+02,-5.737023830128e+01,-2.275790069635e+02,-5.586841075978e+01,-2.147110194733e+02,1.000000000000e+00,-1.862835181941
1473,16629,6089721679.687500,1.344342184910e+02,2.240570308183e+02,1.492955351814e+02,2.230307953998e+02,1.607621737532e+02,2.219918247835e+02,1.000000000000e+00,-1.887032448395
1474,16630,6090087890.625000,2.240570308183e+02,4.481140616365e+01,2.320995560716e+02,3.472134076351e+01,2.362561025939e+02,3.429374494833e+01,1.000000000000e+00,-1.911252721319
1475,16631,6090454101.562500,1.344342184910e+02,3.136798431456e+02,1.529484339931e+02,3.152799526801e+02,1.673126170765e+02,3.124887154884e+02,1.000000000000e+00,-1.935496036512
1476,16632,6090820312.500000,-1.344342184910e+02,-4.481140616365e+01,-1.399161291331e+02,-3.979291652017e+01,-1.320658423111e+02,-2.694163978284e+01,1.000000000000e+00,-1.959762426402
1477,16633,6091186523.437500,-2.240570308183e+02,4.481140616365e+01,-2.277515531750e+02,5.584971963436e+01,-2.153638488963e+02,7.017559492406e+01,1.000000000000e+00,-1.984051920009
1478,16634,6091552734.375000,3.136798431456e+02,2.240570308183e+02,3.312319680353e+02,2.161752038666e+02,3.393797260071e+02,2.088359625307e+02,1.000000000000e+00,-2.008364542888
1479,16635,6091918945.312500,4.481140616365e+01,2.240570308183e+02,5.534401008330e+01,2.277769459075e+02,6.867159019394e+01,2.297035195670e+02,1.000000000000e+00,-2.032700317094
1480,16636,6092285156.250000,-1.344342184910e+02,-4.481140616365e+01,-1.396687941944e+02,-4.054710182316e+01,-1.325604083777e+02,-2.697698222961e+01,1.000000000000e+00,-2.057059261126
1481,16637,6092651367.187500,4.481140616365e+01,-2.240570308183e+02,3.741606638599e+01,-2.316513992953e+02,3.426139856692e+01,-2.210945928532e+02,1.000000000000e+00,-2.081441389885
1482,16638,6093017578.125000,2.240570308183e+02,2.240570308183e+02,2.382280946331e+02,2.219519681327e+02,2.482792649506e+02,2.171241836497e+02,1.000000000000e+00,-2.105846714630
1483,16639,6093383789.062500,-3.136798431456e+02,3.136798431456e+02,-3.111011085206e+02,3.332112551593e+02,-2.871842157217e+02,3.474090879317e+02,1.000000000000e+00,-2.130275242929
1484,16640,6093750000.000000,-2.240570308183e+02,-1.344342184910e+02,-2.347257248094e+02,-1.304248231740e+02,-2.302297973634e+02,-1.108375936025e+02,1.000000000000e+00,-2.154726978616
1485,16641,6094116210.937500,-4.481140616365e+01,3.136798431456e+02,-3.576539512683e+01,3.236623209359e+02,-1.670745991434e+01,3.275721065817e+02,1.000000000000e+00,-2.179201921745
1486,16642,6094482421.875000,-3.136798431456e+02,-2.240570308183e+02,-3.289924664840e+02,-2.205580500155e+02,-3.270972688195e+02,-1.949653134294e+02,1.000000000000e+00,-2.203700068548
1487,16643,6094848632.812500,-1.344342184910e+02,-4.481140616365e+01,-1.393212897491e+02,-4.222316878317e+01,-1.335747059513e+02,-2.740025307724e+01,1.000000000000e+00,-2.228221411386
1488,16644,6095214843.750000,-4.481140616365e+01,4.481140616365e+01,-4.475740255139e+01,4.727015812493e+01,-3.699188168489e+01,5.660667007190e+01,1.000000000000e+00,-2.252765938710
1489,16645,6095581054.687500,-4.481140616365e+01,-4.481140616365e+01,-4.732092912778e+01,-4.469668531236e+01,-4.368100064378e+01,-3.355088686063e+01,1.000000000000e+00,-2.277333635015
1490,16646,6095947265.625000,-2.240570308183e+02,4.481140616365e+01,-2.286509560399e+02,5.284304075785e+01,-2.175818302264e+02,7.055869181405e+01,1.000000000000e+00,-2.301924480802
1491,16647,6096313476.562500,4.481140616365e+01,2.240570308183e+02,5.210725936632e+01,2.287142422480e+02,6.627300791134e+01,2.305587554574e+02,1.000000000000e+00,-2.326538452527
1492,16648,6096679687.500000,3.136798431456e+02,-1.344342184910e+02,3.186433996016e+02,-1.452329094160e+02,3.104192827884e+02,-1.494389379827e+02,1.000000000000e+00,-2.351175522569
1493,16649,6097045898.437500,-4.481140616365e+01,-1.344342184910e+02,-4.865490666253e+01,-1.369585962991e+02,-5.025475657050e+01,-1.237994668116e+02,1.000000000000e+00,-2.375835659184
1494,16650,6097412109.375000,3.136798431456e+02,1.344342184910e+02,3.246409148654e+02,1.310701563523e+02,3.293868932901e+02,1.209535743342e+02,1.000000000000e+00,-2.400518826464
1495,16651,6097778320.312500,-3.136798431456e+02,-2.240570308183e+02,-3.269984100375e+02,-2.225196467875e+02,-3.285582786033e+02,-1.935122512217e+02,1.000000000000e+00,-2.425224984302
1496,16652,6098144531.250000,1.344342184910e+02,-4.481140616365e+01,1.368903417284e+02,-4.910540166418e+01,1.356136745386e+02,-4.696091974052e+01,1.000000000000e+00,-2.449954088349
1497,16653,6098510742.187500,4.481140616365e+01,3.136798431456e+02,5.246448807655e+01,3.210240051121e+02,7.221329015795e+01,3.208172588409e+02,1.000000000000e+00,-2.474706089976
1498,16654,6098876953.125000,1.344342184910e+02,3.136798431456e+02,1.436671275820e+02,3.196321298432e+02,1.619317947865e+02,3.143969047703e+02,1.000000000000e+00,-2.499480936241
1499,16655,6099243164.062500,-4.481140616365e+01,2.240570308183e+02,-4.247103272981e+01,2.307298434895e+02,-2.552446422584e+01,2.372840673643e+02,1.000000000000e+00,-2.524278569847
1500,16656,6099609375.000000,-4.481140616365e+01,3.136798431456e+02,-4.167848245908e+01,3.225676235944e+02,-1.935631471515e+01,3.274295596944e+02,1.000000000000e+00,-2.549098929112
1501,16657,6099975585.937500,-1.344342184910e+02,4.481140616365e+01,-1.374177451728e+02,4.755944675465e+01,-1.290890022529e+02,6.307369978307e+01,1.000000000000e+00,-2.573941947929
1502,16658,6100341796.875000,2.240570308183e+02,-3.136798431456e+02,2.262820752741e+02,-3.243855486926e+02,2.056671567789e+02,-3.235265203646e+02,1.000000000000e+00,-2.598807555736
1503,16659,6100708007.812500,-1.344342184910e+02,-3.136798431456e+02,-1.414404420207e+02,-3.202602586585e+02,-1.555816942368e+02,-2.973556156693e+02,1.000000000000e+00,-2.623695677485
1504,16660,6101074218.750000,-4.481140616365e+01,-3.136798431456e+02,-4.922612295905e+01,-3.213358044304e+02,-6.570864767848e+01,-3.039537293091e+02,1.000000000000e+00,-2.648606233606
1505,16661,6101440429.687500,-1.344342184910e+02,4.481140616365e+01,-1.377461544921e+02,4.690275952797e+01,-1.296946498696e+02,6.311451978856e+01,1.000000000000e+00,-2.673539139978
1506,16662,6101806640.625000,4.481140616365e+01,1.344342184910e+02,4.643761283298e+01,1.380410699857e+02,5.690719969756e+01,1.407189100271e+02,1.000000000000e+00,-2.698494307903
1507,16663,6102172851.562500,-2.240570308183e+02,-1.344342184910e+02,-2.302973140583e+02,-1.382416398320e+02,-2.329159487887e+02,-1.120440736618e+02,1.000000000000e+00,-2.723471644072
1508,16664,6102539062.500000,4.481140616365e+01,-1.344342184910e+02,4.636450568910e+01,-1.380033937435e+02,3.820491072431e+01,-1.302925081157e+02,1.000000000000e+00,-2.748471050547
1509,16665,6102905273.437500,-1.344342184910e+02,4.481140616365e+01,-1.382376313894e+02,4.538386522994e+01,-1.304756837757e+02,6.232685103319e+01,1.000000000000e+00,-2.773492424724
1510,16666,6103271484.375000,4.481140616365e+01,-1.344342184910e+02,4.678369353222e+01,-1.377625087583e+02,3.796518239178e+01,-1.302563144550e+02,1.000000000000e+00,-2.798535659318
1511,16667,6103637695.312500,1.344342184910e+02,2.240570308183e+02,1.365805415867e+02,2.309427774371e+02,1.523958291560e+02,2.247384846103e+02,1.000000000000e+00,-2.823600642337
1512,16668,6104003906.250000,3.136798431456e+02,1.344342184910e+02,3.211594789403e+02,1.403370972815e+02,3.269080002262e+02,1.219696255383e+02,1.000000000000e+00,-2.848687257059
1513,16669,6104370117.187500,-1.344342184910e+02,1.344342184910e+02,-1.392437690736e+02,1.367959936382e+02,-1.247066997069e+02,1.527057170483e+02,1.000000000000e+00,-2.873795382015
1514,16670,6104736328.125000,-2.240570308183e+02,-3.136798431456e+02,-2.265359169439e+02,-3.244073379618e+02,-2.457140215511e+02,-2.925426778574e+02,1.000000000000e+00,-2.898924890965
1515,16671,6105102539.062500,3.136798431456e+02,-2.240570308183e+02,3.247772135701e+02,-2.258809371839e+02,3.018412980273e+02,-2.389780495802e+02,1.000000000000e+00,-2.924075652888
1516,16672,6105468750.000000,3.136798431456e+02,1.344342184910e+02,3.198655381874e+02,1.426871591195e+02,3.260985467850e+02,1.221044148856e+02,1.000000000000e+00,-2.949247531960
1517,16673,6105834960.937500,1.344342184910e+02,-4.481140616365e+01,1.387300621944e+02,-4.366034252430e+01,1.334113154922e+02,-4.625844572240e+01,1.000000000000e+00,-2.974440387545
1518,16674,6106201171.875000,3.136798431456e+02,-4.481140616365e+01,3.226145757603e+02,-3.998894056240e+01,3.136921074556e+02,-5.830077845158e+01,1.000000000000e+00,-2.999654074180
1519,16675,6106567382.812500,4.481140616365e+01,4.481140616365e+01,4.501429021871e+01,4.684708468757e+01,4.892120097729e+01,4.984735461583e+01,1.000000000000e+00,-3.024888441562
1520,16676,6106933593.750000,1.344342184910e+02,3.136798431456e+02,1.308343910534e+02,3.242048640434e+02,1.570668400284e+02,3.139272019660e+02,1.000000000000e+00,-3.050143334544
1521,16677,6107299804.687500,-3.136798431456e+02,-3.136798431456e+02,-3.139006822346e+02,-3.289154579102e+02,-3.359523444872e+02,-2.866184268744e+02,1.000000000000e+00,-3.075418593126
1522,16678,6107666015.625000,4.481140616365e+01,4.481140616365e+01,4.477428200099e+01,4.712059111077e+01,4.863408754318e+01,4.972053822215e+01,1.000000000000e+00,-3.100714052446
1523,16679,6108032226.562500,-4.481140616365e+01,-1.344342184910e+02,-4.214769622708e+01,-1.391986963685e+02,-5.365097418147e+01,-1.248290845485e+02,1.000000000000e+00,-3.126029542782
1524,16680,6108398437.500000,-3.136798431456e+02,4.481140616365e+01,-3.230515143883e+02,3.618973933767e+01,-3.124812737656e+02,7.327138969797e+01,1.000000000000e+00,3.131820417633
1525,16681,6108764648.437500,4.481140616365e+01,3.136798431456e+02,3.533450675034e+01,3.230045389495e+02,6.575004464935e+01,3.201934604135e+02,1.000000000000e+00,3.106465393894
1526,16682,6109130859.375000,4.481140616365e+01,2.240570308183e+02,3.778380075980e+01,2.312186682456e+02,5.968931121898e+01,2.299572744701e+02,1.000000000000e+00,3.081090877496
1527,16683,6109497070.312500,-3.136798431456e+02,2.240570308183e+02,-3.302105369521e+02,2.175598226896e+02,-3.013579603910e+02,2.529735162018e+02,1.000000000000e+00,3.055697057611
1528,16684,6109863281.250000,3.136798431456e+02,1.344342184910e+02,3.161667376663e+02,1.507147342013e+02,3.245154894242e+02,1.226957613400e+02,1.000000000000e+00,3.030284128269
1529,16685,6110229492.187500,4.481140616365e+01,2.240570308183e+02,3.654356786644e+01,2.316210209659e+02,5.953495530630e+01,2.299479206574e+02,1.000000000000e+00,3.004852288341
1530,16686,6110595703.125000,-1.344342184910e+02,-3.136798431456e+02,-1.245583296936e+02,-3.271700870273e+02,-1.562593222682e+02,-2.996895229608e+02,1.000000000000e+00,2.979401741534
1531,16687,6110961914.062500,-3.136798431456e+02,3.136798431456e+02,-3.346551804700e+02,3.080764878089e+02,-2.944493013965e+02,3.439756387312e+02,1.000000000000e+00,2.953932696379
1532,16688,6111328125.000000,3.136798431456e+02,1.344342184910e+02,3.153278879800e+02,1.516883928794e+02,3.243893885834e+02,1.209632423813e+02,1.000000000000e+00,2.928445366216
1533,16689,6111694335.937500,4.481140616365e+01,-3.136798431456e+02,6.064114064188e+01,-3.191751800573e+02,2.357599942450e+01,-3.116500130826e+02,1.000000000000e+00,2.902939969179
1534,16690,6112060546.875000,-2.240570308183e+02,-4.481140616365e+01,-2.272534282347e+02,-5.694785294860e+01,-2.288347375969e+02,-2.317186870414e+01,1.000000000000e+00,2.877416728174
1535,16691,6112426757.812500,-3.136798431456e+02,3.136798431456e+02,-3.373170457143e+02,3.052040398292e+02,-2.949521786348e+02,3.435349542366e+02,1.000000000000e+00,2.851875870864
1536,16692,6112792968.750000,-2.240570308183e+02,2.240570308183e+02,-2.413613983062e+02,2.175954900932e+02,-2.108448871969e+02,2.473342535949e+02,1.000000000000e+00,2.826317629642
1537,16693,6113159179.687500,-1.344342184910e+02,-2.240570308183e+02,-1.254091013016e+02,-2.368510000994e+02,-1.511027381858e+02,-2.096802596681e+02,1.000000000000e+00,2.800742241607
1538,16694,6113525390.625000,-1.344342184910e+02,2.240570308183e+02,-1.503471271074e+02,2.218901924670e+02,-1.206194685167e+02,2.412761132956e+02,1.000000000000e+00,2.775149948542
1539,16695,6113891601.562500,2.240570308183e+02,-3.136798431456e+02,2.477308946299e+02,-3.082462380599e+02,2.032116688958e+02,-3.246079116936e+02,1.000000000000e+00,2.749540996875
1540,16696,6114257812.500000,2.240570308183e+02,-4.481140616365e+01,2.322301982328e+02,-3.207296701161e+01,2.217799919387e+02,-5.378303434148e+01,1.000000000000e+00,2.723915637656
1541,16697,6114624023.437500,1.344342184910e+02,-3.136798431456e+02,1.583544025140e+02,-3.123416071053e+02,1.140450206469e+02,-3.182678538565e+02,1.000000000000e+00,2.698274126520
1542,16698,6114990234.375000,1.344342184910e+02,-3.136798431456e+02,1.596783070575e+02,-3.117171210545e+02,1.146812869892e+02,-3.181418869184e+02,1.000000000000e+00,2.672616723650
1543,16699,6115356445.312500,3.136798431456e+02,2.240570308183e+02,3.050656126065e+02,2.515340255769e+02,3.293753415898e+02,2.114636131508e+02,1.000000000000e+00,2.646943693741
1544,16700,6115722656.250000,-1.344342184910e+02,-2.240570308183e+02,-1.214270414968e+02,-2.387563823104e+02,-1.509798485234e+02,-2.102930420230e+02,1.000000000000e+00,2.621255305957
1545,16701,6116088867.187500,-3.136798431456e+02,-2.240570308183e+02,-3.043970898304e+02,-2.517723608483e+02,-3.314644148723e+02,-1.979849962735e+02,1.000000000000e+00,2.595551833892
1546,16702,6116455078.125000,2.240570308183e+02,-1.344342184910e+02,2.390249844242e+02,-1.208325101580e+02,2.151823881853e+02,-1.444215378233e+02,1.000000000000e+00,2.569833555518
1547,16703,6116821289.062500,3.136798431456e+02,-4.481140616365e+01,3.241243724932e+02,-2.206776624622e+01,3.114283896795e+02,-6.068763054656e+01,1.000000000000e+00,2.544100753146
1548,16704,6117187500.000000,-3.136798431456e+02,-2.240570308183e+02,-3.031603782299e+02,-2.536626136058e+02,-3.319619740099e+02,-1.980047101765e+02,1.000000000000e+00,2.518353713370
1549,16705,6117553710.937500,4.481140616365e+01,-1.344342184910e+02,5.682721399359e+01,-1.337451263606e+02,3.499407851770e+01,-1.324231836628e+02,1.000000000000e+00,2.492592727016
1550,16706,6117919921.875000,4.481140616365e+01,1.344342184910e+02,3.428733066395e+01,1.412216938120e+02,5.287040722481e+01,1.381212151130e+02,1.000000000000e+00,2.466818089091
1551,16707,6118286132.812500,3.136798431456e+02,2.240570308183e+02,3.006982004939e+02,2.566163592441e+02,3.292341247713e+02,2.106500158507e+02,1.000000000000e+00,2.441030098724
1552,16708,6118652343.750000,-4.481140616365e+01,-4.481140616365e+01,-4.170449907618e+01,-4.983773522303e+01,-4.914365498468e+01,-3.649584043761e+01,1.000000000000e+00,2.415229059105
1553,16709,6119018554.687500,3.136798431456e+02,3.136798431456e+02,2.911055315169e+02,3.495219897437e+02,3.349882906349e+02,3.007365079386e+02,1.000000000000e+00,2.389415277430
1554,16710,6119384765.625000,-2.240570308183e+02,3.136798431456e+02,-2.582704105490e+02,2.992321716358e+02,-2.056345898564e+02,3.361156629902e+02,1.000000000000e+00,2.363589064832
1555,16711,6119750976.562500,-4.481140616365e+01,4.481140616365e+01,-5.000633587010e+01,4.150116844937e+01,-4.318776124757e+01,5.362973008019e+01,1.000000000000e+00,2.337750736317
1556,16712,6120117187.500000,-4.481140616365e+01,-2.240570308183e+02,-2.412866643991e+01,-2.330767066716e+02,-6.171714303956e+01,-2.168960012971e+02,1.000000000000e+00,2.311900610700
1557,16713,6120483398.437500,2.240570308183e+02,2.240570308183e+02,2.064101464858e+02,2.510471224138e+02,2.396027518525e+02,2.155425069023e+02,1.000000000000e+00,2.286039010529
1558,16714,6120849609.375000,-2.240570308183e+02,4.481140616365e+01,-2.333058280602e+02,2.272533062875e+01,-2.236787921572e+02,6.558612710271e+01,1.000000000000e+00,2.260166262018
1559,16715,6121215820.312500,3.136798431456e+02,-4.481140616365e+01,3.248334472870e+02,-1.255110428044e+01,3.115660075187e+02,-6.086069152223e+01,1.000000000000e+00,2.234282694970
1560,16716,6121582031.250000,-1.344342184910e+02,-2.240570308183e+02,-1.127585805716e+02,-2.431687342452e+02,-1.513912236881e+02,-2.113776390810e+02,1.000000000000e+00,2.208388642705
1561,16717,6121948242.187500,1.344342184910e+02,-2.240570308183e+02,1.621133596692e+02,-2.134286551815e+02,1.193668547425e+02,-2.291979974722e+02,1.000000000000e+00,2.182484441974
1562,16718,6122314453.125000,1.344342184910e+02,-1.344342184910e+02,1.521939672228e+02,-1.217735167455e+02,1.250672722578e+02,-1.390917460591e+02,1.000000000000e+00,2.156570432887
1563,16719,6122680664.062500,3.136798431456e+02,-1.344342184910e+02,3.347698911128e+02,-1.010507908134e+02,3.050200161963e+02,-1.514060633715e+02,1.000000000000e+00,2.130646958826
1564,16720,6123046875.000000,-1.344342184910e+02,-2.240570308183e+02,-1.109314746980e+02,-2.435496403169e+02,-1.517470188663e+02,-2.108087761420e+02,1.000000000000e+00,2.104714366361
1565,16721,6123413085.937500,-1.344342184910e+02,-1.344342184910e+02,-1.210140001779e+02,-1.526776679333e+02,-1.456487904735e+02,-1.208208852953e+02,1.000000000000e+00,2.078773005167
1566,16722,6123779296.875000,-1.344342184910e+02,-2.240570308183e+02,-1.099863712723e+02,-2.442658799216e+02,-1.519925517291e+02,-2.110238444267e+02,1.000000000000e+00,2.052823227933
1567,16723,6124145507.812500,-3.136798431456e+02,-2.240570308183e+02,-2.917846031304e+02,-2.666726575430e+02,-3.322390434501e+02,-1.987538778291e+02,1.000000000000e+00,2.026865390271
1568,16724,6124511718.750000,-3.136798431456e+02,-3.136798431456e+02,-2.792786904702e+02,-3.589354182334e+02,-3.379114418828e+02,-2.893923881193e+02,1.000000000000e+00,2.000899850630
1569,16725,6124877929.687500,4.481140616365e+01,4.481140616365e+01,3.968432835592e+01,5.142181205708e+01,4.690212265659e+01,4.694742006747e+01,1.000000000000e+00,1.974926970195
1570,16726,6125244140.625000,4.481140616365e+01,-1.344342184910e+02,6.346174469632e+01,-1.306557891715e+02,3.502708593454e+01,-1.333732731911e+02,1.000000000000e+00,1.948947112798
1571,16727,6125610351.562500,2.240570308183e+02,-2.240570308183e+02,2.579224130215e+02,-1.975240749347e+02,2.091774190808e+02,-2.357131954819e+02,1.000000000000e+00,1.922960644821
1572,16728,6125976562.500000,4.481140616365e+01,-2.240570308183e+02,7.607998506813e+01,-2.216246842349e+02,2.865174868284e+01,-2.237377689086e+02,1.000000000000e+00,1.896967935092
1573,16729,6126342773.437500,3.136798431456e+02,1.344342184910e+02,3.000483163777e+02,1.799381345238e+02,3.236778861689e+02,1.183268564923e+02,1.000000000000e+00,1.870969354792
1574,16730,6126708984.375000,1.344342184910e+02,-2.240570308183e+02,1.679172261340e+02,-2.085909578154e+02,1.185730331861e+02,-2.298743279746e+02,1.000000000000e+00,1.844965277350
1575,16731,6127075195.312500,3.136798431456e+02,-2.240570308183e+02,3.502473282609e+02,-1.825101174016e+02,2.987282471180e+02,-2.422440490257e+02,1.000000000000e+00,1.818956078342
1576,16732,6127441406.250000,3.136798431456e+02,-2.240570308183e+02,3.510233968903e+02,-1.810334105272e+02,2.991811397504e+02,-2.417477696982e+02,1.000000000000e+00,1.792942135385
1577,16733,6127807617.187500,4.481140616365e+01,4.481140616365e+01,3.862469159744e+01,5.219475497634e+01,4.699474679084e+01,4.675870860094e+01,1.000000000000e+00,1.766923828033
1578,16734,6128173828.125000,-3.136798431456e+02,-1.344342184910e+02,-2.970390467770e+02,-1.844672217766e+02,-3.251941875939e+02,-1.098941159615e+02,1.000000000000e+00,1.740901537673
1579,16735,6128540039.062500,-1.344342184910e+02,-1.344342184910e+02,-1.153645784022e+02,-1.569283076402e+02,-1.451872306766e+02,-1.214102667911e+02,1.000000000000e+00,1.714875647410
1580,16736,6128906250.000000,4.481140616365e+01,-2.240570308183e+02,8.015018312038e+01,-2.199112694878e+02,2.851163399267e+01,-2.236584714418e+02,1.000000000000e+00,1.688846541968
1581,16737,6129272460.937500,-1.344342184910e+02,-2.240570308183e+02,-1.006436095079e+02,-2.481170980440e+02,-1.515518916335e+02,-2.113522920325e+02,1.000000000000e+00,1.662814607571
1582,16738,6129638671.875000,3.136798431456e+02,4.481140616365e+01,3.102787181549e+02,9.622839576345e+01,3.176550736059e+02,2.840349750670e+01,1.000000000000e+00,1.636780231838
1583,16739,6130004882.812500,-3.136798431456e+02,-1.344342184910e+02,-2.951900362068e+02,-1.881472894979e+02,-3.255577749858e+02,-1.097962592232e+02,1.000000000000e+00,1.610743803671
1584,16740,6130371093.750000,-1.344342184910e+02,2.240570308183e+02,-1.734215268501e+02,2.042239344310e+02,-1.208582387916e+02,2.391624155867e+02,1.000000000000e+00,1.584705713139
1585,16741,6130737304.687500,-4.481140616365e+01,-2.240570308183e+02,-7.672518810299e+00,-2.340851817355e+02,-6.150249626737e+01,-2.175822481541e+02,1.000000000000e+00,1.558666351368
1586,16742,6131103515.625000,1.344342184910e+02,1.344342184910e+02,1.130813798382e+02,1.586605277205e+02,1.437881894035e+02,1.302750358719e+02,1.000000000000e+00,1.532626110427
1587,16743,6131469726.562500,-4.481140616365e+01,-4.481140616365e+01,-3.754745918429e+01,-5.300169153239e+01,-4.901958617294e+01,-3.729468781159e+01,1.000000000000e+00,1.506585383212
1588,16744,6131835937.500000,-4.481140616365e+01,-1.344342184910e+02,-2.168541568641e+01,-1.436330408087e+02,-5.525340653753e+01,-1.274338198729e+02,1.000000000000e+00,1.480544563332
1589,16745,6132202148.437500,-1.344342184910e+02,1.344342184910e+02,-1.597451358349e+02,1.116382663561e+02,-1.267334425859e+02,1.490862179752e+02,1.000000000000e+00,1.454504044993
1590,16746,6132568359.375000,-2.240570308183e+02,-1.344342184910e+02,-2.013583843602e+02,-1.765874406662e+02,-2.351377713799e+02,-1.154880378613e+02,1.000000000000e+00,1.428464222885
1591,16747,6132934570.312500,4.481140616365e+01,-1.344342184910e+02,7.031121639361e+01,-1.270770174102e+02,3.549060606968e+01,-1.334740369570e+02,1.000000000000e+00,1.402425492060
1592,16748,6133300781.250000,-1.344342184910e+02,-1.344342184910e+02,-1.101467887999e+02,-1.607462999646e+02,-1.449577143650e+02,-1.214898454730e+02,1.000000000000e+00,1.376388247823
1593,16749,6133666992.187500,-3.136798431456e+02,-3.136798431456e+02,-2.568968156056e+02,-3.752139888763e+02,-3.379010576800e+02,-2.890172138596e+02,1.000000000000e+00,1.350352885610
1594,16750,6134033203.125000,1.344342184910e+02,-3.136798431456e+02,1.947813614156e+02,-2.906299993260e+02,1.121182174704e+02,-3.202904790597e+02,1.000000000000e+00,1.324319800874
1595,16751,6134399414.062500,-4.481140616365e+01,4.481140616365e+01,-5.369641966342e+01,3.657039372043e+01,-4.254243838887e+01,5.303085017074e+01,1.000000000000e+00,1.298289388969
1596,16752,6134765625.000000,-1.344342184910e+02,-4.481140616365e+01,-1.266966493619e+02,-7.106715105842e+01,-1.391063623323e+02,-3.054566240618e+01,1.000000000000e+00,1.272262045032
1597,16753,6135131835.937500,4.481140616365e+01,-1.344342184910e+02,7.142274196150e+01,-1.264926681541e+02,3.468570543820e+01,-1.335921785654e+02,1.000000000000e+00,1.246238163869
1598,16754,6135498046.875000,-1.344342184910e+02,3.136798431456e+02,-1.979747943589e+02,2.884249769517e+02,-1.138523626981e+02,3.297029435821e+02,1.000000000000e+00,1.220218139838
1599,16755,6135864257.812500,-2.240570308183e+02,4.481140616365e+01,-2.342173779640e+02,-8.520367148671e-01,-2.229435391505e+02,6.523065870662e+01,1.000000000000e+00,1.194202366733
1600,16756,6136230468.750000,1.344342184910e+02,3.136798431456e+02,6.990823108580e+01,3.427139307045e+02,1.558743038689e+02,3.111730761470e+02,1.000000000000e+00,1.168191237668
1601,16757,6136596679.687500,3.136798431456e+02,4.481140616365e+01,3.053115122463e+02,1.104689354848e+02,3.177590209638e+02,2.835905404889e+01,1.000000000000e+00,1.142185144968
1602,16758,6136962890.625000,-3.136798431456e+02,4.481140616365e+01,-3.239247192765e+02,-2.107791731108e+01,-3.127761868775e+02,7.191635390054e+01,1.000000000000e+00,1.116184480045
1603,16759,6137329101.562500,1.344342184910e+02,-3.136798431456e+02,2.015103719624e+02,-2.858208495603e+02,1.125244092025e+02,-3.197158429557e+02,1.000000000000e+00,1.090189633296
1604,16760,6137695312.500000,-2.240570308183e+02,4.481140616365e+01,-2.342013378943e+02,-3.326989799358e+00,-2.228361574928e+02,6.582464812730e+01,1.000000000000e+00,1.064200993982
1605,16761,6138061523.437500,-3.136798431456e+02,-2.240570308183e+02,-2.655027711453e+02,-2.927827607847e+02,-3.318952473126e+02,-1.982421578797e+02,1.000000000000e+00,1.038218950117
1606,16762,6138427734.375000,4.481140616365e+01,1.344342184910e+02,1.530155217558e+01,1.444332272759e+02,5.383713280764e+01,1.371641126337e+02,1.000000000000e+00,1.012243888363
1607,16763,6138793945.312500,2.240570308183e+02,1.344342184910e+02,1.942635540828e+02,1.842134054914e+02,2.339921860176e+02,1.245059632221e+02,1.000000000000e+00,0.986276193913
1608,16764,6139160156.250000,-1.344342184910e+02,1.344342184910e+02,-1.644411083809e+02,1.043312577636e+02,-1.261769483196e+02,1.499172054702e+02,1.000000000000e+00,0.960316250384
1609,16765,6139526367.187500,-3.136798431456e+02,-3.136798431456e+02,-2.431144368191e+02,-3.838440184053e+02,-3.387226524073e+02,-2.869015600647e+02,1.000000000000e+00,0.934364439710
1610,16766,6139892578.125000,-3.136798431456e+02,2.240570308183e+02,-3.638200306426e+02,1.532490395047e+02,-2.990298778090e+02,2.537899012681e+02,1.000000000000e+00,0.908421142036
1611,16767,6140258789.062500,2.240570308183e+02,-1.344342184910e+02,2.542113574784e+02,-8.365979942423e+01,2.140352908079e+02,-1.466847963680e+02,1.000000000000e+00,0.882486735609
1612,16768,6140625000.000000,1.344342184910e+02,3.136798431456e+02,6.308826644990e+01,3.438714177725e+02,1.586156421149e+02,3.100705917301e+02,1.000000000000e+00,0.856561596677
1613,16769,6140991210.937500,-3.136798431456e+02,-3.136798431456e+02,-2.418275526121e+02,-3.848684652890e+02,-3.406862364730e+02,-2.847681506437e+02,1.000000000000e+00,0.830646099382
1614,16770,6141357421.875000,2.240570308183e+02,2.240570308183e+02,1.711430543322e+02,2.759771639997e+02,2.412871435329e+02,2.137942344618e+02,1.000000000000e+00,0.804740615662
1615,16771,6141723632.812500,-2.240570308183e+02,-4.481140616365e+01,-2.125309938089e+02,-9.843110090254e+01,-2.293392283623e+02,-2.332574620003e+01,1.000000000000e+00,0.778845515151
1616,16772,6142089843.750000,3.136798431456e+02,3.136798431456e+02,2.355059484060e+02,3.890425903262e+02,3.364113109981e+02,2.993283226239e+02,1.000000000000e+00,0.752961165074
1617,16773,6142456054.687500,1.344342184910e+02,-2.240570308183e+02,1.887695769438e+02,-1.899780647778e+02,1.183112949393e+02,-2.291033493156e+02,1.000000000000e+00,0.727087930159
1618,16774,6142822265.625000,4.481140616365e+01,-1.344342184910e+02,7.766155393708e+01,-1.227046451876e+02,3.431633751421e+01,-1.325917080636e+02,1.000000000000e+00,0.701226172534
1619,16775,6143188476.562500,-2.240570308183e+02,-2.240570308183e+02,-1.671311462520e+02,-2.783604402888e+02,-2.424923876540e+02,-2.029900876573e+02,1.000000000000e+00,0.675376251637
1620,16776,6143554687.500000,-4.481140616365e+01,1.344342184910e+02,-7.834463737177e+01,1.222491100503e+02,-3.642007909051e+01,1.442323151978e+02,1.000000000000e+00,0.649538524122
1621,16777,6143920898.437500,-4.481140616365e+01,-3.136798431456e+02,3.556852057486e+01,-3.227147253919e+02,-6.822875749223e+01,-3.061606927022e+02,1.000000000000e+00,0.623713343769
1622,16778,6144287109.375000,4.481140616365e+01,-1.344342184910e+02,7.885201313617e+01,-1.219538431559e+02,3.421010336824e+01,-1.323473447236e+02,1.000000000000e+00,0.597901061396
1623,16779,6144653320.312500,3.136798431456e+02,-2.240570308183e+02,3.686570314424e+02,-1.422729386476e+02,2.973908770612e+02,-2.426358925475e+02,1.000000000000e+00,0.572102024773
1624,16780,6145019531.250000,4.481140616365e+01,-1.344342184910e+02,7.886125617137e+01,-1.220340447828e+02,3.346144558715e+01,-1.324641899305e+02,1.000000000000e+00,0.546316578535
1625,16781,6145385742.187500,-1.344342184910e+02,1.344342184910e+02,-1.683672235645e+02,9.821076313665e+01,-1.265032023911e+02,1.513173708571e+02,1.000000000000e+00,0.520545064099
1626,16782,6145751953.125000,-4.481140616365e+01,1.344342184910e+02,-8.015210537972e+01,1.211550295682e+02,-3.688108614493e+01,1.446223899168e+02,1.000000000000e+00,0.494787819588
1627,16783,6146118164.062500,-3.136798431456e+02,-1.344342184910e+02,-2.738368736618e+02,-2.175383377076e+02,-3.260686371617e+02,-1.071022593366e+02,1.000000000000e+00,0.469045179744
1628,16784,6146484375.000000,2.240570308183e+02,4.481140616365e+01,2.092032721602e+02,1.047112597317e+02,2.267462259256e+02,3.543758405673e+01,1.000000000000e+00,0.443317475859
1629,16785,6146850585.937500,-4.481140616365e+01,-3.136798431456e+02,4.041607261565e+01,-3.216041127567e+02,-6.941171145587e+01,-3.049921802159e+02,1.000000000000e+00,0.417605035695
1630,16786,6147216796.875000,-2.240570308183e+02,-1.344342184910e+02,-1.846520059845e+02,-1.932878237012e+02,-2.363905196374e+02,-1.117221494961e+02,1.000000000000e+00,0.391908183414
1631,16787,6147583007.812500,-2.240570308183e+02,-4.481140616365e+01,-2.089344614440e+02,-1.052382224757e+02,-2.300036962931e+02,-2.159285718193e+01,1.000000000000e+00,0.366227239507
1632,16788,6147949218.750000,-4.481140616365e+01,1.344342184910e+02,-8.106274668179e+01,1.204625115022e+02,-3.656561469924e+01,1.450859494624e+02,1.000000000000e+00,0.340562520725
1633,16789,6148315429.687500,3.136798431456e+02,2.240570308183e+02,2.473575384006e+02,3.079264912373e+02,3.301236490967e+02,2.083037474452e+02,1.000000000000e+00,0.314914340013
1634,16790,6148681640.625000,-1.344342184910e+02,-2.240570308183e+02,-6.962015510180e+01,-2.584763032198e+02,-1.534584247824e+02,-2.085254929820e+02,1.000000000000e+00,0.289283006447
1635,16791,6149047851.562500,1.344342184910e+02,-2.240570308183e+02,1.958858052984e+02,-1.823917504019e+02,1.168744264912e+02,-2.280470785753e+02,1.000000000000e+00,0.263668825172
1636,16792,6149414062.500000,2.240570308183e+02,-4.481140616365e+01,2.331942494221e+02,1.992684103978e+01,2.197585028944e+02,-5.438919950753e+01,1.000000000000e+00,0.238072097341
1637,16793,6149780273.437500,-2.240570308183e+02,1.344342184910e+02,-2.589199959681e+02,6.770827687246e+01,-2.175616089899e+02,1.581342213182e+02,1.000000000000e+00,0.212493120059
1638,16794,6150146484.375000,-3.136798431456e+02,1.344342184910e+02,-3.470874460491e+02,4.133294856570e+01,-3.076388935106e+02,1.647588618563e+02,1.000000000000e+00,0.186932186330
1639,16795,6150512695.312500,3.136798431456e+02,-2.240570308183e+02,3.731955859181e+02,-1.289096675814e+02,2.962746918965e+02,-2.411157390910e+02,1.000000000000e+00,0.161389585001
1640,16796,6150878906.250000,-1.344342184910e+02,1.344342184910e+02,-1.712283243302e+02,9.275334803826e+01,-1.275789662460e+02,1.520201043597e+02,1.000000000000e+00,0.135865600713
1641,16797,6151245117.187500,-3.136798431456e+02,-1.344342184910e+02,-2.682959959822e+02,-2.240301479378e+02,-3.276395986642e+02,-1.047013981675e+02,1.000000000000e+00,0.110360513853
1642,16798,6151611328.125000,-3.136798431456e+02,-3.136798431456e+02,-2.147519075227e+02,-4.003106529050e+02,-3.409295578281e+02,-2.847261962784e+02,1.000000000000e+00,0.084874600508
1643,16799,6151977539.062500,2.240570308183e+02,3.136798431456e+02,1.260549104592e+02,3.740207492374e+02,2.452872961193e+02,3.056176149379e+02,1.000000000000e+00,0.059408132423
1644,16800,6152343750.000000,1.344342184910e+02,3.136798431456e+02,3.694273246430e+01,3.474035908725e+02,1.545836151466e+02,3.124970677139e+02,1.000000000000e+00,0.033961376956
1645,16801,6152709960.937500,1.344342184910e+02,-2.240570308183e+02,1.997231521251e+02,-1.778565504324e+02,1.162831227658e+02,-2.271346115501e+02,1.000000000000e+00,0.008534597043
1646,16802,6153076171.875000,4.481140616365e+01,-4.481140616365e+01,5.754799185859e+01,-2.991321127413e+01,3.875438416841e+01,-4.080924076519e+01,1.000000000000e+00,-0.016871948840
1647,16803,6153442382.812500,-3.136798431456e+02,3.136798431456e+02,-4.031220589960e+02,2.091893362220e+02,-2.964785241524e+02,3.441912923509e+02,1.000000000000e+00,-0.042258006712
1648,16804,6153808593.750000,-4.481140616365e+01,4.481140616365e+01,-5.762972521185e+01,2.985512773566e+01,-4.526139075962e+01,5.550874065538e+01,1.000000000000e+00,-0.067623327119
1649,16805,6154174804.687500,1.344342184910e+02,-4.481140616365e+01,1.450968551342e+02,-1.969088718964e+00,1.282591752033e+02,-4.733757357940e+01,1.000000000000e+00,-0.092967665164
1650,16806,6154541015.625000,3.136798431456e+02,-1.344342184910e+02,3.476360969632e+02,-3.342646402728e+01,3.013690466958e+02,-1.504077119476e+02,1.000000000000e+00,-0.118290780533
1651,16807,6154907226.562500,4.481140616365e+01,-3.136798431456e+02,1.414682565712e+02,-2.915337720188e+02,1.801673072201e+01,-3.105228403267e+02,1.000000000000e+00,-0.143592437523
1652,16808,6155273437.500000,-1.344342184910e+02,4.481140616365e+01,-1.448905273489e+02,1.151799149531e+00,-1.355709493750e+02,6.195986128503e+01,1.000000000000e+00,-0.168872405062
1653,16809,6155639648.437500,4.481140616365e+01,-3.136798431456e+02,1.440297863617e+02,-2.902285142031e+02,1.945247893818e+01,-3.103259973094e+02,1.000000000000e+00,-0.194130456734
1654,16810,6156005859.375000,4.481140616365e+01,2.240570308183e+02,-2.942175956744e+01,2.317862661448e+02,5.532601539773e+01,2.293370561461e+02,1.000000000000e+00,-0.219366370795
1655,16811,6156372070.312500,-3.136798431456e+02,1.344342184910e+02,-3.479017385081e+02,2.783957468165e+01,-3.103637703425e+02,1.628610447063e+02,1.000000000000e+00,-0.244579930189
1656,16812,6156738281.250000,-2.240570308183e+02,3.136798431456e+02,-3.199466352067e+02,2.304091225061e+02,-2.087799006481e+02,3.369854868208e+02,1.000000000000e+00,-0.269770922566
1657,16813,6157104492.187500,-4.481140616365e+01,-3.136798431456e+02,5.987084319587e+01,-3.185471395999e+02,-7.036313186471e+01,-3.044444900910e+02,1.000000000000e+00,-0.294939140291
1658,16814,6157470703.125000,1.344342184910e+02,4.481140616365e+01,1.153647840741e+02,8.776511507001e+01,1.331190714202e+02,4.343953169947e+01,1.000000000000e+00,-0.320084380457
1659,16815,6157836914.062500,-4.481140616365e+01,2.240570308183e+02,-1.175388732648e+02,2.020301318420e+02,-3.481432894989e+01,2.353338413018e+02,1.000000000000e+00,-0.345206444891
1660,16816,6158203125.000000,4.481140616365e+01,1.344342184910e+02,-1.306606200252e+00,1.449583090157e+02,4.898518010323e+01,1.393182632859e+02,1.000000000000e+00,-0.370305140163
1661,16817,6158569335.937500,3.136798431456e+02,-2.240570308183e+02,3.781417368155e+02,-1.120168403837e+02,2.944018996068e+02,-2.387793331332e+02,1.000000000000e+00,-0.395380277586
1662,16818,6158935546.875000,-4.481140616365e+01,4.481140616365e+01,-5.834083357748e+01,2.830078066702e+01,-4.735774278525e+01,5.542487575677e+01,1.000000000000e+00,-0.420431673224
1663,16819,6159301757.812500,4.481140616365e+01,3.136798431456e+02,-6.226443542609e+01,3.182509322979e+02,6.077333870047e+01,3.192890165427e+02,1.000000000000e+00,-0.445459147889
1664,16820,6159667968.750000,3.136798431456e+02,-3.136798431456e+02,4.091045772254e+02,-1.970999955337e+02,2.879027121054e+02,-3.290884858516e+02,1.000000000000e+00,-0.470462527139
1665,16821,6160034179.687500,-1.344342184910e+02,2.240570308183e+02,-2.059027070049e+02,1.708135656685e+02,-1.256359196336e+02,2.415728803391e+02,1.000000000000e+00,-0.495441641276
1666,16822,6160400390.625000,-1.344342184910e+02,-2.240570308183e+02,-5.318708271071e+01,-2.621435575173e+02,-1.561577256373e+02,-2.087095391140e+02,1.000000000000e+00,-0.520396325342
1667,16823,6160766601.562500,4.481140616365e+01,-3.136798431456e+02,1.510637866155e+02,-2.869854743548e+02,1.799519775371e+01,-3.107486065279e+02,1.000000000000e+00,-0.545326419110
1668,16824,6161132812.500000,4.481140616365e+01,-1.344342184910e+02,8.960946368140e+01,-1.139963110225e+02,2.976545260232e+01,-1.307199063148e+02,1.000000000000e+00,-0.570231767075
1669,16825,6161499023.437500,-2.240570308183e+02,4.481140616365e+01,-2.311571697113e+02,-3.442415900367e+01,-2.284296679915e+02,6.701436258587e+01,1.000000000000e+00,-0.595112218446
1670,16826,6161865234.375000,-2.240570308183e+02,-4.481140616365e+01,-1.999555548844e+02,-1.207894201343e+02,-2.344636260652e+02,-2.284563614701e+01,1.000000000000e+00,-0.619967627132
1671,16827,6162231445.312500,3.136798431456e+02,-4.481140616365e+01,3.172311933305e+02,6.583369047951e+01,3.047793815480e+02,-5.913333916838e+01,1.000000000000e+00,-0.644797851727
1672,16828,6162597656.250000,3.136798431456e+02,1.344342184910e+02,2.550143670419e+02,2.384006861754e+02,3.169953298957e+02,1.203673828759e+02,1.000000000000e+00,-0.669602755499
1673,16829,6162963867.187500,-4.481140616365e+01,2.240570308183e+02,-1.211359607057e+02,2.000052811196e+02,-3.658179944564e+01,2.349961069933e+02,1.000000000000e+00,-0.694382206368
1674,16830,6163330078.125000,-4.481140616365e+01,-4.481140616365e+01,-2.736917621198e+01,-5.879328403067e+01,-5.542012347960e+01,-3.505466857747e+01,1.000000000000e+00,-0.719136076892
1675,16831,6163696289.062500,-4.481140616365e+01,-1.344342184910e+02,4.457692539179e+00,-1.449348309055e+02,-6.149947115563e+01,-1.251843484835e+02,1.000000000000e+00,-0.743864244243
1676,16832,6164062500.000000,-1.344342184910e+02,3.136798431456e+02,-2.405211482292e+02,2.531562666096e+02,-1.221372810260e+02,3.304836697388e+02,1.000000000000e+00,-0.768566590188
1677,16833,6164428710.937500,4.481140616365e+01,-2.240570308183e+02,1.227999782413e+02,-1.989563317337e+02,2.234322383308e+01,-2.212775208160e+02,1.000000000000e+00,-0.793243001067
1678,16834,6164794921.875000,-2.240570308183e+02,-1.344342184910e+02,-1.668916516954e+02,-2.088826102219e+02,-2.419236309467e+02,-1.135354273843e+02,1.000000000000e+00,-0.817893367766
1679,16835,6165161132.812500,-1.344342184910e+02,-3.136798431456e+02,-1.665667752923e+01,-3.488020621872e+02,-1.640671365131e+02,-2.995134069477e+02,1.000000000000e+00,-0.842517585694
1680,16836,6165527343.750000,2.240570308183e+02,-1.344342184910e+02,2.629297895557e+02,-4.839634727248e+01,2.076426002683e+02,-1.434882008838e+02,1.000000000000e+00,-0.867115554754
1681,16837,6165893554.687500,-3.136798431456e+02,-4.481140616365e+01,-2.842669449538e+02,-1.558519106477e+02,-3.264054749503e+02,-1.792353457244e+01,1.000000000000e+00,-0.891687179318
1682,16838,6166259765.625000,4.481140616365e+01,2.240570308183e+02,-3.824473461821e+01,2.306027029853e+02,5.089198066975e+01,2.281714925230e+02,1.000000000000e+00,-0.916232368194
1683,16839,6166625976.562500,-2.240570308183e+02,3.136798431456e+02,-3.284603559743e+02,2.181596372623e+02,-2.138227958043e+02,3.352035642794e+02,1.000000000000e+00,-0.940751034599
1684,16840,6166992187.500000,-3.136798431456e+02,4.481140616365e+01,-3.159238817949e+02,-7.226729142722e+01,-3.211265403282e+02,7.039098529514e+01,1.000000000000e+00,-0.965243096125
1685,16841,6167358398.437500,-1.344342184910e+02,-1.344342184910e+02,-7.886316284168e+01,-1.777192048914e+02,-1.524561378532e+02,-1.207826107334e+02,1.000000000000e+00,-0.989708474709
1686,16842,6167724609.375000,4.481140616365e+01,2.240570308183e+02,-3.982932400615e+01,2.302346107503e+02,4.952518216587e+01,2.277951871639e+02,1.000000000000e+00,-1.014147096595
1687,16843,6168090820.312500,-3.136798431456e+02,1.344342184910e+02,-3.487130821699e+02,1.236934896814e+01,-3.159276572697e+02,1.599588545862e+02,1.000000000000e+00,-1.038558892307
1688,16844,6168457031.250000,-1.344342184910e+02,4.481140616365e+01,-1.446833184386e+02,-6.923207809637e+00,-1.417026819109e+02,5.883459984557e+01,1.000000000000e+00,-1.062943796603
1689,16845,6168823242.187500,4.481140616365e+01,-4.481140616365e+01,5.924605264352e+01,-2.615294204328e+01,3.228782700772e+01,-4.249510994575e+01,1.000000000000e+00,-1.087301748449
1690,16846,6169189453.125000,-4.481140616365e+01,2.240570308183e+02,-1.257442607210e+02,1.967634157832e+02,-4.084119808066e+01,2.326910391425e+02,1.000000000000e+00,-1.111632690973
1691,16847,6169555664.062500,1.344342184910e+02,2.240570308183e+02,4.421047366059e+01,2.634320038551e+02,1.383811228013e+02,2.216751482535e+02,1.000000000000e+00,-1.135936571433
1692,16848,6169921875.000000,-2.240570308183e+02,1.344342184910e+02,-2.636434180758e+02,4.346260540440e+01,-2.273198066902e+02,1.529237793803e+02,1.000000000000e+00,-1.160213341176
1693,16849,6170288085.937500,-1.344342184910e+02,-4.481140616365e+01,-1.109693107443e+02,-9.324409675963e+01,-1.480440781395e+02,-3.233832982840e+01,1.000000000000e+00,-1.184462955594
1694,16850,6170654296.875000,-2.240570308183e+02,2.240570308183e+02,-2.974219931215e+02,1.289418057067e+02,-2.219461637677e+02,2.431299575358e+02,1.000000000000e+00,-1.208685374093
1695,16851,6171020507.812500,-4.481140616365e+01,1.344342184910e+02,-9.312948496201e+01,1.111433835708e+02,-4.735699366339e+01,1.421585794173e+02,1.000000000000e+00,-1.232880560042
1696,16852,6171386718.750000,-3.136798431456e+02,1.344342184910e+02,-3.491876572256e+02,9.774732408742e+00,-3.177149158287e+02,1.585372298882e+02,1.000000000000e+00,-1.257048480737
1697,16853,6171752929.687500,4.481140616365e+01,-4.481140616365e+01,5.958076063873e+01,-2.570287256952e+01,3.134486473393e+01,-4.375091007999e+01,1.000000000000e+00,-1.281189107356
1698,16854,6172119140.625000,-4.481140616365e+01,1.344342184910e+02,-9.360967912052e+01,1.108981875083e+02,-4.803928088694e+01,1.416808719611e+02,1.000000000000e+00,-1.305302414920
1699,16855,6172485351.562500,-1.344342184910e+02,-2.240570308183e+02,-4.262671752963e+01,-2.641736643074e+02,-1.597529325011e+02,-2.135654670583e+02,1.000000000000e+00,-1.329388382243
1700,16856,6172851562.500000,1.344342184910e+02,-4.481140616365e+01,1.448585746235e+02,8.675489211286e+00,1.211465336021e+02,-4.953649877855e+01,1.000000000000e+00,-1.353446991895
1701,16857,6173217773.437500,-2.240570308183e+02,-4.481140616365e+01,-1.957351099067e+02,-1.281085537659e+02,-2.393058132206e+02,-2.854156887343e+01,1.000000000000e+00,-1.377478230152
1702,16858,6173583984.375000,2.240570308183e+02,-4.481140616365e+01,2.298404480189e+02,4.299477738952e+01,2.108294718780e+02,-5.523505308090e+01,1.000000000000e+00,-1.401482086953
1703,16859,6173950195.312500,-2.240570308183e+02,-1.344342184910e+02,-1.612958566291e+02,-2.131152765662e+02,-2.446913721549e+02,-1.187766087678e+02,1.000000000000e+00,-1.425458555857
1704,16860,6174316406.250000,2.240570308183e+02,3.136798431456e+02,9.236622941552e+01,3.832466075511e+02,2.315362138926e+02,3.044234582985e+02,1.000000000000e+00,-1.449407633996
1705,16861,6174682617.187500,2.240570308183e+02,4.481140616365e+01,1.950976006477e+02,1.285351866562e+02,2.155709223770e+02,3.451011122289e+01,1.000000000000e+00,-1.473329322025
1706,16862,6175048828.125000,-1.344342184910e+02,-2.240570308183e+02,-4.095259502162e+01,-2.639796390426e+02,-1.596738538238e+02,-2.150409555475e+02,1.000000000000e+00,-1.497223624083
1707,16863,6175415039.062500,3.136798431456e+02,-1.344342184910e+02,3.489323772955e+02,-6.070232084052e+00,2.952752539325e+02,-1.505381745199e+02,1.000000000000e+00,-1.521090547743
1708,16864,6175781250.000000,-3.136798431456e+02,-1.344342184910e+02,-2.448487171201e+02,-2.487863217141e+02,-3.346981529076e+02,-1.158364357795e+02,1.000000000000e+00,-1.544930103961
1709,16865,6176147460.937500,1.344342184910e+02,-3.136798431456e+02,2.487645869410e+02,-2.448810706229e+02,1.051931219626e+02,-3.209509279584e+02,1.000000000000e+00,-1.568742307039
1710,16866,6176513671.875000,-4.481140616365e+01,3.136798431456e+02,-1.633894729083e+02,2.798000315434e+02,-3.926544066605e+01,3.188344560947e+02,1.000000000000e+00,-1.592527174569
1711,16867,6176879882.812500,2.240570308183e+02,-1.344342184910e+02,2.638884833989e+02,-4.137314129456e+01,2.043244569278e+02,-1.471740326588e+02,1.000000000000e+00,-1.616284727389
1712,16868,6177246093.750000,-4.481140616365e+01,-2.240570308183e+02,4.372755027765e+01,-2.295004235729e+02,-7.079843402554e+01,-2.213615718710e+02,1.000000000000e+00,-1.640014989536
1713,16869,6177612304.687500,-1.344342184910e+02,-3.136798431456e+02,-6.013541001195e+00,-3.490421031163e+02,-1.656390861051e+02,-3.066642213497e+02,1.000000000000e+00,-1.663717988200
1714,16870,6177978515.625000,-3.136798431456e+02,-1.344342184910e+02,-2.446834319639e+02,-2.492029687073e+02,-3.353537844012e+02,-1.172562716229e+02,1.000000000000e+00,-1.687393753673
1715,16871,6178344726.562500,-3.136798431456e+02,-4.481140616365e+01,-2.794991927814e+02,-1.643895906109e+02,-3.304295713454e+02,-2.744398552686e+01,1.000000000000e+00,-1.711042319303
1716,16872,6178710937.500000,4.481140616365e+01,4.481140616365e+01,2.499215814500e+01,5.983910621524e+01,3.470071620466e+01,4.243371864713e+01,1.000000000000e+00,-1.734663721450
1717,16873,6179077148.437500,-1.344342184910e+02,-4.481140616365e+01,-1.097829980933e+02,-9.470677312289e+01,-1.504064290828e+02,-3.791207853926e+01,1.000000000000e+00,-1.758257999431
1718,16874,6179443359.375000,1.344342184910e+02,-1.344342184910e+02,1.795557160786e+02,-7.463707976596e+01,1.148359552633e+02,-1.428797423608e+02,1.000000000000e+00,-1.781825195481
1719,16875,6179809570.312500,1.344342184910e+02,4.481140616365e+01,1.094368154751e+02,9.494250696201e+01,1.243810152314e+02,3.706033847457e+01,1.000000000000e+00,-1.805365354699
1720,16876,6180175781.250000,1.344342184910e+02,-1.344342184910e+02,1.796697404579e+02,-7.406203878432e+01,1.151065157261e+02,-1.429315035870e+02,1.000000000000e+00,-1.828878525004
1721,16877,6180541992.187500,3.136798431456e+02,1.344342184910e+02,2.427683611247e+02,2.504844333687e+02,3.085163251800e+02,1.181362452175e+02,1.000000000000e+00,-1.852364757088
1722,16878,6180908203.125000,2.240570308183e+02,4.481140616365e+01,1.933670089703e+02,1.309549316677e+02,2.140310820615e+02,3.272312836724e+01,1.000000000000e+00,-1.875824104367
1723,16879,6181274414.062500,-4.481140616365e+01,-4.481140616365e+01,-2.453784497297e+01,-5.995250647385e+01,-6.021293191935e+01,-4.472559263453e+01,1.000000000000e+00,-1.899256622935
1724,16880,6181640625.000000,2.240570308183e+02,-4.481140616365e+01,2.290614782106e+02,4.586781787893e+01,2.096706814160e+02,-5.839190266046e+01,1.000000000000e+00,-1.922662371518
1725,16881,6182006835.937500,2.240570308183e+02,4.481140616365e+01,1.940780492725e+02,1.301033013976e+02,2.142573433913e+02,3.094978218310e+01,1.000000000000e+00,-1.946041411428
1726,16882,6182373046.875000,-2.240570308183e+02,2.240570308183e+02,-2.994649126801e+02,1.240547913521e+02,-2.264613983146e+02,2.340802699958e+02,1.000000000000e+00,-1.969393806513
1727,16883,6182739257.812500,3.136798431456e+02,-4.481140616365e+01,3.141675297629e+02,8.030948855769e+01,2.998267402100e+02,-6.448263396412e+01,1.000000000000e+00,-1.992719623117
1728,16884,6183105468.750000,-1.344342184910e+02,3.136798431456e+02,-2.499302109385e+02,2.440031469576e+02,-1.318729741649e+02,3.190247819912e+02,1.000000000000e+00,-2.016018930027
1729,16885,6183471679.687500,2.240570308183e+02,1.344342184910e+02,1.586396950822e+02,2.151060772987e+02,2.186984931168e+02,1.205126885014e+02,1.000000000000e+00,-2.039291798434
1730,16886,6183837890.625000,4.481140616365e+01,-4.481140616365e+01,5.997025238862e+01,-2.451445945597e+01,2.991732615258e+01,-5.087811562378e+01,1.000000000000e+00,-2.062538301884
1731,16887,6184204101.562500,-3.136798431456e+02,1.344342184910e+02,-3.488672763504e+02,2.165620647921e+00,-3.219569944369e+02,1.450072065753e+02,1.000000000000e+00,-2.085758516231
1732,16888,6184570312.500000,-2.240570308183e+02,-2.240570308183e+02,-1.220691027385e+02,-3.001700070129e+02,-2.479029777709e+02,-2.195776387620e+02,1.000000000000e+00,-2.108952519600
1733,16889,6184936523.437500,-1.344342184910e+02,2.240570308183e+02,-2.158768762851e+02,1.576455082665e+02,-1.383129473544e+02,2.263890025271e+02,1.000000000000e+00,-2.132120392333
1734,16890,6185302734.375000,-2.240570308183e+02,-4.481140616365e+01,-1.934051525862e+02,-1.311504876444e+02,-2.399148144746e+02,-4.006414782339e+01,1.000000000000e+00,-2.155262216953
1735,16891,6185668945.312500,2.240570308183e+02,-2.240570308183e+02,2.997763767175e+02,-1.226607021468e+02,2.021361180317e+02,-2.402587599279e+02,1.000000000000e+00,-2.178378078114
1736,16892,6186035156.250000,-2.240570308183e+02,3.136798431456e+02,-3.347835501610e+02,2.075768327583e+02,-2.231663228351e+02,3.197525054172e+02,1.000000000000e+00,-2.201468062562
1737,16893,6186401367.187500,-3.136798431456e+02,1.344342184910e+02,-3.491020017143e+02,3.785655571449e+00,-3.215047065550e+02,1.441540043064e+02,1.000000000000e+00,-2.224532259090
1738,16894,6186767578.125000,-4.481140616365e+01,2.240570308183e+02,-1.301853908375e+02,1.944503499389e+02,-4.683264752680e+01,2.215478539737e+02,1.000000000000e+00,-2.247570758496
1739,16895,6187133789.062500,-4.481140616365e+01,-3.136798431456e+02,8.036360358770e+01,-3.145285507560e+02,-7.268594614155e+01,-3.197764002825e+02,1.000000000000e+00,-2.270583653540
1740,16896,6187500000.000000,-3.136798431456e+02,2.240570308183e+02,-3.844638816757e+02,8.882439326212e+01,-3.173756683925e+02,2.333269760557e+02,1.000000000000e+00,-2.293571038904
1741,16897,6187866210.937500,-1.344342184910e+02,4.481140616365e+01,-1.445472866109e+02,-1.051218328566e+01,-1.453425894687e+02,4.421357629551e+01,1.000000000000e+00,-2.316533011147
1742,16898,6188232421.875000,-4.481140616365e+01,-4.481140616365e+01,-2.468052951580e+01,-5.990484766882e+01,-5.914302864636e+01,-5.013667795956e+01,1.000000000000e+00,-2.339469668669
1743,16899,6188598632.812500,-1.344342184910e+02,1.344342184910e+02,-1.796772334627e+02,7.408368937637e+01,-1.412213226874e+02,1.334996054388e+02,1.000000000000e+00,-2.362381111666
1744,16900,6188964843.750000,2.240570308183e+02,-3.136798431456e+02,3.345712738811e+02,-2.081315451359e+02,1.995368557689e+02,-3.323088697283e+02,1.000000000000e+00,-2.385267442091
1745,16901,6189331054.687500,4.481140616365e+01,-2.240570308183e+02,1.298640289721e+02,-1.941730652071e+02,2.323604632140e+01,-2.349247187891e+02,1.000000000000e+00,-2.408128763616
1746,16902,6189697265.625000,-1.344342184910e+02,2.240570308183e+02,-2.142361568402e+02,1.596515079075e+02,-1.364267867290e+02,2.230652013719e+02,1.000000000000e+00,-2.430965181591
1747,16903,6190063476.562500,4.481140616365e+01,-3.136798431456e+02,1.639371049212e+02,-2.795236141666e+02,1.885167989289e+01,-3.256400463272e+02,1.000000000000e+00,-2.453776803005
1748,16904,6190429687.500000,-1.344342184910e+02,3.136798431456e+02,-2.492273345188e+02,2.442729418403e+02,-1.326891975355e+02,3.123256724657e+02,1.000000000000e+00,-2.476563736450
1749,16905,6190795898.437500,3.136798431456e+02,3.136798431456e+02,1.736312691945e+02,4.190218317035e+02,3.167645039197e+02,2.932948977718e+02,1.000000000000e+00,-2.499326092079
1750,16906,6191162109.375000,-3.136798431456e+02,3.136798431456e+02,-4.191112334579e+02,1.732540084949e+02,-3.138220815229e+02,3.182562618352e+02,1.000000000000e+00,-2.522063981574
1751,16907,6191528320.312500,1.344342184910e+02,-2.240570308183e+02,2.146044660573e+02,-1.589845050885e+02,1.153193949178e+02,-2.397747264329e+02,1.000000000000e+00,-2.544777518104
1752,16908,6191894531.250000,4.481140616365e+01,-2.240570308183e+02,1.298279330904e+02,-1.940968867668e+02,2.551656201828e+01,-2.364649802412e+02,1.000000000000e+00,-2.567466816289
1753,16909,6192260742.187500,-2.240570308183e+02,-2.240570308183e+02,-1.242812860000e+02,-2.990477643818e+02,-2.442664750903e+02,-2.262938143640e+02,1.000000000000e+00,-2.590131992168
1754,16910,6192626953.125000,3.136798431456e+02,-2.240570308183e+02,3.837167962765e+02,-8.957417941800e+01,2.960701821031e+02,-2.473365392279e+02,1.000000000000e+00,-2.612773163161
1755,16911,6192993164.062500,3.136798431456e+02,-2.240570308183e+02,3.837198999177e+02,-8.982041449953e+01,2.963792721704e+02,-2.475211721460e+02,1.000000000000e+00,-2.635390448033
1756,16912,6193359375.000000,-2.240570308183e+02,-1.344342184910e+02,-1.598495844897e+02,-2.140888009456e+02,-2.403031058678e+02,-1.371263711298e+02,1.000000000000e+00,-2.657983966859
1757,16913,6193725585.937500,-4.481140616365e+01,-1.344342184910e+02,9.554007834382e+00,-1.446126324638e+02,-6.005119440060e+01,-1.442817404627e+02,1.000000000000e+00,-2.680553840993
1758,16914,6194091796.875000,4.481140616365e+01,-3.136798431456e+02,1.635132178535e+02,-2.798511715950e+02,2.330328417894e+01,-3.281815667380e+02,1.000000000000e+00,-2.703100193033
1759,16915,6194458007.812500,3.136798431456e+02,4.481140616365e+01,2.797681692584e+02,1.636784255925e+02,3.076284277151e+02,2.199804123416e+01,1.000000000000e+00,-2.725623146786
1760,16916,6194824218.750000,-3.136798431456e+02,2.240570308183e+02,-3.837515230117e+02,9.075310816620e+01,-3.165120684604e+02,2.248129503193e+02,1.000000000000e+00,-2.748122827239
1761,16917,6195190429.687500,-3.136798431456e+02,1.344342184910e+02,-3.490976467752e+02,6.414975960313e+00,-3.194461957247e+02,1.346562322269e+02,1.000000000000e+00,-2.770599360522
1762,16918,6195556640.625000,-1.344342184910e+02,-3.136798431456e+02,-7.612839128528e+00,-3.491469304959e+02,-1.559128687912e+02,-3.222899679320e+02,1.000000000000e+00,-2.793052873881
1763,16919,6195922851.562500,4.481140616365e+01,-4.481140616365e+01,5.959787823180e+01,-2.560137455731e+01,3.480249791980e+01,-5.913526095161e+01,1.000000000000e+00,-2.815483495646
1764,16920,6196289062.500000,-4.481140616365e+01,-3.136798431456e+02,7.617205875850e+01,-3.152441945740e+02,-6.591340254110e+01,-3.261001957852e+02,1.000000000000e+00,-2.837891355199
1765,16921,6196655273.437500,3.136798431456e+02,4.481140616365e+01,2.812785193046e+02,1.613961826306e+02,3.092700512668e+02,2.014105170155e+01,1.000000000000e+00,-2.860276582943
1766,16922,6197021484.375000,1.344342184910e+02,-1.344342184910e+02,1.787092926564e+02,-7.691109373300e+01,1.223925284990e+02,-1.531357990448e+02,1.000000000000e+00,-2.882639310275
1767,16923,6197387695.312500,-2.240570308183e+02,3.136798431456e+02,-3.312633829953e+02,2.137760404101e+02,-2.205753782239e+02,3.108176058200e+02,1.000000000000e+00,-2.904979669556
1768,16924,6197753906.250000,4.481140616365e+01,4.481140616365e+01,2.578944887557e+01,5.942238652469e+01,3.958448248163e+01,3.007004600360e+01,1.000000000000e+00,-2.927297794081
1769,16925,6198120117.187500,-4.481140616365e+01,-1.344342184910e+02,7.681298606038e+00,-1.446026465480e+02,-5.705950534064e+01,-1.466502378510e+02,1.000000000000e+00,-2.949593818052
1770,16926,6198486328.125000,1.344342184910e+02,2.240570308183e+02,4.409233271453e+01,2.634353239491e+02,1.368360237264e+02,2.064724614471e+02,1.000000000000e+00,-2.971867876551
1771,16927,6198852539.062500,3.136798431456e+02,4.481140616365e+01,2.817896341175e+02,1.599384704073e+02,3.105223197679e+02,1.986810437144e+01,1.000000000000e+00,-2.994120105511
1772,16928,6199218750.000000,-2.240570308183e+02,-1.344342184910e+02,-1.631459446403e+02,-2.116803226865e+02,-2.360678591930e+02,-1.409912740530e+02,1.000000000000e+00,-3.016350641691
1773,16929,6199584960.937500,3.136798431456e+02,-2.240570308183e+02,3.823481381484e+02,-9.654706380819e+01,3.017001382981e+02,-2.503678344592e+02,1.000000000000e+00,-3.038559622648
1774,16930,6199951171.875000,3.136798431456e+02,-4.481140616365e+01,3.156617765437e+02,7.396799632030e+01,3.084086543122e+02,-7.015979565550e+01,1.000000000000e+00,-3.060747186714
1775,16931,6200317382.812500,-2.240570308183e+02,-3.136798431456e+02,-9.810482013282e+01,-3.822072523703e+02,-2.420171549467e+02,-3.216772107568e+02,1.000000000000e+00,-3.082913472969
1776,16932,6200683593.750000,2.240570308183e+02,4.481140616365e+01,1.978970301589e+02,1.248913034085e+02,2.223580273951e+02,2.198964923344e+01,1.000000000000e+00,-3.105058621213
1777,16933,6201049804.687500,2.240570308183e+02,3.136798431456e+02,1.006694506018e+02,3.818692380220e+02,2.336414942067e+02,2.921423197044e+02,1.000000000000e+00,-3.127182771949
1778,16934,6201416015.625000,1.344342184910e+02,3.136798431456e+02,1.513204553425e+01,3.490421120614e+02,1.434729031063e+02,2.954837695145e+02,1.000000000000e+00,3.133899240826
1779,16935,6201782226.562500,-1.344342184910e+02,3.136798431456e+02,-2.419090629863e+02,2.517165569060e+02,-1.267473458427e+02,3.057733759937e+02,1.000000000000e+00,3.111816660926
1780,16936,6202148437.500000,-1.344342184910e+02,-1.344342184910e+02,-8.039008558759e+01,-1.770472185090e+02,-1.439869078424e+02,-1.447457470658e+02,1.000000000000e+00,3.089754653072
1781,16937,6202514648.437500,-1.344342184910e+02,-3.136798431456e+02,-1.674998973444e+01,-3.488163274336e+02,-1.510188457792e+02,-3.250274947606e+02,1.000000000000e+00,3.067713074201
1782,16938,6202880859.375000,-2.240570308183e+02,-1.344342184910e+02,-1.673221047379e+02,-2.087284354249e+02,-2.338450125917e+02,-1.411955861585e+02,1.000000000000e+00,3.045691780666
1783,16939,6203247070.312500,-3.136798431456e+02,-4.481140616365e+01,-2.855504344417e+02,-1.538661605184e+02,-3.199989568153e+02,-4.721151351100e+01,1.000000000000e+00,3.023690628256
1784,16940,6203613281.250000,-4.481140616365e+01,1.344342184910e+02,-9.024083153641e+01,1.134928132671e+02,-4.166067067672e+01,1.217764142398e+02,1.000000000000e+00,3.001709472219
1785,16941,6203979492.187500,-4.481140616365e+01,-1.344342184910e+02,3.757856428688e+00,-1.448833245828e+02,-5.280309074696e+01,-1.484908123770e+02,1.000000000000e+00,2.979748167281
1786,16942,6204345703.125000,-1.344342184910e+02,-3.136798431456e+02,-1.983047661423e+01,-3.485311592792e+02,-1.496713476950e+02,-3.251351952804e+02,1.000000000000e+00,2.957806567670
1787,16943,6204711914.062500,-3.136798431456e+02,3.136798431456e+02,-4.112464498608e+02,1.920056708124e+02,-3.044179251307e+02,3.121384331461e+02,1.000000000000e+00,2.935884527129
1788,16944,6205078125.000000,3.136798431456e+02,-4.481140616365e+01,3.173306932514e+02,6.646712057383e+01,3.127451697995e+02,-7.236013569517e+01,1.000000000000e+00,2.913981898943
1789,16945,6205444335.937500,-1.344342184910e+02,2.240570308183e+02,-2.069935245516e+02,1.691109326054e+02,-1.270261668426e+02,2.149183441755e+02,1.000000000000e+00,2.892098535952
1790,16946,6205810546.875000,-4.481140616365e+01,2.240570308183e+02,-1.200957033583e+02,2.004618383661e+02,-3.628312623981e+01,2.113879028450e+02,1.000000000000e+00,2.870234290574
1791,16947,6206176757.812500,1.344342184910e+02,-2.240570308183e+02,2.061038366794e+02,-1.700868327967e+02,1.260549208899e+02,-2.461962711702e+02,1.000000000000e+00,2.848389014818
1792,16948,6206542968.750000,-3.136798431456e+02,-2.240570308183e+02,-2.261825315273e+02,-3.230026913001e+02,-3.237736043138e+02,-2.283793669460e+02,1.000000000000e+00,2.826562560307
1793,16949,6206909179.687500,3.136798431456e+02,4.481140616365e+01,2.874515348865e+02,1.499335180611e+02,3.178549104958e+02,1.729386706860e+01,1.000000000000e+00,2.804754778293
1794,16950,6207275390.625000,1.344342184910e+02,4.481140616365e+01,1.147036039875e+02,8.864845457197e+01,1.380039221126e+02,2.410128737806e+01,1.000000000000e+00,2.782965519671
1795,16951,6207641601.562500,-2.240570308183e+02,4.481140616365e+01,-2.315458002979e+02,-3.157531917183e+01,-2.218667893731e+02,3.864795151902e+01,1.000000000000e+00,2.761194635002
1796,16952,6208007812.500000,2.240570308183e+02,4.481140616365e+01,2.019217637338e+02,1.175140128065e+02,2.287752254043e+02,1.987153078004e+01,1.000000000000e+00,2.739441974523
1797,16953,6208374023.437500,-4.481140616365e+01,1.344342184910e+02,-8.763495668623e+01,1.154275481220e+02,-3.712381419156e+01,1.214388633048e+02,1.000000000000e+00,2.717707388165
1798,16954,6208740234.375000,-4.481140616365e+01,-1.344342184910e+02,5.557210061506e-01,-1.449601810308e+02,-4.835705588885e+01,-1.487053537327e+02,1.000000000000e+00,2.695990725570
1799,16955,6209106445.312500,-4.481140616365e+01,-3.136798431456e+02,5.850987678107e+01,-3.188518114656e+02,-5.586902645119e+01,-3.288198846308e+02,1.000000000000e+00,2.674291836103
1800,16956,6209472656.250000,1.344342184910e+02,3.136798431456e+02,2.932604335576e+01,3.478241660875e+02,1.521500320665e+02,2.938029262346e+02,1.000000000000e+00,2.652610568867
1801,16957,6209838867.187500,-1.344342184910e+02,4.481140616365e+01,-1.449004254673e+02,5.179617416125e-01,-1.295045536224e+02,3.568885678630e+01,1.000000000000e+00,2.630946772720
1802,16958,6210205078.125000,-3.136798431456e+02,2.240570308183e+02,-3.762184588286e+02,1.180251645273e+02,-3.012337963896e+02,2.239692054035e+02,1.000000000000e+00,2.609300296286
1803,16959,6210571289.062500,-1.344342184910e+02,-3.136798431456e+02,-3.140277584935e+01,-3.479278557888e+02,-1.449646592262e+02,-3.246878881737e+02,1.000000000000e+00,2.587670987968
1804,16960,6210937500.000000,-2.240570308183e+02,4.481140616365e+01,-2.324977899139e+02,-2.711588677031e+01,-2.189641279767e+02,3.982268030527e+01,1.000000000000e+00,2.566058695964
1805,16961,6211303710.937500,2.240570308183e+02,1.344342184910e+02,1.762801863408e+02,2.014185275034e+02,2.363254990776e+02,1.103238052592e+02,1.000000000000e+00,2.544463268277
1806,16962,6211669921.875000,2.240570308183e+02,4.481140616365e+01,2.046229176497e+02,1.135539522748e+02,2.326673747344e+02,2.016424073531e+01,1.000000000000e+00,2.522884552730
1807,16963,6212036132.812500,4.481140616365e+01,-4.481140616365e+01,5.760014531287e+01,-2.988381745135e+01,4.863945609618e+01,-6.194327652264e+01,1.000000000000e+00,2.501322396975
1808,16964,6212402343.750000,3.136798431456e+02,1.344342184910e+02,2.655065208084e+02,2.269567891311e+02,3.276352997508e+02,1.055627446359e+02,1.000000000000e+00,2.479776648506
1809,16965,6212768554.687500,2.240570308183e+02,4.481140616365e+01,2.056576926833e+02,1.111143258558e+02,2.336033346922e+02,1.926008099262e+01,1.000000000000e+00,2.458247154672
1810,16966,6213134765.625000,-1.344342184910e+02,1.344342184910e+02,-1.715361332708e+02,9.156512074683e+01,-1.216518485300e+02,1.273585487978e+02,1.000000000000e+00,2.436733762688
1811,16967,6213500976.562500,-3.136798431456e+02,3.136798431456e+02,-4.002289810798e+02,2.137545132425e+02,-2.929116243364e+02,3.160997339400e+02,1.000000000000e+00,2.415236319640
1812,16968,6213867187.500000,3.136798431456e+02,-1.344342184910e+02,3.469641938306e+02,-3.841021739106e+01,3.160933543649e+02,-1.640093984014e+02,1.000000000000e+00,2.393754672503
1813,16969,6214233398.437500,-2.240570308183e+02,-2.240570308183e+02,-1.533420675096e+02,-2.855712335282e+02,-2.281055566485e+02,-2.286610121990e+02,1.000000000000e+00,2.372288668150
1814,16970,6214599609.375000,-4.481140616365e+01,-1.344342184910e+02,-4.663823241283e+00,-1.448926593691e+02,-4.359668057609e+01,-1.468150560487e+02,1.000000000000e+00,2.350838153354
1815,16971,6214965820.312500,-1.344342184910e+02,-3.136798431456e+02,-4.122961126417e+01,-3.467080063566e+02,-1.422326594684e+02,-3.223418675099e+02,1.000000000000e+00,2.329402974809
1816,16972,6215332031.250000,4.481140616365e+01,-1.344342184910e+02,8.256482991405e+01,-1.191478026347e+02,4.693174944050e+01,-1.507957317440e+02,1.000000000000e+00,2.307982979131
1817,16973,6215698242.187500,-1.344342184910e+02,-2.240570308183e+02,-6.829254363395e+01,-2.583805147308e+02,-1.372533360285e+02,-2.318167651554e+02,1.000000000000e+00,2.286578012869
1818,16974,6216064453.125000,4.481140616365e+01,3.136798431456e+02,-4.451016794758e+01,3.210194979298e+02,6.962069807506e+01,2.997601588366e+02,1.000000000000e+00,2.265187922514
1819,16975,6216430664.062500,1.344342184910e+02,1.344342184910e+02,9.476488702527e+01,1.699415563530e+02,1.512987190368e+02,1.154374721101e+02,1.000000000000e+00,2.243812554510
1820,16976,6216796875.000000,-1.344342184910e+02,-3.136798431456e+02,-4.570024626061e+01,-3.464987646616e+02,-1.415066894221e+02,-3.213641914763e+02,1.000000000000e+00,2.222451755256
1821,16977,6217163085.937500,1.344342184910e+02,1.344342184910e+02,9.580141343449e+01,1.695921300539e+02,1.521850044165e+02,1.158288032738e+02,1.000000000000e+00,2.201105371120
1822,16978,6217529296.875000,-1.344342184910e+02,1.344342184910e+02,-1.694136346743e+02,9.616494956616e+01,-1.180869956770e+02,1.298867493618e+02,1.000000000000e+00,2.179773248441
1823,16979,6217895507.812500,-2.240570308183e+02,2.240570308183e+02,-2.820573169886e+02,1.608802903472e+02,-2.034491597627e+02,2.249051912891e+02,1.000000000000e+00,2.158455233542
1824,16980,6218261718.750000,3.136798431456e+02,2.240570308183e+02,2.504167821665e+02,3.054402218923e+02,3.381793760155e+02,1.972459039943e+02,1.000000000000e+00,2.137151172731
1825,16981,6218627929.687500,-1.344342184910e+02,-1.344342184910e+02,-9.765532656521e+01,-1.684939331967e+02,-1.313165436794e+02,-1.395958277032e+02,1.000000000000e+00,2.115860912314
1826,16982,6218994140.625000,2.240570308183e+02,4.481140616365e+01,2.103095294067e+02,1.025891507501e+02,2.391542240479e+02,2.138430917059e+01,1.000000000000e+00,2.094584298596
1827,16983,6219360351.562500,-1.344342184910e+02,-1.344342184910e+02,-9.879615742123e+01,-1.676704856758e+02,-1.310345877239e+02,-1.386174524737e+02,1.000000000000e+00,2.073321177888
1828,16984,6219726562.500000,-2.240570308183e+02,4.481140616365e+01,-2.334763762986e+02,-1.216012904588e+01,-2.105925356933e+02,4.708915257875e+01,1.000000000000e+00,2.052071396519
1829,16985,6220092773.437500,4.481140616365e+01,1.344342184910e+02,1.089957763730e+01,1.445485252645e+02,6.497029526559e+01,1.218563812079e+02,1.000000000000e+00,2.030834800833
1830,16986,6220458984.375000,-1.344342184910e+02,4.481140616365e+01,-1.445900556267e+02,1.108949984163e+01,-1.201142277217e+02,4.243887491261e+01,1.000000000000e+00,2.009611237201
1831,16987,6220825195.312500,-3.136798431456e+02,-4.481140616365e+01,-3.005422699893e+02,-1.220722635068e+02,-3.051847856261e+02,-3.741550658544e+01,1.000000000000e+00,1.988400552023
1832,16988,6221191406.250000,2.240570308183e+02,4.481140616365e+01,2.117792497532e+02,9.938098569276e+01,2.406072505696e+02,2.271304332159e+01,1.000000000000e+00,1.967202591734
1833,16989,6221557617.187500,-2.240570308183e+02,-1.344342184910e+02,-1.905079908112e+02,-1.877355494211e+02,-2.198506936447e+02,-1.315644506852e+02,1.000000000000e+00,1.946017202810
1834,16990,6221923828.125000,-1.344342184910e+02,1.344342184910e+02,-1.657279352093e+02,1.019429736766e+02,-1.138218713433e+02,1.338997983153e+02,1.000000000000e+00,1.924844231770
1835,16991,6222290039.062500,2.240570308183e+02,-1.344342184910e+02,2.545755343240e+02,-8.157786805880e+01,2.303997800865e+02,-1.573339920480e+02,1.000000000000e+00,1.903683525184
1836,16992,6222656250.000000,-4.481140616365e+01,1.344342184910e+02,-7.556161541088e+01,1.236697974124e+02,-2.300524880951e+01,1.292127330871e+02,1.000000000000e+00,1.882534929672
1837,16993,6223022460.937500,-3.136798431456e+02,1.344342184910e+02,-3.431825562514e+02,6.306077105197e+01,-2.924415512548e+02,1.463873284579e+02,1.000000000000e+00,1.861398291915
1838,16994,6223388671.875000,4.481140616365e+01,3.136798431456e+02,-2.541476757904e+01,3.231977309802e+02,7.888616180151e+01,3.042851479305e+02,1.000000000000e+00,1.840273458652
1839,16995,6223754882.812500,2.240570308183e+02,2.240570308183e+02,1.744718306436e+02,2.735093876728e+02,2.536393144596e+02,2.033513770993e+02,1.000000000000e+00,1.819160276688
1840,16996,6224121093.750000,3.136798431456e+02,3.136798431456e+02,2.455861729639e+02,3.823411745347e+02,3.499436993837e+02,2.879479993724e+02,1.000000000000e+00,1.798058592895
1841,16997,6224487304.687500,-3.136798431456e+02,4.481140616365e+01,-3.238696499960e+02,-2.229002449619e+01,-2.978105586331e+02,5.878755304288e+01,1.000000000000e+00,1.776968254217
1842,16998,6224853515.625000,-4.481140616365e+01,-4.481140616365e+01,-3.551172358244e+01,-5.436689668318e+01,-3.330622505791e+01,-4.858924633303e+01,1.000000000000e+00,1.755889107673
1843,16999,6225219726.562500,-3.136798431456e+02,-3.136798431456e+02,-2.493831053242e+02,-3.800149818205e+02,-3.214149115119e+02,-3.006145851015e+02,1.000000000000e+00,1.734821000357
1844,17000,6225585937.500000,2.240570308183e+02,1.344342184910e+02,1.969393291492e+02,1.812901808045e+02,2.490648479788e+02,1.146459993168e+02,1.000000000000e+00,1.713763779444
1845,17001,6225952148.437500,-2.240570308183e+02,-2.240570308183e+02,-1.786143315777e+02,-2.709723685765e+02,-2.243459442234e+02,-2.164247802974e+02,1.000000000000e+00,1.692717292191
1846,17002,6226318359.375000,-3.136798431456e+02,4.481140616365e+01,-3.239430876795e+02,-1.819676450627e+01,-2.969174078595e+02,6.054815141736e+01,1.000000000000e+00,1.671681385940
1847,17003,6226684570.312500,1.344342184910e+02,-4.481140616365e+01,1.438546946961e+02,-1.864293962554e+01,1.473531221576e+02,-5.903190256978e+01,1.000000000000e+00,1.650655908120
1848,17004,6227050781.250000,4.481140616365e+01,2.240570308183e+02,2.226502595401e+00,2.338398409813e+02,7.643081913352e+01,2.172950267190e+02,1.000000000000e+00,1.629640706247
1849,17005,6227416992.187500,-4.481140616365e+01,2.240570308183e+02,-8.701500919561e+01,2.171429881635e+02,-1.308427670888e+01,2.241456676683e+02,1.000000000000e+00,1.608635627929
1850,17006,6227783203.125000,-1.344342184910e+02,2.240570308183e+02,-1.764536181805e+02,2.011778919197e+02,-1.026491857367e+02,2.312923027426e+02,1.000000000000e+00,1.587640520867
1851,17007,6228149414.062500,3.136798431456e+02,1.344342184910e+02,2.923756584107e+02,1.916543044089e+02,3.411010690699e+02,1.077985095394e+02,1.000000000000e+00,1.566655232854
1852,17008,6228515625.000000,-2.240570308183e+02,4.481140616365e+01,-2.340075473254e+02,6.197096973144e+00,-2.056878911739e+02,5.947718409873e+01,1.000000000000e+00,1.545679611779
1853,17009,6228881835.937500,3.136798431456e+02,1.344342184910e+02,2.941248136294e+02,1.891001016579e+02,3.417231005097e+02,1.073377603726e+02,1.000000000000e+00,1.524713505628
1854,17010,6229248046.875000,-2.240570308183e+02,-3.136798431456e+02,-1.740611720207e+02,-3.544688013847e+02,-2.341023983662e+02,-2.993474441366e+02,1.000000000000e+00,1.503756762483
1855,17011,6229614257.812500,4.481140616365e+01,3.136798431456e+02,-6.492273840981e+00,3.244434855104e+02,8.588467926770e+01,3.094753302834e+02,1.000000000000e+00,1.482809230527
1856,17012,6229980468.750000,-1.344342184910e+02,3.136798431456e+02,-1.870495859385e+02,2.951174629489e+02,-9.423007744961e+01,3.238794310315e+02,1.000000000000e+00,1.461870758040
1857,17013,6230346679.687500,-3.136798431456e+02,-1.344342184910e+02,-2.957405607189e+02,-1.858853754397e+02,-3.093458160209e+02,-1.110423559479e+02,1.000000000000e+00,1.440941193403
1858,17014,6230712890.625000,1.344342184910e+02,-4.481140616365e+01,1.429281632689e+02,-2.444283071283e+01,1.473289447287e+02,-5.660603017007e+01,1.000000000000e+00,1.420020385097
1859,17015,6231079101.562500,-1.344342184910e+02,1.344342184910e+02,-1.563972945733e+02,1.156634356954e+02,-1.076428764756e+02,1.454359049943e+02,1.000000000000e+00,1.399108181704
1860,17016,6231445312.500000,1.344342184910e+02,-2.240570308183e+02,1.693675342828e+02,-2.070067140312e+02,1.324421422870e+02,-2.359336755239e+02,1.000000000000e+00,1.378204431907
1861,17017,6231811523.437500,-2.240570308183e+02,-3.136798431456e+02,-1.816845638912e+02,-3.504725350499e+02,-2.349338971056e+02,-2.957453696116e+02,1.000000000000e+00,1.357308984493
1862,17018,6232177734.375000,3.136798431456e+02,-2.240570308183e+02,3.500133406808e+02,-1.827954088548e+02,3.121790188992e+02,-2.505287435564e+02,1.000000000000e+00,1.336421688347
1863,17019,6232543945.312500,-4.481140616365e+01,-2.240570308183e+02,-1.430979612792e+01,-2.336376703596e+02,-4.772825353093e+01,-2.200700360767e+02,1.000000000000e+00,1.315542392457
1864,17020,6232910156.250000,-2.240570308183e+02,4.481140616365e+01,-2.336134899032e+02,1.494962577958e+01,-2.051158562434e+02,6.529937260289e+01,1.000000000000e+00,1.294670945913
1865,17021,6233276367.187500,-4.481140616365e+01,3.136798431456e+02,-8.695683517137e+01,3.127228950039e+02,-2.103630708585e+00,3.205086932541e+02,1.000000000000e+00,1.273807197904
1866,17022,6233642578.125000,-3.136798431456e+02,4.481140616365e+01,-3.244810761207e+02,5.589679079274e+00,-2.948416346661e+02,7.464433599882e+01,1.000000000000e+00,1.252950997723
1867,17023,6234008789.062500,2.240570308183e+02,-3.136798431456e+02,2.662592119818e+02,-2.914193764203e+02,2.125464536634e+02,-3.321026704267e+02,1.000000000000e+00,1.232102194759
1868,17024,6234375000.000000,4.481140616365e+01,-2.240570308183e+02,7.233400198268e+01,-2.225670737852e+02,4.059850044899e+01,-2.258542125503e+02,1.000000000000e+00,1.211260638504
1869,17025,6234741210.937500,-3.136798431456e+02,-1.344342184910e+02,-3.036528235481e+02,-1.732552091961e+02,-3.111422063857e+02,-1.031341831027e+02,1.000000000000e+00,1.190426178548
1870,17026,6235107421.875000,2.240570308183e+02,-1.344342184910e+02,2.432513736807e+02,-1.117278647676e+02,2.281192638031e+02,-1.517425052501e+02,1.000000000000e+00,1.169598664579
1871,17027,6235473632.812500,-3.136798431456e+02,4.481140616365e+01,-3.242923351309e+02,1.202927885533e+01,-2.947477647755e+02,7.845813009689e+01,1.000000000000e+00,1.148777946381
1872,17028,6235839843.750000,1.344342184910e+02,-3.136798431456e+02,1.689488742162e+02,-3.058466733463e+02,1.199867149938e+02,-3.229173454382e+02,1.000000000000e+00,1.127963873837
1873,17029,6236206054.687500,1.344342184910e+02,1.344342184910e+02,1.237538901356e+02,1.501987441317e+02,1.631042396621e+02,1.263890234786e+02,1.000000000000e+00,1.107156296922
1874,17030,6236572265.625000,3.136798431456e+02,-4.481140616365e+01,3.239517596407e+02,-1.558678705564e+01,3.251582413660e+02,-7.015269366436e+01,1.000000000000e+00,1.086355065710
1875,17031,6236938476.562500,4.481140616365e+01,2.240570308183e+02,2.473947941003e+01,2.325409629536e+02,8.161200275803e+01,2.255956656828e+02,1.000000000000e+00,1.065560030362
1876,17032,6237304687.500000,-4.481140616365e+01,2.240570308183e+02,-6.595590178514e+01,2.243764127695e+02,-8.273374726342e+00,2.346103399146e+02,1.000000000000e+00,1.044771041136
1877,17033,6237670898.437500,-2.240570308183e+02,-3.136798431456e+02,-2.010933320585e+02,-3.395051257230e+02,-2.400715968202e+02,-2.864162411116e+02,1.000000000000e+00,1.023987948378
1878,17034,6238037109.375000,4.481140616365e+01,-4.481140616365e+01,4.949139668543e+01,-4.194947781070e+01,5.520162189260e+01,-4.277159275668e+01,1.000000000000e+00,1.003210602522
1879,17035,6238403320.312500,-2.240570308183e+02,-2.240570308183e+02,-2.110442709197e+02,-2.464565457825e+02,-2.323482225484e+02,-1.953379619604e+02,1.000000000000e+00,0.982438854091
1880,17036,6238769531.250000,-3.136798431456e+02,-3.136798431456e+02,-2.972710188228e+02,-3.436291230421e+02,-3.319891919188e+02,-2.751518711026e+02,1.000000000000e+00,0.961672553694
1881,17037,6239135742.187500,-4.481140616365e+01,-3.136798431456e+02,-2.412266387329e+01,-3.236932500842e+02,-6.335965963801e+01,-3.021441062598e+02,1.000000000000e+00,0.940911552023
1882,17038,6239501953.125000,-4.481140616365e+01,-1.344342184910e+02,-3.708349648022e+01,-1.403342955050e+02,-4.507949561642e+01,-1.221336326095e+02,1.000000000000e+00,0.920155699853
1883,17039,6239868164.062500,1.344342184910e+02,2.240570308183e+02,1.238507791532e+02,2.372451648955e+02,1.723052742423e+02,2.182067805685e+02,1.000000000000e+00,0.899404848039
1884,17040,6240234375.000000,-1.344342184910e+02,1.344342184910e+02,-1.451779368199e+02,1.297548133097e+02,-1.066560416123e+02,1.574755637085e+02,1.000000000000e+00,0.878658847517
1885,17041,6240600585.937500,-1.344342184910e+02,3.136798431456e+02,-1.545761073438e+02,3.134495034743e+02,-8.766092380217e+01,3.372587853801e+02,1.000000000000e+00,0.857917549299
1886,17042,6240966796.875000,-4.481140616365e+01,-3.136798431456e+02,-2.962237202131e+01,-3.231138520808e+02,-6.530867180616e+01,-3.002086422665e+02,1.000000000000e+00,0.837180804470
1887,17043,6241333007.812500,-3.136798431456e+02,-3.136798431456e+02,-3.058556272257e+02,-3.356517624339e+02,-3.349769854072e+02,-2.705856662209e+02,1.000000000000e+00,0.816448464191
1888,17044,6241699218.750000,-3.136798431456e+02,-2.240570308183e+02,-3.110186975467e+02,-2.426187413375e+02,-3.256426476831e+02,-1.800593228761e+02,1.000000000000e+00,0.795720379693
1889,17045,6242065429.687500,-2.240570308183e+02,4.481140616365e+01,-2.308153625199e+02,3.706239524726e+01,-2.066245773076e+02,7.960141813841e+01,1.000000000000e+00,0.774996402276
1890,17046,6242431640.625000,2.240570308183e+02,-2.240570308183e+02,2.372287625023e+02,-2.212602729890e+02,2.114042812266e+02,-2.389335921454e+02,1.000000000000e+00,0.754276383306
1891,17047,6242797851.562500,4.481140616365e+01,3.136798431456e+02,3.578083368450e+01,3.226331481598e+02,9.199846748946e+01,3.195223906805e+02,1.000000000000e+00,0.733560174214
1892,17048,6243164062.500000,-4.481140616365e+01,4.481140616365e+01,-4.720411158238e+01,4.459347982442e+01,-2.813590800816e+01,6.068546460751e+01,1.000000000000e+00,0.712847626495
1893,17049,6243530273.437500,-4.481140616365e+01,-1.344342184910e+02,-4.232813435195e+01,-1.388504686280e+02,-4.849252597699e+01,-1.185135070571e+02,1.000000000000e+00,0.692138591701
1894,17050,6243896484.375000,-3.136798431456e+02,4.481140616365e+01,-3.222056791351e+02,3.840108212737e+01,-2.977507886760e+02,9.122164823244e+01,1.000000000000e+00,0.671432921446
1895,17051,6244262695.312500,3.136798431456e+02,-4.481140616365e+01,3.221246900460e+02,-3.979801431841e+01,3.197735431584e+02,-6.885293945088e+01,1.000000000000e+00,0.650730467396
1896,17052,6244628906.250000,-4.481140616365e+01,-1.344342184910e+02,-4.399285499870e+01,-1.384025675087e+02,-4.978736753579e+01,-1.176184364585e+02,1.000000000000e+00,0.630031081271
1897,17053,6244995117.187500,-2.240570308183e+02,-1.344342184910e+02,-2.284864854814e+02,-1.399056288593e+02,-2.298794351955e+02,-9.620762495583e+01,1.000000000000e+00,0.609334614842
1898,17054,6245361328.125000,2.240570308183e+02,-4.481140616365e+01,2.298584477800e+02,-4.456117034672e+01,2.289637198484e+02,-5.901413270692e+01,1.000000000000e+00,0.588640919930
1899,17055,6245727539.062500,-1.344342184910e+02,-1.344342184910e+02,-1.372743149597e+02,-1.380547192995e+02,-1.405886589822e+02,-1.060818266479e+02,1.000000000000e+00,0.567949848399
1900,17056,6246093750.000000,-1.344342184910e+02,1.344342184910e+02,-1.375274537947e+02,1.377063585179e+02,-1.089958163883e+02,1.630388439880e+02,1.000000000000e+00,0.547261252158
1901,17057,6246459960.937500,-2.240570308183e+02,3.136798431456e+02,-2.277665107002e+02,3.224939023470e+02,-1.770844528370e+02,3.535866680607e+02,1.000000000000e+00,0.526574983157
1902,17058,6246826171.875000,1.344342184910e+02,2.240570308183e+02,1.400534546939e+02,2.282125031928e+02,1.707251099134e+02,2.207395237884e+02,1.000000000000e+00,0.505890893383
1903,17059,6247192382.812500,4.481140616365e+01,1.344342184910e+02,4.791014483106e+01,1.371314008701e+02,6.999744756744e+01,1.422169970266e+02,1.000000000000e+00,0.485208834861
1904,17060,6247558593.750000,-2.240570308183e+02,1.344342184910e+02,-2.271265227673e+02,1.420326319838e+02,-1.991191673121e+02,1.760344081591e+02,1.000000000000e+00,0.464528659647
1905,17061,6247924804.687500,4.481140616365e+01,-3.136798431456e+02,3.870233648417e+01,-3.225805101723e+02,1.297466213996e+01,-3.057945844795e+02,1.000000000000e+00,0.443850219829
1906,17062,6248291015.625000,-1.344342184910e+02,-2.240570308183e+02,-1.436526750320e+02,-2.260159574309e+02,-1.553355804678e+02,-1.931409843333e+02,1.000000000000e+00,0.423173367523
1907,17063,6248657226.562500,3.136798431456e+02,-4.481140616365e+01,3.198643578742e+02,-5.514186845424e+01,3.149391140578e+02,-7.064775172044e+01,1.000000000000e+00,0.402497954870
1908,17064,6249023437.500000,-1.344342184910e+02,3.136798431456e+02,-1.273264157996e+02,3.253827396077e+02,-8.751968289300e+01,3.445194715046e+02,1.000000000000e+00,0.381823834035
1909,17065,6249389648.437500,-4.481140616365e+01,-4.481140616365e+01,-4.747210736979e+01,-4.423590440189e+01,-4.397674916918e+01,-2.475279980089e+01,1.000000000000e+00,0.361150857202
1910,17066,6249755859.375000,2.240570308183e+02,2.240570308183e+02,2.381218234113e+02,2.203913742257e+02,2.586726838281e+02,2.094473776290e+02,1.000000000000e+00,0.340478876573
1911,17067,6250122070.312500,3.136798431456e+02,-3.136798431456e+02,3.071958665649e+02,-3.347362436043e+02,2.784288367709e+02,-3.394218482304e+02,1.000000000000e+00,0.319807744366
1912,17068,6250488281.250000,-4.481140616365e+01,-2.240570308183e+02,-5.705922341461e+01,-2.270620711469e+02,-6.904530998264e+01,-2.031792799597e+02,1.000000000000e+00,0.299137312811
1913,17069,6250854492.187500,1.344342184910e+02,2.240570308183e+02,1.501631863037e+02,2.217965523368e+02,1.698421294442e+02,2.202922294931e+02,1.000000000000e+00,0.278467434146
1914,17070,6251220703.125000,1.344342184910e+02,4.481140616365e+01,1.403101270145e+02,3.772074285314e+01,1.451977068555e+02,4.114615101627e+01,1.000000000000e+00,0.257797960620
1915,17071,6251586914.062500,1.344342184910e+02,1.344342184910e+02,1.461863805668e+02,1.289635603488e+02,1.572342948190e+02,1.306822173825e+02,1.000000000000e+00,0.237128744482
1916,17072,6251953125.000000,-2.240570308183e+02,4.481140616365e+01,-2.262289517008e+02,6.098169834748e+01,-2.135334448813e+02,9.084892060502e+01,1.000000000000e+00,0.216459637988
1917,17073,6252319335.937500,-2.240570308183e+02,-1.344342184910e+02,-2.387488174634e+02,-1.216423373785e+02,-2.387876050438e+02,-8.800617445999e+01,1.000000000000e+00,0.195790493389
1918,17074,6252685546.875000,3.136798431456e+02,2.240570308183e+02,3.374863082041e+02,2.058777941781e+02,3.478719758499e+02,1.952319695355e+02,1.000000000000e+00,0.175121162936
1919,17075,6253051757.812500,-1.344342184910e+02,-3.136798431456e+02,-1.618616959555e+02,-3.103222151776e+02,-1.752102367248e+02,-2.792235986735e+02,1.000000000000e+00,0.154451498873
1920,17076,6253417968.750000,-4.481140616365e+01,1.344342184910e+02,-3.479547017082e+01,1.410845700074e+02,-2.315898674351e+01,1.558462861358e+02,1.000000000000e+00,0.133781353434
1921,17077,6253784179.687500,3.136798431456e+02,2.240570308183e+02,3.397680152430e+02,2.019317608804e+02,3.472466161471e+02,1.943202595689e+02,1.000000000000e+00,0.113110578846
1922,17078,6254150390.625000,2.240570308183e+02,-2.240570308183e+02,2.086559405030e+02,-2.489144142284e+02,1.933459838228e+02,-2.402832589438e+02,1.000000000000e+00,0.092439027320
1923,17079,6254516601.562500,-3.136798431456e+02,1.344342184910e+02,-3.075256311673e+02,1.663780344573e+02,-2.919921271963e+02,1.944808596365e+02,1.000000000000e+00,0.071766551052
1924,17080,6254882812.500000,-4.481140616365e+01,-1.344342184910e+02,-5.864788311219e+01,-1.327318562827e+02,-6.285912354031e+01,-1.121364791245e+02,1.000000000000e+00,0.051093002220
1925,17081,6255249023.437500,-1.344342184910e+02,4.481140616365e+01,-1.325764157225e+02,5.908278716059e+01,-1.267589343116e+02,7.947003710844e+01,1.000000000000e+00,0.030418232980
1926,17082,6255615234.375000,-1.344342184910e+02,1.344342184910e+02,-1.232427582807e+02,1.509186094849e+02,-1.142160778681e+02,1.689273128682e+02,1.000000000000e+00,0.009742095467
1927,17083,6255981445.312500,-4.481140616365e+01,-3.136798431456e+02,-7.901294589237e+01,-3.151800601823e+02,-9.013905238640e+01,-2.911454903757e+02,1.000000000000e+00,-0.010935558211
1928,17084,6256347656.250000,4.481140616365e+01,1.344342184910e+02,6.041815852955e+01,1.321276805496e+02,6.396855307722e+01,1.429640094570e+02,1.000000000000e+00,-0.031614875974
1929,17085,6256713867.187500,3.136798431456e+02,2.240570308183e+02,3.449035425623e+02,1.927890344577e+02,3.449075614383e+02,1.929817905302e+02,1.000000000000e+00,-0.052296005771
1930,17086,6257080078.125000,3.136798431456e+02,-1.344342184910e+02,3.037062220073e+02,-1.735229728796e+02,2.920190221092e+02,-1.648132052405e+02,1.000000000000e+00,-0.072979095585
1931,17087,6257446289.062500,3.136798431456e+02,-1.344342184910e+02,3.030614599961e+02,-1.749568282657e+02,2.914968295956e+02,-1.654183911148e+02,1.000000000000e+00,-0.093664293431
1932,17088,6257812500.000000,-4.481140616365e+01,-2.240570308183e+02,-7.385310657989e+01,-2.224601424510e+02,-8.009478974360e+01,-2.015783570804e+02,1.000000000000e+00,-0.114351747363
1933,17089,6258178710.937500,4.481140616365e+01,4.481140616365e+01,5.142378184153e+01,3.978138998567e+01,4.938551915858e+01,5.304928934885e+01,1.000000000000e+00,-0.135041605473
1934,17090,6258544921.875000,1.344342184910e+02,-3.136798431456e+02,9.496966271725e+01,-3.368741461724e+02,8.408350875422e+01,-3.180747305753e+02,1.000000000000e+00,-0.155734015897
1935,17091,6258911132.812500,1.344342184910e+02,-4.481140616365e+01,1.305036600868e+02,-6.384786252730e+01,1.244027662702e+02,-5.009059606161e+01,1.000000000000e+00,-0.176429126809
1936,17092,6259277343.750000,-2.240570308183e+02,4.481140616365e+01,-2.213314835031e+02,7.669574586142e+01,-2.196309157577e+02,9.356285103276e+01,1.000000000000e+00,-0.197127086432
1937,17093,6259643554.687500,-3.136798431456e+02,-1.344342184910e+02,-3.375606574586e+02,-9.192193334351e+01,-3.365044494313e+02,-7.155532230971e+01,1.000000000000e+00,-0.217828043036
1938,17094,6260009765.625000,2.240570308183e+02,-1.344342184910e+02,2.078852650416e+02,-1.689093756165e+02,1.990406704532e+02,-1.533258636481e+02,1.000000000000e+00,-0.238532144938
1939,17095,6260375976.562500,3.136798431456e+02,-4.481140616365e+01,3.114470704228e+02,-9.216264250548e+01,3.015060786732e+02,-7.806520456251e+01,1.000000000000e+00,-0.259239540508
1940,17096,6260742187.500000,4.481140616365e+01,-2.240570308183e+02,1.116221398509e+01,-2.339301188611e+02,5.622652370406e+00,-2.156341449504e+02,1.000000000000e+00,-0.279950378168
1941,17097,6261108398.437500,-2.240570308183e+02,2.240570308183e+02,-1.919918848278e+02,2.619416932094e+02,-1.933902188887e+02,2.720723643509e+02,1.000000000000e+00,-0.300664806393
1942,17098,6261474609.375000,-4.481140616365e+01,-1.344342184910e+02,-6.657534966513e+01,-1.291077603451e+02,-7.038312882260e+01,-1.129071866491e+02,1.000000000000e+00,-0.321382973716
1943,17099,6261840820.312500,-2.240570308183e+02,4.481140616365e+01,-2.198027255803e+02,8.102969840964e+01,-2.219978243459e+02,9.269757367011e+01,1.000000000000e+00,-0.342105028728
1944,17100,6262207031.250000,1.344342184910e+02,3.136798431456e+02,1.871028768432e+02,2.957506315033e+02,1.760068873248e+02,3.060811291872e+02,1.000000000000e+00,-0.362831120077
1945,17101,6262573242.187500,1.344342184910e+02,-3.136798431456e+02,8.349444698671e+01,-3.399578214298e+02,7.942766186649e+01,-3.197225806540e+02,1.000000000000e+00,-0.383561396473
1946,17102,6262939453.125000,-3.136798431456e+02,4.481140616365e+01,-3.095327208002e+02,9.943486869215e+01,-3.120627960273e+02,1.073410224664e+02,1.000000000000e+00,-0.404296006690
1947,17103,6263305664.062500,-4.481140616365e+01,-4.481140616365e+01,-5.320937443942e+01,-3.733002508198e+01,-5.846666418776e+01,-2.415911784596e+01,1.000000000000e+00,-0.425035099561
1948,17104,6263671875.000000,2.240570308183e+02,4.481140616365e+01,2.341945276987e+02,4.479329388021e+00,2.231441656264e+02,2.189339770952e+01,1.000000000000e+00,-0.445778823988
1949,17105,6264038085.937500,-4.481140616365e+01,4.481140616365e+01,-3.680985464987e+01,5.350219396087e+01,-4.464614857094e+01,6.482968106676e+01,1.000000000000e+00,-0.466527328936
1950,17106,6264404296.875000,3.136798431456e+02,-2.240570308183e+02,2.736741916277e+02,-2.852879668485e+02,2.682120125983e+02,-2.611383143478e+02,1.000000000000e+00,-0.487280763439
1951,17107,6264770507.812500,2.240570308183e+02,4.481140616365e+01,2.345049822735e+02,1.950281323449e+00,2.225621349014e+02,2.074326628113e+01,1.000000000000e+00,-0.508039276596
1952,17108,6265136718.750000,-3.136798431456e+02,2.240570308183e+02,-2.723348730018e+02,2.871482449232e+02,-2.842689394431e+02,2.866846472192e+02,1.000000000000e+00,-0.528803017578
1953,17109,6265502929.687500,-2.240570308183e+02,-2.240570308183e+02,-2.697622088269e+02,-1.815099631603e+02,-2.677997786953e+02,-1.748304703091e+02,1.000000000000e+00,-0.549572135624
1954,17110,6265869140.625000,-3.136798431456e+02,-2.240570308183e+02,-3.600807727646e+02,-1.632343399592e+02,-3.569479110966e+02,-1.609334098709e+02,1.000000000000e+00,-0.570346780042
1955,17111,6266235351.562500,1.344342184910e+02,1.344342184910e+02,1.621532589380e+02,1.082871708705e+02,1.463019435012e+02,1.242002691671e+02,1.000000000000e+00,-0.591127100214
1956,17112,6266601562.500000,2.240570308183e+02,2.240570308183e+02,2.707340904546e+02,1.799251129680e+02,2.495539121170e+02,1.991276968363e+02,1.000000000000e+00,-0.611913245591
1957,17113,6266967773.437500,-4.481140616365e+01,-1.344342184910e+02,-7.261059534638e+01,-1.259905064965e+02,-7.545618444934e+01,-1.156170465566e+02,1.000000000000e+00,-0.632705365696
1958,17114,6267333984.375000,3.136798431456e+02,-1.344342184910e+02,2.869884813283e+02,-2.005066523715e+02,2.812696255160e+02,-1.729119604878e+02,1.000000000000e+00,-0.653503610126
1959,17115,6267700195.312500,1.344342184910e+02,2.240570308183e+02,1.825154629273e+02,1.961653613106e+02,1.598469697288e+02,2.122160931869e+02,1.000000000000e+00,-0.674308128548
1960,17116,6268066406.250000,2.240570308183e+02,1.344342184910e+02,2.536182503425e+02,8.614877176293e+01,2.344772567321e+02,1.079870429144e+02,1.000000000000e+00,-0.695119070702
1961,17117,6268432617.187500,2.240570308183e+02,-3.136798431456e+02,1.550398942598e+02,-3.634177993728e+02,1.612002713800e+02,-3.383117664432e+02,1.000000000000e+00,-0.715936586404
1962,17118,6268798828.125000,3.136798431456e+02,-2.240570308183e+02,2.633037974980e+02,-2.945209644768e+02,2.643508787416e+02,-2.644017788407e+02,1.000000000000e+00,-0.736760825536
1963,17119,6269165039.062500,2.240570308183e+02,2.240570308183e+02,2.749513011247e+02,1.728353342209e+02,2.488759210729e+02,1.955181138283e+02,1.000000000000e+00,-0.757591938058
1964,17120,6269531250.000000,-3.136798431456e+02,3.136798431456e+02,-2.412452587868e+02,3.855599066871e+02,-2.715002760647e+02,3.730566315800e+02,1.000000000000e+00,-0.778430073997
1965,17121,6269897460.937500,-2.240570308183e+02,2.240570308183e+02,-1.717996769215e+02,2.758476777917e+02,-1.975072465520e+02,2.688626623945e+02,1.000000000000e+00,-0.799275383456
1966,17122,6270263671.875000,-3.136798431456e+02,-2.240570308183e+02,-3.657889729623e+02,-1.501186170318e+02,-3.603486932612e+02,-1.627570387906e+02,1.000000000000e+00,-0.820128016604
1967,17123,6270629882.812500,-3.136798431456e+02,4.481140616365e+01,-3.024072042659e+02,1.191337319576e+02,-3.165351460045e+02,1.045313797550e+02,1.000000000000e+00,-0.840988123682
1968,17124,6270996093.750000,3.136798431456e+02,2.240570308183e+02,3.665900886697e+02,1.482490844310e+02,3.370575175572e+02,1.800314737165e+02,1.000000000000e+00,-0.861855855000
1969,17125,6271362304.687500,4.481140616365e+01,-1.344342184910e+02,1.188213216232e+01,-1.448198575352e+02,1.043412927282e+01,-1.331024169741e+02,1.000000000000e+00,-0.882731360936
1970,17126,6271728515.625000,1.344342184910e+02,-2.240570308183e+02,7.827440293087e+01,-2.561321145322e+02,8.430556660288e+01,-2.373513680671e+02,1.000000000000e+00,-0.903614791934
1971,17127,6272094726.562500,2.240570308183e+02,1.344342184910e+02,2.563335212838e+02,7.737849223567e+01,2.327761181614e+02,1.036631680482e+02,1.000000000000e+00,-0.924506298505
1972,17128,6272460937.500000,-1.344342184910e+02,2.240570308183e+02,-7.690021382774e+01,2.565223983739e+02,-1.088880430160e+02,2.521717703846e+02,1.000000000000e+00,-0.945406031221
1973,17129,6272827148.437500,2.240570308183e+02,-3.136798431456e+02,1.425858129805e+02,-3.685246055641e+02,1.583257783666e+02,-3.421550983989e+02,1.000000000000e+00,-0.966314140719
1974,17130,6273193359.375000,3.136798431456e+02,4.481140616365e+01,3.228811135023e+02,-3.615146501385e+01,3.066904066635e+02,-7.238381960773e-01,1.000000000000e+00,-0.987230777695
1975,17131,6273559570.312500,-4.481140616365e+01,-2.240570308183e+02,-1.026787833802e+02,-2.106882619976e+02,-9.446722746585e+01,-2.093493350176e+02,1.000000000000e+00,-1.008156092906
1976,17132,6273925781.250000,-1.344342184910e+02,2.240570308183e+02,-7.452380506298e+01,2.575569833025e+02,-1.097114715803e+02,2.511491857950e+02,1.000000000000e+00,-1.029090237162
1977,17133,6274291992.187500,-1.344342184910e+02,-3.136798431456e+02,-2.163365802337e+02,-2.752932209430e+02,-1.986874038567e+02,-2.844160349133e+02,1.000000000000e+00,-1.050033361331
1978,17134,6274658203.125000,1.344342184910e+02,-2.240570308183e+02,7.327073863057e+01,-2.577690269795e+02,8.364265587194e+01,-2.398479049148e+02,1.000000000000e+00,-1.070985616330
1979,17135,6275024414.062500,-4.481140616365e+01,4.481140616365e+01,-3.225259269924e+01,5.640536529932e+01,-5.044642413015e+01,5.688821876911e+01,1.000000000000e+00,-1.091947153127
1980,17136,6275390625.000000,2.240570308183e+02,-1.344342184910e+02,1.844887412922e+02,-1.943366235041e+02,1.869973900819e+02,-1.665561739222e+02,1.000000000000e+00,-1.112918122736
1981,17137,6275756835.937500,1.344342184910e+02,-3.136798431456e+02,4.500715501787e+01,-3.471551592772e+02,6.701131723743e+01,-3.304189363003e+02,1.000000000000e+00,-1.133898676215
1982,17138,6276123046.875000,4.481140616365e+01,-2.240570308183e+02,-1.922599214660e+01,-2.336025151605e+02,-7.189936311556e+00,-2.264374329239e+02,1.000000000000e+00,-1.154888964661
1983,17139,6276489257.812500,1.344342184910e+02,1.344342184910e+02,1.706192519404e+02,9.436548958631e+01,1.428190313864e+02,1.146085238686e+02,1.000000000000e+00,-1.175889139210
1984,17140,6276855468.750000,2.240570308183e+02,2.240570308183e+02,2.844001390102e+02,1.570412942247e+02,2.466036818847e+02,1.886892743028e+02,1.000000000000e+00,-1.196899351031
1985,17141,6277221679.687500,1.344342184910e+02,-3.136798431456e+02,4.283243530456e+01,-3.473905992633e+02,6.806184370508e+01,-3.313588862648e+02,1.000000000000e+00,-1.217919751323
1986,17142,6277587890.625000,2.240570308183e+02,4.481140616365e+01,2.336416910307e+02,-2.027837597228e+01,2.168179724018e+02,1.026585501861e+01,1.000000000000e+00,-1.238950491311
1987,17143,6277954101.562500,-2.240570308183e+02,-4.481140616365e+01,-2.337740156625e+02,2.070397215558e+01,-2.443600968975e+02,-5.401216496020e+00,1.000000000000e+00,-1.259991722241
1988,17144,6278320312.500000,4.481140616365e+01,3.136798431456e+02,1.354923605725e+02,2.959231107703e+02,8.236647402127e+01,3.073226525089e+02,1.000000000000e+00,-1.281043595379
1989,17145,6278686523.437500,2.240570308183e+02,-2.240570308183e+02,1.549339338481e+02,-2.862010568778e+02,1.730118562102e+02,-2.581834481281e+02,1.000000000000e+00,-1.302106262001
1990,17146,6279052734.375000,-2.240570308183e+02,-2.240570308183e+02,-2.864513007879e+02,-1.543973606171e+02,-2.734925849490e+02,-1.855039950951e+02,1.000000000000e+00,-1.323179873394
1991,17147,6279418945.312500,-2.240570308183e+02,-3.136798431456e+02,-3.132845020842e+02,-2.417769225916e+02,-2.878993393692e+02,-2.751067677132e+02,1.000000000000e+00,-1.344264580847
1992,17148,6279785156.250000,3.136798431456e+02,2.240570308183e+02,3.749056670829e+02,1.262176890879e+02,3.350152019980e+02,1.730877965377e+02,1.000000000000e+00,-1.365360535648
1993,17149,6280151367.187500,2.240570308183e+02,-3.136798431456e+02,1.254579742919e+02,-3.750127227589e+02,1.587421428163e+02,-3.481003687954e+02,1.000000000000e+00,-1.386467889078
1994,17150,6280517578.125000,-3.136798431456e+02,-4.481140616365e+01,-3.209518942792e+02,5.079420881880e+01,-3.331766009781e+02,5.839602679098e+00,1.000000000000e+00,-1.407586792404
1995,17151,6280883789.062500,-1.344342184910e+02,-4.481140616365e+01,-1.452402203598e+02,-3.115615826468e+00,-1.546192956406e+02,-2.336662001664e+01,1.000000000000e+00,-1.428717396875
1996,17152,6281250000.000000,-2.240570308183e+02,1.344342184910e+02,-1.779258134402e+02,2.004012412002e+02,-2.150181016934e+02,1.694425224144e+02,1.000000000000e+00,-1.449859853716
1997,17153,6281616210.937500,-1.344342184910e+02,-4.481140616365e+01,-1.454421949118e+02,-1.778348892928e+00,-1.548070637363e+02,-2.338966528239e+01,1.000000000000e+00,-1.471014314120
1998,17154,6281982421.875000,-3.136798431456e+02,-1.344342184910e+02,-3.491516507714e+02,-3.156514408308e+01,-3.484776261878e+02,-8.265070596521e+01,1.000000000000e+00,-1.492180929243
1999,17155,6282348632.812500,-4.481140616365e+01,4.481140616365e+01,-2.945859237202e+01,5.801181817017e+01,-5.066208992795e+01,5.060292325810e+01,1.000000000000e+00,-1.513359850195
2000,17156,6282714843.750000,-4.481140616365e+01,3.136798431456e+02,5.634853747595e+01,3.201847778718e+02,-6.675092512527e+00,3.178823900294e+02,1.000000000000e+00,-1.534551228037
2001,17157,6283081054.687500,-3.136798431456e+02,-1.344342184910e+02,-3.486137421230e+02,-3.081933678403e+01,-3.472808192509e+02,-8.510180248498e+01,1.000000000000e+00,-1.555755213767
2002,17158,6283447265.625000,3.136798431456e+02,2.240570308183e+02,3.773261226846e+02,1.178680838913e+02,3.349967175902e+02,1.704547308401e+02,1.000000000000e+00,-1.576971958320
2003,17159,6283813476.562500,3.136798431456e+02,2.240570308183e+02,3.774140451086e+02,1.175804451250e+02,3.348198819568e+02,1.706924649520e+02,1.000000000000e+00,-1.598201612554
2004,17160,6284179687.500000,-1.344342184910e+02,3.136798431456e+02,-2.991167421675e+01,3.487402348227e+02,-9.752198350966e+01,3.307322083342e+02,1.000000000000e+00,-1.619444327245
2005,17161,6284545898.437500,2.240570308183e+02,1.344342184910e+02,2.616294669680e+02,5.840949372720e+01,2.314516615209e+02,9.562334781545e+01,1.000000000000e+00,-1.640700253079
2006,17162,6284912109.375000,3.136798431456e+02,-2.240570308183e+02,2.325337320676e+02,-3.200408538690e+02,2.649775978444e+02,-2.758465236837e+02,1.000000000000e+00,-1.661969540640
2007,17163,6285278320.312500,-2.240570308183e+02,-2.240570308183e+02,-2.911592773530e+02,-1.447538106571e+02,-2.709520027390e+02,-1.923257938501e+02,1.000000000000e+00,-1.683252340403
2008,17164,6285644531.250000,-4.481140616365e+01,-2.240570308183e+02,-1.171654682648e+02,-2.030522128960e+02,-9.203563361854e+01,-2.204764314587e+02,1.000000000000e+00,-1.704548802726
2009,17165,6286010742.187500,-2.240570308183e+02,-4.481140616365e+01,-2.323962563801e+02,3.050086356705e+01,-2.427216961506e+02,-1.429286489777e+01,1.000000000000e+00,-1.725859077838
2010,17166,6286376953.125000,-2.240570308183e+02,-2.240570308183e+02,-2.919119644136e+02,-1.429715940220e+02,-2.703405025623e+02,-1.932662276273e+02,1.000000000000e+00,-1.747183315829
2011,17167,6286743164.062500,3.136798431456e+02,2.240570308183e+02,3.791271550489e+02,1.124012543191e+02,3.351812765196e+02,1.699334439146e+02,1.000000000000e+00,-1.768521666643
2012,17168,6287109375.000000,1.344342184910e+02,4.481140616365e+01,1.453647395562e+02,-1.822152970258e+00,1.289312121748e+02,1.871557736350e+01,1.000000000000e+00,-1.789874280064
2013,17169,6287475585.937500,-3.136798431456e+02,-1.344342184910e+02,-3.493752689392e+02,-2.376476964279e+01,-3.454957133402e+02,-9.070021751561e+01,1.000000000000e+00,-1.811241305705
2014,17170,6287841796.875000,3.136798431456e+02,-1.344342184910e+02,2.575717238968e+02,-2.373479489775e+02,2.801030762187e+02,-1.886187348226e+02,1.000000000000e+00,-1.832622893000
2015,17171,6288208007.812500,4.481140616365e+01,3.136798431456e+02,1.510682638400e+02,2.879267121188e+02,8.188387318876e+01,2.998840487105e+02,1.000000000000e+00,-1.854019191189
2016,17172,6288574218.750000,-2.240570308183e+02,2.240570308183e+02,-1.393993570831e+02,2.936001986226e+02,-2.002028374027e+02,2.517155325750e+02,1.000000000000e+00,-1.875430349310
2017,17173,6288940429.687500,3.136798431456e+02,4.481140616365e+01,3.183306983920e+02,-6.487496205497e+01,3.082511733042e+02,-9.634247949247e+00,1.000000000000e+00,-1.896856516181
2018,17174,6289306640.625000,-2.240570308183e+02,-1.344342184910e+02,-2.628691005364e+02,-5.240070403669e+01,-2.548415310272e+02,-1.067636692919e+02,1.000000000000e+00,-1.918297840393
2019,17175,6289672851.562500,-3.136798431456e+02,2.240570308183e+02,-2.254602921783e+02,3.252132261598e+02,-2.903239761394e+02,2.639262716580e+02,1.000000000000e+00,-1.939754470295
2020,17176,6290039062.500000,3.136798431456e+02,1.344342184910e+02,3.499207372035e+02,2.089974280156e+01,3.227641734884e+02,8.046249513693e+01,1.000000000000e+00,-1.961226553981
2021,17177,6290405273.437500,2.240570308183e+02,-4.481140616365e+01,2.005819857397e+02,-1.216259569746e+02,2.065495066680e+02,-8.551085069703e+01,1.000000000000e+00,-1.982714239273
2022,17178,6290771484.375000,2.240570308183e+02,-3.136798431456e+02,1.055399577807e+02,-3.811913235755e+02,1.663249196918e+02,-3.540586939111e+02,1.000000000000e+00,-2.004217673714
2023,17179,6291137695.312500,-4.481140616365e+01,4.481140616365e+01,-2.732383203012e+01,5.897932627759e+01,-4.807644811014e+01,4.367723158717e+01,1.000000000000e+00,-2.025737004548
2024,17180,6291503906.250000,4.481140616365e+01,2.240570308183e+02,1.222143461200e+02,1.999515287259e+02,6.775528827529e+01,2.090767104312e+02,1.000000000000e+00,-2.047272378708
2025,17181,6291870117.187500,-2.240570308183e+02,-3.136798431456e+02,-3.263480429083e+02,-2.230933059687e+02,-2.785891469305e+02,-2.887918484041e+02,1.000000000000e+00,-2.068823942797
2026,17182,6292236328.125000,4.481140616365e+01,4.481140616365e+01,5.896515338516e+01,2.733803431926e+01,4.171340559048e+01,3.004001935156e+01,1.000000000000e+00,-2.090391843080
2027,17183,6292602539.062500,-4.481140616365e+01,2.240570308183e+02,3.609212122228e+01,2.315841181219e+02,-2.220666229182e+01,2.216381603301e+02,1.000000000000e+00,-2.111976225459
2028,17184,6292968750.000000,2.240570308183e+02,4.481140616365e+01,2.315966364629e+02,-3.626808620802e+01,2.211472865690e+02,4.617573779518e+00,1.000000000000e+00,-2.133577235466
2029,17185,6293334960.937500,-2.240570308183e+02,-3.136798431456e+02,-3.270873977286e+02,-2.221778759398e+02,-2.764373748568e+02,-2.908613528793e+02,1.000000000000e+00,-2.155195018237
2030,17186,6293701171.875000,-4.481140616365e+01,4.481140616365e+01,-2.711348187355e+01,5.906601158185e+01,-4.706938941620e+01,4.199909983021e+01,1.000000000000e+00,-2.176829718503
2031,17187,6294067382.812500,2.240570308183e+02,-3.136798431456e+02,1.030624822259e+02,-3.816360723094e+02,1.720190139733e+02,-3.535267878527e+02,1.000000000000e+00,-2.198481480567
2032,17188,6294433593.750000,-2.240570308183e+02,2.240570308183e+02,-1.344610305688e+02,2.960277002490e+02,-2.007637398734e+02,2.458359980947e+02,1.000000000000e+00,-2.220150448291
2033,17189,6294799804.687500,3.136798431456e+02,2.240570308183e+02,3.826127458881e+02,1.012311117091e+02,3.371982534827e+02,1.706038549398e+02,1.000000000000e+00,-2.241836765072
2034,17190,6295166015.625000,-1.344342184910e+02,-4.481140616365e+01,-1.453975647993e+02,5.975188574017e+00,-1.483132104680e+02,-3.564375603619e+01,1.000000000000e+00,-2.263540573828
2035,17191,6295532226.562500,-4.481140616365e+01,-2.240570308183e+02,-1.245742451986e+02,-1.987696302295e+02,-8.296459369498e+01,-2.276672458357e+02,1.000000000000e+00,-2.285262016978
2036,17192,6295898437.500000,-2.240570308183e+02,2.240570308183e+02,-1.335992270104e+02,2.965081985398e+02,-2.009357910899e+02,2.445313446040e+02,1.000000000000e+00,-2.307001236418
2037,17193,6296264648.437500,-4.481140616365e+01,2.240570308183e+02,3.868046991352e+01,2.312875969444e+02,-2.157911526906e+01,2.201513721518e+02,1.000000000000e+00,-2.328758373510
2038,17194,6296630859.375000,-2.240570308183e+02,-1.344342184910e+02,-2.640309617249e+02,-4.688429335294e+01,-2.487944315591e+02,-1.144799205220e+02,1.000000000000e+00,-2.350533569051
2039,17195,6296997070.312500,3.136798431456e+02,2.240570308183e+02,3.829233406621e+02,9.940591926419e+01,3.374257248173e+02,1.718455001227e+02,1.000000000000e+00,-2.372326963261
2040,17196,6297363281.250000,-4.481140616365e+01,-2.240570308183e+02,-1.256621000753e+02,-1.980152570775e+02,-8.103970636649e+01,-2.284279474884e+02,1.000000000000e+00,-2.394138695757
2041,17197,6297729492.187500,2.240570308183e+02,2.240570308183e+02,2.975827805784e+02,1.312851855943e+02,2.483721818471e+02,1.836397195656e+02,1.000000000000e+00,-2.415968905531
2042,17198,6298095703.125000,-4.481140616365e+01,4.481140616365e+01,-2.621388130668e+01,5.953276081729e+01,-4.449347273457e+01,4.031646276686e+01,1.000000000000e+00,-2.437817730930
2043,17199,6298461914.062500,4.481140616365e+01,1.344342184910e+02,9.253743224704e+01,1.121409321585e+02,5.682734950346e+01,1.181484403654e+02,1.000000000000e+00,-2.459685309633
2044,17200,6298828125.000000,3.136798431456e+02,2.240570308183e+02,3.826032229919e+02,9.954842705414e+01,3.368013609252e+02,1.743295182334e+02,1.000000000000e+00,-2.481571778627
2045,17201,6299194335.937500,4.481140616365e+01,2.240570308183e+02,1.251584210085e+02,1.981094231230e+02,6.770864645559e+01,2.079741462798e+02,1.000000000000e+00,-2.503477274183
2046,17202,6299560546.875000,4.481140616365e+01,-3.136798431456e+02,-7.315257357349e+01,-3.167305322458e+02,1.002409344461e+00,-3.304077328930e+02,1.000000000000e+00,-2.525401931832
2047,17203,6299926757.812500,3.136798431456e+02,-4.481140616365e+01,2.832217721375e+02,-1.597642529130e+02,3.040283374273e+02,-9.535410557132e+01,1.000000000000e+00,-2.547345886344
2048,17204,6300292968.750000,2.240570308183e+02,2.240570308183e+02,2.977866221403e+02,1.309654473877e+02,2.481955835892e+02,1.857529434296e+02,1.000000000000e+00,-2.569309271698
2049,17205,6300659179.687500,-3.136798431456e+02,4.481140616365e+01,-2.838117906632e+02,1.592934153191e+02,-3.129741863330e+02,7.199494722462e+01,1.000000000000e+00,-2.591292221057
2050,17206,6301025390.625000,-2.240570308183e+02,3.136798431456e+02,-9.875857346064e+01,3.835810212740e+02,-1.913025320106e+02,3.303027726166e+02,1.000000000000e+00,-2.613294866748
2051,17207,6301391601.562500,-4.481140616365e+01,-4.481140616365e+01,-5.954778333072e+01,-2.627687053138e+01,-5.361088686974e+01,-5.066921833213e+01,1.000000000000e+00,-2.635317340226
2052,17208,6301757812.500000,3.136798431456e+02,-3.136798431456e+02,1.832026532522e+02,-4.169355396400e+02,2.742194490550e+02,-3.626935063190e+02,1.000000000000e+00,-2.657359772057
2053,17209,6302124023.437500,4.481140616365e+01,2.240570308183e+02,1.264319882038e+02,1.975091644204e+02,6.840774087832e+01,2.082427872724e+02,1.000000000000e+00,-2.679422291882
2054,17210,6302490234.375000,-2.240570308183e+02,-1.344342184910e+02,-2.643472160199e+02,-4.527853119653e+01,-2.427311970498e+02,-1.201607318813e+02,1.000000000000e+00,-2.701505028397
2055,17211,6302856445.312500,3.136798431456e+02,4.481140616365e+01,3.168740429416e+02,-7.341031854860e+01,3.173555140316e+02,-1.364291266259e+00,1.000000000000e+00,-2.723608109316
2056,17212,6303222656.250000,1.344342184910e+02,-3.136798431456e+02,1.274637020140e+01,-3.500652132322e+02,9.834977064841e+01,-3.406100878223e+02,1.000000000000e+00,-2.745731661351
2057,17213,6303588867.187500,4.481140616365e+01,1.344342184910e+02,9.249174906565e+01,1.122243036101e+02,5.755218390875e+01,1.189744201675e+02,1.000000000000e+00,-2.767875810176
2058,17214,6303955078.125000,-4.481140616365e+01,-1.344342184910e+02,-9.236953185298e+01,-1.122913349317e+02,-6.070768118135e+01,-1.413011484275e+02,1.000000000000e+00,-2.790040680399
2059,17215,6304321289.062500,-4.481140616365e+01,-1.344342184910e+02,-9.222554053164e+01,-1.123341483336e+02,-6.014080211039e+01,-1.413713267131e+02,1.000000000000e+00,-2.812226395534
2060,17216,6304687500.000000,1.344342184910e+02,3.136798431456e+02,2.434631694522e+02,2.512805487293e+02,1.652390167615e+02,2.900952222522e+02,1.000000000000e+00,-2.834433077967
2061,17217,6305053710.937500,-2.240570308183e+02,-3.136798431456e+02,-3.289946849110e+02,-2.187070252426e+02,-2.564243093513e+02,-3.036565543160e+02,1.000000000000e+00,-2.856660848927
2062,17218,6305419921.875000,2.240570308183e+02,4.481140616365e+01,2.309391887302e+02,-3.874113428165e+01,2.284491130485e+02,1.226561319682e+01,1.000000000000e+00,-2.878909828451
2063,17219,6305786132.812500,2.240570308183e+02,2.240570308183e+02,2.962309380221e+02,1.330171842891e+02,2.457089707621e+02,1.924749125506e+02,1.000000000000e+00,-2.901180135357
2064,17220,6306152343.750000,1.344342184910e+02,-2.240570308183e+02,4.717180960588e+01,-2.635760540350e+02,1.136688243830e+02,-2.483748957203e+02,1.000000000000e+00,-2.923471887203
2065,17221,6306518554.687500,-2.240570308183e+02,-3.136798431456e+02,-3.288941509260e+02,-2.187498977981e+02,-2.539138294522e+02,-3.047909529421e+02,1.000000000000e+00,-2.945785200264
2066,17222,6306884765.625000,1.344342184910e+02,-2.240570308183e+02,4.700692007713e+01,-2.635626017280e+02,1.145420966550e+02,-2.480362440280e+02,1.000000000000e+00,-2.968120189490
2067,17223,6307250976.562500,3.136798431456e+02,-1.344342184910e+02,2.514257942320e+02,-2.432312642875e+02,3.031893167909e+02,-1.742896319391e+02,1.000000000000e+00,-2.990476968473
2068,17224,6307617187.500000,1.344342184910e+02,-1.344342184910e+02,7.979768250624e+01,-1.779400035017e+02,1.237395093327e+02,-1.578672416046e+02,1.000000000000e+00,-3.012855649417
2069,17225,6307983398.437500,-1.344342184910e+02,3.136798431456e+02,-1.441773810496e+01,3.500002637022e+02,-1.064127736992e+02,3.166372157575e+02,1.000000000000e+00,-3.035256343097
2070,17226,6308349609.375000,-1.344342184910e+02,3.136798431456e+02,-1.475116788490e+01,3.498940216986e+02,-1.068415299323e+02,3.163979257916e+02,1.000000000000e+00,-3.057679158825
2071,17227,6308715820.312500,4.481140616365e+01,-4.481140616365e+01,2.672524770399e+01,-5.926416203290e+01,4.266827950547e+01,-5.935377880317e+01,1.000000000000e+00,-3.080124204417
2072,17228,6309082031.250000,-3.136798431456e+02,-1.344342184910e+02,-3.496820989966e+02,-1.531521844424e+01,-3.247979239688e+02,-1.196501014063e+02,1.000000000000e+00,-3.102591586151
2073,17229,6309448242.187500,1.344342184910e+02,1.344342184910e+02,1.777633689234e+02,8.015621699991e+01,1.480263845429e+02,1.137145537928e+02,1.000000000000e+00,-3.125081408733
2074,17230,6309814453.125000,-3.136798431456e+02,4.481140616365e+01,-2.845489509455e+02,1.570577092670e+02,-3.096493695119e+02,6.047280077859e+01,1.000000000000e+00,3.135591531921
2075,17231,6310180664.062500,1.344342184910e+02,-4.481140616365e+01,1.126517911889e+02,-9.188938153321e+01,1.337892913854e+02,-6.613484326244e+01,1.000000000000e+00,3.113056520005
2076,17232,6310546875.000000,1.344342184910e+02,4.481140616365e+01,1.453000371582e+02,-5.835935274341e+00,1.412336263786e+02,2.430967886150e+01,1.000000000000e+00,3.090498762938
2077,17233,6310913085.937500,-4.481140616365e+01,1.344342184910e+02,5.751390217803e+00,1.453450000842e+02,-3.199287829748e+01,1.287946665508e+02,1.000000000000e+00,3.067918162687
2078,17234,6311279296.875000,1.344342184910e+02,1.344342184910e+02,1.777217658998e+02,8.057849093437e+01,1.482663011263e+02,1.152843653477e+02,1.000000000000e+00,3.045314622984
2079,17235,6311645507.812500,-1.344342184910e+02,-2.240570308183e+02,-2.097448463730e+02,-1.670393289008e+02,-1.485561864146e+02,-2.255365588853e+02,1.000000000000e+00,3.022688049367
2080,17236,6312011718.750000,2.240570308183e+02,2.240570308183e+02,2.955764668513e+02,1.353450298930e+02,2.443493105802e+02,2.001937458906e+02,1.000000000000e+00,3.000038349221
2081,17237,6312377929.687500,-2.240570308183e+02,-1.344342184910e+02,-2.634271830307e+02,-4.933836635003e+01,-2.312669306451e+02,-1.295574588543e+02,1.000000000000e+00,2.977365431817
2082,17238,6312744140.625000,2.240570308183e+02,-4.481140616365e+01,1.995131913074e+02,-1.228568498956e+02,2.260107244149e+02,-6.945886403008e+01,1.000000000000e+00,2.954669208355
2083,17239,6313110351.562500,-3.136798431456e+02,1.344342184910e+02,-2.540062148909e+02,2.407180901594e+02,-3.031898646542e+02,1.463236159496e+02,1.000000000000e+00,2.931949592006
2084,17240,6313476562.500000,3.136798431456e+02,4.481140616365e+01,3.179241859144e+02,-6.791583191196e+01,3.225786988114e+02,1.620688908225e+01,1.000000000000e+00,2.909206497950
2085,17241,6313842773.437500,2.240570308183e+02,-3.136798431456e+02,1.052405091254e+02,-3.814636234743e+02,2.107518767338e+02,-3.387743393590e+02,1.000000000000e+00,2.886439843426
2086,17242,6314208984.375000,1.344342184910e+02,-4.481140616365e+01,1.137919435245e+02,-9.064058974936e+01,1.370208856335e+02,-6.215511236664e+01,1.000000000000e+00,2.863649547768
2087,17243,6314575195.312500,2.240570308183e+02,-1.344342184910e+02,1.683860431286e+02,-2.087258661847e+02,2.220775662031e+02,-1.576620625686e+02,1.000000000000e+00,2.840835532451
2088,17244,6314941406.250000,-1.344342184910e+02,-2.240570308183e+02,-2.087817850607e+02,-1.682028581109e+02,-1.442708409564e+02,-2.263147400371e+02,1.000000000000e+00,2.817997721134
2089,17245,6315307617.187500,4.481140616365e+01,1.344342184910e+02,9.052075215613e+01,1.137481197394e+02,5.752517506005e+01,1.242906238118e+02,1.000000000000e+00,2.795136039708
2090,17246,6315673828.125000,-3.136798431456e+02,2.240570308183e+02,-2.240154222544e+02,3.257823157844e+02,-2.988928863769e+02,2.343198551845e+02,1.000000000000e+00,2.772250416332
2091,17247,6316040039.062500,-2.240570308183e+02,1.344342184910e+02,-1.693819212143e+02,2.076136488229e+02,-2.137300300651e+02,1.386950538684e+02,1.000000000000e+00,2.749340781485
2092,17248,6316406250.000000,-4.481140616365e+01,-2.240570308183e+02,-1.209113511841e+02,-2.006798242831e+02,-5.118908329888e+01,-2.315245308260e+02,1.000000000000e+00,2.726407068010
2093,17249,6316772460.937500,4.481140616365e+01,-3.136798431456e+02,-6.511302832387e+01,-3.182833591602e+02,3.528616364118e+01,-3.260254626372e+02,1.000000000000e+00,2.703449211154
2094,17250,6317138671.875000,-3.136798431456e+02,-4.481140616365e+01,-3.182981511640e+02,6.484117770124e+01,-3.126085280483e+02,-3.830287347666e+01,1.000000000000e+00,2.680467148622
2095,17251,6317504882.812500,3.136798431456e+02,1.344342184910e+02,3.491140960635e+02,2.177398256957e+01,3.274950639346e+02,1.132851701709e+02,1.000000000000e+00,2.657460820614
2096,17252,6317871093.750000,1.344342184910e+02,-4.481140616365e+01,1.143537217007e+02,-8.950370993725e+01,1.389229627424e+02,-5.870417758367e+01,1.000000000000e+00,2.634430169878
2097,17253,6318237304.687500,-2.240570308183e+02,-2.240570308183e+02,-2.932085397703e+02,-1.396797385911e+02,-2.295682375977e+02,-2.233352589951e+02,1.000000000000e+00,2.611375141754
2098,17254,6318603515.625000,2.240570308183e+02,2.240570308183e+02,2.930211249686e+02,1.403876731284e+02,2.406481421541e+02,2.094589131477e+02,1.000000000000e+00,2.588295684217
2099,17255,6318969726.562500,-2.240570308183e+02,1.344342184910e+02,-1.714428144644e+02,2.060465676793e+02,-2.148390631594e+02,1.369285044119e+02,1.000000000000e+00,2.565191747932
2100,17256,6319335937.500000,-4.481140616365e+01,3.136798431456e+02,6.220153824950e+01,3.188691078552e+02,-2.795983708998e+01,3.107501464055e+02,1.000000000000e+00,2.542063286293
2101,17257,6319702148.437500,-2.240570308183e+02,-1.344342184910e+02,-2.619839259202e+02,-5.520573730742e+01,-2.239826496490e+02,-1.346721407573e+02,1.000000000000e+00,2.518910255473
2102,17258,6320068359.375000,2.240570308183e+02,-3.136798431456e+02,1.126571569999e+02,-3.783939605324e+02,2.220307948949e+02,-3.293406506521e+02,1.000000000000e+00,2.495732614475
2103,17259,6320434570.312500,-4.481140616365e+01,1.344342184910e+02,1.028803275023e+00,1.451644521593e+02,-3.494302478740e+01,1.302184545868e+02,1.000000000000e+00,2.472530325171
2104,17260,6320800781.250000,-4.481140616365e+01,2.240570308183e+02,3.021159636321e+01,2.321734695199e+02,-3.282533019180e+01,2.205862432842e+02,1.000000000000e+00,2.449303352359
2105,17261,6321166992.187500,4.481140616365e+01,2.240570308183e+02,1.168150069212e+02,2.029616306636e+02,5.704308993751e+01,2.185388776467e+02,1.000000000000e+00,2.426051663804
2106,17262,6321533203.125000,-2.240570308183e+02,-1.344342184910e+02,-2.615321768761e+02,-5.776511262550e+01,-2.221977444790e+02,-1.364994970267e+02,1.000000000000e+00,2.402775230289
2107,17263,6321899414.062500,-2.240570308183e+02,3.136798431456e+02,-1.164218542460e+02,3.776604492322e+02,-2.129296977779e+02,3.148497899581e+02,1.000000000000e+00,2.379474025661
2108,17264,6322265625.000000,-2.240570308183e+02,1.344342184910e+02,-1.745824010579e+02,2.032091118741e+02,-2.165839400597e+02,1.341691470201e+02,1.000000000000e+00,2.356148026880
2109,17265,6322631835.937500,2.240570308183e+02,-1.344342184910e+02,1.746273040505e+02,-2.031961689786e+02,2.301121552377e+02,-1.452445712236e+02,1.000000000000e+00,2.332797214066
2110,17266,6322998046.875000,4.481140616365e+01,-3.136798431456e+02,-5.765841053685e+01,-3.197728390876e+02,4.618698492517e+01,-3.224231497428e+02,1.000000000000e+00,2.309421570546
2111,17267,6323364257.812500,4.481140616365e+01,-3.136798431456e+02,-5.741718976550e+01,-3.197678352591e+02,4.650737434154e+01,-3.221845674559e+02,1.000000000000e+00,2.286021082905
2112,17268,6323730468.750000,-2.240570308183e+02,-3.136798431456e+02,-3.189144832994e+02,-2.333640283605e+02,-2.241917156461e+02,-3.174188173102e+02,1.000000000000e+00,2.262595741028
2113,17269,6324096679.687500,-1.344342184910e+02,-1.344342184910e+02,-1.739407012329e+02,-8.784067566347e+01,-1.306089921106e+02,-1.382308982352e+02,1.000000000000e+00,2.239145538154
2114,17270,6324462890.625000,3.136798431456e+02,2.240570308183e+02,3.767981592364e+02,1.184309092473e+02,3.260896846275e+02,2.167774156034e+02,1.000000000000e+00,2.215670470917
2115,17271,6324829101.562500,-2.240570308183e+02,-3.136798431456e+02,-3.174391996341e+02,-2.348051528643e+02,-2.222056494736e+02,-3.179043135002e+02,1.000000000000e+00,2.192170539398
2116,17272,6325195312.500000,-1.344342184910e+02,-4.481140616365e+01,-1.451738221810e+02,-1.655663651692e+00,-1.287031478743e+02,-4.844243463342e+01,1.000000000000e+00,2.168645747170
2117,17273,6325561523.437500,-1.344342184910e+02,-1.344342184910e+02,-1.729452040208e+02,-8.993140280384e+01,-1.289026954216e+02,-1.392861213276e+02,1.000000000000e+00,2.145096101343
2118,17274,6325927734.375000,-2.240570308183e+02,2.240570308183e+02,-1.512851724028e+02,2.877853501986e+02,-2.190956636605e+02,2.218152667307e+02,1.000000000000e+00,2.121521612615
2119,17275,6326293945.312500,2.240570308183e+02,3.136798431456e+02,3.150320781953e+02,2.392149550383e+02,2.329482826008e+02,3.128347792205e+02,1.000000000000e+00,2.097922295313
2120,17276,6326660156.250000,-4.481140616365e+01,2.240570308183e+02,2.443376767338e+01,2.331691534439e+02,-3.805949751357e+01,2.222828720190e+02,1.000000000000e+00,2.074298167443
2121,17277,6327026367.187500,1.344342184910e+02,4.481140616365e+01,1.453546669523e+02,2.843705908857e+00,1.428657054657e+02,4.154653518167e+01,1.000000000000e+00,2.050649250733
2122,17278,6327392578.125000,-4.481140616365e+01,4.481140616365e+01,-3.042036719073e+01,5.745073234660e+01,-3.811319799435e+01,4.157519336280e+01,1.000000000000e+00,2.026975570679
2123,17279,6327758789.062500,4.481140616365e+01,-4.481140616365e+01,3.063183063441e+01,-5.732756922029e+01,5.276017871322e+01,-4.821044904453e+01,1.000000000000e+00,2.003277156589
2124,17280,6328125000.000000,1.344342184910e+02,1.344342184910e+02,1.716809356218e+02,9.239129866349e+01,1.415048767924e+02,1.336937013126e+02,1.000000000000e+00,1.979554041628
2125,17281,6328491210.937500,-4.481140616365e+01,-3.136798431456e+02,-1.360625982876e+02,-2.950091405340e+02,-3.445447461885e+01,-3.197724105516e+02,1.000000000000e+00,1.955806262863
2126,17282,6328857421.875000,1.344342184910e+02,1.344342184910e+02,1.713454604972e+02,9.285212908323e+01,1.411269394395e+02,1.342540941683e+02,1.000000000000e+00,1.932033861302
2127,17283,6329223632.812500,4.481140616365e+01,-3.136798431456e+02,-4.718897359130e+01,-3.214171884142e+02,5.654876007639e+01,-3.183875775164e+02,1.000000000000e+00,1.908236881942
2128,17284,6329589843.750000,-4.481140616365e+01,-4.481140616365e+01,-5.708297009445e+01,-3.108412954401e+01,-3.731341906621e+01,-4.841895592025e+01,1.000000000000e+00,1.884415373806
2129,17285,6329956054.687500,1.344342184910e+02,3.136798431456e+02,2.230853707023e+02,2.698951761016e+02,1.383866829438e+02,3.159135746898e+02,1.000000000000e+00,1.860569389987
2130,17286,6330322265.625000,-4.481140616365e+01,-4.481140616365e+01,-5.698787196613e+01,-3.131846015444e+01,-3.720234412728e+01,-4.830731089041e+01,1.000000000000e+00,1.836698987690
2131,17287,6330688476.562500,4.481140616365e+01,-1.344342184910e+02,6.117612618099e+00,-1.452776841959e+02,5.511069661009e+01,-1.369381227856e+02,1.000000000000e+00,1.812804228269
2132,17288,6331054687.500000,1.344342184910e+02,-1.344342184910e+02,9.503087248384e+01,-1.703601820676e+02,1.458639377057e+02,-1.346458657717e+02,1.000000000000e+00,1.788885177267
2133,17289,6331420898.437500,-2.240570308183e+02,4.481140616365e+01,-2.087638911790e+02,1.064633250417e+02,-2.197992671614e+02,3.774466482025e+01,1.000000000000e+00,1.764941904456
2134,17290,6331787109.375000,-2.240570308183e+02,-3.136798431456e+02,-3.075925824305e+02,-2.480891874683e+02,-2.103057163704e+02,-3.238488847657e+02,1.000000000000e+00,1.740974483873
2135,17291,6332153320.312500,-1.344342184910e+02,4.481140616365e+01,-1.205311602874e+02,8.101000830635e+01,-1.295137546986e+02,3.971892635704e+01,1.000000000000e+00,1.716982993858
2136,17292,6332519531.250000,4.481140616365e+01,-4.481140616365e+01,3.206642081146e+01,-5.647214034340e+01,5.354820452899e+01,-4.542810996352e+01,1.000000000000e+00,1.692967517087
2137,17293,6332885742.187500,-4.481140616365e+01,3.136798431456e+02,4.081263831293e+01,3.221030150068e+02,-4.708532058948e+01,3.132061978105e+02,1.000000000000e+00,1.668928140612
2138,17294,6333251953.125000,1.344342184910e+02,3.136798431456e+02,2.172854354617e+02,2.739351619594e+02,1.328624001672e+02,3.186822368604e+02,1.000000000000e+00,1.644864955888
2139,17295,6333618164.062500,3.136798431456e+02,-3.136798431456e+02,2.267838298039e+02,-3.938014894862e+02,3.331784384036e+02,-3.067176900412e+02,1.000000000000e+00,1.620778058812
2140,17296,6333984375.000000,1.344342184910e+02,-3.136798431456e+02,5.043202289422e+01,-3.458962860477e+02,1.533437796570e+02,-3.121261186060e+02,1.000000000000e+00,1.596667549751
2141,17297,6334350585.937500,2.240570308183e+02,1.344342184910e+02,2.570296691057e+02,7.493319027928e+01,2.274980852985e+02,1.428686076920e+02,1.000000000000e+00,1.572533533574
2142,17298,6334716796.875000,1.344342184910e+02,3.136798431456e+02,2.139930858627e+02,2.767264173183e+02,1.295998896052e+02,3.205294902075e+02,1.000000000000e+00,1.548376119681
2143,17299,6335083007.812500,-1.344342184910e+02,-3.136798431456e+02,-2.132044756449e+02,-2.774580884016e+02,-1.149923095310e+02,-3.225256294973e+02,1.000000000000e+00,1.524195422033
2144,17300,6335449218.750000,2.240570308183e+02,4.481140616365e+01,2.339564014172e+02,-1.193184982884e+01,2.305611095840e+02,5.442677314879e+01,1.000000000000e+00,1.499991559175
2145,17301,6335815429.687500,-1.344342184910e+02,-1.344342184910e+02,-1.672697718556e+02,-1.000367865006e+02,-1.224185015885e+02,-1.420559588280e+02,1.000000000000e+00,1.475764654265
2146,17302,6336181640.625000,4.481140616365e+01,1.344342184910e+02,7.788853076243e+01,1.225700588448e+02,4.559552909141e+01,1.369978391096e+02,1.000000000000e+00,1.451514835097
2147,17303,6336547851.562500,-3.136798431456e+02,2.240570308183e+02,-2.568867363040e+02,2.998291453926e+02,-3.196634337465e+02,2.098949614654e+02,1.000000000000e+00,1.427242234126
2148,17304,6336914062.500000,3.136798431456e+02,-4.481140616365e+01,3.010022275069e+02,-1.208611428005e+02,3.243135067565e+02,-2.967467652695e+01,1.000000000000e+00,1.402946988486
2149,17305,6337280273.437500,-4.481140616365e+01,-1.344342184910e+02,-7.707695599427e+01,-1.229082154519e+02,-3.159380509470e+01,-1.375857524778e+02,1.000000000000e+00,1.378629240012
2150,17306,6337646484.375000,3.136798431456e+02,-3.136798431456e+02,2.368453051712e+02,-3.876961811134e+02,3.381629705663e+02,-2.995093850629e+02,1.000000000000e+00,1.354289135262
2151,17307,6338012695.312500,-1.344342184910e+02,2.240570308183e+02,-8.034913322702e+01,2.553435512136e+02,-1.402838197969e+02,2.184984372449e+02,1.000000000000e+00,1.329926825527
2152,17308,6338378906.250000,-4.481140616365e+01,-1.344342184910e+02,-7.633922337216e+01,-1.234684625063e+02,-3.122713111660e+01,-1.375425246414e+02,1.000000000000e+00,1.305542466852
2153,17309,6338745117.187500,4.481140616365e+01,1.344342184910e+02,7.589461795245e+01,1.237291535776e+02,4.385570128958e+01,1.379644210923e+02,1.000000000000e+00,1.281136220049
2154,17310,6339111328.125000,3.136798431456e+02,4.481140616365e+01,3.234008658082e+02,-2.717633594228e+01,3.191759801534e+02,6.385230529553e+01,1.000000000000e+00,1.256708250708
2155,17311,6339477539.062500,-3.136798431456e+02,3.136798431456e+02,-2.415174479728e+02,3.847953229452e+02,-3.274606994338e+02,2.972600819437e+02,1.000000000000e+00,1.232258729208
2156,17312,6339843750.000000,-2.240570308183e+02,-3.136798431456e+02,-2.950721118665e+02,-2.622065905567e+02,-2.004700554028e+02,-3.280515846028e+02,1.000000000000e+00,1.207787830726
2157,17313,6340209960.937500,4.481140616365e+01,-2.240570308183e+02,-5.876324107964e+00,-2.339327692310e+02,6.463074814726e+01,-2.220640671656e+02,1.000000000000e+00,1.183295735244
2158,17314,6340576171.875000,-4.481140616365e+01,4.481140616365e+01,-3.475623802492e+01,5.483093324868e+01,-4.154374271551e+01,4.295210587942e+01,1.000000000000e+00,1.158782627557
2159,17315,6340942382.812500,4.481140616365e+01,-4.481140616365e+01,3.487880950123e+01,-5.477306742533e+01,5.400217556180e+01,-4.163433394916e+01,1.000000000000e+00,1.134248697270
2160,17316,6341308593.750000,-2.240570308183e+02,-4.481140616365e+01,-2.340869372634e+02,3.957047672281e+00,-2.162710455317e+02,-5.879210944546e+01,1.000000000000e+00,1.109694138807
2161,17317,6341674804.687500,4.481140616365e+01,-1.344342184910e+02,1.621124315715e+01,-1.442745041464e+02,6.026201141193e+01,-1.312707999570e+02,1.000000000000e+00,1.085119151406
2162,17318,6342041015.625000,2.240570308183e+02,-2.240570308183e+02,1.778466758831e+02,-2.715605010031e+02,2.471383816383e+02,-2.083125856326e+02,1.000000000000e+00,1.060523939118
2163,17319,6342407226.562500,-4.481140616365e+01,4.481140616365e+01,-3.573127482609e+01,5.421041952791e+01,-4.233361513210e+01,4.269392059221e+01,1.000000000000e+00,1.035908710804
2164,17320,6342773437.500000,-4.481140616365e+01,-1.344342184910e+02,-7.232359752188e+01,-1.258941206222e+02,-2.902761071766e+01,-1.374273508252e+02,1.000000000000e+00,1.011273680126
2165,17321,6343139648.437500,-1.344342184910e+02,4.481140616365e+01,-1.261043709617e+02,7.194028354798e+01,-1.326214859224e+02,3.574853212258e+01,1.000000000000e+00,0.986619065542
2166,17322,6343505859.375000,3.136798431456e+02,-2.240570308183e+02,2.711497573946e+02,-2.870142316480e+02,3.384579896806e+02,-1.991447715518e+02,1.000000000000e+00,0.961945090294
2167,17323,6343872070.312500,4.481140616365e+01,-1.344342184910e+02,1.899912534723e+01,-1.438620351323e+02,6.160214749314e+01,-1.301421975976e+02,1.000000000000e+00,0.937251982398
2168,17324,6344238281.250000,-2.240570308183e+02,2.240570308183e+02,-1.823760837444e+02,2.684348665304e+02,-2.374407605729e+02,2.079165133794e+02,1.000000000000e+00,0.912539974624
2169,17325,6344604492.187500,2.240570308183e+02,-4.481140616365e+01,2.169770710468e+02,-8.789988161274e+01,2.343169124776e+02,-2.549158403999e+01,1.000000000000e+00,0.887809304485
2170,17326,6344970703.125000,2.240570308183e+02,4.481140616365e+01,2.341767348791e+02,2.577219400088e+00,2.270652967668e+02,6.456092727244e+01,1.000000000000e+00,0.863060214218
2171,17327,6345336914.062500,1.344342184910e+02,1.344342184910e+02,1.606115854078e+02,1.102004140232e+02,1.294881275925e+02,1.474426331462e+02,1.000000000000e+00,0.838292950759
2172,17328,6345703125.000000,-4.481140616365e+01,-2.240570308183e+02,-8.657126538538e+01,-2.173888601343e+02,-2.073891153700e+01,-2.271649705766e+02,1.000000000000e+00,0.813507765724
2173,17329,6346069335.937500,3.136798431456e+02,-1.344342184910e+02,2.914887762109e+02,-1.926289899964e+02,3.315407748090e+02,-1.068059496919e+02,1.000000000000e+00,0.788704915381
2174,17330,6346435546.875000,-4.481140616365e+01,4.481140616365e+01,-3.713729614832e+01,5.323694256590e+01,-4.340676522067e+01,4.262673628025e+01,1.000000000000e+00,0.763884660627
2175,17331,6346801757.812500,1.344342184910e+02,-3.136798431456e+02,8.019498714838e+01,-3.403991325175e+02,1.678660035098e+02,-3.015303877350e+02,1.000000000000e+00,0.739047266950
2176,17332,6347167968.750000,-3.136798431456e+02,-3.136798431456e+02,-3.713826192020e+02,-2.622698784114e+02,-2.814991466039e+02,-3.413461577545e+02,1.000000000000e+00,0.714193004407
2177,17333,6347534179.687500,-3.136798431456e+02,3.136798431456e+02,-2.634153814433e+02,3.704390841704e+02,-3.381275736678e+02,2.877591629639e+02,1.000000000000e+00,0.689322147582
2178,17334,6347900390.625000,4.481140616365e+01,-3.136798431456e+02,-7.178000272048e+00,-3.245201210836e+02,7.943968373299e+01,-3.087725974161e+02,1.000000000000e+00,0.664434975554
2179,17335,6348266601.562500,-4.481140616365e+01,4.481140616365e+01,-3.783565335633e+01,5.275915036291e+01,-4.389731058869e+01,4.252748815764e+01,1.000000000000e+00,0.639531771855
2180,17336,6348632812.500000,-2.240570308183e+02,-3.136798431456e+02,-2.788172425246e+02,-2.797675523527e+02,-1.911161050245e+02,-3.334061150732e+02,1.000000000000e+00,0.614612824431
2181,17337,6348999023.437500,-3.136798431456e+02,-4.481140616365e+01,-3.246482602075e+02,7.057655018523e+00,-3.057358132865e+02,-7.124348075044e+01,1.000000000000e+00,0.589678425600
2182,17338,6349365234.375000,-4.481140616365e+01,3.136798431456e+02,5.630221322574e+00,3.247383404997e+02,-6.889603468094e+01,3.125299266938e+02,1.000000000000e+00,0.564728872003
2183,17339,6349731445.312500,1.344342184910e+02,4.481140616365e+01,1.432576435433e+02,2.413859443624e+01,1.356867834555e+02,5.967065261810e+01,1.000000000000e+00,0.539764464557
2184,17340,6350097656.250000,2.240570308183e+02,-3.136798431456e+02,1.788465414677e+02,-3.524683952215e+02,2.606341692213e+02,-2.908839898343e+02,1.000000000000e+00,0.514785508407
2185,17341,6350463867.187500,-3.136798431456e+02,-4.481140616365e+01,-3.248705288605e+02,1.766404272690e+00,-3.052481521705e+02,-7.441132935698e+01,1.000000000000e+00,0.489792312872
2186,17342,6350830078.125000,2.240570308183e+02,4.481140616365e+01,2.339255916668e+02,1.250756331075e+01,2.250978518200e+02,6.974334618715e+01,1.000000000000e+00,0.464785191390
2187,17343,6351196289.062500,2.240570308183e+02,1.344342184910e+02,2.467999278691e+02,1.041070563326e+02,2.157103302558e+02,1.599134025909e+02,1.000000000000e+00,0.439764461460
2188,17344,6351562500.000000,-3.136798431456e+02,3.136798431456e+02,-2.738548430605e+02,3.629694371994e+02,-3.421953215690e+02,2.839302779172e+02,1.000000000000e+00,0.414730444586
2189,17345,6351928710.937500,-1.344342184910e+02,3.136798431456e+02,-9.263558563343e+01,3.372547132994e+02,-1.627037743439e+02,3.024145088541e+02,1.000000000000e+00,0.389683466212
2190,17346,6352294921.875000,4.481140616365e+01,3.136798431456e+02,8.882493696723e+01,3.123456413191e+02,1.689056980305e+01,3.211785609083e+02,1.000000000000e+00,0.364623855660
2191,17347,6352661132.812500,-1.344342184910e+02,3.136798431456e+02,-9.371212950181e+01,3.369685746233e+02,-1.628032681775e+02,3.024635064423e+02,1.000000000000e+00,0.339551946066
2192,17348,6353027343.750000,-3.136798431456e+02,3.136798431456e+02,-2.763945282008e+02,3.609764628406e+02,-3.425476415278e+02,2.836870406793e+02,1.000000000000e+00,0.314468074307
2193,17349,6353393554.687500,4.481140616365e+01,2.240570308183e+02,7.482866326042e+01,2.218182775115e+02,2.559217127555e+01,2.314197032942e+02,1.000000000000e+00,0.289372580935
2194,17350,6353759765.625000,2.240570308183e+02,4.481140616365e+01,2.333934731852e+02,1.716469607619e+01,2.240991104799e+02,7.159338921502e+01,1.000000000000e+00,0.264265810102
2195,17351,6354125976.562500,4.481140616365e+01,-2.240570308183e+02,1.797660417387e+01,-2.332588054367e+02,7.445649217709e+01,-2.169972248349e+02,1.000000000000e+00,0.239148109490
2196,17352,6354492187.500000,-3.136798431456e+02,1.344342184910e+02,-3.026655564683e+02,1.744090278878e+02,-3.242380251795e+02,1.014675779335e+02,1.000000000000e+00,0.214019830227
2197,17353,6354858398.437500,2.240570308183e+02,-4.481140616365e+01,2.224775720042e+02,-7.192073346916e+01,2.337096907525e+02,-1.714155860350e+01,1.000000000000e+00,0.188881326814
2198,17354,6355224609.375000,-1.344342184910e+02,2.240570308183e+02,-1.106874724863e+02,2.434233258041e+02,-1.552418621359e+02,2.111151980297e+02,1.000000000000e+00,0.163732957045
2199,17355,6355590820.312500,-4.481140616365e+01,2.240570308183e+02,-1.979900444358e+01,2.330888044785e+02,-6.553088554883e+01,2.214262744246e+02,1.000000000000e+00,0.138575081918
2200,17356,6355957031.250000,-2.240570308183e+02,3.136798431456e+02,-1.922447100368e+02,3.448284398924e+02,-2.548887145458e+02,2.911808013030e+02,1.000000000000e+00,0.113408065560
2201,17357,6356323242.187500,-2.240570308183e+02,1.344342184910e+02,-2.132712506846e+02,1.616846058406e+02,-2.350221800468e+02,1.113975830795e+02,1.000000000000e+00,0.088232275132
2202,17358,6356689453.125000,-1.344342184910e+02,-2.240570308183e+02,-1.608979762903e+02,-2.138832591891e+02,-1.040278200721e+02,-2.373669430545e+02,1.000000000000e+00,0.063048080743
2203,17359,6357055664.062500,2.240570308183e+02,1.344342184910e+02,2.422018925708e+02,1.139056844809e+02,2.127479163774e+02,1.633653839532e+02,1.000000000000e+00,0.037855855365
2204,17360,6357421875.000000,2.240570308183e+02,3.136798431456e+02,2.595416891248e+02,2.974702288064e+02,1.908601599768e+02,3.430037054710e+02,1.000000000000e+00,0.012655974734
2205,17361,6357788085.937500,4.481140616365e+01,2.240570308183e+02,6.710176785732e+01,2.241276524996e+02,2.191005070696e+01,2.318988244423e+02,1.000000000000e+00,-0.012551182740
2206,17362,6358154296.875000,-3.136798431456e+02,1.344342184910e+02,-3.073211038092e+02,1.662524952469e+02,-3.255332717471e+02,9.836182719837e+01,1.000000000000e+00,-0.037765236067
2207,17363,6358520507.812500,-4.481140616365e+01,2.240570308183e+02,-2.506310374634e+01,2.326218055213e+02,-6.771164798123e+01,2.210368916275e+02,1.000000000000e+00,-0.062985801776
2208,17364,6358886718.750000,3.136798431456e+02,4.481140616365e+01,3.240418066334e+02,1.711111972274e+01,3.125560437760e+02,8.541737225003e+01,1.000000000000e+00,-0.088212494016
2209,17365,6359252929.687500,1.344342184910e+02,1.344342184910e+02,1.490217767796e+02,1.253089167928e+02,1.223036195365e+02,1.534641582249e+02,1.000000000000e+00,-0.113444924648
2210,17366,6359619140.625000,-2.240570308183e+02,-1.344342184910e+02,-2.400191905542e+02,-1.183204955536e+02,-2.028014465565e+02,-1.596032999226e+02,1.000000000000e+00,-0.138682703353
2211,17367,6359985351.562500,-1.344342184910e+02,-1.344342184910e+02,-1.480665125549e+02,-1.264426305682e+02,-1.129335663342e+02,-1.486548564555e+02,1.000000000000e+00,-0.163925437735
2212,17368,6360351562.500000,-2.240570308183e+02,3.136798431456e+02,-2.041309472756e+02,3.379959218725e+02,-2.592703651898e+02,2.878061771671e+02,1.000000000000e+00,-0.189172733418
2213,17369,6360717773.437500,-2.240570308183e+02,2.240570308183e+02,-2.116147833792e+02,2.461730559941e+02,-2.479518150980e+02,1.983508541820e+02,1.000000000000e+00,-0.214424194160
2214,17370,6361083984.375000,4.481140616365e+01,-2.240570308183e+02,2.885585380847e+01,-2.323219664164e+02,7.741293452357e+01,-2.155128681882e+02,1.000000000000e+00,-0.239679421954
2215,17371,6361450195.312500,-2.240570308183e+02,-3.136798431456e+02,-2.521674199040e+02,-3.038222442054e+02,-1.801223315536e+02,-3.388444636515e+02,1.000000000000e+00,-0.264938017137
2216,17372,6361816406.250000,1.344342184910e+02,-1.344342184910e+02,1.275158328568e+02,-1.471002000226e+02,1.554695466094e+02,-1.145934890053e+02,1.000000000000e+00,-0.290199578499
2217,17373,6362182617.187500,4.481140616365e+01,-2.240570308183e+02,2.992503293151e+01,-2.320091042539e+02,7.721531746210e+01,-2.152733052569e+02,1.000000000000e+00,-0.315463703393
2218,17374,6362548828.125000,2.240570308183e+02,2.240570308183e+02,2.440648627225e+02,2.136789986738e+02,1.996334909038e+02,2.551142609123e+02,1.000000000000e+00,-0.340729987842
2219,17375,6362915039.062500,3.136798431456e+02,-1.344342184910e+02,3.117364877083e+02,-1.577007629377e+02,3.346689001022e+02,-9.113765726058e+01,1.000000000000e+00,-0.365998026658
2220,17376,6363281250.000000,-3.136798431456e+02,-4.481140616365e+01,-3.233484118918e+02,-2.622749177096e+01,-3.031972004434e+02,-8.207435495339e+01,1.000000000000e+00,-0.391267413545
2221,17377,6363647460.937500,3.136798431456e+02,-1.344342184910e+02,3.125983962485e+02,-1.562316210858e+02,3.348824217702e+02,-9.062796695742e+01,1.000000000000e+00,-0.416537741218
2222,17378,6364013671.875000,3.136798431456e+02,-2.240570308183e+02,3.078718638371e+02,-2.471609704778e+02,3.466406453350e+02,-1.799000576606e+02,1.000000000000e+00,-0.441808601515
2223,17379,6364379882.812500,-2.240570308183e+02,1.344342184910e+02,-2.217940324710e+02,1.498313097068e+02,-2.371370095530e+02,1.081368628472e+02,1.000000000000e+00,-0.467079585511
2224,17380,6364746093.750000,-2.240570308183e+02,-1.344342184910e+02,-2.363047283248e+02,-1.258034097172e+02,-2.019096462466e+02,-1.605487245259e+02,1.000000000000e+00,-0.492350283632
2225,17381,6365112304.687500,-2.240570308183e+02,3.136798431456e+02,-2.136122696848e+02,3.322222581549e+02,-2.610486795045e+02,2.869626221657e+02,1.000000000000e+00,-0.517620285769
2226,17382,6365478515.625000,2.240570308183e+02,-3.136798431456e+02,2.142830449724e+02,-3.317169153143e+02,2.695198398010e+02,-2.802759507891e+02,1.000000000000e+00,-0.542889181396
2227,17383,6365844726.562500,-4.481140616365e+01,-3.136798431456e+02,-6.017450247229e+01,-3.189359480883e+02,1.121503950530e+00,-3.158051149361e+02,1.000000000000e+00,-0.568156559683
2228,17384,6366210937.500000,-2.240570308183e+02,1.344342184910e+02,-2.233723312548e+02,1.473625161790e+02,-2.373718026946e+02,1.078163256613e+02,1.000000000000e+00,-0.593422009613
2229,17385,6366577148.437500,4.481140616365e+01,4.481140616365e+01,4.773559765446e+01,4.396060378121e+01,4.294250514995e+01,5.412768399636e+01,1.000000000000e+00,-0.618685120096
2230,17386,6366943359.375000,-4.481140616365e+01,2.240570308183e+02,-3.677775942311e+01,2.310365417507e+02,-7.029379518267e+01,2.211770056543e+02,1.000000000000e+00,-0.643945480089
2231,17387,6367309570.312500,1.344342184910e+02,-3.136798431456e+02,1.253480854942e+02,-3.260927788416e+02,1.798572463150e+02,-2.916488200139e+02,1.000000000000e+00,-0.669202678706
2232,17388,6367675781.250000,1.344342184910e+02,-1.344342184910e+02,1.325106820420e+02,-1.424936929571e+02,1.560513215476e+02,-1.127199661774e+02,1.000000000000e+00,-0.694456305336
2233,17389,6368041992.187500,4.481140616365e+01,-2.240570308183e+02,3.793723511345e+01,-2.307234177639e+02,7.849977001708e+01,-2.138992594312e+02,1.000000000000e+00,-0.719705949759
2234,17390,6368408203.125000,3.136798431456e+02,-1.344342184910e+02,3.165639166244e+02,-1.473563481338e+02,3.349457977553e+02,-8.815808592960e+01,1.000000000000e+00,-0.744951202262
2235,17391,6368774414.062500,-2.240570308183e+02,3.136798431456e+02,-2.204333584725e+02,3.269950553278e+02,-2.620105127904e+02,2.858880031917e+02,1.000000000000e+00,-0.770191653751
2236,17392,6369140625.000000,2.240570308183e+02,4.481140616365e+01,2.302471958725e+02,4.028035765479e+01,2.211767687141e+02,7.931311352528e+01,1.000000000000e+00,-0.795426895865
2237,17393,6369506835.937500,4.481140616365e+01,-3.136798431456e+02,3.860818550542e+01,-3.218762301795e+02,9.184337013412e+01,-3.025567109106e+02,1.000000000000e+00,-0.820656521092
2238,17394,6369873046.875000,3.136798431456e+02,-3.136798431456e+02,3.142068524090e+02,-3.275810119522e+02,3.598280993865e+02,-2.655560929022e+02,1.000000000000e+00,-0.845880122882
2239,17395,6370239257.812500,1.344342184910e+02,-2.240570308183e+02,1.329863653469e+02,-2.318737272517e+02,1.686706918233e+02,-2.008564235740e+02,1.000000000000e+00,-0.871097295757
2240,17396,6370605468.750000,-4.481140616365e+01,3.136798431456e+02,-3.977526857199e+01,3.215741413220e+02,-8.334548625979e+01,3.105312654033e+02,1.000000000000e+00,-0.896307635425
2241,17397,6370971679.687500,1.344342184910e+02,-1.344342184910e+02,1.349258139833e+02,-1.398655698224e+02,1.560433429752e+02,-1.115652097388e+02,1.000000000000e+00,-0.921510738887
2242,17398,6371337890.625000,-4.481140616365e+01,3.136798431456e+02,-4.087394986250e+01,3.213307482659e+02,-8.339758845642e+01,3.105551546927e+02,1.000000000000e+00,-0.946706204554
2243,17399,6371704101.562500,3.136798431456e+02,3.136798431456e+02,3.247237497025e+02,3.166241155204e+02,2.732796683242e+02,3.597596089865e+02,1.000000000000e+00,-0.971893632347
2244,17400,6372070312.500000,-3.136798431456e+02,1.344342184910e+02,-3.193364917613e+02,1.406658778775e+02,-3.270934891645e+02,9.490578234289e+01,1.000000000000e+00,-0.997072623814
2245,17401,6372436523.437500,-1.344342184910e+02,4.481140616365e+01,-1.370903625460e+02,4.692584326593e+01,-1.362362071248e+02,3.044182648640e+01,1.000000000000e+00,-1.022242782228
2246,17402,6372802734.375000,2.240570308183e+02,2.240570308183e+02,2.305034146342e+02,2.277243069400e+02,1.958590298958e+02,2.587742745262e+02,1.000000000000e+00,-1.047403712699
2247,17403,6373168945.312500,3.136798431456e+02,4.481140616365e+01,3.210375420823e+02,4.432595381631e+01,3.100627170776e+02,9.271413426203e+01,1.000000000000e+00,-1.072555022276
2248,17404,6373535156.250000,-1.344342184910e+02,-2.240570308183e+02,-1.384686610626e+02,-2.286841358472e+02,-9.935117332701e+01,-2.371733495669e+02,1.000000000000e+00,-1.097696320050
2249,17405,6373901367.187500,-4.481140616365e+01,-1.344342184910e+02,-4.632863401776e+01,-1.374367575567e+02,-2.255161009583e+01,-1.354558166576e+02,1.000000000000e+00,-1.122827217257
2250,17406,6374267578.125000,-1.344342184910e+02,-4.481140616365e+01,-1.376973601443e+02,-4.568926267499e+01,-1.242317026787e+02,-5.835496013521e+01,1.000000000000e+00,-1.147947327375
2251,17407,6374633789.062500,-2.240570308183e+02,3.136798431456e+02,-2.298202918331e+02,3.209810277512e+02,-2.632191651342e+02,2.867980958838e+02,1.000000000000e+00,-1.173056266227
2252,17408,6375000000.000000,-3.136798431456e+02,4.481140616365e+01,-3.214983191206e+02,4.473744809286e+01,-3.155780399377e+02,5.979397135955e+00,1.000000000000e+00,-1.198153652077
2253,17409,6375366210.937500,4.481140616365e+01,4.481140616365e+01,4.567303529637e+01,4.613326387234e+01,4.205227808313e+01,5.596307238591e+01,1.000000000000e+00,-1.223239105722
2254,17410,6375732421.875000,3.136798431456e+02,2.240570308183e+02,3.198443575497e+02,2.315629850874e+02,2.853688160844e+02,2.722067267310e+02,1.000000000000e+00,-1.248312250592
2255,17411,6376098632.812500,-3.136798431456e+02,-2.240570308183e+02,-3.195387888917e+02,-2.319372460729e+02,-2.784151718765e+02,-2.618233599687e+02,1.000000000000e+00,-1.273372712837
2256,17412,6376464843.750000,1.344342184910e+02,1.344342184910e+02,1.365092750065e+02,1.388234390947e+02,1.190190982438e+02,1.578878261082e+02,1.000000000000e+00,-1.298420121423
2257,17413,6376831054.687500,-2.240570308183e+02,1.344342184910e+02,-2.306627723366e+02,1.355292704781e+02,-2.385301226422e+02,1.087153073746e+02,1.000000000000e+00,-1.323454108214
2258,17414,6377197265.625000,3.136798431456e+02,-1.344342184910e+02,3.226970686090e+02,-1.339813324970e+02,3.346944739399e+02,-8.546498396035e+01,1.000000000000e+00,-1.348474308066
2259,17415,6377563476.562500,-4.481140616365e+01,-2.240570308183e+02,-4.250600089750e+01,-2.300641248327e+02,-1.012635371257e+01,-2.241888610790e+02,1.000000000000e+00,-1.373480358907
2260,17416,6377929687.500000,-3.136798431456e+02,4.481140616365e+01,-3.219815106985e+02,4.008501148984e+01,-3.158464653288e+02,5.862505542423e+00,1.000000000000e+00,-1.398471901822
2261,17417,6378295898.437500,-2.240570308183e+02,-3.136798431456e+02,-2.232253933643e+02,-3.256294296887e+02,-1.759283646137e+02,-3.388104637114e+02,1.000000000000e+00,-1.423448581133
2262,17418,6378662109.375000,2.240570308183e+02,-2.240570308183e+02,2.340760432277e+02,-2.248575106903e+02,2.581087144563e+02,-1.862410520349e+02,1.000000000000e+00,-1.448410044482
2263,17419,6379028320.312500,2.240570308183e+02,2.240570308183e+02,2.246800746506e+02,2.343083057280e+02,1.951632569986e+02,2.607375899236e+02,1.000000000000e+00,-1.473355942902
2264,17420,6379394531.250000,-4.481140616365e+01,4.481140616365e+01,-4.694271807492e+01,4.481168673825e+01,-4.802496188069e+01,4.424231300083e+01,1.000000000000e+00,-1.498285930898
2265,17421,6379760742.187500,2.240570308183e+02,1.344342184910e+02,2.257723074933e+02,1.434065712266e+02,2.071371256487e+02,1.716890497503e+02,1.000000000000e+00,-1.523199666515
2266,17422,6380126953.125000,1.344342184910e+02,-3.136798431456e+02,1.464243221131e+02,-3.171114586796e+02,1.814948874192e+02,-2.873205717223e+02,1.000000000000e+00,-1.548096811412
2267,17423,6380493164.062500,2.240570308183e+02,-1.344342184910e+02,2.334049795333e+02,-1.307330457476e+02,2.453266440015e+02,-9.572434212202e+01,1.000000000000e+00,-1.572977030931
2268,17424,6380859375.000000,4.481140616365e+01,-4.481140616365e+01,4.734179704596e+01,-4.440439804234e+01,5.381927704114e+01,-3.201585482457e+01,1.000000000000e+00,-1.597839994159
2269,17425,6381225585.937500,1.344342184910e+02,2.240570308183e+02,1.303120923329e+02,2.336944977287e+02,1.046411078087e+02,2.487928545041e+02,1.000000000000e+00,-1.622685374000
2270,17426,6381591796.875000,-3.136798431456e+02,-4.481140616365e+01,-3.195281024456e+02,-5.546692338144e+01,-3.038763005090e+02,-8.210995896448e+01,1.000000000000e+00,-1.647512847228
2271,17427,6381958007.812500,-1.344342184910e+02,4.481140616365e+01,-1.387574223915e+02,4.194202187774e+01,-1.376537014942e+02,3.272674765140e+01,1.000000000000e+00,-1.672322094553
2272,17428,6382324218.750000,-1.344342184910e+02,-3.136798431456e+02,-1.278091213059e+02,-3.250103220065e+02,-8.860841008459e+01,-3.246776336371e+02,1.000000000000e+00,-1.697112800679
2273,17429,6382690429.687500,-2.240570308183e+02,3.136798431456e+02,-2.397828262461e+02,3.134841673204e+02,-2.646349617763e+02,2.883236771449e+02,1.000000000000e+00,-1.721884654355
2274,17430,6383056640.625000,2.240570308183e+02,-4.481140616365e+01,2.309465347581e+02,-3.786516929665e+01,2.319235938902e+02,-6.799217133064e+00,1.000000000000e+00,-1.746637348430
2275,17431,6383422851.562500,-3.136798431456e+02,4.481140616365e+01,-3.225951913765e+02,3.453205032174e+01,-3.169548932849e+02,7.888120951356e+00,1.000000000000e+00,-1.771370579906
2276,17432,6383789062.500000,4.481140616365e+01,-1.344342184910e+02,5.074085429136e+01,-1.358822979187e+02,6.519797026747e+01,-1.210933383801e+02,1.000000000000e+00,-1.796084049983
2277,17433,6384155273.437500,4.481140616365e+01,-1.344342184910e+02,5.086299650249e+01,-1.358176642656e+02,6.506348337257e+01,-1.210230870262e+02,1.000000000000e+00,-1.820777464107
2278,17434,6384521484.375000,2.240570308183e+02,3.136798431456e+02,2.168823298010e+02,3.296278825418e+02,1.818397877982e+02,3.506196723117e+02,1.000000000000e+00,-1.845450532014
2279,17435,6384887695.312500,1.344342184910e+02,1.344342184910e+02,1.320099390587e+02,1.430223453725e+02,1.170728488590e+02,1.596763639002e+02,1.000000000000e+00,-1.870102967771
2280,17436,6385253906.250000,3.136798431456e+02,-2.240570308183e+02,3.302761050704e+02,-2.160273156237e+02,3.454438967880e+02,-1.728804826422e+02,1.000000000000e+00,-1.894734489816
2281,17437,6385620117.187500,-3.136798431456e+02,2.240570308183e+02,-3.304193736242e+02,2.158054788099e+02,-3.423144183099e+02,1.871601084870e+02,1.000000000000e+00,-1.919344820993
2282,17438,6385986328.125000,-2.240570308183e+02,2.240570308183e+02,-2.388906990064e+02,2.194680479917e+02,-2.529751410785e+02,1.997131561396e+02,1.000000000000e+00,-1.943933688591
2283,17439,6386352539.062500,3.136798431456e+02,4.481140616365e+01,3.188721766610e+02,5.983618184134e+01,3.079105646502e+02,9.523323953063e+01,1.000000000000e+00,-1.968500824371
2284,17440,6386718750.000000,-1.344342184910e+02,1.344342184910e+02,-1.436996990050e+02,1.313515516242e+02,-1.515581101373e+02,1.227682699338e+02,1.000000000000e+00,-1.993045964601
2285,17441,6387084960.937500,-3.136798431456e+02,1.344342184910e+02,-3.271545675439e+02,1.229693140558e+02,-3.304446046788e+02,9.819812312976e+01,1.000000000000e+00,-2.017568850080
2286,17442,6387451171.875000,-4.481140616365e+01,-1.344342184910e+02,-3.989200344621e+01,-1.395248402813e+02,-2.570153212926e+01,-1.328127873956e+02,1.000000000000e+00,-2.042069226168
2287,17443,6387817382.812500,-4.481140616365e+01,1.344342184910e+02,-5.151575167790e+01,1.356562295045e+02,-6.167769499068e+01,1.357440591239e+02,1.000000000000e+00,-2.066546842806
2288,17444,6388183593.750000,3.136798431456e+02,4.481140616365e+01,3.189275249372e+02,5.914822305928e+01,3.078493630455e+02,9.333886621132e+01,1.000000000000e+00,-2.091001454539
2289,17445,6388549804.687500,-2.240570308183e+02,2.240570308183e+02,-2.391162422479e+02,2.188814861396e+02,-2.526674825424e+02,2.012243480483e+02,1.000000000000e+00,-2.115432820535
2290,17446,6388916015.625000,2.240570308183e+02,-3.136798431456e+02,2.438440944455e+02,-3.096418450793e+02,2.658268924213e+02,-2.748319812908e+02,1.000000000000e+00,-2.139840704599
2291,17447,6389282226.562500,1.344342184910e+02,-1.344342184910e+02,1.440208080579e+02,-1.306143741529e+02,1.524511030035e+02,-1.081036624360e+02,1.000000000000e+00,-2.164224875195
2292,17448,6389648437.500000,-1.344342184910e+02,-2.240570308183e+02,-1.257960367877e+02,-2.358967632630e+02,-1.032790744066e+02,-2.340389543726e+02,1.000000000000e+00,-2.188585105451
2293,17449,6390014648.437500,-1.344342184910e+02,3.136798431456e+02,-1.541673527132e+02,3.134695511620e+02,-1.771856940200e+02,3.020046176406e+02,1.000000000000e+00,-2.212921173173
2294,17450,6390380859.375000,-3.136798431456e+02,-2.240570308183e+02,-3.085744266974e+02,-2.457076831151e+02,-2.822311118982e+02,-2.585040340450e+02,1.000000000000e+00,-2.237232860856
2295,17451,6390747070.312500,-2.240570308183e+02,-1.344342184910e+02,-2.216992787470e+02,-1.492955493632e+02,-2.053263422014e+02,-1.566697322351e+02,1.000000000000e+00,-2.261519955685
2296,17452,6391113281.250000,4.481140616365e+01,-1.344342184910e+02,5.297191102471e+01,-1.349020572557e+02,6.242727186760e+01,-1.201104483727e+02,1.000000000000e+00,-2.285782249544
2297,17453,6391479492.187500,-2.240570308183e+02,-2.240570308183e+02,-2.167510328728e+02,-2.410063966168e+02,-1.936256341817e+02,-2.458022897789e+02,1.000000000000e+00,-2.310019539016
2298,17454,6391845703.125000,-4.481140616365e+01,1.344342184910e+02,-5.313279846705e+01,1.349012590859e+02,-6.354416931094e+01,1.358362990098e+02,1.000000000000e+00,-2.334231625387
2299,17455,6392211914.062500,-2.240570308183e+02,3.136798431456e+02,-2.461577790838e+02,3.081264030886e+02,-2.665030818106e+02,2.904280350859e+02,1.000000000000e+00,-2.358418314640
2300,17456,6392578125.000000,-4.481140616365e+01,2.240570308183e+02,-5.814673656864e+01,2.263549515032e+02,-7.576184469285e+01,2.252087059001e+02,1.000000000000e+00,-2.382579417453
2301,17457,6392944335.937500,1.344342184910e+02,-3.136798431456e+02,1.546636257175e+02,-3.128121731879e+02,1.748107041504e+02,-2.866986319547e+02,1.000000000000e+00,-2.406714749200
2302,17458,6393310546.875000,1.344342184910e+02,-2.240570308183e+02,1.501997356472e+02,-2.210364195196e+02,1.630193988596e+02,-1.971646481448e+02,1.000000000000e+00,-2.430824129933
2303,17459,6393676757.812500,-4.481140616365e+01,1.344342184910e+02,-5.386503993090e+01,1.346001248901e+02,-6.459559623180e+01,1.357481541139e+02,1.000000000000e+00,-2.454907384383
2304,17460,6394042968.750000,2.240570308183e+02,1.344342184910e+02,2.204967545825e+02,1.512918270557e+02,2.030335548887e+02,1.730614155603e+02,1.000000000000e+00,-2.478964341947
2305,17461,6394409179.687500,2.240570308183e+02,1.344342184910e+02,2.207578551513e+02,1.510180802437e+02,2.032387974546e+02,1.727109262379e+02,1.000000000000e+00,-2.502994836672
2306,17462,6394775390.625000,2.240570308183e+02,1.344342184910e+02,2.210185813457e+02,1.507438721162e+02,2.034378975964e+02,1.723616550630e+02,1.000000000000e+00,-2.526998707246
2307,17463,6395141601.562500,2.240570308183e+02,-2.240570308183e+02,2.421652143327e+02,-2.159194038370e+02,2.515195576963e+02,-1.856744994386e+02,1.000000000000e+00,-2.550975796981
2308,17464,6395507812.500000,3.136798431456e+02,2.240570308183e+02,3.075074780602e+02,2.473080418020e+02,2.808898196579e+02,2.732873494449e+02,1.000000000000e+00,-2.574925953796
2309,17465,6395874023.437500,3.136798431456e+02,2.240570308183e+02,3.074785312310e+02,2.472016663879e+02,2.808158883280e+02,2.730557489565e+02,1.000000000000e+00,-2.598849030196
2310,17466,6396240234.375000,3.136798431456e+02,4.481140616365e+01,3.179629093701e+02,6.405597732591e+01,3.045225880551e+02,9.411289548185e+01,1.000000000000e+00,-2.622744883258
2311,17467,6396606445.312500,2.240570308183e+02,3.136798431456e+02,2.107692255149e+02,3.337516275272e+02,1.795041182621e+02,3.506017722503e+02,1.000000000000e+00,-2.646613374603
2312,17468,6396972656.250000,4.481140616365e+01,3.136798431456e+02,2.750444055218e+01,3.234178785182e+02,4.861498852377e-01,3.270089052932e+02,1.000000000000e+00,-2.670454370377
2313,17469,6397338867.187500,-1.344342184910e+02,-3.136798431456e+02,-1.192231395053e+02,-3.283743347151e+02,-9.608021784155e+01,-3.228856495623e+02,1.000000000000e+00,-2.694267741225
2314,17470,6397705078.125000,1.344342184910e+02,3.136798431456e+02,1.192879593782e+02,3.280623958828e+02,9.001275478619e+01,3.381535378542e+02,1.000000000000e+00,-2.718053362266
2315,17471,6398071289.062500,-4.481140616365e+01,3.136798431456e+02,-6.358380754257e+01,3.176268834359e+02,-8.866322846635e+01,3.146529070088e+02,1.000000000000e+00,-2.741811113066
2316,17472,6398437500.000000,-4.481140616365e+01,4.481140616365e+01,-4.828767778836e+01,4.322481317977e+01,-5.399525657273e+01,4.661977517830e+01,1.000000000000e+00,-2.765540877610
2317,17473,6398803710.937500,-2.240570308183e+02,-4.481140616365e+01,-2.263515196985e+02,-5.834131224728e+01,-2.214859427480e+02,-6.582025520681e+01,1.000000000000e+00,-2.789242544270
2318,17474,6399169921.875000,3.136798431456e+02,2.240570308183e+02,3.079441598229e+02,2.463852926091e+02,2.804967396482e+02,2.713433857843e+02,1.000000000000e+00,-2.812916005779
2319,17475,6399536132.812500,-3.136798431456e+02,2.240570308183e+02,-3.328248367420e+02,2.114080331560e+02,-3.455685075820e+02,1.910748522940e+02,1.000000000000e+00,-2.836561159196
2320,17476,6399902343.750000,-4.481140616365e+01,-2.240570308183e+02,-3.335529657395e+01,-2.312705009522e+02,-2.034806593163e+01,-2.216967115725e+02,1.000000000000e+00,-2.860177905872
2321,17477,6400268554.687500,-2.240570308183e+02,-4.481140616365e+01,-2.263191698263e+02,-5.827396804616e+01,-2.221374162826e+02,-6.587259322108e+01,1.000000000000e+00,-2.883766151420
2322,17478,6400634765.625000,-4.481140616365e+01,-2.240570308183e+02,-3.310305778566e+01,-2.314158682914e+02,-2.043477168973e+01,-2.219416978970e+02,1.000000000000e+00,-2.907325805676
2323,17479,6401000976.562500,-3.136798431456e+02,-3.136798431456e+02,-3.025476920344e+02,-3.384875841636e+02,-2.772135559351e+02,-3.462633904900e+02,1.000000000000e+00,-2.930856782666
2324,17480,6401367187.500000,3.136798431456e+02,-3.136798431456e+02,3.382497759675e+02,-3.029479070835e+02,3.485707844074e+02,-2.657083128225e+02,1.000000000000e+00,-2.954359000567
2325,17481,6401733398.437500,1.344342184910e+02,2.240570308183e+02,1.250542979123e+02,2.364847964209e+02,1.007681744815e+02,2.480512908803e+02,1.000000000000e+00,-2.977832381671
2326,17482,6402099609.375000,4.481140616365e+01,-2.240570308183e+02,5.806142611464e+01,-2.266223935523e+02,6.803030259708e+01,-2.110106931705e+02,1.000000000000e+00,-3.001276852345
2327,17483,6402465820.312500,4.481140616365e+01,-4.481140616365e+01,4.826839551791e+01,-4.332068985283e+01,4.515424226285e+01,-3.201421251217e+01,1.000000000000e+00,-3.024692342992
2328,17484,6402832031.250000,4.481140616365e+01,2.240570308183e+02,3.328334388839e+01,2.313717578111e+02,1.058044619423e+01,2.362318764367e+02,1.000000000000e+00,-3.048078788011
2329,17485,6403198242.187500,-3.136798431456e+02,2.240570308183e+02,-3.327107652728e+02,2.116148715211e+02,-3.471322673660e+02,1.904231279987e+02,1.000000000000e+00,-3.071436125754
2330,17486,6403564453.125000,-1.344342184910e+02,-3.136798431456e+02,-1.207053828863e+02,-3.275949377947e+02,-1.004883963524e+02,-3.232499081900e+02,1.000000000000e+00,-3.094764298489
2331,17487,6403930664.062500,4.481140616365e+01,3.136798431456e+02,2.975688128611e+01,3.228224993710e+02,-9.511778108872e-02,3.253860196794e+02,1.000000000000e+00,-3.118063252352
2332,17488,6404296875.000000,-4.481140616365e+01,-4.481140616365e+01,-4.355031052801e+01,-4.801587833847e+01,-4.527760391465e+01,-4.371525533797e+01,1.000000000000e+00,-3.141332937309
2333,17489,6404663085.937500,-3.136798431456e+02,-4.481140616365e+01,-3.182218375941e+02,-6.104427662939e+01,-3.138211420602e+02,-7.664131917399e+01,1.000000000000e+00,3.118612000071
2334,17490,6405029296.875000,3.136798431456e+02,3.136798431456e+02,3.054040549840e+02,3.352754290343e+02,2.685831440225e+02,3.574688295264e+02,1.000000000000e+00,3.095400987940
2335,17491,6405395507.812500,1.344342184910e+02,-4.481140616365e+01,1.394523845860e+02,-3.942090286868e+01,1.331512720811e+02,-2.219281097673e+01,1.000000000000e+00,3.072219372292
2336,17492,6405761718.750000,3.136798431456e+02,2.240570308183e+02,3.100281436918e+02,2.436936581011e+02,2.793486999606e+02,2.679707299173e+02,1.000000000000e+00,3.049067188294
2337,17493,6406127929.687500,-4.481140616365e+01,4.481140616365e+01,-4.788444730295e+01,4.372276276479e+01,-5.698516477906e+01,4.527494021186e+01,1.000000000000e+00,3.025944467504
2338,17494,6406494140.625000,-4.481140616365e+01,2.240570308183e+02,-5.601290482278e+01,2.269923760086e+02,-7.881251979983e+01,2.242188202626e+02,1.000000000000e+00,3.002851237925
2339,17495,6406860351.562500,-4.481140616365e+01,-3.136798431456e+02,-3.179840858064e+01,-3.226701717509e+02,-1.396492602905e+01,-3.130603080198e+02,1.000000000000e+00,2.979787524045
2340,17496,6407226562.500000,3.136798431456e+02,-1.344342184910e+02,3.267476929308e+02,-1.236478489899e+02,3.225289912661e+02,-9.092523164067e+01,1.000000000000e+00,2.956753346889
2341,17497,6407592773.437500,-3.136798431456e+02,-1.344342184910e+02,-3.151467773598e+02,-1.513318589434e+02,-3.047621137619e+02,-1.669504976176e+02,1.000000000000e+00,2.933748724060
2342,17498,6407958984.375000,4.481140616365e+01,-3.136798431456e+02,5.953895517137e+01,-3.193106551718e+02,7.542639995321e+01,-3.031799055137e+02,1.000000000000e+00,2.910773669791
2343,17499,6408325195.312500,2.240570308183e+02,3.136798431456e+02,2.159862713201e+02,3.307192121462e+02,1.785894795468e+02,3.460591175746e+02,1.000000000000e+00,2.887828194992
2344,17500,6408691406.250000,-3.136798431456e+02,-3.136798431456e+02,-3.078437957425e+02,-3.341324537934e+02,-2.834366971770e+02,-3.465286240385e+02,1.000000000000e+00,2.864912307294
2345,17501,6409057617.187500,1.344342184910e+02,3.136798431456e+02,1.246355669318e+02,3.263636196209e+02,8.871803688046e+01,3.345471199337e+02,1.000000000000e+00,2.842026011103
2346,17502,6409423828.125000,-2.240570308183e+02,-1.344342184910e+02,-2.237776477562e+02,-1.464255015525e+02,-2.156800322634e+02,-1.565527945623e+02,1.000000000000e+00,2.819169307641
2347,17503,6409790039.062500,-3.136798431456e+02,-3.136798431456e+02,-3.085864876141e+02,-3.329116913020e+02,-2.839061483108e+02,-3.464096570588e+02,1.000000000000e+00,2.796342195002
2348,17504,6410156250.000000,-2.240570308183e+02,-2.240570308183e+02,-2.207436596390e+02,-2.375021215655e+02,-2.053595264266e+02,-2.461851112164e+02,1.000000000000e+00,2.773544668192
2349,17505,6410522460.937500,2.240570308183e+02,2.240570308183e+02,2.212127584828e+02,2.372047161632e+02,1.892261264050e+02,2.546618596291e+02,1.000000000000e+00,2.750776719186
2350,17506,6410888671.875000,-2.240570308183e+02,-3.136798431456e+02,-2.186364295784e+02,-3.286238802094e+02,-1.956351512149e+02,-3.359424778201e+02,1.000000000000e+00,2.728038336968
2351,17507,6411254882.812500,-4.481140616365e+01,-2.240570308183e+02,-3.854653098718e+01,-2.307765969276e+02,-2.710621898116e+01,-2.254569355896e+02,1.000000000000e+00,2.705329507586
2352,17508,6411621093.750000,-4.481140616365e+01,1.344342184910e+02,-5.009562549441e+01,1.361708480978e+02,-6.905387609512e+01,1.329197767367e+02,1.000000000000e+00,2.682650214197
2353,17509,6411987304.687500,4.481140616365e+01,-2.240570308183e+02,5.265879982640e+01,-2.279344492305e+02,6.221557310819e+01,-2.153382966556e+02,1.000000000000e+00,2.660000437117
2354,17510,6412353515.625000,-1.344342184910e+02,4.481140616365e+01,-1.388535937854e+02,4.201080970132e+01,-1.483666898081e+02,3.262450535164e+01,1.000000000000e+00,2.637380153869
2355,17511,6412719726.562500,-1.344342184910e+02,1.344342184910e+02,-1.411758255874e+02,1.339559240732e+02,-1.586982020884e+02,1.221773781500e+02,1.000000000000e+00,2.614789339230
2356,17512,6413085937.500000,3.136798431456e+02,2.240570308183e+02,3.153819555419e+02,2.371251510267e+02,2.792836254307e+02,2.627815519363e+02,1.000000000000e+00,2.592227965281
2357,17513,6413452148.437500,3.136798431456e+02,3.136798431456e+02,3.138394663557e+02,3.282320523503e+02,2.693908147221e+02,3.519741231695e+02,1.000000000000e+00,2.569696001454
2358,17514,6413818359.375000,-2.240570308183e+02,2.240570308183e+02,-2.340189695567e+02,2.246700273925e+02,-2.583070286425e+02,2.017119281067e+02,1.000000000000e+00,2.547193414581
2359,17515,6414184570.312500,3.136798431456e+02,3.136798431456e+02,3.148478201237e+02,3.274337058632e+02,2.695840663808e+02,3.514797275104e+02,1.000000000000e+00,2.524720168940
2360,17516,6414550781.250000,-2.240570308183e+02,-4.481140616365e+01,-2.285176155780e+02,-5.048466188792e+01,-2.283229440027e+02,-6.810965395064e+01,1.000000000000e+00,2.502276226306
2361,17517,6414916992.187500,2.240570308183e+02,4.481140616365e+01,2.285478291752e+02,5.059713166031e+01,2.098153120365e+02,7.269237523512e+01,1.000000000000e+00,2.479861545994
2362,17518,6415283203.125000,-4.481140616365e+01,-3.136798431456e+02,-3.981243318654e+01,-3.220739110393e+02,-1.812775004180e+01,-3.171883314638e+02,1.000000000000e+00,2.457476084909
2363,17519,6415649414.062500,1.344342184910e+02,4.481140616365e+01,1.368393083705e+02,4.817467430607e+01,1.200120976647e+02,6.173871283012e+01,1.000000000000e+00,2.435119797594
2364,17520,6416015625.000000,1.344342184910e+02,4.481140616365e+01,1.368883768328e+02,4.786046475345e+01,1.199722015949e+02,6.138959802255e+01,1.000000000000e+00,2.412792636272
2365,17521,6416381835.937500,3.136798431456e+02,1.344342184910e+02,3.192741456919e+02,1.415593272582e+02,2.892299283726e+02,1.707528069136e+02,1.000000000000e+00,2.390494550900
2366,17522,6416748046.875000,4.481140616365e+01,4.481140616365e+01,4.538562894707e+01,4.632927502502e+01,3.036614958954e+01,5.080381025062e+01,1.000000000000e+00,2.368225489206
2367,17523,6417114257.812500,3.136798431456e+02,-4.481140616365e+01,3.214135894543e+02,-4.314451653092e+01,3.092249287926e+02,-9.382502273689e+00,1.000000000000e+00,2.345985396744
2368,17524,6417480468.750000,4.481140616365e+01,2.240570308183e+02,4.418049018656e+01,2.296709495560e+02,1.049636568309e+01,2.297130183079e+02,1.000000000000e+00,2.323774216933
2369,17525,6417846679.687500,-3.136798431456e+02,-2.240570308183e+02,-3.196760546333e+02,-2.313681994065e+02,-2.985662876565e+02,-2.585808172608e+02,1.000000000000e+00,2.301591891106
2370,17526,6418212890.625000,4.481140616365e+01,-4.481140616365e+01,4.611401720228e+01,-4.562933987349e+01,4.023958601566e+01,-3.966618759977e+01,1.000000000000e+00,2.279438358552
2371,17527,6418579101.562500,-4.481140616365e+01,3.136798431456e+02,-4.728728987295e+01,3.208577970714e+02,-8.950131003674e+01,3.087248886912e+02,1.000000000000e+00,2.257313556564
2372,17528,6418945312.500000,4.481140616365e+01,-1.344342184910e+02,4.635134621586e+01,-1.374160314126e+02,5.032547770357e+01,-1.296515265635e+02,1.000000000000e+00,2.235217420481
2373,17529,6419311523.437500,-1.344342184910e+02,-3.136798431456e+02,-1.372710809760e+02,-3.212198331333e+02,-1.091605049700e+02,-3.292223674003e+02,1.000000000000e+00,2.213149883731
2374,17530,6419677734.375000,3.136798431456e+02,-4.481140616365e+01,3.210670776834e+02,-4.645329704765e+01,3.092466348771e+02,-1.099654094628e+01,1.000000000000e+00,2.191110877879
2375,17531,6420043945.312500,-1.344342184910e+02,3.136798431456e+02,-1.361987238657e+02,3.218369495932e+02,-1.783033102090e+02,2.985157441790e+02,1.000000000000e+00,2.169100332664
2376,17532,6420410156.250000,4.481140616365e+01,4.481140616365e+01,4.620061173756e+01,4.557230723476e+01,3.044171196710e+01,4.861446095551e+01,1.000000000000e+00,2.147118176046
2377,17533,6420776367.187500,3.136798431456e+02,2.240570308183e+02,3.232952502098e+02,2.264921505944e+02,2.804589881320e+02,2.566999728496e+02,1.000000000000e+00,2.125164334246
2378,17534,6421142578.125000,4.481140616365e+01,-1.344342184910e+02,4.424773410059e+01,-1.381965091174e+02,4.960823738107e+01,-1.313751469405e+02,1.000000000000e+00,2.103238731792
2379,17535,6421508789.062500,1.344342184910e+02,-3.136798431456e+02,1.327141460156e+02,-3.232758953772e+02,1.578620011529e+02,-3.018598647223e+02,1.000000000000e+00,2.081341291555
2380,17536,6421875000.000000,3.136798431456e+02,4.481140616365e+01,3.220006174610e+02,3.983909755630e+01,3.001375790597e+02,7.511215285456e+01,1.000000000000e+00,2.059471934792
2381,17537,6422241210.937500,3.136798431456e+02,3.136798431456e+02,3.274519598550e+02,3.149406420503e+02,2.723090723176e+02,3.445754142617e+02,1.000000000000e+00,2.037630581188
2382,17538,6422607421.875000,2.240570308183e+02,2.240570308183e+02,2.337930992801e+02,2.252058711836e+02,1.912997580806e+02,2.458727688385e+02,1.000000000000e+00,2.015817148896
2383,17539,6422973632.812500,1.344342184910e+02,-4.481140616365e+01,1.369199295938e+02,-4.838583542802e+01,1.302064757211e+02,-3.286593420238e+01,1.000000000000e+00,1.994031554576
2384,17540,6423339843.750000,1.344342184910e+02,-4.481140616365e+01,1.368525901099e+02,-4.859835678637e+01,1.302745932841e+02,-3.304470774553e+01,1.000000000000e+00,1.972273713433
2385,17541,6423706054.687500,-1.344342184910e+02,2.240570308183e+02,-1.328817623137e+02,2.324960656069e+02,-1.683403397328e+02,2.068421045654e+02,1.000000000000e+00,1.950543539258
2386,17542,6424072265.625000,-1.344342184910e+02,4.481140616365e+01,-1.366561784171e+02,4.914808699662e+01,-1.487253996924e+02,2.711216983942e+01,1.000000000000e+00,1.928840944466
2387,17543,6424438476.562500,4.481140616365e+01,-4.481140616365e+01,4.459771226079e+01,-4.718826599328e+01,4.052910003346e+01,-4.357748230903e+01,1.000000000000e+00,1.907165840132
2388,17544,6424804687.500000,1.344342184910e+02,-1.344342184910e+02,1.330850464337e+02,-1.421546012051e+02,1.394773362092e+02,-1.245079266047e+02,1.000000000000e+00,1.885518136031
2389,17545,6425170898.437500,-3.136798431456e+02,4.481140616365e+01,-3.193237980982e+02,5.756427813869e+01,-3.277484230703e+02,9.379905922324e+00,1.000000000000e+00,1.863897740673
2390,17546,6425537109.375000,4.481140616365e+01,3.136798431456e+02,5.823602073566e+01,3.191391212771e+02,4.398036245903e+00,3.147172679866e+02,1.000000000000e+00,1.842304561341
2391,17547,6425903320.312500,1.344342184910e+02,-3.136798431456e+02,1.244189822834e+02,-3.264246902458e+02,1.574333026611e+02,-3.048577595038e+02,1.000000000000e+00,1.820738504125
2392,17548,6426269531.250000,4.481140616365e+01,2.240570308183e+02,5.538402388292e+01,2.272106324407e+02,1.341763428819e+01,2.244903839576e+02,1.000000000000e+00,1.799199473960
2393,17549,6426635742.187500,-4.481140616365e+01,4.481140616365e+01,-4.388291558105e+01,4.775608472031e+01,-5.806142957757e+01,3.562438664388e+01,1.000000000000e+00,1.777687374658
2394,17550,6427001953.125000,1.344342184910e+02,-3.136798431456e+02,1.237118957014e+02,-3.265877435109e+02,1.588794059135e+02,-3.046977011253e+02,1.000000000000e+00,1.756202108946
2395,17551,6427368164.062500,-2.240570308183e+02,1.344342184910e+02,-2.230099218451e+02,1.479049032837e+02,-2.468281154346e+02,1.062809518566e+02,1.000000000000e+00,1.734743578498
2396,17552,6427734375.000000,3.136798431456e+02,3.136798431456e+02,3.364358216933e+02,3.058431964356e+02,2.735528902977e+02,3.419308578225e+02,1.000000000000e+00,1.713311683967
2397,17553,6428100585.937500,2.240570308183e+02,4.481140616365e+01,2.317544690795e+02,3.432869756500e+01,2.119428421591e+02,6.276064572023e+01,1.000000000000e+00,1.691906325023
2398,17554,6428466796.875000,4.481140616365e+01,-2.240570308183e+02,3.345979962719e+01,-2.317194726042e+02,5.974838222141e+01,-2.255938700486e+02,1.000000000000e+00,1.670527400379
2399,17555,6428833007.812500,-4.481140616365e+01,2.240570308183e+02,-3.259159815661e+01,2.316811059851e+02,-7.527762643068e+01,2.142349875818e+02,1.000000000000e+00,1.649174807830
2400,17556,6429199218.750000,3.136798431456e+02,3.136798431456e+02,3.400635237577e+02,3.012063870653e+02,2.752900951292e+02,3.396868645036e+02,1.000000000000e+00,1.627848444279
2401,17557,6429565429.687500,-4.481140616365e+01,-4.481140616365e+01,-4.871487870693e+01,-4.295429810022e+01,-4.808558190200e+01,-5.551023354272e+01,1.000000000000e+00,1.606548205771
2402,17558,6429931640.625000,3.136798431456e+02,3.136798431456e+02,3.419439636066e+02,3.001509420774e+02,2.760106131557e+02,3.398808861804e+02,1.000000000000e+00,1.585273987523
2403,17559,6430297851.562500,-3.136798431456e+02,3.136798431456e+02,-2.996616462809e+02,3.420540511601e+02,-3.536734798537e+02,2.764445597220e+02,1.000000000000e+00,1.564025683954
2404,17560,6430664062.500000,4.481140616365e+01,4.481140616365e+01,4.885331624381e+01,4.274028075392e+01,3.311477811018e+01,4.289502488760e+01,1.000000000000e+00,1.542803188715
2405,17561,6431030273.437500,1.344342184910e+02,3.136798431456e+02,1.589218299753e+02,3.110485463829e+02,9.488458782816e+01,3.212489038040e+02,1.000000000000e+00,1.521606394717
2406,17562,6431396484.375000,-3.136798431456e+02,3.136798431456e+02,-2.979617944519e+02,3.427502624118e+02,-3.536536049865e+02,2.744932149486e+02,1.000000000000e+00,1.500435194163
2407,17563,6431762695.312500,3.136798431456e+02,-1.344342184910e+02,3.104664063629e+02,-1.604569505275e+02,3.214860421543e+02,-1.090299811560e+02,1.000000000000e+00,1.479289478571
2408,17564,6432128906.250000,-3.136798431456e+02,-1.344342184910e+02,-3.307418023600e+02,-1.132220898830e+02,-3.068932521202e+02,-1.744757296392e+02,1.000000000000e+00,1.458169138808
2409,17565,6432495117.187500,3.136798431456e+02,-1.344342184910e+02,3.095430126780e+02,-1.627372758028e+02,3.218191120192e+02,-1.101090515138e+02,1.000000000000e+00,1.437074065111
2410,17566,6432861328.125000,-3.136798431456e+02,-2.240570308183e+02,-3.395316412409e+02,-2.021693730746e+02,-2.983009719577e+02,-2.638116080294e+02,1.000000000000e+00,1.416004147118
2411,17567,6433227539.062500,-4.481140616365e+01,1.344342184910e+02,-3.389376211824e+01,1.412988549193e+02,-6.442916584519e+01,1.227465920994e+02,1.000000000000e+00,1.394959273893
2412,17568,6433593750.000000,1.344342184910e+02,-2.240570308183e+02,1.169379126747e+02,-2.411392191045e+02,1.514613723882e+02,-2.192390560818e+02,1.000000000000e+00,1.373939333953
2413,17569,6433959960.937500,2.240570308183e+02,4.481140616365e+01,2.330989395872e+02,2.478630566068e+01,2.147838819941e+02,5.943973307062e+01,1.000000000000e+00,1.352944215291
2414,17570,6434326171.875000,4.481140616365e+01,-2.240570308183e+02,2.432806694357e+01,-2.330469770053e+02,6.200119016367e+01,-2.283695057327e+02,1.000000000000e+00,1.331973805402
2415,17571,6434692382.812500,3.136798431456e+02,-1.344342184910e+02,3.069478615958e+02,-1.677321450349e+02,3.228733122294e+02,-1.112488419944e+02,1.000000000000e+00,1.311027991310
2416,17572,6435058593.750000,-2.240570308183e+02,-4.481140616365e+01,-2.329291535606e+02,-2.334184801380e+01,-2.251357889573e+02,-7.594381814915e+01,1.000000000000e+00,1.290106659589
2417,17573,6435424804.687500,-3.136798431456e+02,-1.344342184910e+02,-3.337560764368e+02,-1.042288596961e+02,-3.060330521996e+02,-1.743718793959e+02,1.000000000000e+00,1.269209696385
2418,17574,6435791015.625000,-1.344342184910e+02,-1.344342184910e+02,-1.516468908186e+02,-1.222606078002e+02,-1.264282162712e+02,-1.564208849221e+02,1.000000000000e+00,1.248336987446
2419,17575,6436157226.562500,-4.481140616365e+01,3.136798431456e+02,-1.027200056061e+01,3.245008716543e+02,-7.977192190947e+01,3.016456984266e+02,1.000000000000e+00,1.227488418138
2420,17576,6436523437.500000,-4.481140616365e+01,-4.481140616365e+01,-5.075468115956e+01,-4.050059764493e+01,-4.485851427613e+01,-5.803452555347e+01,1.000000000000e+00,1.206663873469
2421,17577,6436889648.437500,-1.344342184910e+02,-4.481140616365e+01,-1.420608345402e+02,-3.001317523657e+01,-1.344674728108e+02,-6.702876953220e+01,1.000000000000e+00,1.185863238113
2422,17578,6437255859.375000,-3.136798431456e+02,4.481140616365e+01,-3.139799058993e+02,8.258015273433e+01,-3.228541009950e+02,4.716841413122e+00,1.000000000000e+00,1.165086396429
2423,17579,6437622070.312500,-2.240570308183e+02,-1.344342184910e+02,-2.440726901955e+02,-1.099752510719e+02,-2.147289255529e+02,-1.663293578835e+02,1.000000000000e+00,1.144333232484
2424,17580,6437988281.250000,3.136798431456e+02,4.481140616365e+01,3.245359894620e+02,7.474165773746e+00,3.063708274766e+02,6.779000634874e+01,1.000000000000e+00,1.123603630071
2425,17581,6438354492.187500,3.136798431456e+02,2.240570308183e+02,3.467294868002e+02,1.893774904607e+02,2.881056885183e+02,2.478673694679e+02,1.000000000000e+00,1.102897472732
2426,17582,6438720703.125000,3.136798431456e+02,2.240570308183e+02,3.471481017088e+02,1.889482963129e+02,2.880854240208e+02,2.483081254293e+02,1.000000000000e+00,1.082214643776
2427,17583,6439086914.062500,-3.136798431456e+02,3.136798431456e+02,-2.795241064355e+02,3.589735744868e+02,-3.505434450817e+02,2.722583022769e+02,1.000000000000e+00,1.061555026297
2428,17584,6439453125.000000,-1.344342184910e+02,4.481140616365e+01,-1.308990975600e+02,6.311020576061e+01,-1.421246150312e+02,2.155123593661e+01,1.000000000000e+00,1.040918503197
2429,17585,6439819335.937500,2.240570308183e+02,-2.240570308183e+02,1.977132691970e+02,-2.578254896501e+02,2.456240519189e+02,-2.108083907490e+02,1.000000000000e+00,1.020304957201
2430,17586,6440185546.875000,1.344342184910e+02,2.240570308183e+02,1.674218362345e+02,2.091438805432e+02,1.095052451900e+02,2.291969972301e+02,1.000000000000e+00,0.999714270877
2431,17587,6440551757.812500,1.344342184910e+02,4.481140616365e+01,1.428290386898e+02,2.657370165025e+01,1.282650079283e+02,4.935563474041e+01,1.000000000000e+00,0.979146326652
2432,17588,6440917968.750000,4.481140616365e+01,-1.344342184910e+02,2.611917444508e+01,-1.429026570468e+02,5.707408246640e+01,-1.396896610316e+02,1.000000000000e+00,0.958601006830
2433,17589,6441284179.687500,-4.481140616365e+01,1.344342184910e+02,-2.550383877266e+01,1.430433956759e+02,-6.010418372746e+01,1.207838521281e+02,1.000000000000e+00,0.938078193612
2434,17590,6441650390.625000,2.240570308183e+02,2.240570308183e+02,2.615606815143e+02,1.928835484795e+02,2.011937291124e+02,2.377349416372e+02,1.000000000000e+00,0.917577769108
2435,17591,6442016601.562500,3.136798431456e+02,-4.481140616365e+01,3.108865984014e+02,-9.496040286449e+01,3.183158979152e+02,-2.364451996208e+01,1.000000000000e+00,0.897099615354
2436,17592,6442382812.500000,-1.344342184910e+02,3.136798431456e+02,-8.594527014294e+01,3.391642296797e+02,-1.668559049597e+02,2.917690671529e+02,1.000000000000e+00,0.876643614332
2437,17593,6442749023.437500,-2.240570308183e+02,3.136798431456e+02,-1.758272297885e+02,3.536602561596e+02,-2.566546001745e+02,2.824298176841e+02,1.000000000000e+00,0.856209647980
2438,17594,6443115234.375000,4.481140616365e+01,2.240570308183e+02,8.206897715628e+01,2.191857364702e+02,2.184583319570e+01,2.194960826712e+02,1.000000000000e+00,0.835797598213
2439,17595,6443481445.312500,1.344342184910e+02,-2.240570308183e+02,9.880310918037e+01,-2.488880577755e+02,1.576981838005e+02,-2.203708120965e+02,1.000000000000e+00,0.815407346930
2440,17596,6443847656.250000,1.344342184910e+02,3.136798431456e+02,1.885575741829e+02,2.947847369151e+02,1.021541409829e+02,3.190579359290e+02,1.000000000000e+00,0.795038776037
2441,17597,6444213867.187500,-3.136798431456e+02,-2.240570308183e+02,-3.556203203679e+02,-1.729142707330e+02,-2.910672550318e+02,-2.670410332550e+02,1.000000000000e+00,0.774691767456
2442,17598,6444580078.125000,1.344342184910e+02,-2.240570308183e+02,9.643888421024e+01,-2.501889010607e+02,1.584867398528e+02,-2.206722020121e+02,1.000000000000e+00,0.754366203139
2443,17599,6444946289.062500,-4.481140616365e+01,4.481140616365e+01,-3.716440034538e+01,5.339425557044e+01,-4.876156692206e+01,3.097359887082e+01,1.000000000000e+00,0.734061965082
2444,17600,6445312500.000000,2.240570308183e+02,4.481140616365e+01,2.345208370212e+02,4.313841694010e+00,2.214090091517e+02,5.850793034108e+01,1.000000000000e+00,0.713778935342
2445,17601,6445678710.937500,1.344342184910e+02,3.136798431456e+02,1.934492067423e+02,2.920585900901e+02,1.033379366100e+02,3.195644885058e+02,1.000000000000e+00,0.693516996041
2446,17602,6446044921.875000,-1.344342184910e+02,2.240570308183e+02,-9.420065924789e+01,2.510860237425e+02,-1.573708811297e+02,2.011354502092e+02,1.000000000000e+00,0.673276029389
2447,17603,6446411132.812500,4.481140616365e+01,-4.481140616365e+01,3.673478011375e+01,-5.360793357513e+01,5.137748870064e+01,-4.950276026483e+01,1.000000000000e+00,0.653055917687
2448,17604,6446777343.750000,-2.240570308183e+02,-3.136798431456e+02,-2.855287108608e+02,-2.728862681952e+02,-1.890962343888e+02,-3.474905892648e+02,1.000000000000e+00,0.632856543345
2449,17605,6447143554.687500,-3.136798431456e+02,3.136798431456e+02,-2.545520630530e+02,3.763758519956e+02,-3.456675329231e+02,2.713047767368e+02,1.000000000000e+00,0.612677788891
2450,17606,6447509765.625000,-4.481140616365e+01,-1.344342184910e+02,-7.154503577366e+01,-1.263730068550e+02,-2.807710476485e+01,-1.487062502393e+02,1.000000000000e+00,0.592519536981
2451,17607,6447875976.562500,3.136798431456e+02,-3.136798431456e+02,2.528076648102e+02,-3.781185456565e+02,3.510581473138e+02,-2.894383686492e+02,1.000000000000e+00,0.572381670416
2452,17608,6448242187.500000,3.136798431456e+02,4.481140616365e+01,3.244448279582e+02,-1.851765115337e+01,3.123361343245e+02,7.018139095760e+01,1.000000000000e+00,0.552264072142
2453,17609,6448608398.437500,4.481140616365e+01,-3.136798431456e+02,-1.947455601176e+01,-3.244270740520e+02,8.232086469286e+01,-3.185419654485e+02,1.000000000000e+00,0.532166625273
2454,17610,6448974609.375000,1.344342184910e+02,-3.136798431456e+02,6.958499564930e+01,-3.431033538653e+02,1.725612989397e+02,-3.085663100420e+02,1.000000000000e+00,0.512089213091
2455,17611,6449340820.312500,3.136798431456e+02,3.136798431456e+02,3.811486635655e+02,2.485395863027e+02,2.830214200003e+02,3.405234582745e+02,1.000000000000e+00,0.492031719060
2456,17612,6449707031.250000,2.240570308183e+02,-1.344342184910e+02,1.959469322587e+02,-1.828126001814e+02,2.431698755824e+02,-1.183935578248e+02,1.000000000000e+00,0.471994026837
