{
  "combo": {
    "tap_num": 80,
    "regularization": 0.0003,
    "coeff_total_bits": 16,
    "coeff_frac_bits": 14,
    "format": "Q2.14"
  },
  "source_run_dir": "D:\\桌面\\Rigol\\L1-08_sim\\data\\h1_full_combined_random_20260528_023037",
  "source_graph_dir": "D:\\桌面\\Rigol\\L1-08_sim\\results\\h1_full_combined_random_20260528_023037",
  "copied_data_dir": "D:\\桌面\\Rigol\\sweep_result\\h1_1366789340_behavior_1224877734_qam_1756070480\\tap080_reg3em04_q2_14\\data",
  "copied_graph_dir": "D:\\桌面\\Rigol\\sweep_result\\h1_1366789340_behavior_1224877734_qam_1756070480\\tap080_reg3em04_q2_14\\graph",
  "metrics": {
    "run_name": "h1_full_combined_random_20260528_023037",
    "h1_ripple_db": 0.6345468328855539,
    "float_dense_ripple_db": 0.08107452002355567,
    "float_dense_pass_0p1db": true,
    "max_abs_coeff": 0.17874570582565416,
    "fixed_saturation_count": 0,
    "fixed_dense_ripple_db": 0.07959655391239465,
    "fixed_dense_pass_0p1db": true,
    "behavior_float_ripple_db": 0.06056398593928629,
    "behavior_fixed_ripple_db": 0.059084029364131846,
    "behavior_fixed_pass_0p1db": true,
    "qam_float_magnitude_only_evm_percent": 0.1310234397284577,
    "qam_fixed_magnitude_only_evm_percent": 0.13201947176711937
  }
}
