{
  "combo": {
    "tap_num": 64,
    "regularization": 0.0003,
    "coeff_total_bits": 16,
    "coeff_frac_bits": 13,
    "format": "Q3.13"
  },
  "source_run_dir": "D:\\桌面\\Rigol\\L1-08_sim\\data\\h1_full_combined_random_20260528_022841",
  "source_graph_dir": "D:\\桌面\\Rigol\\L1-08_sim\\results\\h1_full_combined_random_20260528_022841",
  "copied_data_dir": "D:\\桌面\\Rigol\\sweep_result\\h1_1366789340_behavior_1224877734_qam_1756070480\\tap064_reg3em04_q3_13\\data",
  "copied_graph_dir": "D:\\桌面\\Rigol\\sweep_result\\h1_1366789340_behavior_1224877734_qam_1756070480\\tap064_reg3em04_q3_13\\graph",
  "metrics": {
    "run_name": "h1_full_combined_random_20260528_022841",
    "h1_ripple_db": 0.6345468328855539,
    "float_dense_ripple_db": 0.09881445551755391,
    "float_dense_pass_0p1db": true,
    "max_abs_coeff": 0.2854372505252868,
    "fixed_saturation_count": 0,
    "fixed_dense_ripple_db": 0.09709234663798474,
    "fixed_dense_pass_0p1db": true,
    "behavior_float_ripple_db": 0.07953886854941061,
    "behavior_fixed_ripple_db": 0.07774068985087104,
    "behavior_fixed_pass_0p1db": true,
    "qam_float_magnitude_only_evm_percent": 0.16130885580928067,
    "qam_fixed_magnitude_only_evm_percent": 0.16301807366233248
  }
}
