{
  "combo": {
    "tap_num": 64,
    "regularization": 0.0003,
    "coeff_total_bits": 16,
    "coeff_frac_bits": 14,
    "format": "Q2.14"
  },
  "source_run_dir": "D:\\桌面\\Rigol\\L1-08_sim\\data\\h1_full_combined_random_20260528_023448",
  "source_graph_dir": "D:\\桌面\\Rigol\\L1-08_sim\\results\\h1_full_combined_random_20260528_023448",
  "copied_data_dir": "D:\\桌面\\Rigol\\sweep_result\\h1_533121161_behavior_1688039438_qam_254967343\\tap064_reg3em04_q2_14\\data",
  "copied_graph_dir": "D:\\桌面\\Rigol\\sweep_result\\h1_533121161_behavior_1688039438_qam_254967343\\tap064_reg3em04_q2_14\\graph",
  "metrics": {
    "run_name": "h1_full_combined_random_20260528_023448",
    "h1_ripple_db": 0.44592536838376234,
    "float_dense_ripple_db": 0.13163436053870348,
    "float_dense_pass_0p1db": false,
    "max_abs_coeff": 1.1879409065861994,
    "fixed_saturation_count": 0,
    "fixed_dense_ripple_db": 0.13276193001456854,
    "fixed_dense_pass_0p1db": false,
    "behavior_float_ripple_db": 0.1131483230866091,
    "behavior_fixed_ripple_db": 0.11431709862546616,
    "behavior_fixed_pass_0p1db": false,
    "qam_float_magnitude_only_evm_percent": 0.3858239192868623,
    "qam_fixed_magnitude_only_evm_percent": 0.38616449939646114
  }
}
