freq_hz,float_abs,fixed_abs,fixed_abs_error_db,float_phase_rad,fixed_phase_rad,phase_error_rad,original_group_delay_ns,float_allpass_group_delay_ns,fixed_allpass_group_delay_ns,float_compensated_group_delay_ns,fixed_compensated_group_delay_ns
5500000000.000000,1.000000000000e+00,1.000000000000e+00,-3.760877119558e-14,-1.701332843580,-1.702410994527,-1.078150946760e-03,2.494355530,10.493044042,10.492633676,12.987399572,12.986989206
5501000000.000000,1.000000000000e+00,1.000000000000e+00,-6.460994025907e-14,-1.767262583732,-1.768338156274,-1.075572541703e-03,2.347077910,10.506244019,10.505811869,12.853321929,12.852889779
5502000000.000000,1.000000000000e+00,1.000000000000e+00,3.085847892971e-14,-1.833358199686,-1.834430920077,-1.072720391606e-03,2.633873398,10.532151611,10.531675809,13.166025009,13.165549207
5503000000.000000,1.000000000000e+00,1.000000000000e+00,-8.196783465703e-14,-1.899613504248,-1.900683097686,-1.069593437225e-03,2.708027174,10.557056523,10.556536941,13.265083697,13.264564115
5504000000.000000,1.000000000000e+00,1.000000000000e+00,-8.678947198980e-15,-1.966022084555,-1.967088275684,-1.066191129412e-03,3.031211946,10.580923508,10.580360100,13.612135454,13.611572046
5505000000.000000,1.000000000000e+00,1.000000000000e+00,-8.100350719048e-14,-2.032577310486,-2.033639823930,-1.062513443826e-03,2.930086111,10.603718731,10.603111536,13.533804842,13.533197647
5506000000.000000,1.000000000000e+00,1.000000000000e+00,-6.075263039286e-14,-2.099272344022,-2.100330904916,-1.058560893592e-03,3.303566461,10.625409923,10.624759067,13.928976384,13.928325528
5507000000.000000,1.000000000000e+00,1.000000000000e+00,6.171695785941e-14,-2.166100149512,-2.167154484052,-1.054334539624e-03,3.170010432,10.645966518,10.645272213,13.815976950,13.815282645
5508000000.000000,1.000000000000e+00,1.000000000000e+00,1.851508735782e-13,-2.233053504835,-2.234103340833,-1.049835998495e-03,1.769935973,10.665359794,10.664622342,12.435295767,12.434558315
5509000000.000000,1.000000000000e+00,1.000000000000e+00,4.628771839456e-14,-2.300125013420,-2.301170080867,-1.045067447746e-03,2.329585768,10.683563009,10.682782802,13.013148777,13.012368570
5510000000.000000,1.000000000000e+00,1.000000000000e+00,-3.760877119558e-14,-2.367307117084,-2.368347148713,-1.040031628491e-03,3.280447143,10.700551524,10.699729043,13.980998667,13.980176186
5511000000.000000,1.000000000000e+00,1.000000000000e+00,-6.846725012528e-14,-2.434592109650,-2.435626841496,-1.034731845290e-03,3.092824708,10.716302927,10.715438742,13.809127635,13.808263450
5512000000.000000,1.000000000000e+00,1.000000000000e+00,1.716502890465e-13,-2.501972151277,-2.503001323241,-1.029171963165e-03,2.790896993,10.730797137,10.729891908,13.521694130,13.520788901
5513000000.000000,1.000000000000e+00,1.000000000000e+00,-1.186122783861e-13,-2.569439283462,-2.570462639863,-1.023356401748e-03,2.390239939,10.744016510,10.743070984,13.134256449,13.133310923
5514000000.000000,1.000000000000e+00,1.000000000000e+00,-8.003917972392e-14,-2.636985444633,-2.638002734760,-1.017290126531e-03,2.176432881,10.755945926,10.754960935,12.932378807,12.931393816
5515000000.000000,1.000000000000e+00,1.000000000000e+00,0.000000000000e+00,-2.704602486282,-2.705613464919,-1.010978637299e-03,2.859837121,10.766572868,10.765549329,13.626409989,13.625386450
5516000000.000000,1.000000000000e+00,1.000000000000e+00,-4.435906346145e-14,-2.772282189538,-2.773286617491,-1.004427953677e-03,2.800002200,10.775887486,10.774826397,13.575889686,13.574828597
5517000000.000000,1.000000000000e+00,1.000000000000e+00,-1.417561375833e-13,-2.840016282130,-2.841013926728,-9.976445979580e-04,2.499003557,10.783882654,10.782785092,13.282886211,13.281788649
5518000000.000000,1.000000000000e+00,1.000000000000e+00,-1.166836234529e-13,-2.907796455636,-2.908787091211,-9.906355752500e-04,2.350314804,10.790554009,10.789421125,13.140868813,13.139735929
5519000000.000000,1.000000000000e+00,1.000000000000e+00,9.836140158843e-14,-2.975614382943,-2.976597791294,-9.834083511020e-04,2.467515299,10.795899974,10.794732991,13.263415273,13.262248290
5520000000.000000,1.000000000000e+00,1.000000000000e+00,8.871812692290e-14,-3.043461735830,-3.044437706657,-9.759708267190e-04,2.959398061,10.799921776,10.798721984,13.759319837,13.758120045
5521000000.000000,1.000000000000e+00,1.000000000000e+00,2.121520426417e-14,-3.111330202591,-3.112298533903,-9.683313119515e-04,2.837656984,10.802623441,10.801392192,13.640280425,13.639049176
5522000000.000000,1.000000000000e+00,1.000000000000e+00,-4.725204586111e-14,-3.179211505595,-3.180172004091,-9.604984962617e-04,2.512898157,10.804011778,10.802750483,13.316909935,13.315648640
5523000000.000000,1.000000000000e+00,1.000000000000e+00,7.714619732426e-14,-3.247097418711,-3.248049900129,-9.524814178641e-04,2.351263005,10.804096352,10.802806476,13.155359357,13.154069481
5524000000.000000,1.000000000000e+00,1.000000000000e+00,5.207368319388e-14,-3.314979784513,-3.315924073944,-9.442894312599e-04,2.485767834,10.802889443,10.801572496,13.288657277,13.287340330
5525000000.000000,1.000000000000e+00,1.000000000000e+00,1.832222186451e-13,-3.382850531158,-3.383786463331,-9.359321733999e-04,2.847087681,10.800405984,10.799063519,13.647493665,13.646151200
5526000000.000000,1.000000000000e+00,1.000000000000e+00,3.278713386281e-14,-3.450701688888,-3.451629108416,-9.274195287459e-04,2.462930670,10.796663496,10.795297105,13.259594166,13.258227775
5527000000.000000,1.000000000000e+00,1.000000000000e+00,2.892982399660e-14,-3.518525406051,-3.519444167644,-9.187615934758e-04,2.252559008,10.791682011,10.790293313,13.044241019,13.042852321
5528000000.000000,1.000000000000e+00,1.000000000000e+00,5.785964799320e-15,-3.586313964586,-3.587223933225,-9.099686390872e-04,3.124478632,10.785483972,10.784074613,13.909962604,13.908553245
5529000000.000000,1.000000000000e+00,1.000000000000e+00,1.735789439796e-14,-3.654059794893,-3.654960845969,-9.010510756391e-04,2.540885151,10.778094137,10.776665783,13.318979288,13.317550934
5530000000.000000,1.000000000000e+00,1.000000000000e+00,9.257543678912e-14,-3.721755490030,-3.722647509445,-8.920194149939e-04,2.097959437,10.769539467,10.768093795,12.867498904,12.866053232
5531000000.000000,1.000000000000e+00,1.000000000000e+00,1.581497045147e-13,-3.789393819177,-3.790276703412,-8.828842341111e-04,2.970599957,10.759849000,10.758387697,13.730448957,13.728987654
5532000000.000000,1.000000000000e+00,1.000000000000e+00,-3.664444372902e-14,-3.856967740322,-3.857841396461,-8.736561388885e-04,2.514397892,10.749053731,10.747578483,13.263451623,13.261976375
5533000000.000000,1.000000000000e+00,1.000000000000e+00,-1.436847925164e-13,-3.924470412113,-3.925334757842,-8.643457285635e-04,2.352115288,10.737186470,10.735698962,13.089301758,13.087814250
5534000000.000000,1.000000000000e+00,1.000000000000e+00,2.160093525079e-13,-3.991895204859,-3.992750168420,-8.549635610517e-04,2.355511902,10.724281707,10.722783613,13.079793609,13.078295515
5535000000.000000,1.000000000000e+00,1.000000000000e+00,-9.836140158844e-14,-4.059235710620,-4.060081230739,-8.455201193618e-04,2.533854068,10.710375467,10.708868446,13.244229535,13.242722514
5536000000.000000,1.000000000000e+00,1.000000000000e+00,4.050175359524e-14,-4.126485752395,-4.127321778174,-8.360257792468e-04,3.006369228,10.695505160,10.693990853,13.701874388,13.700360081
5537000000.000000,1.000000000000e+00,1.000000000000e+00,5.785964799320e-14,-4.193639392367,-4.194465883145,-8.264907783389e-04,2.793125560,10.679709435,10.678189458,13.472834995,13.471315018
5538000000.000000,1.000000000000e+00,1.000000000000e+00,-7.521754239116e-14,-4.260690939205,-4.261507864392,-8.169251868946e-04,2.537070239,10.663028027,10.661503967,13.200098266,13.198574206
5539000000.000000,1.000000000000e+00,1.000000000000e+00,-4.628771839456e-14,-4.327634954423,-4.328442293303,-8.073388802226e-04,2.389305576,10.645501608,10.643975020,13.034807184,13.033280596
5540000000.000000,1.000000000000e+00,1.000000000000e+00,-2.603684159694e-14,-4.394466257786,-4.395263999299,-7.977415129963e-04,2.842389132,10.627171637,10.625644037,13.469560769,13.468033169
5541000000.000000,1.000000000000e+00,1.000000000000e+00,7.714619732426e-14,-4.461179931794,-4.461968074289,-7.881424954759e-04,2.758528068,10.608080212,10.606553077,13.366608280,13.365081145
5542000000.000000,1.000000000000e+00,1.000000000000e+00,6.364561279252e-14,-4.527771325231,-4.528549876203,-7.785509717309e-04,2.525279153,10.588269924,10.586744687,13.113549077,13.112023840
5543000000.000000,1.000000000000e+00,1.000000000000e+00,9.643274665533e-15,-4.594236055830,-4.595005031630,-7.689757999287e-04,2.980611643,10.567783721,10.566261767,13.548395364,13.546873410
5544000000.000000,1.000000000000e+00,1.000000000000e+00,7.136023252494e-14,-4.660570012047,-4.661329437581,-7.594255346657e-04,2.727318280,10.546664764,10.545147430,13.273983044,13.272465710
5545000000.000000,1.000000000000e+00,1.000000000000e+00,3.085847892971e-14,-4.726769354003,-4.727519262415,-7.499084114091e-04,3.047061797,10.524956300,10.523444869,13.572018097,13.570506666
5546000000.000000,1.000000000000e+00,1.000000000000e+00,-1.755075989127e-13,-4.792830513608,-4.793570945941,-7.404323330134e-04,3.006027783,10.502701532,10.501197235,13.508729315,13.507225018
5547000000.000000,1.000000000000e+00,1.000000000000e+00,-7.039590505839e-14,-4.858750193906,-4.859481198764,-7.310048582756e-04,2.792276309,10.479943503,10.478447515,13.272219812,13.270723824
5548000000.000000,1.000000000000e+00,1.000000000000e+00,-1.475421023827e-13,-4.924525367690,-4.925247000883,-7.216331925042e-04,2.971947282,10.456724980,10.455238419,13.428672262,13.427185701
5549000000.000000,1.000000000000e+00,1.000000000000e+00,9.257543678912e-14,-4.990153275421,-4.990865599601,-7.123241800606e-04,2.848706998,10.433088345,10.431612271,13.281795343,13.280319269
5550000000.000000,1.000000000000e+00,1.000000000000e+00,0.000000000000e+00,-5.055631422491,-5.056334506790,-7.030842987588e-04,2.792626525,10.409075499,10.407610913,13.201702024,13.200237438
5551000000.000000,1.000000000000e+00,1.000000000000e+00,2.314385919728e-14,-5.120957575891,-5.121651495547,-6.939196561015e-04,3.023600187,10.384727764,10.383275610,13.408327951,13.406875797
5552000000.000000,1.000000000000e+00,1.000000000000e+00,-6.364561279252e-14,-5.186129760307,-5.186814596294,-6.848359872240e-04,2.976406573,10.360085805,10.358646965,13.336492378,13.335053538
5553000000.000000,1.000000000000e+00,1.000000000000e+00,-7.425321492460e-14,-5.251146253717,-5.251822092371,-6.758386544989e-04,2.602567247,10.335189546,10.333764843,12.937756793,12.936332090
5554000000.000000,1.000000000000e+00,1.000000000000e+00,-7.328888745805e-14,-5.316005582510,-5.316672515158,-6.669326486097e-04,3.346035091,10.310078101,10.308668301,13.656113192,13.654703392
5555000000.000000,1.000000000000e+00,1.000000000000e+00,6.364561279252e-14,-5.380706516194,-5.381364638785,-6.581225911200e-04,3.541039204,10.284789712,10.283395522,13.825828916,13.824434726
5556000000.000000,1.000000000000e+00,1.000000000000e+00,-7.425321492460e-14,-5.445248061727,-5.445897474465,-6.494127383032e-04,2.838062963,10.259361695,10.257983763,13.097424658,13.096046726
5557000000.000000,1.000000000000e+00,1.000000000000e+00,1.542923946485e-14,-5.509629457522,-5.510270264508,-6.408069862109e-04,2.762427054,10.233830386,10.232469304,12.996257440,12.994896358
5558000000.000000,1.000000000000e+00,1.000000000000e+00,-4.243040852834e-14,-5.573850167165,-5.574482476042,-6.323088768241e-04,3.327131911,10.208231104,10.206887408,13.535363015,13.534019319
5559000000.000000,1.000000000000e+00,1.000000000000e+00,-2.025087679762e-14,-5.637909872896,-5.638533794501,-6.239216051949e-04,3.096452229,10.182598114,10.181272286,13.279050343,13.277724515
5560000000.000000,1.000000000000e+00,1.000000000000e+00,3.857309866213e-14,-5.701808468887,-5.702424116914,-6.156480274511e-04,3.492318191,10.156964598,10.155657066,13.649282789,13.647975257
5561000000.000000,1.000000000000e+00,1.000000000000e+00,-7.714619732426e-15,-5.765546054355,-5.766153545025,-6.074906695854e-04,3.541284675,10.131362633,10.130073773,13.672647308,13.671358448
5562000000.000000,1.000000000000e+00,1.000000000000e+00,-3.375146132937e-14,-5.829122926563,-5.829722378300,-5.994517369041e-04,2.799043950,10.105823174,10.104553312,12.904867124,12.903597262
5563000000.000000,1.000000000000e+00,1.000000000000e+00,-7.618186985771e-14,-5.892539573718,-5.893131106842,-5.915331240436e-04,3.864773596,10.080376041,10.079125456,13.945149637,13.943899052
5564000000.000000,1.000000000000e+00,1.000000000000e+00,-8.486081705669e-14,-5.955796667823,-5.956380404248,-5.837364254564e-04,3.471820704,10.055049916,10.053818838,13.526870620,13.525639542
5565000000.000000,1.000000000000e+00,1.000000000000e+00,6.171695785941e-14,-6.018895057503,-6.019471120449,-5.760629462692e-04,2.385057576,10.029872338,10.028660953,12.414929914,12.413718529
5566000000.000000,1.000000000000e+00,1.000000000000e+00,2.892982399660e-14,-6.081835760835,-6.082404274548,-5.685137134481e-04,3.880967389,10.004869709,10.003678159,13.885837098,13.884645548
5567000000.000000,1.000000000000e+00,1.000000000000e+00,7.714619732426e-15,-6.144619958210,-6.145181047697,-5.610894871761e-04,3.869698606,9.980067297,9.978895683,13.849765903,13.848594289
5568000000.000000,1.000000000000e+00,1.000000000000e+00,-6.171695785941e-14,-6.207248985251,-6.207802776023,-5.537907723490e-04,3.206413736,9.955489253,9.954337635,13.161902989,13.160751371
5569000000.000000,1.000000000000e+00,1.000000000000e+00,6.557426772562e-14,-6.269724325806,-6.270270943636,-5.466178301647e-04,3.504925689,9.931158616,9.930027018,13.436084305,13.434952707
5570000000.000000,1.000000000000e+00,1.000000000000e+00,-6.557426772562e-14,-6.332047605048,-6.332587175738,-5.395706897131e-04,3.417625224,9.907097339,9.905985748,13.324722563,13.323610972
5571000000.000000,1.000000000000e+00,1.000000000000e+00,1.272912255850e-13,-6.394220582683,-6.394753231843,-5.326491594939e-04,3.882759494,9.883326305,9.882234673,13.766085799,13.764994167
5572000000.000000,1.000000000000e+00,1.000000000000e+00,6.171695785941e-14,-6.456245146295,-6.456770999134,-5.258528388579e-04,4.159468146,9.859865347,9.858793595,14.019333493,14.018261741
5573000000.000000,1.000000000000e+00,1.000000000000e+00,3.278713386281e-14,-6.518123304839,-6.518642485968,-5.191811292793e-04,3.863887650,9.836733277,9.835681295,13.700620927,13.699568945
5574000000.000000,1.000000000000e+00,1.000000000000e+00,-4.532339092800e-14,-6.579857182291,-6.580369815536,-5.126332454273e-04,3.801046102,9.813947910,9.812915560,13.614994012,13.613961662
5575000000.000000,1.000000000000e+00,1.000000000000e+00,4.628771839456e-14,-6.641449011472,-6.641955219698,-5.062082260316e-04,3.778962540,9.791526092,9.790513206,13.570488632,13.569475746
5576000000.000000,1.000000000000e+00,1.000000000000e+00,9.064678185601e-14,-6.702901128047,-6.703401032992,-4.999049444470e-04,3.392974091,9.769483729,9.768490116,13.162457820,13.161464207
5577000000.000000,1.000000000000e+00,1.000000000000e+00,1.735789439796e-14,-6.764215964718,-6.764709686837,-4.937221189660e-04,3.748978586,9.747835816,9.746861261,13.496814402,13.495839847
5578000000.000000,1.000000000000e+00,1.000000000000e+00,6.364561279252e-14,-6.825396045601,-6.825883703924,-4.876583227897e-04,4.301297872,9.726596472,9.725640737,14.027894344,14.026938609
5579000000.000000,1.000000000000e+00,1.000000000000e+00,-5.400233812698e-14,-6.886443980807,-6.886925692801,-4.817119936762e-04,4.039419252,9.705778969,9.704841795,13.745198221,13.744261047
5580000000.000000,1.000000000000e+00,1.000000000000e+00,4.435906346145e-14,-6.947362461225,-6.947838342669,-4.758814432373e-04,3.550961677,9.685395762,9.684476871,13.236357439,13.235438548
5581000000.000000,1.000000000000e+00,1.000000000000e+00,1.485064298492e-13,-7.008154253504,-7.008624418369,-4.701648658632e-04,3.757312068,9.665458528,9.664557623,13.422770596,13.421869691
5582000000.000000,1.000000000000e+00,1.000000000000e+00,4.821637332766e-14,-7.068822195241,-7.069286755588,-4.645603472913e-04,4.337809666,9.645978190,9.645094960,13.983787856,13.982904626
5583000000.000000,1.000000000000e+00,1.000000000000e+00,8.100350719048e-14,-7.129369190379,-7.129828256252,-4.590658727981e-04,4.269785199,9.626964959,9.626099075,13.896750158,13.895884274
5584000000.000000,1.000000000000e+00,1.000000000000e+00,7.714619732426e-15,-7.189798204802,-7.190251884137,-4.536793349867e-04,3.907403358,9.608428357,9.607579478,13.515831715,13.514982836
5585000000.000000,1.000000000000e+00,1.000000000000e+00,-4.339473599490e-14,-7.250112262139,-7.250560660681,-4.483985412209e-04,4.116696715,9.590377258,9.589545028,13.707073973,13.706241743
5586000000.000000,1.000000000000e+00,1.000000000000e+00,-3.568011626247e-14,-7.310314439763,-7.310757660984,-4.432212206646e-04,4.494810341,9.572819913,9.572003965,14.067630254,14.066814306
5587000000.000000,1.000000000000e+00,1.000000000000e+00,6.171695785941e-14,-7.370407864994,-7.370846010025,-4.381450309348e-04,4.408967902,9.555763984,9.554963940,13.964731886,13.963931842
5588000000.000000,1.000000000000e+00,1.000000000000e+00,7.907485225737e-14,-7.430395711493,-7.430828879058,-4.331675643998e-04,4.066433661,9.539216575,9.538432046,13.605650236,13.604865707
5589000000.000000,1.000000000000e+00,1.000000000000e+00,2.700116906349e-14,-7.490281195847,-7.490709482201,-4.282863540901e-04,4.650793748,9.523184261,9.522414851,14.173978009,14.173208599
5590000000.000000,1.000000000000e+00,1.000000000000e+00,-8.293216212358e-14,-7.550067574341,-7.550491073220,-4.234988792655e-04,4.483798411,9.507673117,9.506918421,13.991471528,13.990716832
5591000000.000000,1.000000000000e+00,1.000000000000e+00,-8.100350719048e-14,-7.609758139914,-7.610176942484,-4.188025706240e-04,4.097608360,9.492688749,9.491948355,13.590297109,13.589556715
5592000000.000000,1.000000000000e+00,1.000000000000e+00,6.557426772562e-14,-7.669356219287,-7.669770414102,-4.141948151535e-04,4.421515419,9.478236319,9.477509808,13.899751738,13.899025227
5593000000.000000,1.000000000000e+00,1.000000000000e+00,-2.892982399660e-14,-7.728865170267,-7.729274843228,-4.096729606777e-04,4.627629022,9.464320573,9.463607519,14.091949595,14.091236541
5594000000.000000,1.000000000000e+00,1.000000000000e+00,3.471578879592e-14,-7.788288379215,-7.788693613535,-4.052343200600e-04,4.467891138,9.450945866,9.450245840,13.918837004,13.918136978
5595000000.000000,1.000000000000e+00,1.000000000000e+00,-2.603684159694e-14,-7.847629258673,-7.848030134849,-4.008761750924e-04,4.425405670,9.438116189,9.437428756,13.863521859,13.862834426
5596000000.000000,1.000000000000e+00,1.000000000000e+00,1.272912255850e-13,-7.906891245152,-7.907287840933,-3.965957801126e-04,4.764172307,9.425835193,9.425159914,14.190007500,14.189332221
5597000000.000000,1.000000000000e+00,1.000000000000e+00,6.171695785941e-14,-7.966077797058,-7.966470187423,-3.923903653078e-04,4.322803031,9.414106208,9.413442640,13.736909239,13.736245671
5598000000.000000,1.000000000000e+00,1.000000000000e+00,-4.435906346145e-14,-8.025192392769,-8.025580649909,-3.882571397451e-04,4.883989315,9.402932272,9.402279970,14.286921587,14.286269285
5599000000.000000,1.000000000000e+00,1.000000000000e+00,-1.060760213209e-14,-8.084238528848,-8.084622722143,-3.841932941580e-04,4.570214346,9.392316146,9.391674661,13.962530492,13.961889007
5600000000.000000,1.000000000000e+00,1.000000000000e+00,-4.918070079422e-14,-8.143219718382,-8.143599914385,-3.801960034604e-04,4.386831873,9.382260337,9.381629219,13.769092210,13.768461092
5601000000.000000,1.000000000000e+00,1.000000000000e+00,1.060760213209e-13,-8.202139489446,-8.202515751875,-3.762624290378e-04,5.229814738,9.372767120,9.372145916,14.602581858,14.601960654
5602000000.000000,1.000000000000e+00,1.000000000000e+00,5.978830292630e-14,-8.261001383692,-8.261373773413,-3.723897208054e-04,4.543386482,9.363838550,9.363226806,13.907225032,13.906613288
5603000000.000000,1.000000000000e+00,1.000000000000e+00,4.435906346145e-14,-8.319808955042,-8.320177530061,-3.685750190598e-04,4.394472563,9.355476486,9.354873745,13.749949049,13.749346308
5604000000.000000,1.000000000000e+00,1.000000000000e+00,-5.785964799320e-15,-8.378565768489,-8.378930583945,-3.648154561091e-04,4.983661715,9.347682602,9.347088408,14.331344317,14.330750123
5605000000.000000,1.000000000000e+00,1.000000000000e+00,-5.496666559354e-14,-8.437275399002,-8.437636507159,-3.611081577422e-04,4.930786044,9.340458406,9.339872301,14.271244450,14.270658345
5606000000.000000,1.000000000000e+00,1.000000000000e+00,1.504350847823e-13,-8.495941430521,-8.496298880765,-3.574502445076e-04,4.963188485,9.333805252,9.333226778,14.296993737,14.296415263
5607000000.000000,1.000000000000e+00,1.000000000000e+00,4.435906346145e-14,-8.554567455042,-8.554921293875,-3.538388328135e-04,4.777729563,9.327724357,9.327153054,14.105453920,14.104882617
5608000000.000000,1.000000000000e+00,1.000000000000e+00,1.928654933107e-14,-8.613157071784,-8.613507342820,-3.502710358863e-04,4.803655287,9.322216811,9.321652219,14.125872098,14.125307506
5609000000.000000,1.000000000000e+00,1.000000000000e+00,-1.456134474495e-13,-8.671713886433,-8.672060630398,-3.467439645810e-04,4.926581015,9.317283587,9.316725247,14.243864602,14.243306262
5610000000.000000,1.000000000000e+00,1.000000000000e+00,-3.568011626247e-14,-8.730241510459,-8.730584765187,-3.432547280759e-04,4.451640959,9.312925557,9.312373009,13.764566516,13.764013968
5611000000.000000,1.000000000000e+00,1.000000000000e+00,5.207368319388e-14,-8.788743560492,-8.789083360927,-3.398004344071e-04,4.745334689,9.309143499,9.308596282,14.054478188,14.053930971
5612000000.000000,1.000000000000e+00,1.000000000000e+00,1.157192959864e-14,-8.847223657769,-8.847560035960,-3.363781909194e-04,5.373652556,9.305938104,9.305395757,14.679590660,14.679048313
5613000000.000000,1.000000000000e+00,1.000000000000e+00,1.735789439796e-14,-8.905685427622,-8.906018412727,-3.329851046097e-04,4.899014785,9.303309989,9.302772052,14.202324774,14.201786837
5614000000.000000,1.000000000000e+00,1.000000000000e+00,5.207368319388e-14,-8.964132499029,-8.964462117312,-3.296182823700e-04,4.985588094,9.301259700,9.300725714,14.286847794,14.286313808
5615000000.000000,1.000000000000e+00,1.000000000000e+00,3.664444372902e-14,-9.022568504199,-9.022894779030,-3.262748311705e-04,5.284993364,9.299787723,9.299257226,14.584781087,14.584250590
5616000000.000000,1.000000000000e+00,1.000000000000e+00,3.857309866213e-15,-9.080997078196,-9.081320030054,-3.229518581378e-04,5.075359704,9.298894485,9.298367017,14.374254189,14.373726721
5617000000.000000,1.000000000000e+00,1.000000000000e+00,2.314385919728e-14,-9.139421858606,-9.139741505076,-3.196464705777e-04,4.843382788,9.298580362,9.298055463,14.141963150,14.141438251
5618000000.000000,1.000000000000e+00,1.000000000000e+00,6.557426772562e-14,-9.197846485218,-9.198162840994,-3.163557759738e-04,5.268673508,9.298845683,9.298322892,14.567519191,14.566996400
5619000000.000000,1.000000000000e+00,1.000000000000e+00,5.785964799320e-14,-9.256274599743,-9.256587676625,-3.130768819108e-04,5.483562437,9.299690730,9.299169587,14.783253167,14.782732024
5620000000.000000,1.000000000000e+00,1.000000000000e+00,-4.918070079422e-14,-9.314709845536,-9.315019652432,-3.098068959630e-04,4.743083847,9.301115747,9.300595791,14.044199594,14.043679638
5621000000.000000,1.000000000000e+00,1.000000000000e+00,4.435906346145e-14,-9.373155867343,-9.373462410269,-3.065429255624e-04,5.236743912,9.303120933,9.302601705,14.539864845,14.539345617
5622000000.000000,1.000000000000e+00,1.000000000000e+00,-7.039590505839e-14,-9.431616311053,-9.431919593131,-3.032820778639e-04,5.342265855,9.305706452,9.305187490,14.647972307,14.647453345
5623000000.000000,1.000000000000e+00,1.000000000000e+00,1.350058453175e-14,-9.490094823447,-9.490394844907,-3.000214595659e-04,4.761574817,9.308872425,9.308353270,14.070447242,14.069928087
5624000000.000000,1.000000000000e+00,1.000000000000e+00,-7.618186985771e-14,-9.548595051951,-9.548891810128,-2.967581767717e-04,4.935410820,9.312618936,9.312099126,14.248029756,14.247509946
5625000000.000000,1.000000000000e+00,1.000000000000e+00,-6.653859519218e-14,-9.607120644382,-9.607414133717,-2.934893348119e-04,5.086236784,9.316946024,9.316425099,14.403182808,14.402661883
5626000000.000000,1.000000000000e+00,1.000000000000e+00,-2.410818666383e-14,-9.665675248679,-9.665965460717,-2.902120381361e-04,4.736678032,9.321853686,9.321331185,14.058531718,14.058009217
5627000000.000000,1.000000000000e+00,1.000000000000e+00,-7.714619732426e-14,-9.724262512616,-9.724549436006,-2.869233901936e-04,4.908503841,9.327341873,9.326817334,14.235845714,14.235321175
5628000000.000000,1.000000000000e+00,1.000000000000e+00,-3.568011626247e-14,-9.782886083497,-9.783169703990,-2.836204933594e-04,5.293550638,9.333410481,9.332883444,14.626961119,14.626434082
5629000000.000000,1.000000000000e+00,1.000000000000e+00,1.735789439796e-14,-9.841549607820,-9.841829908269,-2.803004488925e-04,5.035932564,9.340059355,9.339529358,14.375991919,14.375461922
5630000000.000000,1.000000000000e+00,1.000000000000e+00,1.022187114546e-13,-9.900256730912,-9.900533691269,-2.769603570041e-04,5.067434585,9.347288275,9.346754856,14.414722860,14.414189441
5631000000.000000,1.000000000000e+00,1.000000000000e+00,1.253625706519e-13,-9.959011096520,-9.959284693837,-2.735973168910e-04,5.023200287,9.355096954,9.354559652,14.378297241,14.377759939
5632000000.000000,1.000000000000e+00,1.000000000000e+00,-5.785964799320e-14,-10.017816346365,-10.018086554792,-2.702084269259e-04,5.138062976,9.363485030,9.362943383,14.501548006,14.501006359
5633000000.000000,1.000000000000e+00,1.000000000000e+00,5.400233812698e-14,-10.076676119646,-10.076942910431,-2.667907848917e-04,5.347404367,9.372452058,9.371905604,14.719856425,14.719309971
5634000000.000000,1.000000000000e+00,1.000000000000e+00,7.328888745805e-14,-10.135594052491,-10.135857393979,-2.633414883064e-04,4.611381650,9.381997501,9.381445778,13.993379151,13.992827428
5635000000.000000,1.000000000000e+00,1.000000000000e+00,-6.750292265873e-15,-10.194573777343,-10.194833634978,-2.598576348731e-04,5.023932353,9.392120718,9.391563265,14.416053071,14.415495618
5636000000.000000,1.000000000000e+00,1.000000000000e+00,-4.918070079422e-14,-10.253618922292,-10.253875258615,-2.563363230124e-04,5.536982815,9.402820959,9.402257313,14.939803774,14.939240128
5637000000.000000,1.000000000000e+00,1.000000000000e+00,-5.882397545975e-14,-10.312733110328,-10.312985884980,-2.527746525249e-04,4.917863282,9.414097344,9.413527045,14.331960626,14.331390327
5638000000.000000,1.000000000000e+00,1.000000000000e+00,-1.735789439796e-14,-10.371919958522,-10.372169128247,-2.491697254108e-04,4.642699217,9.425948862,9.425371448,14.068648079,14.068070665
5639000000.000000,1.000000000000e+00,1.000000000000e+00,6.171695785941e-14,-10.431183077123,-10.431428595770,-2.455186468051e-04,5.211147194,9.438374348,9.437789358,14.649521542,14.648936552
5640000000.000000,1.000000000000e+00,1.000000000000e+00,-2.217953173073e-14,-10.490526068573,-10.490767887099,-2.418185260638e-04,5.113648883,9.451372472,9.450779447,14.565021355,14.564428330
5641000000.000000,1.000000000000e+00,1.000000000000e+00,8.293216212358e-14,-10.549952526421,-10.550190592899,-2.380664780528e-04,4.679560947,9.464941726,9.464340207,14.144502673,14.143901154
5642000000.000000,1.000000000000e+00,1.000000000000e+00,-8.003917972392e-14,-10.609466034142,-10.609700293767,-2.342596245786e-04,5.128888029,9.479080404,9.478469934,14.607968433,14.607357963
5643000000.000000,1.000000000000e+00,1.000000000000e+00,-4.532339092800e-14,-10.669070163855,-10.669300558951,-2.303950960183e-04,4.837775045,9.493786586,9.493166710,14.331561631,14.330941755
5644000000.000000,1.000000000000e+00,1.000000000000e+00,1.928654933107e-14,-10.728768474920,-10.728994944953,-2.264700331587e-04,4.716363637,9.509058123,9.508428387,14.225421760,14.224792024
5645000000.000000,1.000000000000e+00,1.000000000000e+00,-4.821637332766e-14,-10.788564512427,-10.788786994016,-2.224815892617e-04,4.728759542,9.524892613,9.524252563,14.253652155,14.253012105
5646000000.000000,1.000000000000e+00,1.000000000000e+00,-3.857309866213e-15,-10.848461805556,-10.848680232488,-2.184269323067e-04,4.539173727,9.541287382,9.540636570,14.080461109,14.079810297
5647000000.000000,1.000000000000e+00,1.000000000000e+00,1.157192959864e-14,-10.908463865809,-10.908678169057,-2.143032475281e-04,4.892803515,9.558239466,9.557577446,14.451042981,14.450380961
5648000000.000000,1.000000000000e+00,1.000000000000e+00,-1.108976586536e-13,-10.968574185111,-10.968784292851,-2.101077401697e-04,5.130694468,9.575745587,9.575071915,14.706440055,14.705766383
5649000000.000000,1.000000000000e+00,1.000000000000e+00,-7.425321492460e-14,-11.028796233758,-11.029002071397,-2.058376385143e-04,4.771869385,9.593802126,9.593116364,14.365671511,14.364985749
5650000000.000000,1.000000000000e+00,1.000000000000e+00,8.871812692290e-14,-11.089133458232,-11.089334948429,-2.014901971865e-04,4.668250249,9.612405109,9.611706821,14.280655358,14.279957070
5651000000.000000,1.000000000000e+00,1.000000000000e+00,8.871812692290e-14,-11.149589278849,-11.149786341550,-1.970627007459e-04,4.590365674,9.631550170,9.630838928,14.221915844,14.221204602
5652000000.000000,1.000000000000e+00,1.000000000000e+00,-8.389648959014e-14,-11.210167087259,-11.210359639726,-1.925524675617e-04,4.854714569,9.651232535,9.650507915,14.505947104,14.505222484
5653000000.000000,1.000000000000e+00,1.000000000000e+00,3.278713386281e-14,-11.270870243769,-11.271058200623,-1.879568540382e-04,4.809039152,9.671446990,9.670708574,14.480486142,14.479747726
5654000000.000000,1.000000000000e+00,1.000000000000e+00,6.750292265873e-14,-11.331702074510,-11.331885347769,-1.832732591058e-04,4.478086109,9.692187854,9.691435233,14.170273963,14.169521342
5655000000.000000,1.000000000000e+00,1.000000000000e+00,5.400233812698e-14,-11.392665868412,-11.392844367541,-1.784991291132e-04,4.818784502,9.713448954,9.712681724,14.532233456,14.531466226
5656000000.000000,1.000000000000e+00,1.000000000000e+00,-3.760877119558e-14,-11.453764874011,-11.453938505974,-1.736319629888e-04,4.513812730,9.735223591,9.734441359,14.249036321,14.248254089
5657000000.000000,1.000000000000e+00,1.000000000000e+00,-2.700116906349e-14,-11.515002296064,-11.515170965382,-1.686693178193e-04,4.099022204,9.757504512,9.756706895,13.856526716,13.855729099
5658000000.000000,1.000000000000e+00,1.000000000000e+00,8.100350719048e-14,-11.576381291977,-11.576544900792,-1.636088147432e-04,4.400440670,9.780283882,9.779470507,14.180724552,14.179911177
5659000000.000000,1.000000000000e+00,1.000000000000e+00,5.785964799320e-14,-11.637904968034,-11.638063416179,-1.584481452213e-04,4.940096706,9.803553249,9.802723754,14.743649955,14.742820460
5660000000.000000,1.000000000000e+00,1.000000000000e+00,-5.689532052664e-14,-11.699576375437,-11.699729560515,-1.531850777141e-04,4.383989252,9.827303515,9.826457552,14.211292767,14.210446804
5661000000.000000,1.000000000000e+00,1.000000000000e+00,-1.118619861202e-13,-11.761398506140,-11.761546323604,-1.478174646685e-04,4.291650926,9.851524903,9.850662137,14.143175829,14.142313063
5662000000.000000,1.000000000000e+00,1.000000000000e+00,-2.892982399660e-15,-11.823374288479,-11.823516631729,-1.423432499479e-04,4.685744294,9.876206924,9.875327037,14.561951218,14.561071331
5663000000.000000,1.000000000000e+00,1.000000000000e+00,-1.321128629178e-13,-11.885506582607,-11.885643343084,-1.367604766038e-04,4.248348672,9.901338346,9.900441034,14.149687018,14.148789706
5664000000.000000,1.000000000000e+00,1.000000000000e+00,4.821637332766e-14,-11.947798175716,-11.947929243011,-1.310672950332e-04,3.797251065,9.926907162,9.925992140,13.724158227,13.723243205
5665000000.000000,1.000000000000e+00,1.000000000000e+00,-6.653859519218e-14,-12.010251777058,-12.010377039029,-1.252619715224e-04,4.358735071,9.952900554,9.951967556,14.311635625,14.310702627
5666000000.000000,1.000000000000e+00,1.000000000000e+00,6.943157759184e-14,-12.072870012763,-12.072989355660,-1.193428971202e-04,4.542687407,9.979304864,9.978353645,14.521992271,14.521041052
5667000000.000000,1.000000000000e+00,1.000000000000e+00,9.643274665533e-14,-12.135655420457,-12.135768729054,-1.133085969212e-04,3.953817478,10.006105564,10.005135900,13.959923042,13.958953378
5668000000.000000,1.000000000000e+00,1.000000000000e+00,9.836140158843e-14,-12.198610443681,-12.198717601420,-1.071577396345e-04,3.889021624,10.033287218,10.032298909,13.922308842,13.921320533
5669000000.000000,1.000000000000e+00,1.000000000000e+00,1.060760213209e-13,-12.261737426115,-12.261838315263,-1.008891475216e-04,4.315036793,10.060833460,10.059826332,14.375870253,14.374863125
5670000000.000000,1.000000000000e+00,1.000000000000e+00,3.085847892971e-14,-12.325038605622,-12.325133107429,-9.450180660941e-05,3.951070399,10.088726959,10.087700865,14.039797358,14.038771264
5671000000.000000,1.000000000000e+00,1.000000000000e+00,8.293216212358e-14,-12.388516108105,-12.388604102983,-8.799487721056e-05,3.744901641,10.116949394,10.115904216,13.861851035,13.860805857
5672000000.000000,1.000000000000e+00,1.000000000000e+00,1.118619861202e-13,-12.452171941197,-12.452253308902,-8.136770465406e-05,4.282857933,10.145481428,10.144417076,14.428339361,14.427275009
5673000000.000000,1.000000000000e+00,1.000000000000e+00,-1.292198805181e-13,-12.516007987790,-12.516082607620,-7.461983028811e-05,3.693477810,10.174302680,10.173219097,13.867780490,13.866696907
5674000000.000000,1.000000000000e+00,1.000000000000e+00,0.000000000000e+00,-12.580025999418,-12.580093750421,-6.775100261258e-05,3.669159176,10.203391707,10.202288871,13.872550883,13.871448047
5675000000.000000,1.000000000000e+00,1.000000000000e+00,9.643274665533e-15,-12.644227589504,-12.644288350693,-6.076118857656e-05,4.238512263,10.232725981,10.231603906,14.471238244,14.470116169
5676000000.000000,1.000000000000e+00,1.000000000000e+00,3.085847892971e-14,-12.708614226492,-12.708667877077,-5.365058495244e-05,4.252075858,10.262281873,10.261140608,14.514357731,14.513216466
5677000000.000000,1.000000000000e+00,1.000000000000e+00,-3.664444372902e-14,-12.773187226874,-12.773233646504,-4.641962973828e-05,3.555029191,10.292034640,10.290874275,13.847063831,13.845903466
5678000000.000000,1.000000000000e+00,1.000000000000e+00,-1.388631551837e-13,-12.837947748150,-12.837986817163,-3.906901354078e-05,3.332462633,10.321958409,10.320779076,13.654421042,13.653241709
5679000000.000000,1.000000000000e+00,1.000000000000e+00,1.215052607857e-13,-12.902896781712,-12.902928381403,-3.159969086219e-05,3.431952636,10.352026178,10.350828050,13.783978814,13.782780686
5680000000.000000,1.000000000000e+00,1.000000000000e+00,2.700116906349e-14,-12.968035145716,-12.968059158607,-2.401289124698e-05,3.901009277,10.382209806,10.380993101,14.283219083,14.282002378
5681000000.000000,1.000000000000e+00,1.000000000000e+00,-3.471578879592e-14,-13.033363477931,-13.033379788061,-1.631013013004e-05,3.728501977,10.412480017,10.411245000,14.140981994,14.139746977
5682000000.000000,1.000000000000e+00,1.000000000000e+00,-1.108976586536e-13,-13.098882228618,-13.098890721838,-8.493219443295e-06,3.609667502,10.442806405,10.441553390,14.052473907,14.051220892
5683000000.000000,1.000000000000e+00,1.000000000000e+00,-9.836140158844e-14,-13.164591653465,-13.164592217743,-5.642777445303e-07,3.619748592,10.473157447,10.471886796,14.092906039,14.091635388
5684000000.000000,1.000000000000e+00,1.000000000000e+00,-1.407918101168e-13,-13.230491806602,-13.230484332342,7.474260083740e-06,3.275371056,10.503500519,10.502212644,13.778871575,13.777583700
5685000000.000000,1.000000000000e+00,1.000000000000e+00,1.002900565215e-13,-13.296582533739,-13.296566914105,1.561963382102e-05,2.970928153,10.533801917,10.532497285,13.504730070,13.503425438
5686000000.000000,1.000000000000e+00,1.000000000000e+00,-9.643274665533e-15,-13.362863465468,-13.362839596719,2.386874945692e-05,3.005216337,10.564026885,10.562706016,13.569243222,13.567922353
5687000000.000000,1.000000000000e+00,1.000000000000e+00,6.750292265873e-14,-13.429334010760,-13.429301792588,3.221817168431e-05,3.919375400,10.594139654,10.592803121,14.513515054,14.512178521
5688000000.000000,1.000000000000e+00,1.000000000000e+00,-2.025087679762e-14,-13.495993350695,-13.495952686578,4.066411719883e-05,3.631494669,10.624103476,10.622751910,14.255598145,14.254246579
5689000000.000000,1.000000000000e+00,1.000000000000e+00,-2.314385919728e-14,-13.562840432486,-13.562791230037,4.920244900752e-05,3.261679097,10.653880681,10.652514769,13.915559778,13.914193866
5690000000.000000,1.000000000000e+00,1.000000000000e+00,-3.085847892971e-14,-13.629873963814,-13.629816135142,5.782867191861e-05,3.701484979,10.683432725,10.682053212,14.384917704,14.383538191
5691000000.000000,1.000000000000e+00,1.000000000000e+00,7.714619732426e-14,-13.697092407545,-13.697025869616,6.653792922506e-05,3.199646777,10.712720258,10.711327944,13.912367035,13.910974721
5692000000.000000,1.000000000000e+00,1.000000000000e+00,1.928654933107e-15,-13.764493976858,-13.764418651858,7.532500067775e-05,2.740535210,10.741703188,10.740298934,13.482238398,13.480834144
5693000000.000000,1.000000000000e+00,1.000000000000e+00,-7.907485225737e-14,-13.832076630837,-13.831992446535,8.418430199875e-05,3.323283633,10.770340766,10.768925490,14.093624399,14.092209123
5694000000.000000,1.000000000000e+00,1.000000000000e+00,-2.700116906349e-14,-13.899838070570,-13.899744960684,9.310988581746e-05,3.216517914,10.798591665,10.797166341,14.015109579,14.013684255
5695000000.000000,1.000000000000e+00,1.000000000000e+00,2.314385919728e-14,-13.967775735807,-13.967673640363,1.020954443458e-04,2.714032614,10.826414072,10.824979734,13.540446686,13.539012348
5696000000.000000,1.000000000000e+00,1.000000000000e+00,-6.557426772562e-14,-14.035886802227,-14.035775667914,1.111343137072e-04,3.180744343,10.853765794,10.852323529,14.034510137,14.033067872
5697000000.000000,1.000000000000e+00,1.000000000000e+00,1.022187114546e-13,-14.104168179338,-14.104047959858,1.202194801060e-04,3.068301540,10.880604357,10.879155309,13.948905897,13.947456849
5698000000.000000,1.000000000000e+00,1.000000000000e+00,3.471578879592e-14,-14.172616509081,-14.172487165493,1.293435878562e-04,2.454452527,10.906887122,10.905432488,13.361339649,13.359885015
5699000000.000000,1.000000000000e+00,1.000000000000e+00,1.080046762540e-13,-14.241228165167,-14.241089666218,1.384989493349e-04,3.371493329,10.932571410,10.931112439,14.304064739,14.302605768
5700000000.000000,1.000000000000e+00,1.000000000000e+00,-5.785964799320e-15,-14.309999253181,-14.309851575624,1.476775569618e-04,3.062582278,10.957614618,10.956152609,14.020196896,14.018734887
5701000000.000000,1.000000000000e+00,1.000000000000e+00,2.121520426417e-14,-14.378925611502,-14.378768740405,1.568710971327e-04,2.490830809,10.981974360,10.980510659,13.472805169,13.471341468
5702000000.000000,1.000000000000e+00,1.000000000000e+00,5.207368319388e-14,-14.448002813068,-14.447836742102,1.660709662161e-04,2.928179377,11.005608600,11.004144598,13.933787977,13.932323975
5703000000.000000,1.000000000000e+00,1.000000000000e+00,-2.796549653005e-14,-14.517226168007,-14.517050899718,1.752682885794e-04,3.133434676,11.028475792,11.027012921,14.161910468,14.160447597
5704000000.000000,1.000000000000e+00,1.000000000000e+00,-8.196783465703e-14,-14.586590727178,-14.586406273241,1.844539366154e-04,3.091003462,11.050535025,11.049074758,14.141538487,14.140078220
5705000000.000000,1.000000000000e+00,1.000000000000e+00,-3.953742612868e-14,-14.656091286623,-14.655897668070,1.936185527462e-04,2.527748502,11.071746175,11.070290016,13.599494677,13.598038518
5706000000.000000,1.000000000000e+00,1.000000000000e+00,-1.205409333192e-13,-14.725722392959,-14.725519640386,2.027525733261e-04,2.718801566,11.092070047,11.090619532,13.810871613,13.809421098
5707000000.000000,1.000000000000e+00,1.000000000000e+00,-6.171695785941e-14,-14.795478349711,-14.795266503457,2.118462544196e-04,3.033437032,11.111468532,11.110025225,14.144905564,14.143462257
5708000000.000000,1.000000000000e+00,1.000000000000e+00,3.278713386281e-14,-14.865353224597,-14.865132334898,2.208896992890e-04,2.377822025,11.129904754,11.128470241,13.507726779,13.506292266
5709000000.000000,1.000000000000e+00,1.000000000000e+00,1.542923946485e-14,-14.935340857757,-14.935110984870,2.298728874983e-04,2.518379917,11.147343224,11.145919105,13.665723141,13.664299022
5710000000.000000,1.000000000000e+00,1.000000000000e+00,-2.314385919728e-14,-15.005434870918,-15.005196085213,2.387857055304e-04,2.759726192,11.163749982,11.162337873,13.923476174,13.922064065
5711000000.000000,1.000000000000e+00,1.000000000000e+00,-2.025087679762e-14,-15.075628677481,-15.075381059502,2.476179787081e-04,2.068007337,11.179092747,11.177694268,13.247100084,13.245701605
5712000000.000000,1.000000000000e+00,1.000000000000e+00,-7.425321492460e-14,-15.145915493503,-15.145659133999,2.563595042595e-04,2.258144481,11.193341052,11.191957828,13.451485533,13.450102309
5713000000.000000,1.000000000000e+00,1.000000000000e+00,-8.100350719048e-14,-15.216288349553,-15.216023349468,2.650000853510e-04,2.961897137,11.206466386,11.205100036,14.168363523,14.166997173
5714000000.000000,1.000000000000e+00,1.000000000000e+00,9.064678185601e-14,-15.286740103388,-15.286466573822,2.735295658667e-04,2.844746500,11.218442317,11.217094451,14.063188817,14.061840951
5715000000.000000,1.000000000000e+00,1.000000000000e+00,-1.542923946485e-14,-15.357263453427,-15.356981515561,2.819378657026e-04,2.104433826,11.229244616,11.227916830,13.333678442,13.332350656
5716000000.000000,1.000000000000e+00,1.000000000000e+00,1.870795285113e-13,-15.427850952957,-15.427560737940,2.902150163742e-04,2.590011111,11.238851370,11.237545238,13.828862481,13.827556349
5717000000.000000,1.000000000000e+00,1.000000000000e+00,1.928654933107e-14,-15.498495025018,-15.498196673821,2.983511966264e-04,2.929432181,11.247243082,11.245960153,14.176675263,14.175392334
5718000000.000000,1.000000000000e+00,1.000000000000e+00,-5.785964799320e-14,-15.569187977911,-15.568881641143,3.063367679168e-04,2.346833677,11.254402769,11.253144560,13.601236446,13.599978237
5719000000.000000,1.000000000000e+00,1.000000000000e+00,-1.542923946485e-14,-15.639922021252,-15.639607858942,3.141623093690e-04,2.597438846,11.260316040,11.259084031,13.857754886,13.856522877
5720000000.000000,1.000000000000e+00,1.000000000000e+00,-2.892982399660e-15,-15.710689282501,-15.710367463849,3.218186520861e-04,2.891337269,11.264971168,11.263766794,14.156308437,14.155104063
5721000000.000000,1.000000000000e+00,1.000000000000e+00,6.364561279252e-14,-15.781481823903,-15.781152526991,3.292969124775e-04,2.516129053,11.268359145,11.267183796,13.784488198,13.783312849
5722000000.000000,1.000000000000e+00,1.000000000000e+00,1.928654933107e-14,-15.852291659730,-15.851955071205,3.365885244033e-04,1.912492687,11.270473728,11.269328739,13.182966415,13.181821426
5723000000.000000,1.000000000000e+00,1.000000000000e+00,-1.051116938543e-13,-15.923110773772,-15.922767088502,3.436852698808e-04,2.092621704,11.271311470,11.270198119,13.363933174,13.362819823
5724000000.000000,1.000000000000e+00,1.000000000000e+00,8.678947198980e-14,-15.993931136974,-15.993580557666,3.505793081455e-04,2.464464403,11.270871734,11.269791237,13.735336137,13.734255640
5725000000.000000,1.000000000000e+00,1.000000000000e+00,-1.051116938543e-13,-16.064744725133,-16.064387461930,3.572632028579e-04,2.836962139,11.269156699,11.268110204,14.106118838,14.105072343
5726000000.000000,1.000000000000e+00,1.000000000000e+00,-8.678947198980e-14,-16.135543536565,-16.135179806618,3.637299472352e-04,2.823608939,11.266171346,11.265159933,14.089780285,14.088768872
5727000000.000000,1.000000000000e+00,1.000000000000e+00,-5.593099306009e-14,-16.206319609669,-16.205949636682,3.699729869737e-04,2.444631435,11.261923435,11.260948110,13.706554870,13.705579545
5728000000.000000,1.000000000000e+00,1.000000000000e+00,1.330771903844e-13,-16.277065040277,-16.276689054037,3.759862408117e-04,2.246522766,11.256423465,11.255485157,13.502946231,13.502007923
5729000000.000000,1.000000000000e+00,1.000000000000e+00,4.628771839456e-14,-16.347771998729,-16.347390234610,3.817641185364e-04,2.385963358,11.249684625,11.248784182,13.635647983,13.634747540
5730000000.000000,1.000000000000e+00,1.000000000000e+00,-1.253625706519e-13,-16.418432746570,-16.418045445034,3.873015364704e-04,2.690651625,11.241722723,11.240860914,13.932374348,13.931512539
5731000000.000000,1.000000000000e+00,1.000000000000e+00,1.350058453175e-14,-16.489039652814,-16.488647058884,3.925939301830e-04,2.059866781,11.232556116,11.231733625,13.292422897,13.291600406
5732000000.000000,1.000000000000e+00,1.000000000000e+00,-1.282555530516e-13,-16.559585209670,-16.559187572406,3.976372645305e-04,2.851173070,11.222205616,11.221423042,14.073378686,14.072596112
5733000000.000000,1.000000000000e+00,1.000000000000e+00,3.085847892971e-14,-16.630062047690,-16.629659619649,4.024280409212e-04,3.023615525,11.210694393,11.209952250,14.234309918,14.233567775
5734000000.000000,1.000000000000e+00,1.000000000000e+00,-8.678947198980e-14,-16.700462950254,-16.700055986952,4.069633017778e-04,1.900760906,11.198047867,11.197346583,13.098808773,13.098107489
5735000000.000000,1.000000000000e+00,1.000000000000e+00,2.025087679762e-13,-16.770780867341,-16.770369626709,4.112406323671e-04,2.253666066,11.184293587,11.183633504,13.437959653,13.437299570
5736000000.000000,1.000000000000e+00,1.000000000000e+00,6.943157759184e-14,-16.841008928534,-16.840593670374,4.152581598191e-04,2.404649592,11.169461109,11.168842481,13.574110701,13.573492073
5737000000.000000,1.000000000000e+00,1.000000000000e+00,2.160093525079e-13,-16.911140455205,-16.910721440655,4.190145496246e-04,2.492791219,11.153581859,11.153004856,13.646373078,13.645796075
5738000000.000000,1.000000000000e+00,1.000000000000e+00,1.195766058526e-13,-16.981168971857,-16.980746462858,4.225089995842e-04,2.602927232,11.136688998,11.136153705,13.739616230,13.739080937
5739000000.000000,1.000000000000e+00,1.000000000000e+00,-8.003917972392e-14,-17.051088216566,-17.050662475334,4.257412313535e-04,2.791363785,11.118817274,11.118323697,13.910181059,13.909687482
5740000000.000000,1.000000000000e+00,1.000000000000e+00,-3.857309866213e-15,-17.120892150518,-17.120463439039,4.287114797350e-04,2.743797365,11.100002883,11.099550943,13.843800248,13.843348308
5741000000.000000,1.000000000000e+00,1.000000000000e+00,-6.943157759184e-14,-17.190574966618,-17.190143546138,4.314204798099e-04,2.386049481,11.080283313,11.079872855,13.466332794,13.465922336
5742000000.000000,1.000000000000e+00,1.000000000000e+00,9.450409172222e-14,-17.260131097146,-17.259697227694,4.338694521522e-04,2.599105461,11.059697196,11.059327988,13.658802657,13.658433449
5743000000.000000,1.000000000000e+00,1.000000000000e+00,-1.157192959864e-13,-17.329555220471,-17.329119160385,4.360600862299e-04,2.706485282,11.038284158,11.037955895,13.744769440,13.744441177
5744000000.000000,1.000000000000e+00,1.000000000000e+00,-1.446491199830e-13,-17.398842266819,-17.398404272297,4.379945221800e-04,2.350193083,11.016084666,11.015796973,13.366277749,13.365990056
5745000000.000000,1.000000000000e+00,1.000000000000e+00,6.557426772562e-14,-17.467987423097,-17.467547747766,4.396753311688e-04,2.253729419,10.993139882,10.992892318,13.246869301,13.246621737
5746000000.000000,1.000000000000e+00,1.000000000000e+00,8.678947198980e-14,-17.536986136789,-17.536545031294,4.411054945450e-04,2.720971462,10.969491517,10.969283577,13.690462979,13.690255039
5747000000.000000,1.000000000000e+00,1.000000000000e+00,-3.760877119558e-14,-17.605834118949,-17.605391830567,4.422883818691e-04,2.587461809,10.945181686,10.945012804,13.532643495,13.532474613
5748000000.000000,1.000000000000e+00,1.000000000000e+00,1.677929791803e-13,-17.674527346302,-17.674084118574,4.432277281730e-04,2.519469958,10.920252773,10.920122327,13.439722731,13.439592285
5749000000.000000,1.000000000000e+00,1.000000000000e+00,2.314385919728e-14,-17.743062062497,-17.742618134887,4.439276104762e-04,3.359746292,10.894747292,10.894654609,14.254493584,14.254400901
5750000000.000000,1.000000000000e+00,1.000000000000e+00,-5.882397545975e-14,-17.811434778525,-17.810990386101,4.443924238551e-04,2.961550469,10.868707763,10.868652119,13.830258232,13.830202588
5751000000.000000,1.000000000000e+00,1.000000000000e+00,-2.603684159694e-14,-17.879642272352,-17.879197645495,4.446268571634e-04,2.461604008,10.842176589,10.842157216,13.303780597,13.303761224
5752000000.000000,1.000000000000e+00,1.000000000000e+00,-9.739707412188e-14,-17.947681587806,-17.947236951938,4.446358686252e-04,2.666061284,10.815195936,10.815212026,13.481257220,13.481273310
5753000000.000000,1.000000000000e+00,1.000000000000e+00,1.716502890465e-13,-18.015550032746,-18.015105608084,4.444246614526e-04,2.620260266,10.787807627,10.787858335,13.408067893,13.408118601
5754000000.000000,1.000000000000e+00,1.000000000000e+00,-2.892982399660e-14,-18.083245176568,-18.082801177908,4.439986595735e-04,2.918046116,10.760053041,10.760137487,13.678099157,13.678183603
5755000000.000000,1.000000000000e+00,1.000000000000e+00,6.943157759184e-14,-18.150764847092,-18.150321483608,4.433634837007e-04,2.925596250,10.731973013,10.732090289,13.657569263,13.657686539
5756000000.000000,1.000000000000e+00,1.000000000000e+00,1.350058453175e-14,-18.218107126871,-18.217664601944,4.425249277951e-04,2.856111694,10.703607748,10.703756920,13.559719442,13.559868614
5757000000.000000,1.000000000000e+00,1.000000000000e+00,-2.989415146315e-14,-18.285270348970,-18.284828860034,4.414889361080e-04,3.360972901,10.674996744,10.675176855,14.035969645,14.036149756
5758000000.000000,1.000000000000e+00,1.000000000000e+00,4.050175359524e-14,-18.352253092263,-18.351812830682,4.402615807813e-04,3.199362716,10.646178712,10.646388788,13.845541428,13.845751504
5759000000.000000,1.000000000000e+00,1.000000000000e+00,-3.953742612868e-14,-18.419054176294,-18.418615327254,4.388490402611e-04,2.632231200,10.617191518,10.617430568,13.249422718,13.249661768
5760000000.000000,1.000000000000e+00,1.000000000000e+00,-1.350058453175e-14,-18.485672655756,-18.485235398177,4.372575784721e-04,2.854336066,10.588072117,10.588339141,13.442408183,13.442675207
5761000000.000000,1.000000000000e+00,1.000000000000e+00,8.486081705669e-14,-18.552107814610,-18.551672321085,4.354935248863e-04,3.567560124,10.558856510,10.559150495,14.126416634,14.126710619
5762000000.000000,1.000000000000e+00,1.000000000000e+00,2.892982399660e-14,-18.618359159924,-18.617925596669,4.335632554806e-04,2.853001671,10.529579693,10.529899622,13.382581364,13.382901293
5763000000.000000,1.000000000000e+00,1.000000000000e+00,2.700116906349e-14,-18.684426415440,-18.683994942266,4.314731747286e-04,2.781188412,10.500275621,10.500620475,13.281464033,13.281808887
5764000000.000000,1.000000000000e+00,1.000000000000e+00,-5.593099306009e-14,-18.750309514936,-18.749880285237,4.292296985362e-04,3.264696519,10.470977182,10.471345939,13.735673701,13.736042458
5765000000.000000,1.000000000000e+00,1.000000000000e+00,-1.446491199830e-14,-18.816008595407,-18.815581756169,4.268392382336e-04,2.946773807,10.441716165,10.442107807,13.388489972,13.388881614
5766000000.000000,1.000000000000e+00,1.000000000000e+00,-7.714619732426e-15,-18.881523990115,-18.881099681929,4.243081856217e-04,3.516393031,10.412523245,10.412936756,13.928916276,13.929329787
5767000000.000000,1.000000000000e+00,1.000000000000e+00,6.171695785941e-14,-18.946856221533,-18.946434578634,4.216428990382e-04,3.777433277,10.383427969,10.383862343,14.160861246,14.161295620
5768000000.000000,1.000000000000e+00,1.000000000000e+00,-7.425321492460e-14,-19.012005994226,-19.011587144536,4.188496904831e-04,3.245410450,10.354458750,10.354912985,13.599869200,13.600323435
5769000000.000000,1.000000000000e+00,1.000000000000e+00,1.022187114546e-13,-19.076974187695,-19.076558252881,4.159348137875e-04,3.151248103,10.325642858,10.326115965,13.476890961,13.477364068
5770000000.000000,1.000000000000e+00,1.000000000000e+00,8.293216212358e-14,-19.141761849214,-19.141348944761,4.129044537962e-04,3.673319812,10.297006429,10.297497430,13.970326241,13.970817242
5771000000.000000,1.000000000000e+00,1.000000000000e+00,-4.821637332766e-15,-19.206370186698,-19.205960421981,4.097647165295e-04,3.543120011,10.268574463,10.269082393,13.811694474,13.812202404
5772000000.000000,1.000000000000e+00,1.000000000000e+00,3.857309866213e-15,-19.270800561603,-19.270394039982,4.065216203770e-04,3.256233878,10.240370841,10.240894749,13.496604719,13.497128627
5773000000.000000,1.000000000000e+00,1.000000000000e+00,-3.471578879592e-14,-19.335054481912,-19.334651300824,4.031810881813e-04,3.515805686,10.212418330,10.212957283,13.728224016,13.728762969
5774000000.000000,1.000000000000e+00,1.000000000000e+00,5.785964799320e-15,-19.399133595206,-19.398733846265,3.997489402501e-04,3.959337434,10.184738606,10.185291685,14.144076040,14.144629119
5775000000.000000,1.000000000000e+00,1.000000000000e+00,1.388631551837e-13,-19.463039681840,-19.462643450952,3.962308882492e-04,3.827308108,10.157352267,10.157918573,13.984660375,13.985226681
5776000000.000000,1.000000000000e+00,1.000000000000e+00,-2.217953173073e-14,-19.526774648259,-19.526382015729,3.926325299481e-04,3.584943675,10.130278862,10.130857513,13.715222537,13.715801188
5777000000.000000,1.000000000000e+00,1.000000000000e+00,-1.060760213209e-13,-19.590340520443,-19.589951561098,3.889593447042e-04,3.590734462,10.103536905,10.104127038,13.694271367,13.694861500
5778000000.000000,1.000000000000e+00,1.000000000000e+00,-1.080046762540e-13,-19.653739437518,-19.653354220828,3.852166897822e-04,3.788647055,10.077143908,10.077744682,13.865790963,13.866391737
5779000000.000000,1.000000000000e+00,1.000000000000e+00,-8.486081705669e-14,-19.716973645527,-19.716592235730,3.814097973240e-04,3.681884255,10.051116407,10.051726999,13.733000662,13.733611254
5780000000.000000,1.000000000000e+00,1.000000000000e+00,-7.811052479082e-14,-19.780045491383,-19.779667947611,3.775437720215e-04,3.899590302,10.025469989,10.026089596,13.925060291,13.925679898
5781000000.000000,1.000000000000e+00,1.000000000000e+00,8.486081705669e-14,-19.842957416997,-19.842583793408,3.736235893967e-04,4.138244459,10.000219322,10.000847163,14.138463781,14.139091622
5782000000.000000,1.000000000000e+00,1.000000000000e+00,6.557426772562e-14,-19.905711953612,-19.905342299517,3.696540946692e-04,4.278317204,9.975378187,9.976013501,14.253695391,14.254330705
5783000000.000000,1.000000000000e+00,1.000000000000e+00,-5.014502826077e-14,-19.968311716317,-19.967946076315,3.656400021974e-04,3.977739579,9.950959509,9.951601556,13.928699088,13.929341135
5784000000.000000,1.000000000000e+00,1.000000000000e+00,-5.978830292630e-14,-20.030759398774,-20.030397812878,3.615858953872e-04,3.514240079,9.926975389,9.927623450,13.441215468,13.441863529
5785000000.000000,1.000000000000e+00,1.000000000000e+00,1.118619861202e-13,-20.093057768140,-20.092700271913,3.574962270712e-04,4.195847501,9.903437138,9.904090514,14.099284639,14.099938015
5786000000.000000,1.000000000000e+00,1.000000000000e+00,-3.760877119558e-14,-20.155209660201,-20.154856284881,3.533753203158e-04,4.535233813,9.880355305,9.881013320,14.415589118,14.416247133
5787000000.000000,1.000000000000e+00,1.000000000000e+00,3.857309866213e-14,-20.217217974702,-20.216868747333,3.492273696324e-04,4.130164819,9.857739716,9.858401711,13.987904535,13.988566530
5788000000.000000,1.000000000000e+00,1.000000000000e+00,5.400233812698e-14,-20.279085670890,-20.278740614447,3.450564424945e-04,3.835150474,9.835599502,9.836264840,13.670749976,13.671415314
5789000000.000000,1.000000000000e+00,1.000000000000e+00,1.253625706519e-13,-20.340815763256,-20.340474896775,3.408664812241e-04,3.951838264,9.813943133,9.814611197,13.765781397,13.766449461
5790000000.000000,1.000000000000e+00,1.000000000000e+00,-3.182280639626e-14,-20.402411317485,-20.402074656180,3.366613051341e-04,4.254442964,9.792778450,9.793448641,14.047221414,14.047891605
5791000000.000000,1.000000000000e+00,1.000000000000e+00,1.735789439796e-14,-20.463875446600,-20.463543001987,3.324446129191e-04,3.834468608,9.772112695,9.772784434,13.606581303,13.607253042
5792000000.000000,1.000000000000e+00,1.000000000000e+00,1.928654933107e-14,-20.525211307303,-20.524883087317,3.282199852883e-04,4.335323126,9.751952546,9.752625273,14.087275672,14.087948399
5793000000.000000,1.000000000000e+00,1.000000000000e+00,-9.643274665533e-16,-20.586422096513,-20.586098105625,3.239908877788e-04,4.667399534,9.732304143,9.732977313,14.399703677,14.400376847
5794000000.000000,1.000000000000e+00,1.000000000000e+00,2.507251413039e-14,-20.647511048092,-20.647191287418,3.197606737757e-04,4.552639219,9.713173118,9.713846208,14.265812337,14.266485427
5795000000.000000,1.000000000000e+00,1.000000000000e+00,1.928654933107e-15,-20.708481429752,-20.708165897164,3.155325875994e-04,4.408179154,9.694564628,9.695237129,14.102743782,14.103416283
5796000000.000000,1.000000000000e+00,1.000000000000e+00,-7.328888745805e-14,-20.769336540148,-20.769025230380,3.113097678380e-04,4.179691199,9.676483379,9.677154801,13.856174578,13.856846000
5797000000.000000,1.000000000000e+00,1.000000000000e+00,1.080046762540e-13,-20.830079706141,-20.829772610890,3.070952506583e-04,4.657756026,9.658933658,9.659603525,14.316689684,14.317359551
5798000000.000000,1.000000000000e+00,1.000000000000e+00,2.892982399660e-14,-20.890714280232,-20.890411388259,3.028919732948e-04,4.665772382,9.641919353,9.642587205,14.307691735,14.308359587
5799000000.000000,1.000000000000e+00,1.000000000000e+00,-6.460994025907e-14,-20.951243638163,-20.950944935386,2.987027775561e-04,4.862715194,9.625443985,9.626109377,14.488159179,14.488824571
5800000000.000000,1.000000000000e+00,1.000000000000e+00,-1.504350847823e-13,-21.011671176675,-21.011376646261,2.945304134023e-04,4.804973083,9.609510730,9.610173231,14.414483813,14.415146314
5801000000.000000,1.000000000000e+00,1.000000000000e+00,-3.471578879592e-14,-21.072000311414,-21.071709933872,2.903775425480e-04,4.743492093,9.594122442,9.594781636,14.337614535,14.338273729
5802000000.000000,1.000000000000e+00,1.000000000000e+00,1.157192959864e-14,-21.132234474999,-21.131948228257,2.862467420996e-04,4.502783956,9.579281679,9.579937161,14.082065635,14.082721117
5803000000.000000,1.000000000000e+00,1.000000000000e+00,-9.161110932256e-14,-21.192377115213,-21.192094974705,2.821405081903e-04,4.441480447,9.564990723,9.565642103,14.006471170,14.007122550
5804000000.000000,1.000000000000e+00,1.000000000000e+00,4.821637332766e-14,-21.252431693342,-21.252153632083,2.780612595963e-04,4.861566259,9.551251599,9.551898498,14.412817858,14.413464757
5805000000.000000,1.000000000000e+00,1.000000000000e+00,-1.089690037205e-13,-21.312401682643,-21.312127671302,2.740113414035e-04,5.136958747,9.538066102,9.538708152,14.675024849,14.675666899
5806000000.000000,1.000000000000e+00,1.000000000000e+00,9.643274665533e-15,-21.372290566931,-21.372020573902,2.699930285850e-04,4.746325131,9.525435809,9.526072653,14.271760940,14.272397784
5807000000.000000,1.000000000000e+00,1.000000000000e+00,-2.121520426417e-14,-21.432101839287,-21.431835830757,2.660085295751e-04,5.050620258,9.513362101,9.513993392,14.563982359,14.564613650
5808000000.000000,1.000000000000e+00,1.000000000000e+00,-8.100350719048e-14,-21.491839000882,-21.491576940892,2.620599898187e-04,4.800508211,9.501846180,9.502471582,14.302354391,14.302979793
5809000000.000000,1.000000000000e+00,1.000000000000e+00,8.293216212358e-14,-21.551505559903,-21.551247410408,2.581494952594e-04,4.460204068,9.490889085,9.491508270,13.951093153,13.951712338
5810000000.000000,1.000000000000e+00,1.000000000000e+00,6.943157759184e-14,-21.611105030582,-21.610850751506,2.542790757829e-04,5.096763772,9.480491709,9.481104359,14.577255481,14.577868131
5811000000.000000,1.000000000000e+00,1.000000000000e+00,-1.234339157188e-13,-21.670640932322,-21.670390481613,2.504507086165e-04,5.088275468,9.470654812,9.471260616,14.558930280,14.559536084
5812000000.000000,1.000000000000e+00,1.000000000000e+00,-4.725204586111e-14,-21.730116788914,-21.729870122593,2.466663216616e-04,4.697196189,9.461379038,9.461977692,14.158575227,14.159173881
5813000000.000000,1.000000000000e+00,1.000000000000e+00,4.050175359524e-14,-21.789536127838,-21.789293200041,2.429277967551e-04,4.521239666,9.452664924,9.453256133,13.973904590,13.974495799
5814000000.000000,1.000000000000e+00,1.000000000000e+00,-1.542923946485e-14,-21.848902479642,-21.848663242669,2.392369728703e-04,5.460663842,9.444512915,9.445096389,14.905176757,14.905760231
5815000000.000000,1.000000000000e+00,1.000000000000e+00,7.136023252494e-14,-21.908219377401,-21.907983781751,2.355956492863e-04,5.268035715,9.436923376,9.437498831,14.704959091,14.705534546
5816000000.000000,1.000000000000e+00,1.000000000000e+00,-2.892982399660e-14,-21.967490356241,-21.967258350653,2.320055886003e-04,4.891945381,9.429896600,9.430463759,14.321841981,14.322409140
5817000000.000000,1.000000000000e+00,1.000000000000e+00,-7.136023252494e-14,-22.026718952933,-22.026490484414,2.284685197580e-04,5.418820916,9.423432822,9.423991412,14.842253738,14.842812328
5818000000.000000,1.000000000000e+00,1.000000000000e+00,-8.293216212358e-14,-22.085908705541,-22.085683719400,2.249861409425e-04,5.332153809,9.417532224,9.418081977,14.749686033,14.750235786
5819000000.000000,1.000000000000e+00,1.000000000000e+00,-9.161110932256e-14,-22.145063153129,-22.144841593007,2.215601224158e-04,4.988897625,9.412194945,9.412735597,14.401092570,14.401633222
5820000000.000000,1.000000000000e+00,1.000000000000e+00,1.080046762540e-13,-22.204185835520,-22.203967643411,2.181921092834e-04,5.625678422,9.407421092,9.407952383,15.033099514,15.033630805
5821000000.000000,1.000000000000e+00,1.000000000000e+00,-2.217953173073e-14,-22.263280293099,-22.263065409374,2.148837241762e-04,5.317663896,9.403210741,9.403732414,14.720874637,14.721396310
5822000000.000000,1.000000000000e+00,1.000000000000e+00,-8.003917972392e-14,-22.322350066655,-22.322138430085,2.116365698086e-04,4.686552203,9.399563947,9.400075749,14.086116150,14.086627952
5823000000.000000,1.000000000000e+00,1.000000000000e+00,5.593099306009e-14,-22.381398697270,-22.381190245038,2.084522315364e-04,5.056042965,9.396480750,9.396982429,14.452523715,14.453025394
5824000000.000000,1.000000000000e+00,1.000000000000e+00,-1.253625706519e-14,-22.440429726227,-22.440224393947,2.053322797444e-04,4.622955024,9.393961177,9.394452485,14.016916201,14.017407509
5825000000.000000,1.000000000000e+00,1.000000000000e+00,-5.014502826077e-14,-22.499446694958,-22.499244416686,2.022782722264e-04,4.882304786,9.392005250,9.392485940,14.274310036,14.274790726
5826000000.000000,1.000000000000e+00,1.000000000000e+00,7.907485225737e-14,-22.558453145014,-22.558253853258,1.992917564060e-04,5.701762614,9.390612987,9.391082812,15.092375601,15.092845426
5827000000.000000,1.000000000000e+00,1.000000000000e+00,6.943157759184e-14,-22.617452618048,-22.617256243777,1.963742715319e-04,5.287226075,9.389784404,9.390243121,14.677010479,14.677469196
5828000000.000000,1.000000000000e+00,1.000000000000e+00,-5.785964799320e-14,-22.676448655825,-22.676255128475,1.935273507527e-04,5.191915995,9.389519521,9.389966885,14.581435516,14.581882880
5829000000.000000,1.000000000000e+00,1.000000000000e+00,-3.664444372902e-14,-22.735444800236,-22.735254047713,1.907525231069e-04,5.444432765,9.389818359,9.390254128,14.834251124,14.834686893
5830000000.000000,1.000000000000e+00,1.000000000000e+00,8.678947198980e-14,-22.794444593323,-22.794256542008,1.880513154155e-04,4.914963643,9.390680945,9.391104875,14.305644588,14.306068518
5831000000.000000,1.000000000000e+00,1.000000000000e+00,-1.051116938543e-13,-22.853451577307,-22.853266152053,1.854252541129e-04,4.738551744,9.392107309,9.392519158,14.130659053,14.131070902
5832000000.000000,1.000000000000e+00,1.000000000000e+00,-4.725204586111e-14,-22.912469294617,-22.912286418750,1.828758669475e-04,5.140578749,9.394097487,9.394497011,14.534676236,14.535075760
5833000000.000000,1.000000000000e+00,1.000000000000e+00,-8.389648959014e-14,-22.971501287913,-22.971320883228,1.804046846132e-04,5.433549917,9.396651516,9.397038471,14.830201433,14.830588388
5834000000.000000,1.000000000000e+00,1.000000000000e+00,3.857309866213e-14,-23.030551100101,-23.030373086859,1.780132422589e-04,4.998590435,9.399769436,9.400143578,14.398359871,14.398734013
5835000000.000000,1.000000000000e+00,1.000000000000e+00,4.821637332766e-14,-23.089622274336,-23.089446571255,1.757030809202e-04,5.256330463,9.403451285,9.403812368,14.659781748,14.660142831
5836000000.000000,1.000000000000e+00,1.000000000000e+00,8.486081705669e-14,-23.148718354009,-23.148544878260,1.734757488343e-04,5.293920954,9.407697099,9.408044875,14.701618053,14.701965829
5837000000.000000,1.000000000000e+00,1.000000000000e+00,-5.496666559354e-14,-23.207842882711,-23.207671549908,1.713328026689e-04,5.220298342,9.412506904,9.412841125,14.632805246,14.633139467
5838000000.000000,1.000000000000e+00,1.000000000000e+00,-4.628771839456e-14,-23.266999404173,-23.266830128365,1.692758086165e-04,5.277429394,9.417880715,9.418201131,14.695310109,14.695630525
5839000000.000000,1.000000000000e+00,1.000000000000e+00,1.080046762540e-13,-23.326191462182,-23.326024155838,1.673063434033e-04,5.036420107,9.423818532,9.424124891,14.460238639,14.460544998
5840000000.000000,1.000000000000e+00,1.000000000000e+00,1.928654933107e-14,-23.385422600450,-23.385257174455,1.654259951351e-04,4.619854189,9.430320330,9.430612378,14.050174519,14.050466567
5841000000.000000,1.000000000000e+00,1.000000000000e+00,-2.989415146315e-14,-23.444696362463,-23.444532726099,1.636363641175e-04,5.167487041,9.437386057,9.437663538,14.604873098,14.605150579
5842000000.000000,1.000000000000e+00,1.000000000000e+00,2.121520426417e-14,-23.504016291272,-23.503854352208,1.619390634389e-04,5.726053467,9.445015623,9.445278280,15.171069090,15.171331747
5843000000.000000,1.000000000000e+00,1.000000000000e+00,-1.263268981185e-13,-23.563385929247,-23.563225593527,1.603357195066e-04,4.947315533,9.453208898,9.453456470,14.400524431,14.400772003
5844000000.000000,1.000000000000e+00,1.000000000000e+00,-9.161110932256e-14,-23.622808817775,-23.622649989803,1.588279724203e-04,4.943722357,9.461965695,9.462197921,14.405688052,14.405920278
5845000000.000000,1.000000000000e+00,1.000000000000e+00,-8.293216212358e-14,-23.682288496906,-23.682131079430,1.574174762027e-04,4.849219295,9.471285768,9.471502384,14.320505063,14.320721679
5846000000.000000,1.000000000000e+00,1.000000000000e+00,-6.750292265873e-15,-23.741828504932,-23.741672399033,1.561058988848e-04,4.730162684,9.481168800,9.481369539,14.211331484,14.211532223
5847000000.000000,1.000000000000e+00,1.000000000000e+00,-9.064678185601e-14,-23.801432377906,-23.801277482984,1.548949224706e-04,5.180071856,9.491614390,9.491798983,14.671686246,14.671870839
5848000000.000000,1.000000000000e+00,1.000000000000e+00,5.785964799320e-14,-23.861103649090,-23.860949862847,1.537862426844e-04,5.206319318,9.502622044,9.502790220,14.708941362,14.709109538
5849000000.000000,1.000000000000e+00,1.000000000000e+00,-8.678947198980e-14,-23.920845848321,-23.920693066753,1.527815686160e-04,4.858832394,9.514191160,9.514342646,14.373023554,14.373175040
5850000000.000000,1.000000000000e+00,1.000000000000e+00,-2.989415146315e-14,-23.980662501309,-23.980510618687,1.518826221520e-04,4.804715699,9.526321019,9.526455539,14.331036718,14.331171238
5851000000.000000,1.000000000000e+00,1.000000000000e+00,-1.253625706519e-14,-24.040557128832,-24.040406037695,1.510911372407e-04,4.863668365,9.539010763,9.539128042,14.402679128,14.402796407
5852000000.000000,1.000000000000e+00,1.000000000000e+00,8.293216212358e-14,-24.100533245856,-24.100382836997,1.504088589677e-04,5.029871296,9.552259391,9.552359149,14.582130687,14.582230445
5853000000.000000,1.000000000000e+00,1.000000000000e+00,1.716502890465e-13,-24.160594360548,-24.160444523006,1.498375424198e-04,5.210091460,9.566065734,9.566147692,14.776157194,14.776239152
5854000000.000000,1.000000000000e+00,1.000000000000e+00,-7.521754239116e-14,-24.220743973193,-24.220594594241,1.493789513916e-04,4.974091632,9.580428442,9.580492318,14.554520074,14.554583950
5855000000.000000,1.000000000000e+00,1.000000000000e+00,3.085847892971e-14,-24.280985574994,-24.280836540137,1.490348567827e-04,4.457079400,9.595345966,9.595391477,14.052425366,14.052470877
5856000000.000000,1.000000000000e+00,1.000000000000e+00,-1.735789439796e-14,-24.341322646772,-24.341173839737,1.488070348863e-04,4.549681749,9.610816539,9.610843404,14.160498288,14.160525153
5857000000.000000,1.000000000000e+00,1.000000000000e+00,5.978830292630e-14,-24.401758657534,-24.401609960269,1.486972653417e-04,4.535878846,9.626838159,9.626846094,14.162717005,14.162724940
5858000000.000000,1.000000000000e+00,1.000000000000e+00,9.643274665533e-14,-24.462297062927,-24.462148355598,1.487073288828e-04,4.978379756,9.643408565,9.643397286,14.621788321,14.621777042
5859000000.000000,1.000000000000e+00,1.000000000000e+00,-3.471578879592e-14,-24.522941303550,-24.522792464545,1.488390048401e-04,4.677621738,9.660525217,9.660494442,14.338146955,14.338116180
5860000000.000000,1.000000000000e+00,1.000000000000e+00,-9.064678185601e-14,-24.583694803139,-24.583545709071,1.490940683659e-04,4.199525287,9.678185276,9.678134722,13.877710563,13.877660009
5861000000.000000,1.000000000000e+00,1.000000000000e+00,-1.735789439796e-13,-24.644560966607,-24.644411492319,1.494742873547e-04,4.796533603,9.696385578,9.696314965,14.492919181,14.492848568
5862000000.000000,1.000000000000e+00,1.000000000000e+00,4.050175359524e-14,-24.705543177929,-24.705393196510,1.499814191277e-04,4.698771240,9.715122610,9.715031659,14.413893850,14.413802899
5863000000.000000,1.000000000000e+00,1.000000000000e+00,-2.892982399660e-15,-24.766644797887,-24.766494180680,1.506172067529e-04,4.463442425,9.734392488,9.734280924,14.197834913,14.197723349
5864000000.000000,1.000000000000e+00,1.000000000000e+00,7.136023252494e-14,-24.827869161640,-24.827717778265,1.513833751190e-04,4.305862054,9.754190929,9.754058478,14.060052983,14.059920532
5865000000.000000,1.000000000000e+00,1.000000000000e+00,-6.750292265873e-14,-24.889219576140,-24.889067294514,1.522816266508e-04,4.365943599,9.774513223,9.774359618,14.140456822,14.140303217
5866000000.000000,1.000000000000e+00,1.000000000000e+00,4.050175359524e-14,-24.950699317375,-24.950546003738,1.533136366909e-04,4.601727583,9.795354209,9.795179184,14.397081792,14.396906767
5867000000.000000,1.000000000000e+00,1.000000000000e+00,9.643274665533e-14,-25.012311627429,-25.012157146380,1.544810485576e-04,4.344328081,9.816708243,9.816511541,14.161036324,14.160839622
5868000000.000000,1.000000000000e+00,1.000000000000e+00,2.892982399660e-14,-25.074059711374,-25.073903925905,1.557854682588e-04,4.101478812,9.838569172,9.838350541,13.940047984,13.939829353
5869000000.000000,1.000000000000e+00,1.000000000000e+00,1.292198805181e-13,-25.135946733965,-25.135789505506,1.572284588001e-04,4.093389930,9.860930302,9.860689496,13.954320232,13.954079426
5870000000.000000,1.000000000000e+00,1.000000000000e+00,-7.714619732426e-15,-25.197975816155,-25.197817004621,1.588115342201e-04,4.401089537,9.883784368,9.883521150,14.284873905,14.284610687
5871000000.000000,1.000000000000e+00,1.000000000000e+00,6.557426772562e-14,-25.260150031407,-25.259989495254,1.605361531283e-04,4.392787558,9.907123503,9.906837647,14.299911061,14.299625205
5872000000.000000,1.000000000000e+00,1.000000000000e+00,-3.471578879592e-14,-25.322472401816,-25.322309998104,1.624037120003e-04,3.815005827,9.930939207,9.930630495,13.745945034,13.745636322
5873000000.000000,1.000000000000e+00,1.000000000000e+00,7.907485225737e-14,-25.384945894028,-25.384781478490,1.644155379701e-04,4.180600674,9.955222314,9.954890542,14.135822988,14.135491216
5874000000.000000,1.000000000000e+00,1.000000000000e+00,-2.603684159694e-14,-25.447573414957,-25.447406842075,1.665728813229e-04,4.155556018,9.979962960,9.979607935,14.135518978,14.135163953
5875000000.000000,1.000000000000e+00,1.000000000000e+00,7.907485225737e-14,-25.510357807299,-25.510188930391,1.688769075798e-04,3.980863617,10.005150551,10.004772096,13.986014168,13.985635713
5876000000.000000,1.000000000000e+00,1.000000000000e+00,9.643274665533e-15,-25.573301844838,-25.573130516148,1.713286891700e-04,3.740985341,10.030773731,10.030371682,13.771759072,13.771357023
5877000000.000000,1.000000000000e+00,1.000000000000e+00,-8.775379945635e-14,-25.636408227550,-25.636234298353,1.739291967873e-04,3.801020657,10.056820345,10.056394558,13.857841002,13.857415215
5878000000.000000,1.000000000000e+00,1.000000000000e+00,1.118619861202e-13,-25.699679576501,-25.699502897211,1.766792903197e-04,3.844514239,10.083277414,10.082827761,13.927791653,13.927342000
5879000000.000000,1.000000000000e+00,1.000000000000e+00,0.000000000000e+00,-25.763118428544,-25.762938848835,1.795797094317e-04,3.677005005,10.110131096,10.109657469,13.787136101,13.786662474
5880000000.000000,1.000000000000e+00,1.000000000000e+00,1.118619861202e-13,-25.826727230812,-25.826544599748,1.826310638364e-04,4.269225190,10.137366658,10.136868971,14.406591848,14.406094161
5881000000.000000,1.000000000000e+00,1.000000000000e+00,-7.618186985771e-14,-25.890508335021,-25.890322501198,1.858338231600e-04,3.852913965,10.164968445,10.164446637,14.017882410,14.017360602
5882000000.000000,1.000000000000e+00,1.000000000000e+00,9.836140158843e-14,-25.954463991581,-25.954274803274,1.891883065923e-04,3.566874084,10.192919852,10.192373883,13.759793936,13.759247967
5883000000.000000,1.000000000000e+00,1.000000000000e+00,-3.760877119558e-14,-26.018596343520,-26.018403648848,1.926946721511e-04,3.398507097,10.221203290,10.220633149,13.619710387,13.619140246
5884000000.000000,1.000000000000e+00,1.000000000000e+00,5.207368319388e-14,-26.082907420242,-26.082711067337,1.963529057605e-04,3.224148278,10.249800164,10.249205869,13.473948442,13.473354147
5885000000.000000,1.000000000000e+00,1.000000000000e+00,-1.928654933107e-14,-26.147399131108,-26.147198968298,2.001628100423e-04,3.693599272,10.278690848,10.278072445,13.972290120,13.971671717
5886000000.000000,1.000000000000e+00,1.000000000000e+00,4.628771839456e-14,-26.212073258872,-26.211869134879,2.041239929831e-04,3.875423031,10.307854658,10.307212225,14.183277689,14.182635256
5887000000.000000,1.000000000000e+00,1.000000000000e+00,5.785964799320e-15,-26.276931452976,-26.276723217119,2.082358563840e-04,3.504893817,10.337269832,10.336603482,13.842163649,13.841497299
5888000000.000000,1.000000000000e+00,1.000000000000e+00,9.836140158843e-14,-26.341975222718,-26.341762725133,2.124975842754e-04,3.094315031,10.366913513,10.366223396,13.461228544,13.460538427
5889000000.000000,1.000000000000e+00,1.000000000000e+00,-8.486081705669e-14,-26.407205930312,-26.406989022180,2.169081312076e-04,3.632113258,10.396761734,10.396048034,14.028874992,14.028161292
5890000000.000000,1.000000000000e+00,1.000000000000e+00,-1.330771903844e-13,-26.472624783861,-26.472403317650,2.214662106574e-04,3.521416436,10.426789403,10.426052344,13.948205839,13.947468780
5891000000.000000,1.000000000000e+00,1.000000000000e+00,-9.353976425567e-14,-26.538232830265,-26.538006659982,2.261702833906e-04,3.136358836,10.456970294,10.456210143,13.593329130,13.592568979
5892000000.000000,1.000000000000e+00,1.000000000000e+00,7.521754239116e-14,-26.604030948080,-26.603799929534,2.310185460495e-04,3.443196217,10.487277046,10.486494112,13.930473263,13.929690329
5893000000.000000,1.000000000000e+00,1.000000000000e+00,1.022187114546e-13,-26.670019840362,-26.669783831442,2.360089199485e-04,3.156615028,10.517681158,10.516875795,13.674296186,13.673490823
5894000000.000000,1.000000000000e+00,1.000000000000e+00,-1.060760213209e-13,-26.736200027521,-26.735958888481,2.411390401384e-04,3.201188992,10.548152997,10.547325604,13.749341989,13.748514596
5895000000.000000,1.000000000000e+00,1.000000000000e+00,-1.350058453175e-13,-26.802571840216,-26.802325433971,2.464062448659e-04,2.919359710,10.578661801,10.577812827,13.498021511,13.497172537
5896000000.000000,1.000000000000e+00,1.000000000000e+00,-1.205409333192e-13,-26.869135412318,-26.868883604753,2.518075655438e-04,2.711477211,10.609175700,10.608305642,13.320652911,13.319782853
5897000000.000000,1.000000000000e+00,1.000000000000e+00,-6.750292265873e-15,-26.935890673981,-26.935633334263,2.573397172227e-04,3.493207225,10.639661732,10.638771139,14.132868957,14.131978364
5898000000.000000,1.000000000000e+00,1.000000000000e+00,2.892982399660e-14,-27.002837344856,-27.002574345766,2.629990897987e-04,3.326681891,10.670085868,10.669175341,13.996767759,13.995857232
5899000000.000000,1.000000000000e+00,1.000000000000e+00,-3.182280639626e-14,-27.069974927488,-27.069706145748,2.687817399618e-04,2.466570018,10.700413047,10.699483240,13.166983065,13.166053258
5900000000.000000,1.000000000000e+00,1.000000000000e+00,-6.750292265873e-14,-27.137302700927,-27.137028017543,2.746833840099e-04,2.473671983,10.730607210,10.729658834,13.204279193,13.203330817
5901000000.000000,1.000000000000e+00,1.000000000000e+00,2.121520426417e-14,-27.204819714610,-27.204539015219,2.806993916771e-04,2.860794910,10.760631352,10.759665171,13.621426262,13.620460081
5902000000.000000,1.000000000000e+00,1.000000000000e+00,1.928654933107e-14,-27.272524782544,-27.272237957763,2.868247810390e-04,2.940015592,10.790447568,10.789464402,13.730463160,13.729479994
5903000000.000000,1.000000000000e+00,1.000000000000e+00,-1.465777749161e-13,-27.340416477841,-27.340123423626,2.930542146053e-04,2.888931913,10.820017114,10.819017842,13.708949027,13.707949755
5904000000.000000,1.000000000000e+00,1.000000000000e+00,-2.025087679762e-14,-27.408493127647,-27.408193745650,2.993819967791e-04,2.868219500,10.849300475,10.848286033,13.717519975,13.716505533
5905000000.000000,1.000000000000e+00,1.000000000000e+00,-1.022187114546e-13,-27.476752808522,-27.476447006449,3.058020726492e-04,2.687912280,10.878257442,10.877228821,13.566169722,13.565141101
5906000000.000000,1.000000000000e+00,1.000000000000e+00,-1.832222186451e-14,-27.545193342297,-27.544881034268,3.123080284055e-04,2.579692363,10.906847185,10.905805434,13.486539548,13.485497797
5907000000.000000,1.000000000000e+00,1.000000000000e+00,7.714619732426e-14,-27.613812292477,-27.613493399384,3.188930932652e-04,2.544185521,10.935028350,10.933974576,13.479213871,13.478160097
5908000000.000000,1.000000000000e+00,1.000000000000e+00,4.243040852834e-14,-27.682606961226,-27.682281411083,3.255501431987e-04,2.504612564,10.962759155,10.961694519,13.467371719,13.466307083
5909000000.000000,1.000000000000e+00,1.000000000000e+00,-1.311485354512e-13,-27.751574386973,-27.751242115267,3.322717063909e-04,2.851958282,10.989997487,10.988923205,13.841955769,13.840881487
5910000000.000000,1.000000000000e+00,1.000000000000e+00,-4.339473599490e-14,-27.820711342700,-27.820372292730,3.390499705986e-04,2.679960008,11.016701020,11.015618362,13.696661028,13.695578370
5911000000.000000,1.000000000000e+00,1.000000000000e+00,6.943157759184e-14,-27.890014334942,-27.889668458150,3.458767924336e-04,2.333920581,11.042827329,11.041737616,13.376747910,13.375658197
5912000000.000000,1.000000000000e+00,1.000000000000e+00,7.714619732426e-14,-27.959479603543,-27.959126859834,3.527437086284e-04,2.540558009,11.068334011,11.067238615,13.608892020,13.607796624
5913000000.000000,1.000000000000e+00,1.000000000000e+00,2.025087679762e-13,-28.029103122211,-28.028743480261,3.596419493235e-04,2.409952601,11.093178821,11.092079160,13.503131422,13.502031761
5914000000.000000,1.000000000000e+00,1.000000000000e+00,-4.821637332766e-14,-28.098880599898,-28.098514037445,3.665624533831e-04,2.457973836,11.117319799,11.116217338,13.575293635,13.574191174
5915000000.000000,1.000000000000e+00,1.000000000000e+00,-1.639356693141e-13,-28.168807483048,-28.168433987162,3.734958857855e-04,2.435725028,11.140715416,11.139611660,13.576440444,13.575336688
5916000000.000000,1.000000000000e+00,1.000000000000e+00,8.678947198980e-14,-28.238878958726,-28.238498526069,3.804326570354e-04,2.051156201,11.163324712,11.162221207,13.214480913,13.213377408
5917000000.000000,1.000000000000e+00,1.000000000000e+00,4.050175359524e-14,-28.309089958668,-28.308702595723,3.873629445650e-04,2.232872554,11.185107446,11.184005771,13.417980000,13.416878325
5918000000.000000,1.000000000000e+00,1.000000000000e+00,-7.714619732426e-14,-28.379435164253,-28.379040887537,3.942767161114e-04,2.400513323,11.206024243,11.204926009,13.606537566,13.605439332
5919000000.000000,1.000000000000e+00,1.000000000000e+00,2.160093525079e-13,-28.449909012419,-28.449507848664,4.011637549652e-04,2.277281532,11.226036746,11.224943592,13.503318278,13.502225124
5920000000.000000,1.000000000000e+00,1.000000000000e+00,5.400233812698e-14,-28.520505702532,-28.520097688845,4.080136869931e-04,2.710742513,11.245107765,11.244021353,13.955850278,13.954763866
5921000000.000000,1.000000000000e+00,1.000000000000e+00,-1.137906410533e-13,-28.591219204194,-28.590804388184,4.148160093820e-04,2.329098254,11.263201430,11.262123439,13.592299684,13.591221693
5922000000.000000,1.000000000000e+00,1.000000000000e+00,1.350058453175e-13,-28.662043266001,-28.661621705880,4.215601208770e-04,2.033619550,11.280283336,11.279215458,13.313902886,13.312835008
5923000000.000000,1.000000000000e+00,1.000000000000e+00,8.486081705669e-14,-28.732971425228,-28.732543189875,4.282353534322e-04,2.338425861,11.296320694,11.295264631,13.634746555,13.633690492
5924000000.000000,1.000000000000e+00,1.000000000000e+00,7.521754239116e-14,-28.803997018423,-28.803562187418,4.348310050943e-04,2.333314347,11.311282471,11.310239925,13.644596818,13.643554272
5925000000.000000,1.000000000000e+00,1.000000000000e+00,-6.460994025907e-14,-28.875113192879,-28.874671856505,4.413363738820e-04,2.211322215,11.325139526,11.324112198,13.536461741,13.535434413
5926000000.000000,1.000000000000e+00,1.000000000000e+00,2.892982399660e-14,-28.946312918966,-28.945865178174,4.477407925521e-04,2.129420939,11.337864746,11.336854328,13.467285685,13.466275267
5927000000.000000,1.000000000000e+00,1.000000000000e+00,-8.389648959014e-14,-29.017589003257,-29.017134969593,4.540336638819e-04,2.196975125,11.349433169,11.348441338,13.546408294,13.545416463
5928000000.000000,1.000000000000e+00,1.000000000000e+00,-2.073304053090e-13,-29.088934102425,-29.088473897928,4.602044964130e-04,1.838128448,11.359822097,11.358850514,13.197950545,13.196978962
5929000000.000000,1.000000000000e+00,1.000000000000e+00,4.050175359524e-14,-29.160340737844,-29.159874494904,4.662429402664e-04,2.128719838,11.369011212,11.368061509,13.497731050,13.496781347
5930000000.000000,1.000000000000e+00,1.000000000000e+00,1.427204650499e-13,-29.231801310837,-29.231329172014,4.721388228788e-04,2.267972042,11.376982666,11.376056445,13.644954708,13.644028487
5931000000.000000,1.000000000000e+00,1.000000000000e+00,3.664444372902e-14,-29.303308118503,-29.302830236319,4.778821843523e-04,1.750337404,11.383721173,11.382819998,13.134058577,13.133157402
5932000000.000000,1.000000000000e+00,1.000000000000e+00,-1.938298207772e-13,-29.374853370061,-29.374369906749,4.834633121575e-04,1.989778923,11.389214079,11.388339475,13.378993002,13.378118398
5933000000.000000,1.000000000000e+00,1.000000000000e+00,-5.785964799320e-14,-29.446429203622,-29.445940330847,4.888727750156e-04,2.821650702,11.393451431,11.392604875,14.215102133,14.214255577
5934000000.000000,1.000000000000e+00,1.000000000000e+00,-1.475421023827e-13,-29.518027703322,-29.517533601866,4.941014556081e-04,2.540256707,11.396426025,11.395608939,13.936682732,13.935865646
5935000000.000000,1.000000000000e+00,1.000000000000e+00,1.157192959864e-14,-29.589640916728,-29.589141776146,4.991405819261e-04,1.741432760,11.398133439,11.397347190,13.139566199,13.138779950
5936000000.000000,1.000000000000e+00,1.000000000000e+00,-8.871812692290e-14,-29.661260872431,-29.660756890674,5.039817570349e-04,1.856902549,11.398572063,11.397817954,13.255474612,13.254720503
5937000000.000000,1.000000000000e+00,1.000000000000e+00,-4.339473599490e-14,-29.732879597740,-29.732370980753,5.086169870410e-04,2.596700637,11.397743100,11.397022371,13.994443737,13.993723008
5938000000.000000,1.000000000000e+00,1.000000000000e+00,-1.369345002506e-13,-29.804489136392,-29.803976097685,5.130387070125e-04,2.105983282,11.395650569,11.394964387,13.501633851,13.500947669
5939000000.000000,1.000000000000e+00,1.000000000000e+00,6.171695785941e-14,-29.876081566181,-29.875564326376,5.172398047399e-04,1.783543020,11.392301281,11.391650740,13.175844301,13.175193760
5940000000.000000,1.000000000000e+00,1.000000000000e+00,2.700116906349e-14,-29.947649016436,-29.947127802794,5.212136421200e-04,1.908492427,11.387704808,11.387090926,13.296197235,13.295583353
5941000000.000000,1.000000000000e+00,1.000000000000e+00,-2.102233877086e-13,-30.019183685240,-30.018658731166,5.249540740913e-04,2.067970836,11.381873437,11.381297151,13.449844273,13.449267987
5942000000.000000,1.000000000000e+00,1.000000000000e+00,1.157192959864e-14,-30.090677856326,-30.090149400861,5.284554649165e-04,2.752606511,11.374822111,11.374284276,14.127428622,14.126890787
5943000000.000000,1.000000000000e+00,1.000000000000e+00,-1.128263135867e-13,-30.162123915556,-30.161592202854,5.317127018003e-04,2.253227087,11.366568357,11.366069745,13.619795444,13.619296832
5944000000.000000,1.000000000000e+00,1.000000000000e+00,1.253625706519e-13,-30.233514366915,-30.232979645709,5.347212057956e-04,1.981383153,11.357132204,11.356673500,13.338515357,13.338056653
5945000000.000000,1.000000000000e+00,1.000000000000e+00,-6.846725012528e-14,-30.304841847946,-30.304304371007,5.374769398401e-04,2.512765745,11.346536085,11.346117889,13.859301830,13.858883634
5946000000.000000,1.000000000000e+00,1.000000000000e+00,-4.243040852834e-14,-30.376099144554,-30.375559168140,5.399764140961e-04,1.915403095,11.334804738,11.334427560,13.250207833,13.249830655
5947000000.000000,1.000000000000e+00,1.000000000000e+00,-1.215052607857e-13,-30.447279205121,-30.446736988432,5.422166884301e-04,1.935166548,11.321965084,11.321629350,13.257131632,13.256795898
5948000000.000000,1.000000000000e+00,1.000000000000e+00,-5.978830292630e-14,-30.518375153879,-30.517830958507,5.441953722105e-04,2.983782766,11.308046112,11.307752158,14.291828878,14.291534924
5949000000.000000,1.000000000000e+00,1.000000000000e+00,6.943157759184e-14,-30.589380303490,-30.588834392869,5.459106214403e-04,2.256448826,11.293078746,11.292826823,13.549527572,13.549275649
5950000000.000000,1.000000000000e+00,1.000000000000e+00,-1.446491199830e-14,-30.660288166784,-30.659740805650,5.473611332647e-04,1.885541029,11.277095709,11.276885982,13.162636738,13.162427011
5951000000.000000,1.000000000000e+00,1.000000000000e+00,1.272912255850e-13,-30.731092467629,-30.730543921490,5.485461380523e-04,2.727335997,11.260131382,11.259963931,13.987467379,13.987299928
5952000000.000000,1.000000000000e+00,1.000000000000e+00,-3.953742612868e-14,-30.801787150900,-30.801237685511,5.494653891311e-04,2.370894776,11.242221659,11.242096483,13.613116435,13.612991259
5953000000.000000,1.000000000000e+00,1.000000000000e+00,9.450409172222e-14,-30.872366391525,-30.871816272375,5.501191502901e-04,2.170691336,11.223403799,11.223320816,13.394095135,13.394012152
5954000000.000000,1.000000000000e+00,1.000000000000e+00,4.628771839456e-14,-30.942824602588,-30.942274094406,5.505081812913e-04,1.975949223,11.203716275,11.203675327,13.179665498,13.179624550
5955000000.000000,1.000000000000e+00,1.000000000000e+00,1.350058453175e-14,-31.013156442492,-31.012605808770,5.506337214740e-04,2.054683849,11.183198626,11.183199478,13.237882475,13.237883327
5956000000.000000,1.000000000000e+00,1.000000000000e+00,6.943157759184e-14,-31.083356821172,-31.082806323701,5.504974716679e-04,2.608357825,11.161891303,11.161933650,13.770249128,13.770291475
5957000000.000000,1.000000000000e+00,1.000000000000e+00,1.195766058526e-13,-31.153420905365,-31.152870803790,5.501015746567e-04,2.764340241,11.139835523,11.139918990,13.904175764,13.904259231
5958000000.000000,1.000000000000e+00,1.000000000000e+00,5.978830292630e-14,-31.223344122940,-31.222794674346,5.494485942386e-04,2.726113850,11.117073119,11.117197267,13.843186969,13.843311117
5959000000.000000,1.000000000000e+00,1.000000000000e+00,-5.593099306009e-14,-31.293122166329,-31.292573624836,5.485414932238e-04,2.251148717,11.093646398,11.093810724,13.344795115,13.344959441
5960000000.000000,1.000000000000e+00,1.000000000000e+00,3.664444372902e-14,-31.362750995041,-31.362203611431,5.473836105168e-04,2.320411537,11.069597998,11.069801943,13.390009535,13.390213480
5961000000.000000,1.000000000000e+00,1.000000000000e+00,-8.968245438946e-14,-31.432226837323,-31.431680858685,5.459786373798e-04,2.801387346,11.044970755,11.045213706,13.846358101,13.846601052
5962000000.000000,1.000000000000e+00,1.000000000000e+00,-5.593099306009e-14,-31.501546190972,-31.501001860379,5.443305932396e-04,2.978414572,11.019807571,11.020088864,13.998222143,13.998503436
5963000000.000000,1.000000000000e+00,1.000000000000e+00,-3.471578879592e-14,-31.570705823353,-31.570163379552,5.424438010451e-04,2.528555071,10.994151287,10.994470212,13.522706358,13.523025283
5964000000.000000,1.000000000000e+00,1.000000000000e+00,5.785964799320e-14,-31.639702770635,-31.639162447772,5.403228624736e-04,2.950568541,10.968044568,10.968400372,13.918613109,13.918968913
5965000000.000000,1.000000000000e+00,1.000000000000e+00,4.050175359524e-14,-31.708534336311,-31.707996363678,5.379726330439e-04,2.838592661,10.941529787,10.941921680,13.780122448,13.780514341
5966000000.000000,1.000000000000e+00,1.000000000000e+00,-7.039590505839e-14,-31.777198089030,-31.776662690832,5.353981974210e-04,2.397647217,10.914648922,10.915076076,13.312296139,13.312723293
5967000000.000000,1.000000000000e+00,1.000000000000e+00,-6.653859519218e-14,-31.845691859784,-31.845159254939,5.326048449064e-04,2.784257053,10.887443453,10.887905015,13.671700506,13.672162068
5968000000.000000,1.000000000000e+00,1.000000000000e+00,-7.425321492460e-14,-31.914013738505,-31.913484140460,5.295980453610e-04,2.616835458,10.859954279,10.860449364,13.476789737,13.477284822
5969000000.000000,1.000000000000e+00,1.000000000000e+00,-5.689532052664e-14,-31.982162070108,-31.981635686683,5.263834256404e-04,2.615269550,10.832221626,10.832749328,13.447491176,13.448018878
5970000000.000000,1.000000000000e+00,1.000000000000e+00,-1.147549685198e-13,-32.050135450036,-32.049612483289,5.229667466153e-04,3.196349932,10.804284976,10.804844370,14.000634908,14.001194302
5971000000.000000,1.000000000000e+00,1.000000000000e+00,-1.176479509195e-13,-32.117932719344,-32.117413365463,5.193538809678e-04,3.090880072,10.776182997,10.776773140,13.867063069,13.867653212
5972000000.000000,1.000000000000e+00,1.000000000000e+00,-2.603684159694e-14,-32.185552959379,-32.185037408588,5.155507916896e-04,2.938071663,10.747953478,10.748573416,13.686025141,13.686645079
5973000000.000000,1.000000000000e+00,1.000000000000e+00,-1.176479509195e-13,-32.252995486094,-32.252483922583,5.115635115729e-04,2.443018432,10.719633281,10.720282050,13.162651713,13.163300482
5974000000.000000,1.000000000000e+00,1.000000000000e+00,-2.700116906349e-14,-32.320259844042,-32.319752445919,5.073981235171e-04,2.859433699,10.691258290,10.691934919,13.550691989,13.551368618
5975000000.000000,1.000000000000e+00,1.000000000000e+00,7.328888745805e-14,-32.387345800100,-32.386842739358,5.030607418774e-04,3.904998418,10.662863370,10.663566885,14.567861788,14.568565303
5976000000.000000,1.000000000000e+00,1.000000000000e+00,2.121520426417e-14,-32.454253336955,-32.453754779461,4.985574948080e-04,3.443218857,10.634482334,10.635211760,14.077701191,14.078430617
5977000000.000000,1.000000000000e+00,1.000000000000e+00,2.507251413039e-14,-32.520982646402,-32.520488751895,4.938945076134e-04,2.939649964,10.606147918,10.606902281,13.545797882,13.546552245
5978000000.000000,1.000000000000e+00,1.000000000000e+00,-7.039590505839e-14,-32.587534122487,-32.587045044599,4.890778872664e-04,2.912689117,10.577891757,10.578670088,13.490580874,13.491359205
5979000000.000000,1.000000000000e+00,1.000000000000e+00,-5.593099306009e-14,-32.653908354534,-32.653424240826,4.841137078131e-04,3.446042082,10.549744367,10.550545704,13.995786449,13.996587786
5980000000.000000,1.000000000000e+00,1.000000000000e+00,-1.205409333192e-13,-32.720106120091,-32.719627112094,4.790079970363e-04,3.316579992,10.521735142,10.522558529,13.838315134,13.839138521
5981000000.000000,1.000000000000e+00,1.000000000000e+00,-1.243982431854e-13,-32.786128377831,-32.785654611107,4.737667240420e-04,3.321411824,10.493892340,10.494736833,13.815304164,13.816148657
5982000000.000000,1.000000000000e+00,1.000000000000e+00,1.735789439796e-14,-32.851976260423,-32.851507864635,4.683957879479e-04,3.393516896,10.466243089,10.467107756,13.859759985,13.860624652
5983000000.000000,1.000000000000e+00,1.000000000000e+00,-3.857309866213e-14,-32.917651067431,-32.917188166423,4.629010076016e-04,3.663496709,10.438813388,10.439697309,14.102310097,14.103194018
5984000000.000000,1.000000000000e+00,1.000000000000e+00,-2.314385919728e-14,-32.983154258232,-32.982696970120,4.572881122797e-04,3.459611679,10.411628114,10.412530385,13.871239793,13.872142064
5985000000.000000,1.000000000000e+00,1.000000000000e+00,-7.521754239116e-14,-33.048487445009,-33.048035882276,4.515627333959e-04,3.590766216,10.384711035,10.385630768,13.975477251,13.976396984
5986000000.000000,1.000000000000e+00,1.000000000000e+00,-4.243040852834e-14,-33.113652385815,-33.113206655418,4.457303970824e-04,3.550006421,10.358084823,10.359021148,13.908091244,13.909027569
5987000000.000000,1.000000000000e+00,1.000000000000e+00,-1.070403487874e-13,-33.178650977746,-33.178211181228,4.397965177603e-04,2.968214466,10.331771074,10.332723139,13.299985540,13.300937605
5988000000.000000,1.000000000000e+00,1.000000000000e+00,1.099333311871e-13,-33.243485250232,-33.243051483840,4.337663925256e-04,3.919925019,10.305790326,10.306757298,14.225715345,14.226682317
5989000000.000000,1.000000000000e+00,1.000000000000e+00,-9.064678185601e-14,-33.308157358462,-33.307729713266,4.276451963605e-04,3.916228621,10.280162084,10.281143148,14.196390705,14.197371769
5990000000.000000,1.000000000000e+00,1.000000000000e+00,6.750292265873e-14,-33.372669576961,-33.372248138982,4.214379781615e-04,3.664335853,10.254904842,10.255899205,13.919240695,13.920235058
5991000000.000000,1.000000000000e+00,1.000000000000e+00,9.643274665533e-14,-33.437024293322,-33.436609143664,4.151496574849e-04,3.796747187,10.230036110,10.231043001,14.026783297,14.027790188
5992000000.000000,1.000000000000e+00,1.000000000000e+00,1.485064298492e-13,-33.501224002121,-33.500815217099,4.087850219747e-04,3.699755209,10.205572445,10.206591111,13.905327654,13.906346320
5993000000.000000,1.000000000000e+00,1.000000000000e+00,8.293216212358e-14,-33.565271299000,-33.564868950274,4.023487255154e-04,4.223931526,10.181529477,10.182559188,14.405461003,14.406490714
5994000000.000000,1.000000000000e+00,1.000000000000e+00,-5.207368319388e-14,-33.629168874944,-33.628773029657,3.958452869242e-04,4.118397492,10.157921938,10.158961987,14.276319430,14.277359479
5995000000.000000,1.000000000000e+00,1.000000000000e+00,-8.582514452324e-14,-33.692919510750,-33.692530231661,3.892790892337e-04,3.749657395,10.134763700,10.135813400,13.884421095,13.885470795
5996000000.000000,1.000000000000e+00,1.000000000000e+00,8.293216212358e-14,-33.756526071692,-33.756143417313,3.826543795427e-04,3.689880671,10.112067799,10.113126483,13.801948470,13.803007154
5997000000.000000,1.000000000000e+00,1.000000000000e+00,7.714619732426e-14,-33.819991502388,-33.819615527119,3.759752693142e-04,3.944336032,10.089846469,10.090913495,14.034182501,14.035249527
5998000000.000000,1.000000000000e+00,1.000000000000e+00,3.278713386281e-14,-33.883318821865,-33.882949576130,3.692457351363e-04,4.395155557,10.068111178,10.069185923,14.463266735,14.464341480
5999000000.000000,1.000000000000e+00,1.000000000000e+00,1.600783594478e-13,-33.946511118834,-33.946148649214,3.624696198656e-04,4.379012210,10.046872655,10.047954519,14.425884865,14.426966729
6000000000.000000,1.000000000000e+00,1.000000000000e+00,-8.678947198980e-15,-34.009571547164,-34.009215896530,3.556506342477e-04,4.093557751,10.026140927,10.027229329,14.119698678,14.120787080
6001000000.000000,1.000000000000e+00,1.000000000000e+00,1.195766058526e-13,-34.072503321556,-34.072154529197,3.487923587429e-04,4.174381685,10.005925348,10.007019728,14.180307033,14.181401413
6002000000.000000,1.000000000000e+00,1.000000000000e+00,4.435906346145e-14,-34.135309713423,-34.134967815177,3.418982457433e-04,4.261639968,9.986234630,9.987334450,14.247874598,14.248974418
6003000000.000000,1.000000000000e+00,1.000000000000e+00,1.099333311871e-13,-34.197994046962,-34.197659075340,3.349716220384e-04,4.042318733,9.967076879,9.968181618,14.009395612,14.010500351
6004000000.000000,1.000000000000e+00,1.000000000000e+00,8.678947198980e-14,-34.260559695428,-34.260231679736,3.280156915650e-04,4.388071520,9.948459620,9.949568778,14.336531140,14.337640298
6005000000.000000,1.000000000000e+00,1.000000000000e+00,-7.714619732426e-14,-34.323010077591,-34.322689044053,3.210335383201e-04,4.272833456,9.930389831,9.931502926,14.203223287,14.204336382
6006000000.000000,1.000000000000e+00,1.000000000000e+00,-5.785964799320e-14,-34.385348654387,-34.385034626258,3.140281294876e-04,4.542158814,9.912873970,9.913990539,14.455032784,14.456149353
6007000000.000000,1.000000000000e+00,1.000000000000e+00,1.060760213209e-13,-34.447578925748,-34.447271923429,3.070023187419e-04,4.918393268,9.895918005,9.897037603,14.814311273,14.815430871
6008000000.000000,1.000000000000e+00,1.000000000000e+00,1.465777749161e-13,-34.509704427610,-34.509404468760,2.999588497303e-04,4.724951378,9.879527443,9.880649642,14.604478821,14.605601020
6009000000.000000,1.000000000000e+00,1.000000000000e+00,9.064678185601e-14,-34.571728729095,-34.571435828735,2.929003595824e-04,4.342369481,9.863707355,9.864831742,14.206076836,14.207201223
6010000000.000000,1.000000000000e+00,1.000000000000e+00,5.207368319388e-14,-34.633655429858,-34.633369600475,2.858293826336e-04,4.430430037,9.848462400,9.849588581,14.278892437,14.280018618
6011000000.000000,1.000000000000e+00,1.000000000000e+00,-1.157192959864e-14,-34.695488157597,-34.695209409243,2.787483541695e-04,4.551987167,9.833796858,9.834924452,14.385784025,14.386911619
6012000000.000000,1.000000000000e+00,1.000000000000e+00,1.002900565215e-13,-34.757230565717,-34.756958906102,2.716596142633e-04,4.414097777,9.819714644,9.820843287,14.233812421,14.234941064
6013000000.000000,1.000000000000e+00,1.000000000000e+00,-1.407918101168e-13,-34.818886331140,-34.818621765728,2.645654116762e-04,4.787674607,9.806219340,9.807348680,14.593893947,14.595023287
6014000000.000000,1.000000000000e+00,1.000000000000e+00,-3.664444372902e-14,-34.880459152266,-34.880201684359,2.574679077512e-04,4.824489175,9.793314211,9.794443912,14.617803386,14.618933087
6015000000.000000,1.000000000000e+00,1.000000000000e+00,-6.846725012528e-14,-34.941952747063,-34.941702377883,2.503691804563e-04,4.623555423,9.781002232,9.782131967,14.404557655,14.405687390
6016000000.000000,1.000000000000e+00,1.000000000000e+00,-3.085847892971e-14,-35.003370851288,-35.003127580060,2.432712283067e-04,4.572962328,9.769286100,9.770415560,14.342248428,14.343377888
6017000000.000000,1.000000000000e+00,1.000000000000e+00,-5.303801066043e-14,-35.064717216836,-35.064481040862,2.361759743792e-04,4.380311371,9.758168263,9.759297146,14.138479634,14.139608517
6018000000.000000,1.000000000000e+00,1.000000000000e+00,-5.785964799320e-15,-35.125995610204,-35.125766524934,2.290852702913e-04,4.791797885,9.747650932,9.748778948,14.539448817,14.540576833
6019000000.000000,1.000000000000e+00,1.000000000000e+00,-1.080046762540e-13,-35.187209811062,-35.186987810162,2.220009002443e-04,4.983778137,9.737736096,9.738862968,14.721514233,14.722641105
6020000000.000000,1.000000000000e+00,1.000000000000e+00,-7.907485225737e-14,-35.248363610936,-35.248148686351,2.149245849452e-04,4.849916886,9.728425547,9.729551005,14.578342433,14.579467891
6021000000.000000,1.000000000000e+00,1.000000000000e+00,-8.003917972392e-14,-35.309460811983,-35.309252953997,2.078579856004e-04,4.887798115,9.719720886,9.720844669,14.607519001,14.608642784
6022000000.000000,1.000000000000e+00,1.000000000000e+00,-8.678947198980e-14,-35.370505225859,-35.370304423151,2.008027078375e-04,4.533167957,9.711623542,9.712745399,14.244791499,14.245913356
6023000000.000000,1.000000000000e+00,1.000000000000e+00,4.435906346145e-14,-35.431500672674,-35.431306912369,1.937603056206e-04,4.816166014,9.704134783,9.705254471,14.520300797,14.521420485
6024000000.000000,1.000000000000e+00,1.000000000000e+00,-1.157192959864e-14,-35.492450980027,-35.492264247742,1.867322851226e-04,5.388276388,9.697255729,9.698373012,15.085532117,15.086649400
6025000000.000000,1.000000000000e+00,1.000000000000e+00,5.785964799320e-14,-35.553359982106,-35.553180261997,1.797201085623e-04,4.887682857,9.690987364,9.692102013,14.578670221,14.579784870
6026000000.000000,1.000000000000e+00,1.000000000000e+00,-2.700116906349e-14,-35.614231518865,-35.614058793667,1.727251980128e-04,4.634471497,9.685330545,9.686442335,14.319802042,14.320913832
6027000000.000000,1.000000000000e+00,1.000000000000e+00,-1.215052607857e-13,-35.675069435254,-35.674903686315,1.657489391675e-04,4.508773517,9.680286009,9.681394723,14.189059526,14.190168240
6028000000.000000,1.000000000000e+00,1.000000000000e+00,1.716502890465e-13,-35.735877580508,-35.735718787823,1.587926850561e-04,4.785642667,9.675854386,9.676959811,14.461497053,14.462602478
6029000000.000000,1.000000000000e+00,1.000000000000e+00,-9.643274665533e-14,-35.796659807479,-35.796507949719,1.518577597466e-04,5.682946891,9.672036202,9.673138129,15.354983093,15.356085020
6030000000.000000,1.000000000000e+00,1.000000000000e+00,-1.157192959864e-13,-35.857419972015,-35.857275026553,1.449454619618e-04,5.088107817,9.668831887,9.669930111,14.756939704,14.758037928
6031000000.000000,1.000000000000e+00,1.000000000000e+00,-5.110935572732e-14,-35.918161932373,-35.918023875305,1.380570686607e-04,4.695744181,9.666241779,9.667336099,14.361985960,14.363080280
6032000000.000000,1.000000000000e+00,1.000000000000e+00,-7.714619732426e-14,-35.978889548663,-35.978758354824,1.311938386408e-04,4.901597732,9.664266133,9.665356348,14.565863865,14.566954080
6033000000.000000,1.000000000000e+00,1.000000000000e+00,-4.532339092800e-14,-36.039606682313,-36.039482325297,1.243570159843e-04,4.831659286,9.662905116,9.663991030,14.494564402,14.495650316
6034000000.000000,1.000000000000e+00,1.000000000000e+00,-4.628771839456e-14,-36.100317195560,-36.100199647726,1.175478335753e-04,4.758807498,9.662158817,9.663240235,14.420966315,14.422047733
6035000000.000000,1.000000000000e+00,1.000000000000e+00,4.821637332766e-14,-36.161024950946,-36.160914183429,1.107675164675e-04,5.101807485,9.662027246,9.663103973,14.763834731,14.764911458
6036000000.000000,1.000000000000e+00,1.000000000000e+00,1.735789439796e-14,-36.221733810822,-36.221629793537,1.040172852669e-04,5.172314134,9.662510334,9.663582175,14.834824468,14.835896309
6037000000.000000,1.000000000000e+00,1.000000000000e+00,-2.603684159694e-14,-36.282447636862,-36.282350338502,9.729835951333e-05,5.190334897,9.663607931,9.664674693,14.853942828,14.855009590
6038000000.000000,1.000000000000e+00,1.000000000000e+00,-7.232455999150e-14,-36.343170289554,-36.343079677593,9.061196086435e-05,4.577443688,9.665319810,9.666381297,14.242763498,14.243824985
6039000000.000000,1.000000000000e+00,1.000000000000e+00,-9.257543678912e-14,-36.403905627702,-36.403821668385,8.395931645566e-05,4.985502694,9.667645660,9.668701677,14.653148354,14.654204371
6040000000.000000,1.000000000000e+00,1.000000000000e+00,5.400233812698e-14,-36.464657507891,-36.464580166229,7.734166197793e-05,5.225895400,9.670585086,9.671635434,14.896480486,14.897530834
6041000000.000000,1.000000000000e+00,1.000000000000e+00,-3.375146132937e-14,-36.525429783945,-36.525359023700,7.076024490971e-05,4.757488462,9.674137600,9.675182081,14.431626062,14.432670543
6042000000.000000,1.000000000000e+00,1.000000000000e+00,5.785964799320e-15,-36.586226306350,-36.586162090022,6.421632757281e-05,4.637327380,9.678302624,9.679341035,14.315630004,14.316668415
6043000000.000000,1.000000000000e+00,1.000000000000e+00,1.099333311871e-13,-36.647050921640,-36.646993210450,5.771119020181e-05,4.900510257,9.683079477,9.684111612,14.583589734,14.584621869
6044000000.000000,1.000000000000e+00,1.000000000000e+00,7.136023252494e-14,-36.707907471748,-36.707856225614,5.124613399232e-05,4.867879534,9.688467371,9.689493022,14.556346905,14.557372556
6045000000.000000,1.000000000000e+00,1.000000000000e+00,3.471578879592e-14,-36.768799793311,-36.768754970827,4.482248397153e-05,4.629735535,9.694465403,9.695484356,14.324200938,14.325219891
6046000000.000000,1.000000000000e+00,1.000000000000e+00,2.121520426417e-14,-36.829731716916,-36.829693275324,3.844159200384e-05,4.845226714,9.701072547,9.702084585,14.546299261,14.547311299
6047000000.000000,1.000000000000e+00,1.000000000000e+00,7.136023252494e-14,-36.890707066294,-36.890674961454,3.210483958327e-05,5.081193942,9.708287642,9.709292542,14.789481584,14.790486484
6048000000.000000,1.000000000000e+00,1.000000000000e+00,-7.039590505839e-14,-36.951729657450,-36.951703843809,2.581364065435e-05,4.878262234,9.716109382,9.717106917,14.594371616,14.595369151
6049000000.000000,1.000000000000e+00,1.000000000000e+00,1.195766058526e-13,-37.012803297715,-37.012783728270,1.956944435477e-05,4.284555232,9.724536307,9.725526243,14.009091539,14.010081475
6050000000.000000,1.000000000000e+00,1.000000000000e+00,-3.471578879592e-14,-37.073931784730,-37.073918410992,1.337373767996e-05,4.573208368,9.733566785,9.734548883,14.306775153,14.307757251
6051000000.000000,1.000000000000e+00,1.000000000000e+00,5.207368319388e-14,-37.135118905340,-37.135111677292,7.228048119146e-06,4.751769325,9.743199005,9.744173017,14.494968330,14.495942342
6052000000.000000,1.000000000000e+00,1.000000000000e+00,-5.014502826077e-14,-37.196368434402,-37.196367300455,1.133946177845e-06,4.964499738,9.753430956,9.754396629,14.717930694,14.718896367
6053000000.000000,1.000000000000e+00,1.000000000000e+00,1.562210495816e-13,-37.257684133495,-37.257689040447,-4.906952177919e-06,4.727151364,9.764260413,9.765217486,14.491411777,14.492368850
6054000000.000000,1.000000000000e+00,1.000000000000e+00,-1.446491199830e-14,-37.319069749530,-37.319080642513,-1.089298310575e-05,4.918530301,9.775684923,9.776633127,14.694215224,14.695163428
6055000000.000000,1.000000000000e+00,1.000000000000e+00,-3.568011626247e-14,-37.380529013250,-37.380545835683,-1.682243257051e-05,4.862717653,9.787701784,9.788640842,14.650419437,14.651358495
6056000000.000000,1.000000000000e+00,1.000000000000e+00,8.293216212358e-14,-37.442065637611,-37.442088331145,-2.269353424822e-05,4.290003610,9.800308027,9.801237654,14.090311637,14.091241264
6057000000.000000,1.000000000000e+00,1.000000000000e+00,-6.750292265873e-14,-37.503683316050,-37.503711820517,-2.850446734470e-05,4.311595574,9.813500396,9.814420298,14.125095970,14.126015872
6058000000.000000,1.000000000000e+00,1.000000000000e+00,1.928654933107e-14,-37.565385720615,-37.565419973970,-3.425335464158e-05,4.611158672,9.827275330,9.828185202,14.438434002,14.439343874
6059000000.000000,1.000000000000e+00,1.000000000000e+00,5.207368319388e-14,-37.627176499970,-37.627216438230,-3.993826067727e-05,4.950995928,9.841628934,9.842528465,14.792624862,14.793524393
6060000000.000000,1.000000000000e+00,1.000000000000e+00,2.700116906349e-14,-37.689059277249,-37.689104834439,-4.555718999910e-05,4.636057552,9.856556965,9.857445832,14.492614517,14.493503384
6061000000.000000,1.000000000000e+00,1.000000000000e+00,4.628771839456e-14,-37.751037647774,-37.751088755860,-5.110808559294e-05,3.904011101,9.872054802,9.872932671,13.776065903,13.776943772
6062000000.000000,1.000000000000e+00,1.000000000000e+00,-1.080046762540e-13,-37.813115176610,-37.813171765438,-5.658882747639e-05,4.380617004,9.888117421,9.888983952,14.268734425,14.269600956
6063000000.000000,1.000000000000e+00,1.000000000000e+00,-1.639356693141e-14,-37.875295395967,-37.875357393198,-6.199723147660e-05,4.598756369,9.904739375,9.905594213,14.503495744,14.504350582
6064000000.000000,1.000000000000e+00,1.000000000000e+00,-8.196783465703e-14,-37.937581802432,-37.937649133480,-6.733104815737e-05,3.902259165,9.921914759,9.922757543,13.824173924,13.825016708
6065000000.000000,1.000000000000e+00,1.000000000000e+00,-1.542923946485e-14,-37.999977854036,-38.000050441998,-7.258796194520e-05,4.366470036,9.939637191,9.940467545,14.306107227,14.306937581
6066000000.000000,1.000000000000e+00,1.000000000000e+00,-1.166836234529e-13,-38.062486967143,-38.062564732733,-7.776559055372e-05,4.937459475,9.957899775,9.958717316,14.895359250,14.896176791
6067000000.000000,1.000000000000e+00,1.000000000000e+00,-1.176479509195e-13,-38.125112513151,-38.125195374636,-8.286148450765e-05,4.237966702,9.976695080,9.977499412,14.214661782,14.215466114
6068000000.000000,1.000000000000e+00,1.000000000000e+00,-1.726146165130e-13,-38.187857815022,-38.187945688149,-8.787312705749e-05,4.222099217,9.996015103,9.996805821,14.218114320,14.218905038
6069000000.000000,1.000000000000e+00,1.000000000000e+00,4.243040852834e-14,-38.250726143603,-38.250818941538,-9.279793428618e-05,4.184903935,10.015851244,10.016627930,14.200755179,14.201531865
6070000000.000000,1.000000000000e+00,1.000000000000e+00,9.064678185601e-14,-38.313720713773,-38.313818347028,-9.763325549272e-05,4.157113100,10.036194271,10.036956499,14.193307371,14.194069599
6071000000.000000,1.000000000000e+00,1.000000000000e+00,7.136023252494e-14,-38.376844680373,-38.376947056747,-1.023763739525e-04,4.031307194,10.057034291,10.057781623,14.088341485,14.089088817
6072000000.000000,1.000000000000e+00,1.000000000000e+00,-1.465777749161e-13,-38.440101133956,-38.440208158464,-1.070245079617e-04,3.418865379,10.078360716,10.079092705,13.497226095,13.497958084
6073000000.000000,1.000000000000e+00,1.000000000000e+00,-1.735789439796e-14,-38.503493096318,-38.503604671130,-1.115748122302e-04,4.291702667,10.100162233,10.100878420,14.391864900,14.392581087
6074000000.000000,1.000000000000e+00,1.000000000000e+00,3.664444372902e-14,-38.567023515836,-38.567139540216,-1.160243797074e-04,4.177182408,10.122426768,10.123126686,14.299609176,14.300309094
6075000000.000000,1.000000000000e+00,1.000000000000e+00,-3.568011626247e-14,-38.630695262600,-38.630815632844,-1.203702437209e-04,3.555647000,10.145141459,10.145824631,13.700788459,13.701471631
6076000000.000000,1.000000000000e+00,1.000000000000e+00,1.427204650499e-13,-38.694511123342,-38.694635732722,-1.246093806060e-04,4.332717340,10.168292619,10.168958560,14.501009959,14.501675900
6077000000.000000,1.000000000000e+00,1.000000000000e+00,8.871812692290e-14,-38.758473796161,-38.758602534873,-1.287387127533e-04,4.369022555,10.191865706,10.192513923,14.560888261,14.561536478
6078000000.000000,1.000000000000e+00,1.000000000000e+00,8.293216212358e-14,-38.822585885055,-38.822718640167,-1.327551121122e-04,3.515617644,10.215845293,10.216475284,13.731462937,13.732092928
6079000000.000000,1.000000000000e+00,1.000000000000e+00,-7.136023252494e-14,-38.886849894256,-38.886986549660,-1.366554041837e-04,3.423950151,10.240215036,10.240826291,13.664165187,13.664776442
6080000000.000000,1.000000000000e+00,1.000000000000e+00,2.121520426417e-14,-38.951268222370,-38.951408658743,-1.404363725541e-04,3.657952113,10.264957643,10.265549649,13.922909756,13.923501762
6081000000.000000,1.000000000000e+00,1.000000000000e+00,1.639356693141e-13,-39.015843156343,-39.015987251107,-1.440947639111e-04,3.630861564,10.290054849,10.290627084,13.920916413,13.921488648
6082000000.000000,1.000000000000e+00,1.000000000000e+00,-6.750292265873e-14,-39.080576865246,-39.080724492540,-1.476272936429e-04,3.687407724,10.315487385,10.316039326,14.002895109,14.003447050
6083000000.000000,1.000000000000e+00,1.000000000000e+00,5.978830292630e-14,-39.145471393896,-39.145622424548,-1.510306519776e-04,3.762772491,10.341234957,10.341766074,14.104007448,14.104538565
6084000000.000000,1.000000000000e+00,1.000000000000e+00,7.907485225737e-14,-39.210528656325,-39.210682957836,-1.543015107544e-04,3.744502635,10.367276218,10.367785981,14.111778853,14.112288616
6085000000.000000,1.000000000000e+00,1.000000000000e+00,-1.465777749161e-13,-39.275750429108,-39.275907865638,-1.574365307206e-04,3.410273643,10.393588749,10.394076627,13.803862392,13.804350270
6086000000.000000,1.000000000000e+00,1.000000000000e+00,-2.989415146315e-14,-39.341138344560,-39.341298776929,-1.604323695119e-04,3.754192705,10.420149043,10.420614504,14.174341748,14.174807209
6087000000.000000,1.000000000000e+00,1.000000000000e+00,1.485064298492e-13,-39.406693883835,-39.406857169525,-1.632856901779e-04,3.686811662,10.446932483,10.447374998,14.133744145,14.134186660
6088000000.000000,1.000000000000e+00,1.000000000000e+00,1.176479509195e-13,-39.472418369925,-39.472584363096,-1.659931704197e-04,3.483894142,10.473913336,10.474332377,13.957807478,13.958226519
6089000000.000000,1.000000000000e+00,1.000000000000e+00,5.400233812698e-14,-39.538312960597,-39.538481512110,-1.685515123526e-04,3.860557059,10.501064739,10.501459784,14.361621798,14.362016843
6090000000.000000,1.000000000000e+00,1.000000000000e+00,-5.978830292630e-14,-39.604378641281,-39.604549598734,-1.709574529869e-04,3.298723641,10.528358697,10.528729230,13.827082338,13.827452871
6091000000.000000,1.000000000000e+00,1.000000000000e+00,-1.108976586536e-13,-39.670616217941,-39.670789425716,-1.732077752266e-04,3.085535678,10.555766079,10.556111594,13.641301757,13.641647272
6092000000.000000,1.000000000000e+00,1.000000000000e+00,9.836140158843e-14,-39.737026309951,-39.737201609271,-1.752993195652e-04,3.122670057,10.583256626,10.583576625,13.705926683,13.706246682
6093000000.000000,1.000000000000e+00,1.000000000000e+00,7.714619732426e-14,-39.803609343014,-39.803786572011,-1.772289963213e-04,3.124559050,10.610798956,10.611092953,13.735358006,13.735652003
6094000000.000000,1.000000000000e+00,1.000000000000e+00,-2.603684159694e-14,-39.870365542142,-39.870544535941,-1.789937984142e-04,3.074722154,10.638360576,10.638628101,13.713082730,13.713350255
6095000000.000000,1.000000000000e+00,1.000000000000e+00,1.002900565215e-13,-39.937294924748,-39.937475515562,-1.805908147361e-04,3.567010552,10.665907909,10.666148508,14.232918461,14.233159060
6096000000.000000,1.000000000000e+00,1.000000000000e+00,-4.628771839456e-14,-40.004397293870,-40.004579311114,-1.820172439437e-04,3.204652150,10.693406311,10.693619547,13.898058461,13.898271697
6097000000.000000,1.000000000000e+00,1.000000000000e+00,-1.321128629178e-13,-40.071672231584,-40.071855501993,-1.832704087761e-04,3.282181931,10.720820107,10.721005564,14.003002038,14.003187495
6098000000.000000,1.000000000000e+00,1.000000000000e+00,-1.253625706519e-14,-40.139119092624,-40.139303440394,-1.843477707197e-04,3.558733237,10.748112627,10.748269915,14.306845864,14.307003152
6099000000.000000,1.000000000000e+00,1.000000000000e+00,9.643274665533e-15,-40.206736998265,-40.206922245210,-1.852469450512e-04,2.791531534,10.775246254,10.775375006,13.566777788,13.566906540
6100000000.000000,1.000000000000e+00,1.000000000000e+00,-2.700116906349e-14,-40.274524830514,-40.274710796231,-1.859657161276e-04,3.314665797,10.802182471,10.802282350,14.116848268,14.116948147
6101000000.000000,1.000000000000e+00,1.000000000000e+00,-6.653859519218e-14,-40.342481226644,-40.342667728697,-1.865020529337e-04,2.941830528,10.828881925,10.828952622,13.770712453,13.770783150
6102000000.000000,1.000000000000e+00,1.000000000000e+00,5.593099306009e-14,-40.410604574120,-40.410791428244,-1.868541246779e-04,2.507072273,10.855304487,10.855345729,13.362376760,13.362418002
6103000000.000000,1.000000000000e+00,1.000000000000e+00,-1.350058453175e-14,-40.478893005964,-40.479080026281,-1.870203165169e-04,3.149848634,10.881409334,10.881420882,14.031257968,14.031269516
6104000000.000000,1.000000000000e+00,1.000000000000e+00,-1.195766058526e-13,-40.547344396617,-40.547531395862,-1.869992451233e-04,3.230804436,10.907155022,10.907136676,14.137959458,14.137941112
6105000000.000000,1.000000000000e+00,1.000000000000e+00,-6.557426772562e-14,-40.615956358313,-40.616143148087,-1.867897742045e-04,2.920037519,10.932499578,10.932451178,13.852537097,13.852488697
6106000000.000000,1.000000000000e+00,1.000000000000e+00,1.620070143810e-13,-40.684726238055,-40.684912629084,-1.863910296365e-04,3.010809660,10.957400598,10.957322026,13.968210258,13.968131686
6107000000.000000,1.000000000000e+00,1.000000000000e+00,1.928654933107e-14,-40.753651115198,-40.753836917612,-1.858024143004e-04,3.005307138,10.981815346,10.981706531,13.987122484,13.987013669
6108000000.000000,1.000000000000e+00,1.000000000000e+00,8.100350719048e-14,-40.822727799714,-40.822912823336,-1.850236224072e-04,2.739355689,11.005700867,11.005561785,13.745056556,13.744917474
6109000000.000000,1.000000000000e+00,1.000000000000e+00,-5.207368319388e-14,-40.891952831163,-40.892136885817,-1.840546531611e-04,2.720329364,11.029014101,11.028844776,13.749343465,13.749174140
6110000000.000000,1.000000000000e+00,1.000000000000e+00,-1.803292362455e-13,-40.961322478422,-40.961505374245,-1.828958237198e-04,3.239933171,11.051712010,11.051512519,14.291645181,14.291445690
6111000000.000000,1.000000000000e+00,1.000000000000e+00,-4.050175359524e-14,-41.030832740199,-41.031014287980,-1.815477812599e-04,3.214633210,11.073751701,11.073522175,14.288384911,14.288155385
6112000000.000000,1.000000000000e+00,1.000000000000e+00,7.136023252494e-14,-41.100479346386,-41.100659357900,-1.800115140469e-04,2.869193342,11.095090567,11.094831190,13.964283909,13.964024532
6113000000.000000,1.000000000000e+00,1.000000000000e+00,1.118619861202e-13,-41.170257760258,-41.170436048620,-1.782883613686e-04,3.030785112,11.115686420,11.115397435,14.146471532,14.146182547
6114000000.000000,1.000000000000e+00,1.000000000000e+00,5.207368319388e-14,-41.240163181571,-41.240339561593,-1.763800223102e-04,2.513678144,11.135497638,11.135179344,13.649175782,13.648857488
6115000000.000000,1.000000000000e+00,1.000000000000e+00,-8.100350719048e-14,-41.310190550556,-41.310364839118,-1.742885629525e-04,2.724642050,11.154483310,11.154136065,13.879125360,13.878778115
6116000000.000000,1.000000000000e+00,1.000000000000e+00,7.907485225737e-14,-41.380334552852,-41.380506569274,-1.720164223613e-04,3.294777544,11.172603382,11.172227605,14.467380926,14.467005149
6117000000.000000,1.000000000000e+00,1.000000000000e+00,-6.075263039286e-14,-41.450589625375,-41.450759191792,-1.695664167656e-04,2.669605129,11.189818810,11.189414980,13.859423939,13.859020109
6118000000.000000,1.000000000000e+00,1.000000000000e+00,8.100350719048e-14,-41.520949963132,-41.521116904874,-1.669417421937e-04,2.486216401,11.206091713,11.205660368,13.692308114,13.691876769
6119000000.000000,1.000000000000e+00,1.000000000000e+00,-1.272912255850e-13,-41.591409526981,-41.591573672956,-1.641459752690e-04,3.065966091,11.221385517,11.220927256,14.287351608,14.286893347
6120000000.000000,1.000000000000e+00,1.000000000000e+00,1.022187114546e-13,-41.661962052339,-41.662123235411,-1.611830722439e-04,2.929118889,11.235665107,11.235180591,14.164783996,14.164299480
6121000000.000000,1.000000000000e+00,1.000000000000e+00,-2.892982399660e-15,-41.732601058811,-41.732759116177,-1.580573660149e-04,2.477701408,11.248896975,11.248386923,13.726598383,13.726088331
6122000000.000000,1.000000000000e+00,1.000000000000e+00,1.292198805181e-13,-41.803319860734,-41.803474634295,-1.547735612917e-04,2.884977202,11.261049362,11.260514550,14.146026564,14.145491752
6123000000.000000,1.000000000000e+00,1.000000000000e+00,0.000000000000e+00,-41.874111578598,-41.874262915326,-1.513367278037e-04,3.056623386,11.272092391,11.271533656,14.328715777,14.328157042
6124000000.000000,1.000000000000e+00,1.000000000000e+00,-4.050175359524e-14,-41.944969151319,-41.945116903611,-1.477522914470e-04,2.447318578,11.281998206,11.281416439,13.729316784,13.728735017
6125000000.000000,1.000000000000e+00,1.000000000000e+00,1.195766058526e-13,-42.015885349325,-42.016029375349,-1.440260235199e-04,2.603954943,11.290741092,11.290137237,13.894696035,13.894092180
6126000000.000000,1.000000000000e+00,1.000000000000e+00,-1.051116938543e-13,-42.086852788394,-42.086992952422,-1.401640280108e-04,3.015814766,11.298297595,11.297672649,14.314112361,14.313487415
6127000000.000000,1.000000000000e+00,1.000000000000e+00,8.100350719048e-14,-42.157863944210,-42.158000116937,-1.361727269114e-04,2.410601246,11.304646626,11.304001636,13.715247872,13.714602882
6128000000.000000,1.000000000000e+00,1.000000000000e+00,-8.871812692290e-14,-42.228911167562,-42.229043226406,-1.320588438105e-04,2.720985298,11.309769565,11.309105623,14.030754863,14.030090921
6129000000.000000,1.000000000000e+00,1.000000000000e+00,7.714619732426e-14,-42.299986700130,-42.300114529516,-1.278293856259e-04,2.821217831,11.313650344,11.312968586,14.134868175,14.134186417
6130000000.000000,1.000000000000e+00,1.000000000000e+00,1.350058453175e-14,-42.371082690782,-42.371206182405,-1.234916227304e-04,2.733767055,11.316275522,11.315577124,14.050042577,14.049344179
6131000000.000000,1.000000000000e+00,1.000000000000e+00,1.677929791803e-13,-42.442191212308,-42.442310265376,-1.190530675572e-04,2.929699712,11.317634351,11.316920528,14.247334063,14.246620240
6132000000.000000,1.000000000000e+00,1.000000000000e+00,1.041473663878e-13,-42.513304278516,-42.513418799968,-1.145214517351e-04,2.266451799,11.317718827,11.316990824,13.584170626,13.583442623
6133000000.000000,1.000000000000e+00,1.000000000000e+00,1.060760213209e-13,-42.584413861601,-42.584523766303,-1.099047020716e-04,2.806198329,11.316523725,11.315782816,14.122722054,14.121981145
6134000000.000000,1.000000000000e+00,1.000000000000e+00,-1.446491199830e-14,-42.655511909707,-42.655617120622,-1.052109153292e-04,3.272512554,11.314046621,11.313294107,14.586559175,14.585806661
6135000000.000000,1.000000000000e+00,1.000000000000e+00,-7.811052479082e-14,-42.726590364591,-42.726690812923,-1.004483321765e-04,2.401486707,11.310287907,11.309525109,13.711774614,13.711011816
6136000000.000000,1.000000000000e+00,1.000000000000e+00,5.400233812698e-14,-42.797641179306,-42.797736804616,-9.562531037233e-05,2.475076997,11.305250783,11.304479037,13.780327780,13.779556034
6137000000.000000,1.000000000000e+00,1.000000000000e+00,-6.460994025907e-14,-42.868656335812,-42.868747086110,-9.075029736039e-05,2.905915521,11.298941236,11.298161893,14.204856757,14.204077414
6138000000.000000,1.000000000000e+00,1.000000000000e+00,5.593099306009e-14,-42.939627862426,-42.939713694229,-8.583180257915e-05,2.770174773,11.291368015,11.290582431,14.061542788,14.060757204
6139000000.000000,1.000000000000e+00,1.000000000000e+00,-1.841865461117e-13,-43.010547851026,-43.010628729396,-8.087836956605e-05,3.123019015,11.282542578,11.281752115,14.405561593,14.404771130
6140000000.000000,1.000000000000e+00,1.000000000000e+00,-5.593099306009e-14,-43.081408473932,-43.081484372481,-7.589854813261e-05,3.399307878,11.272479039,11.271685055,14.671786917,14.670992933
6141000000.000000,1.000000000000e+00,1.000000000000e+00,-9.064678185601e-14,-43.152202000374,-43.152272901241,-7.090086675277e-05,2.259399252,11.261194094,11.260397941,13.520593346,13.519797193
6142000000.000000,1.000000000000e+00,1.000000000000e+00,4.050175359524e-14,-43.222920812472,-43.222986706278,-6.589380538458e-05,2.308309622,11.248706936,11.247909960,13.557016558,13.556219582
6143000000.000000,1.000000000000e+00,1.000000000000e+00,1.928654933107e-14,-43.293557420662,-43.293618306431,-6.088576886754e-05,2.857434946,11.235039166,11.234242695,14.092474112,14.091677641
6144000000.000000,1.000000000000e+00,1.000000000000e+00,-1.157192959864e-13,-43.364104478495,-43.364160363556,-5.588506117249e-05,3.075972730,11.220214683,11.219420030,14.296187413,14.295392760
6145000000.000000,1.000000000000e+00,1.000000000000e+00,1.735789439796e-14,-43.434554796746,-43.434605696606,-5.089986049711e-05,2.668285110,11.204259575,11.203468029,13.872544685,13.871753139
6146000000.000000,1.000000000000e+00,1.000000000000e+00,-1.243982431854e-13,-43.504901356780,-43.504947294976,-4.593819557641e-05,2.556479690,11.187201993,11.186414818,13.743681683,13.742894508
6147000000.000000,1.000000000000e+00,1.000000000000e+00,1.716502890465e-13,-43.575137323130,-43.575178331053,-4.100792305906e-05,3.425340084,11.169072022,11.168290453,14.594412106,14.593630537
6148000000.000000,1.000000000000e+00,1.000000000000e+00,7.907485225737e-14,-43.645256055231,-43.645292171937,-3.611670637582e-05,2.713069183,11.149901547,11.149126787,13.862970730,13.862195970
6149000000.000000,1.000000000000e+00,1.000000000000e+00,-4.339473599490e-14,-43.715251118284,-43.715282390280,-3.127199607889e-05,2.576414795,11.129724109,11.128957325,13.706138904,13.705372120
6150000000.000000,1.000000000000e+00,1.000000000000e+00,-4.725204586111e-14,-43.785116293224,-43.785142774235,-2.648101151692e-05,3.059662565,11.108574763,11.107817085,14.168237328,14.167479650
6151000000.000000,1.000000000000e+00,1.000000000000e+00,1.041473663878e-13,-43.854845585757,-43.854867336482,-2.175072444999e-05,3.023330810,11.086489927,11.085742443,14.109820737,14.109073253
6152000000.000000,1.000000000000e+00,1.000000000000e+00,5.593099306009e-14,-43.924433234462,-43.924450322306,-1.708784404997e-05,2.462378764,11.063507233,11.062770989,13.525885997,13.525149753
6153000000.000000,1.000000000000e+00,1.000000000000e+00,-5.978830292630e-14,-43.993873717943,-43.993886216746,-1.249880378396e-05,2.784856140,11.039665376,11.038941372,13.824521516,13.823797512
6154000000.000000,1.000000000000e+00,1.000000000000e+00,-6.364561279252e-14,-44.063161761032,-44.063169750782,-7.989749981618e-06,3.441937420,11.015003962,11.014293155,14.456941382,14.456230575
6155000000.000000,1.000000000000e+00,1.000000000000e+00,-9.643274665533e-15,-44.132292340051,-44.132295906583,-3.566532150501e-06,2.514481929,10.989563362,10.988866657,13.504045291,13.503348586
6156000000.000000,1.000000000000e+00,1.000000000000e+00,-3.085847892971e-14,-44.201260687128,-44.201259921823,7.653050033696e-07,2.398658078,10.963384559,10.962702814,13.362042637,13.361360892
6157000000.000000,1.000000000000e+00,1.000000000000e+00,8.486081705669e-14,-44.270062293608,-44.270057293080,5.000527806942e-06,3.274887948,10.936509008,10.935843031,14.211396956,14.210730979
6158000000.000000,1.000000000000e+00,1.000000000000e+00,6.557426772562e-14,-44.338692912550,-44.338683778332,9.134218203144e-06,3.251885930,10.908978493,10.908329041,14.160864423,14.160214971
6159000000.000000,1.000000000000e+00,1.000000000000e+00,-3.085847892971e-14,-44.407148560369,-44.407135398592,1.316177673516e-05,3.164128205,10.880834989,10.880202770,14.044963194,14.044330975
6160000000.000000,1.000000000000e+00,1.000000000000e+00,1.350058453175e-14,-44.475425517618,-44.475408438694,1.707892390357e-05,2.969176880,10.852120536,10.851506204,13.821297416,13.820683084
6161000000.000000,1.000000000000e+00,1.000000000000e+00,7.521754239116e-14,-44.543520328975,-44.543499447275,2.088170012371e-05,3.085994444,10.822877107,10.822281267,13.908871551,13.908275711
6162000000.000000,1.000000000000e+00,1.000000000000e+00,-8.486081705669e-14,-44.611429802455,-44.611405235991,2.456646416960e-05,3.533318299,10.793146492,10.792569699,14.326464791,14.325887998
6163000000.000000,1.000000000000e+00,1.000000000000e+00,-4.146608106179e-14,-44.679151007885,-44.679122877994,2.812989043122e-05,3.100649795,10.762970184,10.762412943,13.863619979,13.863062738
6164000000.000000,1.000000000000e+00,1.000000000000e+00,5.014502826077e-14,-44.746681274698,-44.746649705733,3.156896474366e-05,3.026284070,10.732389274,10.731852039,13.758673344,13.758136109
6165000000.000000,1.000000000000e+00,1.000000000000e+00,-1.060760213209e-14,-44.814018189078,-44.813983308099,3.488097927828e-05,3.365995571,10.701444350,10.700927529,14.067439921,14.066923100
6166000000.000000,1.000000000000e+00,1.000000000000e+00,7.714619732426e-15,-44.881159590507,-44.881121526981,3.806352625446e-05,2.965461713,10.670175406,10.669679359,13.635637119,13.635141072
6167000000.000000,1.000000000000e+00,1.000000000000e+00,-6.557426772562e-14,-44.948103567757,-44.948062453266,4.111449071331e-05,3.025257246,10.638621760,10.638146801,13.663879006,13.663404047
6168000000.000000,1.000000000000e+00,1.000000000000e+00,-5.014502826077e-14,-45.014848454373,-45.014804422331,4.403204254544e-05,3.543658427,10.606821973,10.606368370,14.150480400,14.150026797
6169000000.000000,1.000000000000e+00,1.000000000000e+00,-1.378988277171e-13,-45.081392823708,-45.081346009081,4.681462765888e-05,3.120096976,10.574813782,10.574381762,13.694910758,13.694478738
6170000000.000000,1.000000000000e+00,1.000000000000e+00,7.521754239116e-14,-45.147735483530,-45.147686022571,4.946095854308e-05,3.309846814,10.542634037,10.542223785,13.852480851,13.852070599
6171000000.000000,1.000000000000e+00,1.000000000000e+00,-8.196783465703e-14,-45.213875470270,-45.213823500265,5.197000436397e-05,3.673737510,10.510318649,10.509930309,14.184056159,14.183667819
6172000000.000000,1.000000000000e+00,1.000000000000e+00,-2.025087679762e-14,-45.279812042946,-45.279757701966,5.434098040524e-05,3.266879748,10.477902537,10.477536216,13.744782285,13.744415964
6173000000.000000,1.000000000000e+00,1.000000000000e+00,6.750292265873e-14,-45.345544676813,-45.345488103476,5.657333733922e-05,3.490935906,10.445419592,10.445075359,13.936355498,13.936011265
6174000000.000000,1.000000000000e+00,1.000000000000e+00,5.014502826077e-14,-45.411073056766,-45.411014390016,5.866675009969e-05,3.430090095,10.412902640,10.412580529,13.842992735,13.842670624
6175000000.000000,1.000000000000e+00,1.000000000000e+00,-6.943157759184e-14,-45.476397070560,-45.476336449453,6.062110657723e-05,3.256150823,10.380383414,10.380083427,13.636534237,13.636234250
6176000000.000000,1.000000000000e+00,1.000000000000e+00,-7.618186985771e-14,-45.541516801864,-45.541454365368,6.243649622917e-05,3.939329547,10.347892533,10.347614641,14.287222080,14.286944188
6177000000.000000,1.000000000000e+00,1.000000000000e+00,9.064678185601e-14,-45.606432523207,-45.606368410008,6.411319851196e-05,3.720663684,10.315459486,10.315203630,14.036123170,14.035867314
6178000000.000000,1.000000000000e+00,1.000000000000e+00,-1.080046762540e-13,-45.671144688822,-45.671079037151,6.565167145567e-05,3.344675107,10.283112620,10.282878715,13.627787727,13.627553822
6179000000.000000,1.000000000000e+00,1.000000000000e+00,-8.100350719048e-14,-45.735653927460,-45.735586874920,6.705254023132e-05,3.474164011,10.250879136,10.250667069,13.725043147,13.724831080
6180000000.000000,1.000000000000e+00,1.000000000000e+00,7.907485225737e-14,-45.799961035166,-45.799892718580,6.831658584616e-05,3.095061002,10.218785085,10.218594721,13.313846087,13.313655723
6181000000.000000,1.000000000000e+00,1.000000000000e+00,-7.136023252494e-14,-45.864066968071,-45.863997523337,6.944473400949e-05,3.808409347,10.186855376,10.186686556,13.995264723,13.995095903
6182000000.000000,1.000000000000e+00,1.000000000000e+00,-9.161110932256e-14,-45.927972835219,-45.927902397175,7.043804421869e-05,4.295053044,10.155113779,10.154966325,14.450166823,14.450019369
6183000000.000000,1.000000000000e+00,1.000000000000e+00,-9.643274665533e-14,-45.991679891449,-45.991608593749,7.129769907266e-05,3.358964403,10.123582937,10.123456652,13.482547340,13.482421055
6184000000.000000,1.000000000000e+00,1.000000000000e+00,-4.050175359524e-14,-46.055189530357,-46.055117505363,7.202499391923e-05,3.147416599,10.092284384,10.092179053,13.239700983,13.239595652
6185000000.000000,1.000000000000e+00,1.000000000000e+00,9.643274665533e-15,-46.118503277365,-46.118430656038,7.262132674413e-05,3.995444883,10.061238557,10.061153951,14.056683440,14.056598834
6186000000.000000,1.000000000000e+00,1.000000000000e+00,-3.857309866213e-15,-46.181622782902,-46.181549694714,7.308818842233e-05,4.419785910,10.030464819,10.030400694,14.450250729,14.450186604
6187000000.000000,1.000000000000e+00,1.000000000000e+00,-3.857309866213e-15,-46.244549815720,-46.244476388567,7.342715339576e-05,3.848308616,9.999981484,9.999937582,13.848290100,13.848246198
6188000000.000000,1.000000000000e+00,1.000000000000e+00,-1.832222186451e-14,-46.307286256362,-46.307212616492,7.363987057829e-05,3.586318332,9.969805834,9.969781889,13.556124166,13.556100221
6189000000.000000,1.000000000000e+00,1.000000000000e+00,-1.475421023827e-13,-46.369834090787,-46.369760362733,7.372805476535e-05,4.300907445,9.939954156,9.939949890,14.240861601,14.240857335
6190000000.000000,1.000000000000e+00,1.000000000000e+00,1.542923946485e-14,-46.432195404170,-46.432121710692,7.369347842001e-05,3.803026626,9.910441759,9.910456886,13.713468385,13.713483512
6191000000.000000,1.000000000000e+00,1.000000000000e+00,3.857309866213e-14,-46.494372374877,-46.494298836914,7.353796377885e-05,3.475815320,9.881283011,9.881317238,13.357098331,13.357132558
6192000000.000000,1.000000000000e+00,1.000000000000e+00,-9.546841918878e-14,-46.556367268633,-46.556294005258,7.326337541258e-05,4.046111123,9.852491368,9.852544394,13.898602491,13.898655517
6193000000.000000,1.000000000000e+00,1.000000000000e+00,-8.582514452324e-14,-46.618182432878,-46.618109561264,7.287161325564e-05,4.191224390,9.824079401,9.824150922,14.015303791,14.015375312
6194000000.000000,1.000000000000e+00,1.000000000000e+00,1.157192959864e-14,-46.679820291326,-46.679747926720,7.236460585602e-05,3.935694341,9.796058832,9.796148541,13.731753173,13.731842882
6195000000.000000,1.000000000000e+00,1.000000000000e+00,-9.257543678912e-14,-46.741283338723,-46.741211594419,7.174430422197e-05,4.397480617,9.768440566,9.768548150,14.165921183,14.166028767
6196000000.000000,1.000000000000e+00,1.000000000000e+00,6.750292265873e-14,-46.802574135809,-46.802503123133,7.101267588183e-05,4.510405528,9.741234722,9.741359866,14.251640250,14.251765394
6197000000.000000,1.000000000000e+00,1.000000000000e+00,-1.215052607857e-13,-46.863695304482,-46.863625132782,7.017169944845e-05,4.098295924,9.714450664,9.714593054,13.812746588,13.812888978
6198000000.000000,1.000000000000e+00,1.000000000000e+00,7.328888745805e-14,-46.924649523173,-46.924580299814,6.922335949611e-05,4.160883940,9.688097039,9.688256358,13.848980979,13.849140298
6199000000.000000,1.000000000000e+00,1.000000000000e+00,-3.182280639626e-14,-46.985439522425,-46.985371352783,6.816964180700e-05,4.010469707,9.662181804,9.662357736,13.672651511,13.672827443
6200000000.000000,1.000000000000e+00,1.000000000000e+00,-1.224695882523e-13,-47.046068080664,-47.046001068135,6.701252894459e-05,4.702097450,9.636712260,9.636904491,14.338809710,14.339001941
6201000000.000000,1.000000000000e+00,1.000000000000e+00,1.928654933107e-15,-47.106538020190,-47.106472266194,6.575399625319e-05,4.721002085,9.611695086,9.611903303,14.332697171,14.332905388
6202000000.000000,1.000000000000e+00,1.000000000000e+00,6.750292265873e-14,-47.166852203352,-47.166787807344,6.439600806374e-05,4.469490136,9.587136368,9.587360258,14.056626504,14.056850394
6203000000.000000,1.000000000000e+00,1.000000000000e+00,7.907485225737e-14,-47.227013528921,-47.226950588407,6.294051430444e-05,4.774356943,9.563041629,9.563280884,14.337398572,14.337637827
6204000000.000000,1.000000000000e+00,1.000000000000e+00,5.593099306009e-14,-47.287024928663,-47.286963539215,6.138944736733e-05,4.166346454,9.539415862,9.539670175,13.705762316,13.706016629
6205000000.000000,1.000000000000e+00,1.000000000000e+00,4.050175359524e-14,-47.346889364087,-47.346829619368,5.974471924475e-05,4.313516498,9.516263557,9.516532627,13.829780055,13.830049125
6206000000.000000,1.000000000000e+00,1.000000000000e+00,-2.314385919728e-14,-47.406609823388,-47.406551815169,5.800821906377e-05,4.598171126,9.493588733,9.493872260,14.091759859,14.092043386
6207000000.000000,1.000000000000e+00,1.000000000000e+00,-7.425321492460e-14,-47.466189318560,-47.466133136749,5.618181067035e-05,4.659278117,9.471394960,9.471692650,14.130673077,14.130970767
6208000000.000000,1.000000000000e+00,1.000000000000e+00,3.085847892971e-14,-47.525630882688,-47.525576615357,5.426733064695e-05,4.934309687,9.449685394,9.449996957,14.383995081,14.384306644
6209000000.000000,1.000000000000e+00,1.000000000000e+00,3.471578879592e-14,-47.584937567406,-47.584885300820,5.226658647928e-05,4.785527894,9.428462797,9.428787949,14.213990691,14.214315843
6210000000.000000,1.000000000000e+00,1.000000000000e+00,-1.639356693141e-14,-47.644112440520,-47.644062259165,5.018135496471e-05,4.641689033,9.407729567,9.408068026,14.049418600,14.049757059
6211000000.000000,1.000000000000e+00,1.000000000000e+00,-8.775379945635e-14,-47.703158583785,-47.703110570404,4.801338081251e-05,4.554981214,9.387487759,9.387839251,13.942468973,13.942820465
6212000000.000000,1.000000000000e+00,1.000000000000e+00,2.892982399660e-14,-47.762079090839,-47.762033326464,4.576437548565e-05,5.216951135,9.367739112,9.368103367,14.584690247,14.585054502
6213000000.000000,1.000000000000e+00,1.000000000000e+00,-5.978830292630e-14,-47.820877065285,-47.820833629269,4.343601615631e-05,4.786556980,9.348485069,9.348861823,14.135042049,14.135418803
6214000000.000000,1.000000000000e+00,1.000000000000e+00,-9.643274665533e-15,-47.879555618904,-47.879514588959,4.102994493138e-05,4.486130633,9.329726803,9.330115797,13.815857436,13.816246430
6215000000.000000,1.000000000000e+00,1.000000000000e+00,7.328888745805e-14,-47.938117870019,-47.938079322251,3.854776812062e-05,4.919644559,9.311465232,9.311866214,14.231109791,14.231510773
6216000000.000000,1.000000000000e+00,1.000000000000e+00,-3.278713386281e-14,-47.996566941977,-47.996530950921,3.599105581031e-05,4.900895629,9.293701047,9.294113770,14.194596676,14.195009399
6217000000.000000,1.000000000000e+00,1.000000000000e+00,2.314385919728e-14,-48.054905961761,-48.054872600420,3.336134140852e-05,4.870094550,9.276434726,9.276858948,14.146529276,14.146953498
6218000000.000000,1.000000000000e+00,1.000000000000e+00,2.314385919728e-14,-48.113138058722,-48.113107398601,3.066012146036e-05,5.028349924,9.259666552,9.260102039,14.288016476,14.288451963
6219000000.000000,1.000000000000e+00,1.000000000000e+00,8.871812692290e-14,-48.171266363424,-48.171238474569,2.788885554139e-05,5.339064859,9.243396637,9.243843158,14.582461496,14.582908017
6220000000.000000,1.000000000000e+00,1.000000000000e+00,-8.968245438946e-14,-48.229294006597,-48.229268957631,2.504896625055e-05,4.817357933,9.227624931,9.228082264,14.044982864,14.045440197
6221000000.000000,1.000000000000e+00,1.000000000000e+00,-6.460994025907e-14,-48.287224118197,-48.287201976357,2.214183932381e-05,4.863047781,9.212351244,9.212819171,14.075399025,14.075866952
6222000000.000000,1.000000000000e+00,1.000000000000e+00,-1.446491199830e-13,-48.345059826560,-48.345040657736,1.916882384023e-05,5.365621091,9.197575259,9.198053568,14.563196350,14.563674659
6223000000.000000,1.000000000000e+00,1.000000000000e+00,-8.100350719048e-14,-48.402804257656,-48.402788126424,1.613123256305e-05,5.165616025,9.183296547,9.183785032,14.348912572,14.349401057
6224000000.000000,1.000000000000e+00,1.000000000000e+00,-1.176479509195e-13,-48.460460534429,-48.460447504087,1.303034228073e-05,5.215460730,9.169514580,9.170013040,14.384975310,14.385473770
6225000000.000000,1.000000000000e+00,1.000000000000e+00,4.243040852834e-14,-48.518031776221,-48.518021908827,9.867394361152e-06,4.829152501,9.156228746,9.156736987,13.985381247,13.985889488
6226000000.000000,1.000000000000e+00,1.000000000000e+00,-2.796549653005e-14,-48.575521098276,-48.575514454681,6.643595234834e-06,5.114021849,9.143438359,9.143956191,14.257460208,14.257978040
6227000000.000000,1.000000000000e+00,1.000000000000e+00,-1.031830389212e-13,-48.632931611326,-48.632928251209,3.360117034390e-06,5.791929855,9.131142673,9.131669913,14.923072528,14.923599768
6228000000.000000,1.000000000000e+00,1.000000000000e+00,1.350058453175e-14,-48.690266421237,-48.690266403139,1.809829086596e-08,5.637260146,9.119340892,9.119877362,14.756601038,14.757137508
6229000000.000000,1.000000000000e+00,1.000000000000e+00,7.714619732426e-14,-48.747528628737,-48.747532010092,-3.381355334398e-06,5.147704885,9.108032181,9.108577706,14.255737066,14.256282591
6230000000.000000,1.000000000000e+00,1.000000000000e+00,1.137906410533e-13,-48.804721329193,-48.804728166363,-6.837170232643e-06,5.028296173,9.097215674,9.097770087,14.125511847,14.126066260
6231000000.000000,1.000000000000e+00,1.000000000000e+00,2.121520426417e-14,-48.861847612460,-48.861857960764,-1.034830400215e-05,5.338983760,9.086890487,9.087453622,14.425874247,14.426437382
6232000000.000000,1.000000000000e+00,1.000000000000e+00,5.978830292630e-14,-48.918910562778,-48.918924476523,-1.391374458137e-05,5.090863305,9.077055720,9.077627421,14.167919025,14.168490726
6233000000.000000,1.000000000000e+00,1.000000000000e+00,4.821637332766e-14,-48.975913258728,-48.975930791237,-1.753250923997e-05,5.379609625,9.067710475,9.068290586,14.447320100,14.447900211
6234000000.000000,1.000000000000e+00,1.000000000000e+00,-8.486081705669e-14,-49.032858773227,-49.032879976871,-2.120364361247e-05,5.486907095,9.058853853,9.059442226,14.545760948,14.546349321
6235000000.000000,1.000000000000e+00,1.000000000000e+00,1.735789439796e-14,-49.089750173583,-49.089775099803,-2.492622069639e-05,5.571045054,9.050484968,9.051081457,14.621530022,14.622126511
6236000000.000000,1.000000000000e+00,1.000000000000e+00,-7.714619732426e-14,-49.146590521579,-49.146619220919,-2.869933973670e-05,5.393893002,9.042602953,9.043207416,14.436495955,14.437100418
6237000000.000000,1.000000000000e+00,1.000000000000e+00,5.593099306009e-14,-49.203382873607,-49.203415395732,-3.252212517424e-05,4.953236396,9.035206961,9.035819261,13.988443357,13.989055657
6238000000.000000,1.000000000000e+00,1.000000000000e+00,3.278713386281e-14,-49.260130280827,-49.260166674553,-3.639372544484e-05,5.524663469,9.028296176,9.028916179,14.552959645,14.553579648
6239000000.000000,1.000000000000e+00,1.000000000000e+00,1.928654933107e-15,-49.316835789375,-49.316876102687,-4.031331184251e-05,5.764671399,9.021869817,9.022497393,14.786541216,14.787168792
6240000000.000000,1.000000000000e+00,1.000000000000e+00,-4.821637332766e-14,-49.373502440584,-49.373546720661,-4.428007731860e-05,5.273460198,9.015927140,9.016562162,14.289387338,14.290022360
6241000000.000000,1.000000000000e+00,1.000000000000e+00,-1.031830389212e-13,-49.430133271245,-49.430181564480,-4.829323521705e-05,5.291269627,9.010467444,9.011109788,14.301737071,14.302379415
6242000000.000000,1.000000000000e+00,1.000000000000e+00,8.100350719048e-14,-49.486731313892,-49.486783665910,-5.235201802378e-05,5.418700416,9.005490076,9.006139622,14.424190492,14.424840038
6243000000.000000,1.000000000000e+00,1.000000000000e+00,-5.303801066043e-14,-49.543299597101,-49.543356052778,-5.645567605228e-05,5.068784594,9.000994432,9.001651062,14.069779026,14.070435656
6244000000.000000,1.000000000000e+00,1.000000000000e+00,6.171695785941e-14,-49.599841145823,-49.599901749299,-6.060347612902e-05,5.419575590,8.996979962,8.997643561,14.416555552,14.417219151
6245000000.000000,1.000000000000e+00,1.000000000000e+00,3.857309866213e-14,-49.656358981717,-49.656423776417,-6.479470023635e-05,5.527052097,8.993446172,8.994116625,14.520498269,14.521168722
6246000000.000000,1.000000000000e+00,1.000000000000e+00,-1.060760213209e-14,-49.712856123516,-49.712925152160,-6.902864408431e-05,5.461331737,8.990392624,8.991069821,14.451724361,14.452401558
6247000000.000000,1.000000000000e+00,1.000000000000e+00,1.157192959864e-13,-49.769335587393,-49.769408892009,-7.330461574639e-05,5.676263986,8.987818941,8.988502773,14.664082927,14.664766759
6248000000.000000,1.000000000000e+00,1.000000000000e+00,-4.532339092800e-14,-49.825800387342,-49.825878009276,-7.762193414607e-05,5.324161716,8.985724808,8.986415167,14.309886524,14.310576883
6249000000.000000,1.000000000000e+00,1.000000000000e+00,-9.643274665533e-16,-49.882253535566,-49.882335515493,-8.197992762149e-05,5.175242065,8.984109971,8.984806751,14.159352036,14.160048816
6250000000.000000,1.000000000000e+00,1.000000000000e+00,-7.618186985771e-14,-49.938698042873,-49.938784420805,-8.637793235522e-05,5.797594697,8.982974239,8.983677335,14.780568936,14.781272032
6251000000.000000,1.000000000000e+00,1.000000000000e+00,6.750292265873e-14,-49.995136919071,-49.995227734362,-9.081529088917e-05,5.800699711,8.982317485,8.983026793,14.783017196,14.783726504
6252000000.000000,1.000000000000e+00,1.000000000000e+00,9.257543678912e-14,-50.051573173370,-50.051668464720,-9.529135048325e-05,5.226998427,8.982139646,8.982855061,14.209138073,14.209853488
6253000000.000000,1.000000000000e+00,1.000000000000e+00,-9.739707412188e-14,-50.108009814773,-50.108109620235,-9.980546149535e-05,5.374001944,8.982440720,8.983162139,14.356442664,14.357164083
6254000000.000000,1.000000000000e+00,1.000000000000e+00,1.735789439796e-14,-50.164449852478,-50.164554209454,-1.043569757613e-04,5.372051594,8.983220768,8.983948089,14.355272362,14.355999683
6255000000.000000,1.000000000000e+00,1.000000000000e+00,-1.350058453175e-14,-50.220896296260,-50.221005241505,-1.089452448824e-04,5.167418971,8.984479914,8.985213033,14.151898885,14.152632004
6256000000.000000,1.000000000000e+00,1.000000000000e+00,5.785964799320e-14,-50.277352156853,-50.277465726471,-1.135696184278e-04,5.198034027,8.986218338,8.986957151,14.184252365,14.184991178
6257000000.000000,1.000000000000e+00,1.000000000000e+00,-6.943157759184e-14,-50.333820446320,-50.333938675762,-1.182294422577e-04,5.490516202,8.988436282,8.989180684,14.478952484,14.479696886
6258000000.000000,1.000000000000e+00,1.000000000000e+00,6.171695785941e-14,-50.390304178410,-50.390427102467,-1.229240566261e-04,5.431617748,8.991134039,8.991883926,14.422751787,14.423501674
6259000000.000000,1.000000000000e+00,1.000000000000e+00,-7.521754239116e-14,-50.446806368900,-50.446934021694,-1.276527943546e-04,5.079307727,8.994311960,8.995067223,14.073619687,14.074374950
6260000000.000000,1.000000000000e+00,1.000000000000e+00,-5.593099306009e-14,-50.503330035917,-50.503462450896,-1.324149788928e-04,5.244610898,8.997970442,8.998730974,14.242581340,14.243341872
6261000000.000000,1.000000000000e+00,1.000000000000e+00,-7.521754239116e-14,-50.559878200245,-50.560015410168,-1.372099223715e-04,4.940259504,9.002109930,9.002875620,13.942369434,13.943135124
6262000000.000000,1.000000000000e+00,1.000000000000e+00,-5.978830292630e-14,-50.616453885607,-50.616595922530,-1.420369236129e-04,5.151062048,9.006730913,9.007501648,14.157792961,14.158563696
6263000000.000000,1.000000000000e+00,1.000000000000e+00,8.678947198980e-14,-50.673060118916,-50.673207014182,-1.468952660346e-04,5.846695242,9.011833916,9.012609581,14.858529158,14.859304823
6264000000.000000,1.000000000000e+00,1.000000000000e+00,2.700116906349e-14,-50.729699930511,-50.729851714727,-1.517842155678e-04,5.473031624,9.017419501,9.018199977,14.490451125,14.491231601
6265000000.000000,1.000000000000e+00,1.000000000000e+00,-9.546841918878e-14,-50.786376354350,-50.786533057368,-1.567030184759e-04,4.789694342,9.023488256,9.024273422,13.813182598,13.813967764
6266000000.000000,1.000000000000e+00,1.000000000000e+00,-1.301842079847e-13,-50.843092428175,-50.843254079074,-1.616508991589e-04,4.589275063,9.030040795,9.030830525,13.619315858,13.620105588
6267000000.000000,1.000000000000e+00,1.000000000000e+00,4.435906346145e-14,-50.899851193640,-50.900017820698,-1.666270578085e-04,5.134545954,9.037077746,9.037871911,14.171623700,14.172417865
6268000000.000000,1.000000000000e+00,1.000000000000e+00,-1.417561375833e-13,-50.956655696404,-50.956827327072,-1.716306681558e-04,5.527457800,9.044599751,9.045398217,14.572057551,14.572856017
6269000000.000000,1.000000000000e+00,1.000000000000e+00,-7.425321492460e-14,-51.013508986168,-51.013685647043,-1.766608750202e-04,5.107481292,9.052607453,9.053410081,14.160088745,14.160891373
6270000000.000000,1.000000000000e+00,1.000000000000e+00,-1.321128629178e-13,-51.070414116684,-51.070595833476,-1.817167918858e-04,4.787961513,9.061101493,9.061908140,13.849063006,13.849869653
6271000000.000000,1.000000000000e+00,1.000000000000e+00,5.207368319388e-14,-51.127374145703,-51.127560943201,-1.867974983156e-04,5.192621195,9.070082499,9.070893015,14.262703694,14.263514210
6272000000.000000,1.000000000000e+00,1.000000000000e+00,1.041473663878e-13,-51.184392134871,-51.184584036908,-1.919020374501e-04,5.049649809,9.079551079,9.080365309,14.129200888,14.130015118
6273000000.000000,1.000000000000e+00,1.000000000000e+00,-5.785964799320e-14,-51.241471149577,-51.241668178991,-1.970294133073e-04,4.775246466,9.089507812,9.090325594,13.864754278,13.865572060
6274000000.000000,1.000000000000e+00,1.000000000000e+00,-1.494707573158e-13,-51.298614258734,-51.298816437322,-2.021785880828e-04,4.863346717,9.099953234,9.100774400,13.963299951,13.964121117
6275000000.000000,1.000000000000e+00,1.000000000000e+00,-2.507251413039e-14,-51.355824534494,-51.356031882973,-2.073484793783e-04,5.366209549,9.110887836,9.111712208,14.477097385,14.477921757
6276000000.000000,1.000000000000e+00,1.000000000000e+00,9.450409172222e-14,-51.413105051907,-51.413317589865,-2.125379573670e-04,5.010799189,9.122312044,9.123139440,14.133111233,14.133938629
6277000000.000000,1.000000000000e+00,1.000000000000e+00,1.253625706519e-13,-51.470458888497,-51.470676634339,-2.177458418657e-04,4.307028241,9.134226212,9.135056439,13.441254453,13.442084680
6278000000.000000,1.000000000000e+00,1.000000000000e+00,-6.750292265873e-15,-51.527889123767,-51.528112094666,-2.229708993866e-04,4.537969524,9.146630611,9.147463468,13.684600135,13.685432992
6279000000.000000,1.000000000000e+00,1.000000000000e+00,5.400233812698e-14,-51.585398838624,-51.585627050464,-2.282118400885e-04,4.641001359,9.159525410,9.160360688,13.800526769,13.801362047
6280000000.000000,1.000000000000e+00,1.000000000000e+00,-5.303801066043e-14,-51.642991114719,-51.643224582034,-2.334673147217e-04,4.575765241,9.172910669,9.173748148,13.748675910,13.749513389
6281000000.000000,1.000000000000e+00,1.000000000000e+00,7.714619732426e-15,-51.700669033697,-51.700907769608,-2.387359114451e-04,5.222362016,9.186786319,9.187625769,14.409148335,14.409987785
6282000000.000000,1.000000000000e+00,1.000000000000e+00,-3.278713386281e-14,-51.758435676354,-51.758679692507,-2.440161526209e-04,5.032738494,9.201152150,9.201993330,14.233890644,14.234731824
6283000000.000000,1.000000000000e+00,1.000000000000e+00,3.471578879592e-14,-51.816294121696,-51.816543428188,-2.493064915896e-04,4.066452034,9.216007795,9.216850453,13.282459829,13.283302487
6284000000.000000,1.000000000000e+00,1.000000000000e+00,9.064678185601e-14,-51.874247445891,-51.874502051201,-2.546053093297e-04,4.254384800,9.231352710,9.232196582,13.485737510,13.486581382
6285000000.000000,1.000000000000e+00,1.000000000000e+00,1.928654933107e-15,-51.932298721117,-51.932558632028,-2.599109111259e-04,4.509375982,9.247186158,9.248030969,13.756562140,13.757406951
6286000000.000000,1.000000000000e+00,1.000000000000e+00,5.978830292630e-14,-51.990451014290,-51.990716235813,-2.652215232004e-04,4.646246717,9.263507192,9.264352653,13.909753909,13.910599370
6287000000.000000,1.000000000000e+00,1.000000000000e+00,-9.836140158844e-14,-52.048707385680,-52.048977920969,-2.705352892178e-04,4.810611570,9.280314634,9.281160442,14.090926204,14.091772012
6288000000.000000,1.000000000000e+00,1.000000000000e+00,-5.978830292630e-14,-52.107070887395,-52.107346737662,-2.758502669522e-04,4.539976874,9.297607054,9.298452893,13.837583928,13.838429767
6289000000.000000,1.000000000000e+00,1.000000000000e+00,-5.110935572732e-14,-52.165544561742,-52.165825726167,-2.811644247416e-04,4.106370933,9.315382750,9.316228290,13.421753683,13.422599223
6290000000.000000,1.000000000000e+00,1.000000000000e+00,-4.050175359524e-14,-52.224131439443,-52.224417915081,-2.864756380418e-04,4.461212406,9.333639726,9.334484621,13.794852132,13.795697027
6291000000.000000,1.000000000000e+00,1.000000000000e+00,-9.064678185601e-14,-52.282834537721,-52.283126319407,-2.917816859522e-04,4.239690770,9.352375669,9.353219558,13.592066439,13.592910328
6292000000.000000,1.000000000000e+00,1.000000000000e+00,5.785964799320e-15,-52.341656858231,-52.341953938479,-2.970802477762e-04,3.865473598,9.371587926,9.372430429,13.237061524,13.237904027
6293000000.000000,1.000000000000e+00,1.000000000000e+00,-8.871812692290e-14,-52.400601384841,-52.400903753740,-3.023688995754e-04,4.192155697,9.391273475,9.392114200,13.583429172,13.584269897
6294000000.000000,1.000000000000e+00,1.000000000000e+00,8.486081705669e-14,-52.459671081257,-52.459978726368,-3.076451108086e-04,4.588043033,9.411428906,9.412267441,13.999471939,14.000310474
6295000000.000000,1.000000000000e+00,1.000000000000e+00,-2.603684159694e-14,-52.518868888486,-52.519181794727,-3.129062409428e-04,4.249559435,9.432050391,9.432886306,13.681609826,13.682445741
6296000000.000000,1.000000000000e+00,1.000000000000e+00,-1.350058453175e-14,-52.578197722122,-52.578515871658,-3.181495362341e-04,4.037275471,9.453133656,9.453966504,13.490409127,13.491241975
6297000000.000000,1.000000000000e+00,1.000000000000e+00,1.157192959864e-14,-52.637660469471,-52.637983841597,-3.233721265659e-04,4.516442366,9.474673955,9.475503270,13.991116321,13.991945636
6298000000.000000,1.000000000000e+00,1.000000000000e+00,-2.700116906349e-14,-52.697259986487,-52.697588557510,-3.285710223224e-04,3.639856740,9.496666040,9.497491337,13.136522780,13.137348077
6299000000.000000,1.000000000000e+00,1.000000000000e+00,-7.907485225737e-14,-52.756999094533,-52.757332837645,-3.337431115256e-04,3.856896250,9.519104134,9.519924906,13.376000384,13.376821156
6300000000.000000,1.000000000000e+00,1.000000000000e+00,3.857309866213e-15,-52.816880576946,-52.817219462103,-3.388851569994e-04,4.062636765,9.541981894,9.542797618,13.604618659,13.605434383
6301000000.000000,1.000000000000e+00,1.000000000000e+00,1.542923946485e-14,-52.876907175415,-52.877251169209,-3.439937937983e-04,3.789184674,9.565292391,9.566102519,13.354477065,13.355287193
6302000000.000000,1.000000000000e+00,1.000000000000e+00,-2.892982399660e-14,-52.937081586165,-52.937430651692,-3.490655268052e-04,3.849747712,9.589028067,9.589832033,13.438775779,13.439579745
6303000000.000000,1.000000000000e+00,1.000000000000e+00,6.171695785941e-14,-52.997406455939,-52.997760552668,-3.540967285431e-04,3.304569765,9.613180712,9.613977928,12.917750477,12.918547693
6304000000.000000,1.000000000000e+00,1.000000000000e+00,-4.918070079422e-14,-53.057884377778,-53.058243461415,-3.590836372993e-04,3.364630144,9.637741427,9.638531283,13.002371571,13.003161427
6305000000.000000,1.000000000000e+00,1.000000000000e+00,-4.243040852834e-14,-53.118517886599,-53.118881908954,-3.640223555053e-04,3.514273475,9.662700593,9.663482459,13.176974068,13.177755934
6306000000.000000,1.000000000000e+00,1.000000000000e+00,-8.775379945635e-14,-53.179309454568,-53.179678363416,-3.689088484364e-04,3.786418962,9.688047839,9.688821060,13.474466801,13.475240022
6307000000.000000,1.000000000000e+00,1.000000000000e+00,-6.364561279252e-14,-53.240261486268,-53.240635225211,-3.737389433027e-04,3.817508198,9.713772006,9.714535908,13.531280204,13.532044106
6308000000.000000,1.000000000000e+00,1.000000000000e+00,-1.263268981185e-13,-53.301376313656,-53.301754821985,-3.785083287440e-04,3.534361944,9.739861119,9.740615005,13.274223063,13.274976949
6309000000.000000,1.000000000000e+00,1.000000000000e+00,-1.465777749161e-13,-53.362656190825,-53.363039403380,-3.832125546950e-04,3.701959974,9.766302353,9.767045503,13.468262327,13.469005477
6310000000.000000,1.000000000000e+00,1.000000000000e+00,-3.085847892971e-14,-53.424103288553,-53.424491135585,-3.878470328260e-04,3.791302245,9.793081997,9.793813671,13.584384242,13.585115916
6311000000.000000,1.000000000000e+00,1.000000000000e+00,-9.739707412188e-14,-53.485719688659,-53.486112095696,-3.924070373955e-04,3.238273856,9.820185430,9.820904864,13.058459286,13.059178720
6312000000.000000,1.000000000000e+00,1.000000000000e+00,-2.892982399660e-14,-53.547507378165,-53.547904265872,-3.968877067564e-04,3.210270841,9.847597083,9.848303493,13.057867924,13.058574334
6313000000.000000,1.000000000000e+00,1.000000000000e+00,3.085847892971e-14,-53.609468243265,-53.609869527310,-4.012840453740e-04,3.337847292,9.875300415,9.875992996,13.213147707,13.213840288
6314000000.000000,1.000000000000e+00,1.000000000000e+00,-1.157192959864e-14,-53.671604063113,-53.672009654039,-4.055909265688e-04,3.638757314,9.903277883,9.903955808,13.542035197,13.542713122
6315000000.000000,1.000000000000e+00,1.000000000000e+00,-3.857309866213e-15,-53.733916503441,-53.734326306537,-4.098030958701e-04,3.432010146,9.931510913,9.932173336,13.363521059,13.364183482
6316000000.000000,1.000000000000e+00,1.000000000000e+00,1.350058453175e-14,-53.796407110010,-53.796821025185,-4.139151751517e-04,3.031980058,9.959979879,9.960625935,12.991959937,12.992605993
6317000000.000000,1.000000000000e+00,1.000000000000e+00,-3.375146132937e-14,-53.859077301915,-53.859495223582,-4.179216675126e-04,3.464853499,9.988664077,9.989292881,13.453517576,13.454146380
6318000000.000000,1.000000000000e+00,1.000000000000e+00,-1.166836234529e-13,-53.921928364744,-53.922350181707,-4.218169629695e-04,3.239530698,10.017541705,10.018152357,13.257072403,13.257683055
6319000000.000000,1.000000000000e+00,1.000000000000e+00,-6.268128532596e-14,-53.984961443627,-53.985387038972,-4.255953450425e-04,2.901672444,10.046589847,10.047181429,12.948262291,12.948853873
6320000000.000000,1.000000000000e+00,1.000000000000e+00,3.471578879592e-14,-54.048177536174,-54.048606787172,-4.292509981454e-04,2.938851330,10.075784456,10.076356035,13.014635786,13.015207365
6321000000.000000,1.000000000000e+00,1.000000000000e+00,1.099333311871e-13,-54.111577485328,-54.112010263344,-4.327780159912e-04,2.937772112,10.105100342,10.105650971,13.042872454,13.043423083
6322000000.000000,1.000000000000e+00,1.000000000000e+00,7.907485225737e-14,-54.175161972162,-54.175598142573,-4.361704109357e-04,3.347469600,10.134511166,10.135039887,13.481980766,13.482509487
6323000000.000000,1.000000000000e+00,1.000000000000e+00,-9.353976425567e-14,-54.238931508630,-54.239370930754,-4.394221242379e-04,3.583213831,10.163989434,10.164495278,13.747203265,13.747709109
6324000000.000000,1.000000000000e+00,1.000000000000e+00,3.085847892971e-14,-54.302886430312,-54.303328957349,-4.425270374426e-04,3.174831553,10.193506500,10.193988490,13.368338053,13.368820043
6325000000.000000,1.000000000000e+00,1.000000000000e+00,-5.978830292630e-14,-54.367026889170,-54.367472368155,-4.454789847301e-04,2.363003786,10.223032567,10.223489718,12.586036353,12.586493504
6326000000.000000,1.000000000000e+00,1.000000000000e+00,-5.593099306009e-14,-54.431352846356,-54.431801118122,-4.482717663024e-04,2.959367662,10.252536701,10.252968025,13.211904363,13.212335687
6327000000.000000,1.000000000000e+00,1.000000000000e+00,-8.486081705669e-14,-54.495864065089,-54.496314964252,-4.508991628782e-04,3.112587169,10.281986842,10.282391349,13.394574011,13.394978518
6328000000.000000,1.000000000000e+00,1.000000000000e+00,1.195766058526e-13,-54.560560103659,-54.561013458610,-4.533549511763e-04,2.644204295,10.311349829,10.311726529,12.955554124,12.955930824
6329000000.000000,1.000000000000e+00,1.000000000000e+00,5.978830292630e-14,-54.625440308570,-54.625895941491,-4.556329204917e-04,3.262464420,10.340591425,10.340939333,13.603055845,13.603403753
6330000000.000000,1.000000000000e+00,1.000000000000e+00,-8.003917972392e-14,-54.690503807881,-54.690961534772,-4.577268902821e-04,2.876662656,10.369676353,10.369994488,13.246339009,13.246657144
6331000000.000000,1.000000000000e+00,1.000000000000e+00,8.293216212358e-14,-54.755749504767,-54.756209135496,-4.596307287486e-04,2.560374482,10.398568329,10.398855721,12.958942811,12.959230203
6332000000.000000,1.000000000000e+00,1.000000000000e+00,-9.064678185601e-14,-54.821176071360,-54.821637409733,-4.613383724035e-04,3.035296068,10.427230117,10.427485809,13.462526185,13.462781877
6333000000.000000,1.000000000000e+00,1.000000000000e+00,6.750292265873e-14,-54.886781942904,-54.887244786751,-4.628438464991e-04,2.944709974,10.455623580,10.455846628,13.400333554,13.400556602
6334000000.000000,1.000000000000e+00,1.000000000000e+00,1.735789439796e-14,-54.952565312266,-54.953029453553,-4.641412864217e-04,2.433807185,10.483709736,10.483899219,12.917516921,12.917706404
6335000000.000000,1.000000000000e+00,1.000000000000e+00,-2.121520426417e-14,-55.018524124858,-55.018989349817,-4.652249597470e-04,2.617701396,10.511448834,10.511603851,13.129150230,13.129305247
6336000000.000000,1.000000000000e+00,1.000000000000e+00,3.857309866213e-15,-55.084656074006,-55.085122163295,-4.660892891195e-04,2.875272713,10.538800425,10.538920103,13.414073138,13.414192816
6337000000.000000,1.000000000000e+00,1.000000000000e+00,-1.234339157188e-13,-55.150958596826,-55.151425325702,-4.667288756011e-04,3.000781077,10.565723446,10.565806942,13.566504523,13.566588019
6338000000.000000,1.000000000000e+00,1.000000000000e+00,-4.628771839456e-14,-55.217428870640,-55.217896009163,-4.671385227439e-04,2.708491346,10.592176313,10.592222817,13.300667659,13.300714163
6339000000.000000,1.000000000000e+00,1.000000000000e+00,-1.060760213209e-13,-55.284063809984,-55.284531123245,-4.673132607778e-04,2.822892096,10.618117014,10.618125755,13.441009110,13.441017851
6340000000.000000,1.000000000000e+00,1.000000000000e+00,-9.450409172222e-14,-55.350860064259,-55.351327312630,-4.672483713009e-04,3.144151353,10.643503218,10.643473468,13.787654571,13.787624821
6341000000.000000,1.000000000000e+00,1.000000000000e+00,3.471578879592e-14,-55.417814016058,-55.418280955469,-4.669394119148e-04,2.361151541,10.668292388,10.668223463,13.029443929,13.029375004
6342000000.000000,1.000000000000e+00,1.000000000000e+00,5.014502826077e-14,-55.484921780223,-55.485388162464,-4.663822409228e-04,2.171408252,10.692441894,10.692333161,12.863850146,12.863741413
6343000000.000000,1.000000000000e+00,1.000000000000e+00,-8.775379945635e-14,-55.552179203665,-55.552644776707,-4.655730417582e-04,2.459110942,10.715909143,10.715760023,13.175020085,13.174870965
6344000000.000000,1.000000000000e+00,1.000000000000e+00,1.465777749161e-13,-55.619581865985,-55.620046374332,-4.645083470720e-04,2.855837957,10.738651709,10.738461679,13.594489666,13.594299636
6345000000.000000,1.000000000000e+00,1.000000000000e+00,0.000000000000e+00,-55.687125080933,-55.687588265996,-4.631850623085e-04,2.999771766,10.760627464,10.760396064,13.760399230,13.760167830
6346000000.000000,1.000000000000e+00,1.000000000000e+00,-1.272912255850e-13,-55.754803898735,-55.755265499224,-4.616004884639e-04,2.639887272,10.781794723,10.781521556,13.421681995,13.421408828
6347000000.000000,1.000000000000e+00,1.000000000000e+00,-1.060760213209e-14,-55.822613109312,-55.823072861656,-4.597523440069e-04,2.466002445,10.802112388,10.801797125,13.268114833,13.267799570
6348000000.000000,1.000000000000e+00,1.000000000000e+00,-1.398274826502e-13,-55.890547246417,-55.891004885203,-4.576387855835e-04,3.109346901,10.821540090,10.821182476,13.930886991,13.930529377
6349000000.000000,1.000000000000e+00,1.000000000000e+00,1.060760213209e-13,-55.958600592702,-55.959055851129,-4.552584275430e-04,2.858086059,10.840038344,10.839638195,13.698124403,13.697724254
6350000000.000000,1.000000000000e+00,1.000000000000e+00,1.272912255850e-13,-56.026767185726,-56.027219796086,-4.526103598792e-04,2.088501843,10.857568697,10.857125907,12.946070540,12.945627750
6351000000.000000,1.000000000000e+00,1.000000000000e+00,-3.085847892971e-14,-56.095040824919,-56.095490519083,-4.496941644945e-04,2.567972168,10.874093877,10.873608420,13.442066045,13.441580588
6352000000.000000,1.000000000000e+00,1.000000000000e+00,6.943157759184e-14,-56.163415079481,-56.163861589411,-4.465099296738e-04,2.965571151,10.889577947,10.889049878,13.855149098,13.854621029
6353000000.000000,1.000000000000e+00,1.000000000000e+00,3.471578879592e-14,-56.231883297231,-56.232326355494,-4.430582624764e-04,2.581132167,10.903986449,10.903415908,13.485118616,13.484548075
6354000000.000000,1.000000000000e+00,1.000000000000e+00,-4.821637332766e-14,-56.300438614375,-56.300877954674,-4.393402989393e-04,2.346943661,10.917286554,10.916673764,13.264230215,13.263617425
6355000000.000000,1.000000000000e+00,1.000000000000e+00,-5.303801066043e-14,-56.369073966176,-56.369509323888,-4.353577119929e-04,2.994037068,10.929447200,10.928792470,13.923484268,13.922829538
6356000000.000000,1.000000000000e+00,1.000000000000e+00,2.892982399660e-14,-56.437782098501,-56.438213211218,-4.311127169103e-04,2.750751882,10.940439229,10.939742955,13.691191111,13.690494837
6357000000.000000,1.000000000000e+00,1.000000000000e+00,-1.176479509195e-13,-56.506555580213,-56.506982188287,-4.266080741573e-04,2.172422252,10.950235519,10.949498184,13.122657771,13.121920436
6358000000.000000,1.000000000000e+00,1.000000000000e+00,5.785964799320e-14,-56.575386816346,-56.575808663436,-4.218470896831e-04,2.780117295,10.958811105,10.958033278,13.738928400,13.738150573
6359000000.000000,1.000000000000e+00,1.000000000000e+00,8.100350719048e-14,-56.644268062046,-56.644684895659,-4.168336123556e-04,2.747835025,10.966143294,10.965325631,13.713978319,13.713160656
6360000000.000000,1.000000000000e+00,1.000000000000e+00,-7.714619732426e-15,-56.713191437192,-56.713603009221,-4.115720287672e-04,2.604301429,10.972211774,10.971355014,13.576513203,13.575656443
6361000000.000000,1.000000000000e+00,1.000000000000e+00,-5.303801066043e-14,-56.782148941656,-56.782555008911,-4.060672552129e-04,3.146123060,10.976998703,10.976103671,14.123121763,14.122226731
6362000000.000000,1.000000000000e+00,1.000000000000e+00,3.278713386281e-14,-56.851132471125,-56.851532795852,-4.003247268471e-04,2.874592361,10.980488798,10.979556400,13.855081159,13.854148761
6363000000.000000,1.000000000000e+00,1.000000000000e+00,-6.268128532596e-14,-56.920133833424,-56.920528183808,-3.943503842265e-04,2.643037381,10.982669408,10.981700627,13.625706789,13.624738008
6364000000.000000,1.000000000000e+00,1.000000000000e+00,1.523637397154e-13,-56.989144765245,-56.989532915902,-3.881506570522e-04,2.717047220,10.983530570,10.982526467,13.700577790,13.699573687
6365000000.000000,1.000000000000e+00,1.000000000000e+00,-5.400233812698e-14,-57.058156949223,-57.058538681669,-3.817324453976e-04,2.773202468,10.983065059,10.982026768,13.756267527,13.755229236
6366000000.000000,1.000000000000e+00,1.000000000000e+00,-1.928654933107e-15,-57.127162031261,-57.127537134360,-3.751030984276e-04,2.965599596,10.981268421,10.980197145,13.946868017,13.945796741
6367000000.000000,1.000000000000e+00,1.000000000000e+00,-7.618186985771e-14,-57.196151638024,-57.196519908414,-3.682703908225e-04,3.073216283,10.978138994,10.977036002,14.051355277,14.050252285
6368000000.000000,1.000000000000e+00,1.000000000000e+00,-1.205409333192e-13,-57.265117394513,-57.265478637010,-3.612424969219e-04,2.627907588,10.973677910,10.972544533,13.601585498,13.600452121
6369000000.000000,1.000000000000e+00,1.000000000000e+00,-8.389648959014e-14,-57.334050941639,-57.334404969602,-3.540279629988e-04,2.615163009,10.967889091,10.966726717,13.583052100,13.581889726
6370000000.000000,1.000000000000e+00,1.000000000000e+00,1.446491199830e-13,-57.402943953688,-57.403290589365,-3.466356775803e-04,3.224029473,10.960779226,10.959589295,14.184808699,14.183618768
6371000000.000000,1.000000000000e+00,1.000000000000e+00,-6.075263039286e-14,-57.471788155619,-57.472127230460,-3.390748403334e-04,2.993295685,10.952357735,10.951141732,13.945653420,13.944437417
6372000000.000000,1.000000000000e+00,1.000000000000e+00,-6.846725012528e-14,-57.540575340085,-57.540906695015,-3.313549294290e-04,2.749109864,10.942636717,10.941396170,13.691746581,13.690506034
6373000000.000000,1.000000000000e+00,1.000000000000e+00,-4.821637332766e-14,-57.609297384106,-57.609620869773,-3.234856679342e-04,3.202843141,10.931630893,10.930367367,14.134474034,14.133210508
6374000000.000000,1.000000000000e+00,1.000000000000e+00,-5.785964799320e-14,-57.677946265310,-57.678261742299,-3.154769891864e-04,3.089849297,10.919357528,10.918072617,14.009206825,14.007921914
6375000000.000000,1.000000000000e+00,1.000000000000e+00,2.121520426417e-14,-57.746514077677,-57.746821416679,-3.073390016226e-04,2.932721425,10.905836346,10.904531670,13.838557771,13.837253095
6376000000.000000,1.000000000000e+00,1.000000000000e+00,-1.060760213209e-14,-57.814993046693,-57.815292128646,-2.990819532513e-04,3.304955079,10.891089431,10.889766631,14.196044510,14.194721710
6377000000.000000,1.000000000000e+00,1.000000000000e+00,-2.410818666383e-14,-57.883375543866,-57.883666260062,-2.907161959698e-04,2.879063304,10.875141125,10.873801851,13.754204429,13.752865155
6378000000.000000,1.000000000000e+00,1.000000000000e+00,5.785964799320e-14,-57.951654100548,-57.951936352698,-2.822521499439e-04,2.881897660,10.858017904,10.856663819,13.739915564,13.738561479
6379000000.000000,1.000000000000e+00,1.000000000000e+00,7.521754239116e-14,-58.019821420980,-58.020095121248,-2.737002685080e-04,3.119571130,10.839748260,10.838381028,13.959319390,13.957952158
6380000000.000000,1.000000000000e+00,1.000000000000e+00,1.581497045147e-13,-58.087870394550,-58.088135465554,-2.650710035255e-04,2.818821728,10.820362568,10.818983849,13.639184296,13.637805577
6381000000.000000,1.000000000000e+00,1.000000000000e+00,-8.678947198980e-15,-58.155794107192,-58.156050481964,-2.563747716593e-04,3.691021012,10.799892946,10.798504393,14.490913958,14.489525405
6382000000.000000,1.000000000000e+00,1.000000000000e+00,2.892982399660e-14,-58.223585851910,-58.223833473831,-2.476219215879e-04,3.618001569,10.778373116,10.776976367,14.396374685,14.394977936
6383000000.000000,1.000000000000e+00,1.000000000000e+00,5.400233812698e-14,-58.291239138387,-58.291477961090,-2.388227024923e-04,3.152944395,10.755838254,10.754434930,13.908782649,13.907379325
6384000000.000000,1.000000000000e+00,1.000000000000e+00,-3.953742612868e-14,-58.358747701677,-58.358977688910,-2.299872339080e-04,3.321381255,10.732324844,10.730916544,14.053706099,14.052297799
6385000000.000000,1.000000000000e+00,1.000000000000e+00,9.836140158843e-14,-58.426105509935,-58.426326635412,-2.211254771254e-04,3.257155759,10.707870528,10.706458822,13.965026287,13.963614581
6386000000.000000,1.000000000000e+00,1.000000000000e+00,3.471578879592e-14,-58.493306771221,-58.493519018429,-2.122472082107e-04,3.355457092,10.682513951,10.681100377,14.037971043,14.036557469
6387000000.000000,1.000000000000e+00,1.000000000000e+00,-4.821637332766e-15,-58.560345939330,-58.560549301323,-2.033619928525e-04,3.954370772,10.656294613,10.654880677,14.610665385,14.609251449
6388000000.000000,1.000000000000e+00,1.000000000000e+00,5.593099306009e-14,-58.627217718701,-58.627412197864,-1.944791631132e-04,3.649204835,10.629252721,10.627839886,14.278457556,14.277044721
6389000000.000000,1.000000000000e+00,1.000000000000e+00,-1.253625706519e-13,-58.693917068371,-58.694102676167,-1.856077960056e-04,2.818275920,10.601429038,10.600018729,13.419704958,13.418294649
6390000000.000000,1.000000000000e+00,1.000000000000e+00,3.857309866213e-14,-58.760439205034,-58.760615961728,-1.767566942306e-04,3.392792697,10.572864744,10.571458337,13.965657441,13.964251034
6391000000.000000,1.000000000000e+00,1.000000000000e+00,9.643274665533e-14,-58.826779605196,-58.826947539565,-1.679343687826e-04,3.657769014,10.543601291,10.542200117,14.201370305,14.199969131
6392000000.000000,1.000000000000e+00,1.000000000000e+00,-3.568011626247e-14,-58.892934006465,-58.893093155488,-1.591490237161e-04,3.612152125,10.513680272,10.512285611,14.125832397,14.124437736
6393000000.000000,1.000000000000e+00,1.000000000000e+00,1.234339157188e-13,-58.958898408009,-58.959048816552,-1.504085428863e-04,3.184886060,10.483143287,10.481756368,13.668029347,13.666642428
6394000000.000000,1.000000000000e+00,1.000000000000e+00,7.136023252494e-14,-59.024669070216,-59.024810790695,-1.417204786947e-04,3.540217354,10.452031824,10.450653821,13.992249178,13.990871175
6395000000.000000,1.000000000000e+00,1.000000000000e+00,-7.907485225737e-14,-59.090242513585,-59.090375605628,-1.330920428941e-04,4.115589637,10.420387135,10.419019168,14.535976772,14.534608805
6396000000.000000,1.000000000000e+00,1.000000000000e+00,-7.136023252494e-14,-59.155615516903,-59.155740047002,-1.245300992068e-04,3.794951771,10.388250129,10.386893262,14.183201900,14.181845033
6397000000.000000,1.000000000000e+00,1.000000000000e+00,4.435906346145e-14,-59.220785114738,-59.220901155896,-1.160411579022e-04,3.863483722,10.355661264,10.354316506,14.219144986,14.217800228
6398000000.000000,1.000000000000e+00,1.000000000000e+00,4.435906346145e-14,-59.285748594302,-59.285856225674,-1.076313721171e-04,3.969259593,10.322660454,10.321328755,14.291920047,14.290588348
6399000000.000000,1.000000000000e+00,1.000000000000e+00,1.581497045147e-13,-59.350503491723,-59.350602798259,-9.930653586565e-05,3.907852488,10.289286974,10.287969228,14.197139462,14.195821716
6400000000.000000,1.000000000000e+00,1.000000000000e+00,1.041473663878e-13,-59.415047587774,-59.415138659858,-9.107208371972e-05,3.667724674,10.255579382,10.254276425,13.923304056,13.922001099
6401000000.000000,1.000000000000e+00,1.000000000000e+00,-6.171695785941e-14,-59.479378903108,-59.479461836200,-8.293309200269e-05,3.843569658,10.221575442,10.220288054,14.065145100,14.063857712
6402000000.000000,1.000000000000e+00,1.000000000000e+00,2.121520426417e-14,-59.543495693044,-59.543570587326,-7.489428131890e-05,3.874515343,10.187312055,10.186040958,14.061827398,14.060556301
6403000000.000000,1.000000000000e+00,1.000000000000e+00,5.785964799320e-14,-59.607396441953,-59.607463401974,-6.696002048301e-05,4.066185213,10.152825199,10.151571062,14.219010412,14.217756275
6404000000.000000,1.000000000000e+00,1.000000000000e+00,-5.496666559354e-14,-59.671079857282,-59.671138991614,-5.913433162164e-05,4.425919878,10.118149879,10.116913315,14.544069757,14.542833193
6405000000.000000,1.000000000000e+00,1.000000000000e+00,-6.943157759184e-14,-59.734544863270,-59.734596284166,-5.142089634802e-05,4.088562344,10.083320077,10.082101645,14.171882421,14.170663989
6406000000.000000,1.000000000000e+00,1.000000000000e+00,1.350058453175e-14,-59.797790594394,-59.797834417457,-4.382306298112e-05,4.037650843,10.048368713,10.047168920,14.086019556,14.084819763
6407000000.000000,1.000000000000e+00,1.000000000000e+00,-6.943157759184e-14,-59.860816388589,-59.860852732443,-3.634385456053e-05,4.038505899,10.013327615,10.012146917,14.051833514,14.050652816
6408000000.000000,1.000000000000e+00,1.000000000000e+00,1.080046762540e-13,-59.923621780282,-59.923650766260,-2.898597766432e-05,4.020920170,9.978227488,9.977066292,13.999147658,13.997986462
6409000000.000000,1.000000000000e+00,1.000000000000e+00,2.700116906349e-14,-59.986206493276,-59.986228245108,-2.175183199427e-05,4.185232651,9.943097898,9.941956561,14.128330549,14.127189212
6410000000.000000,1.000000000000e+00,1.000000000000e+00,1.755075989127e-13,-60.048570433522,-60.048585077042,-1.464352034475e-05,4.380492573,9.907967253,9.906846089,14.288459826,14.287338662
6411000000.000000,1.000000000000e+00,1.000000000000e+00,3.664444372902e-14,-60.110713681817,-60.110721344676,-7.662859232482e-06,4.386472567,9.872862797,9.871762071,14.259335364,14.258234638
6412000000.000000,1.000000000000e+00,1.000000000000e+00,1.735789439796e-14,-60.172636486454,-60.172637297844,-8.113897962403e-07,4.393518878,9.837810601,9.836730538,14.231329479,14.230249416
6413000000.000000,1.000000000000e+00,1.000000000000e+00,9.257543678912e-14,-60.234339255861,-60.234333346250,5.909610983679e-06,4.591206068,9.802835566,9.801776349,14.394041634,14.392982417
6414000000.000000,1.000000000000e+00,1.000000000000e+00,6.171695785941e-14,-60.295822551247,-60.295810052128,1.249911878176e-05,4.122413494,9.767961426,9.766923200,13.890374920,13.889336694
6415000000.000000,1.000000000000e+00,1.000000000000e+00,-1.157192959864e-13,-60.357087079289,-60.357068122939,1.895635030280e-05,4.149189696,9.733210757,9.732193627,13.882400453,13.881383323
6416000000.000000,1.000000000000e+00,1.000000000000e+00,4.050175359524e-14,-60.418133684890,-60.418108404138,2.528075169295e-05,4.713068585,9.698604988,9.697609025,14.411673573,14.410677610
6417000000.000000,1.000000000000e+00,1.000000000000e+00,3.278713386281e-14,-60.478963344005,-60.478931872018,3.147198670916e-05,4.485355936,9.664164413,9.663189655,14.149520349,14.148545591
6418000000.000000,1.000000000000e+00,1.000000000000e+00,6.171695785941e-14,-60.539577156584,-60.539539626659,3.752992515160e-05,4.203293634,9.629908216,9.628954668,13.833201850,13.832248302
6419000000.000000,1.000000000000e+00,1.000000000000e+00,9.064678185601e-14,-60.599976339631,-60.599932884999,4.345463126754e-05,4.576999461,9.595854484,9.594922120,14.172853945,14.171921581
6420000000.000000,1.000000000000e+00,1.000000000000e+00,-6.943157759184e-14,-60.660162220392,-60.660112974040,4.924635232584e-05,4.889218489,9.562020234,9.561109002,14.451238723,14.450327491
6421000000.000000,1.000000000000e+00,1.000000000000e+00,-6.653859519218e-14,-60.720136229708,-60.720081324201,5.490550735487e-05,5.025921519,9.528421435,9.527531255,14.554342954,14.553452774
6422000000.000000,1.000000000000e+00,1.000000000000e+00,1.369345002506e-13,-60.779899895511,-60.779839462835,6.043267620726e-05,4.361061910,9.495073037,9.494203806,13.856134947,13.855265716
6423000000.000000,1.000000000000e+00,1.000000000000e+00,-1.350058453175e-14,-60.839454836507,-60.839389007918,6.582858869564e-05,3.982005752,9.461988999,9.461140589,13.443994751,13.443146341
6424000000.000000,1.000000000000e+00,1.000000000000e+00,5.785964799320e-15,-60.898802756027,-60.898731661913,7.109411414774e-05,5.175077949,9.429182315,9.428354577,14.604260264,14.603432526
6425000000.000000,1.000000000000e+00,1.000000000000e+00,2.507251413039e-14,-60.957945436072,-60.957869205820,7.623025130243e-05,5.267643524,9.396665047,9.395857813,14.664308571,14.663501337
6426000000.000000,1.000000000000e+00,1.000000000000e+00,-8.486081705669e-14,-61.016884731546,-61.016803493428,8.123811830529e-05,4.359127069,9.364448354,9.363661437,13.723575423,13.722788506
6427000000.000000,1.000000000000e+00,1.000000000000e+00,6.750292265873e-14,-61.075622564690,-61.075536445747,8.611894333654e-05,4.416191120,9.332542526,9.331775723,13.748733646,13.747966843
6428000000.000000,1.000000000000e+00,1.000000000000e+00,1.542923946485e-14,-61.134160919707,-61.134070045651,9.087405538111e-05,5.091357194,9.300957014,9.300210105,14.392314208,14.391567299
6429000000.000000,1.000000000000e+00,1.000000000000e+00,7.521754239116e-14,-61.192501837596,-61.192406332721,9.550487541787e-05,5.055934367,9.269700461,9.268973215,14.325634828,14.324907582
6430000000.000000,1.000000000000e+00,1.000000000000e+00,-9.450409172222e-14,-61.250647411188,-61.250547398280,1.000129080353e-04,4.410011084,9.238780738,9.238072908,13.648791822,13.648083992
6431000000.000000,1.000000000000e+00,1.000000000000e+00,-7.714619732426e-15,-61.308599780379,-61.308495380646,1.043997333241e-04,4.430947098,9.208204973,9.207516302,13.639152071,13.638463400
6432000000.000000,1.000000000000e+00,1.000000000000e+00,-3.664444372902e-14,-61.366361127568,-61.366252460569,1.086669992105e-04,5.166581020,9.177979582,9.177309804,14.344560602,14.343890824
6433000000.000000,1.000000000000e+00,1.000000000000e+00,0.000000000000e+00,-61.423933673294,-61.423820856880,1.128164141591e-04,5.217049130,9.148110304,9.147459142,14.365159434,14.364508272
6434000000.000000,1.000000000000e+00,1.000000000000e+00,-2.217953173073e-14,-61.481319672073,-61.481202822333,1.168497401594e-04,4.734601312,9.118602232,9.117969402,13.853203544,13.852570714
6435000000.000000,1.000000000000e+00,1.000000000000e+00,8.871812692290e-14,-61.538521408424,-61.538400639638,1.207687862248e-04,5.193505160,9.089459839,9.088845050,14.282964999,14.282350210
6436000000.000000,1.000000000000e+00,1.000000000000e+00,-3.568011626247e-14,-61.595541193095,-61.595416617693,1.245754021184e-04,5.150654269,9.060687014,9.060089969,14.211341283,14.210744238
6437000000.000000,1.000000000000e+00,1.000000000000e+00,7.714619732426e-14,-61.652381359466,-61.652253087993,1.282714724695e-04,4.523079992,9.032287089,9.031707485,13.555367081,13.554787477
6438000000.000000,1.000000000000e+00,1.000000000000e+00,-6.268128532596e-14,-61.709044260145,-61.708912401234,1.318589112884e-04,4.483082294,9.004262865,9.003700397,13.487345159,13.486782691
6439000000.000000,1.000000000000e+00,1.000000000000e+00,4.050175359524e-14,-61.765532263740,-61.765396924083,1.353396567652e-04,4.898486032,8.976616647,8.976071004,13.875102679,13.874557036
6440000000.000000,1.000000000000e+00,1.000000000000e+00,-1.446491199830e-14,-61.821847751799,-61.821709036133,1.387156663384e-04,5.269641294,8.949350265,8.948821134,14.218991559,14.218462428
6441000000.000000,1.000000000000e+00,1.000000000000e+00,-6.557426772562e-14,-61.877993115932,-61.877851127019,1.419889122261e-04,5.481676665,8.922465103,8.921952170,14.404141768,14.403628835
6442000000.000000,1.000000000000e+00,1.000000000000e+00,-1.176479509195e-13,-61.933970755083,-61.933825593706,1.451613771195e-04,5.262537730,8.895962125,8.895465074,14.158499855,14.158002804
6443000000.000000,1.000000000000e+00,1.000000000000e+00,-1.350058453175e-14,-61.989783072970,-61.989634837920,1.482350502542e-04,4.604196053,8.869841899,8.869360412,13.474037952,13.473556465
6444000000.000000,1.000000000000e+00,1.000000000000e+00,-1.735789439796e-14,-62.045432475678,-62.045281263755,1.512119236793e-04,5.184370133,8.844104621,8.843638382,14.028474754,14.028008515
6445000000.000000,1.000000000000e+00,1.000000000000e+00,-1.446491199830e-14,-62.100921369392,-62.100767275403,1.540939889182e-04,5.070170031,8.818750139,8.818298830,13.888920170,13.888468861
6446000000.000000,1.000000000000e+00,1.000000000000e+00,-4.821637332766e-14,-62.156252158279,-62.156095275045,1.568832337924e-04,4.703688042,8.793777974,8.793341280,13.497466016,13.497029322
6447000000.000000,1.000000000000e+00,1.000000000000e+00,5.593099306009e-14,-62.211427242509,-62.211267660870,1.595816394584e-04,5.038023809,8.769187342,8.768764949,13.807211151,13.806788758
6448000000.000000,1.000000000000e+00,1.000000000000e+00,-1.253625706519e-14,-62.266449016401,-62.266286825223,1.621911778074e-04,4.994317161,8.744977174,8.744568769,13.739294335,13.738885930
6449000000.000000,1.000000000000e+00,1.000000000000e+00,6.171695785941e-14,-62.321319866694,-62.321155152885,1.647138089922e-04,5.014281844,8.721146138,8.720751409,13.735427982,13.735033253
6450000000.000000,1.000000000000e+00,1.000000000000e+00,4.050175359524e-14,-62.376042170949,-62.375875019470,1.671514791752e-04,5.145119134,8.697692652,8.697311292,13.842811786,13.842430426
6451000000.000000,1.000000000000e+00,1.000000000000e+00,-9.546841918878e-14,-62.430618296052,-62.430448789933,1.695061185032e-04,4.738865061,8.674614910,8.674246612,13.413479971,13.413111673
6452000000.000000,1.000000000000e+00,1.000000000000e+00,5.785964799320e-15,-62.485050596838,-62.484878817199,1.717796392313e-04,4.734718763,8.651910890,8.651555352,13.386629653,13.386274115
6453000000.000000,1.000000000000e+00,1.000000000000e+00,-8.582514452324e-14,-62.539341414816,-62.539167440882,1.739739340962e-04,4.989581580,8.629578378,8.629235301,13.619159958,13.618816881
6454000000.000000,1.000000000000e+00,1.000000000000e+00,7.136023252494e-14,-62.593493076988,-62.593316986113,1.760908747457e-04,5.008830445,8.607614981,8.607284068,13.616445426,13.616114513
6455000000.000000,1.000000000000e+00,1.000000000000e+00,6.171695785941e-14,-62.647507894776,-62.647329762465,1.781323104879e-04,5.094751205,8.586018139,8.585699098,13.680769344,13.680450303
6456000000.000000,1.000000000000e+00,1.000000000000e+00,-3.857309866213e-15,-62.701388163026,-62.701208062959,1.801000669701e-04,5.057951776,8.564785142,8.564477684,13.622736918,13.622429460
6457000000.000000,1.000000000000e+00,1.000000000000e+00,-6.268128532596e-14,-62.755136159105,-62.754954163160,1.819959452618e-04,5.228563981,8.543913143,8.543616983,13.772477124,13.772180964
6458000000.000000,1.000000000000e+00,1.000000000000e+00,1.735789439796e-14,-62.808754142078,-62.808570320357,1.838217207961e-04,4.879786798,8.523399169,8.523114028,13.403185967,13.402900826
6459000000.000000,1.000000000000e+00,1.000000000000e+00,-3.953742612868e-14,-62.862244351961,-62.862058772818,1.855791426451e-04,5.434782285,8.503240136,8.502965736,13.938022421,13.937748021
6460000000.000000,1.000000000000e+00,1.000000000000e+00,7.714619732426e-15,-62.915609009045,-62.915421739113,1.872699328018e-04,4.948986399,8.483432855,8.483168925,13.432419254,13.432155324
6461000000.000000,1.000000000000e+00,1.000000000000e+00,9.257543678912e-14,-62.968850313294,-62.968661417509,1.888957855911e-04,4.466715433,8.463974048,8.463720320,12.930689481,12.930435753
6462000000.000000,1.000000000000e+00,1.000000000000e+00,8.678947198980e-14,-63.021970443802,-63.021779985435,1.904583671930e-04,4.959337194,8.444860356,8.444616568,13.404197550,13.403953762
6463000000.000000,1.000000000000e+00,1.000000000000e+00,-1.350058453175e-14,-63.074971558313,-63.074779598998,1.919593152664e-04,5.162929251,8.426088347,8.425854241,13.589017598,13.588783492
6464000000.000000,1.000000000000e+00,1.000000000000e+00,1.388631551837e-13,-63.127855792802,-63.127662392564,1.934002385724e-04,4.902855562,8.407654528,8.407429848,13.310510090,13.310285410
6465000000.000000,1.000000000000e+00,1.000000000000e+00,5.593099306009e-14,-63.180625261105,-63.180430478388,1.947827168038e-04,4.125732499,8.389555349,8.389339848,12.515287848,12.515072347
6466000000.000000,1.000000000000e+00,1.000000000000e+00,1.253625706519e-13,-63.233282054603,-63.233085946302,1.961083004076e-04,4.905856134,8.371787215,8.371580648,13.277643349,13.277436782
6467000000.000000,1.000000000000e+00,1.000000000000e+00,-1.369345002506e-13,-63.285828241951,-63.285630863440,1.973785104781e-04,5.078006419,8.354346492,8.354148619,13.432352911,13.432155038
6468000000.000000,1.000000000000e+00,1.000000000000e+00,-1.002900565215e-13,-63.338265868858,-63.338067274019,1.985948387571e-04,4.555666769,8.337229512,8.337040099,12.892896281,12.892706868
6469000000.000000,1.000000000000e+00,1.000000000000e+00,1.523637397154e-13,-63.390596957900,-63.390397199153,1.997587475984e-04,4.656592241,8.320432584,8.320251400,12.977024825,12.976843641
6470000000.000000,1.000000000000e+00,1.000000000000e+00,-1.446491199830e-14,-63.442823508380,-63.442622636710,2.008716701170e-04,4.908783051,8.303951994,8.303778812,13.212735045,13.212561863
6471000000.000000,1.000000000000e+00,1.000000000000e+00,-3.278713386281e-14,-63.494947496219,-63.494745561209,2.019350102600e-04,4.959075822,8.287784015,8.287618615,13.246859837,13.246694437
6472000000.000000,1.000000000000e+00,1.000000000000e+00,4.628771839456e-14,-63.546970873885,-63.546767923742,2.029501429845e-04,4.692413573,8.271924912,8.271767077,12.964338485,12.964180650
6473000000.000000,1.000000000000e+00,1.000000000000e+00,-3.664444372902e-14,-63.598895570351,-63.598691651937,2.039184144706e-04,4.610575972,8.256370943,8.256220462,12.866946915,12.866796434
6474000000.000000,1.000000000000e+00,1.000000000000e+00,5.785964799320e-14,-63.650723491087,-63.650518649944,2.048411423559e-04,4.868776467,8.241118370,8.240975035,13.109894837,13.109751502
6475000000.000000,1.000000000000e+00,1.000000000000e+00,8.871812692290e-14,-63.702456518070,-63.702250798454,2.057196160123e-04,5.253040608,8.226163458,8.226027066,13.479204066,13.479067674
6476000000.000000,1.000000000000e+00,1.000000000000e+00,-1.070403487874e-13,-63.754096509833,-63.753889954737,2.065550968169e-04,4.399807955,8.211502479,8.211372831,12.611310434,12.611180786
6477000000.000000,1.000000000000e+00,1.000000000000e+00,5.785964799320e-15,-63.805645301526,-63.805437952707,2.073488185204e-04,3.900078103,8.197131720,8.197008622,12.097209823,12.097086725
6478000000.000000,1.000000000000e+00,1.000000000000e+00,9.643274665533e-15,-63.857104705001,-63.856896603014,2.081019875462e-04,4.259330902,8.183047481,8.182930744,12.442378383,12.442261646
6479000000.000000,1.000000000000e+00,1.000000000000e+00,-6.268128532596e-14,-63.908476508925,-63.908267693142,2.088157834095e-04,4.566806496,8.169246081,8.169135519,12.736052577,12.735942015
6480000000.000000,1.000000000000e+00,1.000000000000e+00,1.157192959864e-14,-63.959762478901,-63.959552987542,2.094913590511e-04,4.940785613,8.155723863,8.155619293,13.096509476,13.096404906
6481000000.000000,1.000000000000e+00,1.000000000000e+00,4.050175359524e-14,-64.010964357610,-64.010754227769,2.101298412924e-04,4.649047697,8.142477189,8.142378435,12.791524886,12.791426132
6482000000.000000,1.000000000000e+00,1.000000000000e+00,2.314385919728e-14,-64.062083864972,-64.061873132641,2.107323311691e-04,4.623998362,8.129502450,8.129409340,12.753500812,12.753407702
6483000000.000000,1.000000000000e+00,1.000000000000e+00,-5.882397545975e-14,-64.113122698313,-64.112911398409,2.112999044499e-04,4.275344891,8.116796067,8.116708430,12.392140958,12.392053321
6484000000.000000,1.000000000000e+00,1.000000000000e+00,-8.775379945635e-14,-64.164082532555,-64.163870698943,2.118336119992e-04,4.294976438,8.104354489,8.104272160,12.399330927,12.399248598
6485000000.000000,1.000000000000e+00,1.000000000000e+00,-5.303801066043e-14,-64.214965020409,-64.214752685929,2.123344802243e-04,4.511399596,8.092174196,8.092097014,12.603573792,12.603496610
6486000000.000000,1.000000000000e+00,1.000000000000e+00,8.100350719048e-14,-64.265771792581,-64.265558989069,2.128035115874e-04,3.934374966,8.080251705,8.080179512,12.014626671,12.014554478
6487000000.000000,1.000000000000e+00,1.000000000000e+00,2.121520426417e-14,-64.316504457990,-64.316291216305,2.132416849463e-04,4.105998101,8.068583565,8.068516207,12.174581666,12.174514308
6488000000.000000,1.000000000000e+00,1.000000000000e+00,-4.146608106179e-14,-64.367164603992,-64.366950954036,2.136499561090e-04,4.322959128,8.057166363,8.057103690,12.380125491,12.380062818
6489000000.000000,1.000000000000e+00,1.000000000000e+00,-8.486081705669e-14,-64.417753796612,-64.417539767354,2.140292582453e-04,3.910706389,8.045996724,8.045938589,11.956703113,11.956644978
6490000000.000000,1.000000000000e+00,1.000000000000e+00,-6.653859519218e-14,-64.468273580782,-64.468059200279,2.143805023707e-04,3.802106921,8.035071308,8.035017568,11.837178229,11.837124489
6491000000.000000,1.000000000000e+00,1.000000000000e+00,-1.060760213209e-14,-64.518725480586,-64.518510776008,2.147045777576e-04,4.294910701,8.024386819,8.024337334,12.319297520,12.319248035
6492000000.000000,1.000000000000e+00,1.000000000000e+00,-1.012543839881e-13,-64.569110999508,-64.568895997156,2.150023524194e-04,4.423989818,8.013939998,8.013894632,12.437929816,12.437884450
6493000000.000000,1.000000000000e+00,1.000000000000e+00,-3.182280639626e-14,-64.619431620688,-64.619216346014,2.152746736215e-04,4.034163168,8.003727628,8.003686246,12.037890796,12.037849414
6494000000.000000,1.000000000000e+00,1.000000000000e+00,9.643274665533e-14,-64.669688807176,-64.669473284808,2.155223682223e-04,4.230858945,7.993746531,7.993709005,12.224605476,12.224567950
6495000000.000000,1.000000000000e+00,1.000000000000e+00,-8.871812692290e-14,-64.719884002194,-64.719668255951,2.157462432280e-04,4.158932207,7.983993573,7.983959775,12.142925780,12.142891982
6496000000.000000,1.000000000000e+00,1.000000000000e+00,-6.075263039286e-14,-64.770018629397,-64.769802682311,2.159470861756e-04,3.868581257,7.974465661,7.974435467,11.843046918,11.843016724
6497000000.000000,1.000000000000e+00,1.000000000000e+00,-4.918070079422e-14,-64.820094093138,-64.819877967473,2.161256656024e-04,3.401385493,7.965159743,7.965133034,11.366545236,11.366518527
6498000000.000000,1.000000000000e+00,1.000000000000e+00,-2.507251413039e-14,-64.870111778735,-64.869895496003,2.162827315004e-04,3.271028864,7.956072812,7.956049468,11.227101676,11.227078332
6499000000.000000,1.000000000000e+00,1.000000000000e+00,9.257543678912e-14,-64.920073052732,-64.919856633716,2.164190157004e-04,3.953062711,7.947201901,7.947181808,11.900264612,11.900244519
6500000000.000000,1.000000000000e+00,1.000000000000e+00,-6.171695785941e-14,-64.969979263169,-64.969762727937,2.165352323402e-04,4.211535343,7.942820082,7.942801586,12.154355425,12.154336929
