freq_hz,h1_phase_rad,h2_fixed_phase_rad,pre_l1_09_phase_rad,phase_unwrapped_rad,omega_rad,group_delay_s,group_delay_ns
5500000000.000000,-74.767105431170,-0.327249234749,-75.094354665919,-75.094354665919,34557519189.487724304199,2.494355529843578e-09,2.494355530
5501000000.000000,-74.772436853368,-0.337590310567,-75.110027163935,-75.110027163935,34563802374.794906616211,2.347077909615503e-09,2.347077910
5502000000.000000,-74.775917530407,-0.347931386385,-75.123848916792,-75.123848916792,34570085560.102081298828,2.633873398193720e-09,2.633873398
5503000000.000000,-74.784852931005,-0.358272462203,-75.143125393208,-75.143125393208,34576368745.409263610840,2.708027173979289e-09,2.708027174
5504000000.000000,-74.789265451873,-0.368613538021,-75.157878989894,-75.157878989894,34582651930.716445922852,3.031211945753413e-09,3.031211946
5505000000.000000,-74.802262112090,-0.378954613839,-75.181216725929,-75.181216725929,34588935116.023620605469,2.930086111493764e-09,2.930086111
5506000000.000000,-74.805403848246,-0.389295689657,-75.194699537903,-75.194699537903,34595218301.330802917480,3.303566460835106e-09,3.303566461
5507000000.000000,-74.823093800950,-0.399636765475,-75.222730566425,-75.222730566425,34601501486.637977600098,3.170010431850091e-09,3.170010432
5508000000.000000,-74.824557222548,-0.409977841293,-75.234535063841,-75.234535063841,34607784671.945159912109,1.769935973047334e-09,1.769935973
5509000000.000000,-74.824653320714,-0.420318917112,-75.244972237826,-75.244972237826,34614067857.252342224121,2.329585767951435e-09,2.329585768
5510000000.000000,-74.833149509049,-0.430659992930,-75.263809501979,-75.263809501979,34620351042.559516906738,3.280447142540763e-09,3.280447143
5511000000.000000,-74.845194483652,-0.441001068748,-75.286195552400,-75.286195552400,34626634227.866699218750,3.092824707762344e-09,3.092824708
5512000000.000000,-74.851332938936,-0.451342144566,-75.302675083502,-75.302675083502,34632917413.173881530762,2.790896992799067e-09,2.790896993
5513000000.000000,-74.859583777974,-0.461683220384,-75.321266998358,-75.321266998358,34639200598.481056213379,2.390239938864054e-09,2.390239939
5514000000.000000,-74.860687428229,-0.472024296202,-75.332711724431,-75.332711724431,34645483783.788238525391,2.176432881164786e-09,2.176432881
5515000000.000000,-74.866251488540,-0.482365372020,-75.348616860560,-75.348616860560,34651766969.095420837402,2.859837120986273e-09,2.859837121
5516000000.000000,-74.875943049752,-0.492706447838,-75.368649497590,-75.368649497590,34658050154.402595520020,2.800002200460517e-09,2.800002200
5517000000.000000,-74.880755202276,-0.503047523656,-75.383802725932,-75.383802725932,34664333339.709777832031,2.499003556691506e-09,2.499003557
5518000000.000000,-74.886664302976,-0.513388599474,-75.400052902450,-75.400052902450,34670616525.016960144043,2.350314803723457e-09,2.350314804
5519000000.000000,-74.889607977524,-0.523729675292,-75.413337652816,-75.413337652816,34676899710.324134826660,2.467515298774335e-09,2.467515299
5520000000.000000,-74.896989863081,-0.534070751110,-75.431060614191,-75.431060614191,34683182895.631317138672,2.959398061403226e-09,2.959398061
5521000000.000000,-74.906114718723,-0.544411826928,-75.450526545651,-75.450526545651,34689466080.938491821289,2.837656984368763e-09,2.837656984
5522000000.000000,-74.911966760787,-0.554752902746,-75.466719663533,-75.466719663533,34695749266.245674133301,2.512898157077566e-09,2.512898157
5523000000.000000,-74.917010576645,-0.565093978564,-75.482104555209,-75.482104555209,34702032451.552856445312,2.351263004629134e-09,2.351263005
5524000000.000000,-74.920831451478,-0.575435054383,-75.496266505861,-75.496266505861,34708315636.860031127930,2.485767834057370e-09,2.485767834
5525000000.000000,-74.927565504872,-0.585776130201,-75.513341635073,-75.513341635073,34714598822.167213439941,2.847087681315633e-09,2.847087681
5526000000.000000,-74.935926858817,-0.596117206019,-75.532044064836,-75.532044064836,34720882007.474395751953,2.462930669706148e-09,2.462930670
5527000000.000000,-74.937833452829,-0.606458281837,-75.544291734666,-75.544291734666,34727165192.781570434570,2.252559008059865e-09,2.252559008
5528000000.000000,-74.943551198507,-0.616799357655,-75.560350556162,-75.560350556162,34733448378.088752746582,3.124478632446556e-09,3.124478632
5529000000.000000,-74.956414657665,-0.627140433473,-75.583555091138,-75.583555091138,34739731563.395935058594,2.540885150762073e-09,2.540885151
5530000000.000000,-74.954798751364,-0.637481509291,-75.592280260655,-75.592280260655,34746014748.703109741211,2.097959436901560e-09,2.097959437
5531000000.000000,-74.962096241847,-0.647822585109,-75.609918826956,-75.609918826956,34752297934.010292053223,2.970599957025663e-09,2.970599957
5532000000.000000,-74.971446259735,-0.658163660927,-75.629609920662,-75.629609920662,34758581119.317474365234,2.514397892332272e-09,2.514397892
5533000000.000000,-74.973010945998,-0.668504736745,-75.641515682743,-75.641515682743,34764864304.624649047852,2.352115287545041e-09,2.352115288
5534000000.000000,-74.980321660530,-0.678845812563,-75.659167473093,-75.659167473093,34771147489.931831359863,2.355511901676152e-09,2.355511902
5535000000.000000,-74.981929029905,-0.689186888381,-75.671115918286,-75.671115918286,34777430675.239006042480,2.533854068303640e-09,2.533854068
5536000000.000000,-74.991480858199,-0.699527964199,-75.691008822398,-75.691008822398,34783713860.546188354492,3.006369227628599e-09,3.006369228
5537000000.000000,-74.999026028187,-0.709869040017,-75.708895068204,-75.708895068204,34789997045.853370666504,2.793125560206992e-09,2.793125560
5538000000.000000,-75.005898157525,-0.720210115835,-75.726108273360,-75.726108273360,34796280231.160545349121,2.537070239482877e-09,2.537070239
5539000000.000000,-75.010225641454,-0.730551191654,-75.740776833108,-75.740776833108,34802563416.467727661133,2.389305575523978e-09,2.389305576
5540000000.000000,-75.015240905261,-0.740892267472,-75.756133172733,-75.756133172733,34808846601.774909973145,2.842389131846318e-09,2.842389132
5541000000.000000,-75.025262005079,-0.751233343290,-75.776495348369,-75.776495348369,34815129787.082084655762,2.758528067714051e-09,2.758528068
5542000000.000000,-75.029223439674,-0.761574419108,-75.790797858782,-75.790797858782,34821412972.389266967773,2.525279153134541e-09,2.525279153
5543000000.000000,-75.036313447186,-0.771915494926,-75.808228942112,-75.808228942112,34827696157.696449279785,2.980611642649704e-09,2.980611643
5544000000.000000,-75.045996758597,-0.782256570744,-75.828253329341,-75.828253329341,34833979343.003623962402,2.727318280016583e-09,2.727318280
5545000000.000000,-75.049903787840,-0.792597646562,-75.842501434402,-75.842501434402,34840262528.310806274414,3.047061796764239e-09,3.047061797
5546000000.000000,-75.063605114784,-0.802938722380,-75.866543837164,-75.866543837164,34846545713.617988586426,3.006027782503184e-09,3.006027783
5547000000.000000,-75.066996495396,-0.813279798198,-75.880276293594,-75.880276293594,34852828898.925163269043,2.792276309429326e-09,2.792276309
5548000000.000000,-75.078011742110,-0.823620874016,-75.901632616126,-75.901632616126,34859112084.232345581055,2.971947281528130e-09,2.971947282
5549000000.000000,-75.083660934746,-0.833961949834,-75.917622884580,-75.917622884580,34865395269.539520263672,2.848706997556281e-09,2.848706998
5550000000.000000,-75.093127498377,-0.844303025652,-75.937430524029,-75.937430524029,34871678454.846702575684,2.792626524787240e-09,2.792626525
5551000000.000000,-75.098071963008,-0.854644101470,-75.952716064478,-75.952716064478,34877961640.153884887695,3.023600187281386e-09,3.023600187
5552000000.000000,-75.110441027284,-0.864985177288,-75.975426204572,-75.975426204572,34884244825.461059570312,2.976406573453141e-09,2.976406573
5553000000.000000,-75.114792439473,-0.875326253106,-75.990118692579,-75.990118692579,34890528010.768241882324,2.602567247029831e-09,2.602567247
5554000000.000000,-75.122463700222,-0.885667328925,-76.008131029147,-76.008131029147,34896811196.075424194336,3.346035091226140e-09,3.346035091
5555000000.000000,-75.136157804881,-0.896008404743,-76.032166209624,-76.032166209624,34903094381.382598876953,3.541039204444479e-09,3.541039204
5556000000.000000,-75.146279559589,-0.906349480561,-76.052629040150,-76.052629040150,34909377566.689781188965,2.838062962765178e-09,2.838062963
5557000000.000000,-75.151139804262,-0.916690556379,-76.067830360641,-76.067830360641,34915660751.996963500977,2.762427053626896e-09,2.762427054
5558000000.000000,-75.160311090104,-0.927031632197,-76.087342722301,-76.087342722301,34921943937.304138183594,3.327131910722929e-09,3.327131911
5559000000.000000,-75.172267625299,-0.937372708015,-76.109640333314,-76.109640333314,34928227122.611320495605,3.096452228578897e-09,3.096452229
5560000000.000000,-75.178540104762,-0.947713783833,-76.126253888595,-76.126253888595,34934510307.918502807617,3.492318191210413e-09,3.492318191
5561000000.000000,-75.195471238357,-0.958054859651,-76.153526098008,-76.153526098008,34940793493.225677490234,3.541284674683226e-09,3.541284675
5562000000.000000,-75.202359048799,-0.968395935469,-76.170754984268,-76.170754984268,34947076678.532859802246,2.799043950034081e-09,2.799043950
5563000000.000000,-75.209962910363,-0.978737011287,-76.188699921650,-76.188699921650,34953359863.840034484863,3.864773595527781e-09,3.864773596
5564000000.000000,-75.230243074505,-0.989078087105,-76.219321161610,-76.219321161610,34959643049.147216796875,3.471820704231559e-09,3.471820704
5565000000.000000,-75.232908944403,-0.999419162923,-76.232328107326,-76.232328107326,34965926234.454399108887,2.385057576031187e-09,2.385057576
5566000000.000000,-75.239532440306,-1.009760238741,-76.249292679047,-76.249292679047,34972209419.761573791504,3.880967389365130e-09,3.880967389
5567000000.000000,-75.260996467324,-1.020101314559,-76.281097781883,-76.281097781883,34978492605.068756103516,3.869698606249496e-09,3.869698606
5568000000.000000,-75.267478355522,-1.030442390377,-76.297920745899,-76.297920745899,34984775790.375938415527,3.206413735798567e-09,3.206413736
5569000000.000000,-75.280607299034,-1.040783466196,-76.321390765230,-76.321390765230,34991058975.683113098145,3.504925689256990e-09,3.504925689
5570000000.000000,-75.290840399072,-1.051124542014,-76.341964941086,-76.341964941086,34997342160.990295410156,3.417625223778191e-09,3.417625224
5571000000.000000,-75.302872292581,-1.061465617832,-76.364337910413,-76.364337910413,35003625346.297477722168,3.882759493841286e-09,3.882759494
5572000000.000000,-75.318950442242,-1.071806693650,-76.390757135892,-76.390757135892,35009908531.604652404785,4.159468146218885e-09,4.159468146
5573000000.000000,-75.334459559229,-1.082147769468,-76.416607328697,-76.416607328697,35016191716.911834716797,3.863887650463759e-09,3.863887650
5574000000.000000,-75.346823334834,-1.092488845286,-76.439312180120,-76.439312180120,35022474902.219017028809,3.801046102160277e-09,3.801046102
5575000000.000000,-75.361542761635,-1.102829921104,-76.464372682739,-76.464372682739,35028758087.526191711426,3.778962539649341e-09,3.778962540
5576000000.000000,-75.373629027009,-1.113170996922,-76.486800023931,-76.486800023931,35035041272.833374023438,3.392974091285556e-09,3.392974091
5577000000.000000,-75.383497979915,-1.123512072740,-76.507010052655,-76.507010052655,35041324458.140548706055,3.748978586320510e-09,3.748978586
5578000000.000000,-75.400057929714,-1.133853148558,-76.533911078272,-76.533911078272,35047607643.447731018066,4.301297872371142e-09,4.301297872
5579000000.000000,-75.416867531466,-1.144194224376,-76.561061755842,-76.561061755842,35053890828.754913330078,4.039419251728278e-09,4.039419252
5580000000.000000,-75.430136617462,-1.154535300194,-76.584671917656,-76.584671917656,35060174014.062088012695,3.550961676558826e-09,3.550961677
5581000000.000000,-75.440808080295,-1.164876376012,-76.605684456307,-76.605684456307,35066457199.369270324707,3.757312068213276e-09,3.757312068
5582000000.000000,-75.456670241789,-1.175217451830,-76.631887693619,-76.631887693619,35072740384.676452636719,4.337809665880066e-09,4.337809666
5583000000.000000,-75.474636452575,-1.185558527648,-76.660194980223,-76.660194980223,35079023569.983627319336,4.269785198974060e-09,4.269785199
5584000000.000000,-75.489643793406,-1.195899603467,-76.685543396873,-76.685543396873,35085306755.290809631348,3.907403358283862e-09,3.907403358
5585000000.000000,-75.503056179678,-1.206240679285,-76.709296858963,-76.709296858963,35091589940.597991943359,4.116696715349915e-09,4.116696715
5586000000.000000,-75.520693578402,-1.216581755103,-76.737275333505,-76.737275333505,35097873125.905166625977,4.494810340581930e-09,4.494810341
5587000000.000000,-75.538857480623,-1.226922830921,-76.765780311544,-76.765780311544,35104156311.212348937988,4.408967902448737e-09,4.408967902
5588000000.000000,-75.555416151455,-1.237263906739,-76.792680058194,-76.792680058194,35110439496.519531250000,4.066433660854457e-09,4.066433661
5589000000.000000,-75.569275641448,-1.247604982557,-76.816880624005,-76.816880624005,35116722681.826705932617,4.650793747656339e-09,4.650793748
5590000000.000000,-75.593177597703,-1.257946058375,-76.851123656078,-76.851123656078,35123005867.133888244629,4.483798411262035e-09,4.483798411
5591000000.000000,-75.604938562408,-1.268287134193,-76.873225696601,-76.873225696601,35129289052.441062927246,4.097608359899530e-09,4.097608360
5592000000.000000,-75.623987511350,-1.278628210011,-76.902615721361,-76.902615721361,35135572237.748245239258,4.421515419137021e-09,4.421515419
5593000000.000000,-75.639818812206,-1.288969285829,-76.928788098035,-76.928788098035,35141855423.055427551270,4.627629021824741e-09,4.627629022
5594000000.000000,-75.661457861068,-1.299310361647,-76.960768222715,-76.960768222715,35148138608.362602233887,4.467891137545669e-09,4.467891138
5595000000.000000,-75.675281836469,-1.309651437465,-76.984933273934,-76.984933273934,35154421793.669784545898,4.425405670068337e-09,4.425405670
5596000000.000000,-75.696386997201,-1.319992513283,-77.016379510484,-77.016379510484,35160704978.976966857910,4.764172306568743e-09,4.764172307
5597000000.000000,-75.714468039708,-1.330333589101,-77.044801628809,-77.044801628809,35166988164.284141540527,4.322803030887829e-09,4.322803031
5598000000.000000,-75.730026790544,-1.340674664919,-77.070701455463,-77.070701455463,35173271349.591323852539,4.883989314611746e-09,4.883989315
5599000000.000000,-75.755159907875,-1.351015740738,-77.106175648613,-77.106175648613,35179554534.898506164551,4.570214346087156e-09,4.570214346
5600000000.000000,-75.766775646167,-1.361356816556,-77.128132462723,-77.128132462723,35185837720.205680847168,4.386831873317750e-09,4.386831873
5601000000.000000,-75.789604311382,-1.371697892374,-77.161302203756,-77.161302203756,35192120905.512863159180,5.229814737508531e-09,5.229814738
5602000000.000000,-75.811813284767,-1.382038968192,-77.193852252959,-77.193852252959,35198404090.820045471191,4.543386482232123e-09,4.543386482
5603000000.000000,-75.826016038126,-1.392380044010,-77.218396082136,-77.218396082136,35204687276.127220153809,4.394472562737957e-09,4.394472563
5604000000.000000,-75.846353704009,-1.402721119828,-77.249074823837,-77.249074823837,35210970461.434402465820,4.983661715058307e-09,4.983661715
5605000000.000000,-75.867960426618,-1.413062195646,-77.281022622264,-77.281022622264,35217253646.741577148438,4.930786044396621e-09,4.930786044
5606000000.000000,-75.887633637227,-1.423403271464,-77.311036908691,-77.311036908691,35223536832.048759460449,4.963188484644972e-09,4.963188485
5607000000.000000,-75.909647540909,-1.433744347282,-77.343391888191,-77.343391888191,35229820017.355941772461,4.777729562934220e-09,4.777729563
5608000000.000000,-75.926990205974,-1.444085423100,-77.371075629074,-77.371075629074,35236103202.663116455078,4.803655287232857e-09,4.803655287
5609000000.000000,-75.949329901916,-1.454426498918,-77.403756400834,-77.403756400834,35242386387.970298767090,4.926581015382453e-09,4.926581015
5610000000.000000,-75.968217297239,-1.464767574736,-77.432984871975,-77.432984871975,35248669573.277481079102,4.451640959410962e-09,4.451640959
5611000000.000000,-75.984588720418,-1.475108650554,-77.459697370972,-77.459697370972,35254952758.584655761719,4.745334689226104e-09,4.745334689
5612000000.000000,-76.007166779997,-1.485449726372,-77.492616506369,-77.492616506369,35261235943.891838073730,5.373652555719378e-09,5.373652556
5613000000.000000,-76.031433878350,-1.495790802190,-77.527224680540,-77.527224680540,35267519129.199020385742,4.899014784879967e-09,4.899014785
5614000000.000000,-76.048047463793,-1.506131878008,-77.554179341801,-77.554179341801,35273802314.506195068359,4.985588093940801e-09,4.985588094
5615000000.000000,-76.073402474432,-1.516472953827,-77.589875428259,-77.589875428259,35280085499.813377380371,5.284993364041908e-09,5.284993364
5616000000.000000,-76.093778497463,-1.526814029645,-77.620592527108,-77.620592527108,35286368685.120559692383,5.075359704425887e-09,5.075359704
5617000000.000000,-76.116499173843,-1.537155105463,-77.653654279306,-77.653654279306,35292651870.427734375000,4.843382788064600e-09,4.843382788
5618000000.000000,-76.133960088969,-1.547496181281,-77.681456270250,-77.681456270250,35298935055.734916687012,5.268673508273923e-09,5.268673508
5619000000.000000,-76.162025126158,-1.557837257099,-77.719862383257,-77.719862383257,35305218241.042091369629,5.483562437372739e-09,5.483562437
5620000000.000000,-76.182186415208,-1.568178332917,-77.750364748125,-77.750364748125,35311501426.349273681641,4.743083847207265e-09,4.743083847
5621000000.000000,-76.200946324001,-1.578519408735,-77.779465732736,-77.779465732736,35317784611.656455993652,5.236743911947385e-09,5.236743912
5622000000.000000,-76.227311128382,-1.588860484553,-77.816171612935,-77.816171612935,35324067796.963630676270,5.342265855051892e-09,5.342265855
5623000000.000000,-76.247397065020,-1.599201560371,-77.846598625391,-77.846598625391,35330350982.270812988281,4.761574816965067e-09,4.761574817
5624000000.000000,-76.266464690604,-1.609542636189,-77.876007326793,-77.876007326793,35336634167.577995300293,4.935410819505292e-09,4.935410820
5625000000.000000,-76.288735114876,-1.619883712007,-77.908618826883,-77.908618826883,35342917352.885169982910,5.086236784308257e-09,5.086236784
5626000000.000000,-76.309698075432,-1.630224787825,-77.939922863257,-77.939922863257,35349200538.192352294922,4.736678032395193e-09,4.736678032
5627000000.000000,-76.327575814876,-1.640565863643,-77.968141678519,-77.968141678519,35355483723.499534606934,4.908503841318630e-09,4.908503841
5628000000.000000,-76.350698002228,-1.650906939461,-78.001604941689,-78.001604941689,35361766908.806709289551,5.293550637683119e-09,5.293550638
5629000000.000000,-76.373414382418,-1.661248015280,-78.034662397698,-78.034662397698,35368050094.113891601562,5.035932563827757e-09,5.035932564
5630000000.000000,-76.393299245577,-1.671589091098,-78.064888336675,-78.064888336675,35374333279.421073913574,5.067434584672526e-09,5.067434585
5631000000.000000,-76.416411491837,-1.681930166916,-78.098341658753,-78.098341658753,35380616464.728248596191,5.023200286794598e-09,5.023200287
5632000000.000000,-76.435740490415,-1.692271242734,-78.128011733149,-78.128011733149,35386899650.035430908203,5.138062976133860e-09,5.138062976
5633000000.000000,-76.460296143799,-1.702612318552,-78.162908462351,-78.162908462351,35393182835.342605590820,5.347404367194908e-09,5.347404367
5634000000.000000,-76.482255803882,-1.712953394370,-78.195209198252,-78.195209198252,35399466020.649787902832,4.611381650144817e-09,4.611381650
5635000000.000000,-76.497562323023,-1.723294470188,-78.220856793211,-78.220856793211,35405749205.956970214844,5.023932352583338e-09,5.023932353
5636000000.000000,-76.524706248130,-1.733635546006,-78.258341794136,-78.258341794136,35412032391.264144897461,5.536982815349567e-09,5.536982815
5637000000.000000,-76.546459949530,-1.743976621824,-78.290436571354,-78.290436571354,35418315576.571327209473,4.917863282128726e-09,4.917863282
5638000000.000000,-76.565823789128,-1.754317697642,-78.320141486770,-78.320141486770,35424598761.878509521484,4.642699216616729e-09,4.642699217
5639000000.000000,-76.584119676901,-1.764658773460,-78.348778450361,-78.348778450361,35430881947.185684204102,5.211147194495133e-09,5.211147194
5640000000.000000,-76.610626844464,-1.774999849278,-78.385626693742,-78.385626693742,35437165132.492866516113,5.113648883357660e-09,5.113648883
5641000000.000000,-76.627697532325,-1.785340925096,-78.413038457421,-78.413038457421,35443448317.800048828125,4.679560946564935e-09,4.679560947
5642000000.000000,-76.648749789995,-1.795682000914,-78.444431790909,-78.444431790909,35449731503.107223510742,5.128888029321670e-09,5.128888029
5643000000.000000,-76.671466888505,-1.806023076732,-78.477489965237,-78.477489965237,35456014688.414405822754,4.837775045287316e-09,4.837775045
5644000000.000000,-76.688860912526,-1.816364152551,-78.505225065077,-78.505225065077,35462297873.721588134766,4.716363637030921e-09,4.716363637
5645000000.000000,-76.710052310283,-1.826705228369,-78.536757538652,-78.536757538652,35468581059.028762817383,4.728759542403439e-09,4.728759542
5646000000.000000,-76.727602105846,-1.837046304187,-78.564648410033,-78.564648410033,35474864244.335945129395,4.539173726807027e-09,4.539173727
5647000000.000000,-76.746411097981,-1.847387380005,-78.593798477986,-78.593798477986,35481147429.643119812012,4.892803514702948e-09,4.892803515
5648000000.000000,-76.768404736519,-1.857728455823,-78.626133192342,-78.626133192342,35487430614.950302124023,5.130694467764545e-09,5.130694468
5649000000.000000,-76.790203154536,-1.868069531641,-78.658272686177,-78.658272686177,35493713800.257484436035,4.771869385460831e-09,4.771869385
5650000000.000000,-76.807687664104,-1.878410607459,-78.686098271563,-78.686098271563,35499996985.564659118652,4.668250248721014e-09,4.668250249
5651000000.000000,-76.828183965646,-1.888751683277,-78.716935648923,-78.716935648923,35506280170.871841430664,4.590365674323370e-09,4.590365674
5652000000.000000,-76.844689748787,-1.899092759095,-78.743782507882,-78.743782507882,35512563356.179023742676,4.854714568844875e-09,4.854714569
5653000000.000000,-76.868507956509,-1.909433834913,-78.777941791422,-78.777941791422,35518846541.486198425293,4.809039152239570e-09,4.809039152
5654000000.000000,-76.884439765437,-1.919774910731,-78.804214676168,-78.804214676168,35525129726.793380737305,4.478086108543080e-09,4.478086109
5655000000.000000,-76.904099094556,-1.930115986549,-78.834215081105,-78.834215081105,35531412912.100563049316,4.818784501615342e-09,4.818784502
5656000000.000000,-76.924312245759,-1.940457062367,-78.864769308126,-78.864769308126,35537696097.407737731934,4.513812730239217e-09,4.513812730
5657000000.000000,-76.940139186572,-1.950798138185,-78.890937324757,-78.890937324757,35543979282.714920043945,4.099022204160076e-09,4.099022204
5658000000.000000,-76.955139926297,-1.961139214003,-78.916279140300,-78.916279140300,35550262468.022102355957,4.400440669865228e-09,4.400440670
5659000000.000000,-76.974754603260,-1.971480289821,-78.946234893081,-78.946234893081,35556545653.329277038574,4.940096705653322e-09,4.940096706
5660000000.000000,-76.996536860734,-1.981821365640,-78.978358226374,-78.978358226374,35562828838.636459350586,4.383989252319000e-09,4.383989252
5661000000.000000,-77.009163285337,-1.992162441458,-79.001325726795,-79.001325726795,35569112023.943634033203,4.291650925954498e-09,4.291650926
5662000000.000000,-77.029785185181,-2.002503517276,-79.032288702457,-79.032288702457,35575395209.250816345215,4.685744294432984e-09,4.685744294
5663000000.000000,-77.047363933109,-2.012844593094,-79.060208526203,-79.060208526203,35581678394.557998657227,4.248348671811838e-09,4.248348672
5664000000.000000,-77.062489357454,-2.023185668912,-79.085675026366,-79.085675026366,35587961579.865173339844,3.797251065036197e-09,3.797251065
5665000000.000000,-77.074399445672,-2.033526744730,-79.107926190402,-79.107926190402,35594244765.172355651855,4.358735070680914e-09,4.358735071
5666000000.000000,-77.096580686126,-2.043867820548,-79.140448506674,-79.140448506674,35600527950.479537963867,4.542687406559793e-09,4.542687407
5667000000.000000,-77.110802387572,-2.054208896366,-79.165011283938,-79.165011283938,35606811135.786712646484,3.953817477676562e-09,3.953817478
5668000000.000000,-77.125583670256,-2.064549972184,-79.190133642440,-79.190133642440,35613094321.093894958496,3.889021624360651e-09,3.889021624
5669000000.000000,-77.138991122995,-2.074891048002,-79.213882170997,-79.213882170997,35619377506.401077270508,4.315036792887234e-09,4.315036793
5670000000.000000,-77.159125870174,-2.085232123820,-79.244357993994,-79.244357993994,35625660691.708251953125,3.951070399379472e-09,3.951070399
5671000000.000000,-77.167959586321,-2.095573199638,-79.263532785959,-79.263532785959,35631943877.015434265137,3.744901641068200e-09,3.744901641
5672000000.000000,-77.185503540474,-2.105914275456,-79.291417815930,-79.291417815930,35638227062.322616577148,4.282857932943340e-09,4.282857933
5673000000.000000,-77.201097414759,-2.116255351274,-79.317352766033,-79.317352766033,35644510247.629791259766,3.693477809971459e-09,3.693477810
5674000000.000000,-77.211234999854,-2.126596427092,-79.337831426946,-79.337831426946,35650793432.936973571777,3.669159175786547e-09,3.669159176
5675000000.000000,-77.226523277168,-2.136937502911,-79.363460780079,-79.363460780079,35657076618.244148254395,4.238512263130619e-09,4.238512263
5676000000.000000,-77.243815564169,-2.147278578729,-79.391094142898,-79.391094142898,35663359803.551330566406,4.252075857680163e-09,4.252075858
5677000000.000000,-77.259274286640,-2.157619654547,-79.416893941187,-79.416893941187,35669642988.858512878418,3.555029191479931e-09,3.555029191
5678000000.000000,-77.267807226898,-2.167960730365,-79.435767957263,-79.435767957263,35675926174.165687561035,3.332462633256920e-09,3.332462633
5679000000.000000,-77.280469095512,-2.178301806183,-79.458770901695,-79.458770901695,35682209359.472869873047,3.431952635608983e-09,3.431952636
5680000000.000000,-77.290252264012,-2.188642882001,-79.478895146013,-79.478895146013,35688492544.780052185059,3.901009276694995e-09,3.901009277
5681000000.000000,-77.308808472217,-2.198983957819,-79.507792430036,-79.507792430036,35694775730.087226867676,3.728501977371422e-09,3.728501977
5682000000.000000,-77.316423850060,-2.209325033637,-79.525748883697,-79.525748883697,35701058915.394409179688,3.609667502497082e-09,3.609667502
5683000000.000000,-77.333486740212,-2.219666109455,-79.553152849667,-79.553152849667,35707342100.701591491699,3.619748592089068e-09,3.619748592
5684000000.000000,-77.341228800763,-2.230007185273,-79.571235986036,-79.571235986036,35713625286.008766174316,3.275371055901796e-09,3.275371056
5685000000.000000,-77.353964115164,-2.240348261091,-79.594312376255,-79.594312376255,35719908471.315948486328,2.970928153377560e-09,2.970928153
5686000000.000000,-77.357880433371,-2.250689336909,-79.608569770280,-79.608569770280,35726191656.623130798340,3.005216337155624e-09,3.005216337
5687000000.000000,-77.371046625797,-2.261030412727,-79.632077038524,-79.632077038524,35732474841.930305480957,3.919375400382052e-09,3.919375400
5688000000.000000,-77.386450605593,-2.271371488545,-79.657822094138,-79.657822094138,35738758027.237487792969,3.631494668784558e-09,3.631494669
5689000000.000000,-77.395999182053,-2.281712564363,-79.677711746416,-79.677711746416,35745041212.544662475586,3.261679096841323e-09,3.261679097
5690000000.000000,-77.406755922312,-2.292053640182,-79.698809562494,-79.698809562494,35751324397.851844787598,3.701484979347484e-09,3.701484979
5691000000.000000,-77.421831262490,-2.302394716000,-79.724225978490,-79.724225978490,35757607583.159027099609,3.199646777012984e-09,3.199646777
5692000000.000000,-77.426281717911,-2.312735791818,-79.739017509729,-79.739017509729,35763890768.466201782227,2.740535210274412e-09,2.740535210
5693000000.000000,-77.435587691988,-2.323076867636,-79.758664559624,-79.758664559624,35770173953.773384094238,3.323283633004983e-09,3.323283633
5694000000.000000,-77.447361180064,-2.333417943454,-79.780779123518,-79.780779123518,35776457139.080566406250,3.216517914394847e-09,3.216517914
5695000000.000000,-77.455325496552,-2.343759019272,-79.799084515824,-79.799084515824,35782740324.387741088867,2.714032613605984e-09,2.714032614
5696000000.000000,-77.460784568110,-2.354100095090,-79.814884663200,-79.814884663200,35789023509.694923400879,3.180744343184562e-09,3.180744343
5697000000.000000,-77.474613757162,-2.364441170908,-79.839054928070,-79.839054928070,35795306695.002105712891,3.068301539978545e-09,3.068301540
5698000000.000000,-77.478659830782,-2.374782246726,-79.853442077508,-79.853442077508,35801589880.309280395508,2.454452526552025e-09,2.454452527
5699000000.000000,-77.484775165630,-2.385123322544,-79.869898488174,-79.869898488174,35807873065.616462707520,3.371493329154117e-09,3.371493329
5700000000.000000,-77.500345113844,-2.395464398362,-79.895809512206,-79.895809512206,35814156250.923645019531,3.062582278212231e-09,3.062582278
5701000000.000000,-77.502578557939,-2.405805474180,-79.908384032119,-79.908384032119,35820439436.230819702148,2.490830808795720e-09,2.490830809
5702000000.000000,-77.510963665289,-2.416146549998,-79.927110215287,-79.927110215287,35826722621.538002014160,2.928179377102720e-09,2.928179377
5703000000.000000,-77.518692993581,-2.426487625816,-79.945180619397,-79.945180619397,35833005806.845176696777,3.133434675721346e-09,3.133434676
5704000000.000000,-77.529657415084,-2.436828701634,-79.966486116718,-79.966486116718,35839288992.152359008789,3.091003462416986e-09,3.091003462
5705000000.000000,-77.536853537023,-2.447169777453,-79.984023314476,-79.984023314476,35845572177.459541320801,2.527748502237009e-09,2.527748502
5706000000.000000,-77.540739887946,-2.457510853271,-79.998250741217,-79.998250741217,35851855362.766716003418,2.718801565818755e-09,2.718801566
5707000000.000000,-77.550336853490,-2.467851929089,-80.018188782579,-80.018188782579,35858138548.073898315430,3.033437031804256e-09,3.033437032
5708000000.000000,-77.558177030287,-2.478193004907,-80.036370035194,-80.036370035194,35864421733.381080627441,2.377822024512696e-09,2.377822025
5709000000.000000,-77.559535294669,-2.488534080725,-80.048069375394,-80.048069375394,35870704918.688255310059,2.518379916617810e-09,2.518379917
5710000000.000000,-77.569141774031,-2.498875156543,-80.068016930574,-80.068016930574,35876988103.995437622070,2.759726191773360e-09,2.759726192
5711000000.000000,-77.573532885153,-2.509216232361,-80.082749117514,-80.082749117514,35883271289.302619934082,2.068007337084426e-09,2.068007337
5712000000.000000,-77.574446969026,-2.519557308179,-80.094004277205,-80.094004277205,35889554474.609794616699,2.258144481316055e-09,2.258144481
5713000000.000000,-77.581227413970,-2.529898383997,-80.111125797967,-80.111125797967,35895837659.916976928711,2.961897136907597e-09,2.961897137
5714000000.000000,-77.590985114534,-2.540239459815,-80.131224574349,-80.131224574349,35902120845.224159240723,2.844746500486889e-09,2.844746500
5715000000.000000,-77.596293401163,-2.550580535633,-80.146873936796,-80.146873936796,35908404030.531333923340,2.104433825768012e-09,2.104433826
5716000000.000000,-77.596748058286,-2.560921611451,-80.157669669737,-80.157669669737,35914687215.838516235352,2.590011110991027e-09,2.590011111
5717000000.000000,-77.608158289043,-2.571262687269,-80.179420976312,-80.179420976312,35920970401.145690917969,2.929432180756452e-09,2.929432181
5718000000.000000,-77.612878237123,-2.581603763087,-80.194482000210,-80.194482000210,35927253586.452873229980,2.346833677280680e-09,2.346833677
5719000000.000000,-77.616967319166,-2.591944838905,-80.208912158071,-80.208912158071,35933536771.760055541992,2.597438845764099e-09,2.597438846
5720000000.000000,-77.624836464670,-2.602285914724,-80.227122379394,-80.227122379394,35939819957.067230224609,2.891337269210603e-09,2.891337269
5721000000.000000,-77.632618783225,-2.612626990542,-80.245245773767,-80.245245773767,35946103142.374412536621,2.516129053353691e-09,2.516129053
5722000000.000000,-77.635772923232,-2.622968066360,-80.258740989592,-80.258740989592,35952386327.681594848633,1.912492687312109e-09,1.912492687
5723000000.000000,-77.635969723495,-2.633309142178,-80.269278865673,-80.269278865673,35958669512.988769531250,2.092621703990860e-09,2.092621704
5724000000.000000,-77.641387431484,-2.643650217996,-80.285037649480,-80.285037649480,35964952698.295951843262,2.464464403317521e-09,2.464464403
5725000000.000000,-77.646256944917,-2.653991293814,-80.300248238731,-80.300248238731,35971235883.603134155273,2.836962138876381e-09,2.836962139
5726000000.000000,-77.656355597504,-2.664332369632,-80.320687967136,-80.320687967136,35977519068.910308837891,2.823608938882957e-09,2.823608939
5727000000.000000,-77.661057309677,-2.674673445450,-80.335730755127,-80.335730755127,35983802254.217491149902,2.444631435020006e-09,2.444631435
5728000000.000000,-77.666393590496,-2.685014521268,-80.351408111764,-80.351408111764,35990085439.524673461914,2.246522766385822e-09,2.246522766
5729000000.000000,-77.668605795717,-2.695355597086,-80.363961392803,-80.363961392803,35996368624.831848144531,2.385963357688650e-09,2.385963358
5730000000.000000,-77.675694338685,-2.705696672904,-80.381391011589,-80.381391011589,36002651810.139030456543,2.690651624613172e-09,2.690651625
5731000000.000000,-77.681735369590,-2.716037748722,-80.397773118312,-80.397773118312,36008934995.446205139160,2.059866780741869e-09,2.059866781
5732000000.000000,-77.680897236432,-2.726378824540,-80.407276060972,-80.407276060972,36015218180.753387451172,2.851173070054094e-09,2.851173070
5733000000.000000,-77.696882115438,-2.736719900358,-80.433602015796,-80.433602015796,36021501366.060569763184,3.023615524881351e-09,3.023615525
5734000000.000000,-77.698210958077,-2.747060976176,-80.445271934253,-80.445271934253,36027784551.367744445801,1.900760905993363e-09,1.900760906
5735000000.000000,-77.700085629795,-2.757402051995,-80.457487681790,-80.457487681790,36034067736.674926757812,2.253666066368652e-09,2.253666066
5736000000.000000,-77.705849209471,-2.767743127813,-80.473592337284,-80.473592337284,36040350921.982109069824,2.404649592260258e-09,2.404649592
5737000000.000000,-77.709621196133,-2.778084203631,-80.487705399764,-80.487705399764,36046634107.289283752441,2.492791219145401e-09,2.492791219
5738000000.000000,-77.716492396159,-2.788425279449,-80.504917675608,-80.504917675608,36052917292.596466064453,2.602927232197049e-09,2.602927232
5739000000.000000,-77.721648392779,-2.798766355267,-80.520414748046,-80.520414748046,36059200477.903648376465,2.791363785174457e-09,2.791363785
5740000000.000000,-77.730887556367,-2.809107431085,-80.539994987452,-80.539994987452,36065483663.210823059082,2.743797364658212e-09,2.743797365
5741000000.000000,-77.735445815718,-2.819448506903,-80.554894322621,-80.554894322621,36071766848.518005371094,2.386049480885881e-09,2.386049481
5742000000.000000,-77.740189386812,-2.829789582721,-80.569978969533,-80.569978969533,36078050033.825187683105,2.599105460942855e-09,2.599105461
5743000000.000000,-77.747424986570,-2.840130658539,-80.587555645109,-80.587555645109,36084333219.132362365723,2.706485281528880e-09,2.706485282
5744000000.000000,-77.753517932286,-2.850471734357,-80.603989666643,-80.603989666643,36090616404.439544677734,2.350193083456704e-09,2.350193083
5745000000.000000,-77.756276232236,-2.860812810175,-80.617089042411,-80.617089042411,36096899589.746719360352,2.253729419346674e-09,2.253729419
5746000000.000000,-77.761156979798,-2.871153885993,-80.632310865791,-80.632310865791,36103182775.053901672363,2.720971462428256e-09,2.720971462
5747000000.000000,-77.769786816428,-2.881494961811,-80.651281778239,-80.651281778239,36109465960.361083984375,2.587461809287386e-09,2.587461809
5748000000.000000,-77.772989832208,-2.891836037629,-80.664825869837,-80.664825869837,36115749145.668258666992,2.519469957762790e-09,2.519469958
5749000000.000000,-77.780765258033,-2.902177113447,-80.682942371480,-80.682942371480,36122032330.975440979004,3.359746291640356e-09,3.359746292
5750000000.000000,-77.794527497642,-2.912518189266,-80.707045686908,-80.707045686908,36128315516.282623291016,2.961550469112554e-09,2.961550469
5751000000.000000,-77.797299047184,-2.922859265084,-80.720158312268,-80.720158312268,36134598701.589797973633,2.461604008293755e-09,2.461604008
5752000000.000000,-77.804778774280,-2.933200340902,-80.737979115182,-80.737979115182,36140881886.896980285645,2.666061284289260e-09,2.666061284
5753000000.000000,-77.810119609727,-2.943541416720,-80.753661026447,-80.753661026447,36147165072.204162597656,2.620260265790465e-09,2.620260266
5754000000.000000,-77.817023784250,-2.953882492538,-80.770906276788,-80.770906276788,36153448257.511337280273,2.918046116203638e-09,2.918046116
5755000000.000000,-77.826106707057,-2.964223568356,-80.790330275413,-80.790330275413,36159731442.818519592285,2.925596249642314e-09,2.925596250
5756000000.000000,-77.833105759355,-2.974564644174,-80.807670403529,-80.807670403529,36166014628.125701904297,2.856111694016592e-09,2.856111694
5757000000.000000,-77.841315513484,-2.984905719992,-80.826221233476,-80.826221233476,36172297813.432876586914,3.360972900938260e-09,3.360972901
5758000000.000000,-77.854658838817,-2.995246795810,-80.849905634627,-80.849905634627,36178580998.740058898926,3.199362715520326e-09,3.199362716
5759000000.000000,-77.860837739461,-3.005587871628,-80.866425611089,-80.866425611089,36184864184.047233581543,2.632231200327856e-09,2.632231200
5760000000.000000,-77.867054279987,-3.015928947446,-80.882983227433,-80.882983227433,36191147369.354415893555,2.854336065817803e-09,2.854336066
5761000000.000000,-77.876024232686,-3.026270023264,-80.902294255950,-80.902294255950,36197430554.661598205566,3.567560124304111e-09,3.567560124
5762000000.000000,-77.891203411062,-3.036611099082,-80.927814510144,-80.927814510144,36203713739.968772888184,2.853001670828584e-09,2.853001671
5763000000.000000,-77.891193957409,-3.046952174900,-80.938146132309,-80.938146132309,36209996925.275955200195,2.781188411876703e-09,2.781188412
5764000000.000000,-77.905470703758,-3.057293250718,-80.962763954476,-80.962763954476,36216280110.583137512207,3.264696519145943e-09,3.264696519
5765000000.000000,-77.911537192175,-3.067634326537,-80.979171518712,-80.979171518712,36222563295.890312194824,2.946773807202656e-09,2.946773807
5766000000.000000,-77.921818803899,-3.077975402355,-80.999794206254,-80.999794206254,36228846481.197494506836,3.516393030735133e-09,3.516393031
5767000000.000000,-77.935043338589,-3.088316478173,-81.023359816762,-81.023359816762,36235129666.504676818848,3.777433276619418e-09,3.777433277
5768000000.000000,-77.948605278788,-3.098657553991,-81.047262832779,-81.047262832779,36241412851.811851501465,3.245410449729184e-09,3.245410450
5769000000.000000,-77.955144217460,-3.108998629809,-81.064142847269,-81.064142847269,36247696037.119033813477,3.151248103468885e-09,3.151248103
5770000000.000000,-77.967522878718,-3.119339705627,-81.086862584345,-81.086862584345,36253979222.426216125488,3.673319812267276e-09,3.673319812
5771000000.000000,-77.980622363970,-3.129680781445,-81.110303145415,-81.110303145415,36260262407.733390808105,3.543120011448265e-09,3.543120011
5772000000.000000,-77.991364886277,-3.140021857263,-81.131386743540,-81.131386743540,36266545593.040573120117,3.256233878399832e-09,3.256233878
5773000000.000000,-78.000859254057,-3.150362933081,-81.151222187138,-81.151222187138,36272828778.347747802734,3.515805686292031e-09,3.515805686
5774000000.000000,-78.014863651903,-3.160704008899,-81.175567660802,-81.175567660802,36279111963.654930114746,3.959337434159940e-09,3.959337434
5775000000.000000,-78.029931604006,-3.171045084717,-81.200976688723,-81.200976688723,36285395148.962112426758,3.827308107884288e-09,3.827308108
5776000000.000000,-78.042276872406,-3.181386160535,-81.223663032941,-81.223663032941,36291678334.269287109375,3.584943674870503e-09,3.584943675
5777000000.000000,-78.054299183220,-3.191727236353,-81.246026419573,-81.246026419573,36297961519.576469421387,3.590734461818361e-09,3.590734462
5778000000.000000,-78.066717220795,-3.202068312171,-81.268785532966,-81.268785532966,36304244704.883651733398,3.788647054910471e-09,3.788647055
5779000000.000000,-78.081226574603,-3.212409387989,-81.293635962592,-81.293635962592,36310527890.190826416016,3.681884255200435e-09,3.681884255
5780000000.000000,-78.092302991268,-3.222750463808,-81.315053455076,-81.315053455076,36316811075.498008728027,3.899590301910994e-09,3.899590302
5781000000.000000,-78.109548119944,-3.233091539626,-81.342639659570,-81.342639659570,36323094260.805191040039,4.138244459428889e-09,4.138244459
5782000000.000000,-78.123623553202,-3.243432615444,-81.367056168646,-81.367056168646,36329377446.112365722656,4.278317203820816e-09,4.278317204
5783000000.000000,-78.142628887897,-3.253773691262,-81.396402579159,-81.396402579159,36335660631.419548034668,3.977739579465526e-09,3.977739579
5784000000.000000,-78.152927151329,-3.264114767080,-81.417041918409,-81.417041918409,36341943816.726730346680,3.514240079433940e-09,3.514240079
5785000000.000000,-78.166107979527,-3.274455842898,-81.440563822425,-81.440563822425,36348227002.033905029297,4.195847501405144e-09,4.195847501
5786000000.000000,-78.184971574437,-3.284796918716,-81.469768493153,-81.469768493153,36354510187.341087341309,4.535233812768696e-09,4.535233813
5787000000.000000,-78.202417256805,-3.295137994534,-81.497555251339,-81.497555251339,36360793372.648262023926,4.130164819245433e-09,4.130164819
5788000000.000000,-78.216190604618,-3.305479070352,-81.521669674970,-81.521669674970,36367076557.955444335938,3.835150473668973e-09,3.835150474
5789000000.000000,-78.229929027383,-3.315820146170,-81.545749173553,-81.545749173553,36373359743.262626647949,3.951838264363512e-09,3.951838264
5790000000.000000,-78.245168717220,-3.326161221988,-81.571329939208,-81.571329939208,36379642928.569801330566,4.254442963819966e-09,4.254442964
5791000000.000000,-78.262709782788,-3.336502297806,-81.599212080594,-81.599212080594,36385926113.876983642578,3.834468607659699e-09,3.834468608
5792000000.000000,-78.272671919217,-3.346843373624,-81.619515292841,-81.619515292841,36392209299.184165954590,4.335323125739102e-09,4.335323126
5793000000.000000,-78.296506908283,-3.357184449442,-81.653691357725,-81.653691357725,36398492484.491340637207,4.667399533721538e-09,4.667399534
5794000000.000000,-78.310642039927,-3.367525525260,-81.678167565187,-81.678167565187,36404775669.798522949219,4.552639218566438e-09,4.552639219
5795000000.000000,-78.333034908340,-3.377866601079,-81.710901509419,-81.710901509419,36411058855.105705261230,4.408179154185020e-09,4.408179154
5796000000.000000,-78.345354701276,-3.388207676897,-81.733562378173,-81.733562378173,36417342040.412879943848,4.179691198824910e-09,4.179691199
5797000000.000000,-78.364876305362,-3.398548752715,-81.763425058077,-81.763425058077,36423625225.720062255859,4.657756026240025e-09,4.657756026
5798000000.000000,-78.383203638097,-3.408889828533,-81.792093466630,-81.792093466630,36429908411.027244567871,4.665772382043269e-09,4.665772382
5799000000.000000,-78.402825978681,-3.419230904351,-81.822056883032,-81.822056883032,36436191596.334419250488,4.862715193850379e-09,4.862715194
5800000000.000000,-78.423628167779,-3.429571980169,-81.853200147948,-81.853200147948,36442474781.641601562500,4.804973083002112e-09,4.804973083
5801000000.000000,-78.442524899598,-3.439913055987,-81.882437955585,-81.882437955585,36448757966.948776245117,4.743492092767832e-09,4.743492093
5802000000.000000,-78.462554495787,-3.450254131805,-81.912808627592,-81.912808627592,36455041152.255958557129,4.502783956276644e-09,4.502783956
5803000000.000000,-78.478426399953,-3.460595207623,-81.939021607576,-81.939021607576,36461324337.563140869141,4.441480447126697e-09,4.441480447
5804000000.000000,-78.497685633526,-3.470936283441,-81.968621916967,-81.968621916967,36467607522.870315551758,4.861566258614691e-09,4.861566259
5805000000.000000,-78.518836491689,-3.481277359259,-82.000113850948,-82.000113850948,36473890708.177497863770,5.136958747277647e-09,5.136958747
5806000000.000000,-78.541556409339,-3.491618435077,-82.033174844416,-82.033174844416,36480173893.484680175781,4.746325130890674e-09,4.746325131
5807000000.000000,-78.557798420704,-3.501959510895,-82.059757931599,-82.059757931599,36486457078.791854858398,5.050620258125014e-09,5.050620258
5808000000.000000,-78.584342223699,-3.512300586713,-82.096642810412,-82.096642810412,36492740264.099037170410,4.800508211419509e-09,4.800508211
5809000000.000000,-78.597441234390,-3.522641662531,-82.120082896921,-82.120082896921,36499023449.406219482422,4.460204067909782e-09,4.460204068
5810000000.000000,-78.619708649395,-3.532982738350,-82.152691387745,-82.152691387745,36505306634.713394165039,5.096763772255578e-09,5.096763772
5811000000.000000,-78.640806905249,-3.543323814168,-82.184130719417,-82.184130719417,36511589820.020576477051,5.088275468408469e-09,5.088275468
5812000000.000000,-78.662967653083,-3.553664889986,-82.216632543069,-82.216632543069,36517873005.327758789062,4.697196188894834e-09,4.697196189
5813000000.000000,-78.679151461771,-3.564005965804,-82.243157427575,-82.243157427575,36524156190.634933471680,4.521239665579205e-09,4.521239666
5814000000.000000,-78.699101074721,-3.574347041622,-82.273448116343,-82.273448116343,36530439375.942115783691,5.460663842239925e-09,5.460663842
5815000000.000000,-78.727090035777,-3.584688117440,-82.311778153217,-82.311778153217,36536722561.249290466309,5.268035715290484e-09,5.268035715
5816000000.000000,-78.744619012293,-3.595029193258,-82.339648205551,-82.339648205551,36543005746.556472778320,4.891945380534264e-09,4.891945381
5817000000.000000,-78.767881882818,-3.605370269076,-82.373252151894,-82.373252151894,36549288931.863655090332,5.418820916136502e-09,5.418820916
5818000000.000000,-78.792031772582,-3.615711344894,-82.407743117476,-82.407743117476,36555572117.170829772949,5.332153808947630e-09,5.332153809
5819000000.000000,-78.814205552118,-3.626052420712,-82.440257972830,-82.440257972830,36561855302.478012084961,4.988897624612911e-09,4.988897625
5820000000.000000,-78.834041957454,-3.636393496530,-82.470435453984,-82.470435453984,36568138487.785194396973,5.625678422156744e-09,5.625678422
5821000000.000000,-78.864217760492,-3.646734572348,-82.510952332840,-82.510952332840,36574421673.092369079590,5.317663895943161e-09,5.317663896
5822000000.000000,-78.880183541137,-3.657075648166,-82.537259189303,-82.537259189303,36580704858.399551391602,4.686552203123223e-09,4.686552203
5823000000.000000,-78.902428560744,-3.667416723984,-82.569845284728,-82.569845284728,36586988043.706733703613,5.056042965054874e-09,5.056042965
5824000000.000000,-78.923037499242,-3.677757799802,-82.600795299044,-82.600795299044,36593271229.013908386230,4.622955024311827e-09,4.622955024
5825000000.000000,-78.939840175276,-3.688098875621,-82.627939050897,-82.627939050897,36599554414.321090698242,4.882304786226908e-09,4.882304786
5826000000.000000,-78.963708199001,-3.698439951439,-82.662148150440,-82.662148150440,36605837599.628273010254,5.701762614430120e-09,5.701762614
5827000000.000000,-78.990808485808,-3.708781027257,-82.699589513065,-82.699589513065,36612120784.935447692871,5.287226075370486e-09,5.287226075
5828000000.000000,-79.009467289750,-3.719122103075,-82.728589392825,-82.728589392825,36618403970.242630004883,5.191915994619935e-09,5.191915995
5829000000.000000,-79.035369874759,-3.729463178893,-82.764833053652,-82.764833053652,36624687155.549804687500,5.444432765403758e-09,5.444432765
5830000000.000000,-79.057201898029,-3.739804254711,-82.797006152740,-82.797006152740,36630970340.856986999512,4.914963643472202e-09,4.914963643
5831000000.000000,-79.076450977823,-3.750145330529,-82.826596308352,-82.826596308352,36637253526.164169311523,4.738551744046353e-09,4.738551744
5832000000.000000,-79.096066143784,-3.760486406347,-82.856552550131,-82.856552550131,36643536711.471343994141,5.140578749221590e-09,5.140578749
5833000000.000000,-79.120367243922,-3.770827482165,-82.891194726087,-82.891194726087,36649819896.778526306152,5.433549916867028e-09,5.433549917
5834000000.000000,-79.143663994155,-3.781168557983,-82.924832552138,-82.924832552138,36656103082.085708618164,4.998590435270034e-09,4.998590435
5835000000.000000,-79.162499232245,-3.791509633801,-82.954008866046,-82.954008866046,36662386267.392883300781,5.256330462792078e-09,5.256330463
5836000000.000000,-79.189034839186,-3.801850709619,-82.990885548805,-82.990885548805,36668669452.700065612793,5.293920953830827e-09,5.293920954
5837000000.000000,-79.208342453318,-3.812191785437,-83.020534238755,-83.020534238755,36674952638.007247924805,5.220298342392011e-09,5.220298342
5838000000.000000,-79.233952891238,-3.822532861255,-83.056485752493,-83.056485752493,36681235823.314422607422,5.277429393833841e-09,5.277429394
5839000000.000000,-79.253978435336,-3.832873937073,-83.086852372409,-83.086852372409,36687519008.621604919434,5.036420106904380e-09,5.036420107
5840000000.000000,-79.276560261234,-3.843215012892,-83.119775274126,-83.119775274126,36693802193.928787231445,4.619854188897821e-09,4.619854189
5841000000.000000,-79.291351083621,-3.853556088710,-83.144907172331,-83.144907172331,36700085379.235961914062,5.167487040672698e-09,5.167487041
5842000000.000000,-79.320814666896,-3.863897164528,-83.184711831424,-83.184711831424,36706368564.543144226074,5.726053467164255e-09,5.726053467
5843000000.000000,-79.342624642011,-3.874238240346,-83.216862882357,-83.216862882357,36712651749.850318908691,4.947315532932328e-09,4.947315533
5844000000.000000,-79.362302315793,-3.884579316164,-83.246881631957,-83.246881631957,36718934935.157501220703,4.943722357191827e-09,4.943722357
5845000000.000000,-79.384067137730,-3.894920391982,-83.278987529712,-83.278987529712,36725218120.464683532715,4.849219294661024e-09,4.849219295
5846000000.000000,-79.402557251004,-3.905261467800,-83.307818718804,-83.307818718804,36731501305.771858215332,4.730162683732693e-09,4.730162684
5847000000.000000,-79.422825963444,-3.915602543618,-83.338428507062,-83.338428507062,36737784491.079040527344,5.180071856355170e-09,5.180071856
5848000000.000000,-79.446969802124,-3.925943619436,-83.372913421560,-83.372913421560,36744067676.386222839355,5.206319317549389e-09,5.206319318
5849000000.000000,-79.467568349889,-3.936284695254,-83.403853045143,-83.403853045143,36750350861.693397521973,4.858832393757986e-09,4.858832394
5850000000.000000,-79.487345539101,-3.946625771072,-83.433971310173,-83.433971310173,36756634047.000579833984,4.804715699056074e-09,4.804715699
5851000000.000000,-79.507264036424,-3.956966846890,-83.464230883314,-83.464230883314,36762917232.307762145996,4.863668364926857e-09,4.863668365
5852000000.000000,-79.527782046684,-3.967307922708,-83.495089969392,-83.495089969392,36769200417.614936828613,5.029871296314566e-09,5.029871296
5853000000.000000,-79.549789111640,-3.977648998526,-83.527438110166,-83.527438110166,36775483602.922119140625,5.210091459992086e-09,5.210091460
5854000000.000000,-79.572571835269,-3.987990074344,-83.560561909613,-83.560561909613,36781766788.229301452637,4.974091631563106e-09,4.974091632
5855000000.000000,-79.591613238915,-3.998331150163,-83.589944389078,-83.589944389078,36788049973.536476135254,4.457079399760131e-09,4.457079400
5856000000.000000,-79.607898995227,-4.008672225981,-83.616571221208,-83.616571221208,36794333158.843658447266,4.549681749373257e-09,4.549681749
5857000000.000000,-79.628104074319,-4.019013301799,-83.647117376118,-83.647117376118,36800616344.150833129883,4.535878845947517e-09,4.535878846
5858000000.000000,-79.644216378231,-4.029354377617,-83.673570755848,-83.673570755848,36806899529.458015441895,4.978379756003565e-09,4.978379756
5859000000.000000,-79.669982087756,-4.039695453435,-83.709677541191,-83.709677541191,36813182714.765197753906,4.677621737643048e-09,4.677621738
5860000000.000000,-79.682314954944,-4.050036529253,-83.732351484197,-83.732351484197,36819465900.072372436523,4.199525287014330e-09,4.199525287
5861000000.000000,-79.702072727281,-4.060377605071,-83.762450332352,-83.762450332352,36825749085.379554748535,4.796533603035326e-09,4.796533603
5862000000.000000,-79.721907822228,-4.070718680889,-83.792626503117,-83.792626503117,36832032270.686737060547,4.698771239927189e-09,4.698771240
5863000000.000000,-79.740437076478,-4.081059756707,-83.821496833185,-83.821496833185,36838315455.993911743164,4.463442424728439e-09,4.463442425
5864000000.000000,-79.757314942317,-4.091400832525,-83.848715774842,-83.848715774842,36844598641.301094055176,4.305862054325717e-09,4.305862054
5865000000.000000,-79.773863983231,-4.101741908343,-83.875605891574,-83.875605891574,36850881826.608276367188,4.365943598967628e-09,4.365943599
5866000000.000000,-79.791496856027,-4.112082984161,-83.903579840188,-83.903579840188,36857165011.915451049805,4.601727582738279e-09,4.601727583
5867000000.000000,-79.811008845866,-4.122424059979,-83.933432905845,-83.933432905845,36863448197.222633361816,4.344328080583301e-09,4.344328081
5868000000.000000,-79.825407141122,-4.132765135797,-83.958172276919,-83.958172276919,36869731382.529815673828,4.101478812357276e-09,4.101478812
5869000000.000000,-79.841867397053,-4.143106211615,-83.984973608668,-83.984973608668,36876014567.836990356445,4.093389929645914e-09,4.093389930
5870000000.000000,-79.856164044410,-4.153447287434,-84.009611331844,-84.009611331844,36882297753.144172668457,4.401089537007393e-09,4.401089537
5871000000.000000,-79.876490967645,-4.163788363252,-84.040279330897,-84.040279330897,36888580938.451347351074,4.392787558481539e-09,4.392787558
5872000000.000000,-79.890683289264,-4.174129439070,-84.064812728334,-84.064812728334,36894864123.758529663086,3.815005827474933e-09,3.815005827
5873000000.000000,-79.903749593133,-4.184470514888,-84.088220108021,-84.088220108021,36901147309.065711975098,4.180600674229578e-09,4.180600674
5874000000.000000,-79.922536115091,-4.194811590706,-84.117347705797,-84.117347705797,36907430494.372886657715,4.155556018245968e-09,4.155556018
5875000000.000000,-79.935287698531,-4.205152666524,-84.140440365055,-84.140440365055,36913713679.680068969727,3.980863616645088e-09,3.980863617
5876000000.000000,-79.951878971027,-4.215493742342,-84.167372713369,-84.167372713369,36919996864.987251281738,3.740985341326728e-09,3.740985341
5877000000.000000,-79.961616155157,-4.225834818160,-84.187450973317,-84.187450973317,36926280050.294425964355,3.801020657023726e-09,3.801020657
5878000000.000000,-79.978961853680,-4.236175893978,-84.215137747658,-84.215137747658,36932563235.601608276367,3.844514238644098e-09,3.844514239
5879000000.000000,-79.989245594276,-4.246516969796,-84.235762564072,-84.235762564072,36938846420.908790588379,3.677005005343910e-09,3.677005005
5880000000.000000,-80.004486309692,-4.256858045614,-84.261344355306,-84.261344355306,36945129606.215965270996,4.269225189625867e-09,4.269225190
5881000000.000000,-80.022212108609,-4.267199121432,-84.289411230041,-84.289411230041,36951412791.523147583008,3.852913964725479e-09,3.852913965
5882000000.000000,-80.032221302882,-4.277540197250,-84.309761500132,-84.309761500132,36957695976.830329895020,3.566874084216424e-09,3.566874084
5883000000.000000,-80.046352618650,-4.287881273068,-84.334233891718,-84.334233891718,36963979162.137504577637,3.398507096886621e-09,3.398507097
5884000000.000000,-80.054246050961,-4.298222348886,-84.352468399847,-84.352468399847,36970262347.444686889648,3.224148277603359e-09,3.224148278
5885000000.000000,-80.066186309186,-4.308563424704,-84.374749733890,-84.374749733890,36976545532.751861572266,3.693599271930433e-09,3.693599272
5886000000.000000,-80.079979036676,-4.318904500523,-84.398883537199,-84.398883537199,36982828718.059043884277,3.875423030681624e-09,3.875423031
5887000000.000000,-80.094204159640,-4.329245576341,-84.423449735981,-84.423449735981,36989111903.366226196289,3.504893816809025e-09,3.504893817
5888000000.000000,-80.103340679706,-4.339586652159,-84.442927331865,-84.442927331865,36995395088.673400878906,3.094315030672591e-09,3.094315031
5889000000.000000,-80.112406317477,-4.349927727977,-84.462334045454,-84.462334045454,37001678273.980583190918,3.632113258208864e-09,3.632113258
5890000000.000000,-80.128301009386,-4.360268803795,-84.488569813181,-84.488569813181,37007961459.287765502930,3.521416436137075e-09,3.521416436
5891000000.000000,-80.135975589865,-4.370609879613,-84.506585469478,-84.506585469478,37014244644.594940185547,3.136358836256131e-09,3.136358836
5892000000.000000,-80.147031505266,-4.380950955431,-84.527982460697,-84.527982460697,37020527829.902122497559,3.443196217175260e-09,3.443196217
5893000000.000000,-80.158561917992,-4.391292031249,-84.549853949241,-84.549853949241,37026811015.209304809570,3.156615027785314e-09,3.156615028
5894000000.000000,-80.166016547956,-4.401633107067,-84.567649655023,-84.567649655023,37033094200.516479492188,3.201188991676420e-09,3.201188992
5895000000.000000,-80.178107093632,-4.411974182885,-84.590081276517,-84.590081276517,37039377385.823661804199,2.919359709641695e-09,2.919359710
5896000000.000000,-80.182020152388,-4.422315258703,-84.604335411091,-84.604335411091,37045660571.130844116211,2.711477211095023e-09,2.711477211
5897000000.000000,-80.191498369543,-4.432656334521,-84.624154704064,-84.624154704064,37051943756.438018798828,3.493207225468815e-09,3.493207225
5898000000.000000,-80.205234937380,-4.442997410339,-84.648232347719,-84.648232347719,37058226941.745201110840,3.326681890969547e-09,3.326681891
5899000000.000000,-80.212620535465,-4.453338486157,-84.665959021622,-84.665959021622,37064510127.052375793457,2.466570018361180e-09,2.466570018
5900000000.000000,-80.215548618741,-4.463679561975,-84.679228180716,-84.679228180716,37070793312.359558105469,2.473671982541567e-09,2.473671983
5901000000.000000,-80.223023462739,-4.474020637794,-84.697044100533,-84.697044100533,37077076497.666740417480,2.860794909705215e-09,2.860794910
5902000000.000000,-80.230816276191,-4.484361713612,-84.715177989803,-84.715177989803,37083359682.973915100098,2.940015591518259e-09,2.940015592
5903000000.000000,-80.239286636638,-4.494702789430,-84.733989426068,-84.733989426068,37089642868.281097412109,2.888931912568080e-09,2.888931913
5904000000.000000,-80.246437513648,-4.505043865248,-84.751481378896,-84.751481378896,37095926053.588279724121,2.868219499736333e-09,2.868219500
5905000000.000000,-80.254647594239,-4.515384941066,-84.770032535305,-84.770032535305,37102209238.895454406738,2.687912280049609e-09,2.687912280
5906000000.000000,-80.259532663902,-4.525726016884,-84.785258680786,-84.785258680786,37108492424.202636718750,2.579692363357026e-09,2.579692363
5907000000.000000,-80.266382812912,-4.536067092702,-84.802449905614,-84.802449905614,37114775609.509819030762,2.544185520558559e-09,2.544185521
5908000000.000000,-80.270821690429,-4.546408168520,-84.817229858949,-84.817229858949,37121058794.816993713379,2.504612563553655e-09,2.504612564
5909000000.000000,-80.277174550995,-4.556749244338,-84.833923795333,-84.833923795333,37127341980.124176025391,2.851958282212754e-09,2.851958282
5910000000.000000,-80.285978303544,-4.567090320156,-84.853068623700,-84.853068623700,37133625165.431358337402,2.679960007905499e-09,2.679960008
5911000000.000000,-80.290169770050,-4.577431395974,-84.867601166024,-84.867601166024,37139908350.738533020020,2.333920581373108e-09,2.333920581
5912000000.000000,-80.294625062918,-4.587772471792,-84.882397534710,-84.882397534710,37146191536.045715332031,2.540558009448157e-09,2.540558009
5913000000.000000,-80.301413211928,-4.598113547610,-84.899526759538,-84.899526759538,37152474721.352890014648,2.409952601301772e-09,2.409952601
5914000000.000000,-80.304227268833,-4.608454623428,-84.912681892261,-84.912681892261,37158757906.660072326660,2.457973835634732e-09,2.457973836
5915000000.000000,-80.311618870471,-4.618795699246,-84.930414569717,-84.930414569717,37165041091.967254638672,2.435725028436661e-09,2.435725028
5916000000.000000,-80.314153340618,-4.629136775065,-84.943290115683,-84.943290115683,37171324277.274429321289,2.051156201024430e-09,2.051156201
5917000000.000000,-80.316712307844,-4.639477850883,-84.956190158727,-84.956190158727,37177607462.581611633301,2.232872553904043e-09,2.232872554
5918000000.000000,-80.321530293029,-4.649818926701,-84.971349219730,-84.971349219730,37183890647.888793945312,2.400513323277565e-09,2.400513323
5919000000.000000,-80.326195896293,-4.660160002519,-84.986355898812,-84.986355898812,37190173833.195968627930,2.277281531574189e-09,2.277281532
5920000000.000000,-80.329465305112,-4.670501078337,-84.999966383449,-84.999966383449,37196457018.503150939941,2.710742513200528e-09,2.710742513
5921000000.000000,-80.339577939718,-4.680842154155,-85.020420093873,-85.020420093873,37202740203.810333251953,2.329098254316830e-09,2.329098254
5922000000.000000,-80.338051465337,-4.691183229973,-85.029234695310,-85.029234695310,37209023389.117507934570,2.033619550325165e-09,2.033619550
5923000000.000000,-80.344451005040,-4.701524305791,-85.045975310831,-85.045975310831,37215306574.424690246582,2.338425860956380e-09,2.338425861
5924000000.000000,-80.346754839724,-4.711865381609,-85.058620221333,-85.058620221333,37221589759.731872558594,2.333314346666338e-09,2.333314347
5925000000.000000,-80.353090146244,-4.722206457427,-85.075296603671,-85.075296603671,37227872945.039047241211,2.211322214725336e-09,2.211322215
5926000000.000000,-80.353860982586,-4.732547533245,-85.086408515831,-85.086408515831,37234156130.346229553223,2.129420938804673e-09,2.129420939
5927000000.000000,-80.359167087319,-4.742888609063,-85.102055696382,-85.102055696382,37240439315.653404235840,2.196975124899553e-09,2.196975125
5928000000.000000,-80.360786834600,-4.753229684881,-85.114016519481,-85.114016519481,37246722500.960586547852,1.838128447970269e-09,1.838128448
5929000000.000000,-80.361583538997,-4.763570760699,-85.125154299696,-85.125154299696,37253005686.267768859863,2.128719838043431e-09,2.128719838
5930000000.000000,-80.366854965383,-4.773911836517,-85.140766801900,-85.140766801900,37259288871.574943542480,2.267972042417116e-09,2.267972042
5931000000.000000,-80.369401564588,-4.784252912336,-85.153654476924,-85.153654476924,37265572056.882125854492,1.750337403933367e-09,1.750337404
5932000000.000000,-80.368168202264,-4.794593988154,-85.162762190418,-85.162762190418,37271855242.189308166504,1.989778922598578e-09,1.989778923
5933000000.000000,-80.373723712334,-4.804935063972,-85.178658776306,-85.178658776306,37278138427.496482849121,2.821650702190073e-09,2.821650702
5934000000.000000,-80.382943959096,-4.815276139790,-85.198220098886,-85.198220098886,37284421612.803665161133,2.540256706778582e-09,2.540256707
5935000000.000000,-80.384963367931,-4.825617215608,-85.210580583539,-85.210580583539,37290704798.110847473145,1.741432759829073e-09,1.741432760
5936000000.000000,-80.384145296920,-4.835958291426,-85.220103588346,-85.220103588346,37296987983.418022155762,1.856902548801623e-09,1.856902549
5937000000.000000,-80.387615741918,-4.846299367244,-85.233915109162,-85.233915109162,37303271168.725204467773,2.596700637151819e-09,2.596700637
5938000000.000000,-80.396094247865,-4.856640443062,-85.252734690927,-85.252734690927,37309554354.032386779785,2.105983281740678e-09,2.105983282
5939000000.000000,-80.393398156708,-4.866981518880,-85.260379675588,-85.260379675588,37315837539.339561462402,1.783543020240535e-09,1.783543020
5940000000.000000,-80.397824758828,-4.877322594698,-85.275147353526,-85.275147353526,37322120724.646743774414,1.908492427447372e-09,1.908492427
5941000000.000000,-80.396698828230,-4.887663670516,-85.284362498746,-85.284362498746,37328403909.953918457031,2.067970836168915e-09,2.067970836
5942000000.000000,-80.403129495139,-4.898004746334,-85.301134241473,-85.301134241473,37334687095.261100769043,2.752606510702023e-09,2.752606511
5943000000.000000,-80.410606950163,-4.908345822152,-85.318952772315,-85.318952772315,37340970280.568283081055,2.253227086638570e-09,2.253227087
5944000000.000000,-80.410762230152,-4.918686897970,-85.329449128122,-85.329449128122,37347253465.875457763672,1.981383152789559e-09,1.981383153
5945000000.000000,-80.414823593554,-4.929027973788,-85.343851567342,-85.343851567342,37353536651.182640075684,2.512765745018852e-09,2.512765745
5946000000.000000,-80.421656424134,-4.939369049607,-85.361025473741,-85.361025473741,37359819836.489822387695,1.915403094627987e-09,1.915403095
5947000000.000000,-80.418211107080,-4.949710125425,-85.367921232505,-85.367921232505,37366103021.796997070312,1.935166547945419e-09,1.935166548
5948000000.000000,-80.425292292540,-4.960051201243,-85.385343493783,-85.385343493783,37372386207.104179382324,2.983782765896136e-09,2.983782766
5949000000.000000,-80.435024275513,-4.970392277061,-85.405416552574,-85.405416552574,37378669392.411361694336,2.256448825533929e-09,2.256448826
5950000000.000000,-80.432965513118,-4.980733352879,-85.413698865997,-85.413698865997,37384952577.718536376953,1.885541029399558e-09,1.885541029
5951000000.000000,-80.438036531261,-4.991074428697,-85.429110959958,-85.429110959958,37391235763.025718688965,2.727335996982918e-09,2.727335997
5952000000.000000,-80.446556076410,-5.001415504515,-85.447971580925,-85.447971580925,37397518948.332901000977,2.370894775533044e-09,2.370894776
5953000000.000000,-80.447147922062,-5.011756580333,-85.458904502395,-85.458904502395,37403802133.640075683594,2.170691335875924e-09,2.170691336
5954000000.000000,-80.453151636590,-5.022097656151,-85.475249292741,-85.475249292741,37410085318.947257995605,1.975949222570656e-09,1.975949223
5955000000.000000,-80.451296280672,-5.032438731969,-85.483735012641,-85.483735012641,37416368504.254432678223,2.054683848851093e-09,2.054683849
5956000000.000000,-80.458289403694,-5.042779807787,-85.501069211481,-85.501069211481,37422651689.561614990234,2.608357825015508e-09,2.608357825
5957000000.000000,-80.463391720160,-5.053120883605,-85.516512603765,-85.516512603765,37428934874.868797302246,2.764340240793706e-09,2.764340241
5958000000.000000,-80.472344976028,-5.063461959423,-85.535806935451,-85.535806935451,37435218060.175971984863,2.726113849599623e-09,2.726113850
5959000000.000000,-80.476966925495,-5.073803035241,-85.550769960736,-85.550769960736,37441501245.483154296875,2.251148716772190e-09,2.251148717
5960000000.000000,-80.479951593475,-5.084144111059,-85.564095704534,-85.564095704534,37447784430.790336608887,2.320411536937989e-09,2.320411537
5961000000.000000,-80.485443925209,-5.094485186878,-85.579929112087,-85.579929112087,37454067616.097511291504,2.801387345505005e-09,2.801387346
5962000000.000000,-80.494472713456,-5.104826262696,-85.599298976152,-85.599298976152,37460350801.404693603516,2.978414572319471e-09,2.978414572
5963000000.000000,-80.502189634932,-5.115167338514,-85.617356973446,-85.617356973446,37466633986.711875915527,2.528555071318384e-09,2.528555071
5964000000.000000,-80.505565321965,-5.125508414332,-85.631073736297,-85.631073736297,37472917172.019050598145,2.950568541295616e-09,2.950568541
5965000000.000000,-80.518585421109,-5.135849490150,-85.654434911259,-85.654434911259,37479200357.326232910156,2.838592661052059e-09,2.838592661
5966000000.000000,-80.520553977731,-5.146190565968,-85.666744543699,-85.666744543699,37485483542.633415222168,2.397647217295936e-09,2.397647217
5967000000.000000,-80.528032993008,-5.156531641786,-85.684564634794,-85.684564634794,37491766727.940589904785,2.784257053029516e-09,2.784257053
5968000000.000000,-80.534859832109,-5.166872717604,-85.701732549713,-85.701732549713,37498049913.247772216797,2.616835457839056e-09,2.616835458
5969000000.000000,-80.540234965572,-5.177213793422,-85.717448758994,-85.717448758994,37504333098.554946899414,2.615269550100462e-09,2.615269550
5970000000.000000,-80.547042126896,-5.187554869240,-85.734596996136,-85.734596996136,37510616283.862129211426,3.196349931784119e-09,3.196349932
5971000000.000000,-80.559719331792,-5.197895945058,-85.757615276850,-85.757615276850,37516899469.169311523438,3.090880071816508e-09,3.090880072
5972000000.000000,-80.565201119767,-5.208237020876,-85.773438140643,-85.773438140643,37523182654.476486206055,2.938071662778865e-09,2.938071663
5973000000.000000,-80.575958077562,-5.218578096694,-85.794536174256,-85.794536174256,37529465839.783668518066,2.443018432219899e-09,2.443018432
5974000000.000000,-80.575218843168,-5.228919172512,-85.804138015680,-85.804138015680,37535749025.090850830078,2.859433699094535e-09,2.859433699
5975000000.000000,-80.591208629536,-5.239260248330,-85.830468877866,-85.830468877866,37542032210.398025512695,3.904998418233318e-09,3.904998418
5976000000.000000,-80.603608348903,-5.249601324149,-85.853209673052,-85.853209673052,37548315395.705207824707,3.443218856648157e-09,3.443218857
5977000000.000000,-80.613795242158,-5.259942399967,-85.873737642125,-85.873737642125,37554598581.012390136719,2.939649963831746e-09,2.939649964
5978000000.000000,-80.619866928189,-5.270283475785,-85.890150403974,-85.890150403974,37560881766.319564819336,2.912689117267666e-09,2.912689117
5979000000.000000,-80.629715021454,-5.280624551603,-85.910339573057,-85.910339573057,37567164951.626747131348,3.446042081514834e-09,3.446042082
5980000000.000000,-80.642489018502,-5.290965627421,-85.933454645923,-85.933454645923,37573448136.933929443359,3.316579992028614e-09,3.316579992
5981000000.000000,-80.650710243170,-5.301306703239,-85.952016946409,-85.952016946409,37579731322.241104125977,3.321411823736460e-09,3.321411824
5982000000.000000,-80.663544958806,-5.311647779057,-85.975192737863,-85.975192737863,37586014507.548286437988,3.393516896380691e-09,3.393516896
5983000000.000000,-80.672672282540,-5.321988854875,-85.994661137415,-85.994661137415,37592297692.855461120605,3.663496708857518e-09,3.663496709
5984000000.000000,-80.688899664558,-5.332329930693,-86.021229595251,-86.021229595251,37598580878.162643432617,3.459611678673473e-09,3.459611679
5985000000.000000,-80.695464893440,-5.342671006511,-86.038135899951,-86.038135899951,37604864063.469825744629,3.590766216498253e-09,3.590766216
5986000000.000000,-80.713340411988,-5.353012082329,-86.066352494317,-86.066352494317,37611147248.777000427246,3.550006420871584e-09,3.550006421
5987000000.000000,-80.719393438172,-5.363353158147,-86.082746596319,-86.082746596319,37617430434.084182739258,2.968214466024729e-09,2.968214466
5988000000.000000,-80.729957943395,-5.373694233965,-86.103652177360,-86.103652177360,37623713619.391365051270,3.919925019059344e-09,3.919925019
5989000000.000000,-80.747970517106,-5.384035309783,-86.132005826889,-86.132005826889,37629996804.698539733887,3.916228621317381e-09,3.916228621
5990000000.000000,-80.758488572025,-5.394376385601,-86.152864957626,-86.152864957626,37636279990.005722045898,3.664335852659334e-09,3.664335853
5991000000.000000,-80.773335767849,-5.404717461420,-86.178053229269,-86.178053229269,37642563175.312904357910,3.796747187328139e-09,3.796747187
5992000000.000000,-80.785517752673,-5.415058537238,-86.200576289911,-86.200576289911,37648846360.620079040527,3.699755208705237e-09,3.699755209
5993000000.000000,-80.799146111348,-5.425399613056,-86.224545724404,-86.224545724404,37655129545.927261352539,4.223931525648728e-09,4.223931526
5994000000.000000,-80.817915090038,-5.435740688874,-86.253655778912,-86.253655778912,37661412731.234443664551,4.118397492023038e-09,4.118397492
5995000000.000000,-80.830217268934,-5.446081764692,-86.276299033626,-86.276299033626,37667695916.541618347168,3.749657395122755e-09,3.749657395
5996000000.000000,-80.844352522906,-5.456422840510,-86.300775363416,-86.300775363416,37673979101.848800659180,3.689880671275507e-09,3.689880671
5997000000.000000,-80.855903525336,-5.466763916328,-86.322667441664,-86.322667441664,37680262287.155975341797,3.944336032343927e-09,3.944336032
5998000000.000000,-80.873236359680,-5.477104992146,-86.350341351826,-86.350341351826,37686545472.463157653809,4.395155556677478e-09,4.395155557
5999000000.000000,-80.890452527333,-5.487446067964,-86.377898595297,-86.377898595297,37692828657.770339965820,4.379012210345392e-09,4.379012210
6000000000.000000,-80.907582498404,-5.497787143782,-86.405369642186,-86.405369642186,37699111843.077514648438,4.093557750972547e-09,4.093557751
6001000000.000000,-80.921211539527,-5.508128219600,-86.429339759127,-86.429339759127,37705395028.384696960449,4.174381684719439e-09,4.174381685
6002000000.000000,-80.939357174104,-5.518469295418,-86.457826469522,-86.457826469522,37711678213.691879272461,4.261639967854127e-09,4.261639968
6003000000.000000,-80.954082735152,-5.528810371236,-86.482893106388,-86.482893106388,37717961398.999053955078,4.042318732901894e-09,4.042318733
6004000000.000000,-80.969472297807,-5.539151447054,-86.508623744861,-86.508623744861,37724244584.306236267090,4.388071519708015e-09,4.388071520
6005000000.000000,-80.988542716515,-5.549492522872,-86.538035239387,-86.538035239387,37730527769.613418579102,4.272833455958819e-09,4.272833456
6006000000.000000,-81.002484154951,-5.559833598691,-86.562317753642,-86.562317753642,37736810954.920593261719,4.542158813682249e-09,4.542158814
6007000000.000000,-81.024939015920,-5.570174674509,-86.595113690429,-86.595113690429,37743094140.227775573730,4.918393268405962e-09,4.918393268
6008000000.000000,-81.043608355953,-5.580515750327,-86.624124106280,-86.624124106280,37749377325.534957885742,4.724951378017800e-09,4.724951378
6009000000.000000,-81.063632354435,-5.590856826145,-86.654489180580,-86.654489180580,37755660510.842132568359,4.342369481343375e-09,4.342369481
6010000000.000000,-81.077494028564,-5.601197901963,-86.678691930527,-86.678691930527,37761943696.149314880371,4.430430037404941e-09,4.430430037
6011000000.000000,-81.098624628630,-5.611538977781,-86.710163606411,-86.710163606411,37768226881.456489562988,4.551987166974261e-09,4.551987167
6012000000.000000,-81.114013834700,-5.621880053599,-86.735893888299,-86.735893888299,37774510066.763671875000,4.414097777013932e-09,4.414097777
6013000000.000000,-81.133411665588,-5.632221129417,-86.765632795005,-86.765632795005,37780793252.070854187012,4.787674606561470e-09,4.787674607
6014000000.000000,-81.153495376551,-5.642562205235,-86.796057581786,-86.796057581786,37787076437.378028869629,4.824489174919653e-09,4.824489175
6015000000.000000,-81.173355832949,-5.652903281053,-86.826259114002,-86.826259114002,37793359622.685211181641,4.623555423280922e-09,4.623555423
6016000000.000000,-81.190914535920,-5.663244356871,-86.854158892791,-86.854158892791,37799642807.992393493652,4.572962327590725e-09,4.572962328
6017000000.000000,-81.210139220727,-5.673585432689,-86.883724653416,-86.883724653416,37805925993.299568176270,4.380311371138239e-09,4.380311371
6018000000.000000,-81.225277000380,-5.683926508507,-86.909203508887,-86.909203508887,37812209178.606750488281,4.791797885474835e-09,4.791797885
6019000000.000000,-81.249672577229,-5.694267584325,-86.943940161554,-86.943940161554,37818492363.913932800293,4.983778136738410e-09,4.983778137
6020000000.000000,-81.267222851870,-5.704608660143,-86.971831512013,-86.971831512013,37824775549.221107482910,4.849916886292666e-09,4.849916886
6021000000.000000,-81.289936278634,-5.714949735962,-87.004886014596,-87.004886014596,37831058734.528289794922,4.887798115138610e-09,4.887798115
6022000000.000000,-81.307962582836,-5.725290811780,-87.033253394616,-87.033253394616,37837341919.835464477539,4.533167956698570e-09,4.533167957
6023000000.000000,-81.326219595599,-5.735631887598,-87.061851483197,-87.061851483197,37843625105.142646789551,4.816166014380000e-09,4.816166014
6024000000.000000,-81.347802158277,-5.745972963416,-87.093775121693,-87.093775121693,37849908290.449829101562,5.388276387745654e-09,5.388276388
6025000000.000000,-81.373248522024,-5.756314039234,-87.129562561258,-87.129562561258,37856191475.757003784180,4.887682856881130e-09,4.887682857
6026000000.000000,-81.388540440866,-5.766655115052,-87.155195555918,-87.155195555918,37862474661.064186096191,4.634471497316894e-09,4.634471497
6027000000.000000,-81.410804856825,-5.776996190870,-87.187801047695,-87.187801047695,37868757846.371368408203,4.508773517332230e-09,4.508773517
6028000000.000000,-81.424517208265,-5.787337266688,-87.211854474953,-87.211854474953,37875041031.678543090820,4.785642667444756e-09,4.785642667
6029000000.000000,-81.450260864576,-5.797678342506,-87.247939207082,-87.247939207082,37881324216.985725402832,5.682946891312840e-09,5.682946891
6030000000.000000,-81.475249073447,-5.808019418324,-87.283268491771,-87.283268491771,37887607402.292907714844,5.088107816662915e-09,5.088107817
6031000000.000000,-81.493517761490,-5.818360494142,-87.311878255632,-87.311878255632,37893890587.600082397461,4.695744181187920e-09,4.695744181
6032000000.000000,-81.513575383502,-5.828701569960,-87.342276953462,-87.342276953462,37900173772.907264709473,4.901597732251003e-09,4.901597732
6033000000.000000,-81.534430903560,-5.839042645778,-87.373473549338,-87.373473549338,37906456958.214447021484,4.831659286303178e-09,4.831659286
6034000000.000000,-81.553609653140,-5.849383721596,-87.402993374736,-87.402993374736,37912740143.521621704102,4.758807497901753e-09,4.758807498
6035000000.000000,-81.573549690625,-5.859724797414,-87.433274488039,-87.433274488039,37919023328.828804016113,5.101807485191963e-09,5.101807485
6036000000.000000,-81.597038705165,-5.870065873233,-87.467104578398,-87.467104578398,37925306514.135978698730,5.172314134339970e-09,5.172314134
6037000000.000000,-81.617864755334,-5.880406949051,-87.498271704385,-87.498271704385,37931589699.443161010742,5.190334897127590e-09,5.190334897
6038000000.000000,-81.641580225459,-5.890748024869,-87.532328250328,-87.532328250328,37937872884.750343322754,4.577443687939349e-09,4.577443688
6039000000.000000,-81.654704457547,-5.901089100687,-87.555793558234,-87.555793558234,37944156070.057518005371,4.985502693865762e-09,4.985502694
6040000000.000000,-81.683547748373,-5.911430176505,-87.594977924878,-87.594977924878,37950439255.364700317383,5.225895399975720e-09,5.225895400
6041000000.000000,-81.699692844299,-5.921771252323,-87.621464096622,-87.621464096622,37956722440.671882629395,4.757488462317667e-09,4.757488462
6042000000.000000,-81.722649959948,-5.932112328141,-87.654762288089,-87.654762288089,37963005625.979057312012,4.637327379907312e-09,4.637327380
6043000000.000000,-81.737285067179,-5.942453403959,-87.679738471138,-87.679738471138,37969288811.286239624023,4.900510257481176e-09,4.900510257
6044000000.000000,-81.763549436407,-5.952794479777,-87.716343916184,-87.716343916184,37975571996.593421936035,4.867879534453013e-09,4.867879534
6045000000.000000,-81.777774493879,-5.963135555595,-87.740910049474,-87.740910049474,37981855181.900596618652,4.629735535216297e-09,4.629735535
6046000000.000000,-81.801046257353,-5.973476631413,-87.774522888766,-87.774522888766,37988138367.207778930664,4.845226713941083e-09,4.845226714
6047000000.000000,-81.817979256841,-5.983817707231,-87.801796964072,-87.801796964072,37994421552.514961242676,5.081193942113272e-09,5.081193942
6048000000.000000,-81.844216271957,-5.994158783049,-87.838375055006,-87.838375055006,38000704737.822135925293,4.878262234043538e-09,4.878262234
6049000000.000000,-81.858599156392,-6.004499858867,-87.863099015259,-87.863099015259,38006987923.129318237305,4.284555231682241e-09,4.284555232
6050000000.000000,-81.877375429280,-6.014840934685,-87.892216363965,-87.892216363965,38013271108.436492919922,4.573208367844529e-09,4.573208368
6051000000.000000,-81.895385636002,-6.025182010504,-87.920567646506,-87.920567646506,38019554293.743675231934,4.751769324688267e-09,4.751769325
6052000000.000000,-81.916405772051,-6.035523086322,-87.951928858373,-87.951928858373,38025837479.050857543945,4.964499737554813e-09,4.964499738
6053000000.000000,-81.937089227983,-6.045864162140,-87.982953390123,-87.982953390123,38032120664.358032226562,4.727151364463936e-09,4.727151364
6054000000.000000,-81.955126756411,-6.056205237958,-88.011331994369,-88.011331994369,38038403849.665214538574,4.918530300972652e-09,4.918530301
6055000000.000000,-81.978215150987,-6.066546313776,-88.044761464763,-88.044761464763,38044687034.972396850586,4.862717652635406e-09,4.862717653
6056000000.000000,-81.995551316991,-6.076887389594,-88.072438706585,-88.072438706585,38050970220.279571533203,4.290003609984376e-09,4.290003610
6057000000.000000,-82.011442774651,-6.087228465412,-88.098671240063,-88.098671240063,38057253405.586753845215,4.311595573908794e-09,4.311595574
6058000000.000000,-82.029050273276,-6.097569541230,-88.126619814506,-88.126619814506,38063536590.893936157227,4.611158672083326e-09,4.611158672
6059000000.000000,-82.048706151850,-6.107910617048,-88.156616768898,-88.156616768898,38069819776.201110839844,4.950995928124663e-09,4.950995928
6060000000.000000,-82.070584171383,-6.118251692866,-88.188835864249,-88.188835864249,38076102961.508293151855,4.636057551923873e-09,4.636057552
6061000000.000000,-82.086282417601,-6.128592768684,-88.214875186285,-88.214875186285,38082386146.815475463867,3.904011100703238e-09,3.904011101
6062000000.000000,-82.098961270121,-6.138933844502,-88.237895114623,-88.237895114623,38088669332.122650146484,4.380617003854640e-09,4.380617004
6063000000.000000,-82.120648722755,-6.149274920320,-88.269923643075,-88.269923643075,38094952517.429832458496,4.598756369159049e-09,4.598756369
6064000000.000000,-82.136068795385,-6.159615996138,-88.295684791523,-88.295684791523,38101235702.737007141113,3.902259164947719e-09,3.902259165
6065000000.000000,-82.149003806019,-6.169957071956,-88.318960877975,-88.318960877975,38107518888.044189453125,4.366470036087877e-09,4.366470036
6066000000.000000,-82.170257324498,-6.180298147775,-88.350555472273,-88.350555472273,38113802073.351371765137,4.937459474583439e-09,4.937459475
6067000000.000000,-82.190367600033,-6.190639223593,-88.381006823626,-88.381006823626,38120085258.658546447754,4.237966701951209e-09,4.237966702
6068000000.000000,-82.202831033090,-6.200980299411,-88.403811332501,-88.403811332501,38126368443.965728759766,4.222099217045110e-09,4.222099217
6069000000.000000,-82.222741911929,-6.211321375229,-88.434063287158,-88.434063287158,38132651629.272911071777,4.184903934942976e-09,4.184903935
6070000000.000000,-82.234737935286,-6.221662451047,-88.456400386333,-88.456400386333,38138934814.580085754395,4.157113099648835e-09,4.157113100
6071000000.000000,-82.254299584189,-6.232003526865,-88.486303111054,-88.486303111054,38145217999.887268066406,4.031307194066730e-09,4.031307194
6072000000.000000,-82.264714683911,-6.242344602683,-88.507059286594,-88.507059286594,38151501185.194450378418,3.418865379149707e-09,3.418865379
6073000000.000000,-82.276580161988,-6.252685678501,-88.529265840489,-88.529265840489,38157784370.501625061035,4.291702666669008e-09,4.291702667
6074000000.000000,-82.297963658551,-6.263026754319,-88.560990412870,-88.560990412870,38164067555.808807373047,4.177182408420146e-09,4.177182408
6075000000.000000,-82.308390032620,-6.273367830137,-88.581757862757,-88.581757862757,38170350741.115989685059,3.555646999934777e-09,3.555647000
6076000000.000000,-82.321963084890,-6.283708905955,-88.605671990845,-88.605671990845,38176633926.423164367676,4.332717340422643e-09,4.332717340
6077000000.000000,-82.342154412851,-6.294049981773,-88.636204394624,-88.636204394624,38182917111.730346679688,4.369022554552449e-09,4.369022555
6078000000.000000,-82.356183689897,-6.304391057591,-88.660574747488,-88.660574747488,38189200297.037521362305,3.515617644008735e-09,3.515617644
6079000000.000000,-82.365650815468,-6.314732133409,-88.680382948877,-88.680382948877,38195483482.344703674316,3.423950150796106e-09,3.423950151
6080000000.000000,-82.378528164821,-6.325073209227,-88.703601374048,-88.703601374048,38201766667.651885986328,3.657952113117442e-09,3.657952113
6081000000.000000,-82.390935845774,-6.335414285046,-88.726350130820,-88.726350130820,38208049852.959060668945,3.630861564106459e-09,3.630861564
6082000000.000000,-82.403472765248,-6.345755360864,-88.749228126112,-88.749228126112,38214333038.266242980957,3.687407724075334e-09,3.687407724
6083000000.000000,-82.416591026205,-6.356096436682,-88.772687462887,-88.772687462887,38220616223.573425292969,3.762772490728457e-09,3.762772491
6084000000.000000,-82.430075007268,-6.366437512500,-88.796512519768,-88.796512519768,38226899408.880599975586,3.744502634693995e-09,3.744502635
6085000000.000000,-82.442963682443,-6.376778588318,-88.819742270761,-88.819742270761,38233182594.187782287598,3.410273643131933e-09,3.410273643
6086000000.000000,-82.452247618128,-6.387119664136,-88.839367282264,-88.839367282264,38239465779.494964599609,3.754192705340141e-09,3.754192705
6087000000.000000,-82.469458107700,-6.397460739954,-88.866918847654,-88.866918847654,38245748964.802139282227,3.686811662078407e-09,3.686811662
6088000000.000000,-82.477895308223,-6.407801815772,-88.885697123995,-88.885697123995,38252032150.109321594238,3.483894141792752e-09,3.483894142
6089000000.000000,-82.492555861031,-6.418142891590,-88.910698752621,-88.910698752621,38258315335.416503906250,3.860557059217812e-09,3.860557059
6090000000.000000,-82.505726347371,-6.428483967408,-88.934210314779,-88.934210314779,38264598520.723678588867,3.298723640512931e-09,3.298723641
6091000000.000000,-82.513326693216,-6.438825043226,-88.952151736442,-88.952151736442,38270881706.030860900879,3.085535678352860e-09,3.085535678
6092000000.000000,-82.523818180613,-6.449166119044,-88.972984299657,-88.972984299657,38277164891.338035583496,3.122670057109808e-09,3.122670057
6093000000.000000,-82.531885170824,-6.459507194862,-88.991392365686,-88.991392365686,38283448076.645217895508,3.124559049541963e-09,3.124559050
6094000000.000000,-82.542400396000,-6.469848270680,-89.012248666680,-89.012248666680,38289731261.952400207520,3.074722153972395e-09,3.074722154
6095000000.000000,-82.549841117311,-6.480189346498,-89.030030463809,-89.030030463809,38296014447.259574890137,3.567010551857878e-09,3.567010552
6096000000.000000,-82.566542620943,-6.490530422317,-89.057073043260,-89.057073043260,38302297632.566757202148,3.204652150157517e-09,3.204652150
6097000000.000000,-82.569429812283,-6.500871498135,-89.070301310418,-89.070301310418,38308580817.873939514160,3.282181931106986e-09,3.282181931
6098000000.000000,-82.587105583877,-6.511212573953,-89.098318157830,-89.098318157830,38314864003.181114196777,3.558733236699516e-09,3.558733237
6099000000.000000,-82.593468021417,-6.521553649771,-89.115021671188,-89.115021671188,38321147188.488296508789,2.791531533526660e-09,2.791531534
6100000000.000000,-82.601502852073,-6.531894725589,-89.133397577662,-89.133397577662,38327430373.795478820801,3.314665796935795e-09,3.314665797
6101000000.000000,-82.614439188648,-6.542235801407,-89.156674990055,-89.156674990055,38333713559.102653503418,2.941830527565914e-09,2.941830528
6102000000.000000,-82.617788833131,-6.552576877225,-89.170365710356,-89.170365710356,38339996744.409835815430,2.507072273117946e-09,2.507072273
6103000000.000000,-82.625261836353,-6.562917953043,-89.188179789396,-89.188179789396,38346279929.717018127441,3.149848634320531e-09,3.149848634
6104000000.000000,-82.636688846813,-6.573259028861,-89.209947875674,-89.209947875674,38352563115.024192810059,3.230804435660135e-09,3.230804436
6105000000.000000,-82.645179170638,-6.583600104679,-89.228779275317,-89.228779275317,38358846300.331375122070,2.920037518952686e-09,2.920037519
6106000000.000000,-82.652700968848,-6.593941180497,-89.246642149345,-89.246642149345,38365129485.638549804688,3.010809660488706e-09,3.010809660
6107000000.000000,-82.662331969045,-6.604282256315,-89.266614225360,-89.266614225360,38371412670.945732116699,3.005307137993203e-09,3.005307138
6108000000.000000,-82.669784620518,-6.614623332133,-89.284407952651,-89.284407952651,38377695856.252914428711,2.739355688799278e-09,2.739355689
6109000000.000000,-82.676073576239,-6.624964407951,-89.301037984190,-89.301037984190,38383979041.560089111328,2.720329363589253e-09,2.720329364
6110000000.000000,-82.683287135858,-6.635305483769,-89.318592619627,-89.318592619627,38390262226.867271423340,3.239933170557009e-09,3.239933171
6111000000.000000,-82.696105625589,-6.645646559588,-89.341752185177,-89.341752185177,38396545412.174453735352,3.214633209596038e-09,3.214633210
6112000000.000000,-82.703001256522,-6.655987635406,-89.358988891928,-89.358988891928,38402828597.481628417969,2.869193341695588e-09,2.869193342
6113000000.000000,-82.711478820849,-6.666328711224,-89.377807532073,-89.377807532073,38409111782.788810729980,3.030785111610127e-09,3.030785112
6114000000.000000,-82.720405073851,-6.676669787042,-89.397074860893,-89.397074860893,38415394968.095993041992,2.513678143705322e-09,2.513678144
6115000000.000000,-82.722384480372,-6.687010862860,-89.409395343232,-89.409395343232,38421678153.403167724609,2.724642050017525e-09,2.724642050
6116000000.000000,-82.733961784007,-6.697351938678,-89.431313722685,-89.431313722685,38427961338.710350036621,3.294777543538967e-09,3.294777544
6117000000.000000,-82.743105724440,-6.707693014496,-89.450798738936,-89.450798738936,38434244524.017532348633,2.669605128602213e-09,2.669605129
6118000000.000000,-82.746826879811,-6.718034090314,-89.464860970125,-89.464860970125,38440527709.324707031250,2.486216400804505e-09,2.486216401
6119000000.000000,-82.753666289524,-6.728375166132,-89.482041455656,-89.482041455656,38446810894.631889343262,3.065966090716823e-09,3.065966091
6120000000.000000,-82.764672794362,-6.738716241950,-89.503389036312,-89.503389036312,38453094079.939064025879,2.929118888707356e-09,2.929118889
6121000000.000000,-82.769792531417,-6.749057317768,-89.518849849185,-89.518849849185,38459377265.246246337891,2.477701408185897e-09,2.477701408
6122000000.000000,-82.775126356893,-6.759398393586,-89.534524750479,-89.534524750479,38465660450.553428649902,2.884977201817073e-09,2.884977202
6123000000.000000,-82.785364072513,-6.769739469404,-89.555103541917,-89.555103541917,38471943635.860603332520,3.056623386400239e-09,3.056623386
6124000000.000000,-82.792854867559,-6.780080545222,-89.572935412781,-89.572935412781,38478226821.167785644531,2.447318577874766e-09,2.447318578
6125000000.000000,-82.795435833138,-6.790421621040,-89.585857454178,-89.585857454178,38484510006.474967956543,2.603954942536263e-09,2.603954943
6126000000.000000,-82.804894978793,-6.800762696859,-89.605657675652,-89.605657675652,38490793191.782142639160,3.015814765777704e-09,3.015814766
6127000000.000000,-82.812651527552,-6.811103772677,-89.623755300229,-89.623755300229,38497076377.089324951172,2.410601245707307e-09,2.410601246
6128000000.000000,-82.814505335814,-6.821444848495,-89.635950184309,-89.635950184309,38503359562.396507263184,2.720985298168502e-09,2.720985298
6129000000.000000,-82.826162285609,-6.831785924313,-89.657948209922,-89.657948209922,38509642747.703681945801,2.821217831303958e-09,2.821217831
6130000000.000000,-82.829275653030,-6.842127000131,-89.671402653161,-89.671402653161,38515925933.010864257812,2.733767054724448e-09,2.733767055
6131000000.000000,-82.839833663956,-6.852468075949,-89.692301739905,-89.692301739905,38522209118.318046569824,2.929699712097059e-09,2.929699712
6132000000.000000,-82.845409193765,-6.862809151767,-89.708218345532,-89.708218345532,38528492303.625221252441,2.266451799014143e-09,2.266451799
6133000000.000000,-82.847632585606,-6.873150227585,-89.720782813191,-89.720782813191,38534775488.932403564453,2.806198328955445e-09,2.806198329
6134000000.000000,-82.859990770348,-6.883491303403,-89.743482073751,-89.743482073751,38541058674.239578247070,3.272512554023772e-09,3.272512554
6135000000.000000,-82.868074039564,-6.893832379221,-89.761906418785,-89.761906418785,38547341859.546760559082,2.401486706630313e-09,2.401486707
6136000000.000000,-82.869486590693,-6.904173455039,-89.773660045732,-89.773660045732,38553625044.853942871094,2.475076997370481e-09,2.475076997
6137000000.000000,-82.878494622776,-6.914514530857,-89.793009153633,-89.793009153633,38559908230.161117553711,2.905915520928620e-09,2.905915521
6138000000.000000,-82.885321250467,-6.924855606675,-89.810176857142,-89.810176857142,38566191415.468299865723,2.770174772515872e-09,2.770174773
6139000000.000000,-82.892623513998,-6.935196682493,-89.827820196491,-89.827820196491,38572474600.775482177734,3.123019015385278e-09,3.123019015
6140000000.000000,-82.903884113214,-6.945537758311,-89.849421871525,-89.849421871525,38578757786.082656860352,3.399307877660777e-09,3.399307878
6141000000.000000,-82.914658324985,-6.955878834129,-89.870537159114,-89.870537159114,38585040971.389839172363,2.259399252440977e-09,2.259399252
6142000000.000000,-82.911594409949,-6.966219909948,-89.877814319897,-89.877814319897,38591324156.697021484375,2.308309621942762e-09,2.308309622
6143000000.000000,-82.922983247550,-6.976560985766,-89.899544233316,-89.899544233316,38597607342.004196166992,2.857434946250969e-09,2.857434946
6144000000.000000,-82.926819844854,-6.986902061584,-89.913721906438,-89.913721906438,38603890527.311378479004,3.075972729693154e-09,3.075972730
6145000000.000000,-82.940954909235,-6.997243137402,-89.938198046637,-89.938198046637,38610173712.618560791016,2.668285109677250e-09,2.668285110
6146000000.000000,-82.939668352811,-7.007584213220,-89.947252566031,-89.947252566031,38616456897.925735473633,2.556479689551712e-09,2.556479690
6147000000.000000,-82.952398428846,-7.017925289038,-89.970323717884,-89.970323717884,38622740083.232917785645,3.425340084338073e-09,3.425340084
6148000000.000000,-82.962030294155,-7.028266364856,-89.990296659011,-89.990296659011,38629023268.540092468262,2.713069183003021e-09,2.713069183
6149000000.000000,-82.965809710066,-7.038607440674,-90.004417150740,-90.004417150740,38635306453.847274780273,2.576414795056440e-09,2.576414795
6150000000.000000,-82.973724325690,-7.048948516492,-90.022672842182,-90.022672842182,38641589639.154457092285,3.059662564788460e-09,3.059662565
6151000000.000000,-82.983576412174,-7.059289592310,-90.042866004484,-90.042866004484,38647872824.461631774902,3.023330810217023e-09,3.023330810
6152000000.000000,-82.991034469505,-7.069630668128,-90.060665137633,-90.060665137633,38654156009.768814086914,2.462378763733273e-09,2.462378764
6153000000.000000,-82.993837424676,-7.079971743946,-90.073809168622,-90.073809168622,38660439195.075996398926,2.784856139928482e-09,2.784856140
6154000000.000000,-83.005347852231,-7.090312819764,-90.095660671995,-90.095660671995,38666722380.383171081543,3.441937419749528e-09,3.441937420
6155000000.000000,-83.016407934288,-7.100653895582,-90.117061829870,-90.117061829870,38673005565.690353393555,2.514481929006139e-09,2.514481929
6156000000.000000,-83.016263612417,-7.110994971401,-90.127258583818,-90.127258583818,38679288750.997535705566,2.398658078457456e-09,2.398658078
6157000000.000000,-83.025868209042,-7.121336047219,-90.147204256261,-90.147204256261,38685571936.304710388184,3.274887947915943e-09,3.274887948
6158000000.000000,-83.036734916455,-7.131677123037,-90.168412039492,-90.168412039492,38691855121.611892700195,3.251885929601178e-09,3.251885930
6159000000.000000,-83.046050461193,-7.142018198855,-90.188068660048,-90.188068660048,38698138306.919075012207,3.164128204573414e-09,3.164128205
6160000000.000000,-83.055814372509,-7.152359274673,-90.208173647182,-90.208173647182,38704421492.226249694824,2.969176879946750e-09,2.969176880
6161000000.000000,-83.062680086650,-7.162700350491,-90.225380437141,-90.225380437141,38710704677.533432006836,3.085994443670600e-09,3.085994444
6162000000.000000,-83.073911970766,-7.173041426309,-90.246953397075,-90.246953397075,38716987862.840606689453,3.533318298624005e-09,3.533318299
6163000000.000000,-83.086398922253,-7.183382502127,-90.269781424380,-90.269781424380,38723271048.147789001465,3.100649794973607e-09,3.100649795
6164000000.000000,-83.092193733599,-7.193723577945,-90.285917311544,-90.285917311544,38729554233.454971313477,3.026284070403540e-09,3.026284070
6165000000.000000,-83.103746177830,-7.204064653763,-90.307810831593,-90.307810831593,38735837418.762145996094,3.365995571201155e-09,3.365995571
6166000000.000000,-83.113809929797,-7.214405729581,-90.328215659378,-90.328215659378,38742120604.069328308105,2.965461713375997e-09,2.965461713
6167000000.000000,-83.120329117127,-7.224746805399,-90.345075922526,-90.345075922526,38748403789.376510620117,3.025257245920182e-09,3.025257246
6168000000.000000,-83.131144281917,-7.235087881217,-90.366232163134,-90.366232163134,38754686974.683685302734,3.543658426573229e-09,3.543658427
6169000000.000000,-83.144177890610,-7.245428957035,-90.389606847645,-90.389606847645,38760970159.990867614746,3.120096976065786e-09,3.120096976
6170000000.000000,-83.149670425235,-7.255770032853,-90.405440458088,-90.405440458088,38767253345.298049926758,3.309846813963899e-09,3.309846814
6171000000.000000,-83.165088500715,-7.266111108671,-90.431199609386,-90.431199609386,38773536530.605224609375,3.673737509639802e-09,3.673737510
6172000000.000000,-83.175153820684,-7.276452184490,-90.451606005174,-90.451606005174,38779819715.912406921387,3.266879747847358e-09,3.266879748
6173000000.000000,-83.185459170742,-7.286793260308,-90.472252431050,-90.472252431050,38786102901.219589233398,3.490935905779649e-09,3.490935906
6174000000.000000,-83.198340063431,-7.297134336126,-90.495474399557,-90.495474399557,38792386086.526763916016,3.430090094886676e-09,3.430090095
6175000000.000000,-83.207880802479,-7.307475411944,-90.515356214423,-90.515356214423,38798669271.833946228027,3.256150822835758e-09,3.256150823
6176000000.000000,-83.218575909811,-7.317816487762,-90.536392397573,-90.536392397573,38804952457.141120910645,3.939329547182353e-09,3.939329547
6177000000.000000,-83.236701725905,-7.328157563580,-90.564859289485,-90.564859289485,38811235642.448303222656,3.720663684194839e-09,3.720663684
6178000000.000000,-83.244648996962,-7.338498639398,-90.583147636360,-90.583147636360,38817518827.755485534668,3.344675106510151e-09,3.344675107
6179000000.000000,-83.258050001242,-7.348839715216,-90.606889716458,-90.606889716458,38823802013.062660217285,3.474164010500596e-09,3.474164011
6180000000.000000,-83.267624477857,-7.359180791034,-90.626805268891,-90.626805268891,38830085198.369842529297,3.095061001586279e-09,3.095061002
6181000000.000000,-83.276261533226,-7.369521866852,-90.645783400078,-90.645783400078,38836368383.677024841309,3.808409346635718e-09,3.808409347
6182000000.000000,-83.294800209522,-7.379862942670,-90.674663152192,-90.674663152192,38842651568.984199523926,4.295053043505154e-09,4.295053044
6183000000.000000,-83.309552609943,-7.390204018488,-90.699756628431,-90.699756628431,38848934754.291381835938,3.358964403034845e-09,3.358964403
6184000000.000000,-83.316328049455,-7.400545094306,-90.716873143761,-90.716873143761,38855217939.598564147949,3.147416599014152e-09,3.147416599
6185000000.000000,-83.328422061768,-7.410886170124,-90.739308231892,-90.739308231892,38861501124.905738830566,3.995444883159193e-09,3.995444883
6186000000.000000,-83.345854138990,-7.421227245942,-90.767081384932,-90.767081384932,38867784310.212921142578,4.419785910461736e-09,4.419785910
6187000000.000000,-83.363280577918,-7.431568321761,-90.794848899679,-90.794848899679,38874067495.520103454590,3.848308616230208e-09,3.848308616
6188000000.000000,-83.373531259663,-7.441909397579,-90.815440657242,-90.815440657242,38880350680.827278137207,3.586318331681987e-09,3.586318332
6189000000.000000,-83.387665431579,-7.452250473397,-90.839915904976,-90.839915904976,38886633866.134460449219,4.300907444609407e-09,4.300907445
6190000000.000000,-83.406895904954,-7.462591549215,-90.869487454169,-90.869487454169,38892917051.441635131836,3.803026626193286e-09,3.803026626
6191000000.000000,-83.414773521984,-7.472932625033,-90.887706147017,-90.887706147017,38899200236.748817443848,3.475815320460610e-09,3.475815320
6192000000.000000,-83.429892136822,-7.483273700851,-90.913165837673,-90.913165837673,38905483422.055999755859,4.046111122722753e-09,4.046111123
6193000000.000000,-83.444936302263,-7.493614776669,-90.938551078932,-90.938551078932,38911766607.363174438477,4.191224389626930e-09,4.191224390
6194000000.000000,-83.461878464194,-7.503955852487,-90.965834316681,-90.965834316681,38918049792.670356750488,3.935694340771696e-09,3.935694341
6195000000.000000,-83.473711544338,-7.514296928305,-90.988008472643,-90.988008472643,38924332977.977539062500,4.397480617266450e-09,4.397480617
6196000000.000000,-83.496456683764,-7.524638004123,-91.021094687887,-91.021094687887,38930616163.284713745117,4.510405527849828e-09,4.510405528
6197000000.000000,-83.509708820186,-7.534979079941,-91.044687900127,-91.044687900127,38936899348.591896057129,4.098295923735962e-09,4.098295924
6198000000.000000,-83.527275237593,-7.545320155759,-91.072595393352,-91.072595393352,38943182533.899078369141,4.160883940289136e-09,4.160883940
6199000000.000000,-83.541313878227,-7.555661231577,-91.096975109804,-91.096975109804,38949465719.206253051758,4.010469706695736e-09,4.010469707
6200000000.000000,-83.556990134629,-7.566002307395,-91.122992442024,-91.122992442024,38955748904.513435363770,4.702097449557250e-09,4.702097450
6201000000.000000,-83.579720025807,-7.576343383213,-91.156063409020,-91.156063409020,38962032089.820617675781,4.721002085376567e-09,4.721002085
6202000000.000000,-83.595633844868,-7.586684459032,-91.182318303900,-91.182318303900,38968315275.127792358398,4.469490135745278e-09,4.469490136
6203000000.000000,-83.615203143673,-7.597025534850,-91.212228678523,-91.212228678523,38974598460.434974670410,4.774356942842625e-09,4.774356943
6204000000.000000,-83.634948032021,-7.607366610668,-91.242314642689,-91.242314642689,38980881645.742149353027,4.166346453778840e-09,4.166346454
6205000000.000000,-83.646876845683,-7.617707686486,-91.264584532169,-91.264584532169,38987164831.049331665039,4.313516498076985e-09,4.313516498
6206000000.000000,-83.668471127351,-7.628048762304,-91.296519889655,-91.296519889655,38993448016.356513977051,4.598171125955663e-09,4.598171126
6207000000.000000,-83.683977016564,-7.638389838122,-91.322366854686,-91.322366854686,38999731201.663688659668,4.659278116714382e-09,4.659278117
6208000000.000000,-83.706339191325,-7.648730913940,-91.355070105265,-91.355070105265,39006014386.970870971680,4.934309686849268e-09,4.934309687
6209000000.000000,-83.725301229179,-7.659071989758,-91.384373218937,-91.384373218937,39012297572.278053283691,4.785527893971336e-09,4.785527894
6210000000.000000,-83.745793756790,-7.669413065576,-91.415206822366,-91.415206822366,39018580757.585227966309,4.641689033376334e-09,4.641689033
6211000000.000000,-83.762948262213,-7.679754141394,-91.442702403607,-91.442702403607,39024863942.892410278320,4.554981214193444e-09,4.554981214
6212000000.000000,-83.782351187233,-7.690095217212,-91.472446404445,-91.472446404445,39031147128.199592590332,5.216951134570395e-09,5.216951135
6213000000.000000,-83.807824252011,-7.700436293030,-91.508260545041,-91.508260545041,39037430313.506767272949,4.786556979966595e-09,4.786556980
6214000000.000000,-83.821818684574,-7.710777368848,-91.532596053422,-91.532596053422,39043713498.813949584961,4.486130632782739e-09,4.486130633
6215000000.000000,-83.843516480531,-7.721118444666,-91.564634925197,-91.564634925197,39049996684.121131896973,4.919644559452820e-09,4.919644559
6216000000.000000,-83.862958609763,-7.731459520484,-91.594418130247,-91.594418130247,39056279869.428306579590,4.900895629214310e-09,4.900895629
6217000000.000000,-83.884420799713,-7.741800596303,-91.626221396016,-91.626221396016,39062563054.735488891602,4.870094550139310e-09,4.870094550
6218000000.000000,-83.903475871170,-7.752141672121,-91.655617543291,-91.655617543291,39068846240.042663574219,5.028349924108054e-09,5.028349924
6219000000.000000,-83.926926756802,-7.762482747939,-91.689409504741,-91.689409504741,39075129425.349845886230,5.339064859052358e-09,5.339064859
6220000000.000000,-83.949886387287,-7.772823823757,-91.722710211044,-91.722710211044,39081412610.657028198242,4.817357932991234e-09,4.817357933
6221000000.000000,-83.966781310334,-7.783164899575,-91.749946209909,-91.749946209909,39087695795.964202880859,4.863047781367612e-09,4.863047781
6222000000.000000,-83.990315096387,-7.793505975393,-91.783821071780,-91.783821071780,39093978981.271385192871,5.365621090541573e-09,5.365621091
6223000000.000000,-84.013525541898,-7.803847051211,-91.817372593109,-91.817372593109,39100262166.578567504883,5.165616025269711e-09,5.165616025
6224000000.000000,-84.034545990176,-7.814188127029,-91.848734117205,-91.848734117205,39106545351.885742187500,5.215460730016337e-09,5.215460730
6225000000.000000,-84.058382802720,-7.824529202847,-91.882912005567,-91.882912005567,39112828537.192924499512,4.829152501011748e-09,4.829152501
6226000000.000000,-84.074548758621,-7.834870278665,-91.909419037286,-91.909419037286,39119111722.500106811523,5.114021848963440e-09,5.114021849
6227000000.000000,-84.101965344968,-7.845211354483,-91.947176699451,-91.947176699451,39125394907.807281494141,5.791929854738257e-09,5.791929855
6228000000.000000,-84.126650144112,-7.855552430301,-91.982202574413,-91.982202574413,39131678093.114463806152,5.637260145585114e-09,5.637260146
6229000000.000000,-84.152123093571,-7.865893506119,-92.018016599690,-92.018016599690,39137961278.421646118164,5.147704884899978e-09,5.147704885
6230000000.000000,-84.170655959873,-7.876234581937,-92.046890541810,-92.046890541810,39144244463.728820800781,5.028296172707582e-09,5.028296173
6231000000.000000,-84.194628375200,-7.886575657755,-92.081204032955,-92.081204032955,39150527649.036003112793,5.338983760382572e-09,5.338983760
6232000000.000000,-84.217065456873,-7.896916733574,-92.113982190447,-92.113982190447,39156810834.343177795410,5.090863304629214e-09,5.090863305
6233000000.000000,-84.237919898596,-7.907257809392,-92.145177707988,-92.145177707988,39163094019.650360107422,5.379609625129820e-09,5.379609625
6234000000.000000,-84.263985473547,-7.917598885210,-92.181584358757,-92.181584358757,39169377204.957542419434,5.486907095213526e-09,5.486907095
6235000000.000000,-84.286188255045,-7.927939961028,-92.214128216073,-92.214128216073,39175660390.264717102051,5.571045053933442e-09,5.571045054
6236000000.000000,-84.313311138768,-7.938281036846,-92.251592175614,-92.251592175614,39181943575.571899414062,5.393893001970792e-09,5.393893002
6237000000.000000,-84.333287761926,-7.948622112664,-92.281909874590,-92.281909874590,39188226760.879081726074,4.953236396186255e-09,4.953236396
6238000000.000000,-84.354873191427,-7.958963188482,-92.313836379909,-92.313836379909,39194509946.186256408691,5.524663469075398e-09,5.524663469
6239000000.000000,-84.382030578962,-7.969304264300,-92.351334843262,-92.351334843262,39200793131.493438720703,5.764671399090025e-09,5.764671399
6240000000.000000,-84.406632037062,-7.979645340118,-92.386277377180,-92.386277377180,39207076316.800621032715,5.273460197909723e-09,5.273460198
6241000000.000000,-84.427616682593,-7.989986415936,-92.417603098529,-92.417603098529,39213359502.107795715332,5.291269626890104e-09,5.291269627
6242000000.000000,-84.452441940578,-8.000327491754,-92.452769432332,-92.452769432332,39219642687.414978027344,5.418700415708154e-09,5.418700416
6243000000.000000,-84.475027928629,-8.010668567572,-92.485696496201,-92.485696496201,39225925872.722160339355,5.068784594116123e-09,5.068784594
6244000000.000000,-84.495456014716,-8.021009643390,-92.516465658106,-92.516465658106,39232209058.029335021973,5.419575589642873e-09,5.419575590
6245000000.000000,-84.522450172425,-8.031350719208,-92.553800891633,-92.553800891633,39238492243.336517333984,5.527052096699475e-09,5.527052097
6246000000.000000,-84.544228848132,-8.041691795026,-92.585920643158,-92.585920643158,39244775428.643692016602,5.461331736594894e-09,5.461331737
6247000000.000000,-84.570397139438,-8.052032870845,-92.622430010283,-92.622430010283,39251058613.950874328613,5.676263986076561e-09,5.676263986
6248000000.000000,-84.594876733449,-8.062373946663,-92.657250680112,-92.657250680112,39257341799.258056640625,5.324161715600172e-09,5.324161716
6249000000.000000,-84.616620377131,-8.072715022481,-92.689335399612,-92.689335399612,39263624984.565231323242,5.175242064697378e-09,5.175242065
6250000000.000000,-84.639228591617,-8.083056098299,-92.722284689916,-92.722284689916,39269908169.872413635254,5.797594697129681e-09,5.797594697
6251000000.000000,-84.668792949131,-8.093397174117,-92.762190123248,-92.762190123248,39276191355.179595947266,5.800699710520995e-09,5.800699711
6252000000.000000,-84.691440182366,-8.103738249935,-92.795178432301,-92.795178432301,39282474540.486770629883,5.226998426893029e-09,5.226998427
6253000000.000000,-84.713795196928,-8.114079325753,-92.827874522681,-92.827874522681,39288757725.793952941895,5.374001943870845e-09,5.374001944
6254000000.000000,-84.738289730839,-8.124420401571,-92.862710132410,-92.862710132410,39295040911.101135253906,5.372051594266805e-09,5.372051594
6255000000.000000,-84.760620236585,-8.134761477389,-92.895381713974,-92.895381713974,39301324096.408309936523,5.167418971378803e-09,5.167418971
6256000000.000000,-84.782543281117,-8.145102553207,-92.927645834324,-92.927645834324,39307607281.715492248535,5.198034027049821e-09,5.198034027
6257000000.000000,-84.805258506999,-8.155443629025,-92.960702136024,-92.960702136024,39313890467.022674560547,5.490516202044566e-09,5.490516202
6258000000.000000,-84.830856990940,-8.165784704843,-92.996641695783,-92.996641695783,39320173652.329849243164,5.431617748407613e-09,5.431617748
6259000000.000000,-84.852832077025,-8.176125780661,-93.028957857686,-93.028957857686,39326456837.637031555176,5.079307727488399e-09,5.079307727
6260000000.000000,-84.874003302672,-8.186466856479,-93.060470159151,-93.060470159151,39332740022.944206237793,5.244610897890718e-09,5.244610898
6261000000.000000,-84.898055649660,-8.196807932297,-93.094863581957,-93.094863581957,39339023208.251388549805,4.940259503729835e-09,4.940259504
6262000000.000000,-84.915402282890,-8.207149008116,-93.122551291006,-93.122551291006,39345306393.558570861816,5.151062048023490e-09,5.151062048
6263000000.000000,-84.942103652776,-8.217490083934,-93.159593736710,-93.159593736710,39351589578.865745544434,5.846695242064749e-09,5.846695242
6264000000.000000,-84.968191870535,-8.227831159752,-93.196023030287,-93.196023030287,39357872764.172927856445,5.473031623816358e-09,5.473031624
6265000000.000000,-84.990197644909,-8.238172235570,-93.228369880479,-93.228369880479,39364155949.480110168457,4.789694342153487e-09,4.789694342
6266000000.000000,-85.007698793132,-8.248513311388,-93.256212104520,-93.256212104520,39370439134.787284851074,4.589275062928705e-09,4.589275063
6267000000.000000,-85.027186024565,-8.258854387206,-93.286040411771,-93.286040411771,39376722320.094467163086,5.134545953726504e-09,5.134545954
6268000000.000000,-85.051539248887,-8.269195463024,-93.320734711911,-93.320734711911,39383005505.401649475098,5.527457800156619e-09,5.527457800
6269000000.000000,-85.075963956201,-8.279536538842,-93.355500495043,-93.355500495043,39389288690.708824157715,5.107481291510298e-09,5.107481292
6270000000.000000,-85.095039600066,-8.289877614660,-93.384917214726,-93.384917214726,39395571876.016006469727,4.787961513345370e-09,4.787961513
6271000000.000000,-85.115449103429,-8.300218690478,-93.415667793907,-93.415667793907,39401855061.323188781738,5.192621194813965e-09,5.192621195
6272000000.000000,-85.139609850824,-8.310559766296,-93.450169617120,-93.450169617120,39408138246.630363464355,5.049649809428873e-09,5.049649809
6273000000.000000,-85.158222722771,-8.320900842114,-93.479123564885,-93.479123564885,39414421431.937545776367,4.775246466187168e-09,4.775246466
6274000000.000000,-85.178935216057,-8.331241917932,-93.510177133989,-93.510177133989,39420704617.244720458984,4.863346716846067e-09,4.863346717
6275000000.000000,-85.198655188405,-8.341582993750,-93.540238182155,-93.540238182155,39426987802.551902770996,5.366209548754226e-09,5.366209549
6276000000.000000,-85.225686842405,-8.351924069568,-93.577610911973,-93.577610911973,39433270987.859085083008,5.010799188593424e-09,5.010799189
6277000000.000000,-85.240940596446,-8.362265145387,-93.603205741833,-93.603205741833,39439554173.166259765625,4.307028241405008e-09,4.307028241
6278000000.000000,-85.259128403896,-8.372606221205,-93.631734625101,-93.631734625101,39445837358.473442077637,4.537969523580397e-09,4.537969524
6279000000.000000,-85.277284251680,-8.382947297023,-93.660231548703,-93.660231548703,39452120543.780624389648,4.641001358767474e-09,4.641001359
6280000000.000000,-85.296766795356,-8.393288372841,-93.690055168197,-93.690055168197,39458403729.087799072266,4.575765240626809e-09,4.575765241
6281000000.000000,-85.314102861902,-8.403629448659,-93.717732310561,-93.717732310561,39464686914.394981384277,5.222362016203722e-09,5.222362016
6282000000.000000,-85.341710780298,-8.413970524477,-93.755681304775,-93.755681304775,39470970099.702163696289,5.032738493859931e-09,5.032738494
6283000000.000000,-85.356663967385,-8.424311600295,-93.780975567680,-93.780975567680,39477253285.009338378906,4.066452033542879e-09,4.066452034
6284000000.000000,-85.372129172001,-8.434652676113,-93.806781848114,-93.806781848114,39483536470.316520690918,4.254384800244352e-09,4.254384800
6285000000.000000,-85.389443991885,-8.444993751931,-93.834437743816,-93.834437743816,39489819655.623703002930,4.509375981817424e-09,4.509375982
6286000000.000000,-85.408113510192,-8.455334827749,-93.863448337941,-93.863448337941,39496102840.930877685547,4.646246716795881e-09,4.646246717
6287000000.000000,-85.427148298458,-8.465675903567,-93.892824202025,-93.892824202025,39502386026.238059997559,4.810611570292031e-09,4.810611570
6288000000.000000,-85.447883286430,-8.476016979385,-93.923900265815,-93.923900265815,39508669211.545234680176,4.539976873659301e-09,4.539976874
6289000000.000000,-85.463517178797,-8.486358055203,-93.949875234000,-93.949875234000,39514952396.852416992188,4.106370932910775e-09,4.106370933
6290000000.000000,-85.478803313817,-8.496699131021,-93.975502444838,-93.975502444838,39521235582.159599304199,4.461212405668673e-09,4.461212406
6291000000.000000,-85.498896275640,-8.507040206839,-94.005936482479,-94.005936482479,39527518767.466773986816,4.239690770392219e-09,4.239690770
6292000000.000000,-85.511398687691,-8.517381282658,-94.028779970349,-94.028779970349,39533801952.773956298828,3.865473598038808e-09,3.865473598
6293000000.000000,-85.526789097836,-8.527722358476,-94.054511456312,-94.054511456312,39540085138.081138610840,4.192155697430327e-09,4.192155697
6294000000.000000,-85.543396718222,-8.538063434294,-94.081460152516,-94.081460152516,39546368323.388313293457,4.588043033372951e-09,4.588043033
6295000000.000000,-85.563761995352,-8.548404510112,-94.112166505464,-94.112166505464,39552651508.695495605469,4.249559435319656e-09,4.249559435
6296000000.000000,-85.576116105398,-8.558745585930,-94.134861691328,-94.134861691328,39558934694.002677917480,4.037275471333274e-09,4.037275471
6297000000.000000,-85.593813743561,-8.569086661748,-94.162900405309,-94.162900405309,39565217879.309852600098,4.516442365797797e-09,4.516442366
6298000000.000000,-85.612189242389,-8.579427737566,-94.191616979955,-94.191616979955,39571501064.617034912109,3.639856740156876e-09,3.639856740
6299000000.000000,-85.618871380705,-8.589768813384,-94.208640194089,-94.208640194089,39577784249.924217224121,3.856896249953069e-09,3.856896250
6300000000.000000,-85.639974278451,-8.600109889202,-94.240084167653,-94.240084167653,39584067435.231391906738,4.062636764561668e-09,4.062636765
6301000000.000000,-85.649241828324,-8.610450965020,-94.259692793344,-94.259692793344,39590350620.538574218750,3.789184674021823e-09,3.789184674
6302000000.000000,-85.666908425755,-8.620792040838,-94.287700466593,-94.287700466593,39596633805.845748901367,3.849747711543258e-09,3.849747712
6303000000.000000,-85.676937033203,-8.631133116656,-94.308070149859,-94.308070149859,39602916991.152931213379,3.304569765079532e-09,3.304569765
6304000000.000000,-85.687752722508,-8.641474192474,-94.329226914982,-94.329226914982,39609200176.460113525391,3.364630144417065e-09,3.364630144
6305000000.000000,-85.698536070942,-8.651815268292,-94.350351339234,-94.350351339234,39615483361.767288208008,3.514273475234239e-09,3.514273475
6306000000.000000,-85.711232233802,-8.662156344110,-94.373388577912,-94.373388577912,39621766547.074470520020,3.786418962339052e-09,3.786418962
6307000000.000000,-85.725435463287,-8.672497419929,-94.397932883216,-94.397932883216,39628049732.381652832031,3.817508198365220e-09,3.817508198
6308000000.000000,-85.738522305009,-8.682838495747,-94.421360800756,-94.421360800756,39634332917.688827514648,3.534361943635860e-09,3.534361944
6309000000.000000,-85.749167413720,-8.693179571565,-94.442346985285,-94.442346985285,39640616102.996009826660,3.701959973775836e-09,3.701959974
6310000000.000000,-85.764360354403,-8.703520647383,-94.467881001786,-94.467881001786,39646899288.303192138672,3.791302244942309e-09,3.791302245
6311000000.000000,-85.776128171205,-8.713861723201,-94.489989894406,-94.489989894406,39653182473.610366821289,3.238273855500368e-09,3.238273856
6312000000.000000,-85.784371552186,-8.724202799019,-94.508574351205,-94.508574351205,39659465658.917549133301,3.210270841279490e-09,3.210270841
6313000000.000000,-85.795787472733,-8.734543874837,-94.530331347570,-94.530331347570,39665748844.224731445312,3.337847292048702e-09,3.337847292
6314000000.000000,-85.805634026676,-8.744884950655,-94.550518977331,-94.550518977331,39672032029.531906127930,3.638757313806373e-09,3.638757314
6315000000.000000,-85.820831294078,-8.755226026473,-94.576057320551,-94.576057320551,39678315214.839088439941,3.432010145850296e-09,3.432010146
6316000000.000000,-85.828079786485,-8.765567102291,-94.593646888776,-94.593646888776,39684598400.146263122559,3.031980057589112e-09,3.031980058
6317000000.000000,-85.838250127541,-8.775908178109,-94.614158305650,-94.614158305650,39690881585.453445434570,3.464853499165338e-09,3.464853499
6318000000.000000,-85.850938268044,-8.786249253927,-94.637187521971,-94.637187521971,39697164770.760627746582,3.239530698345059e-09,3.239530698
6319000000.000000,-85.858277119277,-8.796590329745,-94.654867449022,-94.654867449022,39703447956.067802429199,2.901672443859382e-09,2.901672444
6320000000.000000,-85.866719607739,-8.806931405563,-94.673651013302,-94.673651013302,39709731141.374984741211,2.938851330452129e-09,2.938851330
6321000000.000000,-85.874525662640,-8.817272481381,-94.691798144021,-94.691798144021,39716014326.682167053223,2.937772111687875e-09,2.937772112
6322000000.000000,-85.882954589238,-8.827613557200,-94.710568146438,-94.710568146438,39722297511.989341735840,3.347469599610988e-09,3.347469600
6323000000.000000,-85.895909054612,-8.837954633018,-94.733863687630,-94.733863687630,39728580697.296524047852,3.583213831489302e-09,3.583213831
6324000000.000000,-85.907300430599,-8.848295708836,-94.755596139435,-94.755596139435,39734863882.603706359863,3.174831553145651e-09,3.174831553
6325000000.000000,-85.915123012911,-8.858636784654,-94.773759797565,-94.773759797565,39741147067.910881042480,2.363003786318384e-09,2.363003786
6326000000.000000,-85.916312660305,-8.868977860472,-94.785290520777,-94.785290520777,39747430253.218063354492,2.959367662012471e-09,2.959367662
6327000000.000000,-85.931629372100,-8.879318936290,-94.810948308390,-94.810948308390,39753713438.525245666504,3.112587169066976e-09,3.112587169
6328000000.000000,-85.934744432605,-8.889660012108,-94.824404444713,-94.824404444713,39759996623.832420349121,2.644204295154169e-09,2.644204295
6329000000.000000,-85.944175271617,-8.900001087926,-94.844176359543,-94.844176359543,39766279809.139602661133,3.262464420169670e-09,3.262464420
6330000000.000000,-85.955059617989,-8.910342163744,-94.865401781733,-94.865401781733,39772562994.446777343750,2.876662655699055e-09,2.876662656
6331000000.000000,-85.959642329045,-8.920683239562,-94.880325568607,-94.880325568607,39778846179.753959655762,2.560374482367712e-09,2.560374482
6332000000.000000,-85.966552081010,-8.931024315380,-94.897576396390,-94.897576396390,39785129365.061141967773,3.035296068416481e-09,3.035296068
6333000000.000000,-85.977102832729,-8.941365391198,-94.918468223927,-94.918468223927,39791412550.368316650391,2.944709973675259e-09,2.944709974
6334000000.000000,-85.982874246255,-8.951706467016,-94.934580713271,-94.934580713271,39797695735.675498962402,2.433807184950169e-09,2.433807185
6335000000.000000,-85.987004804183,-8.962047542834,-94.949052347017,-94.949052347017,39803978920.982681274414,2.617701396410921e-09,2.617701396
6336000000.000000,-85.995087100524,-8.972388618652,-94.967475719176,-94.967475719176,39810262106.289855957031,2.875272712529712e-09,2.875272713
6337000000.000000,-86.002454395069,-8.982729694471,-94.985184089540,-94.985184089540,39816545291.597038269043,3.000781076826723e-09,3.000781077
6338000000.000000,-86.012113876031,-8.993070770289,-95.005184646320,-95.005184646320,39822828476.904220581055,2.708491346427563e-09,2.708491346
6339000000.000000,-86.015808149498,-9.003411846107,-95.019219995605,-95.019219995605,39829111662.211395263672,2.822892095548523e-09,2.822892096
6340000000.000000,-86.026905232672,-9.013752921925,-95.040658154597,-95.040658154597,39835394847.518577575684,3.144151352883862e-09,3.144151353
6341000000.000000,-86.034636569030,-9.024093997743,-95.058730566773,-95.058730566773,39841678032.825759887695,2.361151541488227e-09,2.361151541
6342000000.000000,-86.035894186383,-9.034435073561,-95.070329259944,-95.070329259944,39847961218.132934570312,2.171408252262715e-09,2.171408252
6343000000.000000,-86.041241138247,-9.044776149379,-95.086017287626,-95.086017287626,39854244403.440116882324,2.459110942398360e-09,2.459110942
6344000000.000000,-86.046114134231,-9.055117225197,-95.101231359428,-95.101231359428,39860527588.747291564941,2.855837956823029e-09,2.855837957
6345000000.000000,-86.056446504791,-9.065458301015,-95.121904805806,-95.121904805806,39866810774.054473876953,2.999771766314020e-09,2.999771766
6346000000.000000,-86.063128226369,-9.075799376833,-95.138927603202,-95.138927603202,39873093959.361656188965,2.639887272232303e-09,2.639887272
6347000000.000000,-86.068938154998,-9.086140452651,-95.155078607649,-95.155078607649,39879377144.668830871582,2.466002444539511e-09,2.466002445
6348000000.000000,-86.073434775387,-9.096481528469,-95.169916303856,-95.169916303856,39885660329.976013183594,3.109346901113290e-09,3.109346901
6349000000.000000,-86.087329208890,-9.106822604287,-95.194151813177,-95.194151813177,39891943515.283195495605,2.858086058750423e-09,2.858086059
6350000000.000000,-86.088668392413,-9.117163680105,-95.205832072518,-95.205832072518,39898226700.590370178223,2.088501842769039e-09,2.088501843
6351000000.000000,-86.092891945439,-9.127504755923,-95.220396701362,-95.220396701362,39904509885.897552490234,2.567972168441029e-09,2.567972168
6352000000.000000,-86.100256330772,-9.137845831742,-95.238102162514,-95.238102162514,39910793071.204734802246,2.965571151022964e-09,2.965571151
6353000000.000000,-86.109476259969,-9.148186907560,-95.257663167529,-95.257663167529,39917076256.511909484863,2.581132166830277e-09,2.581132167
6354000000.000000,-86.112009642549,-9.158527983378,-95.270537625927,-95.270537625927,39923359441.819091796875,2.346943660509191e-09,2.346943661
6355000000.000000,-86.118286672182,-9.168869059196,-95.287155731378,-95.287155731378,39929642627.126274108887,2.994037068349718e-09,2.994037068
6356000000.000000,-86.128951670347,-9.179210135014,-95.308161805361,-95.308161805361,39935925812.433448791504,2.750751882133112e-09,2.750751882
6357000000.000000,-86.132171488165,-9.189551210832,-95.321722698997,-95.321722698997,39942208997.740631103516,2.172422251878664e-09,2.172422252
6358000000.000000,-86.135568981859,-9.199892286650,-95.335461268509,-95.335461268509,39948492183.047805786133,2.780117294811488e-09,2.780117295
6359000000.000000,-86.146425320807,-9.210233362468,-95.356658683275,-95.356658683275,39954775368.354988098145,2.747835025216994e-09,2.747835025
6360000000.000000,-86.149417143537,-9.220574438286,-95.369991581823,-95.369991581823,39961058553.662170410156,2.604301428975622e-09,2.604301429
6361000000.000000,-86.158469786119,-9.230915514104,-95.389385300223,-95.389385300223,39967341738.969345092773,3.146123059973046e-09,3.146123060
6362000000.000000,-86.168270340271,-9.241256589922,-95.409526930193,-95.409526930193,39973624924.276527404785,2.874592360557951e-09,2.874592361
6363000000.000000,-86.173910827451,-9.251597665740,-95.425508493191,-95.425508493191,39979908109.583709716797,2.643037380980948e-09,2.643037381
6364000000.000000,-86.180801575912,-9.261938741558,-95.442740317470,-95.442740317470,39986191294.890884399414,2.717047219743741e-09,2.717047220
6365000000.000000,-86.187372098155,-9.272279817376,-95.459651915531,-95.459651915531,39992474480.198066711426,2.773202467796166e-09,2.773202468
6366000000.000000,-86.194968514275,-9.282620893194,-95.477589407469,-95.477589407469,39998757665.505249023438,2.965599596070693e-09,2.965599596
6367000000.000000,-86.203956770136,-9.292961969013,-95.496918739149,-95.496918739149,40005040850.812423706055,3.073216283457306e-09,3.073216283
6368000000.000000,-86.212905537434,-9.303303044831,-95.516208582265,-95.516208582265,40011324036.119606018066,2.627907588388362e-09,2.627907588
6369000000.000000,-86.216297879196,-9.313644120649,-95.529941999845,-95.529941999845,40017607221.426788330078,2.615163009155403e-09,2.615163009
6370000000.000000,-86.225086493388,-9.323985196467,-95.549071689855,-95.549071689855,40023890406.733963012695,3.224029472972242e-09,3.224029473
6371000000.000000,-86.236130076789,-9.334326272285,-95.570456349074,-95.570456349074,40030173592.041145324707,2.993295685312908e-09,2.993295685
6372000000.000000,-86.242019204692,-9.344667348103,-95.586686552795,-95.586686552795,40036456777.348320007324,2.749109864269372e-09,2.749109864
6373000000.000000,-86.249994258567,-9.355008423921,-95.605002682488,-95.605002682488,40042739962.655502319336,3.202843140722314e-09,3.202843141
6374000000.000000,-86.261585166982,-9.365349499739,-95.626934666721,-95.626934666721,40049023147.962684631348,3.089849296951902e-09,3.089849297
6375000000.000000,-86.268140298339,-9.375690575557,-95.643830873896,-95.643830873896,40055306333.269859313965,2.932721424505819e-09,2.932721425
6376000000.000000,-86.277756679675,-9.386031651375,-95.663788331050,-95.663788331050,40061589518.577041625977,3.304955079115323e-09,3.304955079
6377000000.000000,-86.288989437091,-9.396372727193,-95.685362164284,-95.685362164284,40067872703.884223937988,2.879063304058119e-09,2.879063304
6378000000.000000,-86.293253904540,-9.406713803011,-95.699967707551,-95.699967707551,40074155889.191398620605,2.881897659822026e-09,2.881897660
6379000000.000000,-86.304522279521,-9.417054878829,-95.721577158350,-95.721577158350,40080439074.498580932617,3.119571130441350e-09,3.119571130
6380000000.000000,-86.311773439887,-9.427395954647,-95.739169394534,-95.739169394534,40086722259.805763244629,2.818821727933954e-09,2.818821728
6381000000.000000,-86.319262486414,-9.437737030465,-95.756999516879,-95.756999516879,40093005445.112937927246,3.691021011984669e-09,3.691021012
6382000000.000000,-86.337474026233,-9.448078106283,-95.785552132516,-95.785552132516,40099288630.420120239258,3.618001569206806e-09,3.618001569
6383000000.000000,-86.344045483379,-9.458419182102,-95.802464665481,-95.802464665481,40105571815.727302551270,3.152944394520640e-09,3.152944395
6384000000.000000,-86.356412942384,-9.468760257920,-95.825173200304,-95.825173200304,40111855001.034477233887,3.321381255325363e-09,3.321381255
6385000000.000000,-86.365101039549,-9.479101333738,-95.844202373287,-95.844202373287,40118138186.341659545898,3.257155758740927e-09,3.257155759
6386000000.000000,-86.376661417161,-9.489442409556,-95.866103826717,-95.866103826717,40124421371.648834228516,3.355457091550215e-09,3.355457092
6387000000.000000,-86.386584805306,-9.499783485374,-95.886368290680,-95.886368290680,40130704556.956016540527,3.954370771795830e-09,3.954370772
6388000000.000000,-86.405671354190,-9.510124561192,-95.915795915382,-95.915795915382,40136987742.263198852539,3.649204834814954e-09,3.649204835
6389000000.000000,-86.411759914072,-9.520465637010,-95.932225551082,-95.932225551082,40143270927.570373535156,2.818275919741101e-09,2.818275920
6390000000.000000,-86.420404702255,-9.530806712828,-95.951211415083,-95.951211415083,40149554112.877555847168,3.392792697381650e-09,3.392792697
6391000000.000000,-86.433712852889,-9.541147788646,-95.974860641535,-95.974860641535,40155837298.184738159180,3.657769013632229e-09,3.657769014
6392000000.000000,-86.445687431666,-9.551488864464,-95.997176296130,-95.997176296130,40162120483.491912841797,3.612152124586994e-09,3.612152125
6393000000.000000,-86.458422343566,-9.561829940282,-96.020252283848,-96.020252283848,40168403668.799095153809,3.184886059800362e-09,3.184886060
6394000000.000000,-86.465027738622,-9.572171016100,-96.037198754722,-96.037198754722,40174686854.106277465820,3.540217353782511e-09,3.540217354
6395000000.000000,-86.482227875253,-9.582512091918,-96.064739967171,-96.064739967171,40180970039.413452148438,4.115589637227333e-09,4.115589637
6396000000.000000,-86.496063611664,-9.592853167736,-96.088916779400,-96.088916779400,40187253224.720634460449,3.794951771075132e-09,3.794951771
6397000000.000000,-86.509234494035,-9.603194243555,-96.112428737590,-96.112428737590,40193536410.027816772461,3.863483721507606e-09,3.863483722
6398000000.000000,-86.523931428334,-9.613535319373,-96.137466747707,-96.137466747707,40199819595.334991455078,3.969259593301542e-09,3.969259593
6399000000.000000,-86.538431529513,-9.623876395191,-96.162307924704,-96.162307924704,40206102780.642173767090,3.907852487647221e-09,3.907852488
6400000000.000000,-86.552356799364,-9.634217471009,-96.186574270373,-96.186574270373,40212385965.949348449707,3.667724673848467e-09,3.667724674
6401000000.000000,-86.563839365440,-9.644558546827,-96.208397912267,-96.208397912267,40218669151.256530761719,3.843569657718373e-09,3.843569658
6402000000.000000,-86.579974368529,-9.654899622645,-96.234873991174,-96.234873991174,40224952336.563713073730,3.874515342987424e-09,3.874515343
6403000000.000000,-86.591845809555,-9.665240698463,-96.257086508018,-96.257086508018,40231235521.870887756348,4.066185213065355e-09,4.066185213
6404000000.000000,-86.610389407267,-9.675581774281,-96.285971181548,-96.285971181548,40237518707.178070068359,4.425919877726046e-09,4.425919878
6405000000.000000,-86.626781407412,-9.685922850099,-96.312704257511,-96.312704257511,40243801892.485252380371,4.088562343871981e-09,4.088562344
6406000000.000000,-86.641085645324,-9.696263925917,-96.337349571241,-96.337349571241,40250085077.792427062988,4.037650842881083e-09,4.037650843
6407000000.000000,-86.656837872679,-9.706605001735,-96.363442874414,-96.363442874414,40256368263.099609375000,4.038505898990483e-09,4.038505899
6408000000.000000,-86.671152855543,-9.716946077553,-96.388098933096,-96.388098933096,40262651448.406791687012,4.020920170320493e-09,4.020920170
6409000000.000000,-86.686684094114,-9.727287153371,-96.413971247485,-96.413971247485,40268934633.713966369629,4.185232651019043e-09,4.185232651
6410000000.000000,-86.703063888507,-9.737628229189,-96.440692117696,-96.440692117696,40275217819.021148681641,4.380492573334872e-09,4.380492573
6411000000.000000,-86.721048835628,-9.747969305007,-96.469018140635,-96.469018140635,40281501004.328330993652,4.386472567027958e-09,4.386472567
6412000000.000000,-86.737503776838,-9.758310380825,-96.495814157663,-96.495814157663,40287784189.635505676270,4.393518878068980e-09,4.393518878
6413000000.000000,-86.755577270514,-9.768651456644,-96.524228727158,-96.524228727158,40294067374.942687988281,4.591206068447459e-09,4.591206068
6414000000.000000,-86.774516422224,-9.778992532462,-96.553508954686,-96.553508954686,40300350560.249862670898,4.122413493506361e-09,4.122413494
6415000000.000000,-86.786698894663,-9.789333608280,-96.576032502943,-96.576032502943,40306633745.557044982910,4.149189696140080e-09,4.149189696
6416000000.000000,-86.805974526059,-9.799674684098,-96.605649210157,-96.605649210157,40312916930.864227294922,4.713068585317242e-09,4.713068585
6417000000.000000,-86.825242909601,-9.810015759916,-96.635258669517,-96.635258669517,40319200116.171401977539,4.485355936073945e-09,4.485355936
6418000000.000000,-86.841657019453,-9.820356835734,-96.662013855187,-96.662013855187,40325483301.478584289551,4.203293633534778e-09,4.203293634
6419000000.000000,-86.857380903565,-9.830697911552,-96.688078815117,-96.688078815117,40331766486.785766601562,4.576999460789336e-09,4.576999461
6420000000.000000,-86.878491139343,-9.841038987370,-96.719530126713,-96.719530126713,40338049672.092941284180,4.889218488735689e-09,4.889218489
6421000000.000000,-86.898138483473,-9.851380063188,-96.749518546661,-96.749518546661,40344332857.400123596191,5.025921518564012e-09,5.025921519
6422000000.000000,-86.920966580188,-9.861721139006,-96.782687719194,-96.782687719194,40350616042.707305908203,4.361061909503749e-09,4.361061910
6423000000.000000,-86.932259052064,-9.872062214824,-96.804321266888,-96.804321266888,40356899228.014480590820,3.982005752225536e-09,3.982005752
6424000000.000000,-86.950323788623,-9.882403290642,-96.832727079265,-96.832727079265,40363182413.321662902832,5.175077948970484e-09,5.175077949
6425000000.000000,-86.976608847893,-9.892744366460,-96.869353214353,-96.869353214353,40369465598.628845214844,5.267643523848605e-09,5.267643524
6426000000.000000,-86.995836797772,-9.903085442278,-96.898922240050,-96.898922240050,40375748783.936019897461,4.359127069467690e-09,4.359127069
6427000000.000000,-87.010705102567,-9.913426518096,-96.924131620663,-96.924131620663,40382031969.243202209473,4.416191119621681e-09,4.416191120
6428000000.000000,-87.030650140448,-9.923767593915,-96.954417734363,-96.954417734363,40388315154.550376892090,5.091357194088336e-09,5.091357194
6429000000.000000,-87.054002832361,-9.934108669733,-96.988111502094,-96.988111502094,40394598339.857559204102,5.055934366870074e-09,5.055934367
6430000000.000000,-87.073502733868,-9.944449745551,-97.017952479419,-97.017952479419,40400881525.164741516113,4.410011084002280e-09,4.410011084
6431000000.000000,-87.088738514420,-9.954790821369,-97.043529335789,-97.043529335789,40407164710.471916198730,4.430947097516403e-09,4.430947098
6432000000.000000,-87.108501505632,-9.965131897187,-97.073633402819,-97.073633402819,40413447895.779098510742,5.166581020281540e-09,5.166581020
6433000000.000000,-87.132981534694,-9.975472973005,-97.108454507699,-97.108454507699,40419731081.086280822754,5.217049130403983e-09,5.217049130
6434000000.000000,-87.153378726882,-9.985814048823,-97.139192775705,-97.139192775705,40426014266.393455505371,4.734601311696032e-09,4.734601312
6435000000.000000,-87.171796137852,-9.996155124641,-97.167951262493,-97.167951262493,40432297451.700637817383,5.193505160224770e-09,5.193505160
6436000000.000000,-87.197960085877,-10.006496200459,-97.204456286336,-97.204456286336,40438580637.007820129395,5.150654268944296e-09,5.150654269
6437000000.000000,-87.215839016666,-10.016837276277,-97.232676292943,-97.232676292943,40444863822.314994812012,4.523079992489775e-09,4.523079992
6438000000.000000,-87.234116633745,-10.027178352095,-97.261294985840,-97.261294985840,40451147007.622177124023,4.483082294309175e-09,4.483082294
6439000000.000000,-87.251492938635,-10.037519427913,-97.289012366548,-97.289012366548,40457430192.929359436035,4.898486032209657e-09,4.898486032
6440000000.000000,-87.274990673039,-10.047860503731,-97.322851176770,-97.322851176770,40463713378.236534118652,5.269641293513078e-09,5.269641294
6441000000.000000,-87.297031052498,-10.058201579549,-97.355232632047,-97.355232632047,40469996563.543716430664,5.481676665122681e-09,5.481676665
6442000000.000000,-87.323193301965,-10.068542655367,-97.391735957332,-97.391735957332,40476279748.850891113281,5.262537730380126e-09,5.262537730
6443000000.000000,-87.342479900353,-10.078883731186,-97.421363631539,-97.421363631539,40482562934.158073425293,4.604196052905151e-09,4.604196053
6444000000.000000,-87.360369184310,-10.089224807004,-97.449593991314,-97.449593991314,40488846119.465255737305,5.184370133137718e-09,5.184370133
6445000000.000000,-87.386946465212,-10.099565882822,-97.486512348034,-97.486512348034,40495129304.772430419922,5.070170030653447e-09,5.070170031
6446000000.000000,-87.403400668357,-10.109906958640,-97.513307626997,-97.513307626997,40501412490.079612731934,4.703688042227101e-09,4.703688042
6447000000.000000,-87.425372600769,-10.120248034458,-97.545620635227,-97.545620635227,40507695675.386795043945,5.038023809491096e-09,5.038023809
6448000000.000000,-87.446028191075,-10.130589110276,-97.576617301351,-97.576617301351,40513978860.693969726562,4.994317160619030e-09,4.994317161
6449000000.000000,-87.467450889539,-10.140930186094,-97.608381075633,-97.608381075633,40520262046.001152038574,5.014281843713830e-09,5.014281844
6450000000.000000,-87.488357363452,-10.151271261912,-97.639628625364,-97.639628625364,40526545231.308334350586,5.145119134171758e-09,5.145119134
6451000000.000000,-87.511424211798,-10.161612337730,-97.673036549528,-97.673036549528,40532828416.615509033203,4.738865060685663e-09,4.738865061
6452000000.000000,-87.527225546460,-10.171953413548,-97.699178960008,-97.699178960008,40539111601.922691345215,4.734718762709208e-09,4.734718763
6453000000.000000,-87.550240290889,-10.182294489366,-97.732534780255,-97.732534780255,40545394787.229873657227,4.989581580489634e-09,4.989581580
6454000000.000000,-87.569244326175,-10.192635565184,-97.761879891359,-97.761879891359,40551677972.537048339844,5.008830444971826e-09,5.008830445
6455000000.000000,-87.592500958969,-10.202976641002,-97.795477599971,-97.795477599971,40557961157.844230651855,5.094751204524870e-09,5.094751205
6456000000.000000,-87.612584706363,-10.213317716820,-97.825902423183,-97.825902423183,40564244343.151405334473,5.057951776020033e-09,5.057951776
6457000000.000000,-87.635378903900,-10.223658792638,-97.859037696538,-97.859037696538,40570527528.458587646484,5.228563980510864e-09,5.228563981
6458000000.000000,-87.657606627486,-10.233999868457,-97.891606495943,-97.891606495943,40576810713.765769958496,4.879786797545781e-09,4.879786798
6459000000.000000,-87.676017961680,-10.244340944275,-97.920358905955,-97.920358905955,40583093899.072944641113,5.434782284549018e-09,5.434782285
6460000000.000000,-87.705219964246,-10.254682020093,-97.959901984339,-97.959901984339,40589377084.380126953125,4.948986399455843e-09,4.948986399
6461000000.000000,-87.717526607305,-10.265023095911,-97.982549703216,-97.982549703216,40595660269.687309265137,4.466715432765420e-09,4.466715433
6462000000.000000,-87.740668214167,-10.275364171729,-98.016032385896,-98.016032385896,40601943454.994483947754,4.959337194446726e-09,4.959337194
6463000000.000000,-87.759165324856,-10.285705247547,-98.044870572403,-98.044870572403,40608226640.301666259766,5.162929250936116e-09,5.162929251
6464000000.000000,-87.784865344954,-10.296046323365,-98.080911668319,-98.080911668319,40614509825.608848571777,4.902855561858584e-09,4.902855562
6465000000.000000,-87.800094273279,-10.306387399183,-98.106481672462,-98.106481672462,40620793010.916023254395,4.125732498511342e-09,4.125732499
6466000000.000000,-87.816028676950,-10.316728475001,-98.132757151951,-98.132757151951,40627076196.223205566406,4.905856134351084e-09,4.905856134
6467000000.000000,-87.841060928008,-10.327069550819,-98.168130478827,-98.168130478827,40633359381.530387878418,5.078006418741970e-09,5.078006419
6468000000.000000,-87.859158635954,-10.337410626637,-98.196569262591,-98.196569262591,40639642566.837562561035,4.555666769096424e-09,4.555666769
6469000000.000000,-87.877626973388,-10.347751702455,-98.225378675843,-98.225378675843,40645925752.144744873047,4.656592240735461e-09,4.656592241
6470000000.000000,-87.896992948215,-10.358092778273,-98.255085726488,-98.255085726488,40652208937.451919555664,4.908783051131926e-09,4.908783051
6471000000.000000,-87.918630408838,-10.368433854091,-98.287064262929,-98.287064262929,40658492122.759101867676,4.959075822080037e-09,4.959075822
6472000000.000000,-87.938628381264,-10.378774929909,-98.317403311173,-98.317403311173,40664775308.066284179688,4.692413572906446e-09,4.692413573
6473000000.000000,-87.956914865234,-10.389116005728,-98.346030870962,-98.346030870962,40671058493.373458862305,4.610575972413154e-09,4.610575972
6474000000.000000,-87.975884436042,-10.399457081546,-98.375341517588,-98.375341517588,40677341678.680641174316,4.868776466696490e-09,4.868776467
6475000000.000000,-87.997415563117,-10.409798157364,-98.407213720481,-98.407213720481,40683624863.987823486328,5.253040607729715e-09,5.253040608
6476000000.000000,-88.021213939535,-10.420139233182,-98.441353172717,-98.441353172717,40689908049.294998168945,4.399807955358457e-09,4.399807955
6477000000.000000,-88.032023028880,-10.430480309000,-98.462503337880,-98.462503337880,40696191234.602180480957,3.900078102580501e-09,3.900078103
6478000000.000000,-88.049541614761,-10.440821384818,-98.490362999579,-98.490362999579,40702474419.909362792969,4.259330902179627e-09,4.259330902
6479000000.000000,-88.064865207930,-10.451162460636,-98.516027668566,-98.516027668566,40708757605.216537475586,4.566806496256276e-09,4.566806496
6480000000.000000,-88.086247646081,-10.461503536454,-98.547751182535,-98.547751182535,40715040790.523719787598,4.940785612994123e-09,4.940785613
6481000000.000000,-88.106270799433,-10.471844612272,-98.578115411705,-98.578115411705,40721323975.830902099609,4.649047697371188e-09,4.649047697
6482000000.000000,-88.123987150814,-10.482185688090,-98.606172838904,-98.606172838904,40727607161.138076782227,4.623998361994719e-09,4.623998362
6483000000.000000,-88.143695524934,-10.492526763908,-98.636222288842,-98.636222288842,40733890346.445259094238,4.275344890798750e-09,4.275344891
6484000000.000000,-88.157030567580,-10.502867839726,-98.659898407306,-98.659898407306,40740173531.752433776855,4.294976438408681e-09,4.294976438
6485000000.000000,-88.176985639003,-10.513208915544,-98.690194554547,-98.690194554547,40746456717.059616088867,4.511399596493384e-09,4.511399596
6486000000.000000,-88.193040335263,-10.523549991362,-98.716590326625,-98.716590326625,40752739902.366798400879,3.934374966430335e-09,3.934374966
6487000000.000000,-88.205744301331,-10.533891067180,-98.739635368511,-98.739635368511,40759023087.673973083496,4.105998101235303e-09,4.105998101
6488000000.000000,-88.223955677508,-10.544232142999,-98.768187820507,-98.768187820507,40765306272.981155395508,4.322959128063826e-09,4.322959128
6489000000.000000,-88.239386056248,-10.554573218817,-98.793959275065,-98.793959275065,40771589458.288337707520,3.910706389230863e-09,3.910706389
6490000000.000000,-88.252416911723,-10.564914294635,-98.817331206358,-98.817331206358,40777872643.595512390137,3.802106921264040e-09,3.802106921
6491000000.000000,-88.266482589300,-10.575255370453,-98.841737959753,-98.841737959753,40784155828.902694702148,4.294910700969386e-09,4.294910701
6492000000.000000,-88.285706199711,-10.585596446271,-98.871302645982,-98.871302645982,40790439014.209877014160,4.423989817512155e-09,4.423989818
6493000000.000000,-88.301393933305,-10.595937522089,-98.897331455394,-98.897331455394,40796722199.517051696777,4.034163167771634e-09,4.034163168
6494000000.000000,-88.315718837560,-10.606278597907,-98.921997435467,-98.921997435467,40803005384.824234008789,4.230858945240297e-09,4.230858945
6495000000.000000,-88.333878323192,-10.616619673725,-98.950497996917,-98.950497996917,40809288570.131416320801,4.158932206591755e-09,4.158932207
6496000000.000000,-88.347299369392,-10.626960749543,-98.974260118935,-98.974260118935,40815571755.438591003418,3.868581256823283e-09,3.868581257
6497000000.000000,-88.361810197381,-10.637301825361,-98.999112022742,-98.999112022742,40821854940.745773315430,3.401385492573467e-09,3.401385493
6498000000.000000,-88.369360288458,-10.647642901179,-99.017003189637,-99.017003189637,40828138126.052947998047,3.271028863897346e-09,3.271028864
6499000000.000000,-88.382233006739,-10.657983976997,-99.040216983736,-99.040216983736,40834421311.360130310059,3.953062710741609e-09,3.953062711
6500000000.000000,-88.398353787907,-10.668325052815,-99.066678840722,-99.066678840722,40840704496.667312622070,4.211535342711408e-09,4.211535343
